date,symbol,open,high,low,close,prev_close,vwap,volume,turnover,trades,week_52_high,week_52_low
2025-11-02,ACLBSL,,1049.5,1009,1035,,,2431,2505823.9,54,,
2025-11-02,ADBL,,325.9,313,315,,,34431,10855529,214,,
2025-11-02,AHL,,630,604,623,,,6494,4025472.2,123,,
2025-11-02,AHPC,,295.5,287,293.9,,,300058,87576545.8,791,,
2025-11-02,AKJCL,,199.7,192.9,198.7,,,57710,11413966.3,258,,
2025-11-02,AKPL,,258,248.4,257,,,186893,47467155.7,540,,
2025-11-02,ALBSL,,1015.9,985.3,985.3,,,19690,19716437.2,183,,
2025-11-02,ALICL,,500,476,499,,,82692,40482109.5,284,,
2025-11-02,ANLB,,6316.1,6170,6290,,,465,2881053.7,34,,
2025-11-02,API,,295,284,292,,,185519,53973350.8,598,,
2025-11-02,AVYAN,,1024.5,975.2,1019.9,,,3119,3142978,57,,
2025-11-02,BARUN,,337,321,332.5,,,75783,25095550.1,329,,
2025-11-02,BBC,,5024,4854,4897.1,,,401,1978832.1,37,,
2025-11-02,BEDC,,598.7,566.1,584,,,14435,8329571.2,162,,
2025-11-02,BFC,,478.9,445,471.5,,,23596,11025704.4,151,,
2025-11-02,BGWT,,796.6,777,790,,,3560,2806752.6,56,,
2025-11-02,BHCL,,446.7,432,441,,,40403,17824989.3,833,,
2025-11-02,BHDC,,539.8,519.5,533.9,,,118779,62622001,451,,
2025-11-02,BHL,,189.7,182,187,,,106629,19856724.6,548,,
2025-11-02,BHPL,,715.5,692,696,,,1263,899628,17,,
2025-11-02,BNHC,,455,430,439,,,21830,9621688.2,125,,
2025-11-02,BNL,,15900,15900,15900,,,10,159000,1,,
2025-11-02,BNT,,11194.9,10852,11000,,,134,1478029,12,,
2025-11-02,BPCL,,795,765.1,776,,,326140,254823410.3,1049,,
2025-11-02,CBBL,,1005,985,998,,,15349,15269913.8,189,,
2025-11-02,CFCL,,502.8,484,502.8,,,18994,9410750.4,130,,
2025-11-02,CGH,,910,852,910,,,189689,166877139.7,365,,
2025-11-02,CHCL,,514,500,503,,,37649,19002374.2,240,,
2025-11-02,CHDC,,2404,2308,2338,,,53428,125449482.2,511,,
2025-11-02,CHL,,265.4,250,258.2,,,68113,17584585,343,,
2025-11-02,CIT,,1870,1850.1,1865,,,8229,15340081.8,167,,
2025-11-02,CITY,,555,520,542,,,5377,2902112.8,62,,
2025-11-02,CKHL,,624.1,590,617.7,,,2045,1250004.1,54,,
2025-11-02,CLI,,475,457.3,473,,,41273,19445961.3,459,,
2025-11-02,CREST,,1419,1300,1419,,,50755,66879913.7,637,,
2025-11-02,CYCL,,1632,1580,1629,,,1836,2979889.6,75,,
2025-11-02,CZBIL,,212.8,209.3,212.1,,,134705,28477463.5,366,,
2025-11-02,DDBL,,865,825.1,852,,,9862,8392334.5,109,,
2025-11-02,DHPL,,304,291.1,301.4,,,18150,5441649.8,108,,
2025-11-02,DLBS,,1463,1330,1410,,,1433,2001458.3,57,,
2025-11-02,DOLTI,,523.7,513,518.8,,,3147,1628551.9,63,,
2025-11-02,DORDI,,270,241,265,,,238129,61778752.2,1203,,
2025-11-02,EBL,,637.5,623,630.1,,,26776,16892055.4,188,,
2025-11-02,EHPL,,469,441.7,462,,,6149,2845017.7,88,,
2025-11-02,ENL,,943,920,925,,,3019,2787049,42,,
2025-11-02,FMDBL,,956,870,886,,,112430,99925455.2,362,,
2025-11-02,FOWAD,,1124.9,1100,1124.9,,,4542,5062347.1,72,,
2025-11-02,GBIME,,243,234,238,,,236192,56132059.4,735,,
2025-11-02,GBLBS,,780,780,780,,,0,0,0,,
2025-11-02,GCIL,,442,425,437.5,,,13409,5842185.9,175,,
2025-11-02,GFCL,,600,583,597,,,19310,11497186,144,,
2025-11-02,GHL,,228,217,223.7,,,97643,21770544.6,354,,
2025-11-02,GILB,,1248,1187,1248,,,3488,4290028.9,62,,
2025-11-02,GLBSL,,2220,2062.3,2081,,,5004,10726360.1,128,,
2025-11-02,GLH,,272,260.1,270,,,76011,20324652.2,279,,
2025-11-02,GMFBS,,1649,1540,1585,,,1094,1724239.6,36,,
2025-11-02,GMFIL,,481.5,430.1,481.5,,,69220,32431561,271,,
2025-11-02,GMLI,,1953,1865,1916,,,8484,16226227.1,179,,
2025-11-02,GUFL,,528,485,528,,,40270,20600684.1,284,,
2025-11-02,GVL,,540,525,525.5,,,69334,36810598.7,284,,
2025-11-02,HATHY,,974,946,974,,,8049,7758463.3,145,,
2025-11-02,HBL,,202.4,198,200,,,72555,14549372.5,2114,,
2025-11-02,HDHPC,,183.3,177,182.5,,,106136,19253071.3,306,,
2025-11-02,HDL,,1410.5,1384,1397,,,120580,168685144.5,1155,,
2025-11-02,HHL,,355,340.1,352.7,,,44053,15382629.8,182,,
2025-11-02,HIDCL,,280.5,273,277.7,,,155658,43276775,417,,
2025-11-02,HIMSTAR,,646,605.1,646,,,16879,10566557,541,,
2025-11-02,HLBSL,,930,915,917.1,,,2109,1940176,24,,
2025-11-02,HLI,,394.7,372.5,390,,,103004,39818030.9,551,,
2025-11-02,HPPL,,539,510.1,518.9,,,196715,101691866.6,737,,
2025-11-02,HRL,,824.1,801,819.9,,,220545,179681233.1,1366,,
2025-11-02,HURJA,,239.8,220,237,,,191320,44893077,554,,
2025-11-02,ICFC,,660,635,656,,,29119,18890893.5,167,,
2025-11-02,IHL,,534,513,530,,,8267,4342501.5,69,,
2025-11-02,ILBS,,1210,1166.2,1189,,,4472,5261225.6,48,,
2025-11-02,ILI,,468.9,443,463.2,,,49345,22790406.5,518,,
2025-11-02,JBLB,,1447,1406,1435,,,5641,8100672.8,131,,
2025-11-02,JFL,,450,423,448,,,20824,9203088.3,150,,
2025-11-02,JOSHI,,317,306.1,314,,,20078,6306675.5,120,,
2025-11-02,JSLBB,,1225,1188,1207.5,,,813,971221,29,,
2025-11-02,KBL,,190.7,185,189,,,141890,26866211.4,435,,
2025-11-02,KBSH,,1863,1801.1,1839.2,,,233,422565.3,14,,
2025-11-02,KDL,,934.9,900,917,,,4049,3712206.9,59,,
2025-11-02,KKHC,,274,255.8,260,,,74610,19602746.9,284,,
2025-11-02,KMCDB,,1043,989.9,1035.4,,,5590,5727271.5,124,,
2025-11-02,KPCL,,657,588,601.5,,,167503,99911546.4,429,,
2025-11-02,LEC,,212,200,209.7,,,126770,26349926.4,387,,
2025-11-02,LICN,,877,830,874,,,32953,28345870,299,,
2025-11-02,LLBS,,1055.7,990,1036,,,1524,1567926.8,35,,
2025-11-02,LSL,,228.3,221,224.1,,,68539,15368597.9,154,,
2025-11-02,MAKAR,,569.6,556,568.9,,,5700,3215682.1,75,,
2025-11-02,MANDU,,816,801.5,812.1,,,916,744269,28,,
2025-11-02,MATRI,,1027,1012,1012,,,1441,1467362.4,36,,
2025-11-02,MBJC,,290,278.7,284.5,,,14043,4023143.6,256,,
2025-11-02,MBL,,219.9,213,217,,,22977,4993222.7,114,,
2025-11-02,MCHL,,511,488.2,488.5,,,4243,2133121.9,60,,
2025-11-02,MEHL,,414,394,408.9,,,10203,4144242.6,103,,
2025-11-02,MEL,,287,274.1,286.9,,,28457,8022700.8,212,,
2025-11-02,MEN,,642,629.9,636,,,76874,48931708.3,337,,
2025-11-02,MERO,,824,794,813,,,15579,12614205.1,100,,
2025-11-02,MFIL,,615,576.2,603,,,53936,32232251.4,273,,
2025-11-02,MHCL,,424,395,419,,,10405,4318468.6,101,,
2025-11-02,MHL,,502,483.5,491.5,,,31228,15402621.4,203,,
2025-11-02,MHNL,,253.3,243,253.3,,,17602,4386874.8,71,,
2025-11-02,MKCL,,1485.8,1458,1469.9,,,5610,8254832.4,115,,
2025-11-02,MKHC,,384.2,367,381,,,7530,2846381,93,,
2025-11-02,MKHL,,798,741,792.2,,,5250,4066472,62,,
2025-11-02,MKJC,,594,556.7,594,,,121293,70114623.4,358,,
2025-11-02,MLBBL,,1469.9,1436,1460,,,3648,5305403.4,58,,
2025-11-02,MLBS,,1631.9,1530.1,1631.9,,,1598,2515264.1,54,,
2025-11-02,MLBSL,,2100,2051,2093,,,1427,2976510.2,33,,
2025-11-02,MMKJL,,639,608.1,622.5,,,37762,23592015.1,138,,
2025-11-02,MPFL,,550,523.8,549,,,35292,19085015,216,,
2025-11-02,MSHL,,930,905,928.9,,,1235,1137163,51,,
2025-11-02,MSLB,,1389,1348.5,1387.9,,,2523,3470361.6,71,,
2025-11-02,NABIL,,516.1,508,511.1,,,33330,17040192.6,357,,
2025-11-02,NADEP,,790.5,760,780,,,3880,3022566.5,56,,
2025-11-02,NBL,,256,251,252,,,61730,15605238.8,230,,
2025-11-02,NESDO,,1554,1500,1501.1,,,423,649434.4,30,,
2025-11-02,NFS,,665,640,657.5,,,29790,19457651.1,226,,
2025-11-02,NGPL,,396.2,385,391,,,495502,193506082.8,962,,
2025-11-02,NHDL,,712,685.1,705,,,3445,2424094.1,50,,
2025-11-02,NHPC,,202,194,202,,,92586,18486884.4,305,,
2025-11-02,NICA,,327.5,320.2,323.9,,,68588,22212479.3,311,,
2025-11-02,NICLBSL,,573.7,551,570,,,20861,11818966.7,126,,
2025-11-02,NIFRA,,279.9,272.9,275.9,,,185152,50952368.5,710,,
2025-11-02,NIMB,,206.8,202,204.3,,,66708,13591272.3,242,,
2025-11-02,NLIC,,840,790.2,835.1,,,188761,154868525.5,993,,
2025-11-02,NLICL,,639,609,637,,,77326,48152964.4,355,,
2025-11-02,NLO,,244.33,244.33,244.33,,,0,0,0,,
2025-11-02,NMB,,244.4,240,242,,,53253,12845663.7,155,,
2025-11-02,NMBMF,,691.9,681.1,687,,,5630,3862954.9,38,,
2025-11-02,NMFBS,,1269.9,1230,1269.9,,,1706,2135826.1,38,,
2025-11-02,NMLBBL,,665,638,653,,,18742,12237937.8,104,,
2025-11-02,NRIC,,1415,1352.5,1390,,,142016,197535694.1,746,,
2025-11-02,NRM,,445,418.2,440,,,58030,25443466.2,388,,
2025-11-02,NRN,,2074.9,2011.1,2038,,,100339,205199235.3,529,,
2025-11-02,NTC,,881.3,860.1,877,,,14615,12788944,205,,
2025-11-02,NUBL,,764.9,746,756,,,10087,7628153.2,87,,
2025-11-02,NWCL,,825,796.1,810.5,,,1731,1406663,47,,
2025-11-02,NYADI,,430,406.7,421.9,,,42913,17788949.8,173,,
2025-11-02,OHL,,719.8,696,707.9,,,9114,6445124.2,68,,
2025-11-02,OMPL,,1280,1240,1263,,,14222,17971340.7,313,,
2025-11-02,PCBL,,242.9,235.2,241,,,28877,6939068,102,,
2025-11-02,PFL,,411,385,405,,,18988,7604167,162,,
2025-11-02,PHCL,,395,373,395,,,41814,16117111.8,282,,
2025-11-02,PMHPL,,354.2,316.1,354.2,,,165941,57282044.5,546,,
2025-11-02,PMLI,,510,472,510,,,28448,14118420.1,269,,
2025-11-02,PPCL,,328,306,328,,,52310,16770015.2,136,,
2025-11-02,PPL,,342.1,295,342.1,,,392160,126835034.8,1141,,
2025-11-02,PROFL,,500,462,494,,,32591,15775301.2,172,,
2025-11-02,PRVU,,207,201.2,203,,,88708,18031893.7,310,,
2025-11-02,PURE,,827,790,820,,,14471,11797842.3,213,,
2025-11-02,RADHI,,787,755.1,755.1,,,317605,245049738.9,1153,,
2025-11-02,RAWA,,740,715,716.1,,,1135,821351,32,,
2025-11-02,RFPL,,353.9,339,348.1,,,23027,7995893.6,185,,
2025-11-02,RHGCL,,267.9,246.1,264,,,115414,30012067.4,464,,
2025-11-02,RHPL,,277.4,270,273.6,,,29470,8072915,217,,
2025-11-02,RIDI,,239.1,228,236.5,,,99424,23384884.8,282,,
2025-11-02,RLFL,,451.9,425,451.8,,,34877,15383556.9,226,,
2025-11-02,RNLI,,494,476,491,,,195150,94962868.8,654,,
2025-11-02,RSDC,,672,650,659,,,15876,10479541.2,130,,
2025-11-02,RURU,,735,724,727,,,6775,4934799.3,66,,
2025-11-02,SAHAS,,688,670,672.1,,,240028,162557412.5,889,,
2025-11-02,SANIMA,,325.2,315.5,320,,,98266,31598186.1,240,,
2025-11-02,SANVI,,618.9,601,617,,,17364,10625015.7,434,,
2025-11-02,SARBTM,,889.9,873,885,,,20840,18412052.6,149,,
2025-11-02,SBI,,404.9,397.1,401,,,21767,8728246.9,90,,
2025-11-02,SBL,,370,359,367,,,245403,88792775.2,497,,
2025-11-02,SCB,,648.7,630.3,638,,,15940,10130724.3,142,,
2025-11-02,SGHC,,364,334,345.2,,,18998,6648171.4,135,,
2025-11-02,SHEL,,303,290,299,,,332100,99225711.8,704,,
2025-11-02,SHIVM,,589,575,589,,,274916,160353405.7,834,,
2025-11-02,SHL,,557.5,549,552,,,76357,42258807.9,366,,
2025-11-02,SHLB,,1925,1890,1925,,,599,1147447.5,22,,
2025-11-02,SHPC,,536,520,525,,,146451,77391514.2,503,,
2025-11-02,SIFC,,515,483,512,,,34290,17311760.1,157,,
2025-11-02,SIKLES,,680,650,658.5,,,74848,49778522,457,,
2025-11-02,SJCL,,285,275.1,285,,,6439,1818853.7,92,,
2025-11-02,SJLIC,,450.7,425,445,,,68128,29991848,359,,
2025-11-02,SKBBL,,877.2,860.1,875,,,16768,14627364.3,169,,
2025-11-02,SLBBL,,899,870,879,,,10095,8920963.9,87,,
2025-11-02,SLBSL,,1508.1,1350,1508.1,,,26759,36806412.8,296,,
2025-11-02,SMATA,,847.3,816,837,,,25123,20919291,302,,
2025-11-02,SMB,,2289,2192,2192,,,1722,3835496,42,,
2025-11-02,SMFBS,,1785,1720,1775,,,3313,5795576,55,,
2025-11-02,SMH,,805,776,786.1,,,3166,2511136,54,,
2025-11-02,SMHL,,895,852.1,879,,,15239,13208307.4,175,,
2025-11-02,SMJC,,527,512,519,,,13250,6869038,156,,
2025-11-02,SMPDA,,920,907,918.7,,,3075,2805578.5,55,,
2025-11-02,SNLI,,487.9,468,486,,,62615,30145701.6,505,,
2025-11-02,SONA,,428,413,428,,,36625,15492630.5,380,,
2025-11-02,SPC,,490,475,480,,,14513,6983011.6,108,,
2025-11-02,SPDL,,434,404,423,,,473402,201731738.9,1394,,
2025-11-02,SPHL,,552,512.1,530,,,14276,7475687.7,112,,
2025-11-02,SPL,,970,935.1,958.5,,,12455,11960059,43,,
2025-11-02,SRLI,,410,383.1,403,,,94168,37788469,577,,
2025-11-02,SSHL,,178,173,176,,,110310,19420632.7,301,,
2025-11-02,STC,,5348,5180,5189,,,456,2375985.4,26,,
2025-11-02,SWBBL,,829,815,822,,,6212,5116318.7,51,,
2025-11-02,SWMF,,682,669,680,,,6670,4515216.5,71,,
2025-11-02,TAMOR,,499.8,474,489,,,9818,4794916.6,99,,
2025-11-02,TPC,,334.4,310,334.4,,,135003,44235951.3,612,,
2025-11-02,TRH,,733.9,711.1,724.8,,,15084,10881777.2,198,,
2025-11-02,TSHL,,713,696,704,,,4167,2930037.6,59,,
2025-11-02,TTL,,754,725,754,,,33363,24876059.9,812,,
2025-11-02,TVCL,,436,416,435.9,,,7355,3171046.9,107,,
2025-11-02,UHEWA,,586,559,577,,,17022,9893059.5,137,,
2025-11-02,ULBSL,,3875,3545,3874,,,6687,24740274.6,114,,
2025-11-02,ULHC,,455,438.5,455,,,9984,4466047.2,97,,
2025-11-02,UMHL,,545,530.2,542,,,73603,39720615.5,280,,
2025-11-02,UMRH,,580.3,570,574.5,,,9029,5205291.5,59,,
2025-11-02,UNHPL,,549,510,529,,,646245,343055803.3,1377,,
2025-11-02,UNL,,48000,48000,48000,,,10,480000,1,,
2025-11-02,UNLB,,2040,2000,2040,,,1120,2256458,19,,
2025-11-02,UPCL,,392.7,376,384,,,253217,98073176.3,620,,
2025-11-02,UPPER,,184.6,179,182.5,,,68734,12564872.1,399,,
2025-11-02,USHEC,,480,461,472,,,29489,13991616.4,147,,
2025-11-02,USHL,,723,707.1,718.9,,,3852,2752491.3,56,,
2025-11-02,USLB,,2202,2042,2200,,,20721,44026831.3,255,,
2025-11-02,VLBS,,795,772.7,785.2,,,1448,1144316,21,,
2025-11-02,VLUCL,,589.5,567,582,,,5992,3464070.7,70,,
2025-11-03,ACLBSL,,1055,1015,1020,,,923,948720,23,,
2025-11-03,ADBL,,320.3,312,317,,,26537,8347086.8,143,,
2025-11-03,AHL,,623.2,599,605,,,10071,6095282.6,112,,
2025-11-03,AHPC,,295,287,289.8,,,171557,49695824.2,522,,
2025-11-03,AKJCL,,200.9,195,195.2,,,36109,7127661.5,174,,
2025-11-03,AKPL,,259,250,255,,,147594,37305372.6,360,,
2025-11-03,ALBSL,,1001.7,960,970,,,8476,8293144.4,116,,
2025-11-03,ALICL,,502,490,501,,,28449,14086983.4,170,,
2025-11-03,ANLB,,6186.9,6100,6186.9,,,577,3530614.4,31,,
2025-11-03,API,,295.8,286.5,288,,,94495,27403349.4,298,,
2025-11-03,AVYAN,,1029.5,979.9,999,,,1826,1813722,48,,
2025-11-03,BARUN,,350,334,339.9,,,78040,26654305.1,365,,
2025-11-03,BBC,,4980,4881,4947,,,231,1135107,20,,
2025-11-03,BEDC,,595.6,560,569,,,19181,10864983.9,143,,
2025-11-03,BFC,,487,466.1,467,,,12631,6021897.7,132,,
2025-11-03,BGWT,,805,780.5,783,,,1650,1307651.3,32,,
2025-11-03,BHCL,,447.8,429,437,,,32879,14376208.4,564,,
2025-11-03,BHDC,,527.8,515,524.9,,,73696,38380822.4,265,,
2025-11-03,BHL,,190,184.2,185.8,,,101233,18895276.9,396,,
2025-11-03,BHPL,,715,660,681.1,,,5920,3974762.3,84,,
2025-11-03,BNHC,,447,430,438.6,,,9654,4229907.5,78,,
2025-11-03,BNL,,15900,15900,15900,,,0,0,0,,
2025-11-03,BNT,,11001,10888,10888,,,55,602795,5,,
2025-11-03,BPCL,,787.5,756,775,,,130668,100171609.6,473,,
2025-11-03,CBBL,,1020,995,1020,,,26898,26980520.4,212,,
2025-11-03,CFCL,,513,492,504.9,,,12041,6097471.4,99,,
2025-11-03,CGH,,913,891.8,910,,,49209,44186539.7,233,,
2025-11-03,CHCL,,509,495,496,,,31400,15698901.4,218,,
2025-11-03,CHDC,,2380,2293,2364,,,51577,121348671.9,463,,
2025-11-03,CHL,,267.2,253.1,258.9,,,64554,16670395.1,264,,
2025-11-03,CIT,,1899,1840,1850,,,10615,19672841.3,239,,
2025-11-03,CITY,,552,536,542,,,4402,2389874.2,60,,
2025-11-03,CKHL,,618,590,610,,,2070,1247293,31,,
2025-11-03,CLI,,481,465.1,470,,,35499,16779991.4,305,,
2025-11-03,CREST,,1420,1322.2,1335,,,33686,45030980.2,453,,
2025-11-03,CYCL,,1615,1599,1609,,,1761,2829129.6,45,,
2025-11-03,CZBIL,,203.9,200.4,202,,,50517,10228909.5,150,,
2025-11-03,DDBL,,864,842.8,850,,,7558,6442304.6,71,,
2025-11-03,DHPL,,307,292,297.8,,,7973,2356646,56,,
2025-11-03,DLBS,,1400,1347,1347,,,1388,1899034.5,59,,
2025-11-03,DOLTI,,529.1,510,519.9,,,2067,1069805,42,,
2025-11-03,DORDI,,270.3,255.1,257,,,146825,38237245,626,,
2025-11-03,EBL,,639,624,633,,,23526,14886368.4,161,,
2025-11-03,EHPL,,453,415.8,415.8,,,54220,22566609,328,,
2025-11-03,ENL,,945,918,930,,,1319,1224132,28,,
2025-11-03,FMDBL,,894,863.1,870,,,64205,55998743.6,241,,
2025-11-03,FOWAD,,1147.2,1105,1115,,,1333,1486754.9,32,,
2025-11-03,GBIME,,237.9,233.1,233.4,,,106551,24949589.2,426,,
2025-11-03,GBLBS,,780,780,780,,,0,0,0,,
2025-11-03,GCIL,,451.6,436,440.5,,,23610,10477561.6,238,,
2025-11-03,GFCL,,623,597,608,,,15408,9431932.6,120,,
2025-11-03,GHL,,228,218.5,219,,,83718,18581310.2,261,,
2025-11-03,GILB,,1250,1210,1235,,,3229,3959477.5,58,,
2025-11-03,GLBSL,,2081,2021,2040,,,2147,4390853.9,48,,
2025-11-03,GLH,,274,260,263.9,,,33963,8966488.9,179,,
2025-11-03,GMFBS,,1616,1535,1556,,,1345,2119894,21,,
2025-11-03,GMFIL,,504,473,483,,,41108,19939800.1,221,,
2025-11-03,GMLI,,1929.9,1892,1895,,,3012,5734046.6,84,,
2025-11-03,GUFL,,561,530,539.1,,,40811,22380598.8,328,,
2025-11-03,GVL,,534,511.1,517,,,53319,27678681,230,,
2025-11-03,HATHY,,982.9,960,963,,,9990,9661682.2,142,,
2025-11-03,HBL,,202,197,199,,,49743,9898040.7,1420,,
2025-11-03,HDHPC,,185.4,180.1,181,,,77014,14040666.6,292,,
2025-11-03,HDL,,1408,1390,1390,,,76265,106669291.8,816,,
2025-11-03,HHL,,360,345,346,,,29710,10403484.7,157,,
2025-11-03,HIDCL,,281.9,272.3,273.8,,,127510,35030519.3,302,,
2025-11-03,HIMSTAR,,650,626,635,,,9340,5928805.6,324,,
2025-11-03,HLBSL,,934,903,905,,,3675,3340634.3,42,,
2025-11-03,HLI,,397,384,387,,,68022,26559622.9,387,,
2025-11-03,HPPL,,518,495.5,506.9,,,146250,73642313.4,630,,
2025-11-03,HRL,,850,803.6,839,,,281018,235995285.7,2096,,
2025-11-03,HURJA,,239.9,230.3,231,,,117836,27607854.7,310,,
2025-11-03,ICFC,,665,648.2,660,,,16333,10714267.4,126,,
2025-11-03,IHL,,546.9,524,527.3,,,8052,4307053.8,76,,
2025-11-03,ILBS,,1195,1142.2,1142.2,,,4728,5465548.7,67,,
2025-11-03,ILI,,468.7,457.5,457.6,,,26753,12363115.8,295,,
2025-11-03,JBLB,,1450,1424,1430,,,4330,6215426,103,,
2025-11-03,JFL,,457,438.1,445,,,12152,5445464.4,110,,
2025-11-03,JOSHI,,326,310,311.5,,,24573,7778189.4,207,,
2025-11-03,JSLBB,,1231,1182,1199.7,,,312,372389.2,8,,
2025-11-03,KBL,,190.2,187.2,187.9,,,113644,21431194,374,,
2025-11-03,KBSH,,1869,1810,1810,,,431,783703,18,,
2025-11-03,KDL,,928.9,911.1,928,,,434,398435.9,22,,
2025-11-03,KKHC,,262.5,249,251.9,,,35754,9061734.9,183,,
2025-11-03,KMCDB,,1054,995.1,1019.7,,,3258,3306028,54,,
2025-11-03,KPCL,,597.8,576.1,580.1,,,51424,29973834.4,228,,
2025-11-03,LEC,,212,202,204,,,100468,20671149,260,,
2025-11-03,LICN,,888,858,875,,,20212,17603957.9,209,,
2025-11-03,LLBS,,1020,1000,1000,,,140,142121,6,,
2025-11-03,LSL,,227,222,222.6,,,58649,13153905.8,165,,
2025-11-03,MAKAR,,580,553,559.9,,,3068,1714502,47,,
2025-11-03,MANDU,,820,801,817.8,,,2143,1744473.1,40,,
2025-11-03,MATRI,,1020,996,1000,,,596,600170,17,,
2025-11-03,MBJC,,290,280,285,,,18438,5219152.3,237,,
2025-11-03,MBL,,220,213.2,219.5,,,46374,10100309.8,122,,
2025-11-03,MCHL,,528,490,502,,,5210,2581448,61,,
2025-11-03,MEHL,,410,400,402.6,,,5604,2266327,71,,
2025-11-03,MEL,,288.6,278,281,,,12291,3460498.1,143,,
2025-11-03,MEN,,642,623.3,626.2,,,40644,25643130.2,200,,
2025-11-03,MERO,,805,780,788,,,15222,12031431.3,142,,
2025-11-03,MFIL,,622,593,596,,,26567,16082715.2,174,,
2025-11-03,MHCL,,425,405,412.9,,,5663,2330099.7,69,,
2025-11-03,MHL,,504,483,487,,,35598,17620451.3,189,,
2025-11-03,MHNL,,253.3,241,252.8,,,6644,1651351.5,51,,
2025-11-03,MKCL,,1616.8,1432,1616.8,,,9968,14623793.1,137,,
2025-11-03,MKHC,,389.5,373.5,374.5,,,4792,1817329.5,58,,
2025-11-03,MKHL,,785,762.2,785,,,3272,2521416,47,,
2025-11-03,MKJC,,593.6,577.1,593,,,58973,34550511.1,191,,
2025-11-03,MLBBL,,1489,1470,1479,,,6704,9886496,75,,
2025-11-03,MLBS,,1613,1565,1590,,,867,1380610,23,,
2025-11-03,MLBSL,,2075,2040,2044.3,,,1043,2143539.3,34,,
2025-11-03,MMKJL,,634.9,603.1,606,,,13073,7968063.8,80,,
2025-11-03,MPFL,,559.9,539,544.1,,,21777,11997760.7,152,,
2025-11-03,MSHL,,925,910,923,,,1263,1152168,25,,
2025-11-03,MSLB,,1413.9,1335,1398.9,,,4537,6296617.4,72,,
2025-11-03,NABIL,,517,510.1,513.1,,,32079,16515996.3,319,,
2025-11-03,NADEP,,778,765,765,,,2746,2105765.3,38,,
2025-11-03,NBL,,257,249,253,,,45400,11483184.2,130,,
2025-11-03,NESDO,,1520,1486.2,1510,,,556,832635.1,26,,
2025-11-03,NFS,,670,650,652,,,11026,7287654.7,130,,
2025-11-03,NGPL,,397,384,387.2,,,403121,156828514.7,738,,
2025-11-03,NHDL,,710,679,700,,,8981,6285742.8,51,,
2025-11-03,NHPC,,204,195.2,197,,,40077,8005214.7,205,,
2025-11-03,NICA,,330,321.2,324,,,43294,14103738.8,234,,
2025-11-03,NICLBSL,,580,564,573.9,,,9622,5524661.1,123,,
2025-11-03,NIFRA,,278.5,270,270.8,,,151764,41389368.9,585,,
2025-11-03,NIMB,,206.8,200.6,201.9,,,63181,12780260.8,238,,
2025-11-03,NLIC,,846,819,824.1,,,88330,73488360.1,525,,
2025-11-03,NLICL,,640,621.6,628,,,32964,20810241.7,139,,
2025-11-03,NLO,,244.33,244.33,244.33,,,0,0,0,,
2025-11-03,NMB,,244.7,240.5,241,,,32308,7815771.6,96,,
2025-11-03,NMBMF,,678,665,670.4,,,1683,1126817.2,24,,
2025-11-03,NMFBS,,1285,1261,1270,,,2466,3124074.1,37,,
2025-11-03,NMLBBL,,668.5,651,654,,,17519,11522155.3,79,,
2025-11-03,NRIC,,1407,1365,1379,,,86270,119015339.8,548,,
2025-11-03,NRM,,448.7,431.2,434,,,45488,20024678.6,311,,
2025-11-03,NRN,,2099,2017,2095,,,164411,339492523.6,677,,
2025-11-03,NTC,,881.8,864.1,880,,,24545,21513252.6,231,,
2025-11-03,NUBL,,765,752.6,755,,,4795,3634804,39,,
2025-11-03,NWCL,,813,796.3,812,,,482,387812.6,23,,
2025-11-03,NYADI,,425,409.3,412,,,8485,3518548.4,76,,
2025-11-03,OHL,,731.9,700,724,,,10281,7398401.2,85,,
2025-11-03,OMPL,,1288,1245,1246,,,8900,11202304.2,214,,
2025-11-03,PCBL,,243.9,237,241,,,45704,10985832.7,139,,
2025-11-03,PFL,,412.8,397.2,403,,,13608,5528369.1,129,,
2025-11-03,PHCL,,395,372.1,376.5,,,33780,12786604.3,234,,
2025-11-03,PMHPL,,358.5,338,353.8,,,108060,37478642.3,418,,
2025-11-03,PMLI,,513,486.2,499.4,,,31405,15607891.3,202,,
2025-11-03,PPCL,,332.9,322,331.9,,,42951,14018490,147,,
2025-11-03,PPL,,342,328.8,334,,,152760,51132488.6,540,,
2025-11-03,PROFL,,501,483.1,488,,,13949,6869017.9,91,,
2025-11-03,PRVU,,204,200.1,200.9,,,89975,18167270,275,,
2025-11-03,PURE,,835,802,806,,,15514,12681538.1,228,,
2025-11-03,RADHI,,780,751.1,775,,,321965,246199384,936,,
2025-11-03,RAWA,,744.5,710.5,741.1,,,968,702964,32,,
2025-11-03,RFPL,,378,348.5,364.5,,,41885,15304669.6,364,,
2025-11-03,RHGCL,,269,253.1,257.5,,,53881,13874624.5,268,,
2025-11-03,RHPL,,276,270,272,,,23804,6469237.4,183,,
2025-11-03,RIDI,,240.6,233.2,236,,,68950,16251491.1,211,,
2025-11-03,RLFL,,461,439,441.3,,,19759,8867298,157,,
2025-11-03,RNLI,,493,481.2,487.9,,,126777,61968732.3,480,,
2025-11-03,RSDC,,659,637,641,,,16476,10588798.5,141,,
2025-11-03,RURU,,733,715,730.5,,,44081,32026592.5,107,,
2025-11-03,SAHAS,,675.9,662,665,,,204249,136448747.2,689,,
2025-11-03,SANIMA,,326.4,318.1,321,,,106509,34350234.6,224,,
2025-11-03,SANVI,,624.5,600,608,,,18997,11471327.4,280,,
2025-11-03,SARBTM,,899.9,879,885,,,22362,19873719.5,161,,
2025-11-03,SBI,,404.8,397,402,,,15862,6366537.4,78,,
2025-11-03,SBL,,349.5,345,345,,,64848,22490717.5,156,,
2025-11-03,SCB,,647,632.2,643,,,23579,15028797.9,148,,
2025-11-03,SGHC,,352,330,341.5,,,6932,2326154,75,,
2025-11-03,SHEL,,302.7,291,300.1,,,285469,85049511.8,593,,
2025-11-03,SHIVM,,617,590,613.1,,,619114,376824494.8,2050,,
2025-11-03,SHL,,555,538.1,548,,,47749,26255109.5,230,,
2025-11-03,SHLB,,1961,1850,1863.3,,,1440,2707470.2,32,,
2025-11-03,SHPC,,531.9,518.5,520.8,,,84866,44473116.6,350,,
2025-11-03,SIFC,,522.2,498,504.9,,,17322,8826173.4,133,,
2025-11-03,SIKLES,,698.4,645.4,659,,,48447,31987427.5,265,,
2025-11-03,SJCL,,295.8,281.1,287.6,,,7194,2078033.6,63,,
2025-11-03,SJLIC,,452,436.6,439.1,,,26307,11649456,176,,
2025-11-03,SKBBL,,890,866,872,,,14068,12318456.3,121,,
2025-11-03,SLBBL,,891,866,875,,,6612,5804476,84,,
2025-11-03,SLBSL,,1478,1357.3,1397,,,17885,24651731.5,268,,
2025-11-03,SMATA,,854.2,800,825.9,,,38006,31123940.6,283,,
2025-11-03,SMB,,2207.9,2172,2207.9,,,723,1584575,28,,
2025-11-03,SMFBS,,1808,1740,1740,,,444,779077.2,12,,
2025-11-03,SMH,,799.9,770,784,,,1512,1175711.6,32,,
2025-11-03,SMHL,,885,830,842,,,14909,12504376.2,140,,
2025-11-03,SMJC,,520,503.8,503.8,,,11423,5848696.2,140,,
2025-11-03,SMPDA,,963,900.4,938,,,9651,8904289.1,127,,
2025-11-03,SNLI,,489,475,480,,,74993,36115225,436,,
2025-11-03,SONA,,440.1,420,431,,,46377,19997947.9,383,,
2025-11-03,SPC,,488.9,475,476.5,,,5139,2454102.6,62,,
2025-11-03,SPDL,,438,422.1,437,,,562831,243101561.2,1439,,
2025-11-03,SPHL,,553.4,515,529,,,22178,11669134.8,107,,
2025-11-03,SPL,,950.1,931,950,,,1668,1572682.4,32,,
2025-11-03,SRLI,,411,394.5,399,,,51502,20706590.6,347,,
2025-11-03,SSHL,,179.4,175.5,178,,,70750,12541379.9,207,,
2025-11-03,STC,,5280.9,5185,5185,,,671,3499215,30,,
2025-11-03,SWBBL,,822,813.3,813.3,,,4784,3902777.2,38,,
2025-11-03,SWMF,,693.6,670,682,,,5355,3635142.4,51,,
2025-11-03,TAMOR,,495,475.8,484,,,12720,6141974.5,139,,
2025-11-03,TPC,,346.6,331,334,,,120910,41029994.3,435,,
2025-11-03,TRH,,748,716.1,733.7,,,14914,10865297.5,137,,
2025-11-03,TSHL,,720,700,705,,,3284,2323440.7,53,,
2025-11-03,TTL,,765,736.3,743,,,19959,14930132,525,,
2025-11-03,TVCL,,444,415.2,420.5,,,7325,3089378.2,73,,
2025-11-03,UHEWA,,612,577,595,,,22780,13390562.5,162,,
2025-11-03,ULBSL,,4014.9,3735,3976.9,,,3280,12599964,90,,
2025-11-03,ULHC,,455.1,444,449,,,5875,2637777,67,,
2025-11-03,UMHL,,550,532.3,535,,,197096,105979229.3,290,,
2025-11-03,UMRH,,579,567,571,,,12883,7368650.3,56,,
2025-11-03,UNHPL,,546.6,529,534,,,439125,236265547.5,1143,,
2025-11-03,UNL,,47500,47500,47500,,,10,475000,1,,
2025-11-03,UNLB,,2040,1960,2017,,,1959,3887096.1,39,,
2025-11-03,UPCL,,392,378.5,380,,,226375,86962335.9,582,,
2025-11-03,UPPER,,184.2,180.1,181,,,57523,10488096.9,284,,
2025-11-03,USHEC,,475,463,469,,,15642,7327256.4,84,,
2025-11-03,USHL,,724.8,703.7,715,,,1685,1197606.4,27,,
2025-11-03,USLB,,2270,1990,2100,,,40913,86779560.1,273,,
2025-11-03,VLBS,,800.9,771.5,785,,,1148,906030.5,28,,
2025-11-03,VLUCL,,580,560.7,570,,,12121,6902404.6,103,,
2025-11-04,ACLBSL,,1040,1007,1007,,,801,810648.6,29,,
2025-11-04,ADBL,,322,309.1,312,,,56192,17517405.3,202,,
2025-11-04,AHL,,637,593,616,,,4339,2632444.5,93,,
2025-11-04,AHPC,,291.4,283.3,286.5,,,200812,57509692.6,420,,
2025-11-04,AKJCL,,197.9,190.2,190.2,,,41445,7963914,175,,
2025-11-04,AKPL,,255.9,247,247.1,,,125792,31544855.1,317,,
2025-11-04,ALBSL,,980,943,971,,,19680,18828245,163,,
2025-11-04,ALICL,,500,485.3,487,,,18311,8994514.4,120,,
2025-11-04,ANLB,,6176,6063.2,6176,,,337,2064785.3,32,,
2025-11-04,API,,290.5,284,284,,,62787,17970410.7,243,,
2025-11-04,AVYAN,,1049,970,1049,,,4971,4930947.7,88,,
2025-11-04,BARUN,,345,330,334,,,37069,12523829.1,183,,
2025-11-04,BBC,,4953.9,4852,4939,,,484,2375316,34,,
2025-11-04,BEDC,,580.3,550,565.1,,,17444,9805824.3,102,,
2025-11-04,BFC,,482.9,455,455.1,,,16334,7590249.5,91,,
2025-11-04,BGWT,,797,766.2,783.6,,,3993,3088287.6,53,,
2025-11-04,BHCL,,445.5,420,427,,,21850,9433240.5,529,,
2025-11-04,BHDC,,559,524.9,558.4,,,171197,93762878.9,843,,
2025-11-04,BHL,,187,182.3,183.8,,,52318,9616981.2,257,,
2025-11-04,BHPL,,693,660,670,,,494,331129.5,13,,
2025-11-04,BNHC,,440,423.1,429,,,16266,6977238,82,,
2025-11-04,BNL,,15900,15900,15900,,,0,0,0,,
2025-11-04,BNT,,11099.9,10700,10713,,,130,1412382,12,,
2025-11-04,BPCL,,790.5,751.1,754.2,,,165109,126350611.3,539,,
2025-11-04,CBBL,,1032,999.7,999.7,,,24288,24559168.5,158,,
2025-11-04,CFCL,,509.9,485,489.5,,,6742,3309896.9,45,,
2025-11-04,CGH,,983,891.8,924.9,,,169476,153132430.5,387,,
2025-11-04,CHCL,,500,490.1,494.9,,,20821,10282849.3,153,,
2025-11-04,CHDC,,2405,2335,2360,,,34940,83117650.9,359,,
2025-11-04,CHL,,260,248.2,250,,,34321,8659357.7,170,,
2025-11-04,CIT,,1852,1826.1,1838,,,11038,20308058.5,252,,
2025-11-04,CITY,,585,526.1,526.2,,,5905,3173049.3,88,,
2025-11-04,CKHL,,600,587.3,588,,,510,301700,20,,
2025-11-04,CLI,,472,462,465,,,16112,7514838.2,247,,
2025-11-04,CREST,,1340,1300,1300,,,19829,26004988.9,357,,
2025-11-04,CYCL,,1675,1577.3,1600,,,1646,2633063.6,61,,
2025-11-04,CZBIL,,202.3,199,202.2,,,46494,9296756.8,149,,
2025-11-04,DDBL,,861,841,841,,,5412,4567177.9,49,,
2025-11-04,DHPL,,293.7,285,292,,,5128,1485442.6,39,,
2025-11-04,DLBS,,1428,1325,1333,,,1135,1521998.7,35,,
2025-11-04,DOLTI,,519.6,502,509.8,,,4829,2443728.5,60,,
2025-11-04,DORDI,,261,253,255,,,94992,24438251.2,365,,
2025-11-04,EBL,,635,629.5,631,,,18856,11898079.1,139,,
2025-11-04,EHPL,,445,385,422,,,341830,138223309,1108,,
2025-11-04,ENL,,940,906.5,909,,,1539,1401691,26,,
2025-11-04,FMDBL,,957,857,950,,,104330,90832844.9,322,,
2025-11-04,FOWAD,,1132,1097,1100,,,2314,2549747.6,41,,
2025-11-04,GBIME,,235,230,230.2,,,108580,25188259,364,,
2025-11-04,GBLBS,,780,780,780,,,0,0,0,,
2025-11-04,GCIL,,449,430,431.8,,,20315,8923217.3,171,,
2025-11-04,GFCL,,609,590,598.8,,,5485,3276821.2,57,,
2025-11-04,GHL,,224,215.3,217,,,41368,9010175.1,181,,
2025-11-04,GILB,,1246,1210,1210,,,549,668092.7,16,,
2025-11-04,GLBSL,,2077.9,2018.8,2050.2,,,1432,2922072.7,42,,
2025-11-04,GLH,,270,265.2,266.9,,,64980,17359967.3,269,,
2025-11-04,GMFBS,,1587.1,1525,1587.1,,,1322,2053036.4,32,,
2025-11-04,GMFIL,,492.6,456,469.9,,,37310,17420830.7,135,,
2025-11-04,GMLI,,1905,1872.1,1872.1,,,3441,6514544,77,,
2025-11-04,GUFL,,547,519,520,,,12871,6798884.4,101,,
2025-11-04,GVL,,522.5,507,510,,,70239,36176253,181,,
2025-11-04,HATHY,,975,941,954.3,,,10098,9581160.1,107,,
2025-11-04,HBL,,199,197,199,,,67980,13438005.5,970,,
2025-11-04,HDHPC,,183,176.4,176.9,,,26805,4782550.8,165,,
2025-11-04,HDL,,1400,1370,1377,,,95630,132320385.2,981,,
2025-11-04,HHL,,350,340.1,342,,,17905,6177934.2,96,,
2025-11-04,HIDCL,,275,267,268,,,112866,30464084.3,294,,
2025-11-04,HIMSTAR,,636,617.4,624,,,7138,4435386.8,251,,
2025-11-04,HLBSL,,906,890,890,,,1817,1625097.4,30,,
2025-11-04,HLI,,390,379.5,382,,,46169,17774108.3,274,,
2025-11-04,HPPL,,509.3,490,490,,,104316,51886253.7,394,,
2025-11-04,HRL,,850,814,817,,,158133,130671603.3,1240,,
2025-11-04,HURJA,,235.6,223,227,,,73461,16737851.7,208,,
2025-11-04,ICFC,,667.9,645,645,,,11558,7505775.7,83,,
2025-11-04,IHL,,537.8,517,517.3,,,7743,4024146.2,80,,
2025-11-04,ILBS,,1165,1119.2,1147.9,,,6230,7048858.8,59,,
2025-11-04,ILI,,457,451.3,455,,,10963,4982403.1,207,,
2025-11-04,JBLB,,1430,1402,1406,,,3096,4378198.5,96,,
2025-11-04,JFL,,465,439,444,,,11729,5270303.6,98,,
2025-11-04,JOSHI,,324.1,312,320,,,49180,15698163.4,351,,
2025-11-04,JSLBB,,1199.8,1180,1199.8,,,715,845726,15,,
2025-11-04,KBL,,189,185.5,185.9,,,91705,17133123.1,278,,
2025-11-04,KBSH,,1817.7,1782.1,1817.7,,,22,39562.2,3,,
2025-11-04,KDL,,929,897,900,,,10146,9159897.4,98,,
2025-11-04,KKHC,,266,252.8,256.8,,,33890,8823062.9,240,,
2025-11-04,KMCDB,,1039.9,995,995,,,1238,1237978.2,37,,
2025-11-04,KPCL,,625,568.5,577,,,69218,39797477.4,167,,
2025-11-04,LEC,,207,200,200.9,,,86236,17437707.3,209,,
2025-11-04,LICN,,879,851,859,,,9538,8189695.6,122,,
2025-11-04,LLBS,,1005.7,975.1,989.9,,,638,628601,15,,
2025-11-04,LSL,,226,221.3,224,,,52825,11787472.9,136,,
2025-11-04,MABEL,,349.4,317.7,349.4,,,110,36858,11,,
2025-11-04,MAKAR,,569,542.1,552.4,,,2848,1560113.4,44,,
2025-11-04,MANDU,,815.8,792,797.1,,,3445,2761975,48,,
2025-11-04,MATRI,,987.1,980.2,980.2,,,963,948890.9,30,,
2025-11-04,MBJC,,287,278,280,,,18547,5224357.2,212,,
2025-11-04,MBL,,221.8,213,216,,,93461,20195309.9,129,,
2025-11-04,MCHL,,511,486,490,,,3284,1633850.5,33,,
2025-11-04,MEHL,,400,390.3,394.9,,,6786,2679152,63,,
2025-11-04,MEL,,284.9,275.4,276.2,,,6309,1751186.7,89,,
2025-11-04,MEN,,638.9,621,624.9,,,52459,32868141.6,214,,
2025-11-04,MERO,,800,770,772.5,,,6465,5034270.2,77,,
2025-11-04,MFIL,,610,585.1,588,,,14634,8675962.9,91,,
2025-11-04,MHCL,,412,401,410,,,7738,3127703.9,70,,
2025-11-04,MHL,,496,480.3,483,,,16026,7820153.6,130,,
2025-11-04,MHNL,,257.8,242,247.7,,,12340,3030984,66,,
2025-11-04,MKCL,,1616.8,1455.2,1455.2,,,50443,74931867.7,644,,
2025-11-04,MKHC,,379.9,360.2,369.8,,,4170,1529399,49,,
2025-11-04,MKHL,,833,743,780,,,1097,844212.2,44,,
2025-11-04,MKJC,,594,580,587,,,33492,19676425.4,131,,
2025-11-04,MLBBL,,1500,1470,1485,,,4638,6870812.3,53,,
2025-11-04,MLBS,,1610,1500,1546.3,,,2032,3086902,39,,
2025-11-04,MLBSL,,2085.9,2000,2039.9,,,1259,2544327.7,48,,
2025-11-04,MMKJL,,643,600,610,,,2746,1676044.4,49,,
2025-11-04,MPFL,,550,525,532,,,13601,7244987.1,99,,
2025-11-04,MSHL,,910,890.2,895,,,1478,1327955,26,,
2025-11-04,MSLB,,1402.6,1362.1,1393.3,,,6234,8574979.2,46,,
2025-11-04,NABIL,,517.9,511.1,511.1,,,27560,14170430.6,229,,
2025-11-04,NADEP,,765,745.8,747.1,,,1730,1297267.5,22,,
2025-11-04,NBL,,253,249,249.9,,,35576,8890132.3,125,,
2025-11-04,NESDO,,1525,1482,1483,,,420,628716.5,15,,
2025-11-04,NFS,,669,639,639,,,19137,12449942.5,136,,
2025-11-04,NGPL,,394.9,380.5,383.6,,,196638,75685688,499,,
2025-11-04,NHDL,,691,687.1,687.1,,,4307,2970786.1,26,,
2025-11-04,NHPC,,198,193.6,194,,,38881,7600109.8,150,,
2025-11-04,NICA,,328,320,321,,,38008,12279041.4,189,,
2025-11-04,NICLBSL,,570,557,564,,,4239,2386422.7,94,,
2025-11-04,NIFRA,,273,267,268,,,120815,32516139.9,491,,
2025-11-04,NIMB,,203.3,200.1,201,,,53400,10725190.6,197,,
2025-11-04,NLIC,,839.8,808,809,,,69111,56339795.3,388,,
2025-11-04,NLICL,,625,615,615.2,,,13667,8449826.8,81,,
2025-11-04,NLO,,244.33,244.33,244.33,,,0,0,0,,
2025-11-04,NMB,,243,239.4,243,,,33288,8011171.3,103,,
2025-11-04,NMBMF,,670.1,660,660.2,,,919,606913,14,,
2025-11-04,NMFBS,,1270,1261.2,1261.2,,,697,883137.5,14,,
2025-11-04,NMLBBL,,663,640,640,,,14015,9028254.5,49,,
2025-11-04,NRIC,,1390,1337,1349.8,,,122998,166472545,658,,
2025-11-04,NRM,,441.9,421,421.2,,,25691,10976328.8,217,,
2025-11-04,NRN,,2168.5,2101,2120.1,,,126447,270098572.7,960,,
2025-11-04,NTC,,885,875,876.9,,,19494,17127438.2,170,,
2025-11-04,NUBL,,755,743.1,743.1,,,5918,4411292.1,37,,
2025-11-04,NWCL,,810.9,795,810.9,,,1582,1271030,35,,
2025-11-04,NYADI,,431,397.6,400,,,10398,4235487,109,,
2025-11-04,OHL,,730,706,717.5,,,8983,6447004,67,,
2025-11-04,OMPL,,1251,1215,1216.1,,,6224,7646200.7,200,,
2025-11-04,PCBL,,241,238.5,239,,,38535,9242517.9,90,,
2025-11-04,PFL,,404,388.7,388.7,,,7598,2991426.6,74,,
2025-11-04,PHCL,,394,370,371,,,12375,4623819.9,112,,
2025-11-04,PMHPL,,353.7,335,335,,,70567,24016575.7,312,,
2025-11-04,PMLI,,502,490.5,499.4,,,15296,7597728,181,,
2025-11-04,PPCL,,335.4,322.2,327.2,,,26960,8870133.1,95,,
2025-11-04,PPL,,362,327.4,348.2,,,229176,78784356.3,698,,
2025-11-04,PROFL,,495,475.1,475.3,,,13830,6653621.7,89,,
2025-11-04,PRVU,,203,198.1,199.1,,,82907,16551442.4,294,,
2025-11-04,PURE,,818,785,785,,,11675,9258807.5,175,,
2025-11-04,RADHI,,800,766.1,770,,,287357,224665962.2,894,,
2025-11-04,RAWA,,739.7,715.1,739,,,200,145875,11,,
2025-11-04,RFPL,,364.5,355,360,,,15673,5637617,142,,
2025-11-04,RHGCL,,261,247,248,,,44340,11134492.8,188,,
2025-11-04,RHPL,,274.9,268.3,270,,,46274,12544390.4,175,,
2025-11-04,RIDI,,238,227,227.5,,,92213,21186147.4,232,,
2025-11-04,RLFL,,452,430.1,435,,,22586,9983171.6,108,,
2025-11-04,RNLI,,505,478.3,483,,,79703,38648677,434,,
2025-11-04,RSDC,,641,630,630.1,,,16594,10520179.8,109,,
2025-11-04,RURU,,760,720.1,744,,,56036,41352090.9,232,,
2025-11-04,SAHAS,,675,651.7,657.1,,,133962,88560523.6,579,,
2025-11-04,SANIMA,,324.9,317,317,,,80363,25725740.5,179,,
2025-11-04,SANVI,,620,591.1,594.6,,,8077,4865696.7,246,,
2025-11-04,SARBTM,,891,869,869,,,19973,17529851.7,101,,
2025-11-04,SBI,,426,397.7,400,,,25835,10474135.5,70,,
2025-11-04,SBL,,346,339.2,340,,,255671,87220526.1,181,,
2025-11-04,SCB,,644,635.2,637,,,15878,10125077.8,116,,
2025-11-04,SGHC,,337,330.1,330.5,,,6899,2289666.8,66,,
2025-11-04,SHEL,,311.9,301.1,307.9,,,600999,184562502.8,1509,,
2025-11-04,SHIVM,,623.2,607,611,,,297315,182806732.2,1140,,
2025-11-04,SHL,,558.9,537.1,544,,,35815,19554437.6,161,,
2025-11-04,SHLB,,1897,1855.1,1897,,,825,1541956.7,15,,
2025-11-04,SHPC,,531.2,511.1,512,,,57298,29692636,244,,
2025-11-04,SIFC,,510,490,490,,,9398,4663797.6,80,,
2025-11-04,SIKLES,,671,641.1,648,,,32261,20994701.7,202,,
2025-11-04,SJCL,,292.7,282.1,285.4,,,1780,505086,53,,
2025-11-04,SJLIC,,442,432.4,434,,,15666,6827165.5,141,,
2025-11-04,SKBBL,,889,862.3,867,,,8881,7707890.5,112,,
2025-11-04,SLBBL,,886.9,850.2,863.9,,,9327,8049959.9,90,,
2025-11-04,SLBSL,,1392,1321,1368,,,2383,3232363.3,55,,
2025-11-04,SMATA,,825,800,811,,,20031,16164784.6,250,,
2025-11-04,SMB,,2225,2130,2162,,,919,1979502.6,41,,
2025-11-04,SMFBS,,1769,1682,1734,,,1108,1887836.6,25,,
2025-11-04,SMH,,794.7,755.1,766,,,5018,3839551,27,,
2025-11-04,SMHL,,858,811,834,,,10480,8645315.6,118,,
2025-11-04,SMJC,,513,498.5,499,,,15964,8007242.2,128,,
2025-11-04,SMPDA,,993,906,990,,,16310,15219250.5,199,,
2025-11-04,SNLI,,485.9,470,474.9,,,49540,23584511.4,372,,
2025-11-04,SONA,,436,418.7,419,,,42507,18093806.8,297,,
2025-11-04,SPC,,478,466,470,,,4888,2307927.5,50,,
2025-11-04,SPDL,,444,418,423.9,,,257687,110738988.2,801,,
2025-11-04,SPHL,,539.5,516,516.1,,,3074,1603937,36,,
2025-11-04,SPL,,956.7,936,949.9,,,814,767751,22,,
2025-11-04,SRLI,,406.7,395.2,395.3,,,23369,9308139.9,226,,
2025-11-04,SSHL,,178,175,175,,,44559,7832924.2,202,,
2025-11-04,STC,,5250,5174,5210,,,1774,9264310,27,,
2025-11-04,SWBBL,,806.1,798.1,798.1,,,5564,4458180.8,51,,
2025-11-04,SWMF,,680,670,679,,,4952,3335177.1,39,,
2025-11-04,TAMOR,,492,467.5,471,,,26788,12701903.4,143,,
2025-11-04,TPC,,339,326,327.2,,,57512,18985987.7,245,,
2025-11-04,TRH,,737,719.1,724,,,9178,6676933.4,98,,
2025-11-04,TSHL,,714,686,686,,,5325,3686603.9,63,,
2025-11-04,TTL,,750,723,728,,,14038,10298974.3,400,,
2025-11-04,TVCL,,427.9,416.6,423,,,3430,1446214.4,63,,
2025-11-04,UHEWA,,600,570.4,577,,,12748,7374333.8,123,,
2025-11-04,ULBSL,,3970,3897.4,3905,,,1263,4946104,55,,
2025-11-04,ULHC,,445,435,440,,,12091,5337988.3,88,,
2025-11-04,UMHL,,539,527.3,532,,,61433,32737731.5,228,,
2025-11-04,UMRH,,579.9,551,560,,,6251,3516249.3,44,,
2025-11-04,UNHPL,,540,521,530.4,,,355017,187691713.1,631,,
2025-11-04,UNL,,47700,47500,47700,,,24,1142800,2,,
2025-11-04,UNLB,,2013,1977,2013,,,120,237777,7,,
2025-11-04,UPCL,,387,372,375,,,186504,70578199.7,521,,
2025-11-04,UPPER,,181.9,178,178,,,53866,9708017.9,286,,
2025-11-04,USHEC,,473.9,460,465,,,12042,5595067.4,83,,
2025-11-04,USHL,,723,710,719,,,1159,829015.5,28,,
2025-11-04,USLB,,2130,1962,2029,,,26240,53749010.4,192,,
2025-11-04,VLBS,,790,770,770,,,2644,2053418,28,,
2025-11-04,VLUCL,,580,560.1,569.1,,,3862,2185050.2,53,,
2025-11-05,ACLBSL,,1026,998.3,1011,,,1985,1989566.2,20,,
2025-11-05,ADBL,,315,308,315,,,41787,12968375.1,154,,
2025-11-05,AHL,,628,592.6,601,,,5199,3145642.5,83,,
2025-11-05,AHPC,,287,283.2,286.9,,,82543,23517693.4,261,,
2025-11-05,AKJCL,,193.4,186.4,192,,,38207,7263056.2,170,,
2025-11-05,AKPL,,252,245,249.5,,,55546,13774870.7,180,,
2025-11-05,ALBSL,,1027,951.6,982,,,16477,15890878.8,91,,
2025-11-05,ALICL,,482,469,474.9,,,47131,22260280.5,212,,
2025-11-05,ANLB,,6176,6055.1,6163.9,,,235,1434803.6,18,,
2025-11-05,API,,289,279,285,,,81456,22937627.5,354,,
2025-11-05,AVYAN,,1091,980,1000,,,16786,17207403.8,152,,
2025-11-05,BARUN,,340.6,325,331.9,,,39066,12936460.4,156,,
2025-11-05,BBC,,5432,4925.3,4962,,,1491,7485218.3,88,,
2025-11-05,BEDC,,576.4,554,570.9,,,11029,6219331,83,,
2025-11-05,BFC,,477.9,446,470.1,,,24142,11222262.8,162,,
2025-11-05,BGWT,,780,760,772,,,5408,4141432.1,55,,
2025-11-05,BHCL,,430,415,424,,,18083,7583120.5,436,,
2025-11-05,BHDC,,569.5,532,535.6,,,64632,34895878.9,359,,
2025-11-05,BHL,,185,181.5,182.2,,,38790,7074061.6,244,,
2025-11-05,BHPL,,682.9,663,664,,,1216,811579.1,30,,
2025-11-05,BNHC,,434.8,421.2,433.9,,,1660,713859.2,31,,
2025-11-05,BNL,,16200,15585,16200,,,20,317850,2,,
2025-11-05,BNT,,11074.7,10900,11074.7,,,124,1365258,11,,
2025-11-05,BPCL,,780,743,775,,,121049,91851681,456,,
2025-11-05,CBBL,,1007,993,1004,,,9875,9850303.6,124,,
2025-11-05,CFCL,,510,479,510,,,27197,13501330.3,128,,
2025-11-05,CGH,,926,892,900.2,,,24362,22080322.6,181,,
2025-11-05,CHCL,,495,485.4,490,,,25860,12639272.5,179,,
2025-11-05,CHDC,,2407,2350,2379,,,22627,53601042.1,263,,
2025-11-05,CHL,,254,243,249.4,,,35724,8812391.9,184,,
2025-11-05,CIT,,1846,1835,1845,,,4239,7798248,124,,
2025-11-05,CITY,,533,515,529.7,,,3741,1941443.6,51,,
2025-11-05,CKHL,,597.9,580.1,596.3,,,200,118495,10,,
2025-11-05,CLI,,470,461.1,470,,,14565,6756101.2,198,,
2025-11-05,CREST,,1378,1276.1,1305,,,12601,16495243.1,255,,
2025-11-05,CYCL,,1615,1597.1,1599,,,713,1141819,42,,
2025-11-05,CZBIL,,203.9,199,200,,,15890,3181296.6,87,,
2025-11-05,DDBL,,848.9,830,835.4,,,6707,5600356.5,44,,
2025-11-05,DHPL,,296,286.5,291,,,3721,1079613.1,38,,
2025-11-05,DLBS,,1366.8,1323,1350,,,1012,1365085.4,35,,
2025-11-05,DOLTI,,506,498,506,,,3212,1608651.6,38,,
2025-11-05,DORDI,,258,247,258,,,94348,23837842.1,377,,
2025-11-05,EBL,,634.5,628,628.2,,,24430,15390983.9,143,,
2025-11-05,EHPL,,430.4,418,419,,,46357,19527486,305,,
2025-11-05,ENL,,919,900,919,,,429,388371,16,,
2025-11-05,FMDBL,,931,860,878.9,,,100770,88023244.1,392,,
2025-11-05,FOWAD,,1120,1096,1110,,,442,489236.9,21,,
2025-11-05,GBIME,,249,226,235,,,383151,87465269.1,538,,
2025-11-05,GBLBS,,780,780,780,,,0,0,0,,
2025-11-05,GCIL,,437,428,429,,,12518,5398879.4,129,,
2025-11-05,GFCL,,619,586.1,618.9,,,11165,6696229.8,106,,
2025-11-05,GHL,,219.7,213.7,218.7,,,48703,10491327.9,185,,
2025-11-05,GILB,,1220,1200,1220,,,1106,1337095,19,,
2025-11-05,GLBSL,,2200,2091.2,2132,,,8707,18752401.1,175,,
2025-11-05,GLH,,270.8,260.2,262.5,,,49009,12895850.7,204,,
2025-11-05,GMFBS,,1585,1524.4,1562,,,740,1138645,20,,
2025-11-05,GMFIL,,488.7,458,477.3,,,43197,20277234.7,188,,
2025-11-05,GMLI,,1880,1855,1879,,,1005,1877026.5,48,,
2025-11-05,GUFL,,572,515,543,,,48159,25532405,292,,
2025-11-05,GVL,,520,510,518,,,44210,22884031.2,153,,
2025-11-05,HATHY,,954.9,940,954.9,,,5615,5306909.4,72,,
2025-11-05,HBL,,200,196.3,199,,,50104,9885308.6,986,,
2025-11-05,HDHPC,,178,175,178,,,26155,4615866.4,117,,
2025-11-05,HDL,,1404.5,1370,1382,,,237258,327029175.1,2195,,
2025-11-05,HHL,,348.8,336,342,,,24901,8534730,98,,
2025-11-05,HIDCL,,270.5,263.6,269,,,124525,33173569.5,364,,
2025-11-05,HIMSTAR,,624.7,613,622.7,,,7197,4436662.9,240,,
2025-11-05,HLBSL,,910,893.5,910,,,2463,2216420,31,,
2025-11-05,HLI,,383.9,377,383.8,,,38414,14562492.3,238,,
2025-11-05,HPPL,,499,480,491,,,99437,48452657.5,406,,
2025-11-05,HRL,,833.3,810,817,,,133265,108605318.4,1044,,
2025-11-05,HURJA,,229,221,228,,,72801,16368955.1,195,,
2025-11-05,ICFC,,668,635,668,,,28316,18551807.4,132,,
2025-11-05,IHL,,523,510.7,518,,,7817,4049022,56,,
2025-11-05,ILBS,,1193,1114,1140,,,8881,10074385.9,41,,
2025-11-05,ILI,,455.8,449,455.8,,,14112,6372618.5,211,,
2025-11-05,JBLB,,1420,1399,1410,,,3014,4241216,87,,
2025-11-05,JFL,,454,438.6,453,,,9979,4493233.5,74,,
2025-11-05,JOSHI,,324,312.2,320.5,,,17554,5626701.2,137,,
2025-11-05,JSLBB,,1188,1157.1,1188,,,400,467970,15,,
2025-11-05,KBL,,188.2,185.2,187,,,87323,16278332.2,260,,
2025-11-05,KBSH,,1817.5,1755.4,1766,,,446,792754.9,23,,
2025-11-05,KDL,,910,896.2,909,,,1862,1678437.6,41,,
2025-11-05,KKHC,,266,247,253,,,18300,4584595.2,119,,
2025-11-05,KMCDB,,1008.9,985,1007,,,4326,4307182,73,,
2025-11-05,KPCL,,584.8,564,570,,,28319,16075237.4,142,,
2025-11-05,LEC,,202,196.5,200.2,,,67654,13451218.7,226,,
2025-11-05,LICN,,868,847.1,866,,,5662,4844117.2,83,,
2025-11-05,LLBS,,990,960.1,981,,,210,203743.2,12,,
2025-11-05,LSL,,226.6,221,226.6,,,122226,27384159.4,164,,
2025-11-05,MABEL,,384.3,356.3,384.3,,,190,72328,19,,
2025-11-05,MAKAR,,554,543,551.9,,,2280,1244243,29,,
2025-11-05,MANDU,,810,785.7,808.9,,,2541,2042963.3,39,,
2025-11-05,MATRI,,984,963,983.9,,,218,211976.9,11,,
2025-11-05,MBJC,,285.6,275.4,279,,,16347,4550915.2,169,,
2025-11-05,MBL,,216,213.7,216,,,41370,8881947.8,71,,
2025-11-05,MCHL,,496,480.2,496,,,2185,1058362.5,38,,
2025-11-05,MEHL,,400.9,390.1,398.1,,,1383,549630.1,40,,
2025-11-05,MEL,,277,271,277,,,11864,3232605,155,,
2025-11-05,MEN,,630,620.5,624.5,,,31391,19529724.5,143,,
2025-11-05,MERO,,785,770,771,,,6193,4806846.2,43,,
2025-11-05,MFIL,,602,580,600,,,20271,12031945.6,132,,
2025-11-05,MHCL,,410,397,410,,,3931,1584063.5,63,,
2025-11-05,MHL,,488,477.9,484,,,19158,9221351.5,110,,
2025-11-05,MHNL,,252,239.3,246,,,5266,1279961,45,,
2025-11-05,MKCL,,1478,1433,1478,,,6632,9635417.9,66,,
2025-11-05,MKHC,,371.9,360.5,369,,,1014,368102.8,42,,
2025-11-05,MKHL,,810.9,752.1,810.9,,,33126,25041910.2,61,,
2025-11-05,MKJC,,590.8,580,589.8,,,44254,25912770.1,175,,
2025-11-05,MLBBL,,1498,1456.5,1474,,,1000,1467983.5,19,,
2025-11-05,MLBS,,1545.6,1500,1543,,,209,317085,14,,
2025-11-05,MLBSL,,2044,1999.2,2044,,,1498,3002893.6,35,,
2025-11-05,MMKJL,,630,597.8,616,,,35523,21876063.8,84,,
2025-11-05,MPFL,,555,522.1,549.8,,,18191,9788489.2,109,,
2025-11-05,MSHL,,923,885.2,923,,,293,263943.2,12,,
2025-11-05,MSLB,,1500,1366,1431,,,12092,17048339,106,,
2025-11-05,NABIL,,516.9,508,513.1,,,27044,13853498,230,,
2025-11-05,NADEP,,762,734,747,,,1044,777324,19,,
2025-11-05,NBL,,250,246.1,249,,,54569,13481837.6,129,,
2025-11-05,NESDO,,1499,1477,1498,,,1301,1945137.9,16,,
2025-11-05,NFS,,698,637,698,,,88917,60022792.5,580,,
2025-11-05,NGPL,,387.6,376,385.9,,,177137,67625040.9,456,,
2025-11-05,NHDL,,692,677.3,677.3,,,3446,2339471,20,,
2025-11-05,NHPC,,196.5,192.2,194.9,,,20334,3944271.9,100,,
2025-11-05,NICA,,325,319.1,322.5,,,28471,9159963.8,160,,
2025-11-05,NICLBSL,,559.9,550,558.8,,,9935,5530717.5,82,,
2025-11-05,NIFRA,,272.9,266,272.6,,,110635,29799380.8,501,,
2025-11-05,NIMB,,221,201,204.8,,,102802,21055286.5,302,,
2025-11-05,NLIC,,831,802,829,,,93429,75926027.5,455,,
2025-11-05,NLICL,,618.9,606.7,615.9,,,10679,6531926.4,77,,
2025-11-05,NLO,,244.33,244.33,244.33,,,0,0,0,,
2025-11-05,NMB,,243.8,239.3,242.5,,,46092,11081649.8,102,,
2025-11-05,NMBMF,,670,650,670,,,2525,1652307.7,20,,
2025-11-05,NMFBS,,1262.7,1251,1262.7,,,2021,2531669.6,29,,
2025-11-05,NMLBBL,,652,628,640,,,3802,2419447.5,50,,
2025-11-05,NRIC,,1387,1335,1360,,,80339,108204679.2,493,,
2025-11-05,NRM,,427.9,415.2,425,,,20896,8796042,187,,
2025-11-05,NRN,,2150,2109,2140,,,76763,163606080.1,470,,
2025-11-05,NTC,,881,871,878.9,,,20336,17826892,176,,
2025-11-05,NUBL,,750,743.1,750,,,5014,3736874.6,28,,
2025-11-05,NWCL,,804,790.4,804,,,1478,1175607.6,27,,
2025-11-05,NYADI,,410,401.1,409,,,6795,2764523.5,73,,
2025-11-05,OHL,,720,692,717,,,4340,3051500,34,,
2025-11-05,OMPL,,1215.1,1190.7,1214,,,7252,8718453.5,206,,
2025-11-05,PCBL,,262,237,243,,,95327,23349907.7,141,,
2025-11-05,PFL,,404,381.2,397,,,8346,3255557.4,87,,
2025-11-05,PHCL,,395.7,350.2,388,,,20689,7636395.2,169,,
2025-11-05,PMHPL,,339.9,323,336.1,,,80483,26612228.8,326,,
2025-11-05,PMLI,,499,485,489,,,16469,8044178.3,129,,
2025-11-05,PPCL,,329,321.1,326,,,34433,11234512.5,87,,
2025-11-05,PPL,,370.4,334.5,359,,,242580,86233444.8,819,,
2025-11-05,PROFL,,504,463,496,,,52390,25546632.2,228,,
2025-11-05,PRVU,,203,198,202.3,,,63622,12748871.8,222,,
2025-11-05,PURE,,800.7,777.5,800,,,8866,7047253.3,167,,
2025-11-05,RADHI,,802,766,796,,,402698,315729832,1188,,
2025-11-05,RAWA,,737.9,700,733.9,,,1649,1185211.1,18,,
2025-11-05,RFPL,,365,345,360,,,13550,4828536.3,121,,
2025-11-05,RHGCL,,256.9,242,254,,,48037,11888733.3,237,,
2025-11-05,RHPL,,272,266.3,269,,,11165,2985822.6,108,,
2025-11-05,RIDI,,232,225,228.2,,,37247,8464874.8,146,,
2025-11-05,RLFL,,452,425.1,451,,,24197,10593853.2,146,,
2025-11-05,RNLI,,482,470.6,478,,,45091,21533842.8,276,,
2025-11-05,RSDC,,639,623,629.1,,,4880,3061719.3,60,,
2025-11-05,RURU,,757,730,746.2,,,17553,13147689.6,128,,
2025-11-05,SAHAS,,668,650,668,,,99135,65150994.1,496,,
2025-11-05,SANIMA,,318.8,314.3,316.1,,,39980,12658522.8,122,,
2025-11-05,SANVI,,600,585,596,,,6435,3816381.7,188,,
2025-11-05,SARBTM,,880,867.7,880,,,7166,6263282.4,74,,
2025-11-05,SBI,,400,393.1,400,,,22079,8778531.5,76,,
2025-11-05,SBL,,345,336.2,338.5,,,35681,12083043.4,88,,
2025-11-05,SCB,,643,635,641.8,,,17725,11318643.9,118,,
2025-11-05,SGHC,,330,321,329.9,,,5852,1908692.4,82,,
2025-11-05,SHEL,,314,297,298.5,,,327148,98404141,940,,
2025-11-05,SHIVM,,611.9,599,608,,,255371,154346475.3,904,,
2025-11-05,SHL,,545,534,542.2,,,41106,22280100.7,133,,
2025-11-05,SHLB,,1930,1827.1,1855.2,,,70,130853,7,,
2025-11-05,SHPC,,517,504,512,,,49389,25101335.3,213,,
2025-11-05,SIFC,,511,482,501,,,17669,8784159.5,126,,
2025-11-05,SIKLES,,660.9,640,648,,,9376,6040210,111,,
2025-11-05,SJCL,,285,276.2,280,,,4584,1282048.2,56,,
2025-11-05,SJLIC,,438,428.2,438,,,20480,8869587.8,147,,
2025-11-05,SKBBL,,868,859.1,868,,,5597,4832807.3,87,,
2025-11-05,SLBBL,,875,847,869,,,6224,5348084,66,,
2025-11-05,SLBSL,,1395.3,1295,1323,,,5907,7772308,121,,
2025-11-05,SMATA,,826.9,800.8,815.9,,,7044,5728796.1,99,,
2025-11-05,SMB,,2167,2122,2167,,,1342,2875207.1,38,,
2025-11-05,SMFBS,,1720,1670,1711,,,930,1583085,23,,
2025-11-05,SMH,,780,725,760,,,4428,3293508,38,,
2025-11-05,SMHL,,830,810.1,827,,,4981,4074839,76,,
2025-11-05,SMJC,,505,494,503,,,9203,4597488.1,104,,
2025-11-05,SMPDA,,1064,913.2,1048,,,28451,26883101.2,251,,
2025-11-05,SNLI,,480,466,472,,,18659,8749270.4,271,,
2025-11-05,SONA,,424,414,424,,,22107,9246268,240,,
2025-11-05,SPC,,475,456,461.2,,,8371,3872708.8,58,,
2025-11-05,SPDL,,428,413.1,427.9,,,247164,103987108.9,661,,
2025-11-05,SPHL,,526,506,513.1,,,4112,2113982,44,,
2025-11-05,SPL,,960,941.1,957.8,,,13604,12977025,46,,
2025-11-05,SRLI,,398.9,390,398.9,,,20559,8083493.1,183,,
2025-11-05,SSHL,,174.8,169,171.3,,,87915,15003973.6,255,,
2025-11-05,STC,,5300,5105.8,5207.9,,,2675,13955458.5,56,,
2025-11-05,SWBBL,,810,790,798,,,5523,4389302.8,52,,
2025-11-05,SWMF,,678.4,668.7,677,,,1801,1211952.2,22,,
2025-11-05,TAMOR,,477,468,477,,,6527,3087681,81,,
2025-11-05,TPC,,330.9,318.4,325,,,88640,28871459,279,,
2025-11-05,TRH,,725,715,718,,,8035,5780608.3,113,,
2025-11-05,TSHL,,690,680,690,,,630,431281,19,,
2025-11-05,TTL,,734,718,732.9,,,9539,6921505,343,,
2025-11-05,TVCL,,428,416,424,,,1024,430407,35,,
2025-11-05,UHEWA,,585,567.4,581,,,15399,8798226.8,74,,
2025-11-05,ULBSL,,4010,3826.9,3999,,,2161,8419991.6,107,,
2025-11-05,ULHC,,448,432.4,440,,,2430,1056140,37,,
2025-11-05,UMHL,,531,522.3,528,,,30235,15909089,149,,
2025-11-05,UMRH,,568,550,568,,,10095,5616697,43,,
2025-11-05,UNHPL,,554.7,529.1,538.9,,,710259,386152484.4,1531,,
2025-11-05,UNL,,47700,47700,47700,,,10,477000,1,,
2025-11-05,UNLB,,2005,1980.1,2004,,,295,584936,7,,
2025-11-05,UPCL,,382.5,368,377,,,137967,51352943.1,306,,
2025-11-05,UPPER,,180,177.5,179,,,36679,6567233.3,227,,
2025-11-05,USHEC,,474.3,457,474.3,,,9156,4235706.6,70,,
2025-11-05,USHL,,732,703.1,732,,,1624,1164041,36,,
2025-11-05,USLB,,2231,1981.1,2231,,,35529,73464710.9,199,,
2025-11-05,VLBS,,799,763,799,,,3925,3072082,41,,
2025-11-05,VLUCL,,570,557,568.1,,,2822,1586813.4,50,,
2025-11-06,ACLBSL,,1030,996,1020,,,904,910275.7,23,,
2025-11-06,ADBL,,320.8,316,318,,,223177,71060057.8,528,,
2025-11-06,AHL,,612,598,610.8,,,4452,2690910.4,74,,
2025-11-06,AHPC,,290.5,283,284.5,,,83996,23940060,289,,
2025-11-06,AKJCL,,195.8,190,190.4,,,29173,5572991,133,,
2025-11-06,AKPL,,254.4,247,248.9,,,61814,15403063.7,213,,
2025-11-06,ALBSL,,980.7,961,962,,,5255,5075433.6,67,,
2025-11-06,ALICL,,479.8,465,473.2,,,59211,27912114.4,420,,
2025-11-06,ANLB,,6144,6050,6144,,,380,2313705,28,,
2025-11-06,API,,286,276.1,279,,,202266,56532879.6,560,,
2025-11-06,AVYAN,,1081,1002,1040,,,10024,10313100.4,135,,
2025-11-06,BARUN,,337.7,330.1,337,,,30919,10318893,146,,
2025-11-06,BBC,,5458,4952.3,4952.3,,,977,4945227,53,,
2025-11-06,BEDC,,580,560.1,566,,,4047,2292111,74,,
2025-11-06,BFC,,508.9,473.1,497.9,,,116375,57689723,709,,
2025-11-06,BGWT,,776,765,765,,,3444,2652509.8,53,,
2025-11-06,BHCL,,430,417.8,422.1,,,19186,8121419.5,476,,
2025-11-06,BHDC,,575,524.9,540,,,159491,85530388.8,558,,
2025-11-06,BHL,,183.5,180,181,,,86482,15649937.8,381,,
2025-11-06,BHPL,,683.3,667,672.1,,,2068,1389238.8,32,,
2025-11-06,BNHC,,440.6,426,434,,,5699,2442719.9,62,,
2025-11-06,BNL,,16199,15875.1,15875.1,,,40,638262,3,,
2025-11-06,BNT,,11188.8,10871,11000,,,180,1983042,15,,
2025-11-06,BPCL,,790.5,751,762,,,228775,176643567.9,741,,
2025-11-06,CBBL,,1022,998.2,999.9,,,11096,11123692.7,111,,
2025-11-06,CFCL,,525.3,500,505,,,41345,21376373.1,263,,
2025-11-06,CGH,,954.7,900,919,,,52667,48036792.1,301,,
2025-11-06,CHCL,,495,485,490,,,25034,12237121.9,170,,
2025-11-06,CHDC,,2450,2336.1,2350.1,,,19687,46814419.9,322,,
2025-11-06,CHL,,255.3,246.2,247.9,,,31236,7808714.7,147,,
2025-11-06,CIT,,1854,1818.9,1849.9,,,4372,8061161.7,136,,
2025-11-06,CITY,,530.2,517,524.9,,,5002,2629923.4,55,,
2025-11-06,CKHL,,607.9,584.5,589,,,2572,1532037.2,28,,
2025-11-06,CLI,,474,464,472,,,32783,15387051.5,240,,
2025-11-06,CREST,,1325,1280,1297.8,,,14470,18697315.4,231,,
2025-11-06,CYCL,,1604,1569,1600,,,8020,12753793.6,97,,
2025-11-06,CZBIL,,202.5,200,200,,,22521,4519072.9,88,,
2025-11-06,DDBL,,848,839,841.6,,,9304,7838361.1,92,,
2025-11-06,DHEL,,442.4,402.2,442.4,,,460,201909,46,,
2025-11-06,DHPL,,301,280,293.5,,,13240,3924467.3,97,,
2025-11-06,DLBS,,1453.5,1332,1365,,,1413,1965511,51,,
2025-11-06,DOLTI,,506,500,500.5,,,3320,1666533.5,47,,
2025-11-06,DORDI,,273,255,264,,,237398,63123040.8,919,,
2025-11-06,EBL,,636,623,623,,,31406,19682467.4,248,,
2025-11-06,EHPL,,423,402,406.5,,,45631,18669709.8,387,,
2025-11-06,ENL,,920,902,902,,,1332,1204643,29,,
2025-11-06,FMDBL,,941,854.1,855.1,,,109099,94756129.8,279,,
2025-11-06,FOWAD,,1124,1100,1111,,,2721,3002276.5,46,,
2025-11-06,GBIME,,235,230,230,,,77053,17818506.8,306,,
2025-11-06,GBLBS,,780,780,780,,,0,0,0,,
2025-11-06,GCIL,,439.5,428,432,,,24941,10849572.6,203,,
2025-11-06,GFCL,,631,610,616,,,15088,9376823.2,126,,
2025-11-06,GHL,,223,218,218,,,75722,16649821,206,,
2025-11-06,GILB,,1212,1201,1201,,,1487,1798850.6,20,,
2025-11-06,GLBSL,,2165,2100,2120,,,303,642543,22,,
2025-11-06,GLH,,265,259.7,261.8,,,27979,7311850.5,134,,
2025-11-06,GMFBS,,1580.8,1509.2,1580.8,,,3485,5393126,52,,
2025-11-06,GMFIL,,495,470.4,480,,,63326,30746922.8,261,,
2025-11-06,GMLI,,1899.8,1862,1875.1,,,1751,3297072.4,69,,
2025-11-06,GUFL,,559,528.3,532,,,27395,15054895.9,166,,
2025-11-06,GVL,,524.4,508.1,517.8,,,27714,14291203.3,179,,
2025-11-06,HATHY,,959.9,941.3,945,,,6847,6496349.1,87,,
2025-11-06,HBL,,202.7,195.1,200,,,84074,16776752.6,1647,,
2025-11-06,HDHPC,,180,176.9,177,,,36548,6514627.8,141,,
2025-11-06,HDL,,1215,1170,1186,,,234436,278516389.8,2931,,
2025-11-06,HHL,,346,335,335.2,,,15491,5267967.7,107,,
2025-11-06,HIDCL,,274.3,266.3,271,,,175613,47257305.5,387,,
2025-11-06,HIMSTAR,,625,608.5,610,,,7848,4823851.5,269,,
2025-11-06,HLBSL,,938.2,892,913.5,,,3135,2839505.3,46,,
2025-11-06,HLI,,387,375.4,377,,,27298,10392231.6,281,,
2025-11-06,HPPL,,497,478.5,484,,,104770,50550254.6,413,,
2025-11-06,HRL,,826,810,815,,,120514,98230117,931,,
2025-11-06,HURJA,,230.5,223,223.5,,,60058,13610459.6,197,,
2025-11-06,ICFC,,675,651.8,652,,,8398,5554340.7,91,,
2025-11-06,IHL,,527,508,526,,,4492,2330501,60,,
2025-11-06,ILBS,,1161.3,1117.2,1121.5,,,3856,4375725.7,44,,
2025-11-06,ILI,,458.9,453,455.2,,,13676,6246915.1,242,,
2025-11-06,JBLB,,1430,1411,1419.1,,,3610,5129453.2,85,,
2025-11-06,JFL,,468.9,453.1,455,,,21500,9888526,127,,
2025-11-06,JOSHI,,326.1,316.8,319.9,,,28740,9278591.4,197,,
2025-11-06,JSLBB,,1180.9,1164,1180.9,,,841,981268.2,21,,
2025-11-06,KBL,,189,185,185.4,,,95855,17847873.3,316,,
2025-11-06,KBSH,,1854,1780,1815.7,,,469,849623.1,28,,
2025-11-06,KDL,,924,900.1,903,,,972,882988,19,,
2025-11-06,KKHC,,257.8,249,251,,,13832,3484512.4,75,,
2025-11-06,KMCDB,,1027.1,995,1022,,,2897,2938001,53,,
2025-11-06,KPCL,,581,558.6,560,,,44102,24914609.7,192,,
2025-11-06,LEC,,203.6,197.6,200.1,,,54202,10896687.3,173,,
2025-11-06,LICN,,883.3,865,870,,,21623,18841926.7,150,,
2025-11-06,LLBS,,975,970.2,971,,,1768,1716823,15,,
2025-11-06,LSL,,228.7,223.4,227.5,,,76315,17359142.5,154,,
2025-11-06,MABEL,,422.7,391.9,422.7,,,330,138424,33,,
2025-11-06,MAKAR,,562,541,554.5,,,2760,1509663,37,,
2025-11-06,MANDU,,815,799,799,,,2067,1655995,31,,
2025-11-06,MATRI,,984.4,965,984.4,,,866,839261.3,24,,
2025-11-06,MBJC,,281.9,272,278,,,46265,12711830.3,325,,
2025-11-06,MBL,,218,214.7,215,,,110546,23857758.6,67,,
2025-11-06,MCHL,,504,486.1,495,,,1561,771653.1,21,,
2025-11-06,MEHL,,402,392,399,,,8952,3548865.5,94,,
2025-11-06,MEL,,279.8,268.5,268.5,,,25259,6872320.1,207,,
2025-11-06,MEN,,629,622,622,,,44830,27993531.7,235,,
2025-11-06,MERO,,814.9,770,785,,,10098,7888481.3,76,,
2025-11-06,MFIL,,610.8,596,597,,,20315,12248450.8,120,,
2025-11-06,MHCL,,407,397,400,,,4708,1880312.5,56,,
2025-11-06,MHL,,486,476.1,480,,,25872,12407466.3,131,,
2025-11-06,MHNL,,250.9,241.2,247.4,,,9523,2328604.9,56,,
2025-11-06,MKCL,,1489.9,1435,1440,,,7615,10988382,123,,
2025-11-06,MKHC,,374.9,358.4,370,,,6986,2538802.5,63,,
2025-11-06,MKHL,,799,751.3,799,,,67419,51747616.5,75,,
2025-11-06,MKJC,,631,574,584,,,75037,43774055.7,299,,
2025-11-06,MLBBL,,1494,1470,1480,,,2423,3585455,34,,
2025-11-06,MLBS,,1666,1453,1666,,,2306,3547501.4,44,,
2025-11-06,MLBSL,,2055,2012.1,2012.1,,,987,2000450.2,26,,
2025-11-06,MMKJL,,632.1,607.1,630,,,19877,12358521.1,116,,
2025-11-06,MPFL,,570,551,561,,,38489,21602267,260,,
2025-11-06,MSHL,,909,898,901,,,957,861989.6,19,,
2025-11-06,MSLB,,1488,1410,1443,,,4543,6559229.7,89,,
2025-11-06,NABIL,,517,506.7,507.3,,,46224,23608561.1,406,,
2025-11-06,NADEP,,768.7,740,768.7,,,3268,2473534.2,42,,
2025-11-06,NBL,,253.8,246.1,248.4,,,33255,8251135.3,140,,
2025-11-06,NESDO,,1519,1480.2,1482.6,,,1043,1560789.2,28,,
2025-11-06,NFS,,725,699,710,,,88804,63504562,775,,
2025-11-06,NGPL,,392,382.2,382.2,,,173339,66935156.3,388,,
2025-11-06,NHDL,,687,663.9,687,,,3259,2208959.3,45,,
2025-11-06,NHPC,,198.7,190.3,193,,,39036,7535024.2,168,,
2025-11-06,NICA,,326.9,320.5,322,,,31827,10313274.6,241,,
2025-11-06,NICLBSL,,564.4,550.4,554,,,9727,5393759.5,95,,
2025-11-06,NIFRA,,278,270,270,,,128643,35106806.5,487,,
2025-11-06,NIMB,,208.8,202.3,204.6,,,163366,33477500.4,336,,
2025-11-06,NLIC,,840,810,821.1,,,108523,89450893.6,460,,
2025-11-06,NLICL,,622,603.6,604.2,,,26577,16150902.1,156,,
2025-11-06,NLO,,244.33,244.33,244.33,,,0,0,0,,
2025-11-06,NMB,,247.3,240.2,242.6,,,26056,6303608,112,,
2025-11-06,NMBMF,,665,658,665,,,82,54386,4,,
2025-11-06,NMFBS,,1270,1253,1260,,,2100,2649113,31,,
2025-11-06,NMLBBL,,665,631,631.9,,,3589,2290210,59,,
2025-11-06,NRIC,,1384,1330,1350,,,52309,70220358.6,419,,
2025-11-06,NRM,,438,426,430,,,53525,23180366.5,310,,
2025-11-06,NRN,,2175,2126.2,2145,,,126924,272681875,675,,
2025-11-06,NTC,,880,862,873,,,14216,12464386.3,169,,
2025-11-06,NUBL,,759.9,745,750,,,4454,3351971.2,45,,
2025-11-06,NWCL,,806,790.5,801,,,938,747213,29,,
2025-11-06,NYADI,,410,400,404,,,11895,4786360.1,106,,
2025-11-06,OHL,,720.4,703.9,703.9,,,6390,4532885.6,45,,
2025-11-06,OMPL,,1222,1181,1190.1,,,8558,10267353.2,184,,
2025-11-06,PCBL,,261,242.4,245,,,74360,18347233.6,194,,
2025-11-06,PFL,,405,393,393,,,29936,11984184,165,,
2025-11-06,PHCL,,393.7,366.2,381.8,,,19053,7164946.3,173,,
2025-11-06,PMHPL,,347,334,335,,,83709,28339372.8,305,,
2025-11-06,PMLI,,495,480.1,490.9,,,8650,4209829.3,162,,
2025-11-06,PPCL,,329.9,324,329.9,,,19880,6458307,72,,
2025-11-06,PPL,,365,343.1,343.3,,,71111,24814043.2,402,,
2025-11-06,PROFL,,515,489,490,,,46634,23540116.3,267,,
2025-11-06,PRVU,,202.9,200.1,200.2,,,96885,19518347.3,205,,
2025-11-06,PURE,,810,791,799,,,4924,3929704.5,101,,
2025-11-06,RADHI,,813,790,792,,,384633,307691121.3,1154,,
2025-11-06,RAWA,,739.9,711,729.8,,,1598,1144508.7,27,,
2025-11-06,RFPL,,360,351.1,357,,,16759,5951917.7,135,,
2025-11-06,RHGCL,,273,250.1,254.7,,,88803,22780587.6,334,,
2025-11-06,RHPL,,274,267,268.1,,,92412,24924475.9,164,,
2025-11-06,RIDI,,232,225,225,,,49617,11292871.1,158,,
2025-11-06,RLFL,,470,454,454.6,,,48435,22409777.1,355,,
2025-11-06,RNLI,,485,474,474,,,32326,15467807.7,279,,
2025-11-06,RSDC,,645,628,633.5,,,8234,5229322.1,76,,
2025-11-06,RURU,,760,745,755,,,18367,13843536.4,152,,
2025-11-06,SAHAS,,674.7,662,664.8,,,94771,63089389.5,474,,
2025-11-06,SANIMA,,320,314,316,,,94074,29728803.2,125,,
2025-11-06,SANVI,,606,586,589.7,,,6502,3836841,198,,
2025-11-06,SARBTM,,900,875,886,,,29608,26361923,150,,
2025-11-06,SBI,,402.9,397,400,,,13849,5533398.8,53,,
2025-11-06,SBL,,343,338.5,338.5,,,92480,31460791.4,120,,
2025-11-06,SCB,,645,634.1,638,,,35160,22472957.5,119,,
2025-11-06,SGHC,,336,323.4,323.6,,,5814,1890978.7,63,,
2025-11-06,SHEL,,299.9,290,290.3,,,155000,45514661.6,551,,
2025-11-06,SHIVM,,624,604,611,,,501674,309135043.8,1459,,
2025-11-06,SHL,,555,536.2,540,,,48155,26109361.9,169,,
2025-11-06,SHLB,,1887,1832,1868.6,,,410,757240,18,,
2025-11-06,SHPC,,517,504.7,504.7,,,60778,30951303.1,260,,
2025-11-06,SIFC,,518,500.2,500.2,,,13366,6807140.2,113,,
2025-11-06,SIKLES,,658,640,644.5,,,19448,12572192.4,158,,
2025-11-06,SJCL,,284.9,274.6,276,,,6054,1670937.5,62,,
2025-11-06,SJLIC,,440,430,434.9,,,13981,6057048.7,148,,
2025-11-06,SKBBL,,875,860.3,867,,,9832,8535246,92,,
2025-11-06,SLBBL,,886.3,850,850,,,11480,9865024.4,102,,
2025-11-06,SLBSL,,1340,1296.6,1338,,,4908,6484251.5,85,,
2025-11-06,SMATA,,826.3,801.1,804.2,,,24917,20218651.1,226,,
2025-11-06,SMB,,2170,2100,2140,,,2089,4448583.7,60,,
2025-11-06,SMFBS,,1743,1674.9,1728,,,2739,4606503.1,13,,
2025-11-06,SMH,,775,746.1,760,,,189,143426.7,15,,
2025-11-06,SMHL,,843,810.9,820,,,4918,3997854.2,62,,
2025-11-06,SMJC,,507,485.1,488.1,,,16533,8147829,130,,
2025-11-06,SMPDA,,1027.1,943.2,943.2,,,36628,34774565.7,327,,
2025-11-06,SNLI,,481,465.7,471.9,,,36472,17307340.4,366,,
2025-11-06,SONA,,433.9,416.7,422.1,,,26951,11513792.9,306,,
2025-11-06,SPC,,474,457,457,,,7790,3607766.5,54,,
2025-11-06,SPDL,,432,417,418,,,277371,117891829.2,612,,
2025-11-06,SPHL,,518,511,515,,,2989,1540468,26,,
2025-11-06,SPL,,958,940,946,,,24048,22851062.8,27,,
2025-11-06,SRLI,,404,395.2,395.2,,,35349,14121194,278,,
2025-11-06,SSHL,,173.5,167.7,169.5,,,95760,16246711.9,303,,
2025-11-06,STC,,5290,5185,5185,,,725,3784156,26,,
2025-11-06,SWBBL,,812,790,792.1,,,5711,4545986,66,,
2025-11-06,SWMF,,686,671.2,675,,,6327,4276073.1,39,,
2025-11-06,TAMOR,,482,470.1,475,,,10377,4936627.3,105,,
2025-11-06,TPC,,330.9,318.2,321.9,,,35484,11394425.8,194,,
2025-11-06,TRH,,729.8,703.7,717,,,8012,5769446.5,91,,
2025-11-06,TSHL,,730,677,713.8,,,5449,3825420.3,97,,
2025-11-06,TTL,,740,724.1,735,,,9791,7145593.9,324,,
2025-11-06,TVCL,,428,412,419,,,4919,2047899.8,55,,
2025-11-06,UHEWA,,592.6,571.4,586,,,8183,4771197,82,,
2025-11-06,ULBSL,,4325,3870,4325,,,4193,16558274.4,102,,
2025-11-06,ULHC,,447.7,435.2,442,,,6743,2986725.9,68,,
2025-11-06,UMHL,,540,526.1,528,,,156792,83260395.6,224,,
2025-11-06,UMRH,,565,553,553,,,6681,3709951,53,,
2025-11-06,UNHPL,,544,529,541.5,,,362216,195234684,652,,
2025-11-06,UNL,,47010,47000,47010,,,30,1410100,2,,
2025-11-06,UNLB,,2003,1965,2000,,,393,785520,13,,
2025-11-06,UPCL,,386.5,372,374.8,,,202656,76691550.2,436,,
2025-11-06,UPPER,,180.5,178,178.2,,,52908,9451865.5,308,,
2025-11-06,USHEC,,470.1,462,463.4,,,7775,3612191.1,58,,
2025-11-06,USHL,,731,710,715,,,760,544672,17,,
2025-11-06,USLB,,2412,2007.9,2412,,,55120,114305840.3,577,,
2025-11-06,VLBS,,813,783.5,796,,,1772,1391477.3,23,,
2025-11-06,VLUCL,,572,555,568,,,5174,2911216.4,89,,
2025-11-09,ACLBSL,,1020,999,999,,,906,906429.5,24,,
2025-11-09,ADBL,,318.8,312,315,,,121484,38117064.4,360,,
2025-11-09,AHL,,619,590.1,606.9,,,6854,4101846.3,90,,
2025-11-09,AHPC,,287,280,282,,,109890,30994852,338,,
2025-11-09,AKJCL,,192,187,187,,,37217,7033841.8,174,,
2025-11-09,AKPL,,248,241,244,,,90609,22088977.7,305,,
2025-11-09,ALBSL,,979,962,974,,,10425,10097617.8,122,,
2025-11-09,ALICL,,473.8,465.7,468.2,,,17031,7954239.3,196,,
2025-11-09,ANLB,,6140,6032,6140,,,778,4711606.3,48,,
2025-11-09,API,,281.9,275,277,,,78651,21802167.8,323,,
2025-11-09,AVYAN,,1060,985,1038.9,,,6915,6902273.6,92,,
2025-11-09,BARUN,,337,328,328,,,25099,8286373.5,127,,
2025-11-09,BBC,,5047,4855,4927.4,,,370,1817343.8,33,,
2025-11-09,BEDC,,577.3,554,560.1,,,15272,8563832.8,77,,
2025-11-09,BFC,,504,482.6,494.1,,,45093,22168348.9,299,,
2025-11-09,BGWT,,780,755,760,,,1351,1028779.7,35,,
2025-11-09,BHCL,,452.9,416,439.9,,,56050,24437513.4,998,,
2025-11-09,BHDC,,540,502.4,513.8,,,111006,56963437,477,,
2025-11-09,BHL,,183,178.5,178.6,,,57202,10256343,346,,
2025-11-09,BHPL,,682,660.1,670,,,954,638236.5,20,,
2025-11-09,BNHC,,430,420,428.5,,,12993,5479560.4,66,,
2025-11-09,BNL,,15875.1,15875.1,15875.1,,,0,0,0,,
2025-11-09,BNT,,11019,10800,10860,,,192,2096112,14,,
2025-11-09,BPCL,,769,730.1,736,,,184087,136868323.6,616,,
2025-11-09,CBBL,,1014,991.1,991.1,,,15012,14950759.7,142,,
2025-11-09,CFCL,,506,486.2,492,,,17622,8674385.5,88,,
2025-11-09,CGH,,937.3,896,900,,,35827,32518435,192,,
2025-11-09,CHCL,,492,481.8,486.6,,,16590,8070120.6,121,,
2025-11-09,CHDC,,2389.9,2312,2335,,,18069,42233368.5,257,,
2025-11-09,CHL,,252.8,244.3,246,,,23841,5896942.4,124,,
2025-11-09,CIT,,1850,1835,1840,,,3729,6861581.6,117,,
2025-11-09,CITY,,520,510.1,513,,,2776,1431238.2,61,,
2025-11-09,CKHL,,595.7,579,590,,,2777,1622051.5,62,,
2025-11-09,CLI,,472,463.1,467,,,14669,6839444.7,218,,
2025-11-09,CREST,,1299.2,1239.8,1239.8,,,14513,18272029.4,351,,
2025-11-09,CYCL,,1600,1549,1579.9,,,3283,5166033.6,73,,
2025-11-09,CZBIL,,197,194,194.2,,,54757,10667404,201,,
2025-11-09,DDBL,,840.9,825.2,832,,,1857,1549218,33,,
2025-11-09,DHEL,,486.6,451,486.6,,,970,470413,97,,
2025-11-09,DHPL,,300,283.2,287,,,4864,1408684.1,49,,
2025-11-09,DLBS,,1450,1340.1,1450,,,1099,1514192.6,40,,
2025-11-09,DOLTI,,499,490.2,493,,,1990,982608.2,48,,
2025-11-09,DORDI,,263,253.1,258.9,,,75656,19389728,364,,
2025-11-09,EBL,,632,625.1,628.5,,,22341,14050848.1,162,,
2025-11-09,EHPL,,403,393.2,397.9,,,92027,36485784.7,509,,
2025-11-09,ENL,,918,872.2,892,,,3491,3100008.5,34,,
2025-11-09,FMDBL,,850,825,826,,,36453,30334786.9,233,,
2025-11-09,FOWAD,,1099,1080,1099,,,1548,1686839.5,46,,
2025-11-09,GBIME,,233,228.4,229,,,194076,44695138.9,459,,
2025-11-09,GBLBS,,780,780,780,,,0,0,0,,
2025-11-09,GCIL,,431,425.3,425.4,,,10896,4659692,180,,
2025-11-09,GFCL,,607,595,599,,,7990,4806233,82,,
2025-11-09,GHL,,217.3,214.1,215,,,33106,7120200.7,123,,
2025-11-09,GILB,,1203.9,1180.6,1186.2,,,2407,2859420.6,34,,
2025-11-09,GLBSL,,2117,2050,2060,,,3403,7048833.6,56,,
2025-11-09,GLH,,262,254.2,254.9,,,28304,7269750.5,170,,
2025-11-09,GMFBS,,1612.4,1511,1589.9,,,532,820047.8,23,,
2025-11-09,GMFIL,,470.4,454,462.8,,,22362,10323875.3,137,,
2025-11-09,GMLI,,1882,1831.1,1878,,,83419,153703019,131,,
2025-11-09,GUFL,,527,507,520,,,18880,9764031.3,148,,
2025-11-09,GVL,,517,507.5,515,,,27024,13796000.1,138,,
2025-11-09,HATHY,,936,930,933.1,,,5044,4703411.9,77,,
2025-11-09,HBL,,204,192.8,193.5,,,69290,13467991.5,1131,,
2025-11-09,HDHPC,,179,173,175,,,41795,7313418.4,179,,
2025-11-09,HDL,,1194,1170.5,1170.5,,,83613,98481688.2,1139,,
2025-11-09,HHL,,335,326,326,,,20505,6761294,134,,
2025-11-09,HIDCL,,273.9,264,264.9,,,83521,22174240.4,326,,
2025-11-09,HIMSTAR,,612.5,600,602,,,10426,6305813.6,324,,
2025-11-09,HLBSL,,904,890,904,,,2986,2664530.4,34,,
2025-11-09,HLI,,379,370.5,370.6,,,41972,15650572.6,265,,
2025-11-09,HPPL,,493.6,461,464.5,,,112257,52762780.3,382,,
2025-11-09,HRL,,831.3,803,804,,,100562,81109956.3,1009,,
2025-11-09,HURJA,,224.4,220,220,,,41489,9165571,155,,
2025-11-09,ICFC,,660,632,632,,,21599,13855122.7,151,,
2025-11-09,IHL,,521,515,515.6,,,1120,578706.5,23,,
2025-11-09,ILBS,,1150,1121,1142,,,7298,8320470.3,87,,
2025-11-09,ILI,,452,448.4,449,,,15638,7033695.3,243,,
2025-11-09,JBLB,,1420,1400,1410.1,,,5598,7879769.6,101,,
2025-11-09,JFL,,450,437,438,,,8853,3914394.2,59,,
2025-11-09,JOSHI,,324,312.1,314.9,,,9879,3112648.9,104,,
2025-11-09,JSLBB,,1199.9,1135,1157.7,,,497,572587.2,20,,
2025-11-09,KBL,,185,182.5,183.4,,,78332,14345786.3,387,,
2025-11-09,KBSH,,1829,1751,1829,,,356,634370.3,15,,
2025-11-09,KDL,,910,896.4,900,,,4454,4023098,50,,
2025-11-09,KKHC,,251,237.7,245,,,21065,5132369.2,88,,
2025-11-09,KMCDB,,1008,986,995,,,2886,2861190.4,52,,
2025-11-09,KPCL,,568.9,547,551,,,50846,28023130,237,,
2025-11-09,LEC,,202.1,196.6,197.9,,,51400,10212265.8,188,,
2025-11-09,LICN,,882.7,847,848,,,11282,9617628.3,117,,
2025-11-09,LLBS,,971,960,960,,,90,86452,7,,
2025-11-09,LSL,,226.9,220.6,220.7,,,135961,30260988.4,219,,
2025-11-09,MABEL,,464.9,431.1,464.9,,,610,282758,61,,
2025-11-09,MAKAR,,555,540.1,555,,,2350,1283619,39,,
2025-11-09,MANDU,,799.9,788,792,,,2798,2209444,34,,
2025-11-09,MATRI,,986,966.5,986,,,366,356322.6,9,,
2025-11-09,MBJC,,283.5,273,275,,,18698,5138324.6,226,,
2025-11-09,MBL,,215,210.1,210.1,,,41341,8733357,138,,
2025-11-09,MCHL,,486,480.1,483,,,750,362743.6,19,,
2025-11-09,MEHL,,392.5,385.1,390,,,4971,1936504.6,60,,
2025-11-09,MEL,,275,268.3,270.5,,,28691,7829205.4,200,,
2025-11-09,MEN,,659.9,634.4,640,,,232021,149134482.9,1611,,
2025-11-09,MERO,,800,761.4,761.4,,,8797,6754000.4,86,,
2025-11-09,MFIL,,600,581,586.9,,,10858,6359767.4,90,,
2025-11-09,MHCL,,394,386,390,,,4895,1908887.4,58,,
2025-11-09,MHL,,484,470.5,474,,,20825,9857369.5,73,,
2025-11-09,MHNL,,247.4,237,243.9,,,13840,3301043.5,53,,
2025-11-09,MKCL,,1430,1385.1,1391.3,,,8002,11199640.9,196,,
2025-11-09,MKHC,,370,352.9,365.5,,,1590,573282.5,45,,
2025-11-09,MKHL,,784,765.4,784,,,1244,959156.4,42,,
2025-11-09,MKJC,,586,558,564.8,,,19190,10792331.7,101,,
2025-11-09,MLBBL,,1480,1456.1,1460,,,521,762740.8,14,,
2025-11-09,MLBS,,1632.7,1523,1568,,,2488,3836392,48,,
2025-11-09,MLBSL,,2025,1991,1994,,,698,1397142.5,36,,
2025-11-09,MMKJL,,630,605,610,,,17257,10645542.4,85,,
2025-11-09,MPFL,,560,533,533,,,17562,9525927.2,127,,
2025-11-09,MSHL,,937,885,895,,,795,711630.5,24,,
2025-11-09,MSLB,,1449.8,1392,1417,,,3363,4738557.5,84,,
2025-11-09,NABIL,,514.9,507,508.5,,,39600,20165989.7,355,,
2025-11-09,NADEP,,769,745.2,764,,,2792,2105970.9,41,,
2025-11-09,NBL,,248,242,244,,,70096,17038904.5,247,,
2025-11-09,NESDO,,1486,1462,1486,,,939,1380540.5,33,,
2025-11-09,NFS,,707,660,662,,,80662,54277027.2,614,,
2025-11-09,NGPL,,381,372,374,,,135990,51001766.3,354,,
2025-11-09,NHDL,,689.6,676.1,677,,,2524,1710198.3,23,,
2025-11-09,NHPC,,192,189.2,191,,,26904,5126463.5,121,,
2025-11-09,NICA,,320,315,316.2,,,57077,18076491.1,288,,
2025-11-09,NICLBSL,,554,543,550,,,5838,3209274,83,,
2025-11-09,NIFRA,,269.1,264.6,265,,,115292,30715351.2,520,,
2025-11-09,NIMB,,201,197.2,198.2,,,117407,23278479.7,408,,
2025-11-09,NLIC,,823,805,810,,,45570,36914021.8,316,,
2025-11-09,NLICL,,612,600,600,,,12985,7814911.8,100,,
2025-11-09,NLO,,244.33,244.33,244.33,,,0,0,0,,
2025-11-09,NMB,,240,235,235.4,,,49135,11652676.1,158,,
2025-11-09,NMBMF,,667,653.7,660,,,1259,824369.4,19,,
2025-11-09,NMFBS,,1270,1258,1258,,,1171,1476700,23,,
2025-11-09,NMLBBL,,631,614,625.5,,,7540,4698205.1,72,,
2025-11-09,NRIC,,1371.6,1304,1364,,,174900,235334922.9,769,,
2025-11-09,NRM,,433,423.1,425,,,18226,7740585,170,,
2025-11-09,NRN,,2150,2040,2041,,,105387,218980312.8,843,,
2025-11-09,NTC,,886,865.4,870,,,15841,13807792.8,155,,
2025-11-09,NUBL,,750,735.1,736.1,,,10274,7577101.3,56,,
2025-11-09,NWCL,,798.1,785,790,,,1492,1174633.6,35,,
2025-11-09,NYADI,,400.1,387.5,390,,,12935,5046499.3,118,,
2025-11-09,OHL,,717,689.9,703,,,14739,10225503.2,89,,
2025-11-09,OMPL,,1199,1160,1165,,,7034,8245273,253,,
2025-11-09,PCBL,,245,240,240.1,,,64122,15489566.4,149,,
2025-11-09,PFL,,397,387,390,,,3479,1355943.6,53,,
2025-11-09,PHCL,,375,362,366,,,7340,2704709,114,,
2025-11-09,PMHPL,,332.1,317,321,,,56530,18222723.8,252,,
2025-11-09,PMLI,,490,478.1,478.1,,,5571,2683311.7,133,,
2025-11-09,PPCL,,328.8,315.7,317,,,18341,5864350.7,94,,
2025-11-09,PPL,,357,335.2,352,,,327594,112961924.1,708,,
2025-11-09,PROFL,,487,471,479,,,10647,5073389.8,67,,
2025-11-09,PRVU,,198,195,195.5,,,104188,20442271.7,453,,
2025-11-09,PURE,,797.9,775,790,,,9243,7230495.3,173,,
2025-11-09,RADHI,,807.8,775.1,777,,,277297,216941339.7,846,,
2025-11-09,RAWA,,789.6,702.4,715.3,,,339,248861.4,21,,
2025-11-09,RFPL,,357,341,343,,,20885,7217638.7,158,,
2025-11-09,RHGCL,,254.4,244.1,248,,,31452,7764156.6,160,,
2025-11-09,RHPL,,269,264,266,,,14975,3985393,117,,
2025-11-09,RIDI,,228.9,223.3,224,,,25493,5730514.5,121,,
2025-11-09,RLFL,,446.2,436,438,,,27575,12094842.3,141,,
2025-11-09,RNLI,,480,465.1,480,,,73333,34640640.9,335,,
2025-11-09,RSDC,,633.5,615,617.4,,,6957,4305123.7,83,,
2025-11-09,RURU,,830,740,830,,,29757,22433037.3,171,,
2025-11-09,SAGAR,,351.4,319.5,351.4,,,100,33553,10,,
2025-11-09,SAHAS,,664.9,656,660,,,127890,84199643.9,589,,
2025-11-09,SANIMA,,319.9,308.7,309,,,108962,33847628.5,266,,
2025-11-09,SANVI,,589,576,577,,,10456,6071121,268,,
2025-11-09,SARBTM,,886,870.2,875,,,14889,13079000.1,114,,
2025-11-09,SBI,,403,392,399,,,32720,13046696.3,115,,
2025-11-09,SBL,,339,331.5,335,,,54931,18312473.4,115,,
2025-11-09,SCB,,644,634.5,636,,,29856,18997594.1,132,,
2025-11-09,SGHC,,330,312.8,314.9,,,4271,1352920,53,,
2025-11-09,SHEL,,291,284,284,,,128140,36656783.7,523,,
2025-11-09,SHIVM,,617.9,599,600,,,347259,210489799.1,1342,,
2025-11-09,SHL,,545,535,540,,,35370,19097279.8,139,,
2025-11-09,SHLB,,1899,1807,1840,,,399,729929.3,17,,
2025-11-09,SHPC,,504.1,495.1,497.1,,,59964,29927507.8,231,,
2025-11-09,SIFC,,507,488.7,489,,,9045,4451802.6,76,,
2025-11-09,SIKLES,,654,638,642,,,21980,14043831.7,116,,
2025-11-09,SJCL,,281.5,273,280.8,,,3515,969273,80,,
2025-11-09,SJLIC,,434,427,433,,,9051,3888703.6,121,,
2025-11-09,SKBBL,,870,857,857,,,12039,10360647.5,106,,
2025-11-09,SLBBL,,856.5,833,849,,,7858,6602759.7,81,,
2025-11-09,SLBSL,,1338,1300,1324,,,1425,1868026.2,49,,
2025-11-09,SMATA,,818,795,802,,,18449,14775267.3,217,,
2025-11-09,SMB,,2135,2104,2129,,,346,731251.1,12,,
2025-11-09,SMFBS,,1695,1675,1675,,,268,452280,8,,
2025-11-09,SMH,,765,748,762,,,2592,1956354.5,28,,
2025-11-09,SMHL,,835.9,795,801,,,4893,3934545.6,93,,
2025-11-09,SMJC,,498,488,491.8,,,8541,4202284.6,113,,
2025-11-09,SMPDA,,943.2,869.3,893,,,35124,30940403.3,235,,
2025-11-09,SNLI,,481.3,460.1,462.5,,,47895,22271781.5,419,,
2025-11-09,SONA,,420,416,416,,,20670,8626887.6,226,,
2025-11-09,SPC,,466.1,455,455.2,,,5285,2430945.8,53,,
2025-11-09,SPDL,,417,403,404.7,,,253281,103282667.6,661,,
2025-11-09,SPHL,,513,500,507.9,,,3060,1546070.1,37,,
2025-11-09,SPL,,946,934,943,,,1000,939690,29,,
2025-11-09,SRLI,,395,391,391,,,14353,5621474.3,171,,
2025-11-09,SSHL,,171,164.7,165,,,79608,13219655.7,311,,
2025-11-09,STC,,5229,5110,5112,,,885,4531387,28,,
2025-11-09,SWBBL,,800,783.5,783.5,,,7056,5575681.4,82,,
2025-11-09,SWMF,,672,662.5,670,,,2482,1653883.7,26,,
2025-11-09,TAMOR,,480.9,466.3,466.7,,,15994,7544858.7,100,,
2025-11-09,TPC,,324.4,310.3,314.5,,,38970,12311548,231,,
2025-11-09,TRH,,731.3,710,711.2,,,4743,3403695,93,,
2025-11-09,TSHL,,719.9,690,699,,,2240,1554944.5,44,,
2025-11-09,TTL,,738,709.7,714,,,19087,13710099.5,435,,
2025-11-09,TVCL,,420,412,413,,,2174,899798.6,44,,
2025-11-09,UHEWA,,586,565,569,,,8667,4952411.7,75,,
2025-11-09,ULBSL,,4238.5,3986,4238.5,,,4609,18488172.8,118,,
2025-11-09,ULHC,,448.8,433.2,439.9,,,4788,2114061.6,55,,
2025-11-09,UMHL,,530,522.2,529,,,37539,19764396.4,119,,
2025-11-09,UMRH,,560,546.4,552.5,,,1080,593494.6,29,,
2025-11-09,UNHPL,,545,521.4,525,,,520278,277673684.7,797,,
2025-11-09,UNL,,47450,47450,47450,,,10,474500,1,,
2025-11-09,UNLB,,1970,1950,1950,,,555,1086200.5,20,,
2025-11-09,UPCL,,378,365.1,369,,,102733,37825792.3,316,,
2025-11-09,UPPER,,178.9,175.4,175.6,,,69409,12246851.5,345,,
2025-11-09,USHEC,,474.9,454,454,,,10419,4801877.2,90,,
2025-11-09,USHL,,722,704.1,722,,,2580,1838798,44,,
2025-11-09,USLB,,2363.8,2170.8,2170.8,,,2035,4464587,41,,
2025-11-09,VLBS,,785.1,768,780,,,1400,1082536.8,26,,
2025-11-09,VLUCL,,570,558,563,,,4303,2419495.1,84,,
2025-11-10,ACLBSL,,1010,990.4,1005,,,690,689450,18,,
2025-11-10,ADBL,,315,312,312.6,,,60370,18863894.3,166,,
2025-11-10,AHL,,628.3,590,628.3,,,14454,8884760.2,110,,
2025-11-10,AHPC,,283.8,278,279,,,94024,26324042.8,345,,
2025-11-10,AKJCL,,190.7,185.2,186.2,,,27762,5187721.7,141,,
2025-11-10,AKPL,,245.9,240.1,241,,,53981,13041837.3,198,,
2025-11-10,ALBSL,,980.9,963,976,,,10955,10609326.5,93,,
2025-11-10,ALICL,,471.2,460,464,,,44226,20599227.5,303,,
2025-11-10,ANLB,,6289,6100.2,6289,,,1004,6236243,47,,
2025-11-10,API,,280,275.1,278,,,49196,13625960.3,231,,
2025-11-10,AVYAN,,1018.2,979,1012,,,3576,3550111.6,69,,
2025-11-10,BARUN,,332.5,321.5,328,,,28212,9141531.8,113,,
2025-11-10,BBC,,5023,4792.1,4950,,,601,2912850,44,,
2025-11-10,BEDC,,606,560.1,605,,,66340,39148944.7,391,,
2025-11-10,BFC,,499,470,487,,,40762,19746930.5,331,,
2025-11-10,BGWT,,774,762,766,,,1596,1223313.2,32,,
2025-11-10,BHCL,,448.6,428.6,433.3,,,26547,11632550.2,614,,
2025-11-10,BHDC,,540,513,523.9,,,71475,37138724,333,,
2025-11-10,BHL,,180,177,178,,,51758,9230633.8,321,,
2025-11-10,BHPL,,689,662,670,,,815,547498,33,,
2025-11-10,BNHC,,432,418.4,424,,,5413,2295032.1,42,,
2025-11-10,BNL,,15875.1,15875.1,15875.1,,,0,0,0,,
2025-11-10,BNT,,11073,10830,10900,,,60,655821,6,,
2025-11-10,BPCL,,747.6,719.1,737,,,106665,77566939.2,480,,
2025-11-10,BUNGAL,,332.6,302.4,332.6,,,190,61389,19,,
2025-11-10,CBBL,,1008,990,990.2,,,8683,8615997.4,89,,
2025-11-10,CFCL,,495,481,486,,,10720,5197504.1,84,,
2025-11-10,CGH,,910,887,890,,,26236,23500769,154,,
2025-11-10,CHCL,,490,480.5,484.9,,,32092,15538114.9,153,,
2025-11-10,CHDC,,2370.9,2293,2332,,,17990,41950648,231,,
2025-11-10,CHL,,249,240,243,,,43597,10591693.2,161,,
2025-11-10,CIT,,1840,1830,1833,,,3111,5708002.7,107,,
2025-11-10,CITY,,564,508.6,564,,,4772,2452877.3,94,,
2025-11-10,CKHL,,605,583.7,590,,,3333,1973195.4,56,,
2025-11-10,CLI,,476,460,470,,,13926,6441788.2,208,,
2025-11-10,CREST,,1259,1212,1240,,,8662,10674662,227,,
2025-11-10,CYCL,,1585,1529,1565,,,5887,9120554.3,116,,
2025-11-10,CZBIL,,194.9,190.7,192,,,37700,7218412.8,217,,
2025-11-10,DDBL,,855,840,846,,,15670,13238187.6,155,,
2025-11-10,DHEL,,535.2,491.2,535.2,,,3280,1754256,328,,
2025-11-10,DHPL,,292.7,284,288,,,4702,1347209,46,,
2025-11-10,DLBS,,1421,1365,1368,,,797,1097083.2,31,,
2025-11-10,DOLTI,,502.8,491,498.9,,,2729,1355812.2,43,,
2025-11-10,DORDI,,260,251,254.9,,,88378,22465287.7,288,,
2025-11-10,EBL,,641,631,633,,,23731,15070136.6,154,,
2025-11-10,EHPL,,415,395,414.9,,,107571,43355566,377,,
2025-11-10,ENL,,909.8,885,896.9,,,1237,1107493.7,35,,
2025-11-10,FMDBL,,841,811,829,,,25400,20943387.3,168,,
2025-11-10,FOWAD,,1095,1079.4,1095,,,740,800038.7,25,,
2025-11-10,GBIME,,232,226.1,226.9,,,102425,23359931.9,311,,
2025-11-10,GBLBS,,780,780,780,,,0,0,0,,
2025-11-10,GCIL,,430,420.1,425,,,8742,3710410.7,151,,
2025-11-10,GFCL,,608.5,587,591,,,6383,3769218.8,71,,
2025-11-10,GHL,,216.9,210,214,,,44859,9553905.3,156,,
2025-11-10,GILB,,1208,1186.1,1203,,,1452,1728389.4,34,,
2025-11-10,GLBSL,,2050.1,2019,2035,,,1069,2179313.2,36,,
2025-11-10,GLH,,261.6,252.7,256.4,,,25772,6606832,140,,
2025-11-10,GMFBS,,1580,1517,1560,,,1255,1935359.1,28,,
2025-11-10,GMFIL,,467.9,450,454,,,19229,8725315.8,91,,
2025-11-10,GMLI,,1878,1782,1848,,,8975,16377672.1,146,,
2025-11-10,GUFL,,524,510,515,,,5761,2967934.9,61,,
2025-11-10,GVL,,516.9,507,509.6,,,62480,31894210.4,112,,
2025-11-10,HATHY,,939.5,915,928,,,7116,6560716.3,120,,
2025-11-10,HBL,,195,190.6,193,,,150598,29139893.9,1013,,
2025-11-10,HDHPC,,177.5,173.1,174,,,26000,4539953.9,128,,
2025-11-10,HDL,,1184,1156,1160,,,43436,50536214.9,759,,
2025-11-10,HHL,,333,323.2,323.5,,,23076,7508022,127,,
2025-11-10,HIDCL,,275.5,260,265,,,62413,16483506,263,,
2025-11-10,HIMSTAR,,610,595,597,,,7150,4286960.5,279,,
2025-11-10,HLBSL,,900.9,883,900.9,,,929,826779.6,24,,
2025-11-10,HLI,,377,367,372,,,32577,12082957.2,276,,
2025-11-10,HPPL,,472.8,458.2,460.4,,,51406,23849917.5,279,,
2025-11-10,HRL,,820,790,799.9,,,108683,86851107.2,1027,,
2025-11-10,HURJA,,222,217,220,,,25181,5519267.5,122,,
2025-11-10,ICFC,,644,620.1,627.9,,,9232,5779543.4,75,,
2025-11-10,IHL,,519.4,502,509.1,,,4765,2440478,59,,
2025-11-10,ILBS,,1150,1123,1145.7,,,4278,4853224,54,,
2025-11-10,ILI,,457,445,446.6,,,16030,7193934.7,227,,
2025-11-10,JBLB,,1438,1386,1438,,,8908,12586000.9,138,,
2025-11-10,JFL,,440,436,436,,,5161,2254152.7,45,,
2025-11-10,JOSHI,,318,303,307,,,20875,6413846.5,141,,
2025-11-10,JSLBB,,1155,1127,1155,,,1438,1632401.8,23,,
2025-11-10,KBL,,185,181.5,181.5,,,69802,12716576.4,297,,
2025-11-10,KBSH,,1825,1760,1795,,,145,259730,9,,
2025-11-10,KDL,,917.9,898,900,,,3133,2820436,33,,
2025-11-10,KKHC,,249.3,237.2,241.9,,,23127,5609714.1,104,,
2025-11-10,KMCDB,,1008,991,1002,,,2927,2916482.6,45,,
2025-11-10,KPCL,,560,545.3,550,,,26953,14811822.2,148,,
2025-11-10,LEC,,200.5,196,196.1,,,63507,12555095.7,177,,
2025-11-10,LICN,,861,837.9,840.2,,,7799,6574652.4,83,,
2025-11-10,LLBS,,961,945.1,945.1,,,678,649579.9,13,,
2025-11-10,LSL,,225.1,217.8,218.6,,,102853,22547077.1,203,,
2025-11-10,MABEL,,511.3,474.1,511.3,,,1180,602418,118,,
2025-11-10,MAKAR,,554.8,543,552,,,2012,1100853.4,38,,
2025-11-10,MANDU,,800,780.1,790.9,,,2085,1642680.5,37,,
2025-11-10,MATRI,,1001,975,975,,,517,512387.1,17,,
2025-11-10,MBJC,,279,274,276,,,18249,5031994.8,208,,
2025-11-10,MBL,,212.4,208.4,210.8,,,26768,5610633.2,96,,
2025-11-10,MCHL,,485,480.2,485,,,1749,843629.5,23,,
2025-11-10,MEHL,,395,383,388,,,7655,2950907,76,,
2025-11-10,MEL,,274.9,259.8,266.2,,,12878,3456940.7,179,,
2025-11-10,MEN,,645,634.3,636,,,99948,63744800.1,670,,
2025-11-10,MERO,,770,750.4,756,,,10125,7671116.6,51,,
2025-11-10,MFIL,,584.3,576,584,,,9000,5234114.2,64,,
2025-11-10,MHCL,,397,384.7,390,,,4769,1870755.3,54,,
2025-11-10,MHL,,476,467.1,469,,,8468,3977008.7,72,,
2025-11-10,MHNL,,247.4,235.7,240,,,8061,1922593.6,68,,
2025-11-10,MKCL,,1405,1375.5,1389,,,4370,6080504,79,,
2025-11-10,MKHC,,365.2,355,365.2,,,2940,1061355,44,,
2025-11-10,MKHL,,785.4,755,784,,,1317,1016920.1,46,,
2025-11-10,MKJC,,560,547,560,,,21137,11693923.9,123,,
2025-11-10,MLBBL,,1488,1436.2,1460,,,893,1290759,28,,
2025-11-10,MLBS,,1536.7,1478,1536.6,,,754,1144856,36,,
2025-11-10,MLBSL,,2025,1975,1995,,,345,691041,15,,
2025-11-10,MMKJL,,620,597.9,609.9,,,1358,820628.5,28,,
2025-11-10,MPFL,,540.6,530,538,,,8032,4301770,84,,
2025-11-10,MSHL,,900,881.3,881.3,,,976,866636.9,23,,
2025-11-10,MSLB,,1471,1395.2,1420,,,12337,17752839,103,,
2025-11-10,NABIL,,510,506,509,,,49391,25118841.2,293,,
2025-11-10,NADEP,,762.9,740,745.1,,,2167,1627969.5,26,,
2025-11-10,NBL,,246.8,239.8,241,,,49289,11934297.7,185,,
2025-11-10,NESDO,,1469,1461.1,1465,,,682,999057.7,25,,
2025-11-10,NFS,,669,640,650,,,35104,22802762.3,278,,
2025-11-10,NGPL,,378.9,370,375,,,111771,41918739.3,348,,
2025-11-10,NHDL,,690,665,674,,,1272,854052.6,22,,
2025-11-10,NHPC,,194,189,190,,,17670,3356045.2,103,,
2025-11-10,NICA,,319.9,311,315.9,,,46722,14658851.6,267,,
2025-11-10,NICLBSL,,557,547,547.1,,,5896,3240082.1,78,,
2025-11-10,NIFRA,,269.8,263,266.6,,,113063,30176358,409,,
2025-11-10,NIMB,,200,195,196.4,,,123024,24118900,337,,
2025-11-10,NLIC,,820,803,804.6,,,45531,36703251,257,,
2025-11-10,NLICL,,615,597,610,,,20673,12542940.3,95,,
2025-11-10,NLO,,244.33,244.33,244.33,,,0,0,0,,
2025-11-10,NMB,,239.7,234,234.9,,,32011,7532270.9,120,,
2025-11-10,NMBMF,,664,651,664,,,73,48173,3,,
2025-11-10,NMFBS,,1283,1237,1261.7,,,21358,27361641.4,31,,
2025-11-10,NMLBBL,,638,624,628.9,,,11649,7292649.7,39,,
2025-11-10,NRIC,,1391.2,1337.7,1358,,,95225,129771933.4,527,,
2025-11-10,NRM,,424,417.3,421.9,,,13905,5837022,138,,
2025-11-10,NRN,,2094.9,1976,2087,,,242296,488888334.2,651,,
2025-11-10,NTC,,875,861.5,870,,,6316,5489386.4,100,,
2025-11-10,NUBL,,750,728.1,739,,,3510,2577748.1,51,,
2025-11-10,NWCL,,782,780,781,,,990,772497,22,,
2025-11-10,NYADI,,397.8,385.3,387,,,7682,3012362.9,69,,
2025-11-10,OHL,,729,689,707.8,,,5169,3636407.8,65,,
2025-11-10,OMPL,,1180.9,1148,1159,,,8130,9410487,194,,
2025-11-10,PCBL,,243,240,240.6,,,50056,12050255.6,151,,
2025-11-10,PFL,,397.8,383,391,,,4942,1924380,45,,
2025-11-10,PHCL,,373,354.9,369.1,,,31740,11375385.9,142,,
2025-11-10,PMHPL,,327,320,325,,,30276,9773380,140,,
2025-11-10,PMLI,,481,476,480.9,,,4800,2291789.7,105,,
2025-11-10,PPCL,,321,311.3,318,,,19697,6200924.7,65,,
2025-11-10,PPL,,370,349,370,,,287805,104840625.6,1086,,
2025-11-10,PROFL,,480,455,470,,,20064,9303825.5,135,,
2025-11-10,PRVU,,196,187.9,187.9,,,196060,37720376.3,686,,
2025-11-10,PURE,,790,775,789,,,4056,3157686.5,120,,
2025-11-10,RADHI,,792.5,766,779,,,228008,177257837.1,683,,
2025-11-10,RAWA,,723,702,723,,,481,339925,22,,
2025-11-10,RFPL,,349,335,341.2,,,15394,5261050.3,115,,
2025-11-10,RHGCL,,252.4,241,248.9,,,32013,7831992,172,,
2025-11-10,RHPL,,270,262.2,263.5,,,13628,3601205.5,120,,
2025-11-10,RIDI,,225.9,221.2,222.7,,,30995,6900414,133,,
2025-11-10,RLFL,,438.7,428,435,,,13885,5989241,102,,
2025-11-10,RNLI,,474,467,470.2,,,100836,47626126.8,260,,
2025-11-10,RSDC,,629,613.1,622.9,,,8752,5429428.4,78,,
2025-11-10,RURU,,813.4,749.3,759.9,,,51255,38811498.8,376,,
2025-11-10,SAGAR,,386.5,345.8,386.5,,,90,33401,9,,
2025-11-10,SAHAS,,667.7,646.8,656.5,,,167560,110758485.6,560,,
2025-11-10,SANIMA,,315,304.3,304.4,,,188504,57555432,301,,
2025-11-10,SANVI,,588.5,571,573,,,5551,3203029.1,212,,
2025-11-10,SARBTM,,880,867,870,,,4693,4082605.4,64,,
2025-11-10,SBI,,400,389,390,,,27702,10862828,69,,
2025-11-10,SBL,,337.5,329.5,332,,,49458,16375018.7,95,,
2025-11-10,SCB,,641,635.1,639.8,,,27302,17400317.8,109,,
2025-11-10,SGHC,,333,315,325,,,8436,2725899.8,105,,
2025-11-10,SHEL,,289.4,281,286.8,,,146706,41758531,451,,
2025-11-10,SHIVM,,605,591.1,602,,,260522,155824294.5,1029,,
2025-11-10,SHL,,543.6,536,543.6,,,35661,19279713.1,123,,
2025-11-10,SHLB,,1952,1820,1870,,,1211,2293833.4,41,,
2025-11-10,SHPC,,501,493,495.2,,,31992,15881859.3,146,,
2025-11-10,SIFC,,496,480,490,,,6836,3305781.4,71,,
2025-11-10,SIKLES,,654,632,638,,,6376,4073907.6,72,,
2025-11-10,SJCL,,277.1,272,276.9,,,2675,736142,53,,
2025-11-10,SJLIC,,433,425.1,429,,,10261,4387813.9,118,,
2025-11-10,SKBBL,,862,850,852.3,,,10417,8881383.5,142,,
2025-11-10,SLBBL,,852.6,836,840,,,5637,4754167.4,57,,
2025-11-10,SLBSL,,1333.7,1300,1317,,,2151,2815041.4,49,,
2025-11-10,SMATA,,804.7,785,796,,,17835,14161576.1,236,,
2025-11-10,SMB,,2121,2100.1,2120,,,687,1453727,22,,
2025-11-10,SMFBS,,1707,1643,1705,,,448,749074.8,13,,
2025-11-10,SMH,,762,747,758.9,,,792,593985.8,14,,
2025-11-10,SMHL,,815,783.1,797,,,6401,5058934.6,93,,
2025-11-10,SMJC,,499.8,485,489.9,,,17815,8731193.3,136,,
2025-11-10,SMPDA,,903,858,895,,,9588,8402902.6,128,,
2025-11-10,SNLI,,474.3,462,467,,,22339,10420444.3,280,,
2025-11-10,SONA,,422,412,413.9,,,12608,5228869.1,188,,
2025-11-10,SPC,,464.3,446.2,455,,,9327,4215497.2,85,,
2025-11-10,SPDL,,420,400.1,419.7,,,262829,108846914.4,725,,
2025-11-10,SPHL,,510,495.1,504,,,5350,2667423.4,32,,
2025-11-10,SPL,,945,930,943.4,,,412,387673.4,20,,
2025-11-10,SRLI,,394.9,385.3,390,,,12689,4926768,164,,
2025-11-10,SSHL,,169,166,169,,,34573,5789096.3,207,,
2025-11-10,STC,,5200,5100,5200,,,901,4660928,30,,
2025-11-10,SWBBL,,795.9,775,795,,,7955,6230198.3,63,,
2025-11-10,SWMF,,705,669,675,,,21261,14548943.8,59,,
2025-11-10,TAMOR,,473.4,460.2,467.2,,,9184,4303500.4,107,,
2025-11-10,TPC,,321.8,308.3,318,,,20331,6438016.1,171,,
2025-11-10,TRH,,725,707.2,714,,,3404,2419973.5,62,,
2025-11-10,TSHL,,708,685.1,685.9,,,2441,1682991.6,45,,
2025-11-10,TTL,,727.9,705,714,,,12486,8867864,391,,
2025-11-10,TVCL,,415,406.3,413.9,,,5011,2054410,53,,
2025-11-10,UHEWA,,574.5,563,565,,,6499,3683942.3,69,,
2025-11-10,ULBSL,,4153.8,3926.2,4000,,,1657,6537331.5,42,,
2025-11-10,ULHC,,440,425.4,440,,,2877,1245255.3,58,,
2025-11-10,UMHL,,533.8,525.1,528.5,,,39887,21034481.6,120,,
2025-11-10,UMRH,,558.9,543.1,545.1,,,4886,2672495.2,43,,
2025-11-10,UNHPL,,529.8,515.1,524.4,,,493543,257809511.8,720,,
2025-11-10,UNL,,47000,47000,47000,,,10,470000,1,,
2025-11-10,UNLB,,1950,1924,1924,,,330,637910,9,,
2025-11-10,UPCL,,376.3,362.1,366,,,71022,26033570.1,244,,
2025-11-10,UPPER,,178,174.8,175,,,81317,14277192.4,369,,
2025-11-10,USHEC,,465,450,454,,,18220,8269850.4,83,,
2025-11-10,USHL,,712,709,710,,,1840,1305652.1,21,,
2025-11-10,USLB,,2170.8,1953.8,1953.8,,,40099,79061677.1,495,,
2025-11-10,VLBS,,811.5,764.4,788,,,3528,2784228.4,33,,
2025-11-10,VLUCL,,574.2,553.7,564.9,,,4634,2595032,69,,
2025-11-11,ACLBSL,,1005,988.8,995.1,,,319,318061.2,12,,
2025-11-11,ADBL,,314,312,313.8,,,29052,9089277.5,149,,
2025-11-11,AHL,,616,604,613.7,,,2720,1662708.4,49,,
2025-11-11,AHPC,,282,278,280,,,68507,19172428.9,266,,
2025-11-11,AKJCL,,188.9,186.1,186.3,,,33315,6236541.1,139,,
2025-11-11,AKPL,,244,240,241.1,,,64995,15675570.7,206,,
2025-11-11,ALBSL,,995,956.5,984.9,,,10439,10193653.4,79,,
2025-11-11,ALICL,,473,460,467.8,,,31018,14383219.2,250,,
2025-11-11,ANLB,,6277,6140,6254.9,,,66,407418.4,11,,
2025-11-11,API,,281,275.5,278,,,51845,14418727.6,223,,
2025-11-11,AVYAN,,1032.2,973,990,,,3670,3607911.7,68,,
2025-11-11,BANDIPUR,,313.5,285,313.5,,,270,83515,27,,
2025-11-11,BARUN,,332,322,329,,,31123,10204973.6,110,,
2025-11-11,BBC,,4998,4800,4981,,,341,1658610,17,,
2025-11-11,BEDC,,621,592,620,,,26923,16366212.7,212,,
2025-11-11,BFC,,496.5,477.3,488,,,18958,9153202.9,183,,
2025-11-11,BGWT,,762,756,758,,,1262,959271.9,29,,
2025-11-11,BHCL,,460,425.1,450,,,81917,36744444.2,1294,,
2025-11-11,BHDC,,527,505,507,,,41768,21295085.1,254,,
2025-11-11,BHL,,181,177,179,,,52389,9392943.1,294,,
2025-11-11,BHPL,,677,665,673,,,675,450999,16,,
2025-11-11,BNHC,,426,416,424,,,10007,4195846.4,72,,
2025-11-11,BNL,,16000,16000,16000,,,10,160000,1,,
2025-11-11,BNT,,10990,10701,10900,,,90,982860,7,,
2025-11-11,BPCL,,751.7,721,725,,,51279,37328187,242,,
2025-11-11,BUNGAL,,365.8,339.2,365.8,,,290,105427,29,,
2025-11-11,CBBL,,1005,991,993,,,8253,8202454.5,99,,
2025-11-11,CFCL,,488.9,481,485.6,,,7604,3679220.3,49,,
2025-11-11,CGH,,907.8,872.5,878,,,18223,16130940.2,179,,
2025-11-11,CHCL,,494,480.2,488,,,10301,5001767.8,110,,
2025-11-11,CHDC,,2380,2295,2297,,,10765,24870382.1,186,,
2025-11-11,CHL,,249.9,242.2,248,,,13097,3212873.1,102,,
2025-11-11,CIT,,1838,1828.1,1829,,,6868,12585900,151,,
2025-11-11,CITY,,552.8,518.7,536,,,10999,5858510.2,138,,
2025-11-11,CKHL,,599,588,593,,,895,528339,23,,
2025-11-11,CLI,,476,461,469,,,8385,3903851.7,181,,
2025-11-11,CREST,,1289,1216,1230,,,5804,7137917.8,183,,
2025-11-11,CYCL,,1660.4,1556,1558,,,1738,2752648.6,69,,
2025-11-11,CZBIL,,193,189.1,189.5,,,30528,5807173.7,168,,
2025-11-11,DDBL,,855,845,850,,,7209,6117061.7,90,,
2025-11-11,DHEL,,588.7,545.8,572,,,149771,85254641.9,14938,,
2025-11-11,DHPL,,295.8,283,292,,,16760,4882807.3,82,,
2025-11-11,DLBS,,1379,1350,1379,,,1000,1365757,36,,
2025-11-11,DOLTI,,508.8,493.2,500,,,3270,1626439,26,,
2025-11-11,DORDI,,258,250,253.5,,,69095,17483232.5,279,,
2025-11-11,EBL,,639,631,633.3,,,20058,12731658.6,128,,
2025-11-11,EHPL,,450,407,441,,,218500,94812529.9,1067,,
2025-11-11,ENL,,903.2,885.5,898,,,669,596371.8,31,,
2025-11-11,FMDBL,,840,816.3,835,,,19210,15852245,141,,
2025-11-11,FOWAD,,1098,1077.1,1078,,,1675,1810639.3,50,,
2025-11-11,GBIME,,231.9,226.6,227,,,164406,37438423.2,356,,
2025-11-11,GBLBS,,780,780,780,,,0,0,0,,
2025-11-11,GCIL,,431,421,427,,,7083,3019303,146,,
2025-11-11,GFCL,,592,579.2,588.7,,,6646,3888724,52,,
2025-11-11,GHL,,218.2,211,212.9,,,28698,6118051.9,114,,
2025-11-11,GILB,,1205,1185.2,1205,,,118,141833.6,4,,
2025-11-11,GLBSL,,2080,2009.1,2018,,,1719,3513063.9,37,,
2025-11-11,GLH,,258.9,254,255.7,,,22258,5703521,116,,
2025-11-11,GMFBS,,1538.1,1520,1538.1,,,219,334767,13,,
2025-11-11,GMFIL,,460,445.4,453.5,,,7510,3369126.6,62,,
2025-11-11,GMLI,,1850,1801.5,1815,,,1219,2212702,62,,
2025-11-11,GUFL,,519.8,510,510,,,8179,4188444.1,59,,
2025-11-11,GVL,,519,508,510.4,,,81119,41552339.2,247,,
2025-11-11,HATHY,,928,912,925,,,2463,2255787.6,61,,
2025-11-11,HBL,,193.4,190.1,193.4,,,36302,6953014,1505,,
2025-11-11,HDHPC,,175,172.4,174.8,,,22409,3889799.4,119,,
2025-11-11,HDL,,1165,1150.1,1159,,,31193,36079554,511,,
2025-11-11,HHL,,333,321,333,,,18774,6169339.4,137,,
2025-11-11,HIDCL,,266,260,264,,,60539,15974154.8,216,,
2025-11-11,HIMSTAR,,609,585.1,608,,,7320,4381554.7,411,,
2025-11-11,HLBSL,,906.8,883,903.9,,,1663,1477424.4,20,,
2025-11-11,HLI,,373,366,372,,,31853,11745987.1,354,,
2025-11-11,HPPL,,476,459,470.2,,,58547,27478143.3,290,,
2025-11-11,HRL,,815.8,796,798,,,68472,54780743.2,656,,
2025-11-11,HURJA,,224,218,222.7,,,28445,6268352.2,130,,
2025-11-11,ICFC,,640,620,622.5,,,9335,5829312,78,,
2025-11-11,IHL,,524,506,524,,,2590,1331949,35,,
2025-11-11,ILBS,,1158,1126,1137,,,1939,2192486.3,32,,
2025-11-11,ILI,,463,446.7,451.5,,,10546,4728833.1,263,,
2025-11-11,JBLB,,1467,1420,1445,,,9985,14451462.4,190,,
2025-11-11,JFL,,441,432.2,437,,,4658,2027064,43,,
2025-11-11,JOSHI,,311,300,304.6,,,14626,4431634.5,102,,
2025-11-11,JSLBB,,1162,1136,1162,,,140,159340,4,,
2025-11-11,KBL,,184,180,183.1,,,106031,19262382.4,341,,
2025-11-11,KBSH,,1830,1760.1,1799,,,491,881017,15,,
2025-11-11,KDL,,906,894,906,,,1552,1393703.7,32,,
2025-11-11,KKHC,,255.7,239.2,248,,,13759,3365146.1,96,,
2025-11-11,KMCDB,,1070,982,1007.1,,,2551,2577677.8,61,,
2025-11-11,KPCL,,559,539,550.6,,,18274,10079626.5,111,,
2025-11-11,LEC,,200,196,196.4,,,36108,7128845.8,129,,
2025-11-11,LICN,,856.8,837.9,855,,,16069,13644208.2,109,,
2025-11-11,LLBS,,948,930,930,,,545,510638,10,,
2025-11-11,LSL,,221,216.5,218,,,102253,22222859.1,165,,
2025-11-11,MABEL,,562.4,515,562.4,,,5830,3277472,583,,
2025-11-11,MAKAR,,565,541.1,553.9,,,2612,1448925.4,33,,
2025-11-11,MANDU,,800,781,787.5,,,808,640479.6,33,,
2025-11-11,MATRI,,975,960,968,,,377,364641.9,26,,
2025-11-11,MBJC,,281.5,275.2,281.5,,,20381,5684660.2,240,,
2025-11-11,MBL,,210,208.4,209,,,73583,15376420.6,114,,
2025-11-11,MCHL,,486,478.6,485,,,1876,902248.6,34,,
2025-11-11,MEHL,,408,382.4,402,,,13856,5557225.3,102,,
2025-11-11,MEL,,277,264,275.4,,,32756,8929923.5,219,,
2025-11-11,MEN,,642,630,636,,,108042,68658298.7,567,,
2025-11-11,MERO,,779,750,762.9,,,4407,3344979.7,52,,
2025-11-11,MFIL,,585,573,575.1,,,12705,7317112.7,80,,
2025-11-11,MHCL,,403,384,392,,,3607,1412175.4,60,,
2025-11-11,MHL,,477.9,465.1,476,,,7023,3303241.3,72,,
2025-11-11,MHNL,,241,236,240.3,,,6466,1536524.6,48,,
2025-11-11,MKCL,,1416.7,1371,1380,,,3993,5527344.5,83,,
2025-11-11,MKHC,,369,358.3,368,,,3119,1129644,43,,
2025-11-11,MKHL,,784.3,754,760.3,,,1340,1021666,36,,
2025-11-11,MKJC,,571.2,547,558.9,,,26636,14771537.3,133,,
2025-11-11,MLBBL,,1487,1445.1,1469,,,220,319996,11,,
2025-11-11,MLBS,,1535,1506,1529,,,332,502724,16,,
2025-11-11,MLBSL,,2033,1980,2033,,,878,1763369.8,28,,
2025-11-11,MMKJL,,617,590.3,609,,,11193,6705868.3,61,,
2025-11-11,MPFL,,549.5,530,540.1,,,7818,4232346.3,65,,
2025-11-11,MSHL,,904.9,881.1,904.9,,,80,71260,8,,
2025-11-11,MSLB,,1421.7,1399,1400,,,1184,1661710.1,41,,
2025-11-11,NABIL,,510,505.3,507.9,,,21898,11118916.7,258,,
2025-11-11,NADEP,,775,740,756,,,742,556350.8,24,,
2025-11-11,NBL,,244,239.1,240.9,,,50758,12193840.3,229,,
2025-11-11,NESDO,,1494,1470,1479,,,666,983835,12,,
2025-11-11,NFS,,662.8,641,644.5,,,18402,11858899.2,157,,
2025-11-11,NGPL,,379,373,375.1,,,101722,38200982.4,288,,
2025-11-11,NHDL,,686,673,678,,,1898,1280816.2,25,,
2025-11-11,NHPC,,193.8,189.2,191.5,,,30752,5860546.7,118,,
2025-11-11,NICA,,319,311.5,312.2,,,42493,13305285.5,230,,
2025-11-11,NICLBSL,,554,545,548,,,3870,2125432,79,,
2025-11-11,NIFRA,,271.5,265,269.1,,,117939,31665716.5,484,,
2025-11-11,NIMB,,197,192.5,196,,,127280,24731254.1,384,,
2025-11-11,NLIC,,819,804,810,,,34304,27724580.5,273,,
2025-11-11,NLICL,,613,598.6,613,,,5319,3227827.7,43,,
2025-11-11,NLO,,244.33,244.33,244.33,,,0,0,0,,
2025-11-11,NMB,,234.9,232.2,232.8,,,31698,7390774.4,146,,
2025-11-11,NMBMF,,663,646,663,,,530,349452,8,,
2025-11-11,NMFBS,,1265,1240,1251,,,813,1020862,12,,
2025-11-11,NMLBBL,,641.4,624,634,,,18935,12050699.6,58,,
2025-11-11,NRIC,,1369,1338,1338,,,24930,33545061.7,262,,
2025-11-11,NRM,,429,415,417.2,,,26734,11151331.5,178,,
2025-11-11,NRN,,2104,2045,2045,,,129123,267692099.3,425,,
2025-11-11,NTC,,887.4,863,868,,,4671,4055554,99,,
2025-11-11,NUBL,,740,728.1,731.1,,,4583,3365304.5,36,,
2025-11-11,NWCL,,795,766.5,795,,,242,189351,22,,
2025-11-11,NYADI,,390.6,382,385.3,,,8131,3151159.3,80,,
2025-11-11,OHL,,736,693.1,715.6,,,8862,6317195.4,82,,
2025-11-11,OMPL,,1182,1146,1157,,,4285,4974387.8,151,,
2025-11-11,PCBL,,243,237.5,240.5,,,56842,13631369.2,118,,
2025-11-11,PFL,,396,379,385.5,,,12605,4834521.2,72,,
2025-11-11,PHCL,,365,356.1,357,,,13219,4741096.9,124,,
2025-11-11,PMHPL,,329.4,320.1,325.3,,,18262,5927313.8,96,,
2025-11-11,PMLI,,484.8,473.2,484.7,,,4423,2116186.6,113,,
2025-11-11,PPCL,,324.3,315.1,322,,,8765,2818294.7,65,,
2025-11-11,PPL,,381,359,367,,,138859,50713716.8,447,,
2025-11-11,PROFL,,477,456,460.3,,,12375,5723875.1,114,,
2025-11-11,PRVU,,194.8,184.3,191.9,,,234498,44131547.2,698,,
2025-11-11,PURE,,812.9,789,804,,,8452,6749085.9,185,,
2025-11-11,RADHI,,794.5,762.4,769,,,418689,323236596.5,1222,,
2025-11-11,RAWA,,718.9,695,718.9,,,401,283787,18,,
2025-11-11,RFPL,,354,335,350,,,14261,4973949.2,122,,
2025-11-11,RHGCL,,252,244,249,,,28066,6951007.2,119,,
2025-11-11,RHPL,,274,265.6,273,,,77314,20931754.1,247,,
2025-11-11,RIDI,,226,221.3,223,,,39547,8860226.8,124,,
2025-11-11,RLFL,,439,427.3,431.9,,,7850,3378086.5,53,,
2025-11-11,RNLI,,478,465,468.9,,,34621,16189305.2,284,,
2025-11-11,RSDC,,625,611,619.9,,,8261,5074876.8,70,,
2025-11-11,RURU,,765,745,755.2,,,14688,11097652.2,114,,
2025-11-11,SAGAR,,425.1,386.5,425.1,,,200,83874,20,,
2025-11-11,SAHAS,,694,665,672.9,,,530965,355871037.8,2631,,
2025-11-11,SANIMA,,310,302.5,305,,,62362,18958567.9,240,,
2025-11-11,SANVI,,599,568.1,589.9,,,18696,10961230.6,400,,
2025-11-11,SARBTM,,881,870,870,,,9156,8012478,85,,
2025-11-11,SBI,,395,389.2,395,,,16323,6381228.2,67,,
2025-11-11,SBL,,335,327.2,335,,,92679,30583500,107,,
2025-11-11,SCB,,645,637,641,,,18611,11893994.4,93,,
2025-11-11,SGHC,,331,319,322.1,,,2189,715515.1,51,,
2025-11-11,SHEL,,292.5,285,289.9,,,94674,27252234.2,311,,
2025-11-11,SHIVM,,614,603.4,607,,,263736,160519488.6,773,,
2025-11-11,SHL,,554.4,531,548.8,,,83496,46064503.5,99,,
2025-11-11,SHLB,,1845,1797.4,1845,,,335,610672.5,15,,
2025-11-11,SHPC,,505,496.2,503.6,,,38809,19419638.5,175,,
2025-11-11,SIFC,,497,485,493.5,,,6085,2972837,60,,
2025-11-11,SIKLES,,650,635,639.9,,,16415,10533052,104,,
2025-11-11,SJCL,,300,274.2,285.7,,,28483,8123508.5,218,,
2025-11-11,SJLIC,,434,425.2,430.6,,,16486,7064319.9,148,,
2025-11-11,SKBBL,,868,849,854,,,4543,3868119.2,70,,
2025-11-11,SLBBL,,850,833,841,,,1510,1264653.4,41,,
2025-11-11,SLBSL,,1309,1291,1297.1,,,2486,3228552.2,52,,
2025-11-11,SMATA,,809,783,786,,,13150,10337740.6,196,,
2025-11-11,SMB,,2137,2085,2130,,,542,1150472.5,21,,
2025-11-11,SMFBS,,1738,1670.9,1705,,,540,903946,6,,
2025-11-11,SMH,,770,731,760,,,1822,1351949,32,,
2025-11-11,SMHL,,844,781.1,810,,,8839,7117128.4,94,,
2025-11-11,SMJC,,501,489,500,,,5398,2676794.9,79,,
2025-11-11,SMPDA,,924,880,922,,,3825,3442143.6,70,,
2025-11-11,SNLI,,475,466.1,473.9,,,16420,7710127.4,310,,
2025-11-11,SONA,,418,411,414,,,21968,9078758.3,253,,
2025-11-11,SPC,,464,447,455,,,9544,4331638.2,74,,
2025-11-11,SPDL,,428,417.1,417.1,,,225839,95302318.5,510,,
2025-11-11,SPHL,,514,500,500,,,3147,1577367.9,33,,
2025-11-11,SPL,,953.2,925,943,,,173,162569.6,9,,
2025-11-11,SRLI,,394.9,385,393.8,,,12203,4753024.8,200,,
2025-11-11,SSHL,,172,166.1,168.2,,,128400,21498346.9,208,,
2025-11-11,STC,,5304,4997.1,5279,,,2486,12581033,54,,
2025-11-11,SWASTIK,,407.4,391.7,407.4,,,30,11986,3,,
2025-11-11,SWBBL,,797,780,783,,,8510,6666027.3,75,,
2025-11-11,SWMF,,682.9,661.5,676,,,11199,7469294.2,54,,
2025-11-11,TAMOR,,476.9,465.1,474.9,,,5618,2654899.4,100,,
2025-11-11,TPC,,330,317.1,326.9,,,33680,10861632.1,209,,
2025-11-11,TRH,,714.5,708,710.1,,,5519,3920960.6,77,,
2025-11-11,TSHL,,698,680.1,686,,,2462,1689643.4,31,,
2025-11-11,TTL,,719.4,706,719,,,11273,8023487.8,463,,
2025-11-11,TVCL,,418.2,408,417,,,1596,658821,45,,
2025-11-11,UHEWA,,598,565,575,,,4899,2816342.3,66,,
2025-11-11,ULBSL,,4150,3900,3985,,,667,2614141,27,,
2025-11-11,ULHC,,447,432,443,,,5249,2312106.8,58,,
2025-11-11,UMHL,,530,523.1,525.9,,,46754,24654728.5,119,,
2025-11-11,UMRH,,555,546.4,551,,,3120,1723919.3,25,,
2025-11-11,UNHPL,,530,521.2,522.4,,,88797,46506656.8,316,,
2025-11-11,UNL,,47000,47000,47000,,,20,940000,2,,
2025-11-11,UNLB,,1950,1898,1950,,,1062,2036275,21,,
2025-11-11,UPCL,,373.3,364,367.9,,,85923,31541518.7,209,,
2025-11-11,UPPER,,177.4,175,175.5,,,30983,5444973.9,223,,
2025-11-11,USHEC,,466,455,461,,,8883,4098433.8,86,,
2025-11-11,USHL,,723,697.1,712,,,1860,1320182,32,,
2025-11-11,USLB,,1953,1821,1950,,,8272,15706839.8,174,,
2025-11-11,VLBS,,790,766.1,790,,,415,322686.9,14,,
2025-11-11,VLUCL,,575.9,555.3,570,,,3517,1968519.2,50,,
2025-11-12,ACLBSL,,1019.8,976.2,995,,,739,736476.6,22,,
2025-11-12,ADBL,,316.9,312,313,,,19975,6242919.6,122,,
2025-11-12,AHL,,612.5,595,608.5,,,2622,1578541.5,42,,
2025-11-12,AHPC,,282.5,277.2,277.5,,,62592,17415724.5,261,,
2025-11-12,AKJCL,,190,185.5,186,,,21193,3955886.6,128,,
2025-11-12,AKPL,,245.9,240.1,241.2,,,33096,7979302.4,153,,
2025-11-12,ALBSL,,990,965.3,986,,,9419,9238219.5,99,,
2025-11-12,ALICL,,473.9,459.6,465,,,28335,13082631.7,248,,
2025-11-12,ANLB,,6250,6131.1,6185.9,,,168,1035439.7,18,,
2025-11-12,API,,283.5,277,279,,,67951,18975532.4,388,,
2025-11-12,AVYAN,,1009,965,990,,,3940,3844030.6,81,,
2025-11-12,BANDIPUR,,344.8,313.9,344.8,,,490,167734,49,,
2025-11-12,BARUN,,351.9,330,340,,,107121,36682687.1,496,,
2025-11-12,BBC,,4947,4785.4,4860,,,879,4247100.2,43,,
2025-11-12,BEDC,,682,595.5,682,,,98551,64388731,698,,
2025-11-12,BFC,,527.3,478.3,493.1,,,69293,34226210.4,353,,
2025-11-12,BGWT,,773,752,755.6,,,1150,877848,26,,
2025-11-12,BHCL,,455,437.2,445,,,27435,12205345.6,943,,
2025-11-12,BHDC,,516.8,478,485,,,156633,76573817.8,734,,
2025-11-12,BHL,,181,176.5,177,,,75582,13440369.5,346,,
2025-11-12,BHPL,,681,660,670,,,851,565768.6,27,,
2025-11-12,BNHC,,419.9,414,419.9,,,10463,4347159.5,82,,
2025-11-12,BNL,,16000,16000,16000,,,0,0,0,,
2025-11-12,BNT,,10900,10800,10800,,,90,976752,6,,
2025-11-12,BPCL,,739.5,700,705,,,110673,78630007.7,437,,
2025-11-12,BUNGAL,,402.3,373.1,402.3,,,520,208479,52,,
2025-11-12,CBBL,,998.5,990.1,993,,,11855,11760734.2,100,,
2025-11-12,CFCL,,495.3,480.5,483,,,6210,3006892.6,35,,
2025-11-12,CGH,,887.9,823,860,,,46302,39738102.8,227,,
2025-11-12,CHCL,,497.7,480.2,490,,,15183,7393951.1,97,,
2025-11-12,CHDC,,2397,2260,2262,,,32493,73932483.6,307,,
2025-11-12,CHL,,251.4,243.7,245,,,15060,3708331.7,103,,
2025-11-12,CIT,,1840,1820,1822,,,5935,10834585.3,155,,
2025-11-12,CITY,,577,525.3,547.2,,,7854,4236733.2,97,,
2025-11-12,CKHL,,597.9,581.4,587,,,1305,768317,36,,
2025-11-12,CLI,,471.9,460,464,,,14033,6495895,194,,
2025-11-12,CREST,,1254,1180,1214.8,,,13778,16531453.2,313,,
2025-11-12,CYCL,,1560,1511,1511,,,4587,6992674,110,,
2025-11-12,CZBIL,,193.2,187.8,188.5,,,22238,4194058.2,140,,
2025-11-12,DDBL,,859.5,842.5,843,,,5471,4627934.1,63,,
2025-11-12,DHEL,,580,520,522.1,,,123835,65747144,12298,,
2025-11-12,DHPL,,291.9,286.2,288,,,6564,1896499,55,,
2025-11-12,DLBS,,1399.8,1291.8,1331,,,1017,1347811,39,,
2025-11-12,DOLTI,,520.3,490.1,509.6,,,17019,8724260,169,,
2025-11-12,DORDI,,264,250,258,,,141020,36362266.3,480,,
2025-11-12,EBL,,639,630.1,634,,,38337,24278381.9,144,,
2025-11-12,EHPL,,446,428,433,,,54486,23627350.9,381,,
2025-11-12,ENL,,897.6,881.1,890,,,925,821908.5,27,,
2025-11-12,FMDBL,,839,805.9,838.5,,,28138,23178874.5,138,,
2025-11-12,FOWAD,,1077.1,1060.1,1072,,,4735,5052413.3,65,,
2025-11-12,GBIME,,228.9,223.5,225.5,,,136513,30926985.9,340,,
2025-11-12,GBLBS,,780,780,780,,,0,0,0,,
2025-11-12,GCIL,,432.7,421.2,422,,,14244,6060353.2,151,,
2025-11-12,GFCL,,600,571.4,574,,,8811,5093432.1,98,,
2025-11-12,GHL,,215,211,212.3,,,18163,3848996.9,89,,
2025-11-12,GILB,,1208.7,1181.2,1188.1,,,865,1031625.8,27,,
2025-11-12,GLBSL,,2020,1980,1981,,,950,1895060.5,37,,
2025-11-12,GLH,,257,254,255,,,22471,5747345.5,112,,
2025-11-12,GMFBS,,1530,1507.4,1525,,,447,676300.9,14,,
2025-11-12,GMFIL,,462,445,460,,,14888,6731971.9,83,,
2025-11-12,GMLI,,1805,1770.3,1794.5,,,2126,3804679,86,,
2025-11-12,GUFL,,520,503,503,,,6733,3448425.5,67,,
2025-11-12,GVL,,520,501,512.4,,,51514,26354985.9,189,,
2025-11-12,HATHY,,927,906.5,919.9,,,8593,7857459.9,122,,
2025-11-12,HBL,,192,189.8,190.3,,,95427,18169322.9,2052,,
2025-11-12,HDHPC,,174.9,173,173,,,15565,2700291.3,90,,
2025-11-12,HDL,,1182.1,1151,1152,,,28879,33351766.1,440,,
2025-11-12,HHL,,335,328,330,,,12848,4252664.4,75,,
2025-11-12,HIDCL,,265,261.2,261.2,,,96442,25452973.7,202,,
2025-11-12,HIMSTAR,,602,594,599,,,5670,3385857.8,291,,
2025-11-12,HLBSL,,901,888,901,,,884,785945,13,,
2025-11-12,HLI,,374.8,369,369.8,,,20715,7686792.5,202,,
2025-11-12,HPPL,,487,460.8,485,,,132491,63346187.3,461,,
2025-11-12,HRL,,813.9,790,791,,,60853,48339955,686,,
2025-11-12,HURJA,,227.1,218.9,222,,,35376,7822606.7,151,,
2025-11-12,ICFC,,630,610.3,610.3,,,7287,4512985,76,,
2025-11-12,IHL,,520,513.1,520,,,1300,671598.5,20,,
2025-11-12,ILBS,,1136,1119,1136,,,5776,6486422.7,40,,
2025-11-12,ILI,,456,444.6,452,,,14092,6366596.3,242,,
2025-11-12,JBLB,,1469,1418.1,1423,,,8387,11973659.9,94,,
2025-11-12,JFL,,445,430,430,,,7252,3141311.6,71,,
2025-11-12,JOSHI,,318,298.6,307.7,,,11914,3658257.2,137,,
2025-11-12,JSLBB,,1142,1139,1139,,,340,387362,3,,
2025-11-12,KBL,,184,180.4,181.9,,,89467,16252856.7,293,,
2025-11-12,KBSH,,1799,1766,1766,,,71,127037,4,,
2025-11-12,KDL,,900,880.1,885,,,3652,3245914.4,67,,
2025-11-12,KKHC,,250,240.6,240.6,,,11452,2829345.1,73,,
2025-11-12,KMCDB,,1013,993.5,997,,,1397,1393900.5,27,,
2025-11-12,KPCL,,554,547,550,,,28800,15790621.1,121,,
2025-11-12,LEC,,200.3,193.5,193.5,,,41022,8004821.2,173,,
2025-11-12,LICN,,868,844.1,850,,,17086,14547036,79,,
2025-11-12,LLBS,,926.6,911.4,916,,,400,366510,7,,
2025-11-12,LSL,,220,215.7,217.8,,,29363,6396611.5,70,,
2025-11-12,MABEL,,596.7,511,516.2,,,125480,66038057,12463,,
2025-11-12,MAKAR,,560,545,553.8,,,734,402051.2,21,,
2025-11-12,MANDU,,790,777,783,,,2447,1911039.9,37,,
2025-11-12,MATRI,,998.9,965.5,985.3,,,697,687445.3,13,,
2025-11-12,MBJC,,287.1,278.3,278.3,,,15987,4470363.5,240,,
2025-11-12,MBL,,211,207.5,210.2,,,22187,4642111.4,75,,
2025-11-12,MCHL,,489,476.1,479.1,,,733,351566.3,25,,
2025-11-12,MEHL,,404,396.5,400,,,12171,4863437.7,92,,
2025-11-12,MEL,,283.5,269.9,278.1,,,48521,13551339.3,261,,
2025-11-12,MEN,,648.7,624,625,,,104021,65320628.5,618,,
2025-11-12,MERO,,771,705,728,,,18209,13413391.5,142,,
2025-11-12,MFIL,,585.9,571.2,575,,,4463,2567436.1,31,,
2025-11-12,MHCL,,399.9,387,392.9,,,6214,2430636.2,71,,
2025-11-12,MHL,,484.5,470,477.3,,,7583,3578794.8,80,,
2025-11-12,MHNL,,240,236.4,240,,,5532,1317489.6,38,,
2025-11-12,MKCL,,1399,1370.1,1373,,,3841,5283157.4,90,,
2025-11-12,MKHC,,373.7,360.7,366.9,,,4190,1515888,35,,
2025-11-12,MKHL,,766,748.5,764.8,,,1430,1083959,32,,
2025-11-12,MKJC,,556,545,550,,,9143,5010482,62,,
2025-11-12,MLBBL,,1464,1445,1464,,,2100,3045810,9,,
2025-11-12,MLBS,,1529,1499,1529,,,460,690692,15,,
2025-11-12,MLBSL,,2050,1996,2029,,,873,1761217.7,26,,
2025-11-12,MMKJL,,608.9,593,604,,,18461,11079924.9,52,,
2025-11-12,MPFL,,549,530,531.1,,,12182,6545915.1,93,,
2025-11-12,MSHL,,896,881,896,,,514,454925,19,,
2025-11-12,MSLB,,1427,1320,1373,,,7449,10084739.1,80,,
2025-11-12,NABIL,,508.9,504,504,,,29577,14939381.3,350,,
2025-11-12,NADEP,,756.9,742,747,,,1078,801056.2,23,,
2025-11-12,NBL,,243.9,236.3,238,,,108356,25779896.9,330,,
2025-11-12,NESDO,,1494.9,1466.1,1470.1,,,359,529416.3,20,,
2025-11-12,NFS,,668,636,641.9,,,19196,12497446.6,225,,
2025-11-12,NGPL,,380,371.2,371.9,,,59508,22252240.6,253,,
2025-11-12,NHDL,,685,668,668,,,2083,1404272.8,40,,
2025-11-12,NHPC,,191.9,187.3,189,,,38788,7333773.2,153,,
2025-11-12,NICA,,316.4,311.5,311.8,,,31341,9803660.5,216,,
2025-11-12,NICLBSL,,551,540.1,545.1,,,2147,1177066,61,,
2025-11-12,NIFRA,,272,265,265,,,72264,19290886.8,343,,
2025-11-12,NIMB,,196,192,193.5,,,52326,10103916.6,255,,
2025-11-12,NLIC,,813.9,793.8,798,,,72505,58152496.2,351,,
2025-11-12,NLICL,,619,592.7,603,,,37520,22416411.9,201,,
2025-11-12,NLO,,244.33,244.33,244.33,,,0,0,0,,
2025-11-12,NMB,,233,231.8,232.5,,,18453,4288415.2,109,,
2025-11-12,NMBMF,,663,655,655.5,,,1041,682214.3,10,,
2025-11-12,NMFBS,,1270,1232,1251,,,2580,3226722,41,,
2025-11-12,NMLBBL,,645.9,625.6,632,,,14899,9537968.4,35,,
2025-11-12,NRIC,,1357,1313,1318,,,51200,67918945.8,339,,
2025-11-12,NRM,,421.9,410,415.5,,,18285,7644492.1,166,,
2025-11-12,NRN,,2085.9,1995,1995,,,198361,403403542.6,1860,,
2025-11-12,NTC,,875,852.6,855,,,9857,8440519.5,146,,
2025-11-12,NUBL,,745,724,724,,,8832,6416951.5,55,,
2025-11-12,NWCL,,788,781,788,,,1555,1215900,29,,
2025-11-12,NYADI,,393,382.2,387.9,,,6685,2591889.6,74,,
2025-11-12,OHL,,715.3,690,705,,,5364,3740898,44,,
2025-11-12,OMPL,,1170,1126.1,1133,,,5787,6590720.1,196,,
2025-11-12,PCBL,,242,238.5,240.2,,,30724,7378472.5,99,,
2025-11-12,PFL,,383,380,380,,,10776,4101614.8,85,,
2025-11-12,PHCL,,361,346,361,,,11437,4035845.6,160,,
2025-11-12,PMHPL,,329.5,320.1,320.1,,,24685,7950270.3,102,,
2025-11-12,PMLI,,489,478,482,,,4029,1936903.1,117,,
2025-11-12,PPCL,,324,318,318,,,20936,6708196.4,98,,
2025-11-12,PPL,,365.7,344.9,357.7,,,156712,55301096.9,549,,
2025-11-12,PROFL,,469,457,458.1,,,10590,4863170.8,67,,
2025-11-12,PRVU,,195.7,186.3,188.9,,,84326,15922719.2,324,,
2025-11-12,PURE,,820,790,794,,,3322,2650147,105,,
2025-11-12,RADHI,,774,740,745,,,294796,221415773.3,930,,
2025-11-12,RAWA,,710,704.6,710,,,159,112508,9,,
2025-11-12,RFPL,,356,343.5,347.1,,,6227,2170971,72,,
2025-11-12,RHGCL,,251,242.1,245,,,42319,10411981.7,183,,
2025-11-12,RHPL,,273,265,266,,,26637,7151377,158,,
2025-11-12,RIDI,,224.9,221,221,,,34406,7659274.6,137,,
2025-11-12,RLFL,,435,425,427,,,11883,5069467.2,79,,
2025-11-12,RNLI,,471.2,459.8,460,,,38547,17838308.4,387,,
2025-11-12,RSDC,,632,606,606,,,7823,4785691.4,75,,
2025-11-12,RURU,,754.8,736,754.8,,,17764,13170164.9,107,,
2025-11-12,SAGAR,,467.6,430.1,467.6,,,210,97195,21,,
2025-11-12,SAHAS,,680,664.2,664.2,,,209356,140138197.3,1108,,
2025-11-12,SANIMA,,311,298,301,,,122250,36698899.6,336,,
2025-11-12,SANVI,,590,580,580,,,10479,6112549,294,,
2025-11-12,SARBTM,,903,865,900,,,55958,49414135.7,246,,
2025-11-12,SBI,,395,388,391,,,11197,4376927.1,33,,
2025-11-12,SBL,,335,324.4,328.8,,,91138,30021328.1,102,,
2025-11-12,SCB,,642,635,639,,,16743,10681556.5,106,,
2025-11-12,SGHC,,335,323,333,,,10805,3566229.8,112,,
2025-11-12,SHEL,,292.8,283,285,,,138436,39380255.7,372,,
2025-11-12,SHIVM,,612,600,600.3,,,130606,78834170.3,485,,
2025-11-12,SHL,,551.9,540,541.5,,,25230,13722802.7,107,,
2025-11-12,SHLB,,1881.8,1814,1814,,,95,173318,3,,
2025-11-12,SHPC,,506.9,495,498.9,,,75102,37376343,209,,
2025-11-12,SIFC,,495,485,490,,,5815,2828990.9,51,,
2025-11-12,SIKLES,,647,635,637,,,6033,3847562.3,59,,
2025-11-12,SJCL,,293.7,285,293.7,,,28713,8307821.7,180,,
2025-11-12,SJLIC,,436,427.6,427.6,,,20466,8777999,129,,
2025-11-12,SKBBL,,868,850,858,,,25964,22226540.4,296,,
2025-11-12,SLBBL,,851,843,844.1,,,4968,4200805,79,,
2025-11-12,SLBSL,,1300,1280.1,1282.1,,,2858,3693403.9,50,,
2025-11-12,SMATA,,796,775.2,776,,,11824,9250046.1,153,,
2025-11-12,SMB,,2125,2091,2095,,,378,796295.6,17,,
2025-11-12,SMFBS,,1708,1647,1680,,,630,1049546.6,19,,
2025-11-12,SMH,,774,744,748.5,,,520,394905,16,,
2025-11-12,SMHL,,808,779,794.9,,,6478,5106056.5,71,,
2025-11-12,SMJC,,500,495,500,,,3565,1772133,71,,
2025-11-12,SMPDA,,906,877.1,904,,,4491,3973900,91,,
2025-11-12,SNLI,,480,467,471.6,,,23951,11310414.4,313,,
2025-11-12,SONA,,420,410,410.8,,,23972,9920217.9,242,,
2025-11-12,SPC,,461,446,454,,,4223,1906932.1,32,,
2025-11-12,SPDL,,420,405,406,,,136502,56183525.9,435,,
2025-11-12,SPHL,,503,496,503,,,3983,1984451.6,41,,
2025-11-12,SPL,,960,910,910,,,610,574374,13,,
2025-11-12,SRLI,,393.5,387.1,387.1,,,13785,5381623.9,176,,
2025-11-12,SSHL,,169.7,164,167,,,111779,18507326.5,220,,
2025-11-12,STC,,5295,5160,5200,,,453,2361481,29,,
2025-11-12,SWASTIK,,421.6,413.4,421.6,,,20,8350,2,,
2025-11-12,SWBBL,,795,780,781.1,,,5343,4185191.2,49,,
2025-11-12,SWMF,,680,667,679,,,3825,2594771.8,47,,
2025-11-12,TAMOR,,475,466.1,466.1,,,5441,2545379,79,,
2025-11-12,TPC,,335.6,325,326.9,,,76051,25000648.7,250,,
2025-11-12,TRH,,710.4,699.9,701,,,11373,7975448.2,132,,
2025-11-12,TSHL,,689,673,689,,,968,662332,25,,
2025-11-12,TTL,,719.9,707,707.1,,,13812,9811795.2,440,,
2025-11-12,TVCL,,421.9,405,408,,,5327,2199105.8,65,,
2025-11-12,UHEWA,,585,570.1,579.5,,,8836,5120081.8,88,,
2025-11-12,ULBSL,,3927,3851,3927,,,2740,10606982.1,39,,
2025-11-12,ULHC,,443,427.5,427.6,,,5903,2559435.1,60,,
2025-11-12,UMHL,,530,518,526,,,32046,16890579.2,116,,
2025-11-12,UMRH,,547.1,543.2,543.3,,,2624,1429367.7,26,,
2025-11-12,UNHPL,,526,517,520.9,,,260308,135570413.1,545,,
2025-11-12,UNL,,47000,47000,47000,,,0,0,0,,
2025-11-12,UNLB,,1935,1925,1930.1,,,110,212197,8,,
2025-11-12,UPCL,,375.2,360.2,361.3,,,49287,17882906.9,182,,
2025-11-12,UPPER,,177,174,174.5,,,52869,9239225.9,263,,
2025-11-12,USHEC,,499,463.2,485.5,,,61457,29569231.9,344,,
2025-11-12,USHL,,715,700,700,,,1620,1137609,17,,
2025-11-12,USLB,,1950,1817,1889,,,28473,54410214,171,,
2025-11-12,VLBS,,785,767,779.9,,,1508,1164828,22,,
2025-11-12,VLUCL,,565,555.1,560,,,4829,2700687.6,64,,
2025-11-13,ACLBSL,,995,979.2,994,,,618,612659,14,,
2025-11-13,ADBL,,313.9,311.5,312,,,39923,12469171.3,155,,
2025-11-13,AHL,,612,586.1,609,,,13989,8422621.7,138,,
2025-11-13,AHPC,,282,277,278,,,69455,19326218,274,,
2025-11-13,AKJCL,,188,185,186.8,,,30378,5651431.1,117,,
2025-11-13,AKPL,,244.7,240,241.5,,,43490,10499581.4,197,,
2025-11-13,ALBSL,,993,966.3,993,,,11284,11089809.4,80,,
2025-11-13,ALICL,,472,457.2,457.2,,,37148,17078531.4,257,,
2025-11-13,ANLB,,6305,6070,6248.9,,,517,3207113.8,41,,
2025-11-13,API,,282,277,279,,,76950,21483915.4,373,,
2025-11-13,AVYAN,,1000,971,995,,,1098,1079196.2,33,,
2025-11-13,BANDIPUR,,379.2,344.5,379.2,,,610,230274,61,,
2025-11-13,BARUN,,351.3,337,345,,,100161,34558569.5,454,,
2025-11-13,BBC,,4939,4783,4900,,,438,2132413,32,,
2025-11-13,BEDC,,716,613.8,716,,,93062,59092369.6,524,,
2025-11-13,BFC,,512,475,477.4,,,38753,18838941.2,320,,
2025-11-13,BGWT,,770,753,758,,,1556,1186144.7,32,,
2025-11-13,BHCL,,458,436.9,447,,,37162,16560855.4,800,,
2025-11-13,BHDC,,495,475.6,482,,,62699,30379465.8,345,,
2025-11-13,BHL,,178.9,175,177,,,65759,11636415.2,364,,
2025-11-13,BHPL,,680.7,653.1,665,,,925,610835,19,,
2025-11-13,BNHC,,423,414.3,420.3,,,3408,1428858.3,48,,
2025-11-13,BNL,,16000,16000,16000,,,0,0,0,,
2025-11-13,BNT,,11000,10780.1,10800,,,247,2688465,15,,
2025-11-13,BPCL,,715,691,701,,,107021,75608261.9,385,,
2025-11-13,BUNGAL,,442.5,410.3,442.5,,,4850,2145334,485,,
2025-11-13,CBBL,,999,990,997.5,,,6258,6221761.8,85,,
2025-11-13,CFCL,,485,479.1,482,,,9626,4638154.7,49,,
2025-11-13,CGH,,877,842.8,875,,,21701,18772026.5,141,,
2025-11-13,CHCL,,490.4,480.5,484.6,,,41395,19979539.5,224,,
2025-11-13,CHDC,,2304,2216.8,2247,,,37153,83652028.7,403,,
2025-11-13,CHL,,247.4,240.1,244,,,14090,3454838.9,107,,
2025-11-13,CIT,,1830,1819,1820,,,8188,14916793.9,160,,
2025-11-13,CITY,,546.7,528,544.9,,,5673,3064539.7,80,,
2025-11-13,CKHL,,595,575.6,591.6,,,1974,1151986.6,37,,
2025-11-13,CLI,,469,459,459,,,13104,6023236,199,,
2025-11-13,CREST,,1238.2,1181.1,1238.2,,,15129,18162283.9,307,,
2025-11-13,CYCL,,1522.9,1485,1504,,,4298,6431004.4,105,,
2025-11-13,CZBIL,,195,186.3,192,,,62716,11833748.3,166,,
2025-11-13,DDBL,,854,835.1,840,,,5281,4441166,122,,
2025-11-13,DHEL,,574,502,558,,,56540,30759008.8,5389,,
2025-11-13,DHPL,,300.9,283.2,291,,,12264,3594542.6,90,,
2025-11-13,DLBS,,1342,1305.1,1325,,,310,409470.3,22,,
2025-11-13,DOLTI,,537.6,502.6,531,,,18881,10023672.8,210,,
2025-11-13,DORDI,,263.1,253,256.5,,,54408,13962917.9,271,,
2025-11-13,EBL,,638,630,631,,,23821,15042049.7,158,,
2025-11-13,EHPL,,433,409,417,,,56787,23765988,335,,
2025-11-13,ENL,,904,876.5,902.8,,,446,398246.5,16,,
2025-11-13,FMDBL,,838,821.9,828,,,13209,10919048,96,,
2025-11-13,FOWAD,,1077,1062.1,1068,,,662,710399.8,24,,
2025-11-13,GBIME,,228.3,225.1,226.1,,,88086,19999561.1,377,,
2025-11-13,GBLBS,,780,780,780,,,0,0,0,,
2025-11-13,GCIL,,425.5,419,425.5,,,13298,5617122.7,158,,
2025-11-13,GFCL,,582.5,562.6,580,,,5028,2908999.53,52,,
2025-11-13,GHL,,214,209.8,212.5,,,23624,5005196.9,101,,
2025-11-13,GILB,,1208,1195.2,1196,,,3696,4430654.8,48,,
2025-11-13,GLBSL,,2060.2,1955,2012,,,706,1405707.8,35,,
2025-11-13,GLH,,256.9,250.1,252.8,,,15534,3943416.4,137,,
2025-11-13,GMFBS,,1554.9,1509.3,1510,,,279,424264.3,13,,
2025-11-13,GMFIL,,464.1,447,450,,,8715,3980313.8,56,,
2025-11-13,GMLI,,1820,1760,1780,,,4892,8751617.2,123,,
2025-11-13,GUFL,,510,495.1,502,,,10852,5438620.1,81,,
2025-11-13,GVL,,526,502.2,523.7,,,92258,47973022.6,366,,
2025-11-13,HATHY,,923,910,919,,,4865,4454795.1,82,,
2025-11-13,HBL,,191,186.3,189,,,103061,19370192.9,1402,,
2025-11-13,HDHPC,,175,171,172,,,75817,13057491.8,208,,
2025-11-13,HDL,,1142,1118,1125.3,,,123142,139170063.7,1395,,
2025-11-13,HHL,,343,325.2,336,,,40972,13777402.9,185,,
2025-11-13,HIDCL,,277.1,256.1,261,,,96415,25247837.7,280,,
2025-11-13,HIMSTAR,,612,595,600,,,9741,5895342.7,337,,
2025-11-13,HLBSL,,890,883,885,,,196,173268,15,,
2025-11-13,HLI,,375,368,371,,,18476,6846299.2,271,,
2025-11-13,HPPL,,528,475.3,499,,,339036,168043998.2,911,,
2025-11-13,HRL,,806.8,789,790.6,,,76817,60932122.3,765,,
2025-11-13,HURJA,,225.8,218.6,220,,,38886,8596803.2,120,,
2025-11-13,ICFC,,622.5,611,615,,,7338,4520227,68,,
2025-11-13,IHL,,527.8,510.2,527.8,,,7092,3727414.6,71,,
2025-11-13,ILBS,,1156,1115.3,1130,,,2944,3306895.1,29,,
2025-11-13,ILI,,461,448.7,452,,,9325,4205231.3,208,,
2025-11-13,JBLB,,1450,1405.1,1430,,,6777,9709003.5,111,,
2025-11-13,JFL,,438,428,431,,,5929,2563111.8,42,,
2025-11-13,JOSHI,,328.4,305,316.9,,,36543,11388857.1,226,,
2025-11-13,JSLBB,,1150,1095,1150,,,388,435524.5,16,,
2025-11-13,KBL,,182.5,178.3,180.1,,,148888,26887178.4,472,,
2025-11-13,KBSH,,1803,1750,1803,,,286,512961,11,,
2025-11-13,KDL,,902,884,884,,,930,824213,24,,
2025-11-13,KKHC,,245,236,238,,,18575,4458565.1,103,,
2025-11-13,KMCDB,,1005,980,1005,,,2290,2271483.6,45,,
2025-11-13,KPCL,,562.9,539,552.2,,,34372,19063711.2,191,,
2025-11-13,LEC,,197.3,190,194,,,46391,9031625.1,207,,
2025-11-13,LICN,,859,842,846,,,19043,16147996.6,119,,
2025-11-13,LLBS,,920,898,901.3,,,368,332546.8,15,,
2025-11-13,LSL,,221.9,213.5,220,,,58617,12760988.1,143,,
2025-11-13,MABEL,,567.8,500,567.8,,,40560,22001397,4035,,
2025-11-13,MAKAR,,561,543.8,561,,,2610,1447833,33,,
2025-11-13,MANDU,,783,773.1,773.1,,,1625,1267566,46,,
2025-11-13,MATRI,,975,970,970,,,303,293986.6,12,,
2025-11-13,MBJC,,280,272.8,277.1,,,19011,5273667.6,268,,
2025-11-13,MBL,,211.3,208,209.1,,,9261,1937307.5,66,,
2025-11-13,MCHL,,483.9,470,475,,,2110,1012727,36,,
2025-11-13,MEHL,,410,394,410,,,14495,5871671.5,131,,
2025-11-13,MEL,,283,274.2,277,,,17485,4888665.3,165,,
2025-11-13,MEN,,631,624,627,,,130306,81679267.5,540,,
2025-11-13,MERO,,753,721,738.5,,,5972,4417082.4,73,,
2025-11-13,MFIL,,584,570,580,,,9039,5196937,60,,
2025-11-13,MHCL,,402,385.2,397.9,,,3270,1294956.3,52,,
2025-11-13,MHL,,485,471.1,475,,,17394,8319410.9,87,,
2025-11-13,MHNL,,240,235.2,240,,,9110,2169857.3,69,,
2025-11-13,MKCL,,1399,1360,1361,,,5297,7236529.6,90,,
2025-11-13,MKHC,,366,353.2,364.9,,,2325,839735.5,44,,
2025-11-13,MKHL,,756,750,752,,,640,481339,22,,
2025-11-13,MKJC,,556.8,539.4,553.8,,,27779,15141996.6,131,,
2025-11-13,MLBBL,,1473,1444.3,1459.9,,,150,219751,11,,
2025-11-13,MLBS,,1530.1,1500.1,1528.9,,,565,849731,12,,
2025-11-13,MLBSL,,2029,1991,2015,,,1724,3445054,21,,
2025-11-13,MMKJL,,609.9,590,595.3,,,5136,3066054.6,45,,
2025-11-13,MPFL,,535,525,534,,,7866,4165172.6,52,,
2025-11-13,MSHL,,885,881,882,,,235,207335,13,,
2025-11-13,MSLB,,1372,1346,1357,,,1393,1897587.9,42,,
2025-11-13,NABIL,,505.1,502,503,,,32775,16502822.2,334,,
2025-11-13,NADEP,,749,737,749,,,139,103138,10,,
2025-11-13,NBL,,240,235.6,238.9,,,33024,7820025.8,166,,
2025-11-13,NESDO,,1500,1462,1500,,,409,607891.6,25,,
2025-11-13,NFS,,653.9,629.1,643,,,24419,15637957,171,,
2025-11-13,NGPL,,379,368.4,369.7,,,106032,39313830.2,336,,
2025-11-13,NHDL,,679,655.5,660,,,4694,3126045.4,36,,
2025-11-13,NHPC,,190.8,187,187.2,,,30639,5758679.5,140,,
2025-11-13,NICA,,314,308.2,308.9,,,46844,14500379,302,,
2025-11-13,NICLBSL,,556,542,547,,,6909,3777361.4,73,,
2025-11-13,NIFRA,,269,264.1,266,,,83951,22315995.2,370,,
2025-11-13,NIMB,,196,191,193.9,,,90385,17404950.8,272,,
2025-11-13,NLIC,,810.9,782.2,801,,,42315,33778847.9,301,,
2025-11-13,NLICL,,609,594,595.5,,,14606,8737052.1,164,,
2025-11-13,NLO,,244.33,244.33,244.33,,,0,0,0,,
2025-11-13,NMB,,253,231.3,237.6,,,60592,14135228.5,149,,
2025-11-13,NMBMF,,662,642,654,,,2333,1514007.8,25,,
2025-11-13,NMFBS,,1300,1251,1270,,,22470,29153990.5,30,,
2025-11-13,NMLBBL,,635,627,628,,,1891,1188088.6,32,,
2025-11-13,NRIC,,1348.4,1291.8,1310,,,58512,77381389.9,439,,
2025-11-13,NRM,,423.8,414.1,416,,,10899,4557948,140,,
2025-11-13,NRN,,2014,1980,1981,,,65538,130554416.2,781,,
2025-11-13,NTC,,862.8,852.6,856,,,5299,4537984.8,97,,
2025-11-13,NUBL,,735,724,725,,,6416,4663288.7,43,,
2025-11-13,NWCL,,788,777,779.2,,,710,552577,35,,
2025-11-13,NYADI,,395,381.1,389.9,,,7698,2977456.1,93,,
2025-11-13,OHL,,714,678,698.7,,,8942,6144737.8,94,,
2025-11-13,OMPL,,1149.9,1124.19,1146,,,4995,5684195.2,161,,
2025-11-13,PCBL,,247.3,238.5,247.3,,,76113,18431245.3,191,,
2025-11-13,PFL,,383,378,380,,,3765,1433704.6,51,,
2025-11-13,PHCL,,361,346.8,353.7,,,10931,3813970,118,,
2025-11-13,PMHPL,,330,316.1,323.6,,,30031,9723610.6,117,,
2025-11-13,PMLI,,484,474,479,,,8351,4009397.4,123,,
2025-11-13,PPCL,,328,316,324,,,21161,6822176.2,114,,
2025-11-13,PPL,,363.9,340,349,,,230149,79824264.2,629,,
2025-11-13,PROFL,,467,451,463,,,8441,3877166,66,,
2025-11-13,PRVU,,190.8,188.3,189.5,,,55877,10595541.4,208,,
2025-11-13,PURE,,800,780.1,790,,,2855,2246853.5,90,,
2025-11-13,RADHI,,759.9,733.1,740,,,126253,93474950.1,493,,
2025-11-13,RAWA,,701.2,700,700,,,680,476259,14,,
2025-11-13,RFPL,,355,341,352,,,44831,15631614.4,174,,
2025-11-13,RHGCL,,250,240.1,248,,,59737,14645546.6,229,,
2025-11-13,RHPL,,272,263,268,,,25836,6929898.3,136,,
2025-11-13,RIDI,,227.9,220,227.9,,,60366,13492282.5,195,,
2025-11-13,RLFL,,429.9,424,428.5,,,7418,3165218.7,44,,
2025-11-13,RNLI,,471,457,467,,,41629,19399772.5,368,,
2025-11-13,RSDC,,617.8,600,607,,,10365,6289988.2,71,,
2025-11-13,RURU,,830,740,830,,,77482,58024368,170,,
2025-11-13,SAGAR,,514.3,476.9,514.3,,,270,137943,27,,
2025-11-13,SAHAS,,672.7,664.5,667,,,183176,122336815.3,886,,
2025-11-13,SANIMA,,306.9,298,300,,,116111,34811998.8,295,,
2025-11-13,SANVI,,590,572,580,,,8451,4895312,261,,
2025-11-13,SARBTM,,918,890,905,,,19648,17712756,191,,
2025-11-13,SBI,,391.5,383.5,391.5,,,8981,3484499.5,56,,
2025-11-13,SBL,,334.9,325,326.9,,,33648,10976892.4,62,,
2025-11-13,SCB,,639.1,635,637,,,10261,6528189.2,80,,
2025-11-13,SGHC,,366.3,333,366.3,,,59422,21105902,351,,
2025-11-13,SHEL,,288.3,282.2,284,,,85375,24275147,289,,
2025-11-13,SHIVM,,605,588.4,598,,,158988,95189063.6,648,,
2025-11-13,SHL,,547,536,539.7,,,48141,25981517,135,,
2025-11-13,SHLB,,1850,1800,1820,,,473,858083,16,,
2025-11-13,SHPC,,502,495,495.1,,,46162,22955213.8,237,,
2025-11-13,SIFC,,492.9,482,489,,,4687,2271438.2,48,,
2025-11-13,SIKLES,,649.7,630,639.9,,,12441,7954687,87,,
2025-11-13,SJCL,,295.3,287,287.5,,,7418,2146188,70,,
2025-11-13,SJLIC,,430,424,427,,,15639,6658735.1,139,,
2025-11-13,SKBBL,,865,848.5,850,,,14238,12150850.1,158,,
2025-11-13,SLBBL,,850,837,838.2,,,2611,2196458,65,,
2025-11-13,SLBSL,,1299.7,1273,1288.9,,,1751,2247237.3,38,,
2025-11-13,SMATA,,789.6,775.2,779.1,,,9219,7199049.5,134,,
2025-11-13,SMB,,2110,2095,2095,,,360,758173.8,17,,
2025-11-13,SMFBS,,1709,1675,1675,,,20,33840,2,,
2025-11-13,SMH,,762,733,751.9,,,812,600428,19,,
2025-11-13,SMHL,,809.8,764,775,,,3465,2708045.6,68,,
2025-11-13,SMJC,,502,490.2,498.9,,,3971,1972538.4,87,,
2025-11-13,SMPDA,,900,875,883,,,3041,2678726.3,62,,
2025-11-13,SNLI,,473,465,467.3,,,21244,9985493.1,209,,
2025-11-13,SONA,,417.6,409.2,412,,,18717,7722317.9,224,,
2025-11-13,SPC,,458.8,448.3,451,,,6558,2958915,74,,
2025-11-13,SPDL,,417,407,412.4,,,104229,42805096.8,363,,
2025-11-13,SPHL,,505,493.3,505,,,1682,839490,23,,
2025-11-13,SPL,,950,903.7,920,,,1268,1170819.6,45,,
2025-11-13,SRLI,,390.5,385,389,,,16786,6510887,152,,
2025-11-13,SSHL,,168,165.2,165.7,,,55511,9226505.9,194,,
2025-11-13,STC,,5268,5126,5224,,,572,2976026,23,,
2025-11-13,SWASTIK,,438.6,419.9,438.6,,,30,12885,3,,
2025-11-13,SWBBL,,796,778,790,,,6053,4748804.1,66,,
2025-11-13,SWMF,,690,677,686,,,22417,15436301.9,53,,
2025-11-13,TAMOR,,478,462,471.9,,,18031,8434393.3,130,,
2025-11-13,TPC,,327.9,322.1,323,,,29937,9710965.5,153,,
2025-11-13,TRH,,707,699.8,702,,,6212,4364082,62,,
2025-11-13,TSHL,,701.8,662.1,691,,,2853,1946709.4,58,,
2025-11-13,TTL,,716,705,707,,,9737,6882508.3,395,,
2025-11-13,TVCL,,434,402.1,418,,,6548,2702108.6,70,,
2025-11-13,UHEWA,,588.5,571.2,580,,,9907,5786348.4,80,,
2025-11-13,ULBSL,,4069,3816,3890,,,1096,4203731,44,,
2025-11-13,ULHC,,446,427,442,,,13864,6088462.9,106,,
2025-11-13,UMHL,,534,515.5,530,,,25346,13421734.9,114,,
2025-11-13,UMRH,,552.9,535.8,536,,,10252,5534783.3,75,,
2025-11-13,UNHPL,,525,517.6,525,,,255692,133088368.6,421,,
2025-11-13,UNL,,46500,46500,46500,,,10,465000,1,,
2025-11-13,UNLB,,1946,1905.1,1930,,,334,646782,15,,
2025-11-13,UPCL,,365.8,355,363.4,,,52611,19113775.4,216,,
2025-11-13,UPPER,,176.8,174,174,,,57993,10132505,318,,
2025-11-13,USHEC,,486,468,482,,,13654,6519002.5,130,,
2025-11-13,USHL,,720,696.2,702.9,,,2864,2042629,33,,
2025-11-13,USLB,,1924,1860,1885,,,6839,12790220.8,119,,
2025-11-13,VLBS,,790,750,780,,,2465,1886570.4,24,,
2025-11-13,VLUCL,,565,549,559,,,3242,1802241.3,52,,
2025-11-16,ACLBSL,,990,975.3,979,,,1853,1815325.8,40,,
2025-11-16,ADBL,,314.5,310.1,312,,,22740,7086510.6,124,,
2025-11-16,AHL,,620,586,608.3,,,2616,1568930.1,69,,
2025-11-16,AHPC,,280,276.2,278.6,,,44579,12362166.6,184,,
2025-11-16,AKJCL,,189,184.3,185.5,,,29570,5486881.6,129,,
2025-11-16,AKPL,,246.3,238.4,239.9,,,41247,9869382.8,186,,
2025-11-16,ALBSL,,985,970,975,,,12447,12151981.1,101,,
2025-11-16,ALICL,,463,452.2,452.5,,,31321,14256670.7,240,,
2025-11-16,ANLB,,6215.1,6124,6174.9,,,85,521799.4,11,,
2025-11-16,API,,283.5,278,279.4,,,39873,11147685.9,209,,
2025-11-16,AVYAN,,995,958.1,973.9,,,2118,2057989,66,,
2025-11-16,BANDIPUR,,417.1,386.7,417.1,,,820,341273,82,,
2025-11-16,BARUN,,340,325.6,332.2,,,394977,131872425.7,1335,,
2025-11-16,BBC,,4945,4804,4895,,,170,831062,17,,
2025-11-16,BEDC,,701.7,644.4,644.4,,,16065,10363458.8,120,,
2025-11-16,BFC,,490,465,474,,,20668,9822479.9,178,,
2025-11-16,BGWT,,761,752.6,753.3,,,810,612007.8,20,,
2025-11-16,BHCL,,454.9,432,440,,,21049,9232122.2,637,,
2025-11-16,BHDC,,491.6,472,476,,,42192,20135715.4,277,,
2025-11-16,BHL,,180,175,178,,,86074,15407744.9,380,,
2025-11-16,BHPL,,677.7,652.5,653,,,2258,1483371.5,35,,
2025-11-16,BNHC,,425,416.5,420,,,5605,2356391.2,52,,
2025-11-16,BNL,,16320,16300,16320,,,70,1141980,4,,
2025-11-16,BNT,,11550,10997.9,11270,,,670,7502221,52,,
2025-11-16,BPCL,,713,697,712.7,,,49411,34761994.2,254,,
2025-11-16,BUNGAL,,486.7,451.3,486.7,,,11500,5594965,1065,,
2025-11-16,CBBL,,1004,991,994.9,,,12555,12504211.7,92,,
2025-11-16,CFCL,,485,475,475,,,9396,4476531.4,50,,
2025-11-16,CGH,,878,845,860,,,19416,16640417.9,160,,
2025-11-16,CHCL,,487.1,479.3,480.7,,,56601,27322774.8,202,,
2025-11-16,CHDC,,2270.5,2195,2229.7,,,26822,59733784.6,327,,
2025-11-16,CHL,,249,240.2,246.7,,,25787,6339360.2,130,,
2025-11-16,CIT,,1835,1815,1819.9,,,7238,13155162.1,141,,
2025-11-16,CITY,,544.7,530,539,,,4973,2672786.3,67,,
2025-11-16,CKHL,,592.5,573.5,574.3,,,2353,1360992,51,,
2025-11-16,CLI,,460,452,453.3,,,10613,4830033.7,226,,
2025-11-16,CREST,,1238.2,1203,1224.8,,,4716,5730791.6,157,,
2025-11-16,CYCL,,1499,1480,1489.9,,,1851,2749006.3,66,,
2025-11-16,CZBIL,,192.5,188.5,189,,,43799,8317577.8,111,,
2025-11-16,DDBL,,850,833,841.1,,,7758,6544739,57,,
2025-11-16,DHEL,,558,523,524,,,55621,29451514.4,3481,,
2025-11-16,DHPL,,296.79,281,290.7,,,4445,1287109.3,53,,
2025-11-16,DLBS,,1315,1308,1314,,,404,529347,21,,
2025-11-16,DOLTI,,534,513.2,519,,,6576,3423293.4,87,,
2025-11-16,DORDI,,260,250.3,257.9,,,117785,29961181.7,367,,
2025-11-16,EBL,,636,630,632,,,17606,11115576.9,147,,
2025-11-16,EHPL,,431,415,423,,,146592,62073847.7,594,,
2025-11-16,ENL,,894,886,894,,,230,204081,7,,
2025-11-16,FMDBL,,844.5,815,831,,,17326,14277771.2,116,,
2025-11-16,FOWAD,,1070,1064,1065,,,934,995240,24,,
2025-11-16,GBIME,,228.4,224,226,,,102360,23174024.5,349,,
2025-11-16,GBLBS,,780,780,780,,,0,0,0,,
2025-11-16,GCIL,,427,420,424.8,,,6648,2813643.5,181,,
2025-11-16,GFCL,,575,569,570,,,10535,6028447,73,,
2025-11-16,GHL,,212,209.9,210.1,,,16088,3386239.2,76,,
2025-11-16,GILB,,1211,1183,1200,,,996,1191993,22,,
2025-11-16,GLBSL,,2093,1975,1975,,,690,1383496,24,,
2025-11-16,GLH,,256.6,247.8,251,,,23861,6012365,131,,
2025-11-16,GMFBS,,1539,1491.3,1492,,,1334,2007976.9,29,,
2025-11-16,GMFIL,,456.8,441,449,,,9656,4299195,50,,
2025-11-16,GMLI,,1924,1755.1,1835,,,5406,9942564.5,110,,
2025-11-16,GUFL,,505,492.1,496.9,,,5447,2707549,49,,
2025-11-16,GVL,,528,516,521,,,70844,37040852.3,293,,
2025-11-16,HATHY,,919,908,910,,,4851,4413771.6,87,,
2025-11-16,HBL,,188,186,187.8,,,45026,8412889.4,1363,,
2025-11-16,HDHPC,,174,169,169.5,,,43589,7440931.1,193,,
2025-11-16,HDL,,1147.8,1118.1,1124,,,30268,34037255.8,509,,
2025-11-16,HHL,,344.9,329,336,,,18815,6307154,133,,
2025-11-16,HIDCL,,263.9,258.9,260.4,,,85249,22218496.9,235,,
2025-11-16,HIMSTAR,,617.1,595.4,604.1,,,9133,5548529.7,368,,
2025-11-16,HLBSL,,883,880,882.5,,,573,505143.4,8,,
2025-11-16,HLI,,372,366.1,369,,,30126,11107991.6,278,,
2025-11-16,HPPL,,506.9,479,489,,,145676,71714973.7,556,,
2025-11-16,HRL,,802.9,789,793,,,70302,55887761.7,770,,
2025-11-16,HURJA,,224.4,217,222.5,,,28597,6294794.5,114,,
2025-11-16,ICFC,,621,611,612,,,4203,2582362.9,38,,
2025-11-16,IHL,,530,517.3,527.5,,,2593,1356605.5,51,,
2025-11-16,ILBS,,1130,1110,1122.9,,,951,1058778.2,25,,
2025-11-16,ILI,,455,448.1,450.5,,,7942,3576865.3,210,,
2025-11-16,JBLB,,1450,1421,1432,,,2745,3929966.8,91,,
2025-11-16,JFL,,434,424,428,,,3876,1661053.8,44,,
2025-11-16,JHAPA,,311.2,293.4,311.2,,,60,17957,6,,
2025-11-16,JOSHI,,322.9,311,319,,,40075,12795153.2,235,,
2025-11-16,JSLBB,,1172,1118,1140,,,548,622751,18,,
2025-11-16,KBL,,181.5,178,178.5,,,81940,14647975.4,375,,
2025-11-16,KBSH,,1802,1767,1775,,,214,381179,11,,
2025-11-16,KDL,,885,870,884,,,2734,2405928.4,45,,
2025-11-16,KKHC,,242.7,235,238.5,,,9596,2275193.8,47,,
2025-11-16,KMCDB,,1014,986.1,987.4,,,366,364536.3,20,,
2025-11-16,KPCL,,563,548,549.8,,,24067,13298048.7,115,,
2025-11-16,LEC,,195.9,192.1,192.4,,,33534,6483101.4,150,,
2025-11-16,LICN,,859,845,849.9,,,7049,5989293.5,66,,
2025-11-16,LLBS,,919,900,919,,,275,250577.8,8,,
2025-11-16,LSL,,223.3,216.1,223,,,67805,14919390.6,151,,
2025-11-16,MABEL,,590.5,523.9,543,,,78776,43943498,2755,,
2025-11-16,MAKAR,,570,550.3,557.2,,,7611,4272295.3,81,,
2025-11-16,MANDU,,785,775,778.1,,,717,558881,33,,
2025-11-16,MATRI,,969.9,951.1,952.3,,,694,662411.9,25,,
2025-11-16,MBJC,,283,278,283,,,20169,5674671.8,309,,
2025-11-16,MBL,,211.4,207.2,211.4,,,24218,5061905.4,83,,
2025-11-16,MCHL,,480,475,475,,,3037,1443801.4,30,,
2025-11-16,MEHL,,425.7,408,417,,,24321,10142862.6,197,,
2025-11-16,MEL,,287,272.1,280,,,24727,6910857.9,205,,
2025-11-16,MEN,,644,624,634,,,329541,208455068.7,738,,
2025-11-16,MERO,,738.4,712,724,,,10007,7232362.4,96,,
2025-11-16,MFIL,,587,570,574,,,9115,5220374.1,80,,
2025-11-16,MHCL,,399,390.6,399,,,6472,2550359.9,78,,
2025-11-16,MHL,,483,470.2,476,,,12915,6170681.6,84,,
2025-11-16,MHNL,,246.7,238,238,,,17772,4270152.3,77,,
2025-11-16,MKCL,,1400,1350,1370,,,3814,5213909.1,98,,
2025-11-16,MKHC,,367.3,355.3,367.3,,,3622,1312753.8,66,,
2025-11-16,MKHL,,766,737.5,764,,,2110,1591137.9,58,,
2025-11-16,MKJC,,564,535,536,,,15014,8163690,100,,
2025-11-16,MLBBL,,1470,1448.4,1461,,,1126,1651635.3,26,,
2025-11-16,MLBS,,1525,1500,1522,,,1360,2043760,20,,
2025-11-16,MLBSL,,2040,1990,1990,,,862,1728527,23,,
2025-11-16,MMKJL,,595,579,581,,,15882,9265720,84,,
2025-11-16,MPFL,,535,528,529,,,8959,4750883.4,53,,
2025-11-16,MSHL,,884.6,875,884.6,,,884,775365.8,19,,
2025-11-16,MSLB,,1367.8,1323.1,1339,,,1785,2382115,63,,
2025-11-16,NABIL,,506.9,501,503.5,,,31462,15877157.7,265,,
2025-11-16,NADEP,,754.9,720,731.1,,,1334,985953,21,,
2025-11-16,NBL,,242.9,237.6,238.5,,,25095,5986942.2,150,,
2025-11-16,NESDO,,1512,1472,1512,,,295,441535,15,,
2025-11-16,NFS,,675,640,640,,,23019,14983612.1,212,,
2025-11-16,NGPL,,375.8,366,368.5,,,67508,24840434.9,275,,
2025-11-16,NHDL,,675,661,675,,,3660,2460619.1,36,,
2025-11-16,NHPC,,190,186.2,188,,,18180,3409789,107,,
2025-11-16,NICA,,312,307.2,308.3,,,25022,7714727.8,211,,
2025-11-16,NICLBSL,,555,544,550,,,6661,3665485.2,82,,
2025-11-16,NIFRA,,270.9,263.5,266.7,,,118284,31677763.3,463,,
2025-11-16,NIMB,,194.9,191,191,,,58073,11148293.3,250,,
2025-11-16,NLIC,,815,792,797.9,,,25051,20040545.7,187,,
2025-11-16,NLICL,,600,595,596,,,6789,4057045.3,58,,
2025-11-16,NLO,,244.33,244.33,244.33,,,8,1948,2,,
2025-11-16,NMB,,238.1,234.5,236,,,30101,7088828.7,106,,
2025-11-16,NMBMF,,660,643.1,654.9,,,3394,2203489.6,17,,
2025-11-16,NMFBS,,1289,1264,1274,,,2676,3389826.5,26,,
2025-11-16,NMLBBL,,640,626.3,628,,,2807,1782681.8,25,,
2025-11-16,NRIC,,1363,1284,1334,,,158918,213522895.8,702,,
2025-11-16,NRM,,420,411.3,416,,,12186,5063478.2,154,,
2025-11-16,NRN,,2015,1890,1935,,,94230,182255224.3,892,,
2025-11-16,NTC,,872.3,851,855,,,3867,3306213.6,100,,
2025-11-16,NUBL,,744,722,734.9,,,13629,10002535.7,53,,
2025-11-16,NWCL,,775,755,775,,,833,639666.5,27,,
2025-11-16,NYADI,,392.1,383,389.7,,,4912,1890469,74,,
2025-11-16,OHL,,711.9,676.2,706,,,8018,5498439.3,98,,
2025-11-16,OMPL,,1168.9,1128.1,1130,,,3886,4406491,155,,
2025-11-16,PCBL,,247.9,242.2,247.9,,,80809,19761525,163,,
2025-11-16,PFL,,383.9,373,374.9,,,10605,4003429.8,63,,
2025-11-16,PHCL,,348.9,335.2,335.2,,,18285,6219188,232,,
2025-11-16,PMHPL,,327,317.2,317.2,,,18169,5823341.4,79,,
2025-11-16,PMLI,,482.5,476,479,,,3107,1486058.6,99,,
2025-11-16,PPCL,,330,315,320.9,,,30473,9759054.7,122,,
2025-11-16,PPL,,348.9,337.2,339,,,72064,24581177.2,336,,
2025-11-16,PROFL,,462,452,459.9,,,3435,1571585.7,43,,
2025-11-16,PRVU,,190.5,186.5,187.5,,,91853,17234234.1,308,,
2025-11-16,PURE,,805,772.1,780,,,7498,5871763,121,,
2025-11-16,RADHI,,754.8,720.4,722,,,112346,81625587.5,516,,
2025-11-16,RAWA,,713.9,701.6,705,,,360,255128,23,,
2025-11-16,RFPL,,367,346.5,359.9,,,38565,13824037.4,255,,
2025-11-16,RHGCL,,250,243,243,,,35249,8658867.5,177,,
2025-11-16,RHPL,,269,264,268,,,30974,8231544.3,140,,
2025-11-16,RIDI,,232,224.1,225,,,43201,9756456.1,180,,
2025-11-16,RLFL,,434.9,421,425.1,,,4979,2119575.8,39,,
2025-11-16,RNLI,,475,460.6,472.7,,,103159,48613110,393,,
2025-11-16,RSDC,,611,589.2,602.7,,,14595,8694853.8,93,,
2025-11-16,RURU,,813.4,747,751,,,47287,35532332.7,307,,
2025-11-16,SAGAR,,565.7,524.5,565.7,,,570,320610,57,,
2025-11-16,SAHAS,,672,666,667,,,204568,136849588.1,1008,,
2025-11-16,SANIMA,,307,297.4,298,,,60146,17969144.4,309,,
2025-11-16,SANVI,,580,568,571.5,,,11853,6767722.9,282,,
2025-11-16,SARBTM,,941,880,884,,,51640,46058036.7,289,,
2025-11-16,SBI,,398.9,378,386.8,,,19565,7516139.5,144,,
2025-11-16,SBL,,333,322,325.5,,,22393,7292231.6,92,,
2025-11-16,SCB,,640,630.1,632.1,,,10837,6852635.1,112,,
2025-11-16,SGHC,,395,372,380,,,76944,29422151.9,478,,
2025-11-16,SHEL,,289.9,281,281.3,,,53274,15062554.2,252,,
2025-11-16,SHIVM,,609.9,592,594.9,,,161918,96786321.1,656,,
2025-11-16,SHL,,543.8,525,536,,,59547,31815737.4,193,,
2025-11-16,SHLB,,1806,1750,1774.9,,,3435,6052906,70,,
2025-11-16,SHPC,,500,490.3,492,,,62122,30667713.7,171,,
2025-11-16,SIFC,,485.3,481,485,,,5134,2480137,43,,
2025-11-16,SIKLES,,641.2,630.1,632.3,,,7134,4526615.1,76,,
2025-11-16,SJCL,,285,280.1,282.8,,,7782,2192520.6,104,,
2025-11-16,SJLIC,,431,423.2,425.2,,,7190,3068351,130,,
2025-11-16,SKBBL,,855,840.2,841,,,13737,11614371.1,143,,
2025-11-16,SLBBL,,845,830,835,,,3260,2718774.1,43,,
2025-11-16,SLBSL,,1315,1265.5,1299,,,977,1266360.1,39,,
2025-11-16,SMATA,,794,776,781.1,,,7649,5992036.1,90,,
2025-11-16,SMB,,2136,2094,2100,,,493,1048167,17,,
2025-11-16,SMFBS,,1708,1608.2,1670,,,374,611158,9,,
2025-11-16,SMH,,752,738.1,752,,,80,59265,6,,
2025-11-16,SMHL,,790.2,761.5,770,,,6018,4635399.6,99,,
2025-11-16,SMJC,,500,486.3,490,,,7271,3565244.6,113,,
2025-11-16,SMPDA,,900,871,891,,,3608,3205518.3,47,,
2025-11-16,SNLI,,470,460,466,,,18202,8515886.8,316,,
2025-11-16,SONA,,420,411,412,,,28732,11942849.2,366,,
2025-11-16,SPC,,459,446.2,457.7,,,2541,1155121.5,50,,
2025-11-16,SPDL,,416.4,401,404.9,,,146537,59484510.6,358,,
2025-11-16,SPHL,,504,495,496,,,2627,1308121,34,,
2025-11-16,SPL,,923,908,923,,,170,155855,11,,
2025-11-16,SRLI,,394,383,387.9,,,14951,5763493.8,175,,
2025-11-16,SSHL,,167.9,165,165,,,29669,4917422.5,177,,
2025-11-16,STC,,5240,5120,5219.9,,,1600,8292229,46,,
2025-11-16,SWASTIK,,438.6,438.6,438.6,,,0,0,0,,
2025-11-16,SWBBL,,785,770,782,,,3053,2385100.9,34,,
2025-11-16,SWMF,,691.8,674.3,689,,,4094,2815385.8,26,,
2025-11-16,TAMOR,,478,465.1,466.5,,,4775,2246281,75,,
2025-11-16,TPC,,326.5,317.5,319,,,21612,6918730.8,109,,
2025-11-16,TRH,,701,695,695,,,5093,3553195,62,,
2025-11-16,TSHL,,692.9,679,680,,,2844,1942924.7,45,,
2025-11-16,TTL,,708,701.7,707,,,11627,8193395.7,449,,
2025-11-16,TVCL,,424,407,410,,,1738,710536.6,36,,
2025-11-16,UHEWA,,591.5,575,584,,,9516,5521814.6,103,,
2025-11-16,ULBSL,,3887,3800,3839,,,1478,5665257.8,39,,
2025-11-16,ULHC,,465.9,434,457,,,45718,20948729.2,295,,
2025-11-16,UMHL,,531.5,523,527,,,29157,15346146,120,,
2025-11-16,UMRH,,547,526,545,,,2544,1380321.2,42,,
2025-11-16,UNHPL,,535.5,519,524.9,,,318414,166294205.7,463,,
2025-11-16,UNL,,46390,45200,46390,,,100,4579163,6,,
2025-11-16,UNLB,,1998,1915,1945,,,450,874511,17,,
2025-11-16,UPCL,,362,357.2,358,,,100334,36045915.3,229,,
2025-11-16,UPPER,,176,171.6,174,,,56278,9761258.5,323,,
2025-11-16,USHEC,,482,468,475,,,19364,9178863,150,,
2025-11-16,USHL,,715,691,698,,,250,175499,12,,
2025-11-16,USLB,,1887,1808.1,1810,,,18540,34011186.2,202,,
2025-11-16,VLBS,,788,765,770,,,265,203960.5,9,,
2025-11-16,VLUCL,,560,550.1,560,,,1345,745116,54,,
2025-11-17,ACLBSL,,989,971,989,,,1572,1542175.9,31,,
2025-11-17,ADBL,,318.2,310.1,313.7,,,24424,7619221.4,145,,
2025-11-17,AHL,,608.2,586,600,,,4867,2922380.1,54,,
2025-11-17,AHPC,,281,275,278.4,,,89428,24931483.5,302,,
2025-11-17,AKJCL,,187.9,184.2,186,,,20152,3747904.2,116,,
2025-11-17,AKPL,,243.8,238.2,239.5,,,57336,13810717.6,175,,
2025-11-17,ALBSL,,1020,955.5,1012.9,,,30700,30616685.2,249,,
2025-11-17,ALICL,,457.9,446.1,450,,,80971,36518172.5,374,,
2025-11-17,ANLB,,6249.9,6075.3,6075.3,,,35,215256.7,4,,
2025-11-17,API,,282,278.2,280,,,52109,14626174.6,234,,
2025-11-17,AVYAN,,990,956,974,,,1837,1782044.3,50,,
2025-11-17,BANDIPUR,,458.8,420,458.8,,,1430,654222,143,,
2025-11-17,BARUN,,338,327,334.2,,,154456,51566362.8,569,,
2025-11-17,BBC,,4939.8,4811,4895,,,479,2333037,38,,
2025-11-17,BEDC,,631.6,580,580,,,119206,69975305.7,663,,
2025-11-17,BFC,,479,465,465,,,14642,6918322.6,157,,
2025-11-17,BGWT,,769,754,755,,,1195,907312.4,26,,
2025-11-17,BHCL,,445,432.1,445,,,26235,11534196.5,820,,
2025-11-17,BHDC,,484,470,477,,,33580,15988059.3,208,,
2025-11-17,BHL,,180.7,178,178.5,,,63737,11439561.4,378,,
2025-11-17,BHPL,,664,651,660.1,,,2077,1363066.9,28,,
2025-11-17,BNHC,,425,419.2,424,,,6218,2623495.5,61,,
2025-11-17,BNL,,16320,16320,16320,,,0,0,0,,
2025-11-17,BNT,,11570,11350,11400,,,295,3376492,24,,
2025-11-17,BPCL,,741.5,706.5,737,,,154072,112592349.1,570,,
2025-11-17,BUNGAL,,535.3,451,535.3,,,114540,57033915,11213,,
2025-11-17,CBBL,,1000,990,993.1,,,13025,12946279.6,90,,
2025-11-17,CFCL,,479,470.1,474,,,6859,3262858,54,,
2025-11-17,CGH,,867,851,857.1,,,5843,5000514,73,,
2025-11-17,CHCL,,487,476,484,,,24186,11709386,157,,
2025-11-17,CHDC,,2289,2187,2289,,,44682,100844265.2,377,,
2025-11-17,CHL,,256.9,246.1,256,,,44633,11269657.9,244,,
2025-11-17,CIT,,1820,1810,1817,,,6438,11679426.5,166,,
2025-11-17,CITY,,541,525,530,,,9897,5257775.3,102,,
2025-11-17,CKHL,,585,566.2,580.8,,,180,103725,17,,
2025-11-17,CLI,,460,453,458.9,,,12395,5666648.3,301,,
2025-11-17,CREST,,1249,1210,1237,,,5303,6506403.7,219,,
2025-11-17,CYCL,,1507,1466.2,1490,,,2819,4186538.2,69,,
2025-11-17,CZBIL,,190.5,185,187.1,,,45428,8517546.7,150,,
2025-11-17,DDBL,,847,836,836.1,,,2506,2112829.7,48,,
2025-11-17,DHEL,,554,510,539,,,60615,31992259.5,3723,,
2025-11-17,DHPL,,295,286.2,291,,,13243,3848671.8,63,,
2025-11-17,DLBS,,1335,1292,1335,,,204,268120,14,,
2025-11-17,DOLTI,,524,510.1,515.9,,,3378,1739690,44,,
2025-11-17,DORDI,,264,252.8,263.9,,,191528,50188500.8,668,,
2025-11-17,EBL,,636,633,635,,,15079,9581046.9,122,,
2025-11-17,EHPL,,421,411.4,415.8,,,88467,36830551.5,392,,
2025-11-17,ENL,,908,880,890,,,488,431823.1,21,,
2025-11-17,FMDBL,,836.9,820.2,829.9,,,13664,11310622.7,94,,
2025-11-17,FOWAD,,1086,1043.8,1075,,,1461,1555767.1,36,,
2025-11-17,GBIME,,227.7,224.4,224.5,,,92697,20863717.8,372,,
2025-11-17,GBLBS,,780,780,780,,,0,0,0,,
2025-11-17,GCIL,,427.9,418.7,427.1,,,4532,1921835.8,148,,
2025-11-17,GFCL,,580,561.5,576,,,2145,1230015.3,35,,
2025-11-17,GHL,,214,208.3,211,,,28337,5979761.3,112,,
2025-11-17,GILB,,1219.8,1200,1218,,,1384,1674633.2,25,,
2025-11-17,GLBSL,,2031,1975,2031,,,1225,2466189,37,,
2025-11-17,GLH,,255,246,254.3,,,21985,5556800.1,150,,
2025-11-17,GMFBS,,1505,1472.2,1481,,,892,1327409.8,19,,
2025-11-17,GMFIL,,453.9,440.1,447,,,13716,6083410.5,81,,
2025-11-17,GMLI,,1870.5,1792.1,1851,,,6642,12322075,115,,
2025-11-17,GUFL,,506.8,490.2,505,,,7108,3540069.3,64,,
2025-11-17,GVL,,535,522,535,,,62923,33243717.6,345,,
2025-11-17,HATHY,,915,901,909.7,,,8967,8141640.9,165,,
2025-11-17,HBL,,190,184.3,186.9,,,44806,8384877.9,1490,,
2025-11-17,HDHPC,,176,170,173.2,,,41871,7255482,168,,
2025-11-17,HDL,,1134,1112.2,1118.9,,,53474,60015066.3,649,,
2025-11-17,HHL,,340,330,331.5,,,16543,5501448.2,136,,
2025-11-17,HIDCL,,263.9,258,263.8,,,65432,17161292.2,208,,
2025-11-17,HIMSTAR,,633.4,601.1,622.7,,,18153,11305147.8,580,,
2025-11-17,HLBSL,,895,878,895,,,2457,2177422.1,24,,
2025-11-17,HLI,,371,366,369,,,40056,14714957.6,335,,
2025-11-17,HPPL,,535,480,489.6,,,158530,77185766.8,408,,
2025-11-17,HRL,,800,791,792.1,,,56503,44924110.6,567,,
2025-11-17,HURJA,,225.5,218.3,224.2,,,42267,9460471.1,163,,
2025-11-17,ICFC,,620,612.4,617,,,3504,2159351,56,,
2025-11-17,IHL,,526,517,520.1,,,925,483064.9,25,,
2025-11-17,ILBS,,1132.9,1105,1110,,,6896,7657451.5,50,,
2025-11-17,ILI,,457,450,454.5,,,17574,7990949.2,298,,
2025-11-17,JBLB,,1451,1410,1450,,,7765,11205676.1,157,,
2025-11-17,JFL,,433,424,429.8,,,5636,2410599.7,55,,
2025-11-17,JHAPA,,342.3,305.3,342.3,,,130,43516,13,,
2025-11-17,JOSHI,,345,313,344,,,220096,74118481.6,1171,,
2025-11-17,JSLBB,,1140,1120.3,1122,,,590,662108,17,,
2025-11-17,KBL,,187,178,179,,,124259,22348090.7,385,,
2025-11-17,KBSH,,1795,1750,1795,,,121,215171,8,,
2025-11-17,KDL,,894,874,875,,,1480,1299265,28,,
2025-11-17,KKHC,,256.5,238,249,,,21612,5265632.6,130,,
2025-11-17,KMCDB,,999.9,981,997,,,641,635267.9,34,,
2025-11-17,KPCL,,589,550,563.8,,,54140,30241309.6,177,,
2025-11-17,LEC,,195,192,193.9,,,22686,4401319.1,116,,
2025-11-17,LICN,,860,845.2,854,,,10308,8811491.3,112,,
2025-11-17,LLBS,,937.3,918.6,937,,,2199,2055945,21,,
2025-11-17,LSL,,227.6,224.1,225.6,,,434166,98085884.9,859,,
2025-11-17,MABEL,,597.3,536.5,583,,,62515,35875128.1,2257,,
2025-11-17,MAKAR,,564.5,551.4,553.1,,,1233,684783,41,,
2025-11-17,MANDU,,788,770,782,,,1353,1052812,37,,
2025-11-17,MATRI,,965,935.1,965,,,463,443689,18,,
2025-11-17,MBJC,,283.5,280.3,282,,,7261,2044681.9,183,,
2025-11-17,MBL,,211.4,208.7,209.3,,,17522,3672833.1,58,,
2025-11-17,MCHL,,480,470,471.4,,,710,334884,24,,
2025-11-17,MEHL,,420,409,414,,,13749,5700772.5,103,,
2025-11-17,MEL,,286.6,276,284.9,,,16977,4774902.2,218,,
2025-11-17,MEN,,648,637,643,,,139488,89719564.9,579,,
2025-11-17,MERO,,748,711,728,,,5043,3659099,60,,
2025-11-17,MFIL,,585,572,580,,,9094,5215601.4,73,,
2025-11-17,MHCL,,398.7,388.4,395.4,,,3637,1432513.5,61,,
2025-11-17,MHL,,482,473,481,,,10385,4983915,69,,
2025-11-17,MHNL,,247,235.6,243.8,,,25165,6016730.9,91,,
2025-11-17,MKCL,,1370,1346,1346,,,2685,3631508.6,63,,
2025-11-17,MKHC,,371.9,353.3,370,,,4920,1794575,71,,
2025-11-17,MKHL,,770,748.8,755.4,,,1339,1020943.9,29,,
2025-11-17,MKJC,,545,530,535.9,,,13263,7108631.2,95,,
2025-11-17,MLBBL,,1489.9,1451,1467,,,1409,2059817.1,37,,
2025-11-17,MLBS,,1540,1470,1536,,,690,1033863,14,,
2025-11-17,MLBSL,,2022,1961.1,1961.1,,,1484,2920893.8,27,,
2025-11-17,MMKJL,,590,570,570,,,8499,4915115.6,76,,
2025-11-17,MPFL,,536.5,526.2,530,,,3685,1960038.3,30,,
2025-11-17,MSHL,,875,868.8,868.8,,,1475,1282945,22,,
2025-11-17,MSLB,,1363,1314.1,1347.8,,,2515,3359556.8,50,,
2025-11-17,NABIL,,509.9,504,508,,,24130,12232442.7,251,,
2025-11-17,NADEP,,754.8,725,742.5,,,1228,907537,21,,
2025-11-17,NBL,,240,235.2,236.1,,,33513,7947500.1,174,,
2025-11-17,NESDO,,1513.4,1490.1,1513.4,,,927,1388826.9,23,,
2025-11-17,NFS,,666,638,664,,,33133,21781142.8,252,,
2025-11-17,NGPL,,373,364.1,370,,,90392,33387122.1,321,,
2025-11-17,NHDL,,685,674.8,675,,,1245,842405,24,,
2025-11-17,NHPC,,190.5,187,189,,,15971,3015265.1,76,,
2025-11-17,NICA,,310,307,307.5,,,43796,13479927.8,288,,
2025-11-17,NICLBSL,,552.9,540.6,552,,,10122,5531123.1,100,,
2025-11-17,NIFRA,,270.9,264.5,269,,,144688,38916081.8,432,,
2025-11-17,NIMB,,192.9,190,190.6,,,75614,14431344.4,307,,
2025-11-17,NLIC,,810,797,804.5,,,34283,27579123.1,251,,
2025-11-17,NLICL,,603,590.1,601.9,,,8730,5227894.4,60,,
2025-11-17,NLO,,244.33,244.33,244.33,,,0,0,0,,
2025-11-17,NMB,,238,234.1,235.5,,,13796,3257318.3,96,,
2025-11-17,NMBMF,,669,655.7,661,,,922,613324.5,17,,
2025-11-17,NMFBS,,1275,1265,1275,,,3322,4224047.2,26,,
2025-11-17,NMLBBL,,639.9,621,625,,,7595,4754557,45,,
2025-11-17,NRIC,,1360.6,1309,1316,,,54529,72413631.7,298,,
2025-11-17,NRM,,421,410,417.9,,,14519,6054526,150,,
2025-11-17,NRN,,1945.5,1891,1935,,,86691,165947431.1,679,,
2025-11-17,NTC,,858,845,856,,,6117,5214542.3,114,,
2025-11-17,NUBL,,760,733,737,,,3375,2502194.6,30,,
2025-11-17,NWCL,,790,762.3,780,,,745,578929.3,29,,
2025-11-17,NYADI,,393,382.2,393,,,3260,1271148.5,56,,
2025-11-17,OHL,,733,678.1,704,,,7464,5115955.9,102,,
2025-11-17,OMPL,,1150,1123,1135.1,,,3895,4435827.5,155,,
2025-11-17,PCBL,,251.9,245,249,,,85088,21104722.3,196,,
2025-11-17,PFL,,380,373,376,,,7310,2762209.2,47,,
2025-11-17,PHCL,,340.4,330,338,,,25497,8508510.5,238,,
2025-11-17,PMHPL,,333,315,331,,,36868,12013514.5,142,,
2025-11-17,PMLI,,484.7,475,484.7,,,6079,2912989.7,126,,
2025-11-17,PPCL,,326.1,316,326,,,18074,5845567.5,104,,
2025-11-17,PPL,,354,332.3,340.5,,,184408,63449743.2,497,,
2025-11-17,PROFL,,470,453,457,,,5609,2573363,45,,
2025-11-17,PRVU,,188.7,185,187.5,,,80731,15098472,325,,
2025-11-17,PURE,,794.8,776,790,,,5542,4367051.2,137,,
2025-11-17,RADHI,,759.8,712,750.1,,,206685,154132760,734,,
2025-11-17,RAWA,,710,692,701,,,335,235103,21,,
2025-11-17,RFPL,,378,353,368,,,73990,26800173.1,388,,
2025-11-17,RHGCL,,248,241.1,246.4,,,37412,9182782.7,177,,
2025-11-17,RHPL,,269.6,263.9,265,,,17655,4687630.3,129,,
2025-11-17,RIDI,,228,224.8,226.8,,,45831,10336590.7,158,,
2025-11-17,RLFL,,430,416.6,427,,,7112,3027359.8,60,,
2025-11-17,RNLI,,480,468.1,473.8,,,62068,29365231.6,368,,
2025-11-17,RSDC,,609,601.1,608,,,6761,4097662.5,48,,
2025-11-17,RURU,,754,736,751,,,24836,18524464.4,129,,
2025-11-17,SAGAR,,622.2,577,622.2,,,710,440201,71,,
2025-11-17,SAHAS,,685,669,679.2,,,265909,180036941.8,1406,,
2025-11-17,SANIMA,,303.7,298.3,300,,,45012,13533499.5,172,,
2025-11-17,SANVI,,579.9,566,577,,,11080,6350352.8,315,,
2025-11-17,SARBTM,,900,880,899,,,92513,82920454,193,,
2025-11-17,SBI,,392.7,379.1,392.7,,,32180,12364637.9,92,,
2025-11-17,SBL,,348,320.5,320.6,,,89176,28838764.5,195,,
2025-11-17,SCB,,640,631.1,636,,,13316,8471061.3,95,,
2025-11-17,SGHC,,406,365.2,389,,,96929,36936965.6,357,,
2025-11-17,SHEL,,287.5,280.2,285,,,101480,28829127.8,385,,
2025-11-17,SHIVM,,594.9,583,585,,,277749,163056470.8,1266,,
2025-11-17,SHL,,550,533,543,,,28431,15372045.4,128,,
2025-11-17,SHLB,,1753,1720,1735,,,1643,2850762.2,41,,
2025-11-17,SHPC,,499,493,496.9,,,24794,12311817.8,137,,
2025-11-17,SIFC,,493,485,485,,,5026,2454492.9,36,,
2025-11-17,SIKLES,,641,631.1,641,,,21392,13658182.6,84,,
2025-11-17,SJCL,,284,278.3,281,,,10195,2864522,113,,
2025-11-17,SJLIC,,430,421,427,,,10882,4657558.7,161,,
2025-11-17,SKBBL,,850,830.3,845,,,8171,6894531.6,81,,
2025-11-17,SLBBL,,845,830,840,,,3328,2777410.7,61,,
2025-11-17,SLBSL,,1313,1285,1297,,,2268,2931519.2,49,,
2025-11-17,SMATA,,788.9,782,782,,,5488,4300579.9,91,,
2025-11-17,SMB,,2140,2092,2130,,,692,1465350,15,,
2025-11-17,SMFBS,,1699,1620,1630,,,2020,3305016.2,14,,
2025-11-17,SMH,,752,737.2,751,,,710,525465,13,,
2025-11-17,SMHL,,785,768.1,777,,,10586,8230188.5,67,,
2025-11-17,SMJC,,496,487,490,,,6748,3318810.2,71,,
2025-11-17,SMPDA,,890,873,876,,,3397,2981577.1,56,,
2025-11-17,SNLI,,475,460,474.5,,,18427,8660676.7,329,,
2025-11-17,SONA,,417.9,411.2,413.9,,,41800,17297020.3,312,,
2025-11-17,SPC,,460,450,455.5,,,5675,2591582.2,75,,
2025-11-17,SPDL,,416,398,412,,,161026,66254750.4,383,,
2025-11-17,SPHL,,505,488.1,493.3,,,3496,1734487,43,,
2025-11-17,SPL,,923.5,912,920,,,408,373541.6,23,,
2025-11-17,SRLI,,389,382.1,386.5,,,14112,5449006.3,214,,
2025-11-17,SSHL,,166.8,164.2,165,,,51632,8558702.4,164,,
2025-11-17,STC,,5285,5155.2,5285,,,1755,9200681.7,55,,
2025-11-17,SWASTIK,,465.3,433.2,465.3,,,60,26684,6,,
2025-11-17,SWBBL,,790,780,784.1,,,2126,1667503.3,34,,
2025-11-17,SWMF,,694,675.3,691.8,,,2326,1593648.3,39,,
2025-11-17,TAMOR,,473,460,472.9,,,3355,1576211.9,103,,
2025-11-17,TPC,,325,319,324.9,,,29459,9479024.7,151,,
2025-11-17,TRH,,695,681.1,686.9,,,4139,2841924.3,70,,
2025-11-17,TSHL,,687,670,685.9,,,1051,715064,21,,
2025-11-17,TTL,,714.9,701,708,,,11386,8059594.2,478,,
2025-11-17,TVCL,,418,402.6,413.8,,,2280,929183.3,30,,
2025-11-17,UHEWA,,588.5,577.3,579,,,6975,4058428,76,,
2025-11-17,ULBSL,,3855,3800,3855,,,2956,11238780.5,37,,
2025-11-17,ULHC,,465,448,455,,,6823,3097464,88,,
2025-11-17,UMHL,,530,523.3,524.5,,,20158,10612631.8,102,,
2025-11-17,UMRH,,551,542,549.9,,,6388,3497534.6,35,,
2025-11-17,UNHPL,,532,518.1,532,,,250901,131884328.6,381,,
2025-11-17,UNL,,47000,47000,47000,,,10,470000,1,,
2025-11-17,UNLB,,1983.9,1950,1960,,,125,246341.5,8,,
2025-11-17,UPCL,,367.5,356.5,364.9,,,60907,22136051.8,201,,
2025-11-17,UPPER,,176.5,172,174.4,,,39637,6890663.2,273,,
2025-11-17,USHEC,,481.4,466.2,478,,,14052,6687379.5,117,,
2025-11-17,USHL,,700,678.1,695,,,3335,2286966.7,56,,
2025-11-17,USLB,,1846.1,1800,1820,,,6802,12334422.9,170,,
2025-11-17,VLBS,,770,762,766,,,727,556626.5,11,,
2025-11-17,VLUCL,,560,541.4,560,,,2339,1297154.7,55,,
2025-11-18,ACLBSL,,1001,972.3,985,,,1197,1185073.6,32,,
2025-11-18,ADBL,,316.9,311.6,314.5,,,24019,7533338.6,145,,
2025-11-18,AHL,,646,588,607.5,,,9378,5617862.7,115,,
2025-11-18,AHPC,,283,279.3,281,,,52839,14878102.7,210,,
2025-11-18,AKJCL,,190,185,188.1,,,30468,5750828.6,126,,
2025-11-18,AKPL,,246,240.1,243,,,60603,14779563.3,190,,
2025-11-18,ALBSL,,1039,992.7,1039,,,32770,33385073.3,268,,
2025-11-18,ALICL,,458.8,445.1,451,,,60161,27212531.3,309,,
2025-11-18,ANLB,,6174.8,6075.3,6174.8,,,124,755448.4,21,,
2025-11-18,API,,284,280,282,,,70131,19749104.9,284,,
2025-11-18,AVYAN,,993,960,970,,,1342,1307914.7,40,,
2025-11-18,BANDIPUR,,504.6,467.6,504.6,,,1540,776170,154,,
2025-11-18,BARUN,,353.5,336,347.9,,,450595,156865822.3,1510,,
2025-11-18,BBC,,4935,4868,4898,,,81,396810,8,,
2025-11-18,BEDC,,595.1,570.1,585,,,20964,12241192.9,212,,
2025-11-18,BFC,,494,465,471,,,14445,6903416,145,,
2025-11-18,BGWT,,766,753.1,757.1,,,1475,1122933,34,,
2025-11-18,BHCL,,465,446,464,,,62716,28753713.3,1347,,
2025-11-18,BHDC,,492.6,468,486.8,,,54795,26712098.6,321,,
2025-11-18,BHL,,182,180,181,,,60578,10967066.6,342,,
2025-11-18,BHPL,,668.3,655.6,666.9,,,1505,1001600.4,27,,
2025-11-18,BNHC,,433.9,426,432,,,5726,2459265.5,69,,
2025-11-18,BNL,,16320,16320,16320,,,0,0,0,,
2025-11-18,BNT,,11570,11210,11275,,,171,1940903,17,,
2025-11-18,BPCL,,755,730,731,,,122730,91289879.6,443,,
2025-11-18,BUNGAL,,588.8,535,588.8,,,40870,23071952,4042,,
2025-11-18,CBBL,,1006.9,999,1002,,,12046,12086686.2,142,,
2025-11-18,CFCL,,482.9,470.2,476,,,27572,13114357.2,101,,
2025-11-18,CGH,,869.9,850,861,,,19039,16384313.9,116,,
2025-11-18,CHCL,,488.8,477,482.5,,,55715,26955807.2,287,,
2025-11-18,CHDC,,2335,2265,2280,,,25589,58915653.9,311,,
2025-11-18,CHL,,261.9,250.9,259,,,49633,12865666.5,267,,
2025-11-18,CIT,,1830,1817,1822.3,,,4820,8796012,102,,
2025-11-18,CITY,,535,526.1,526.2,,,4909,2597308.4,55,,
2025-11-18,CKHL,,598,575.1,575.1,,,3855,2269969.4,53,,
2025-11-18,CLI,,468,456.1,460,,,11192,5165202.8,209,,
2025-11-18,CREST,,1256.9,1213,1245.9,,,7048,8702306.4,217,,
2025-11-18,CYCL,,1519,1488.7,1500,,,1161,1742301.8,42,,
2025-11-18,CZBIL,,190,186.5,190,,,39601,7473364,117,,
2025-11-18,DDBL,,852.8,837,846,,,5565,4725510,67,,
2025-11-18,DHEL,,555,538.1,541.1,,,44476,24290301.3,2177,,
2025-11-18,DHPL,,306,288.1,299,,,30484,9156171.3,190,,
2025-11-18,DLBS,,1359,1316,1330,,,318,423944,12,,
2025-11-18,DOLTI,,526.3,512.1,519,,,7425,3861178,102,,
2025-11-18,DORDI,,270,258.7,262.9,,,113945,30315920.1,444,,
2025-11-18,EBL,,646,636,640,,,25395,16251685.6,153,,
2025-11-18,EHPL,,431,408,420,,,53418,22451110.4,275,,
2025-11-18,ENL,,915,882.2,908.9,,,535,483225.4,15,,
2025-11-18,FMDBL,,852,825,838,,,31533,26521521.8,158,,
2025-11-18,FOWAD,,1088.1,1061,1084.6,,,1817,1952591,36,,
2025-11-18,GBIME,,227,224.1,224.5,,,52253,11778335.9,306,,
2025-11-18,GBLBS,,780,780,780,,,0,0,0,,
2025-11-18,GCIL,,433,425,426,,,10637,4574224.8,171,,
2025-11-18,GFCL,,588,577.1,577.1,,,4798,2799209,41,,
2025-11-18,GHL,,217.5,213,215.9,,,34316,7383764.9,146,,
2025-11-18,GILB,,1229.4,1207,1225,,,4115,5028291.8,53,,
2025-11-18,GLBSL,,2050,2025,2049,,,237,482368,15,,
2025-11-18,GLH,,261,249.3,259.6,,,19859,5124360.2,117,,
2025-11-18,GMFBS,,1520,1500,1519.9,,,96,144489,7,,
2025-11-18,GMFIL,,460,446.9,454,,,16642,7535808.9,68,,
2025-11-18,GMLI,,1964,1850,1850.1,,,3576,6758775.5,96,,
2025-11-18,GUFL,,515,505,509,,,8584,4350461,69,,
2025-11-18,GVL,,545,528,531,,,58668,31535394.7,320,,
2025-11-18,HATHY,,925,901.1,920,,,8547,7819995.3,107,,
2025-11-18,HBL,,189.5,185,187.2,,,42111,7902597.7,1172,,
2025-11-18,HDHPC,,176,173.1,173.9,,,38553,6742090.7,156,,
2025-11-18,HDL,,1130,1118,1121,,,27107,30492110.5,439,,
2025-11-18,HHL,,340,327.1,338,,,23223,7784756,135,,
2025-11-18,HIDCL,,272.8,260.2,267.7,,,158170,42473104.7,439,,
2025-11-18,HIMSTAR,,678.3,622,676.9,,,31242,20476250.2,815,,
2025-11-18,HLBSL,,900,895.3,900,,,1658,1489872.6,25,,
2025-11-18,HLI,,376.9,369,373,,,47332,17636200.6,332,,
2025-11-18,HPPL,,494,474,476,,,106544,51154027.6,405,,
2025-11-18,HRL,,806,792.1,797,,,73378,58826252.9,812,,
2025-11-18,HURJA,,229.5,225.3,227.2,,,139208,31563677.4,346,,
2025-11-18,ICFC,,634,620,630,,,6682,4196108.9,60,,
2025-11-18,IHL,,559,509.7,532.4,,,2608,1373998.5,61,,
2025-11-18,ILBS,,1132,1101,1102,,,3803,4211119.5,36,,
2025-11-18,ILI,,460,453.1,455.6,,,16385,7502634.1,298,,
2025-11-18,JBLB,,1470,1450,1460,,,13524,19756581.4,208,,
2025-11-18,JFL,,438.2,425.1,430.2,,,5883,2532513.6,56,,
2025-11-18,JHAPA,,376.5,349.1,376.5,,,110,40740,11,,
2025-11-18,JOSHI,,363.1,340,347,,,166453,59025969.4,1035,,
2025-11-18,JSLBB,,1142.7,1120,1142.7,,,1385,1554329,20,,
2025-11-18,KBL,,182,179,179.5,,,86784,15622198.3,328,,
2025-11-18,KBSH,,1809,1800,1809,,,71,128250,3,,
2025-11-18,KDL,,890,873,889,,,2265,1999582,40,,
2025-11-18,KKHC,,256.9,250,253,,,24860,6283829.1,135,,
2025-11-18,KMCDB,,1010,982,1003.9,,,1142,1137327.7,35,,
2025-11-18,KPCL,,569.9,560,563.8,,,19644,11084242.1,127,,
2025-11-18,LEC,,198,194.9,196,,,62776,12320377.9,187,,
2025-11-18,LICN,,865,851,851,,,6621,5668239.2,87,,
2025-11-18,LLBS,,955.7,920,950,,,171,162001,8,,
2025-11-18,LSL,,228.8,225,228.4,,,182877,41640011.5,338,,
2025-11-18,MABEL,,641.3,560.1,641.3,,,40588,24953664.1,1617,,
2025-11-18,MAKAR,,575,544,563.9,,,3653,2076511,58,,
2025-11-18,MANDU,,790,780.1,781,,,1100,863459,42,,
2025-11-18,MATRI,,970,946,963.1,,,733,705525.7,16,,
2025-11-18,MBJC,,286,280.9,282,,,18360,5201697,215,,
2025-11-18,MBL,,211.6,208.6,209,,,12200,2559970.3,72,,
2025-11-18,MCHL,,499,470.2,474.2,,,1436,687354,36,,
2025-11-18,MEHL,,417.8,410.3,413,,,7080,2924912,76,,
2025-11-18,MEL,,288.7,280,285.8,,,14639,4163853.4,200,,
2025-11-18,MEN,,656,645,653,,,204148,133172455,809,,
2025-11-18,MERO,,750,730,740,,,5991,4417218.8,105,,
2025-11-18,MFIL,,589,577.4,581.9,,,8135,4732725.8,60,,
2025-11-18,MHCL,,408,393,398,,,5414,2164443.2,67,,
2025-11-18,MHL,,493.8,480.1,482,,,30411,14841666.5,161,,
2025-11-18,MHNL,,256,239.8,255.5,,,44085,11078635.6,205,,
2025-11-18,MKCL,,1369.9,1336.6,1349,,,4299,5807966.8,98,,
2025-11-18,MKHC,,392,363,380,,,4984,1879289.8,74,,
2025-11-18,MKHL,,801.6,741,795,,,5699,4473628,87,,
2025-11-18,MKJC,,546.6,534,540,,,16416,8888862,100,,
2025-11-18,MLBBL,,1490,1460.4,1479,,,776,1141316.2,21,,
2025-11-18,MLBS,,1545,1505.4,1529,,,1040,1588107,27,,
2025-11-18,MLBSL,,2000,1961,1990,,,335,665300.8,15,,
2025-11-18,MMKJL,,580,572.1,574,,,8811,5079416.9,46,,
2025-11-18,MPFL,,546,533,540,,,5176,2779343.8,41,,
2025-11-18,MSHL,,930,870,930,,,3197,2877085.9,35,,
2025-11-18,MSLB,,1400,1340,1352.6,,,5451,7470815,95,,
2025-11-18,NABIL,,510,505.6,507.1,,,24383,12391665.5,274,,
2025-11-18,NADEP,,749,735.1,749,,,870,645891.5,15,,
2025-11-18,NBL,,240.9,236,238,,,40600,9673676.9,163,,
2025-11-18,NESDO,,1520,1500,1517.5,,,398,600720,15,,
2025-11-18,NFS,,677,658,670.4,,,37683,25012110,247,,
2025-11-18,NGPL,,379,371,377,,,134012,50412759.5,371,,
2025-11-18,NHDL,,700,676.6,697,,,4690,3226262.2,32,,
2025-11-18,NHPC,,192.3,190,190.2,,,19027,3633124.5,105,,
2025-11-18,NICA,,309.6,306.3,309,,,34492,10632873,229,,
2025-11-18,NICLBSL,,558.7,546.2,551,,,9451,5223619.8,99,,
2025-11-18,NIFRA,,280,269,277.5,,,358935,99147478.5,1131,,
2025-11-18,NIMB,,193.6,190,191,,,94623,18109333,312,,
2025-11-18,NLIC,,819,805.7,809.9,,,50992,41412215.1,311,,
2025-11-18,NLICL,,610,602,604.9,,,16637,10081912.5,62,,
2025-11-18,NLO,,244.33,244.33,244.33,,,0,0,0,,
2025-11-18,NMB,,237.9,235,236,,,50700,11962714.9,151,,
2025-11-18,NMBMF,,669,657,667,,,362,240742.8,10,,
2025-11-18,NMFBS,,1300,1256,1285,,,741,942012.2,26,,
2025-11-18,NMLBBL,,637,630,631.2,,,4476,2829579,44,,
2025-11-18,NRIC,,1364.9,1289.7,1325,,,59606,79244516.5,311,,
2025-11-18,NRM,,426.2,418,419,,,16370,6906872.8,168,,
2025-11-18,NRN,,1970,1897,1965,,,49708,96831092.6,414,,
2025-11-18,NTC,,869,850,858,,,7307,6258797.8,135,,
2025-11-18,NUBL,,749,737,738.3,,,9359,6926385.6,57,,
2025-11-18,NWCL,,795.6,780,792,,,761,603369.2,37,,
2025-11-18,NYADI,,404.9,385.2,404.9,,,13008,5175639.1,146,,
2025-11-18,OHL,,717.8,677,698,,,12334,8468968.9,109,,
2025-11-18,OMPL,,1160,1131.5,1140,,,4396,5037696.5,142,,
2025-11-18,PCBL,,255,247,251,,,59959,15061665.3,176,,
2025-11-18,PFL,,388.6,378.1,380,,,7794,2966695.3,71,,
2025-11-18,PHCL,,343.5,331.4,335,,,25787,8660913.3,214,,
2025-11-18,PMHPL,,339,331.5,334,,,58524,19575585.4,153,,
2025-11-18,PMLI,,490,481.5,489,,,5432,2643914.6,119,,
2025-11-18,PPCL,,331.6,323.2,326.5,,,22737,7417002.6,101,,
2025-11-18,PPL,,347.7,335,342.9,,,152899,52167904.5,415,,
2025-11-18,PROFL,,465.5,455.7,462.4,,,6831,3150281.8,61,,
2025-11-18,PRVU,,189.9,185.3,186,,,158356,29607650.2,366,,
2025-11-18,PURE,,814,789.7,795,,,8956,7194522.3,221,,
2025-11-18,RADHI,,771,749,749,,,127990,97243786.6,520,,
2025-11-18,RAWA,,715,699,710,,,659,464384,33,,
2025-11-18,RFPL,,370,360.8,365,,,27324,9969645.4,168,,
2025-11-18,RHGCL,,260.1,243,257.5,,,164286,41902528.2,578,,
2025-11-18,RHPL,,270.3,265,265,,,13141,3508953,146,,
2025-11-18,RIDI,,230,226,228.4,,,48210,10991943.4,176,,
2025-11-18,RLFL,,438.9,425.2,427.3,,,9825,4249733.4,47,,
2025-11-18,RNLI,,479,472.5,475,,,76235,36241314.5,412,,
2025-11-18,RSDC,,620,611,611,,,7279,4474949.9,74,,
2025-11-18,RURU,,760,742,752.9,,,55900,41945950.5,156,,
2025-11-18,SAGAR,,684.4,634.6,684.4,,,450,306756,45,,
2025-11-18,SAHAS,,692.7,680,691,,,332874,229166916.3,1613,,
2025-11-18,SANIMA,,303.8,299.1,299.1,,,30377,9137868.9,154,,
2025-11-18,SANVI,,587.5,568.1,583.5,,,10074,5870211,336,,
2025-11-18,SARBTM,,916,895,896,,,19884,17941298.8,131,,
2025-11-18,SBI,,395,385.1,394.5,,,25420,9997983.3,80,,
2025-11-18,SBL,,329.7,321.7,324,,,66042,21469259.8,94,,
2025-11-18,SCB,,639.5,633,636.2,,,10579,6738699,98,,
2025-11-18,SGHC,,400,380,390,,,29017,11296561.6,188,,
2025-11-18,SHEL,,292,286,286.2,,,116355,33684872,417,,
2025-11-18,SHIVM,,596,586.1,587.5,,,155626,92060264.6,662,,
2025-11-18,SHL,,550.9,540,545,,,28435,15535525.9,108,,
2025-11-18,SHLB,,1769.7,1720,1748,,,1950,3391553,38,,
2025-11-18,SHPC,,508.7,497,502,,,100624,50710744.9,327,,
2025-11-18,SIFC,,510.9,485,493.7,,,9722,4787702.4,78,,
2025-11-18,SIKLES,,653.7,639,642,,,39343,25417373.4,148,,
2025-11-18,SJCL,,285,281,284.8,,,8070,2282214.2,117,,
2025-11-18,SJLIC,,440,426,433,,,19279,8414497.6,200,,
2025-11-18,SKBBL,,859,830,830,,,28154,23790553.8,157,,
2025-11-18,SLBBL,,866,840,857,,,5367,4606836.2,76,,
2025-11-18,SLBSL,,1322,1271.1,1295.1,,,2693,3509490.9,58,,
2025-11-18,SMATA,,794.9,784.6,789,,,7725,6090575,104,,
2025-11-18,SMB,,2150,2120,2139,,,215,458465,12,,
2025-11-18,SMFBS,,1695,1624,1675,,,1229,2022615.4,34,,
2025-11-18,SMH,,764.9,750,750,,,5595,4243807.5,25,,
2025-11-18,SMHL,,793,771.1,785,,,6625,5167114.1,88,,
2025-11-18,SMJC,,519.9,490.3,512.9,,,19038,9688367.4,248,,
2025-11-18,SMPDA,,929,864,890,,,3011,2683745.6,61,,
2025-11-18,SNLI,,482,472,473,,,58144,27793437.8,334,,
2025-11-18,SONA,,422,414,419.5,,,23187,9727754.1,292,,
2025-11-18,SPC,,469,460,465,,,10443,4840387.6,78,,
2025-11-18,SPDL,,452,404,419.9,,,236605,99339155.2,598,,
2025-11-18,SPHL,,510,483.5,504,,,6358,3197011.8,63,,
2025-11-18,SPL,,935.5,905,935.5,,,690,637063.3,23,,
2025-11-18,SRLI,,394,386.2,391.2,,,15671,6121211.4,200,,
2025-11-18,SSHL,,168,165,165.8,,,57510,9588330.3,164,,
2025-11-18,STC,,5328.9,5260,5309,,,1609,8538853,55,,
2025-11-18,SWASTIK,,484,474.6,484,,,20,9586,2,,
2025-11-18,SWBBL,,794,780,780,,,7404,5808952.1,61,,
2025-11-18,SWMF,,702,683,695,,,3689,2555744.7,63,,
2025-11-18,TAMOR,,479,466.1,473,,,5544,2622185.3,110,,
2025-11-18,TPC,,332.9,325.1,328.1,,,68204,22475305.5,243,,
2025-11-18,TRH,,700,682,695,,,4705,3247980.8,66,,
2025-11-18,TSHL,,694,677.2,679,,,1825,1249055.1,38,,
2025-11-18,TTL,,720,709.1,711,,,21163,15153031.4,527,,
2025-11-18,TVCL,,419,409.1,417.6,,,3535,1461875,53,,
2025-11-18,UHEWA,,603,567.5,587,,,37935,22033459.7,176,,
2025-11-18,ULBSL,,3855,3781,3834,,,482,1833201.4,14,,
2025-11-18,ULHC,,463.5,448.1,458,,,12726,5812747.7,106,,
2025-11-18,UMHL,,534.9,525,533,,,30390,16145535,138,,
2025-11-18,UMRH,,560,549,551.5,,,10083,5583149.5,66,,
2025-11-18,UNHPL,,540,522,525,,,155398,81846636,380,,
2025-11-18,UNL,,47000,46800,46990,,,70,3281790,7,,
2025-11-18,UNLB,,1975,1956,1974,,,539,1060274.5,13,,
2025-11-18,UPCL,,371,364,367,,,95705,35306388.9,281,,
2025-11-18,UPPER,,177,174,176.9,,,78002,13731595.5,312,,
2025-11-18,USHEC,,491,475,481.9,,,20831,10054548.3,150,,
2025-11-18,USHL,,703,683.5,693,,,1718,1187804.3,34,,
2025-11-18,USLB,,1856,1796,1796,,,11497,20860160.9,230,,
2025-11-18,VLBS,,785,760,784,,,3023,2330042,31,,
2025-11-18,VLUCL,,571.2,550,559,,,4321,2404644.6,67,,
2025-11-19,ACLBSL,,1001,975.7,978.5,,,792,777057,27,,
2025-11-19,ADBL,,315,312,312.8,,,22061,6893003.7,113,,
2025-11-19,AHL,,619,593.5,603,,,3264,1947103.5,54,,
2025-11-19,AHPC,,283,277.4,281,,,61261,17104208.6,213,,
2025-11-19,AKJCL,,191,187,187.1,,,17456,3290810.6,88,,
2025-11-19,AKPL,,245.5,239,241,,,40773,9808809.6,160,,
2025-11-19,ALBSL,,1040,1018,1038.9,,,33441,34406731.2,218,,
2025-11-19,ALICL,,459.1,442,451,,,55285,24891218.9,257,,
2025-11-19,ANLB,,6139.9,6074.5,6139.9,,,41,249556,5,,
2025-11-19,API,,285,278.7,281.5,,,71908,20140063.6,206,,
2025-11-19,AVYAN,,989,954.6,977.9,,,650,628867.5,34,,
2025-11-19,BANDIPUR,,555,514.4,555,,,2360,1307985,236,,
2025-11-19,BARUN,,372,341.9,344.9,,,781840,274044421.3,1872,,
2025-11-19,BBC,,4994,4857,4914.6,,,333,1634186.5,27,,
2025-11-19,BEDC,,595,570,570,,,15549,8953588,152,,
2025-11-19,BFC,,487.6,465,474,,,26426,12401869.7,152,,
2025-11-19,BGWT,,766,758.4,763.9,,,2404,1832312.5,34,,
2025-11-19,BHCL,,490,463,488,,,124282,59643893.3,1522,,
2025-11-19,BHDC,,493.9,475.3,480,,,32315,15552357.2,191,,
2025-11-19,BHL,,182,178.6,179.6,,,80077,14372838.3,324,,
2025-11-19,BHPL,,670,656.6,658,,,432,285686.8,14,,
2025-11-19,BNHC,,439.9,423.5,425.3,,,1785,759504.5,33,,
2025-11-19,BNL,,16320,16320,16320,,,0,0,0,,
2025-11-19,BNT,,11590,11350.1,11590,,,190,2183686,17,,
2025-11-19,BPCL,,743,715.2,719.7,,,80104,57899031.9,349,,
2025-11-19,BUNGAL,,647.6,561,647.6,,,36430,22660841,2747,,
2025-11-19,CBBL,,1007.4,999,1000,,,9538,9545985.2,96,,
2025-11-19,CFCL,,480,471.1,476.5,,,3780,1794497.8,22,,
2025-11-19,CGH,,868,855,860.9,,,19354,16584427.8,94,,
2025-11-19,CHCL,,485,480,482.8,,,28461,13703610.5,172,,
2025-11-19,CHDC,,2310,2246.1,2254.9,,,20837,47106990.2,212,,
2025-11-19,CHL,,262.5,252.6,254,,,37722,9707230.5,212,,
2025-11-19,CIT,,1835,1820,1823,,,6308,11490702.7,98,,
2025-11-19,CITY,,551,530,532,,,10029,5357667.4,69,,
2025-11-19,CKHL,,591.6,575,590,,,2056,1199943,35,,
2025-11-19,CLI,,468,456,462.6,,,7449,3431832.6,164,,
2025-11-19,CREST,,1254,1211.1,1235,,,3670,4490258.5,147,,
2025-11-19,CYCL,,1500,1481,1496,,,1626,2419855.1,36,,
2025-11-19,CZBIL,,189,186.3,189,,,16324,3055653.1,91,,
2025-11-19,DDBL,,853.9,840.1,841.2,,,3209,2708100.6,34,,
2025-11-19,DHEL,,595.2,537,595.2,,,122135,70292740.5,3273,,
2025-11-19,DHPL,,309.4,296,299.9,,,10800,3235683.9,71,,
2025-11-19,DLBS,,1326,1320,1326,,,382,504479.7,20,,
2025-11-19,DOLTI,,526,510,515,,,2211,1143289.8,57,,
2025-11-19,DORDI,,265,257.9,261.9,,,75460,19611424.8,297,,
2025-11-19,EBL,,647,637.7,638,,,11554,7386288.5,105,,
2025-11-19,EHPL,,428.4,411.3,423,,,76330,31816932.4,290,,
2025-11-19,ENL,,908.9,885,886,,,558,495712.5,22,,
2025-11-19,FMDBL,,838,818.2,824,,,16740,13775123.2,111,,
2025-11-19,FOWAD,,1073.1,1068,1068.1,,,1446,1547823.5,29,,
2025-11-19,GBIME,,226.9,223,223.9,,,56872,12742741.6,316,,
2025-11-19,GBLBS,,780,780,780,,,0,0,0,,
2025-11-19,GCIL,,429.9,422,423.3,,,6601,2803543.2,113,,
2025-11-19,GFCL,,582,575,578,,,5013,2896450.1,47,,
2025-11-19,GHL,,216,212.2,213,,,22077,4710375.7,108,,
2025-11-19,GILB,,1248,1213.4,1226.9,,,1155,1412720,26,,
2025-11-19,GLBSL,,2050,2016,2018,,,364,739793.9,19,,
2025-11-19,GLH,,260,253.1,255.8,,,16109,4135480.5,96,,
2025-11-19,GMFBS,,1520,1490,1517,,,493,742526,10,,
2025-11-19,GMFIL,,460,440.1,448.4,,,8357,3725624.1,60,,
2025-11-19,GMLI,,1851.1,1825.1,1825.1,,,1310,2409249,65,,
2025-11-19,GUFL,,515,500,500.5,,,7782,3935963.9,60,,
2025-11-19,GVL,,539,520,528.9,,,25989,13633774.9,194,,
2025-11-19,HATHY,,920,905,909,,,3702,3365962.7,74,,
2025-11-19,HBL,,190.9,185.9,186.6,,,53277,9984265.8,1132,,
2025-11-19,HDHPC,,175,172,172,,,24900,4312247.7,113,,
2025-11-19,HDL,,1129.8,1108,1108,,,50200,55831254.9,703,,
2025-11-19,HHL,,344.7,331,337.6,,,22456,7510952,150,,
2025-11-19,HIDCL,,272,262.8,267,,,70697,18847510.7,251,,
2025-11-19,HIMSTAR,,744.5,663.4,744.5,,,56113,40254618.3,1138,,
2025-11-19,HLBSL,,910,890.2,895,,,1025,916935,10,,
2025-11-19,HLI,,373.9,367.7,367.7,,,19611,7250202.9,209,,
2025-11-19,HPPL,,483.8,470,477.1,,,81500,38510769.6,333,,
2025-11-19,HRL,,812.9,793,794,,,72103,57528298.4,613,,
2025-11-19,HURJA,,230,223.8,224,,,34319,7727664.5,137,,
2025-11-19,ICFC,,640,620.2,621,,,2475,1543385.2,36,,
2025-11-19,IHL,,546.8,520,541,,,8145,4351210.6,109,,
2025-11-19,ILBS,,1124,1091,1114.8,,,8194,9056486.6,56,,
2025-11-19,ILI,,462,450,456.6,,,11509,5258447,222,,
2025-11-19,JBLB,,1480,1457.1,1480,,,13213,19436000.7,215,,
2025-11-19,JFL,,435,425,425,,,2839,1214011.3,40,,
2025-11-19,JHAPA,,414.1,384,414.1,,,120,48951,12,,
2025-11-19,JOSHI,,353,335.3,343,,,69901,23905047,401,,
2025-11-19,JSLBB,,1139,1120,1135,,,615,690522.6,11,,
2025-11-19,KBL,,180.8,177.5,177.5,,,87117,15536238.2,352,,
2025-11-19,KBSH,,1808,1775,1805,,,35,62730,4,,
2025-11-19,KDL,,903,868,900,,,3000,2651276.4,63,,
2025-11-19,KKHC,,256,245.2,251.5,,,10497,2616017.7,83,,
2025-11-19,KMCDB,,1014,990,992,,,904,898149.3,19,,
2025-11-19,KPCL,,570,548.8,554,,,24549,13559204.7,148,,
2025-11-19,LEC,,199,192,193,,,47929,9299892.6,142,,
2025-11-19,LICN,,863.7,840.3,846,,,3922,3327740.9,50,,
2025-11-19,LLBS,,948.8,913,948.8,,,503,464018.9,12,,
2025-11-19,LSL,,230.5,227,230.5,,,153771,35157572.8,313,,
2025-11-19,MABEL,,705.4,628.2,705.4,,,61386,40925671,1616,,
2025-11-19,MAKAR,,563.9,546.4,560,,,5189,2871158.7,42,,
2025-11-19,MANDU,,796,782,782,,,1022,802753.6,35,,
2025-11-19,MATRI,,960,940.3,940.3,,,978,926935.1,32,,
2025-11-19,MBJC,,285,280,282,,,14456,4069184.6,212,,
2025-11-19,MBL,,212,208.3,211.5,,,23280,4877315,92,,
2025-11-19,MCHL,,479,470,473,,,2830,1333218.8,29,,
2025-11-19,MEHL,,412,404.8,407.7,,,10424,4251312,114,,
2025-11-19,MEL,,304,276.2,304,,,106190,31254053.4,516,,
2025-11-19,MEN,,666,651,659.8,,,136091,89307100.1,627,,
2025-11-19,MERO,,754.8,720.3,742,,,3451,2517484.6,74,,
2025-11-19,MFIL,,588.8,573.5,580,,,11893,6858772.3,62,,
2025-11-19,MHCL,,400,392.2,398,,,5886,2314689,50,,
2025-11-19,MHL,,485,475.2,480.3,,,15543,7472222.4,62,,
2025-11-19,MHNL,,260,244.9,257.5,,,16758,4257625.3,92,,
2025-11-19,MKCL,,1375,1333,1349.8,,,3545,4784500.7,92,,
2025-11-19,MKHC,,386,368,385.9,,,9761,3665529.6,103,,
2025-11-19,MKHL,,783,765,771,,,770,596080,26,,
2025-11-19,MKJC,,544.7,530,536,,,28585,15263932.7,135,,
2025-11-19,MLBBL,,1498.9,1457.1,1468.9,,,363,531525.7,12,,
2025-11-19,MLBS,,1541,1500,1510,,,1088,1639025,20,,
2025-11-19,MLBSL,,2025,1965,1995,,,872,1725941,22,,
2025-11-19,MMKJL,,584,572,579,,,3314,1914765.5,45,,
2025-11-19,MPFL,,547,532,535.1,,,4167,2226417.7,26,,
2025-11-19,MSHL,,911.4,876,901,,,2863,2575482,27,,
2025-11-19,MSLB,,1463,1351.1,1379,,,1504,2062355.4,50,,
2025-11-19,NABIL,,511,505,507,,,18121,9178167.3,247,,
2025-11-19,NADEP,,752.7,727,740,,,1597,1179994,17,,
2025-11-19,NBL,,240,236.1,237,,,25934,6144684,158,,
2025-11-19,NESDO,,1545,1490,1514,,,1221,1832670.8,41,,
2025-11-19,NFS,,677,648,659.9,,,23389,15296477.9,219,,
2025-11-19,NGPL,,378.5,370.1,373.1,,,132883,49493658.8,402,,
2025-11-19,NHDL,,709.9,683.3,684.1,,,12560,8706920.2,31,,
2025-11-19,NHPC,,192,187.2,187.9,,,8090,1524365.2,72,,
2025-11-19,NICA,,311.9,305.7,306.9,,,35247,10805225.2,254,,
2025-11-19,NICLBSL,,552,543,550,,,7201,3927130.2,69,,
2025-11-19,NIFRA,,280,273.5,275.9,,,151522,41703182.1,609,,
2025-11-19,NIMB,,192.9,189.5,190,,,69714,13269994.7,259,,
2025-11-19,NLIC,,818.9,789,799,,,65155,51883258.5,267,,
2025-11-19,NLICL,,613.9,597.6,601.9,,,4978,2984228.2,35,,
2025-11-19,NLO,,244.33,244.33,244.33,,,0,0,0,,
2025-11-19,NMB,,238.2,234.1,234.6,,,24865,5845943.7,85,,
2025-11-19,NMBMF,,656.8,644,653,,,540,351895.1,16,,
2025-11-19,NMFBS,,1310,1260.1,1289,,,11046,14145025,69,,
2025-11-19,NMLBBL,,641.9,626.2,627.1,,,3526,2216956,44,,
2025-11-19,NRIC,,1340,1305.2,1317,,,61358,80613553.4,399,,
2025-11-19,NRM,,426,416.1,419.8,,,15034,6309071.7,152,,
2025-11-19,NRN,,2004.3,1902.7,1945,,,54422,104856635.4,453,,
2025-11-19,NTC,,859.9,850,852.3,,,4190,3570475.6,90,,
2025-11-19,NUBL,,737,732.8,736,,,7820,5754317,25,,
2025-11-19,NWCL,,808,785,790,,,1591,1259448.6,48,,
2025-11-19,NYADI,,410.1,389,394,,,10849,4311275,104,,
2025-11-19,OHL,,709.5,671,689,,,5010,3437666.8,43,,
2025-11-19,OMPL,,1183,1136,1180,,,11941,13802819.8,265,,
2025-11-19,PCBL,,251.8,245,251.8,,,72945,18047814.3,132,,
2025-11-19,PFL,,384.9,377.5,377.5,,,5230,1976805.5,41,,
2025-11-19,PHCL,,340,322,323,,,32172,10485049.8,233,,
2025-11-19,PMHPL,,339.6,326,327,,,22876,7570542.3,115,,
2025-11-19,PMLI,,490,481,485.9,,,3083,1490190.8,96,,
2025-11-19,PPCL,,327,322,324.6,,,17445,5645240,73,,
2025-11-19,PPL,,347,330,332,,,117563,39462264.4,325,,
2025-11-19,PROFL,,474,453.2,462.4,,,12100,5555940.1,95,,
2025-11-19,PRVU,,189,184.5,185.4,,,97336,18060849.5,325,,
2025-11-19,PURE,,860,800,850.1,,,37505,31149454.6,610,,
2025-11-19,RADHI,,763.9,740,743,,,213662,159488245.4,567,,
2025-11-19,RAWA,,719,691.1,719,,,1795,1256667.8,31,,
2025-11-19,RFPL,,366,351.5,355,,,13379,4773338.5,152,,
2025-11-19,RHGCL,,261.2,250.9,254.5,,,52879,13421305,222,,
2025-11-19,RHPL,,272,262,263,,,27455,7312575.4,170,,
2025-11-19,RIDI,,231,224.1,226,,,53336,12036795,178,,
2025-11-19,RLFL,,433,420,424.8,,,7159,3030194.6,46,,
2025-11-19,RNLI,,484,470.5,475,,,55885,26561411.5,326,,
2025-11-19,RSDC,,620,598.8,611.4,,,1842,1118797.8,45,,
2025-11-19,RURU,,759.8,750,757,,,22235,16710125,133,,
2025-11-19,SAGAR,,752.8,684,752.8,,,480,359294,48,,
2025-11-19,SAHAS,,704,678.7,680,,,285787,196055143.4,1465,,
2025-11-19,SANIMA,,303.6,295,302,,,60999,18172623.7,280,,
2025-11-19,SANVI,,641.8,571.9,641.8,,,107443,66831005.4,1532,,
2025-11-19,SARBTM,,911,890,900,,,51474,46443511.2,158,,
2025-11-19,SBI,,396,386.7,394.7,,,9727,3797149.1,64,,
2025-11-19,SBL,,327.9,321.3,322.7,,,16598,5385967.9,64,,
2025-11-19,SCB,,639.9,633.5,636.9,,,11815,7520648.7,89,,
2025-11-19,SGHC,,405,382.3,405,,,119306,47254289.6,501,,
2025-11-19,SHEL,,290,284.1,287,,,65923,18898478.4,251,,
2025-11-19,SHIVM,,593,586.5,590,,,180476,106411311.9,414,,
2025-11-19,SHL,,552,542,545.8,,,28517,15527139.9,112,,
2025-11-19,SHLB,,1780,1700,1729,,,1387,2372963.7,28,,
2025-11-19,SHPC,,512,498,504.9,,,60567,30330538.3,168,,
2025-11-19,SIFC,,493,485,489.8,,,2381,1158080.5,39,,
2025-11-19,SIKLES,,654.9,639,640,,,7878,5066823,96,,
2025-11-19,SJCL,,290,281,282.4,,,5499,1552293.8,69,,
2025-11-19,SJLIC,,439.8,428.1,433,,,31921,13801773,173,,
2025-11-19,SKBBL,,852,840.1,845.3,,,5337,4524029.1,78,,
2025-11-19,SLBBL,,869,847.1,847.1,,,6202,5299951.1,62,,
2025-11-19,SLBSL,,1307,1285,1302,,,1932,2511703.9,48,,
2025-11-19,SMATA,,795.6,773.3,795.6,,,8115,6354535.7,114,,
2025-11-19,SMB,,2145,2100,2139,,,700,1481956.4,31,,
2025-11-19,SMFBS,,1698,1622.7,1653.3,,,284,466168.5,12,,
2025-11-19,SMH,,790,761.6,775,,,4049,3155026.3,46,,
2025-11-19,SMHL,,794,770.4,784,,,3107,2408578.1,59,,
2025-11-19,SMJC,,518,501.3,508,,,7119,3596011.9,114,,
2025-11-19,SMPDA,,924,872.2,889.9,,,2895,2553838,47,,
2025-11-19,SNLI,,478,469,476.5,,,34543,16316054.8,345,,
2025-11-19,SONA,,422,416.2,418,,,27158,11383685,288,,
2025-11-19,SPC,,472.8,457.1,464.9,,,5861,2707469.6,48,,
2025-11-19,SPDL,,424.9,416.1,421,,,258323,108753402.7,723,,
2025-11-19,SPHL,,505,498.1,505,,,3736,1865690.8,44,,
2025-11-19,SPL,,934.9,917.1,934.9,,,350,322020,12,,
2025-11-19,SRLI,,395,387.5,388.5,,,7793,3029020.9,139,,
2025-11-19,SSHL,,168,164.7,165,,,26537,4385794.1,148,,
2025-11-19,STC,,5399.9,5256,5317,,,1212,6419970,40,,
2025-11-19,SWASTIK,,523.6,477.7,523.6,,,50,25117,5,,
2025-11-19,SWBBL,,795.6,777,780,,,5665,4416886.2,68,,
2025-11-19,SWMF,,703,679.4,689.9,,,1970,1353036.1,23,,
2025-11-19,TAMOR,,475.8,468,469,,,9370,4399418,96,,
2025-11-19,TPC,,332,322.2,324,,,23641,7697720.5,131,,
2025-11-19,TRH,,696,687.2,687.2,,,3259,2248052.3,38,,
2025-11-19,TSHL,,691.4,678,691,,,1351,921932,25,,
2025-11-19,TTL,,756.2,712,754,,,62943,46516096.3,1292,,
2025-11-19,TVCL,,416.9,407,415,,,4320,1778202,51,,
2025-11-19,UHEWA,,585,580,580,,,4983,2896342,63,,
2025-11-19,ULBSL,,3799,3763,3795,,,294,1107869,16,,
2025-11-19,ULHC,,460,449.6,455.5,,,13454,6101537.6,101,,
2025-11-19,UMHL,,536.9,530,534.3,,,25310,13469354.5,126,,
2025-11-19,UMRH,,559,541,552,,,1599,879953.3,29,,
2025-11-19,UNHPL,,529.59,510,514.9,,,214479,110457987.5,554,,
2025-11-19,UNL,,47290,47290,47290,,,13,614770,1,,
2025-11-19,UNLB,,2000,1892,1959,,,2647,5079174,58,,
2025-11-19,UPCL,,370,362.5,363,,,48450,17695973,180,,
2025-11-19,UPPER,,178,174.8,175.1,,,52125,9173552.6,271,,
2025-11-19,USHEC,,476,469,470.1,,,10133,4780123,96,,
2025-11-19,USHL,,690,681,688,,,1250,854746.5,25,,
2025-11-19,USLB,,1830,1778,1778,,,12837,23070598.8,168,,
2025-11-19,VLBS,,775,760,775,,,5239,3990877.3,16,,
2025-11-19,VLUCL,,568,551,557.9,,,2081,1148728.5,58,,
2025-11-20,ACLBSL,,996,975.2,989,,,444,440402,17,,
2025-11-20,ADBL,,313.9,312,312.4,,,23008,7195946.3,124,,
2025-11-20,AHL,,614,595,603,,,5483,3297888.3,74,,
2025-11-20,AHPC,,286.5,275,276.4,,,118171,32726203.7,336,,
2025-11-20,AKJCL,,188.7,185.1,186.9,,,48359,9011013.4,186,,
2025-11-20,AKPL,,246.9,238.4,242,,,113532,27619231,266,,
2025-11-20,ALBSL,,1079,1015,1054,,,56681,58626866.8,286,,
2025-11-20,ALICL,,452.9,445.1,448,,,28268,12685339.4,183,,
2025-11-20,ANLB,,6180,6100,6174.9,,,361,2206349.8,32,,
2025-11-20,API,,283.4,278.1,279.4,,,54780,15306697.8,235,,
2025-11-20,AVYAN,,997,958,974.4,,,3870,3756607.5,53,,
2025-11-20,BANDIPUR,,610.5,566,610.5,,,6810,4155966,681,,
2025-11-20,BARUN,,352,333,343,,,349895,120063857.8,1101,,
2025-11-20,BBC,,4939.9,4823,4920,,,270,1321209,27,,
2025-11-20,BEDC,,581.4,559,567.1,,,24685,14037917.7,207,,
2025-11-20,BFC,,483,460,468,,,20081,9319798.3,156,,
2025-11-20,BGWT,,776,755,757,,,1885,1429169.3,38,,
2025-11-20,BHCL,,506,468.2,469.5,,,94449,46154473.5,1436,,
2025-11-20,BHDC,,494,475,485.1,,,61980,30194075.7,293,,
2025-11-20,BHL,,181,176.1,177.9,,,89992,16063862.7,353,,
2025-11-20,BHPL,,659.5,650,655,,,2035,1328148,34,,
2025-11-20,BNHC,,431.2,420.6,429.9,,,8765,3741947.2,81,,
2025-11-20,BNL,,16600,16530,16590,,,31,513790,3,,
2025-11-20,BNT,,12240,11790,12100,,,1320,15960116,65,,
2025-11-20,BPCL,,726.9,713,716.5,,,99693,71525649.8,309,,
2025-11-20,BUNGAL,,634.7,582.9,589,,,154398,92764782.5,7334,,
2025-11-20,CBBL,,1001,995,998,,,6464,6454617.8,84,,
2025-11-20,CFCL,,479,470.3,472,,,4613,2179518.8,40,,
2025-11-20,CGH,,862,848,854,,,19828,16896612.1,166,,
2025-11-20,CHCL,,483.9,477.3,483.9,,,44048,21140811.1,228,,
2025-11-20,CHDC,,2285,2241,2263,,,14162,31994442.9,164,,
2025-11-20,CHL,,263.8,250,260.6,,,76715,19931618.6,310,,
2025-11-20,CIT,,1825,1810,1825,,,9631,17508107.3,137,,
2025-11-20,CITY,,530,522,529,,,6912,3636343.7,61,,
2025-11-20,CKHL,,636.9,591,630.1,,,13022,8097712,198,,
2025-11-20,CLI,,463,459.6,460.1,,,10738,4943488.7,230,,
2025-11-20,CREST,,1259,1217,1250,,,19628,24462680,367,,
2025-11-20,CYCL,,1492.5,1472.3,1480,,,1120,1656465.7,33,,
2025-11-20,CZBIL,,187,183,186,,,58849,10898253.7,189,,
2025-11-20,DDBL,,854,836.1,850,,,7309,6185602.5,63,,
2025-11-20,DHEL,,619,561,566,,,93546,55447315.2,2896,,
2025-11-20,DHPL,,301.8,288,299.9,,,13631,4006293,93,,
2025-11-20,DLBS,,1458.6,1312,1458.6,,,3817,5146773.4,62,,
2025-11-20,DOLTI,,530,510,518,,,8505,4420207.7,114,,
2025-11-20,DORDI,,276,259.1,269,,,361326,97923780.1,1391,,
2025-11-20,EBL,,647,635,640,,,17958,11457506.2,114,,
2025-11-20,EHPL,,445,414.6,439,,,138176,59490465,549,,
2025-11-20,ENL,,894,885.1,893,,,922,820416.6,20,,
2025-11-20,FMDBL,,829.9,814.7,814.7,,,21822,17915471.8,118,,
2025-11-20,FOWAD,,1099.5,1060.1,1090,,,762,821537.7,26,,
2025-11-20,GBIME,,224.8,218.9,221.9,,,277777,61325025.8,623,,
2025-11-20,GBLBS,,780,780,780,,,0,0,0,,
2025-11-20,GCIL,,434.4,420.1,427,,,18373,7831671.1,221,,
2025-11-20,GFCL,,580,572,573.1,,,6080,3490425.6,49,,
2025-11-20,GHL,,214.6,210.5,212.9,,,44725,9477694.6,114,,
2025-11-20,GILB,,1226,1214.1,1214.1,,,1646,2004247.4,25,,
2025-11-20,GLBSL,,2029.9,1985,2001,,,710,1424325.4,19,,
2025-11-20,GLH,,262.1,250.8,254.1,,,36783,9370489,207,,
2025-11-20,GMFBS,,1519,1517,1519,,,14,21158,2,,
2025-11-20,GMFIL,,447.9,435.1,443,,,13681,6024193.8,77,,
2025-11-20,GMLI,,1851,1788.6,1825,,,2796,5128108.4,76,,
2025-11-20,GUFL,,502,491,500,,,3717,1843266,39,,
2025-11-20,GVL,,532.8,518.4,522.5,,,28027,14713766.1,218,,
2025-11-20,HATHY,,911,900,908.9,,,2611,2365369.5,88,,
2025-11-20,HBL,,190,185.9,187.9,,,70636,13220232.7,1575,,
2025-11-20,HDHPC,,174,170,171.5,,,49490,8510060,170,,
2025-11-20,HDL,,1130.1,1103,1114.4,,,30697,34149218,440,,
2025-11-20,HHL,,340,331.5,337,,,31380,10548571.9,151,,
2025-11-20,HIDCL,,269,261.7,262.9,,,54871,14541016.1,208,,
2025-11-20,HIMSTAR,,810,715.2,788.5,,,51453,40339982.4,1247,,
2025-11-20,HLBSL,,899.9,882.5,899.6,,,1425,1271010.4,31,,
2025-11-20,HLI,,370,365.8,366,,,38833,14262262.3,276,,
2025-11-20,HPPL,,478.9,468,478,,,71986,34096722.1,262,,
2025-11-20,HRL,,801,790.2,791,,,53239,42169989.3,714,,
2025-11-20,HURJA,,228,220.2,222.5,,,49941,11182688.8,162,,
2025-11-20,ICFC,,627.4,618,624,,,3737,2322972.8,31,,
2025-11-20,IHL,,580,520.3,561,,,23117,12906407.4,255,,
2025-11-20,ILBS,,1113,1094,1094,,,7402,8118909,65,,
2025-11-20,ILI,,458,450.4,457.8,,,15337,6999446,270,,
2025-11-20,JBLB,,1539.1,1465.1,1510,,,26407,39829229.4,389,,
2025-11-20,JFL,,431.9,421,422,,,5796,2462700.6,85,,
2025-11-20,JHAPA,,455.5,422.3,455.5,,,200,90283,20,,
2025-11-20,JOSHI,,353.5,330,334.1,,,59869,20361987.2,372,,
2025-11-20,JSLBB,,1148,1120,1147.6,,,2149,2410999,23,,
2025-11-20,KBL,,178.9,176,176.5,,,82544,14609274.3,379,,
2025-11-20,KBSH,,1807.9,1771.1,1771.6,,,133,236601.9,6,,
2025-11-20,KDL,,899,877.1,894.6,,,1120,987269,35,,
2025-11-20,KKHC,,251.4,244.1,251.4,,,19902,4936106.4,92,,
2025-11-20,KMCDB,,1003.9,986,997.9,,,1377,1364718.2,27,,
2025-11-20,KPCL,,552,546.3,549,,,26418,14493465.7,129,,
2025-11-20,LEC,,195,190.3,193,,,60055,11560237.8,201,,
2025-11-20,LICN,,862,844,850,,,6044,5117179,68,,
2025-11-20,LLBS,,935,920,920,,,781,719849.1,16,,
2025-11-20,LSL,,230.4,227.5,229.6,,,124505,28576904.7,227,,
2025-11-20,MABEL,,730,665,708.7,,,70596,48114129.4,2322,,
2025-11-20,MAKAR,,570,548.8,560,,,4080,2272233,75,,
2025-11-20,MANDU,,784.5,777.2,782,,,1942,1512821.4,34,,
2025-11-20,MATRI,,949,930.1,942,,,274,257998.1,13,,
2025-11-20,MBJC,,287,278.2,279.7,,,13799,3881775,211,,
2025-11-20,MBL,,210.5,208.5,209,,,26114,5455760.4,92,,
2025-11-20,MCHL,,482,470,475.1,,,1847,881820.4,38,,
2025-11-20,MEHL,,425,403.1,411.4,,,18456,7638845.8,138,,
2025-11-20,MEL,,324.3,292.2,314,,,149132,45896762.6,759,,
2025-11-20,MEN,,664.9,652.5,658.1,,,94582,62248385.5,491,,
2025-11-20,MERO,,771.5,715,750,,,22347,16681461.3,127,,
2025-11-20,MFIL,,587.8,570.2,574.9,,,9726,5579139.6,58,,
2025-11-20,MHCL,,402,390.3,394.5,,,7901,3146299.5,72,,
2025-11-20,MHL,,481,476,479.1,,,23478,11263321.5,107,,
2025-11-20,MHNL,,259.8,244,257,,,44210,11254743.4,148,,
2025-11-20,MKCL,,1353,1333,1337.1,,,2782,3722351,61,,
2025-11-20,MKHC,,400,371.5,393.1,,,11176,4347950.1,132,,
2025-11-20,MKHL,,818,755.9,818,,,5900,4666451,87,,
2025-11-20,MKJC,,546.7,527.1,530,,,22812,12122302.5,139,,
2025-11-20,MLBBL,,1479,1450,1475,,,2938,4320935,26,,
2025-11-20,MLBS,,1540,1480.2,1499,,,857,1275856,19,,
2025-11-20,MLBSL,,1995,1962,1965.1,,,1771,3482909,35,,
2025-11-20,MMKJL,,612,578,594,,,17643,10521548.4,151,,
2025-11-20,MPFL,,545.5,525,540,,,8066,4317441.2,45,,
2025-11-20,MSHL,,903,885.3,900,,,334,297711,15,,
2025-11-20,MSLB,,1435,1354.4,1402.5,,,7574,10542860.9,94,,
2025-11-20,NABIL,,508,503,506,,,27947,14102498.5,258,,
2025-11-20,NADEP,,745,726.8,745,,,1142,837466,33,,
2025-11-20,NBL,,237,235.1,235.6,,,24693,5832464.8,156,,
2025-11-20,NESDO,,1513,1484.1,1513,,,360,538461.8,27,,
2025-11-20,NFS,,659,638,640,,,35419,22810127.6,314,,
2025-11-20,NGPL,,378,371,376,,,143311,53767474.8,392,,
2025-11-20,NHDL,,695,684,686.1,,,610,419211.3,37,,
2025-11-20,NHPC,,191,186,188,,,35452,6691400.8,160,,
2025-11-20,NICA,,307.5,304.5,306.4,,,47593,14543739.9,249,,
2025-11-20,NICLBSL,,555,540.2,549.3,,,7051,3843844.5,101,,
2025-11-20,NIFRA,,275.5,270,273,,,94045,25684233.1,512,,
2025-11-20,NIMB,,192.5,188.8,189,,,70119,13288841.5,285,,
2025-11-20,NLIC,,806,793,804,,,24300,19484824,187,,
2025-11-20,NLICL,,608,597.09,599,,,12917,7724936.64,60,,
2025-11-20,NLO,,244.33,244.33,244.33,,,0,0,0,,
2025-11-20,NMB,,238,234.5,237,,,34574,8162411.5,99,,
2025-11-20,NMBMF,,677.9,654.5,673,,,3336,2220363.9,33,,
2025-11-20,NMFBS,,1290,1264.2,1290,,,3283,4194667.6,38,,
2025-11-20,NMLBBL,,639.5,622,630,,,4772,3001868,42,,
2025-11-20,NRIC,,1339.9,1305.1,1330,,,96707,126982915.6,492,,
2025-11-20,NRM,,424,415.2,419,,,27939,11706259,232,,
2025-11-20,NRN,,1945,1918,1923.1,,,35793,68891894.6,492,,
2025-11-20,NTC,,859,847.3,850.1,,,4835,4118384.4,98,,
2025-11-20,NUBL,,745,733.2,737,,,8010,5922885.2,53,,
2025-11-20,NWCL,,840,783,830.2,,,7178,5867638.3,157,,
2025-11-20,NYADI,,403,386.2,396.8,,,8194,3241223.2,121,,
2025-11-20,OHL,,689,669.2,683,,,8185,5518083.3,69,,
2025-11-20,OMPL,,1233,1180,1195.9,,,22132,26733019.5,469,,
2025-11-20,PCBL,,251,245.9,247,,,37558,9345843.1,131,,
2025-11-20,PFL,,381.4,374,374,,,5537,2078250.3,72,,
2025-11-20,PHCL,,329,312,315,,,42988,13591336,379,,
2025-11-20,PMHPL,,331,321.2,327,,,27478,8952683.4,116,,
2025-11-20,PMLI,,490,477.1,481,,,8223,3978597.5,155,,
2025-11-20,PPCL,,335,320,334,,,49710,16364878,216,,
2025-11-20,PPL,,343,327,341.9,,,150145,50560498.6,423,,
2025-11-20,PROFL,,465.5,456.2,460.2,,,6286,2904086.6,55,,
2025-11-20,PRVU,,186.9,184.2,184.9,,,73899,13687317.3,319,,
2025-11-20,PURE,,870,840,841,,,28409,24253732.1,462,,
2025-11-20,RADHI,,758,730,747,,,153662,114555392.4,507,,
2025-11-20,RAWA,,718,700,715,,,1158,822238.1,33,,
2025-11-20,RFPL,,368,350,352,,,28149,9971188.4,210,,
2025-11-20,RHGCL,,271,250,268.8,,,215427,57124779,815,,
2025-11-20,RHPL,,268.2,260,261,,,31113,8182556.9,158,,
2025-11-20,RIDI,,233,222.2,231.4,,,145082,33203861.1,322,,
2025-11-20,RLFL,,433.2,419,422,,,13255,5624673.7,92,,
2025-11-20,RNLI,,472,467,471,,,30932,14566963.9,279,,
2025-11-20,RSDC,,615,600,613.9,,,10302,6284598.6,91,,
2025-11-20,RURU,,786,742,757.9,,,13505,10201959.2,100,,
2025-11-20,SAGAR,,828,767.8,828,,,950,785122,95,,
2025-11-20,SAHAS,,687,670,672,,,619243,418083048.4,2947,,
2025-11-20,SANIMA,,301,296.1,298.5,,,32482,9690794.4,166,,
2025-11-20,SANVI,,688,638,644,,,68012,45346502.4,1131,,
2025-11-20,SARBTM,,906,886,886.1,,,5143,4590486.8,104,,
2025-11-20,SBI,,393,387.1,391,,,10357,4025667,42,,
2025-11-20,SBL,,328.7,322.5,325.9,,,17891,5795845,77,,
2025-11-20,SCB,,643,633,637,,,9825,6240242.8,86,,
2025-11-20,SGHC,,432,397.1,421,,,230038,97022473,776,,
2025-11-20,SHEL,,288,283,284.1,,,119328,34051275.8,357,,
2025-11-20,SHIVM,,593.1,580.3,580.4,,,153172,89815201.8,491,,
2025-11-20,SHL,,552,544,546,,,96431,52624320.2,423,,
2025-11-20,SHLB,,1720,1695.5,1700,,,1196,2034017,38,,
2025-11-20,SHPC,,503,498,500.9,,,47849,23936092.9,149,,
2025-11-20,SIFC,,490,485,485.2,,,3588,1744003.7,39,,
2025-11-20,SIKLES,,652,640,650,,,42188,27234758.7,169,,
2025-11-20,SJCL,,285,276.8,284.7,,,15876,4450134.1,109,,
2025-11-20,SJLIC,,435,426.5,430,,,5874,2527325,142,,
2025-11-20,SKBBL,,859,841.9,846,,,9215,7816965,85,,
2025-11-20,SLBBL,,857,846,851,,,4808,4091389.3,72,,
2025-11-20,SLBSL,,1315,1280,1305.9,,,2061,2686211.1,52,,
2025-11-20,SMATA,,797,782.1,784,,,8353,6559400.1,131,,
2025-11-20,SMB,,2134.9,2097,2134.9,,,1273,2682456.2,32,,
2025-11-20,SMFBS,,1686,1588.8,1640,,,2051,3369606.3,28,,
2025-11-20,SMH,,800,759.5,795,,,3085,2409892,44,,
2025-11-20,SMHL,,848,768.4,802,,,34020,26946093.5,234,,
2025-11-20,SMJC,,518,506,513.9,,,17785,9112785.6,227,,
2025-11-20,SMPDA,,889.5,873.1,885,,,1134,998101.1,46,,
2025-11-20,SNLI,,483,471,471,,,31068,14738280.8,352,,
2025-11-20,SONA,,433,415,426,,,63536,26963519.2,487,,
2025-11-20,SPC,,483,466,482,,,26185,12454290.8,212,,
2025-11-20,SPDL,,453,413,419.7,,,158000,66346155.2,505,,
2025-11-20,SPHL,,517,497,514.9,,,17698,9047027.2,111,,
2025-11-20,SPL,,939,901.2,912,,,598,548780,25,,
2025-11-20,SRLI,,391,382.3,389.9,,,14107,5488788,187,,
2025-11-20,SSHL,,166,162.6,164.6,,,55043,9036212.2,228,,
2025-11-20,STC,,5400,5212.1,5365,,,2338,12507826,109,,
2025-11-20,SWASTIK,,523.6,523.6,523.6,,,0,0,0,,
2025-11-20,SWBBL,,777,765,774.5,,,11343,8721620.1,131,,
2025-11-20,SWMF,,689,677.1,686.9,,,1847,1254595.9,32,,
2025-11-20,TAMOR,,471.9,463.4,471.9,,,4042,1896029.5,101,,
2025-11-20,TPC,,338,317.6,334.9,,,98957,32831762.6,392,,
2025-11-20,TRH,,695,685,693,,,5768,3964980.9,67,,
2025-11-20,TSHL,,713,681,706,,,7127,4995008.6,102,,
2025-11-20,TTL,,795.6,743,763,,,57996,44794403.2,1234,,
2025-11-20,TVCL,,414.5,407.4,411,,,5415,2223354.1,59,,
2025-11-20,UHEWA,,594,573.9,586,,,12388,7282313.9,107,,
2025-11-20,ULBSL,,3825,3750,3800,,,8152,30968136.8,63,,
2025-11-20,ULHC,,461,445,445,,,10923,4944031.9,115,,
2025-11-20,UMHL,,535,530,535,,,34208,18238735.4,140,,
2025-11-20,UMRH,,559,545.9,550.1,,,7390,4064850.7,51,,
2025-11-20,UNHPL,,515,500,503.5,,,239411,121558956.8,553,,
2025-11-20,UNL,,47150,46801,46850,,,40,1878010,4,,
2025-11-20,UNLB,,1959,1882,1955,,,827,1577288.2,28,,
2025-11-20,UPCL,,370.2,358.5,361.8,,,83537,30191400.1,253,,
2025-11-20,UPPER,,178,171.7,176,,,67379,11884181.6,314,,
2025-11-20,USHEC,,484.5,467.2,477,,,34620,16434805.4,126,,
2025-11-20,USHL,,690,675,685,,,3043,2066692.5,45,,
2025-11-20,USLB,,1813,1750,1796.9,,,29549,52596437.4,227,,
2025-11-20,VLBS,,785,761.2,785,,,1171,902189.8,21,,
2025-11-20,VLUCL,,566,547,560,,,7380,4116546.4,85,,
2025-11-23,ACLBSL,,1008,989,1006,,,1533,1534138.4,33,,
2025-11-23,ADBL,,316,313.2,316,,,61239,19272047,252,,
2025-11-23,AHL,,610,596.7,604.9,,,6590,3963004.4,80,,
2025-11-23,AHPC,,283,275.5,281.9,,,68286,19237811.1,297,,
2025-11-23,AKJCL,,193.2,187,192.9,,,82587,15818088.6,243,,
2025-11-23,AKPL,,247.9,242.3,247,,,98094,24100290.3,331,,
2025-11-23,ALBSL,,1074,1033,1060,,,35124,37013006,297,,
2025-11-23,ALICL,,470,450,465.7,,,88621,40951576.7,437,,
2025-11-23,ANLB,,6200,6100.5,6194.8,,,154,947712,15,,
2025-11-23,API,,284,280.4,282.5,,,52037,14708505.9,267,,
2025-11-23,AVYAN,,997,955,989,,,2599,2569104.7,65,,
2025-11-23,BANDIPUR,,671.5,622.7,671.5,,,22250,14935774,1914,,
2025-11-23,BARUN,,351,343.2,348,,,262009,90923523,824,,
2025-11-23,BBC,,4990,4832,4929,,,350,1718365,29,,
2025-11-23,BEDC,,590,567,575,,,8995,5215094.8,146,,
2025-11-23,BFC,,486,458.7,472,,,26914,12641996.2,243,,
2025-11-23,BGWT,,770,758.2,764.1,,,3007,2300715.5,43,,
2025-11-23,BHCL,,487,465.3,477.1,,,58078,27650450.5,1151,,
2025-11-23,BHDC,,507.4,476.2,504.9,,,79385,39601420.2,458,,
2025-11-23,BHL,,182.5,179,181,,,149180,26982822.9,546,,
2025-11-23,BHPL,,671,656,666,,,2444,1620752.5,33,,
2025-11-23,BNHC,,444.9,429.2,442,,,13920,6115291.4,114,,
2025-11-23,BNL,,16590,16590,16590,,,10,165900,1,,
2025-11-23,BNT,,12760,12270,12400,,,872,10906803,58,,
2025-11-23,BPCL,,739,725,735,,,95813,70245320.1,331,,
2025-11-23,BUNGAL,,593,546.9,579.9,,,87382,50358925.6,6021,,
2025-11-23,CBBL,,1017,1005.4,1010.8,,,16482,16688687.6,155,,
2025-11-23,CFCL,,485,474,484,,,10067,4830718.1,64,,
2025-11-23,CGH,,892,860,878,,,27836,24461745.6,203,,
2025-11-23,CHCL,,491.9,481,490.7,,,33020,16088730.5,233,,
2025-11-23,CHDC,,2320,2260,2296.9,,,36539,84072774.5,379,,
2025-11-23,CHL,,279,255.4,277,,,185273,50712994.3,864,,
2025-11-23,CIT,,1854,1836,1854,,,10354,19117240.9,154,,
2025-11-23,CITY,,539,526.1,534,,,8161,4362361.3,92,,
2025-11-23,CKHL,,645,620,640,,,3199,2020241,81,,
2025-11-23,CLI,,473,460,470,,,27616,12921216.1,426,,
2025-11-23,CREST,,1295.2,1242,1280,,,16058,20514247.1,417,,
2025-11-23,CYCL,,1505,1480,1494,,,1869,2793060.7,63,,
2025-11-23,CZBIL,,189,184.6,186.8,,,99232,18431606.9,225,,
2025-11-23,DDBL,,867.9,855,855,,,12750,10989271.6,122,,
2025-11-23,DHEL,,572,555,556,,,66360,37317592.6,2849,,
2025-11-23,DHPL,,305.8,294,303.6,,,15067,4576342,93,,
2025-11-23,DLBS,,1429.5,1373,1400.5,,,2065,2864763,57,,
2025-11-23,DOLTI,,535,507.7,530.8,,,5778,3057501.1,105,,
2025-11-23,DORDI,,281,269,278,,,221594,61466616.1,838,,
2025-11-23,EBL,,652,639,651.9,,,29228,18881348,193,,
2025-11-23,EHPL,,445.7,431.1,440,,,94902,41403215.6,478,,
2025-11-23,ENL,,912,895,910,,,1016,920361.5,24,,
2025-11-23,FMDBL,,852,828,842.3,,,42443,35781977.5,293,,
2025-11-23,FOWAD,,1129.5,1095.1,1105.6,,,4606,5096972,64,,
2025-11-23,GBIME,,224,221,223.5,,,105301,23421359,408,,
2025-11-23,GBLBS,,780,780,780,,,0,0,0,,
2025-11-23,GCIL,,443,424.3,437,,,17885,7819749.5,297,,
2025-11-23,GFCL,,590,574,588,,,7072,4113816,64,,
2025-11-23,GHL,,221,210,218.3,,,66824,14596199.7,229,,
2025-11-23,GILB,,1260,1215.1,1260,,,5149,6427159.3,82,,
2025-11-23,GLBSL,,2035,1983,2035,,,775,1552945.6,37,,
2025-11-23,GLH,,264,253,260.1,,,32798,8545237.1,199,,
2025-11-23,GMFBS,,1600,1520,1567.8,,,2642,4063886.6,51,,
2025-11-23,GMFIL,,459,440.2,447,,,27214,12134851.6,108,,
2025-11-23,GMLI,,1887,1788.5,1856,,,3438,6379180,95,,
2025-11-23,GUFL,,510,500,508.9,,,12867,6478615,88,,
2025-11-23,GVL,,532.2,522,531.6,,,29901,15856493.3,222,,
2025-11-23,HATHY,,927,910.1,924.8,,,7338,6760751.7,132,,
2025-11-23,HBL,,190,185.3,188.3,,,39605,7444274.2,1754,,
2025-11-23,HDHPC,,177.4,173,176,,,57661,10158625.1,207,,
2025-11-23,HDL,,1137.9,1118,1135.1,,,44331,50082736.7,517,,
2025-11-23,HHL,,350,338,341.5,,,43838,15081170.9,225,,
2025-11-23,HIDCL,,271.4,266,271.4,,,160089,43196346.8,410,,
2025-11-23,HIMSTAR,,854,750,826.2,,,61076,48595961.3,1253,,
2025-11-23,HLBSL,,942,900,920,,,5605,5138927.3,63,,
2025-11-23,HLI,,374.7,366,373.6,,,33398,12454925.5,303,,
2025-11-23,HPPL,,489.5,479,479.4,,,79642,38499917.1,316,,
2025-11-23,HRL,,830,790,820.1,,,182506,149179658.5,1674,,
2025-11-23,HURJA,,233.4,221.5,230.3,,,144227,33212103.4,343,,
2025-11-23,ICFC,,634.9,627,633.9,,,4194,2651891,52,,
2025-11-23,IHL,,568,550.1,562,,,5692,3202796.6,86,,
2025-11-23,ILBS,,1125,1100,1124,,,8251,9203340.1,73,,
2025-11-23,ILI,,466,452.5,461,,,27866,12884244.1,423,,
2025-11-23,JBLB,,1548,1480,1547,,,35340,54295500.8,363,,
2025-11-23,JFL,,430.4,425,427,,,4856,2079993.7,63,,
2025-11-23,JHAPA,,501,464.6,501,,,250,124354,25,,
2025-11-23,JOSHI,,356.9,332.3,353.9,,,153693,53473169.1,671,,
2025-11-23,JSLBB,,1169,1142.5,1150,,,1681,1941930.7,29,,
2025-11-23,KBL,,181,177.1,180.7,,,137485,24663778.7,433,,
2025-11-23,KBSH,,1829,1775,1820,,,670,1215245,16,,
2025-11-23,KDL,,909.6,890,901,,,1464,1316957.7,33,,
2025-11-23,KKHC,,260,250.1,256,,,20754,5301721.1,120,,
2025-11-23,KMCDB,,1025,980,1015,,,3147,3188001.8,45,,
2025-11-23,KPCL,,559.8,549,558,,,17641,9807026,130,,
2025-11-23,LEC,,201,193,197,,,126656,25141625.3,363,,
2025-11-23,LICN,,882.3,850,879.8,,,30621,26756939.2,311,,
2025-11-23,LLBS,,958.8,920,958.8,,,2567,2412831.3,41,,
2025-11-23,LSL,,233.3,229.1,232,,,129845,30090761.5,318,,
2025-11-23,MABEL,,703.2,664,703.2,,,61699,42058282.4,2113,,
2025-11-23,MAKAR,,570,553.2,563.2,,,6190,3493287,64,,
2025-11-23,MANDU,,800,773,790,,,3027,2389534,75,,
2025-11-23,MATRI,,979.2,950,969,,,1050,1011183.5,42,,
2025-11-23,MBJC,,284,277.4,282,,,11134,3138662.1,244,,
2025-11-23,MBL,,216,209,216,,,44255,9382685.2,132,,
2025-11-23,MCHL,,491,470,485,,,3584,1734728,58,,
2025-11-23,MEHL,,424,411,420,,,8372,3510732.5,143,,
2025-11-23,MEL,,327,295,299.9,,,126923,38617815.5,691,,
2025-11-23,MEN,,674.9,662,666,,,157110,104796108.7,738,,
2025-11-23,MERO,,765,750,765,,,13658,10338250.1,110,,
2025-11-23,MFIL,,588,570,587,,,10781,6288574.5,77,,
2025-11-23,MHCL,,403,394.5,401,,,7842,3127607.9,103,,
2025-11-23,MHL,,492,481,489,,,25187,12289737.3,125,,
2025-11-23,MHNL,,272.3,248,259,,,12675,3289124.9,90,,
2025-11-23,MKCL,,1390.1,1343.2,1375,,,4918,6757228.1,98,,
2025-11-23,MKHC,,399,380,398,,,7306,2878563.6,92,,
2025-11-23,MKHL,,816,773,816,,,4173,3349673,111,,
2025-11-23,MKJC,,541.6,528,537.8,,,25129,13447748.2,160,,
2025-11-23,MLBBL,,1509.6,1480,1497,,,2092,3135699.2,46,,
2025-11-23,MLBS,,1521,1486,1520,,,774,1168866,24,,
2025-11-23,MLBSL,,2044,1965.1,2029.8,,,2351,4729046.4,32,,
2025-11-23,MMKJL,,613,583.4,601,,,20473,12208553.6,164,,
2025-11-23,MPFL,,555,541,547,,,5973,3280033.3,77,,
2025-11-23,MSHL,,902.8,885.1,895.4,,,720,647598.9,26,,
2025-11-23,MSLB,,1452,1381,1427.9,,,9983,14208104.1,140,,
2025-11-23,NABIL,,510.5,505,509.5,,,48408,24607528.2,357,,
2025-11-23,NADEP,,766,740,760,,,3484,2630252.9,53,,
2025-11-23,NBL,,243,238,240,,,29210,7001628.5,168,,
2025-11-23,NESDO,,1542.9,1500.2,1515.2,,,1150,1744467.9,35,,
2025-11-23,NFS,,660,640,644.5,,,25648,16576308.8,192,,
2025-11-23,NGPL,,390,374,386.8,,,246188,94884971.8,677,,
2025-11-23,NHDL,,700,690,695.1,,,4111,2866565.3,35,,
2025-11-23,NHPC,,195,190,193.7,,,35577,6849668.9,178,,
2025-11-23,NICA,,312.2,307,309,,,52221,16121273.8,261,,
2025-11-23,NICLBSL,,561,540.3,559.9,,,22522,12451915.4,171,,
2025-11-23,NIFRA,,279.9,274,278,,,124141,34441111.3,709,,
2025-11-23,NIMB,,207,189.4,195,,,127690,24543822.7,359,,
2025-11-23,NLIC,,831.4,807.2,830,,,138581,114168830.8,737,,
2025-11-23,NLICL,,618,600,618,,,87785,53348660.9,153,,
2025-11-23,NLO,,244.33,244.33,244.33,,,0,0,0,,
2025-11-23,NMB,,243.9,239.5,243,,,96470,23279553.3,380,,
2025-11-23,NMBMF,,687.1,675,685,,,4671,3196877.8,62,,
2025-11-23,NMFBS,,1330,1297,1310,,,10807,14181049.1,82,,
2025-11-23,NMLBBL,,652,634.2,646.9,,,32114,20817794.5,95,,
2025-11-23,NRIC,,1352,1323,1330,,,128334,171229246.5,654,,
2025-11-23,NRM,,433.5,417,429.8,,,27003,11559027.6,237,,
2025-11-23,NRN,,1978,1931,1970,,,335757,656091929.3,725,,
2025-11-23,NTC,,865,851.1,858.6,,,9496,8171078.7,154,,
2025-11-23,NUBL,,760.9,746,754,,,9568,7244492.7,66,,
2025-11-23,NWCL,,836,815.1,836,,,1390,1152242.4,46,,
2025-11-23,NYADI,,407,390,401.7,,,15327,6178423.4,195,,
2025-11-23,OHL,,694,680,689,,,2468,1700371.2,39,,
2025-11-23,OMPL,,1220,1180,1198.7,,,7858,9490796.2,255,,
2025-11-23,PCBL,,255,243,252,,,73399,18479366.1,208,,
2025-11-23,PFL,,386,378,382.3,,,10050,3846981.1,109,,
2025-11-23,PHCL,,308.7,283.5,290.9,,,1186078,347803826.4,2343,,
2025-11-23,PMHPL,,337.9,330,336,,,41799,13944730.3,163,,
2025-11-23,PMLI,,495,473.1,494.7,,,9329,4565534.1,184,,
2025-11-23,PPCL,,346.4,337.8,340,,,43455,14825372.3,168,,
2025-11-23,PPL,,348.7,339,342.7,,,129208,44219954.5,350,,
2025-11-23,PROFL,,473.5,461,466,,,6396,2978592,62,,
2025-11-23,PRVU,,188,186,187.8,,,60365,11287063.7,286,,
2025-11-23,PURE,,860,833,843,,,14779,12534047.7,240,,
2025-11-23,RADHI,,776.5,748,769,,,284912,219288048.2,904,,
2025-11-23,RAWA,,720,703.1,720,,,1850,1317302,28,,
2025-11-23,RFPL,,358.9,346,354,,,24357,8649395,179,,
2025-11-23,RHGCL,,278,265.1,275.4,,,145953,39875319.7,628,,
2025-11-23,RHPL,,270,255.9,265.1,,,56051,14875491.6,245,,
2025-11-23,RIDI,,237.1,232,234.4,,,118961,27947256.7,368,,
2025-11-23,RLFL,,435,423.2,431,,,5608,2408680.4,69,,
2025-11-23,RNLI,,480,473,476,,,113163,53912209,606,,
2025-11-23,RSDC,,645,615.3,642.9,,,30310,19265687.4,239,,
2025-11-23,RURU,,758.9,743,758.9,,,12803,9651852.4,125,,
2025-11-23,SAGAR,,910.8,828,910.8,,,1270,1154259,127,,
2025-11-23,SAHAS,,567,555,562.1,,,244277,137126405.6,1376,,
2025-11-23,SANIMA,,304.4,299,301.2,,,84104,25356941.3,244,,
2025-11-23,SANVI,,652.8,610,639,,,35013,22337541.1,759,,
2025-11-23,SARBTM,,907,890,900,,,23122,20859292.2,183,,
2025-11-23,SBI,,394,386.3,392,,,18073,7050812.3,60,,
2025-11-23,SBL,,332,326.2,331.9,,,30908,10191651.4,107,,
2025-11-23,SCB,,643,637.1,641,,,25737,16507733.2,118,,
2025-11-23,SGHC,,425,407.1,412,,,63424,26479487,359,,
2025-11-23,SHEL,,295.8,284.6,294.7,,,164554,48227905,545,,
2025-11-23,SHIVM,,602,579,601,,,259311,154835782.6,814,,
2025-11-23,SHL,,481,464,471.9,,,46349,21923022.9,245,,
2025-11-23,SHLB,,1744.9,1672.1,1739,,,517,889401,25,,
2025-11-23,SHPC,,516,504,514,,,101118,51709414.2,292,,
2025-11-23,SIFC,,494.9,486,494.9,,,10994,5403988.6,67,,
2025-11-23,SIKLES,,678.7,655.1,670.9,,,72344,48282514.3,350,,
2025-11-23,SJCL,,295.8,280.1,292,,,16668,4815933.2,159,,
2025-11-23,SJLIC,,440,429.8,437,,,30245,13211298.8,256,,
2025-11-23,SKBBL,,870,855.6,859.9,,,7021,6041496.4,110,,
2025-11-23,SLBBL,,878,853,870,,,5706,4953753.2,81,,
2025-11-23,SLBSL,,1327.9,1279.8,1322.9,,,2399,3160822.5,56,,
2025-11-23,SMATA,,830.1,790,823,,,24108,19737255.5,331,,
2025-11-23,SMB,,2208,2100,2162,,,2503,5350704.8,56,,
2025-11-23,SMFBS,,1740,1650.1,1655.1,,,1415,2358334.8,29,,
2025-11-23,SMH,,805.9,780.1,801.8,,,2937,2339981.7,47,,
2025-11-23,SMHL,,818,790.2,795,,,8625,6876595.2,107,,
2025-11-23,SMJC,,534.5,510,512,,,22964,11902325.7,265,,
2025-11-23,SMPDA,,907,882,900.9,,,6888,6177262.4,91,,
2025-11-23,SNLI,,484.5,468.1,484,,,61665,29553487,592,,
2025-11-23,SONA,,442.9,424.1,435.8,,,57025,24872753.9,539,,
2025-11-23,SPC,,495,472.4,492,,,32463,15908447.9,159,,
2025-11-23,SPDL,,431,421,430,,,286980,122539147.8,730,,
2025-11-23,SPHL,,540,516,540,,,16973,9004776.9,122,,
2025-11-23,SPL,,925,903,924.9,,,1390,1277066,24,,
2025-11-23,SRLI,,400,385.3,396.1,,,29161,11520505.7,314,,
2025-11-23,SSHL,,168.9,165.9,168,,,100086,16741053.1,266,,
2025-11-23,STC,,5419.9,5331,5419.9,,,2246,12083465.4,75,,
2025-11-23,SWASTIK,,566.5,534,566.5,,,40,22005,4,,
2025-11-23,SWBBL,,789,779.9,787,,,5781,4523353.4,63,,
2025-11-23,SWMF,,714.6,692.6,699.8,,,6396,4498987.3,60,,
2025-11-23,TAMOR,,485,460,472.5,,,38290,18142045.5,257,,
2025-11-23,TPC,,347.7,331,346.3,,,154123,52842098.9,561,,
2025-11-23,TRH,,706,692,695,,,5566,3888679.3,83,,
2025-11-23,TSHL,,708.9,688.9,700,,,4200,2944061.4,56,,
2025-11-23,TTL,,785,755,769.9,,,46384,35646035.5,912,,
2025-11-23,TVCL,,425,410,424.7,,,16430,6883223.5,107,,
2025-11-23,UHEWA,,609.5,586,600,,,41960,25138395.1,181,,
2025-11-23,ULBSL,,3834,3732,3819,,,599,2267890,15,,
2025-11-23,ULHC,,461.9,437.4,461.5,,,7758,3546931.2,117,,
2025-11-23,UMHL,,545.7,525,540,,,118305,62887320.8,239,,
2025-11-23,UMRH,,565,550.1,559,,,9961,5572662.3,80,,
2025-11-23,UNHPL,,516,505,509,,,131244,66693045.7,395,,
2025-11-23,UNL,,46500,46500,46500,,,10,465000,1,,
2025-11-23,UNLB,,1999,1930,1999,,,2045,4041964.7,45,,
2025-11-23,UPCL,,375.7,360,372,,,155903,57764333.4,346,,
2025-11-23,UPPER,,179.5,176.5,179,,,88499,15760812.1,401,,
2025-11-23,USHEC,,488,476.5,480.5,,,87320,42063128.5,254,,
2025-11-23,USHL,,698,685,692,,,1956,1351933,36,,
2025-11-23,USLB,,1820,1785,1804,,,9060,16344331.8,104,,
2025-11-23,VLBS,,807,780,797.7,,,4261,3397145,49,,
2025-11-23,VLUCL,,568.5,549,567,,,8196,4551920,126,,
2025-11-24,ACLBSL,,1030,1005,1010.2,,,1550,1576896.6,36,,
2025-11-24,ADBL,,318,312,317,,,33678,10682338.5,184,,
2025-11-24,AHL,,628,582,614.7,,,6098,3722237.3,98,,
2025-11-24,AHPC,,287,281.9,284.1,,,138711,39551156.9,390,,
2025-11-24,AKJCL,,195,192,194.1,,,34527,6698320.6,162,,
2025-11-24,AKPL,,252,247.2,249.9,,,105290,26321374.3,357,,
2025-11-24,ALBSL,,1090,1038.8,1088.9,,,53263,57019128.7,407,,
2025-11-24,ALICL,,493.9,465.7,493.8,,,168986,81634387,842,,
2025-11-24,ANLB,,6294.9,6199,6294.9,,,545,3390890.5,33,,
2025-11-24,API,,288,284.5,286.5,,,97848,28004135.5,331,,
2025-11-24,AVYAN,,1003,986,1000,,,3326,3315708.8,66,,
2025-11-24,BANDIPUR,,738.6,684.9,738.6,,,57040,42095094,5096,,
2025-11-24,BARUN,,354.9,340,340.1,,,281028,96495549.8,941,,
2025-11-24,BBC,,4996,4862.1,4966.8,,,433,2137558.3,32,,
2025-11-24,BEDC,,588,575,580.9,,,19985,11609213,122,,
2025-11-24,BFC,,481,466,477.5,,,20360,9632502.9,139,,
2025-11-24,BGWT,,778,757,775,,,1912,1472364,37,,
2025-11-24,BHCL,,493,467.6,480,,,52082,25107230.7,960,,
2025-11-24,BHDC,,510,496,499,,,57968,29058086.4,313,,
2025-11-24,BHL,,184.4,181.5,182,,,102250,18687990,464,,
2025-11-24,BHPL,,670,655.7,665,,,2103,1397455,39,,
2025-11-24,BNHC,,449,440,446,,,12470,5553670.8,91,,
2025-11-24,BNL,,16917,16917,16917,,,10,169170,1,,
2025-11-24,BNT,,12470,12250,12300,,,243,2994661,16,,
2025-11-24,BPCL,,750.1,721,738,,,114242,84950116.1,356,,
2025-11-24,BUNGAL,,591.4,559.6,568.9,,,48456,27698688.6,3130,,
2025-11-24,CBBL,,1032,1010,1032,,,23239,23733406.1,201,,
2025-11-24,CFCL,,489.9,481.1,485.1,,,13939,6774821.9,73,,
2025-11-24,CGH,,892.8,880.1,880.2,,,20797,18437100.8,157,,
2025-11-24,CHCL,,500,488.5,497,,,50059,24836745.1,212,,
2025-11-24,CHDC,,2423,2296.9,2405,,,78345,185051166.7,631,,
2025-11-24,CHL,,282.5,270.5,273.7,,,94305,26005521.5,466,,
2025-11-24,CIT,,1875,1855,1869.7,,,7902,14761294.5,155,,
2025-11-24,CITY,,543,533,537,,,5293,2842606.3,59,,
2025-11-24,CKHL,,651.9,628,635,,,9071,5844428.1,95,,
2025-11-24,CLI,,493,472,490,,,74567,36185835.9,803,,
2025-11-24,CREST,,1349,1261,1297,,,16923,21955689.3,393,,
2025-11-24,CYCL,,1527.9,1500,1516,,,2195,3325244,73,,
2025-11-24,CZBIL,,192.3,183.1,191.5,,,43742,8317247.1,146,,
2025-11-24,DDBL,,882,858,880,,,15362,13386758.1,132,,
2025-11-24,DHEL,,568,551,553,,,60367,33774193.8,2061,,
2025-11-24,DHPL,,315,299,302,,,13814,4180524.7,96,,
2025-11-24,DLBS,,1476,1324,1415,,,6671,9168145.4,131,,
2025-11-24,DOLTI,,538.9,520.2,538.8,,,11217,5975390,139,,
2025-11-24,DORDI,,283.5,272,277,,,182307,50328007.8,620,,
2025-11-24,EBL,,656,649.3,651.2,,,18874,12295955.3,129,,
2025-11-24,EHPL,,462,431.2,454.9,,,268480,120680462,974,,
2025-11-24,ENL,,928,901,927,,,1866,1724192.1,33,,
2025-11-24,FMDBL,,859.1,845.2,855.1,,,26889,22957276.1,175,,
2025-11-24,FOWAD,,1120,1107,1118,,,6420,7160513,31,,
2025-11-24,GBIME,,228,224,227.9,,,102265,23156475.8,356,,
2025-11-24,GBLBS,,780,780,780,,,0,0,0,,
2025-11-24,GCIL,,444.9,434.6,444.9,,,26772,11768002.2,300,,
2025-11-24,GFCL,,599.8,588.1,599,,,8541,5077923,77,,
2025-11-24,GHL,,221,217,219,,,46821,10256689.2,171,,
2025-11-24,GILB,,1285,1239,1285,,,7839,9981980.4,88,,
2025-11-24,GLBSL,,2059,2000,2040.1,,,425,859625.5,9,,
2025-11-24,GLH,,265,259,260.7,,,27391,7142478.6,208,,
2025-11-24,GMFBS,,1598,1508,1577,,,1245,1922704.9,29,,
2025-11-24,GMFIL,,455.8,445.3,455.5,,,19406,8753541.6,101,,
2025-11-24,GMLI,,1988,1841.3,1916,,,93508,184994872.6,194,,
2025-11-24,GUFL,,517.5,506.2,517.5,,,6053,3102564.2,61,,
2025-11-24,GVL,,540,528.1,540,,,35562,19048193,226,,
2025-11-24,HATHY,,940,926.4,938.8,,,7906,7380328.3,126,,
2025-11-24,HBL,,193.3,184.6,192.9,,,77323,14787439.6,1912,,
2025-11-24,HDHPC,,179.8,177.1,178.8,,,68665,12271254.4,188,,
2025-11-24,HDL,,1164.9,1135.5,1158,,,66492,76724407.9,599,,
2025-11-24,HHL,,347.7,338,338,,,37875,12973810.6,214,,
2025-11-24,HIDCL,,279.8,267,278,,,183106,50692254.8,593,,
2025-11-24,HIMSTAR,,884,809.7,884,,,40393,34415190.5,932,,
2025-11-24,HLBSL,,942,923.4,937,,,1955,1831108.6,41,,
2025-11-24,HLI,,395,375,394,,,177309,68691677.8,884,,
2025-11-24,HPPL,,487,474,482,,,58466,28187557.3,240,,
2025-11-24,HRL,,847,823,847,,,248108,207625423.5,1785,,
2025-11-24,HURJA,,237,230.3,233,,,106480,24855039.4,388,,
2025-11-24,ICFC,,644.9,635,643,,,14217,9111845.6,98,,
2025-11-24,IHL,,570,550,554.1,,,9700,5415305.2,121,,
2025-11-24,ILBS,,1144.8,1107,1137,,,3669,4145022.9,55,,
2025-11-24,ILI,,478,461,476.1,,,63397,30015137.4,762,,
2025-11-24,JBLB,,1638,1560,1600,,,53882,85706742.9,704,,
2025-11-24,JFL,,435.5,428,430,,,11961,5156728.5,104,,
2025-11-24,JHAPA,,551.1,511,551.1,,,400,219456,40,,
2025-11-24,JOSHI,,388.6,346.9,380.9,,,196625,69182846.5,661,,
2025-11-24,JSLBB,,1181,1165,1181,,,1278,1501857.3,21,,
2025-11-24,KBL,,186.5,181,185.5,,,180214,33126722.4,483,,
2025-11-24,KBSH,,1820,1800.1,1800.1,,,255,460898,7,,
2025-11-24,KDL,,908,890.2,905,,,2958,2667502.6,62,,
2025-11-24,KKHC,,260.8,251,251.5,,,20564,5231683.9,107,,
2025-11-24,KMCDB,,1061.2,994.7,1049,,,6452,6725124.5,100,,
2025-11-24,KPCL,,564.7,556,556.2,,,22716,12651614.7,117,,
2025-11-24,LEC,,204,197.1,198.7,,,62807,12547846.1,215,,
2025-11-24,LICN,,940,880,934.9,,,105484,96153563.4,773,,
2025-11-24,LLBS,,1017,951,996,,,2607,2541500.7,50,,
2025-11-24,LSL,,236,232.4,235,,,125868,29557699.4,311,,
2025-11-24,MABEL,,702.9,662.5,672,,,79607,54067914.4,1747,,
2025-11-24,MAKAR,,582.8,564,565.2,,,6799,3861349.5,86,,
2025-11-24,MANDU,,808,785.2,795.6,,,4957,3963720.9,91,,
2025-11-24,MATRI,,979.5,959.5,966.1,,,2052,1972211.9,36,,
2025-11-24,MBJC,,287.8,276.4,283,,,31176,8868919,276,,
2025-11-24,MBL,,219.9,214,219.8,,,39851,8663018.5,111,,
2025-11-24,MCHL,,491.5,485.5,489,,,3189,1559183.5,44,,
2025-11-24,MEHL,,435.5,421.1,435.5,,,31023,13342781.4,231,,
2025-11-24,MEL,,301.5,291.2,296,,,67575,19950907.8,379,,
2025-11-24,MEN,,673,665.4,670.3,,,172372,115394515.1,701,,
2025-11-24,MERO,,800.7,765,800.7,,,37207,29123219.3,228,,
2025-11-24,MFIL,,603,588,602,,,18481,11066338.4,118,,
2025-11-24,MHCL,,416,401,407,,,12232,4973169.7,116,,
2025-11-24,MHL,,498.7,488.1,490.1,,,29027,14272928.9,150,,
2025-11-24,MHNL,,264,255.1,259,,,25425,6569163.7,137,,
2025-11-24,MKCL,,1402,1370,1386,,,3922,5412560,89,,
2025-11-24,MKHC,,409.9,390.2,409.9,,,16092,6482646.5,154,,
2025-11-24,MKHL,,842,800,836.4,,,6402,5250080,104,,
2025-11-24,MKJC,,548.5,531.6,545,,,27650,15025484.4,135,,
2025-11-24,MLBBL,,1524,1500,1513,,,987,1494812.3,27,,
2025-11-24,MLBS,,1534.5,1495,1495,,,620,935372.5,21,,
2025-11-24,MLBSL,,2040,2000.1,2030,,,1218,2467380.3,23,,
2025-11-24,MMKJL,,610.5,588,590.5,,,17725,10528776.6,158,,
2025-11-24,MPFL,,559.8,548,550.3,,,10776,5941958.9,78,,
2025-11-24,MSHL,,921.7,886,904,,,1250,1139249,37,,
2025-11-24,MSLB,,1455,1411,1448,,,5864,8432862.3,73,,
2025-11-24,NABIL,,513.9,507,513,,,22139,11338962.7,229,,
2025-11-24,NADEP,,785,751,785,,,5330,4118415.4,60,,
2025-11-24,NBL,,245,238.9,245,,,85331,20636164.6,270,,
2025-11-24,NESDO,,1540,1511,1528,,,1022,1564464.6,30,,
2025-11-24,NFS,,657.3,648.1,653,,,16028,10461894.7,162,,
2025-11-24,NGPL,,394,387.4,390,,,198712,77488611.8,601,,
2025-11-24,NHDL,,698,687,698,,,5724,3972545.2,34,,
2025-11-24,NHPC,,196.3,192,195.9,,,54147,10565152.6,196,,
2025-11-24,NICA,,316.9,309,316.9,,,87011,27332755.8,342,,
2025-11-24,NICLBSL,,571,556.1,571,,,12105,6824543.2,154,,
2025-11-24,NIFRA,,285.5,277,285,,,275022,77749356,1021,,
2025-11-24,NIMB,,198,193.9,197.3,,,83883,16479012.7,279,,
2025-11-24,NLIC,,872,835,860,,,289832,248151546.3,1471,,
2025-11-24,NLICL,,644,617,643.8,,,135255,85788273.5,466,,
2025-11-24,NLO,,244.33,244.33,244.33,,,0,0,0,,
2025-11-24,NMB,,247.2,243.1,247,,,60547,14866183.5,208,,
2025-11-24,NMBMF,,708,692,692.5,,,4335,3028623,26,,
2025-11-24,NMFBS,,1347,1310,1347,,,14090,18651586.9,89,,
2025-11-24,NMLBBL,,672,650,668,,,40720,27153584,135,,
2025-11-24,NRIC,,1360,1319,1357,,,181460,244321805.8,751,,
2025-11-24,NRM,,439.6,427.2,439,,,44208,19156957.8,334,,
2025-11-24,NRN,,1999.2,1959.1,1990,,,102908,203298469,753,,
2025-11-24,NTC,,865,855,862,,,9084,7832671,144,,
2025-11-24,NUBL,,768,754,768,,,7957,6054209.2,61,,
2025-11-24,NWCL,,846.9,824,840,,,1631,1357847.8,41,,
2025-11-24,NYADI,,410,393.7,407.6,,,10514,4281220.8,152,,
2025-11-24,OHL,,729,675.3,699.9,,,9180,6389368.4,83,,
2025-11-24,OMPL,,1217,1191.1,1192.2,,,10067,12071007.7,256,,
2025-11-24,PCBL,,257,252.1,252.8,,,59663,15100928.9,147,,
2025-11-24,PFL,,388.3,382,388,,,8763,3380397.6,77,,
2025-11-24,PHCL,,299.9,289,296,,,212838,62586845.4,849,,
2025-11-24,PMHPL,,349.7,336.1,348,,,58607,19970865.9,226,,
2025-11-24,PMLI,,524,488,515.9,,,43155,21963387.8,345,,
2025-11-24,PPCL,,345,333.2,340,,,29839,10189510.1,156,,
2025-11-24,PPL,,348.9,335.9,338.3,,,177610,60533457.6,370,,
2025-11-24,PROFL,,476.9,465.1,474.5,,,18476,8698470.4,81,,
2025-11-24,PRVU,,194,189,192.6,,,132197,25324879.9,393,,
2025-11-24,PURE,,889,837.1,848,,,13068,11180566.7,249,,
2025-11-24,RADHI,,784.3,764,769,,,188899,145318658.6,568,,
2025-11-24,RAWA,,729.3,710,729,,,1656,1192694,41,,
2025-11-24,RFPL,,367.2,347.5,360,,,34204,12369171.1,234,,
2025-11-24,RHGCL,,276,267.1,269.7,,,117226,31775978.1,462,,
2025-11-24,RHPL,,272.7,260.3,269.8,,,27482,7407670.1,178,,
2025-11-24,RIDI,,238,235,238,,,78285,18540312.1,263,,
2025-11-24,RLFL,,442,433,442,,,7329,3200955.2,80,,
2025-11-24,RNLI,,506,476.2,502,,,413500,203210040.9,1409,,
2025-11-24,RSDC,,659.5,629.8,658,,,25375,16493680.3,193,,
2025-11-24,RURU,,755,747,748,,,16306,12225197.9,122,,
2025-11-24,SAGAR,,1001.8,929,1001.8,,,1600,1601094,160,,
2025-11-24,SAHAS,,577,563.2,576.9,,,120493,68755990.4,770,,
2025-11-24,SAIL,,331.8,301.7,331.8,,,250,81755,25,,
2025-11-24,SANIMA,,308.9,302,308.5,,,67994,20873088.6,237,,
2025-11-24,SANVI,,664,626.3,645,,,48035,31304758.1,743,,
2025-11-24,SARBTM,,931,895,922,,,138410,126187255.2,335,,
2025-11-24,SBI,,415.8,385,395.9,,,21841,8611400,106,,
2025-11-24,SBL,,340,333,339.6,,,81537,27403888.9,135,,
2025-11-24,SCB,,648.8,643,646,,,42052,27176992.8,143,,
2025-11-24,SGHC,,448.8,404.9,435,,,152414,65955106.3,714,,
2025-11-24,SHEL,,303,295.4,296,,,188598,56380771.9,610,,
2025-11-24,SHIVM,,614,605,613,,,321824,196303156.6,966,,
2025-11-24,SHL,,480,471.9,477,,,30245,14388696,120,,
2025-11-24,SHLB,,1760,1705,1724.8,,,1734,2996265.7,30,,
2025-11-24,SHPC,,527,514,521.3,,,147305,76821797.4,410,,
2025-11-24,SIFC,,501,494,498,,,4990,2484997.4,46,,
2025-11-24,SIKLES,,683.9,666.2,669,,,32615,21824907.2,177,,
2025-11-24,SJCL,,297.8,291.2,295,,,26396,7774966.9,205,,
2025-11-24,SJLIC,,473.9,438,472,,,224666,103493882.3,1051,,
2025-11-24,SKBBL,,877,859,873.9,,,9179,7982408.4,106,,
2025-11-24,SLBBL,,890,853,889.9,,,8747,7683827.3,103,,
2025-11-24,SLBSL,,1340,1301,1330.9,,,1149,1525321,49,,
2025-11-24,SMATA,,861,830,861,,,46656,39449502.1,369,,
2025-11-24,SMB,,2198,2156,2173.1,,,1195,2603925.5,24,,
2025-11-24,SMFBS,,1688,1646.4,1676.5,,,1275,2113440.8,31,,
2025-11-24,SMH,,815,787,815,,,3671,2949770.1,64,,
2025-11-24,SMHL,,809.9,782,794,,,11773,9313539.8,119,,
2025-11-24,SMJC,,520,508.1,518,,,17283,8915875.1,178,,
2025-11-24,SMPDA,,935.2,886.9,918,,,11525,10556447.8,97,,
2025-11-24,SNLI,,527.3,485,518,,,162662,82669632.2,1390,,
2025-11-24,SONA,,440,431.5,438,,,44522,19404250,438,,
2025-11-24,SPC,,501,483.1,487,,,9556,4670871.9,92,,
2025-11-24,SPDL,,438.6,426,429.9,,,286046,123081019.3,714,,
2025-11-24,SPHL,,562,540,549.9,,,34370,19037285.3,221,,
2025-11-24,SPL,,963.9,909,963.9,,,2649,2474200.2,62,,
2025-11-24,SRLI,,422.9,392,419,,,178165,73334746,1096,,
2025-11-24,SSHL,,170,168,168.9,,,41371,6993234.2,211,,
2025-11-24,STC,,5525,5426,5460,,,3998,21851870.1,82,,
2025-11-24,SWASTIK,,623.1,577.8,623.1,,,60,35820,6,,
2025-11-24,SWBBL,,804,781,799.9,,,17967,14336695.3,94,,
2025-11-24,SWMF,,713.7,695.3,704.8,,,2838,1993569,43,,
2025-11-24,TAMOR,,481.5,472.2,475,,,8065,3837425.6,141,,
2025-11-24,TPC,,353,340,342,,,69942,24081693.8,308,,
2025-11-24,TRH,,705,693.1,705,,,6902,4818716.3,59,,
2025-11-24,TSHL,,728.2,690,700,,,4330,3029232.8,56,,
2025-11-24,TTL,,778.6,755.1,767,,,28904,22092753.9,763,,
2025-11-24,TVCL,,428.7,420.5,424.9,,,6242,2646408.1,85,,
2025-11-24,UHEWA,,614.2,596,609.9,,,21561,13080294.2,168,,
2025-11-24,ULBSL,,3895,3700,3847,,,2037,7745278,27,,
2025-11-24,ULHC,,469.9,455,455.1,,,24581,11206969.8,118,,
2025-11-24,UMHL,,548.9,529.5,540,,,90610,48584012,172,,
2025-11-24,UMRH,,569.9,555,565,,,11128,6241625.5,69,,
2025-11-24,UNHPL,,516,506,508.9,,,148941,76167323.5,368,,
2025-11-24,UNL,,47000,46600,46600,,,20,936000,2,,
2025-11-24,UNLB,,2020,1980,2009,,,450,900384,28,,
2025-11-24,UPCL,,378.9,372,375,,,149950,56269099.6,395,,
2025-11-24,UPPER,,181,179,180,,,73348,13204297.4,443,,
2025-11-24,USHEC,,496.7,481.1,492.9,,,69767,34177458.2,297,,
2025-11-24,USHL,,732,684,693.1,,,3457,2402889.4,48,,
2025-11-24,USLB,,1840,1793,1825,,,10436,18885615.9,203,,
2025-11-24,VLBS,,812,790.9,800,,,2019,1611867.5,28,,
2025-11-24,VLUCL,,570,556.5,567,,,5370,3028733.5,92,,
2025-11-25,ACLBSL,,1028,1010,1011.1,,,987,1000548.3,34,,
2025-11-25,ADBL,,321,316.3,320,,,48790,15555151.1,218,,
2025-11-25,AHL,,626,600.5,609,,,5587,3383986,71,,
2025-11-25,AHPC,,287.9,280.5,285,,,91457,26055374,284,,
2025-11-25,AKJCL,,195,191,193.4,,,37685,7229979.4,170,,
2025-11-25,AKPL,,252,246.3,248,,,61764,15371259.7,211,,
2025-11-25,ALBSL,,1106.7,1067.2,1099.9,,,30856,33604316.8,258,,
2025-11-25,ALICL,,495.7,480,493.8,,,119828,58843583.6,631,,
2025-11-25,ANLB,,6495,6100,6414,,,1610,9915375.9,49,,
2025-11-25,API,,292,284.2,286.6,,,76856,21997843.6,306,,
2025-11-25,AVYAN,,1000,984.1,997,,,2116,2100594,36,,
2025-11-25,BANDIPUR,,812,750.1,792,,,346850,269997649,34263,,
2025-11-25,BARUN,,353,333.3,348.2,,,459880,159846885.7,1139,,
2025-11-25,BBC,,5000,4900.1,4900.1,,,324,1595961.6,28,,
2025-11-25,BEDC,,590.5,565,565,,,23873,13613641.7,179,,
2025-11-25,BFC,,485.3,468,477,,,31924,15155206.4,154,,
2025-11-25,BGWT,,788,775,780,,,1186,921845.6,30,,
2025-11-25,BHCL,,480,468.2,473.7,,,41107,19458928.9,1191,,
2025-11-25,BHDC,,503.9,496,497,,,47711,23810851.3,249,,
2025-11-25,BHL,,185.6,180.1,182,,,120571,21853216.3,431,,
2025-11-25,BHPL,,677,665,666.1,,,2489,1665068.8,40,,
2025-11-25,BNHC,,454.9,440,442,,,5681,2514337,66,,
2025-11-25,BNL,,16917,16917,16917,,,0,0,0,,
2025-11-25,BNT,,12450,12222.2,12230.1,,,200,2462035,16,,
2025-11-25,BPCL,,760,734,745,,,94283,70773241.6,381,,
2025-11-25,BUNGAL,,591,554,588.1,,,51448,28896006.2,3780,,
2025-11-25,CBBL,,1037,1020,1029.9,,,25955,26659607,171,,
2025-11-25,CFCL,,492,480,487.9,,,6881,3329439.2,50,,
2025-11-25,CGH,,890,880,887,,,9377,8285179,106,,
2025-11-25,CHCL,,509,496,501.1,,,74744,37477076.7,321,,
2025-11-25,CHDC,,2445,2361,2399,,,23945,57461296.4,279,,
2025-11-25,CHL,,282.9,270.1,282.9,,,132344,36880667.9,478,,
2025-11-25,CIT,,1875,1850.3,1865,,,5883,10961921.4,123,,
2025-11-25,CITY,,542,526.5,533.6,,,3099,1646994.5,58,,
2025-11-25,CKHL,,640,617.4,627.9,,,3666,2293542.2,57,,
2025-11-25,CLI,,501.8,484,499.9,,,65992,32445136.3,634,,
2025-11-25,CREST,,1300,1260.2,1282,,,10842,13865728.7,262,,
2025-11-25,CYCL,,1530,1502,1519.9,,,2136,3224716.9,57,,
2025-11-25,CZBIL,,194.9,188.2,194.9,,,35242,6749376.2,124,,
2025-11-25,DDBL,,881.1,870,880,,,22350,19583553.2,90,,
2025-11-25,DHEL,,591,548.1,591,,,62170,34950459.3,3126,,
2025-11-25,DHPL,,308,295,298.9,,,6121,1830456.5,65,,
2025-11-25,DLBS,,1400,1387,1399.8,,,378,524399,15,,
2025-11-25,DOLTI,,550.7,528.1,545,,,8905,4789165.9,132,,
2025-11-25,DORDI,,279.9,272,276.9,,,116811,32139703.9,447,,
2025-11-25,EBL,,659.7,646,657,,,21721,14209699.1,147,,
2025-11-25,EHPL,,456.5,440,446,,,53118,23729912.8,339,,
2025-11-25,ENL,,920,910.1,911.1,,,508,463274.8,17,,
2025-11-25,FMDBL,,855,840,849,,,26756,22698928,158,,
2025-11-25,FOWAD,,1128.8,1116,1127.9,,,5019,5622082.3,61,,
2025-11-25,GBIME,,229,225,228.8,,,101726,23138737.9,293,,
2025-11-25,GBLBS,,780,780,780,,,0,0,0,,
2025-11-25,GCIL,,453,440.1,453,,,34590,15406172,289,,
2025-11-25,GFCL,,612,588,598,,,8062,4831973.1,83,,
2025-11-25,GHL,,221.3,216.8,217.9,,,34037,7430113.2,125,,
2025-11-25,GILB,,1324.9,1270,1324.9,,,11865,15341812.2,133,,
2025-11-25,GLBSL,,2038.9,2010.2,2037,,,3272,6626408.3,54,,
2025-11-25,GLH,,264.5,258.1,259,,,23263,6049462.4,165,,
2025-11-25,GMFBS,,1576.9,1515.1,1539.1,,,1026,1595087.4,21,,
2025-11-25,GMFIL,,464.6,441,453.9,,,17897,7988866,82,,
2025-11-25,GMLI,,1916,1881,1900,,,1510,2855744.1,69,,
2025-11-25,GUFL,,526,507,518,,,9928,5092352.6,73,,
2025-11-25,GVL,,546.8,533.2,534,,,40733,21981094.7,189,,
2025-11-25,HATHY,,948,925.8,927.1,,,7621,7110848.9,113,,
2025-11-25,HBL,,196,190.1,192.9,,,68073,13059957.4,2624,,
2025-11-25,HDHPC,,182.3,176.3,179,,,42962,7626344.7,190,,
2025-11-25,HDL,,1200,1135,1192,,,114895,135843865.7,995,,
2025-11-25,HHL,,344,336,340,,,20145,6821486.7,128,,
2025-11-25,HIDCL,,283.2,276.5,282,,,324409,90733520.5,682,,
2025-11-25,HIMSTAR,,952,821,931,,,44943,39569985.1,1149,,
2025-11-25,HLBSL,,951,925.1,949,,,3094,2917045.5,57,,
2025-11-25,HLI,,395,386,392,,,104989,40950863.5,581,,
2025-11-25,HPPL,,488,479.6,480,,,54061,26077998.3,207,,
2025-11-25,HRL,,866,841,860.5,,,281519,240496498.3,1966,,
2025-11-25,HURJA,,236,230.3,234.7,,,60653,14068365.4,212,,
2025-11-25,ICFC,,650.5,640,645,,,9045,5821586.5,70,,
2025-11-25,IHL,,564,549.1,557,,,3422,1893896.5,60,,
2025-11-25,ILBS,,1154.5,1122.4,1126.8,,,2380,2707213.4,42,,
2025-11-25,ILI,,483.4,468,481,,,71980,34287854.9,729,,
2025-11-25,JBLB,,1600,1541,1587.9,,,21075,33037273.5,327,,
2025-11-25,JFL,,438,428.4,435,,,7553,3257681.5,73,,
2025-11-25,JHAPA,,606.2,562.1,606.2,,,550,332326,55,,
2025-11-25,JOSHI,,373.3,350,362,,,91915,33113337.5,522,,
2025-11-25,JSLBB,,1277,1180.5,1201.1,,,1924,2348025.3,57,,
2025-11-25,KBL,,186,182.1,183,,,111113,20404685.8,374,,
2025-11-25,KBSH,,1800.1,1767.4,1800,,,477,844602.6,15,,
2025-11-25,KDL,,923.1,896,909.9,,,2656,2405672.9,57,,
2025-11-25,KKHC,,256,252,255,,,13896,3528293.8,77,,
2025-11-25,KMCDB,,1055,1025.1,1034,,,3720,3855834.3,47,,
2025-11-25,KPCL,,560,553,560,,,39905,22195043,154,,
2025-11-25,LEC,,201.9,196,197,,,66640,13192713.9,196,,
2025-11-25,LICN,,969,918,950,,,83133,78543356.8,599,,
2025-11-25,LLBS,,1015,974.9,993,,,532,525257.4,18,,
2025-11-25,LSL,,238,234,234.7,,,134167,31543456.1,274,,
2025-11-25,MABEL,,673.2,644,673.2,,,57419,37492487.5,2362,,
2025-11-25,MAKAR,,570,558,568.9,,,3381,1916535.4,50,,
2025-11-25,MANDU,,800,790,795,,,2200,1748775.5,49,,
2025-11-25,MATRI,,985.2,947,967.1,,,862,833055,34,,
2025-11-25,MBJC,,288.6,282.9,286,,,28126,8034657.6,280,,
2025-11-25,MBL,,220,215.5,219,,,37960,8260967.5,86,,
2025-11-25,MCHL,,497.9,480.1,485,,,1668,806048,19,,
2025-11-25,MEHL,,449.8,434.2,440,,,26717,11754868,186,,
2025-11-25,MEL,,301.9,290.1,294.9,,,13120,3836223.1,212,,
2025-11-25,MEN,,680,669,680,,,233063,156819977.4,793,,
2025-11-25,MERO,,813,775.4,799.9,,,13275,10438457.5,125,,
2025-11-25,MFIL,,613,590.3,600,,,9308,5580391.4,73,,
2025-11-25,MHCL,,414.5,399.1,409,,,5925,2400108.5,80,,
2025-11-25,MHL,,493.3,485.1,491.4,,,14680,7156869.4,105,,
2025-11-25,MHNL,,259.8,252.3,258,,,14408,3682946.3,83,,
2025-11-25,MKCL,,1400,1375,1380,,,4837,6709695.1,84,,
2025-11-25,MKHC,,410,402.5,407,,,14734,5969536,117,,
2025-11-25,MKHL,,847,810,830,,,2415,1976608.7,78,,
2025-11-25,MKJC,,552.9,537,540,,,21210,11501039.6,105,,
2025-11-25,MLBBL,,1525,1502,1525,,,2383,3604625.7,40,,
2025-11-25,MLBS,,1525,1480.2,1519,,,532,805786,25,,
2025-11-25,MLBSL,,2057,2021.5,2054,,,551,1116825.5,28,,
2025-11-25,MMKJL,,599.2,580.1,588.1,,,18879,11107546.4,148,,
2025-11-25,MPFL,,561,548,551,,,14348,7929578.8,83,,
2025-11-25,MSHL,,921,894,895,,,3497,3158925,25,,
2025-11-25,MSLB,,1476.5,1415.1,1476.5,,,9243,13388144.2,119,,
2025-11-25,NABIL,,518,508.5,510.5,,,29221,14914041.2,297,,
2025-11-25,NADEP,,800.7,761,789,,,2433,1896276.7,53,,
2025-11-25,NBL,,249.9,242.2,245,,,31719,7771827.9,146,,
2025-11-25,NESDO,,1557,1512,1538.5,,,440,671612.5,18,,
2025-11-25,NFS,,665,650,650,,,14704,9579370.4,120,,
2025-11-25,NGPL,,409.9,387.5,405,,,502430,200200258.7,1303,,
2025-11-25,NHDL,,697,675.1,690,,,3214,2205919.4,44,,
2025-11-25,NHPC,,197.4,194.1,196,,,63803,12498661.1,193,,
2025-11-25,NICA,,320,312.1,320,,,45468,14348839.9,283,,
2025-11-25,NICLBSL,,574,560,570,,,13295,7495888.9,140,,
2025-11-25,NIFRA,,288.6,280,288.6,,,319730,91102266.2,1004,,
2025-11-25,NIMB,,200.5,195.1,195.7,,,112405,22124662.2,228,,
2025-11-25,NLIC,,871,846,854,,,127960,109526905.2,669,,
2025-11-25,NLICL,,644,626,630,,,49863,31594162.7,223,,
2025-11-25,NLO,,244.33,244.33,244.33,,,0,0,0,,
2025-11-25,NMB,,248.9,245,247.9,,,65545,16158909.7,217,,
2025-11-25,NMBMF,,720,686,687,,,1131,783353,26,,
2025-11-25,NMFBS,,1370,1330,1344.8,,,8215,11004361.5,54,,
2025-11-25,NMLBBL,,671,655,669,,,9669,6408789.3,82,,
2025-11-25,NRIC,,1375,1343.1,1360.1,,,113537,154412637.2,587,,
2025-11-25,NRM,,447.7,431.5,435.7,,,27174,11824178.8,214,,
2025-11-25,NRN,,2029.8,1955,1978,,,83106,164062907.2,562,,
2025-11-25,NTC,,874,858,864.7,,,11152,9604950.1,127,,
2025-11-25,NUBL,,780,755,770,,,14413,11079287.4,84,,
2025-11-25,NWCL,,830,823.3,823.3,,,2364,1954874.7,53,,
2025-11-25,NYADI,,414.5,399.5,403,,,12072,4872652.9,134,,
2025-11-25,OHL,,705,686.1,700.9,,,8430,5904907.8,60,,
2025-11-25,OMPL,,1192,1170,1180,,,8729,10286967.2,228,,
2025-11-25,PCBL,,255.9,249.1,253.4,,,38899,9802217.9,115,,
2025-11-25,PFL,,388,384,385,,,3568,1376609.2,57,,
2025-11-25,PHCL,,299,292,294,,,92971,27408909.4,438,,
2025-11-25,PMHPL,,350,342.2,343.9,,,48655,16761569.7,155,,
2025-11-25,PMLI,,515.9,501.1,505,,,12157,6198118.2,241,,
2025-11-25,PPCL,,344.9,334.5,339.7,,,30931,10432175.4,121,,
2025-11-25,PPL,,344.7,334.4,339,,,92332,31329086.1,330,,
2025-11-25,PROFL,,480,465.7,470,,,11991,5650172,70,,
2025-11-25,PRVU,,196.4,189,193.6,,,99322,18987723,320,,
2025-11-25,PURE,,847,820.2,845,,,11874,9866853.7,287,,
2025-11-25,RADHI,,784.3,754,769,,,129174,99140336.7,389,,
2025-11-25,RAWA,,743,703.5,733,,,2810,2029534.8,44,,
2025-11-25,RFPL,,368,352.9,358,,,31264,11271761.9,172,,
2025-11-25,RHGCL,,275.1,267.9,273,,,110648,30076756.3,416,,
2025-11-25,RHPL,,270,266,269.9,,,18530,4970162.7,119,,
2025-11-25,RIDI,,236,231,235,,,86019,20054334.7,222,,
2025-11-25,RLFL,,450,441,445,,,17048,7589659.9,95,,
2025-11-25,RNLI,,512,492,497,,,113054,56460056.5,816,,
2025-11-25,RSDC,,660,645.1,650,,,12414,8069314,98,,
2025-11-25,RURU,,761,733.1,740.4,,,11805,8791952.6,103,,
2025-11-25,SAGAR,,1101.9,1000.9,1101.9,,,1980,2178752,198,,
2025-11-25,SAHAS,,577,565,570,,,138626,78803197.7,703,,
2025-11-25,SAIL,,364.9,328.7,364.9,,,300,108304,30,,
2025-11-25,SANIMA,,310.9,307,310.5,,,54411,16806598.3,193,,
2025-11-25,SANVI,,661,635,649,,,43294,27914249.3,755,,
2025-11-25,SARBTM,,930,915,921.9,,,18927,17404098.5,145,,
2025-11-25,SBI,,401.5,392,398.9,,,27999,11143737,120,,
2025-11-25,SBL,,342,336,341.3,,,63502,21627368.4,108,,
2025-11-25,SCB,,650,643,649,,,33381,21530657.6,152,,
2025-11-25,SGHC,,443.7,425.5,433,,,59579,25640816,316,,
2025-11-25,SHEL,,307,296.1,298,,,370099,110869147.2,1113,,
2025-11-25,SHIVM,,620,611,614.5,,,280638,172812778,936,,
2025-11-25,SHL,,479.7,470,477.9,,,15265,7267733.6,90,,
2025-11-25,SHLB,,1759,1711,1725,,,778,1349294,21,,
2025-11-25,SHPC,,527,510.9,523,,,103224,53776944.1,332,,
2025-11-25,SIFC,,505.9,496.1,502,,,6595,3297687.8,61,,
2025-11-25,SIKLES,,694,677,678,,,107598,73238335,625,,
2025-11-25,SJCL,,297.6,291,296.5,,,17370,5125017,145,,
2025-11-25,SJLIC,,480,463,470,,,156673,73681792.8,623,,
2025-11-25,SKBBL,,879.9,869,871.5,,,15699,13686868.2,160,,
2025-11-25,SLBBL,,920,872.6,920,,,26036,23512804.5,250,,
2025-11-25,SLBSL,,1331.3,1305,1331.3,,,2262,2989564.2,70,,
2025-11-25,SMATA,,864.8,834,840,,,21667,18308695.8,234,,
2025-11-25,SMB,,2205,2156,2199.9,,,2519,5506970.1,60,,
2025-11-25,SMFBS,,1706,1635,1672.8,,,597,988525.6,14,,
2025-11-25,SMH,,805,788,789,,,1656,1320115,32,,
2025-11-25,SMHL,,809.5,779.9,782.9,,,44361,34713749,154,,
2025-11-25,SMJC,,528.3,508.2,515,,,11037,5641878.6,153,,
2025-11-25,SMPDA,,929.9,903.1,917,,,7578,6900971.3,114,,
2025-11-25,SNLI,,528.3,509,517.8,,,115173,59211047.4,1051,,
2025-11-25,SONA,,444,433,438,,,40870,17893791.6,460,,
2025-11-25,SPC,,495,477.3,491.8,,,11771,5762657.9,121,,
2025-11-25,SPDL,,435,424.1,429,,,153585,65691872.8,493,,
2025-11-25,SPHL,,555.9,540.2,555,,,21127,11594595.5,132,,
2025-11-25,SPL,,960,915.1,960,,,1797,1666855.2,59,,
2025-11-25,SRLI,,427.3,408.6,415,,,85262,35135636.4,535,,
2025-11-25,SSHL,,171,166,167,,,63473,10604261,266,,
2025-11-25,STC,,5421,5371,5393.3,,,748,4042537,41,,
2025-11-25,SWASTIK,,674.4,611,674.4,,,60,38537,6,,
2025-11-25,SWBBL,,815,792.1,800,,,9511,7580455.7,73,,
2025-11-25,SWMF,,718.8,695,704,,,3232,2263387.3,51,,
2025-11-25,TAMOR,,477,470,470,,,15218,7175786.5,146,,
2025-11-25,TPC,,348.8,336,345,,,71493,24513680.1,270,,
2025-11-25,TRH,,722,702.2,718,,,5086,3623571.2,80,,
2025-11-25,TSHL,,714,686.2,704,,,1694,1183910,32,,
2025-11-25,TTL,,782.3,754.1,762,,,31801,24142864.4,932,,
2025-11-25,TVCL,,433.1,413.1,417.5,,,7326,3080653.6,76,,
2025-11-25,UHEWA,,617.5,597.8,606.2,,,33443,20300492.2,186,,
2025-11-25,ULBSL,,3820,3749,3819,,,852,3199684.6,38,,
2025-11-25,ULHC,,474,446.1,470,,,21494,10033287.3,202,,
2025-11-25,UMHL,,547,540,541.2,,,27949,15140647.1,115,,
2025-11-25,UMRH,,568,559,568,,,10732,6040184.1,57,,
2025-11-25,UNHPL,,524.2,504,511.8,,,364809,187952736.5,515,,
2025-11-25,UNL,,47400,47350,47350,,,30,1421000,3,,
2025-11-25,UNLB,,2009,1975,2005,,,578,1151699.2,29,,
2025-11-25,UPCL,,381.9,369.4,381,,,158855,59831525.2,437,,
2025-11-25,UPPER,,186.6,180.5,181.9,,,100112,18232532.7,457,,
2025-11-25,USHEC,,494,483.2,492,,,27814,13557973.9,185,,
2025-11-25,USHL,,691,674,691,,,2684,1832181,42,,
2025-11-25,USLB,,1850,1788.6,1809,,,7310,13209350.1,141,,
2025-11-25,VLBS,,800,793.2,800,,,1231,980549.4,18,,
2025-11-25,VLUCL,,578.3,555.7,565,,,7178,4120384.9,55,,
2025-11-26,ACLBSL,,1024,1007,1011,,,1739,1764195,49,,
2025-11-26,ADBL,,325,321,324.5,,,63588,20576015,302,,
2025-11-26,AHL,,610,602,609,,,4449,2700056.7,45,,
2025-11-26,AHPC,,288.5,281,285.9,,,88195,25215485.9,319,,
2025-11-26,AKJCL,,192.9,190.1,191,,,49374,9437689.4,173,,
2025-11-26,AKPL,,255,246.1,248,,,144469,36281319.4,340,,
2025-11-26,ALBSL,,1180,1078,1108,,,34642,37879134.1,275,,
2025-11-26,ALICL,,498,486,491,,,77847,38227579,339,,
2025-11-26,ANLB,,6334,5900,6332.9,,,956,5705212.7,29,,
2025-11-26,API,,295,285.1,292.7,,,244015,71190168.2,689,,
2025-11-26,AVYAN,,1016.9,980,998.9,,,3352,3327456.4,54,,
2025-11-26,BANDIPUR,,795,760,763.1,,,255880,196817555.5,23688,,
2025-11-26,BARUN,,364,343,359,,,445025,159553953.1,1372,,
2025-11-26,BBC,,4989,4890.3,4939,,,177,874927,17,,
2025-11-26,BEDC,,580,570,578,,,23377,13485499,190,,
2025-11-26,BFC,,486.5,470,476,,,12196,5761325.5,91,,
2025-11-26,BGWT,,779.7,764.4,768.2,,,2138,1647711.8,38,,
2025-11-26,BHCL,,490,467.3,483.4,,,41468,19876474.6,1289,,
2025-11-26,BHDC,,515,494,509.9,,,84631,42889074.4,325,,
2025-11-26,BHL,,183.5,180,181.6,,,105931,19230088.1,440,,
2025-11-26,BHPL,,678,666,670.1,,,2739,1833439,32,,
2025-11-26,BNHC,,450,437,450,,,7211,3221728.1,93,,
2025-11-26,BNL,,16921,16250,16250,,,50,825997,4,,
2025-11-26,BNT,,12351,12200,12200,,,151,1848526.2,13,,
2025-11-26,BPCL,,759.9,730,735.1,,,77321,57330271.3,333,,
2025-11-26,BUNGAL,,585,566,568.6,,,35305,20342445.4,1995,,
2025-11-26,CBBL,,1046,1020.6,1033,,,23664,24503494.2,188,,
2025-11-26,CFCL,,486.9,478.7,482.3,,,7075,3417429.9,52,,
2025-11-26,CGH,,903,882,882.1,,,27343,24419110.1,166,,
2025-11-26,CHCL,,511,500.1,506,,,54116,27246995.6,229,,
2025-11-26,CHDC,,2440,2364,2380,,,30121,71863457.3,327,,
2025-11-26,CHL,,283.9,276.4,281.8,,,91975,25757021,338,,
2025-11-26,CIT,,1880,1860,1880,,,12319,23087386,148,,
2025-11-26,CITY,,540,529,535.6,,,3587,1923157.6,42,,
2025-11-26,CKHL,,640,625.6,634,,,3527,2223981,68,,
2025-11-26,CLI,,504,490.1,497,,,53519,26547461.3,435,,
2025-11-26,CREST,,1290,1263,1264,,,11460,14539615.7,233,,
2025-11-26,CYCL,,1519.9,1500,1500,,,2065,3105752.2,66,,
2025-11-26,CZBIL,,196.9,193.1,196,,,94842,18523531.8,218,,
2025-11-26,DDBL,,888,868,888,,,11723,10284992.6,89,,
2025-11-26,DHEL,,595,571,571,,,59458,34376998.7,2401,,
2025-11-26,DHPL,,304.8,293,298.8,,,15319,4553871.5,82,,
2025-11-26,DLBS,,1409,1374,1400,,,850,1186884.7,27,,
2025-11-26,DOLTI,,596,534.1,558.2,,,11030,6161953.4,200,,
2025-11-26,DORDI,,281.9,272,275,,,92894,25580195.4,314,,
2025-11-26,EBL,,662.8,649,660,,,26943,17754091.2,148,,
2025-11-26,EHPL,,459,437.1,459,,,83744,37439101.3,326,,
2025-11-26,ENL,,939,908,921.3,,,2371,2190094,36,,
2025-11-26,FMDBL,,933,835,925,,,94785,81231762.8,340,,
2025-11-26,FOWAD,,1222,1116,1153.5,,,5220,5963993.1,84,,
2025-11-26,GBIME,,231.8,226.7,229.7,,,79063,18108264.4,337,,
2025-11-26,GBLBS,,780,780,780,,,0,0,0,,
2025-11-26,GCIL,,462,444,459.8,,,24429,11122297.7,303,,
2025-11-26,GFCL,,600,590,597,,,4955,2950614.5,42,,
2025-11-26,GHL,,222,215.5,217.7,,,40527,8832925,125,,
2025-11-26,GILB,,1350,1299,1325,,,7846,10340704.4,106,,
2025-11-26,GLBSL,,2026,2006.1,2014,,,1112,2238740.9,22,,
2025-11-26,GLH,,263,254,260.1,,,22839,5950406.7,158,,
2025-11-26,GMFBS,,1545,1520.1,1535,,,426,653216.4,19,,
2025-11-26,GMFIL,,454.1,440,451.4,,,34065,15138223.3,122,,
2025-11-26,GMLI,,1930,1866,1888,,,1889,3550796.4,71,,
2025-11-26,GUFL,,519,508.3,518,,,3580,1845263.5,41,,
2025-11-26,GVL,,544.6,530,536.8,,,19989,10759651.6,183,,
2025-11-26,HATHY,,935,921,933,,,4784,4450535.6,112,,
2025-11-26,HBL,,195.8,189.3,193,,,113085,21852789.6,2781,,
2025-11-26,HDHPC,,186,176,186,,,227264,41296242.5,449,,
2025-11-26,HDL,,1233,1190,1232,,,192731,234168526.6,1347,,
2025-11-26,HHL,,347.5,335,344,,,34122,11737366.5,161,,
2025-11-26,HIDCL,,285,279,280,,,140395,39406645.6,388,,
2025-11-26,HIMSTAR,,984,880,938,,,47659,44180734.3,1156,,
2025-11-26,HLBSL,,953,940,953,,,3507,3312677.7,34,,
2025-11-26,HLI,,393.4,387,390.3,,,82819,32389902.3,519,,
2025-11-26,HPPL,,485,477.3,478.1,,,72212,34710321.7,249,,
2025-11-26,HRL,,877.9,850,870,,,217922,189462034.4,1490,,
2025-11-26,HURJA,,239.3,230.5,230.9,,,109746,25484217.6,228,,
2025-11-26,ICFC,,649.8,631,645,,,11571,7382602.7,93,,
2025-11-26,IHL,,567.1,550,561,,,6232,3477987.5,111,,
2025-11-26,ILBS,,1138.8,1111,1137,,,7384,8344563.3,65,,
2025-11-26,ILI,,482,473.5,476,,,23116,11051691.9,409,,
2025-11-26,JBLB,,1590,1556.2,1560,,,19734,31036524,246,,
2025-11-26,JFL,,438.6,429,433,,,9297,4029038,81,,
2025-11-26,JHAPA,,666.8,618.3,666.8,,,680,452233,68,,
2025-11-26,JOSHI,,369.2,350,357,,,86219,30672796.3,469,,
2025-11-26,JSLBB,,1272.9,1179,1241.5,,,3261,3952765.3,55,,
2025-11-26,KBL,,193,182,185.9,,,161850,30009274.6,433,,
2025-11-26,KBSH,,1799,1780,1780,,,74,131910,4,,
2025-11-26,KDL,,920,905.1,920,,,2506,2297214.9,69,,
2025-11-26,KKHC,,260,250.2,254,,,12377,3151601.9,86,,
2025-11-26,KMCDB,,1033,1013.4,1032,,,1816,1871422.7,24,,
2025-11-26,KPCL,,562,552,559,,,18480,10300093.5,105,,
2025-11-26,LEC,,200.6,195.1,197,,,44739,8870983.5,192,,
2025-11-26,LICN,,960,932.1,944.2,,,33978,32280645.4,248,,
2025-11-26,LLBS,,1014.9,971,1014.9,,,1771,1761127.6,38,,
2025-11-26,LSL,,238.6,232.8,235.2,,,104837,24846692,279,,
2025-11-26,MABEL,,686.6,653,675,,,48447,32208117.2,1430,,
2025-11-26,MAKAR,,578,565,568.9,,,5194,2979423.2,57,,
2025-11-26,MANDU,,810,780,808.9,,,1748,1412821,45,,
2025-11-26,MATRI,,988.3,948,980,,,822,802563.6,37,,
2025-11-26,MBJC,,291,285,287,,,39274,11307361,339,,
2025-11-26,MBL,,221,215,220.4,,,51219,11215969.2,139,,
2025-11-26,MCHL,,489.9,475.4,489.8,,,2444,1188276.5,52,,
2025-11-26,MEHL,,441,428,439.9,,,11654,5079558.4,134,,
2025-11-26,MEL,,302.9,291.1,297.6,,,45299,13420799.7,292,,
2025-11-26,MEN,,683.4,673.2,676.4,,,91515,61943144.5,548,,
2025-11-26,MERO,,811.2,772,785.1,,,13921,10916539.6,91,,
2025-11-26,MFIL,,610,591,602,,,11903,7155264,68,,
2025-11-26,MHCL,,415,400.9,406.9,,,5016,2033317.2,87,,
2025-11-26,MHL,,515,486,508.2,,,64722,32688068.2,365,,
2025-11-26,MHNL,,259,253.2,254,,,9307,2375285.7,43,,
2025-11-26,MKCL,,1410,1372,1401,,,3968,5545442.1,84,,
2025-11-26,MKHC,,414.9,396,406,,,6410,2584127.5,74,,
2025-11-26,MKHL,,911,798,837.4,,,16492,13582835.9,159,,
2025-11-26,MKJC,,542,535,540,,,25076,13507543.7,134,,
2025-11-26,MLBBL,,1544,1515,1527,,,676,1028555,16,,
2025-11-26,MLBS,,1519.9,1491,1499,,,636,955049.8,23,,
2025-11-26,MLBSL,,2043,2000,2043,,,828,1664853,32,,
2025-11-26,MMKJL,,597,578,597,,,7499,4433084,86,,
2025-11-26,MPFL,,560,544.1,555,,,3174,1747297.8,45,,
2025-11-26,MSHL,,910,883.1,900,,,676,608671,22,,
2025-11-26,MSLB,,1612,1447,1612,,,47596,70834174.6,247,,
2025-11-26,NABIL,,513,507,511,,,35156,17950129.5,299,,
2025-11-26,NADEP,,800,765,800,,,3010,2362695.8,38,,
2025-11-26,NBL,,249,243,245.9,,,35427,8715236.3,145,,
2025-11-26,NESDO,,1535,1516,1517.4,,,893,1360890,33,,
2025-11-26,NFS,,659.9,649,650,,,14397,9403830.5,92,,
2025-11-26,NGPL,,412.9,397,405.4,,,359347,146505987.4,1039,,
2025-11-26,NHDL,,705,689.5,700,,,4793,3348464.9,33,,
2025-11-26,NHPC,,199.9,194.9,194.9,,,49930,9823794.9,171,,
2025-11-26,NICA,,335,315,326,,,98559,31992593.3,353,,
2025-11-26,NICLBSL,,588,562,581,,,27227,15614558,258,,
2025-11-26,NIFRA,,294.3,283.6,286,,,245933,70412722.8,760,,
2025-11-26,NIMB,,201.9,193.6,198,,,133353,26588571.1,339,,
2025-11-26,NLIC,,871,843,846.2,,,105616,89758875.6,450,,
2025-11-26,NLICL,,642.6,610.9,624,,,73107,45475918.4,178,,
2025-11-26,NLO,,244.33,244.33,244.33,,,0,0,0,,
2025-11-26,NMB,,252,247.1,251.8,,,52101,13039566.8,169,,
2025-11-26,NMBMF,,699,674,680,,,2990,2038621,28,,
2025-11-26,NMFBS,,1370,1331,1347,,,11828,15938749,64,,
2025-11-26,NMLBBL,,668,661,666,,,25536,17024080,96,,
2025-11-26,NRIC,,1370,1345,1365,,,104661,142625367.4,544,,
2025-11-26,NRM,,438.5,428,433,,,19332,8361065.9,181,,
2025-11-26,NRN,,1989.9,1909.1,1935.1,,,323519,624343215.5,1827,,
2025-11-26,NTC,,870,860,865.1,,,7244,6266135.2,104,,
2025-11-26,NUBL,,802,756.1,770,,,9578,7394846.7,65,,
2025-11-26,NWCL,,832.4,809.1,819,,,1108,909464,30,,
2025-11-26,NYADI,,410.9,395,407,,,11464,4647172.5,153,,
2025-11-26,OHL,,723.9,690,723,,,13267,9382735,107,,
2025-11-26,OMPL,,1199.9,1170,1179,,,7681,9017568.8,204,,
2025-11-26,PCBL,,254.8,249.1,253.8,,,36962,9290636.7,126,,
2025-11-26,PFL,,388,382,388,,,6193,2388917.8,60,,
2025-11-26,PHCL,,299,285.2,290.5,,,203190,58876268.8,811,,
2025-11-26,PMHPL,,356,336,356,,,99861,34968310.7,322,,
2025-11-26,PMLI,,520,500.5,519,,,28345,14554775.8,254,,
2025-11-26,PPCL,,344,334.3,343,,,34554,11734005.5,139,,
2025-11-26,PPL,,359,336,357.9,,,325129,114657429.4,1028,,
2025-11-26,PROFL,,470,460,466,,,11279,5234000.1,68,,
2025-11-26,PRVU,,196,190.1,194.1,,,99877,19426974.3,297,,
2025-11-26,PURE,,861.9,828.1,855.1,,,12570,10698713.5,264,,
2025-11-26,RADHI,,784,747,749,,,184861,139449410.1,604,,
2025-11-26,RAWA,,742,709,742,,,510,367002.4,16,,
2025-11-26,RFPL,,393,351.1,392.4,,,182358,69924989.2,1007,,
2025-11-26,RHGCL,,280,271,276,,,91932,25288807.9,343,,
2025-11-26,RHPL,,270,267.2,267.5,,,26721,7169987.4,170,,
2025-11-26,RIDI,,237,231.4,232,,,57659,13435581.9,177,,
2025-11-26,RLFL,,451,437,440,,,8117,3567505.2,50,,
2025-11-26,RNLI,,504,492,497.4,,,211667,104942178.3,801,,
2025-11-26,RSDC,,668,641,660,,,54476,35595335.2,142,,
2025-11-26,RURU,,765,725.6,747,,,6370,4748910.2,84,,
2025-11-26,SAGAR,,1212,1101.9,1212,,,1810,2189357,181,,
2025-11-26,SAHAS,,570,560,565.7,,,125271,70670517.9,517,,
2025-11-26,SAIL,,401.3,362.9,401.3,,,260,103147,26,,
2025-11-26,SANIMA,,315,308.5,314,,,82872,25925143.8,184,,
2025-11-26,SANVI,,665,638,657,,,36267,23633667.5,810,,
2025-11-26,SARBTM,,924.8,911.4,923.5,,,63784,58401110,232,,
2025-11-26,SBI,,404,395,400.2,,,31253,12471763.1,110,,
2025-11-26,SBL,,343.4,336.2,343.4,,,36872,12612042.2,99,,
2025-11-26,SCB,,656,648.1,655,,,55079,35867558.3,209,,
2025-11-26,SGHC,,439,426,432.9,,,72857,31461374.3,301,,
2025-11-26,SHEL,,302,294.1,294.4,,,193208,57522394.4,608,,
2025-11-26,SHIVM,,626.7,611.2,615.4,,,433199,267580249.6,1364,,
2025-11-26,SHL,,494,477.9,493,,,50083,24439262.5,178,,
2025-11-26,SHLB,,1739.9,1700,1710,,,1414,2430081,33,,
2025-11-26,SHPC,,531,513,529,,,133659,70443143.8,382,,
2025-11-26,SIFC,,508,494,500,,,6774,3390317.3,56,,
2025-11-26,SIKLES,,684.4,669,670,,,81235,54607489.3,432,,
2025-11-26,SJCL,,300,292.4,295,,,8906,2638190.6,116,,
2025-11-26,SJLIC,,483.6,467,480,,,206904,99047671,853,,
2025-11-26,SKBBL,,885,872,881,,,13264,11666595.6,129,,
2025-11-26,SLBBL,,949.9,916.1,942,,,14834,13839041.6,174,,
2025-11-26,SLBSL,,1337,1311,1334.9,,,2002,2649865.5,65,,
2025-11-26,SMATA,,862,825,849,,,16015,13632780.9,195,,
2025-11-26,SMB,,2198,2157.5,2196.9,,,326,706412.5,17,,
2025-11-26,SMFBS,,1703,1635.7,1685,,,1985,3277143.8,48,,
2025-11-26,SMH,,815,777.2,801,,,569,453428,15,,
2025-11-26,SMHL,,798.4,770.1,776.9,,,11671,9045298.7,132,,
2025-11-26,SMJC,,518.6,505.2,518.6,,,16444,8435916.9,176,,
2025-11-26,SMPDA,,925.9,907.1,919,,,11254,10303751.1,116,,
2025-11-26,SNLI,,528.1,508,510,,,84454,43232291.5,672,,
2025-11-26,SONA,,444,435.1,440,,,42628,18777285.5,418,,
2025-11-26,SPC,,501.5,476,494,,,11427,5606469.2,108,,
2025-11-26,SPDL,,430,419,425,,,153648,65079319.7,416,,
2025-11-26,SPHL,,555,545,552.9,,,7610,4195409,63,,
2025-11-26,SPL,,941.4,905,925,,,2250,2069131.2,50,,
2025-11-26,SRLI,,417,408,415.9,,,44599,18440086.2,359,,
2025-11-26,SSHL,,168.5,165.1,167.1,,,78250,13065484.3,233,,
2025-11-26,STC,,5420,5287,5361.3,,,1907,10248981.4,52,,
2025-11-26,SWASTIK,,741.8,661.3,741.8,,,70,49695,7,,
2025-11-26,SWBBL,,819.9,799.7,815.1,,,18341,14911632.3,125,,
2025-11-26,SWMF,,704.9,692.1,704.9,,,2695,1881091.2,45,,
2025-11-26,TAMOR,,487,470,487,,,35931,17273132,221,,
2025-11-26,TPC,,359.8,338.2,356,,,151585,53530635.1,585,,
2025-11-26,TRH,,724.9,714,723,,,3769,2704113.6,60,,
2025-11-26,TSHL,,732.1,690,708.9,,,5765,4062084.6,88,,
2025-11-26,TTL,,774.9,751.2,758,,,23552,17992629.6,847,,
2025-11-26,TVCL,,423.3,413.6,418.5,,,7177,2985073.7,77,,
2025-11-26,UHEWA,,620.1,595.4,618.8,,,28723,17490524.3,175,,
2025-11-26,ULBSL,,3969,3670.3,3894.9,,,1670,6326196.5,54,,
2025-11-26,ULHC,,479.4,466.2,469,,,17307,8131564.9,132,,
2025-11-26,UMHL,,545,538,542.3,,,69782,37701703,182,,
2025-11-26,UMRH,,572,560,570,,,9095,5165845.5,51,,
2025-11-26,UNHPL,,520,502,507,,,106356,54345615.2,256,,
2025-11-26,UNL,,47350,47350,47350,,,0,0,0,,
2025-11-26,UNLB,,2025,1987.1,2010,,,865,1745844,29,,
2025-11-26,UPCL,,388,375,381.9,,,196949,75578518.7,519,,
2025-11-26,UPPER,,185,180,182,,,69461,12565538.4,372,,
2025-11-26,USHEC,,501,483,486,,,30560,14946214.6,180,,
2025-11-26,USHL,,691,678,688,,,1725,1178228,37,,
2025-11-26,USLB,,1918,1652,1740,,,94255,161678310.2,1359,,
2025-11-26,VLBS,,817,801,801,,,8304,6709042.9,75,,
2025-11-26,VLUCL,,565,555.5,564,,,1990,1109517.2,47,,
2025-11-27,ACLBSL,,1025,1016,1018,,,1706,1735899,28,,
2025-11-27,ADBL,,330,322.1,328.9,,,192110,62835151.2,713,,
2025-11-27,AHL,,612,600,607,,,4824,2904043.8,56,,
2025-11-27,AHPC,,287,284,285,,,75785,21647986.8,290,,
2025-11-27,AKJCL,,194,191.1,192,,,58816,11319364.8,182,,
2025-11-27,AKPL,,252.5,249,250,,,137137,34365773.1,345,,
2025-11-27,ALBSL,,1152,1085.9,1120,,,42444,46720927.5,289,,
2025-11-27,ALICL,,493,481.4,486,,,58238,28387254.3,294,,
2025-11-27,ANLB,,6449,5961.4,6449,,,82,507254.8,17,,
2025-11-27,API,,298,291.8,293,,,157671,46376995.2,425,,
2025-11-27,AVYAN,,1009,984,985,,,1927,1909874.5,47,,
2025-11-27,BANDIPUR,,765,750.1,758.1,,,170479,128563286.3,14976,,
2025-11-27,BARUN,,365,351,353.9,,,378584,133847631.7,911,,
2025-11-27,BBC,,5000,4890.1,4928,,,251,1239018,18,,
2025-11-27,BEDC,,580,571,575,,,13670,7854447.1,140,,
2025-11-27,BFC,,483.9,467,472.9,,,15579,7371108,127,,
2025-11-27,BGWT,,785,760,785,,,3008,2328278,47,,
2025-11-27,BHCL,,492.7,478.1,487.8,,,73026,35465643.3,1330,,
2025-11-27,BHDC,,514.8,497.1,505,,,47728,24152389.7,276,,
2025-11-27,BHL,,182.8,178.1,182.3,,,182994,33332417.1,583,,
2025-11-27,BHPL,,678.9,658,667.6,,,2303,1546445.4,38,,
2025-11-27,BNHC,,453,443.3,451,,,16340,7316430.3,100,,
2025-11-27,BNL,,16243.5,15925,16243.5,,,20,321685,2,,
2025-11-27,BNT,,12350,12140,12180,,,377,4601660.8,27,,
2025-11-27,BPCL,,747,725.4,727,,,52545,38509250.1,249,,
2025-11-27,BUNGAL,,582,558.1,565,,,30000,17083086.2,1579,,
2025-11-27,CBBL,,1044,1020,1037.7,,,26714,27761460.6,184,,
2025-11-27,CFCL,,485,477.5,484.9,,,5789,2783306.4,43,,
2025-11-27,CGH,,898.8,875.4,882.1,,,26762,23588250.8,170,,
2025-11-27,CHCL,,514,499.1,505.5,,,38981,19638061.1,203,,
2025-11-27,CHDC,,2459,2361,2430,,,65359,157806387.5,594,,
2025-11-27,CHL,,285,274.7,274.7,,,69892,19426739.5,281,,
2025-11-27,CIT,,1884,1860,1883.9,,,22421,42012627.5,168,,
2025-11-27,CITY,,542,527,538.5,,,4407,2365584,72,,
2025-11-27,CKHL,,650,628.2,636.1,,,9766,6279475.7,111,,
2025-11-27,CLI,,499,490,496,,,46115,22805197.1,419,,
2025-11-27,CREST,,1284.9,1246,1255.1,,,14446,18207976.4,353,,
2025-11-27,CYCL,,1500,1487,1490,,,2443,3638500.3,53,,
2025-11-27,CZBIL,,200.1,194,200,,,79270,15677361.4,209,,
2025-11-27,DDBL,,889,875,884,,,10132,8920624.8,77,,
2025-11-27,DHEL,,583,566.1,574,,,50931,29343140.2,1906,,
2025-11-27,DHPL,,304,293,298.7,,,19996,5993588.8,83,,
2025-11-27,DLBS,,1400,1370,1370,,,1450,2002950.2,40,,
2025-11-27,DOLTI,,591.6,547.1,561.8,,,10948,6129827.1,107,,
2025-11-27,DORDI,,275.6,270,270,,,117658,32007708.4,405,,
2025-11-27,EBL,,665,653,661,,,30238,20001645,146,,
2025-11-27,EHPL,,464.9,441.2,460,,,86536,39275030.8,353,,
2025-11-27,ENL,,945,915,944.8,,,5962,5548723,55,,
2025-11-27,FMDBL,,906.5,850,853,,,87419,75384295.3,420,,
2025-11-27,FOWAD,,1153.5,1120,1120,,,1886,2136187.8,44,,
2025-11-27,GBIME,,232,228,230.7,,,91962,21207493.3,335,,
2025-11-27,GBLBS,,780,780,780,,,0,0,0,,
2025-11-27,GCIL,,462,451.1,454.3,,,18783,8539880.4,269,,
2025-11-27,GFCL,,600,589,590,,,11137,6606729,74,,
2025-11-27,GHL,,220.3,216,219.7,,,49563,10799516.1,151,,
2025-11-27,GILB,,1325,1299,1299,,,1938,2525028.9,36,,
2025-11-27,GLBSL,,2045,2008,2009.2,,,692,1395822.8,23,,
2025-11-27,GLH,,263,259.4,259.7,,,26919,7010416.6,154,,
2025-11-27,GMFBS,,1621,1512.2,1621,,,1909,2932385.7,51,,
2025-11-27,GMFIL,,454,445,452.5,,,10759,4837294.1,61,,
2025-11-27,GMLI,,1900,1861,1870,,,3064,5735143,63,,
2025-11-27,GUFL,,528.2,508,510,,,7417,3791615.7,83,,
2025-11-27,GVL,,546,538,545.9,,,65497,35530442.3,294,,
2025-11-27,HATHY,,936,925,928,,,7734,7189509.6,133,,
2025-11-27,HBL,,200,190.2,198.9,,,101590,19950438.1,2751,,
2025-11-27,HDHPC,,197,182.6,196.8,,,433031,82689457.9,982,,
2025-11-27,HDL,,1256.6,1207.1,1210,,,117994,144659108.3,1059,,
2025-11-27,HHL,,363,345,360,,,122172,43609712.8,572,,
2025-11-27,HIDCL,,281.8,277,278,,,234751,65531843.1,347,,
2025-11-27,HIMSTAR,,973,865,865,,,44361,39937424.7,1075,,
2025-11-27,HLBSL,,941,934,940,,,3140,2938716.8,28,,
2025-11-27,HLI,,391.9,386.1,389.9,,,73269,28453982.5,442,,
2025-11-27,HPPL,,515,468.9,480.3,,,102213,49685651.1,374,,
2025-11-27,HRL,,887.4,863,870,,,182927,159723388.5,1354,,
2025-11-27,HURJA,,232.5,230,231.7,,,64456,14897594.6,187,,
2025-11-27,ICFC,,644,640,643,,,5242,3357494.5,49,,
2025-11-27,IHL,,561.8,548,560,,,7297,4031288.2,84,,
2025-11-27,ILBS,,1135.9,1123,1134,,,8736,9860514.1,48,,
2025-11-27,ILI,,480,475,480,,,56766,27090001,508,,
2025-11-27,JBLB,,1569,1541,1542,,,12587,19550937.5,200,,
2025-11-27,JFL,,436,426.5,427,,,10665,4578276.6,101,,
2025-11-27,JHAPA,,733.4,680.1,733.4,,,940,687023,94,,
2025-11-27,JOSHI,,377.6,337.2,344.1,,,199337,68800725.6,886,,
2025-11-27,JSLBB,,1308,1192.4,1267,,,2019,2521591.9,54,,
2025-11-27,KBL,,191,184,190,,,264626,49941633.4,659,,
2025-11-27,KBSH,,1798.9,1753,1795,,,581,1028162.7,24,,
2025-11-27,KDL,,931,903.1,914,,,6970,6346547.8,98,,
2025-11-27,KKHC,,258,253.6,256,,,9117,2328524.9,74,,
2025-11-27,KMCDB,,1036,1011.4,1036,,,1851,1897824.8,32,,
2025-11-27,KPCL,,561,550.3,553,,,38828,21587433.5,168,,
2025-11-27,LEC,,201.9,197,199.5,,,72822,14502957.2,266,,
2025-11-27,LICN,,948,930,935.1,,,50284,47149846,302,,
2025-11-27,LLBS,,1024,976,998,,,363,362422,11,,
2025-11-27,LSL,,240,235.2,237.9,,,297987,71054767.2,382,,
2025-11-27,MABEL,,677,653.1,670,,,44648,29633660.7,1192,,
2025-11-27,MAKAR,,573.5,560,568,,,4190,2370630,63,,
2025-11-27,MANDU,,820,796,810,,,2119,1702633.6,37,,
2025-11-27,MATRI,,980,951.8,951.8,,,860,830180.1,37,,
2025-11-27,MBJC,,291.9,283.1,284.2,,,26544,7543252.2,262,,
2025-11-27,MBL,,226,216,225,,,94398,21139804.1,202,,
2025-11-27,MCHL,,494,483,490,,,4960,2420718,64,,
2025-11-27,MEHL,,445,427,442,,,25022,10966296.6,175,,
2025-11-27,MEL,,300,292,296,,,16582,4874953.2,221,,
2025-11-27,MEN,,680,670.1,670.1,,,102903,69500254.7,593,,
2025-11-27,MERO,,800.8,776.5,782,,,12765,9991937.8,83,,
2025-11-27,MFIL,,613.9,590,603,,,18968,11431037.7,126,,
2025-11-27,MHCL,,407.9,401,404.3,,,9618,3900630,73,,
2025-11-27,MHL,,524,509.2,519.2,,,50178,25926262.5,292,,
2025-11-27,MHNL,,258,250.5,251.3,,,24169,6161650.5,100,,
2025-11-27,MKCL,,1420,1400.2,1408,,,5130,7221532.8,68,,
2025-11-27,MKHC,,408.7,390,394,,,8762,3484588,85,,
2025-11-27,MKHL,,854,791.1,822.8,,,1358,1111976.8,53,,
2025-11-27,MKJC,,552,531,552,,,36420,19879823.5,221,,
2025-11-27,MLBBL,,1544,1496.5,1518.6,,,1284,1952023,31,,
2025-11-27,MLBS,,1520,1498,1520,,,765,1156209.5,26,,
2025-11-27,MLBSL,,2049,2014.1,2040,,,401,813359.1,21,,
2025-11-27,MMKJL,,600,586,592,,,8651,5121547.1,73,,
2025-11-27,MPFL,,565.4,546.2,550.9,,,5827,3210486.7,52,,
2025-11-27,MSHL,,906,895.1,905,,,333,298621,20,,
2025-11-27,MSLB,,1634,1511,1544.9,,,15647,24179347,228,,
2025-11-27,NABIL,,517,509,514.9,,,50106,25732377.4,381,,
2025-11-27,NADEP,,820,785,815,,,5024,4052914,49,,
2025-11-27,NBL,,249.5,244.1,248.1,,,52080,12851257.1,187,,
2025-11-27,NESDO,,1560.6,1525,1530,,,1979,3068097.2,39,,
2025-11-27,NFS,,654.9,644,648,,,13033,8458222.8,125,,
2025-11-27,NGPL,,408,397.6,397.6,,,408061,163601053.4,1062,,
2025-11-27,NHDL,,715,686,715,,,9675,6831563.2,67,,
2025-11-27,NHPC,,206,191.5,197.8,,,56534,11059732.3,194,,
2025-11-27,NICA,,343.1,321,334.9,,,199986,67177851.7,762,,
2025-11-27,NICLBSL,,595,572,581,,,20489,11880033.1,207,,
2025-11-27,NIFRA,,289,283,286.8,,,456298,130733547.3,1071,,
2025-11-27,NIMB,,213,198,202,,,213601,43143912,466,,
2025-11-27,NLIC,,857.9,841.1,849.7,,,120741,102439016,455,,
2025-11-27,NLICL,,635,620.1,625.5,,,34175,21514979.5,137,,
2025-11-27,NLO,,244.33,244.33,244.33,,,0,0,0,,
2025-11-27,NMB,,260,250.4,260,,,123600,31669317.2,357,,
2025-11-27,NMBMF,,692,678.4,688.9,,,981,669634.1,25,,
2025-11-27,NMFBS,,1351.9,1340,1351.9,,,4249,5719464.2,47,,
2025-11-27,NMLBBL,,677,654.1,670,,,27865,18637814.7,106,,
2025-11-27,NRIC,,1392.3,1341.7,1355,,,83225,113195757,521,,
2025-11-27,NRM,,435,429.2,433,,,24881,10726703.8,202,,
2025-11-27,NRN,,1520.4,1409.8,1515.2,,,267998,401771145.6,2068,,
2025-11-27,NTC,,871.9,862,866,,,10215,8862201.8,135,,
2025-11-27,NUBL,,778,765,777,,,4107,3167162.1,32,,
2025-11-27,NWCL,,841,815,839,,,3481,2910597.2,69,,
2025-11-27,NYADI,,410,398.9,405,,,7322,2951470.8,125,,
2025-11-27,OHL,,752,709,741,,,23303,17187993.5,186,,
2025-11-27,OMPL,,1264,1160,1247,,,38132,46858381.2,659,,
2025-11-27,PCBL,,257.8,251,257,,,107302,27393435.5,206,,
2025-11-27,PFL,,388.6,380,384,,,11145,4276819.8,99,,
2025-11-27,PHCL,,294,285,287,,,147786,42525340.6,635,,
2025-11-27,PMHPL,,363.1,343.1,349,,,31383,10991472.1,193,,
2025-11-27,PMLI,,529.3,512.1,525.1,,,40250,21012466.5,368,,
2025-11-27,PPCL,,346,338,343,,,45692,15612859.7,166,,
2025-11-27,PPL,,364.9,348,351,,,250731,89518692.3,828,,
2025-11-27,PROFL,,469.9,461,468,,,8760,4063295.9,86,,
2025-11-27,PRVU,,200.9,192,199.8,,,180485,35729910.6,409,,
2025-11-27,PURE,,902,842,900,,,54309,47755187.5,702,,
2025-11-27,RADHI,,763.9,743,744.9,,,111779,83700548.9,435,,
2025-11-27,RAWA,,755.9,713.2,725,,,967,696441.1,31,,
2025-11-27,RFPL,,416.1,392,414,,,248083,101484439.9,1216,,
2025-11-27,RHGCL,,281.1,271.6,273.8,,,95573,26395183.8,318,,
2025-11-27,RHPL,,271.8,267.6,271.8,,,26525,7140025.8,160,,
2025-11-27,RIDI,,236,230.1,231.7,,,114618,26578077.1,240,,
2025-11-27,RLFL,,439,427,434,,,11386,4916955.7,77,,
2025-11-27,RNLI,,509,489.3,503.8,,,263563,132026673.6,1159,,
2025-11-27,RSDC,,685,660,679.9,,,38330,25890165.1,279,,
2025-11-27,RURU,,760,745,760,,,16583,12444579.5,136,,
2025-11-27,SAGAR,,1333.2,1236.2,1333.2,,,2870,3816146,287,,
2025-11-27,SAHAS,,571,562,565.5,,,72605,41193318.9,405,,
2025-11-27,SAIL,,441.4,409.3,441.4,,,490,215496,49,,
2025-11-27,SANIMA,,320.7,310,318,,,125738,39833145.1,325,,
2025-11-27,SANVI,,671,644.1,668,,,32111,21242106.3,761,,
2025-11-27,SARBTM,,925,906,913.9,,,39974,36446527.3,328,,
2025-11-27,SBI,,420.2,396,406.8,,,34531,13919986.4,166,,
2025-11-27,SBL,,352.3,341,352,,,123772,42954342.8,269,,
2025-11-27,SCB,,661.8,656,660,,,59896,39520541.1,271,,
2025-11-27,SGHC,,439.9,423,434,,,85783,36775835.4,356,,
2025-11-27,SHEL,,296.7,293,294.3,,,103380,30395619.1,394,,
2025-11-27,SHIVM,,603.2,592,593,,,169674,101332483.6,745,,
2025-11-27,SHL,,496.5,490,495,,,24097,11879985.1,99,,
2025-11-27,SHLB,,1733.9,1685.2,1706.1,,,780,1338179,22,,
2025-11-27,SHPC,,536,518.5,533,,,109833,58181316.9,321,,
2025-11-27,SIFC,,510,498.1,506,,,15172,7685987.9,94,,
2025-11-27,SIKLES,,679,667.5,669,,,55821,37456379.1,309,,
2025-11-27,SJCL,,294,289,292,,,12652,3677802.4,122,,
2025-11-27,SJLIC,,486,472,481,,,211434,101564440.3,644,,
2025-11-27,SKBBL,,890,879,881,,,17765,15665143,141,,
2025-11-27,SLBBL,,960.6,911.4,926,,,8098,7476553.6,93,,
2025-11-27,SLBSL,,1350,1323,1339,,,2064,2761220.4,46,,
2025-11-27,SMATA,,860.9,835,857,,,24711,21097987.3,208,,
2025-11-27,SMB,,2240,2180.1,2214,,,1134,2511963,41,,
2025-11-27,SMFBS,,1694,1623.1,1694,,,2858,4757742.8,23,,
2025-11-27,SMH,,815,782.1,783.4,,,486,382990.6,14,,
2025-11-27,SMHL,,787,765.6,776,,,16606,12887801,121,,
2025-11-27,SMJC,,529.2,514,529.2,,,23886,12455874.6,257,,
2025-11-27,SMPDA,,934.8,900.7,923,,,13661,12488901.8,94,,
2025-11-27,SNLI,,515.9,506,514.8,,,95684,48989444.9,802,,
2025-11-27,SONA,,444,435,437,,,24816,10874449.9,373,,
2025-11-27,SPC,,497.9,488,489,,,8983,4390594,69,,
2025-11-27,SPDL,,433.5,417,429,,,319081,136364072.7,523,,
2025-11-27,SPHL,,552,540,540,,,10834,5903341.3,104,,
2025-11-27,SPL,,961,902,923.1,,,865,795125.3,45,,
2025-11-27,SRLI,,422,408.2,418.1,,,105635,44012512.8,522,,
2025-11-27,SSHL,,170,167,167.8,,,101498,17027843.5,317,,
2025-11-27,STC,,5420,5346,5400,,,586,3151426,22,,
2025-11-27,SWASTIK,,815.9,727.6,815.9,,,80,62209,8,,
2025-11-27,SWBBL,,831,812,815,,,12032,9820634.2,104,,
2025-11-27,SWMF,,709.8,694,706.9,,,21223,14815556.2,62,,
2025-11-27,TAMOR,,487,479,486.8,,,15223,7332015.6,147,,
2025-11-27,TPC,,362,350.1,355,,,121894,43514896.5,436,,
2025-11-27,TRH,,734,715,727.5,,,12697,9211003.4,108,,
2025-11-27,TSHL,,706,695.3,699.9,,,4346,3041556.5,36,,
2025-11-27,TTL,,776.9,757,773,,,28745,22036068.4,946,,
2025-11-27,TVCL,,419,411.3,415.6,,,6372,2641241.5,82,,
2025-11-27,UHEWA,,622.9,610.1,612,,,22462,13841701.5,147,,
2025-11-27,ULBSL,,4125,3740.8,3850,,,918,3493386,38,,
2025-11-27,ULHC,,475,458,460,,,18830,8768301.7,145,,
2025-11-27,UMHL,,566.9,535.1,564.7,,,263596,145075464.6,605,,
2025-11-27,UMRH,,586,570,583.5,,,35910,20791969.7,110,,
2025-11-27,UNHPL,,513.8,497,504.6,,,173118,87427935,387,,
2025-11-27,UNL,,46900,46600,46700,,,45,2102255.5,5,,
2025-11-27,UNLB,,2025,1995.5,2012,,,1488,2982734,36,,
2025-11-27,UPCL,,386,374.6,376,,,105912,39929150,273,,
2025-11-27,UPPER,,183,180,183,,,58588,10674023.6,366,,
2025-11-27,USHEC,,489.9,482,487,,,26019,12620707.6,158,,
2025-11-27,USHL,,692,681.5,689,,,3864,2654493.4,53,,
2025-11-27,USLB,,1774,1666,1694.1,,,23351,39455775.2,395,,
2025-11-27,VLBS,,816.9,803.1,814.8,,,2058,1673005.7,35,,
2025-11-27,VLUCL,,562.9,555,562.9,,,4292,2402750.7,82,,
2025-11-30,ACLBSL,,1038.3,1005,1010,,,1629,1662294.5,43,,
2025-11-30,ADBL,,322.4,306,307,,,67768,20956928.8,413,,
2025-11-30,AHL,,607,599,603.5,,,4984,2997710.7,72,,
2025-11-30,AHPC,,287.7,282.1,283.5,,,132840,37785105.3,391,,
2025-11-30,AKJCL,,195.8,190,190.2,,,54742,10521434.8,188,,
2025-11-30,AKPL,,252,245,245.8,,,94555,23545162.5,283,,
2025-11-30,ALBSL,,1127,1097,1108.8,,,36697,40461145.7,246,,
2025-11-30,ALICL,,495,476.3,482.9,,,74236,36156951.1,379,,
2025-11-30,ANLB,,6320.1,5950,6288.9,,,1380,8426543.7,45,,
2025-11-30,API,,298,287.3,288,,,197101,57747269.3,501,,
2025-11-30,AVYAN,,1003.9,971.2,981.9,,,1897,1857117,68,,
2025-11-30,BANDIPUR,,778.9,750,764.9,,,130752,99728356.6,7955,,
2025-11-30,BARUN,,347.8,333,333.9,,,280407,95235740.4,840,,
2025-11-30,BBC,,5398,4855,4904.3,,,1406,7048319.1,80,,
2025-11-30,BEDC,,574,565,566,,,7962,4532727.9,97,,
2025-11-30,BFC,,480,464,467.9,,,27890,13091718.3,175,,
2025-11-30,BGWT,,780,767,767,,,2091,1612680.9,60,,
2025-11-30,BHCL,,503,482.1,490,,,93046,46203173.9,1559,,
2025-11-30,BHDC,,509.8,488,489.9,,,40004,19761081.9,231,,
2025-11-30,BHL,,185,178.8,181.1,,,124853,22743995,502,,
2025-11-30,BHPL,,675,660,660.1,,,5765,3840920.5,42,,
2025-11-30,BNHC,,459,442.1,452,,,7135,3194161.6,88,,
2025-11-30,BNL,,16500,16500,16500,,,10,165000,1,,
2025-11-30,BNT,,12000,11702,11900,,,242,2882040,18,,
2025-11-30,BPCL,,739.5,712.5,720.4,,,94847,69306916.9,303,,
2025-11-30,BUNGAL,,568.2,555,555.2,,,34190,19153117.5,1613,,
2025-11-30,CBBL,,1049,1036.1,1047,,,50069,52214825.8,265,,
2025-11-30,CFCL,,501,485,485,,,89040,43501755.5,197,,
2025-11-30,CGH,,891,870,872,,,22713,20010944,197,,
2025-11-30,CHCL,,510,495,496,,,52529,26427215.4,321,,
2025-11-30,CHDC,,2469,2370,2389,,,24511,58807949,303,,
2025-11-30,CHL,,279,265,265.1,,,82375,22333699.2,307,,
2025-11-30,CIT,,1899.9,1845,1874,,,14339,26899824.1,187,,
2025-11-30,CITY,,540,531,538.7,,,6850,3663264.8,80,,
2025-11-30,CKHL,,649,622.1,622.1,,,6865,4347130.8,104,,
2025-11-30,CLI,,504,486,488,,,67766,33627677.5,606,,
2025-11-30,CREST,,1279.9,1249,1260,,,13614,17224313.7,314,,
2025-11-30,CYCL,,1539.1,1480.1,1492,,,2793,4222735.1,87,,
2025-11-30,CZBIL,,202,198.1,199.6,,,107194,21410227.8,168,,
2025-11-30,DDBL,,899,870.1,875,,,13232,11757001.8,170,,
2025-11-30,DHEL,,579,560,564,,,53028,30167804.6,1838,,
2025-11-30,DHPL,,318,300,307,,,50237,15608968.9,367,,
2025-11-30,DLBS,,1370,1345,1350.1,,,1015,1373919.1,25,,
2025-11-30,DOLTI,,560,533,540.7,,,9878,5381085.4,136,,
2025-11-30,DORDI,,275.3,263.1,263.1,,,128435,34578396.6,503,,
2025-11-30,EBL,,666,654,654,,,36295,23955932.4,186,,
2025-11-30,EHPL,,464,436,437.9,,,79939,35640753.2,339,,
2025-11-30,ENL,,958,908,928.2,,,912,846593,23,,
2025-11-30,FMDBL,,851,829,830,,,44023,36917588,242,,
2025-11-30,FOWAD,,1139,1104,1115,,,2562,2841090.7,52,,
2025-11-30,GBIME,,234.8,229.9,230,,,97589,22587779.9,364,,
2025-11-30,GBLBS,,780,780,780,,,0,0,0,,
2025-11-30,GCIL,,475,462,465,,,124451,58234058.5,979,,
2025-11-30,GFCL,,605,585,586,,,6594,3909744.6,90,,
2025-11-30,GHL,,224,214.1,215,,,117679,25572033.9,199,,
2025-11-30,GILB,,1315,1290,1292,,,6396,8295189.9,58,,
2025-11-30,GLBSL,,2018,1980,1993,,,1117,2238158.5,34,,
2025-11-30,GLH,,262,255.2,257,,,61057,15731528,239,,
2025-11-30,GMFBS,,1640,1545,1575,,,2301,3609203.8,49,,
2025-11-30,GMFIL,,460,449.1,450.8,,,45372,20600579.6,125,,
2025-11-30,GMLI,,1900,1830,1830,,,3138,5842272.1,124,,
2025-11-30,GUFL,,520,500,507,,,7691,3898909.4,79,,
2025-11-30,GVL,,567,535,548,,,391921,213578197,758,,
2025-11-30,HATHY,,939.9,925,926,,,6258,5824282.9,122,,
2025-11-30,HBL,,198.5,193.3,196.5,,,73933,14488030.1,2210,,
2025-11-30,HDHPC,,195.9,185.8,185.8,,,200013,37905765.4,579,,
2025-11-30,HDL,,1232,1193.7,1198,,,141456,170817051.6,968,,
2025-11-30,HHL,,365,342.2,342.2,,,55747,19697705.4,324,,
2025-11-30,HIDCL,,281.9,273,273.9,,,195403,54320237.3,442,,
2025-11-30,HIMSTAR,,917,847.7,907.1,,,36262,32374520.9,880,,
2025-11-30,HLBSL,,950,908,910,,,5938,5501594.9,72,,
2025-11-30,HLI,,393,380.2,383,,,99085,38504204.7,559,,
2025-11-30,HPPL,,518,480,480,,,98871,47831420.1,268,,
2025-11-30,HRL,,887,852.8,859,,,265314,230559947.6,1743,,
2025-11-30,HURJA,,235,227.1,227.7,,,120657,27816723.9,267,,
2025-11-30,ICFC,,654,635,639,,,22531,14522328.8,120,,
2025-11-30,IHL,,564,538.3,549.1,,,8393,4593060.2,98,,
2025-11-30,ILBS,,1156.2,1090,1130,,,21152,23467798.8,129,,
2025-11-30,ILI,,489.6,470,470,,,79640,38336802.3,701,,
2025-11-30,JBLB,,1558,1511.4,1511.4,,,22673,34953438.5,231,,
2025-11-30,JFL,,432.9,423.1,423.3,,,13043,5571601.5,105,,
2025-11-30,JHAPA,,806.7,748,806.7,,,1280,1031134,128,,
2025-11-30,JOSHI,,337.3,314,319,,,673834,218165670.1,3024,,
2025-11-30,JSLBB,,1242.1,1200,1222,,,1400,1706050.4,42,,
2025-11-30,KBL,,192,185.5,185.9,,,193793,36315354.4,411,,
2025-11-30,KBSH,,1805,1799.5,1800,,,53,95340,6,,
2025-11-30,KDL,,915,878.1,878.1,,,13170,11754593,169,,
2025-11-30,KKHC,,260,246.2,248,,,21453,5358698.2,113,,
2025-11-30,KMCDB,,1100,1015.3,1048,,,10530,11019517.5,125,,
2025-11-30,KPCL,,565,551,552,,,45254,25176030.9,176,,
2025-11-30,LEC,,203.4,194.1,197,,,65950,13011017.8,231,,
2025-11-30,LICN,,952.1,925,925.7,,,68217,64046460.5,316,,
2025-11-30,LLBS,,1036,980,1010,,,3216,3257261.2,42,,
2025-11-30,LSL,,240,233.3,235.5,,,245303,57907238.1,437,,
2025-11-30,MABEL,,672,655,672,,,45883,30460670.2,1247,,
2025-11-30,MAKAR,,578.9,556.2,557,,,5052,2850603.5,65,,
2025-11-30,MANDU,,822.5,800,801.5,,,4705,3799206,77,,
2025-11-30,MATRI,,970.8,952,952,,,3351,3212927.6,60,,
2025-11-30,MBJC,,287.5,282,283,,,24196,6875621.5,294,,
2025-11-30,MBL,,225,218,218,,,87998,19393588.7,183,,
2025-11-30,MCHL,,490,476.4,484,,,3917,1893843.4,69,,
2025-11-30,MEHL,,450.9,431,441,,,38643,17019346.9,231,,
2025-11-30,MEL,,299.9,288.6,291.9,,,26942,7866084.7,244,,
2025-11-30,MEN,,678.5,660.1,662,,,198975,132888424.2,1028,,
2025-11-30,MERO,,790,762,768,,,6576,5082149,79,,
2025-11-30,MFIL,,610,592,595.1,,,10058,5993447.3,84,,
2025-11-30,MHCL,,418,401,405.9,,,9858,4039704.7,128,,
2025-11-30,MHL,,524,500.1,500.5,,,51592,26486934.1,281,,
2025-11-30,MHNL,,261.3,246.3,252.8,,,17847,4507781.6,112,,
2025-11-30,MKCL,,1424,1393.1,1393.1,,,3827,5382121.5,77,,
2025-11-30,MKHC,,409.8,388,388,,,12123,4792347.7,113,,
2025-11-30,MKHL,,853,806.8,816.1,,,6628,5460736.4,107,,
2025-11-30,MKJC,,558,537,544,,,42233,23021813.2,173,,
2025-11-30,MLBBL,,1524,1491,1500,,,3066,4621321.5,44,,
2025-11-30,MLBS,,1550.4,1493,1520,,,1020,1541106,36,,
2025-11-30,MLBSL,,2029.7,2000,2029.7,,,528,1061490.8,27,,
2025-11-30,MMKJL,,595.9,582,583.3,,,15698,9247449.9,111,,
2025-11-30,MPFL,,560,541.2,546,,,5940,3277340.3,68,,
2025-11-30,MSHL,,905,901,902,,,1506,1358343.7,29,,
2025-11-30,MSLB,,1560.6,1460.2,1500,,,14317,21436178.5,157,,
2025-11-30,NABIL,,522,513,513.2,,,40956,21135249.6,399,,
2025-11-30,NADEP,,814,782.9,782.9,,,3666,2918438,45,,
2025-11-30,NBL,,250,243.5,247.5,,,46518,11447040.4,173,,
2025-11-30,NESDO,,1550,1501,1502,,,831,1262753.7,37,,
2025-11-30,NFS,,653,638,638.3,,,16859,10834973.4,199,,
2025-11-30,NGPL,,393.4,384,389.8,,,456206,177794137.3,895,,
2025-11-30,NHDL,,718,700.7,710,,,3086,2174114.8,41,,
2025-11-30,NHPC,,199,191.1,193,,,82414,16061336.4,225,,
2025-11-30,NICA,,340,328,330,,,77227,25656482.2,331,,
2025-11-30,NICLBSL,,590,564,571,,,18718,10802964.3,180,,
2025-11-30,NIFRA,,285.1,274.7,275,,,328496,91828987,1082,,
2025-11-30,NIMB,,205,199,199,,,294218,59660179.5,394,,
2025-11-30,NLIC,,870,841,841.1,,,217658,186501423.2,743,,
2025-11-30,NLICL,,639.9,616.2,629.9,,,42005,26489671,183,,
2025-11-30,NLO,,244.33,244.33,244.33,,,0,0,0,,
2025-11-30,NMB,,260,250,253.8,,,83622,21384602.8,294,,
2025-11-30,NMBMF,,702,679.1,685,,,3917,2692131.8,35,,
2025-11-30,NMFBS,,1345,1310,1310,,,6541,8713214,52,,
2025-11-30,NMLBBL,,675,651,651,,,11327,7480779.5,83,,
2025-11-30,NRIC,,1370,1325,1334,,,57567,77527973.1,494,,
2025-11-30,NRM,,437.4,419,423.9,,,32532,13846707.1,247,,
2025-11-30,NRN,,1605,1480,1500,,,140582,212411632.1,982,,
2025-11-30,NTC,,877,856,861.5,,,14037,12142363.1,162,,
2025-11-30,NUBL,,782,763.1,763.1,,,8177,6280743.9,64,,
2025-11-30,NWCL,,855,824,824,,,1689,1427875,50,,
2025-11-30,NYADI,,405,396.1,399,,,9469,3789646.4,123,,
2025-11-30,OHL,,750,701,716,,,18576,13494487.8,114,,
2025-11-30,OMPL,,1278,1223,1228,,,25206,31572576.6,550,,
2025-11-30,PCBL,,258,252.4,252.9,,,66433,16908981.3,159,,
2025-11-30,PFL,,387,376,379,,,15943,6067236.9,108,,
2025-11-30,PHCL,,290,277.5,277.5,,,236476,66902929.4,848,,
2025-11-30,PMHPL,,348,332.3,334,,,34183,11568455,153,,
2025-11-30,PMLI,,535.6,505.5,512,,,24251,12500457.7,221,,
2025-11-30,PPCL,,348.9,330,330.6,,,42439,14174665,162,,
2025-11-30,PPL,,357,339,340,,,149384,51858073.4,482,,
2025-11-30,PROFL,,469.9,458.1,460,,,9226,4269851.2,66,,
2025-11-30,PRVU,,200.9,194,194,,,159170,31555883.4,408,,
2025-11-30,PURE,,909.9,861,868,,,30405,26959460.3,511,,
2025-11-30,RADHI,,759.7,735,737.1,,,128864,95789393.9,425,,
2025-11-30,RAWA,,725,711.1,713,,,726,518467.3,28,,
2025-11-30,RFPL,,422.2,399,401,,,148251,60436267.1,717,,
2025-11-30,RHGCL,,279,260,264.7,,,105286,28115648.2,364,,
2025-11-30,RHPL,,274.4,268,269.1,,,49404,13390201.9,235,,
2025-11-30,RIDI,,234.9,226,226.5,,,100304,23036097.7,242,,
2025-11-30,RLFL,,439,423.5,424,,,17162,7375024.5,96,,
2025-11-30,RNLI,,516,500.2,500.2,,,257339,130939266.1,1197,,
2025-11-30,RSDC,,683,653.2,658,,,26104,17427512.9,197,,
2025-11-30,RURU,,764,745,752.5,,,18508,13919314.7,100,,
2025-11-30,SAGAR,,1466.5,1359.8,1466.5,,,2590,3793482,259,,
2025-11-30,SAHAS,,570,554,555.9,,,125323,70404660.2,640,,
2025-11-30,SAIL,,485.5,443.6,485.5,,,650,313961,65,,
2025-11-30,SANIMA,,324.1,314.7,314.8,,,119408,38117078.6,317,,
2025-11-30,SANVI,,680,648,650,,,43075,28608987.6,698,,
2025-11-30,SARBTM,,890,872,879.9,,,20134,17694243.1,175,,
2025-11-30,SBI,,413.9,397.5,405,,,25352,10150507.4,111,,
2025-11-30,SBL,,357.9,351,352.3,,,196984,69389106.1,210,,
2025-11-30,SCB,,669,660.4,665,,,47892,31830883.5,315,,
2025-11-30,SGHC,,445,412,412,,,49850,21217103.3,294,,
2025-11-30,SHEL,,300.1,288,289,,,156687,45743088.1,582,,
2025-11-30,SHIVM,,601,590,591,,,187001,111357091.1,640,,
2025-11-30,SHL,,500,487.2,498.4,,,63990,31749248.5,205,,
2025-11-30,SHLB,,1734,1690.5,1693,,,1699,2882723.4,47,,
2025-11-30,SHPC,,548.2,522.4,533.6,,,298689,161406498,813,,
2025-11-30,SIFC,,516.1,500,507,,,39368,19975069.6,139,,
2025-11-30,SIKLES,,678.9,659,660,,,55229,36875965.3,407,,
2025-11-30,SJCL,,292.9,287.1,288.5,,,9418,2717931,120,,
2025-11-30,SJLIC,,489.9,470.1,474,,,244931,117366832.3,705,,
2025-11-30,SKBBL,,894.9,870,873,,,13330,11750029.9,178,,
2025-11-30,SLBBL,,920,901.6,901.6,,,12853,11734334.4,114,,
2025-11-30,SLBSL,,1333,1302,1308,,,1818,2391846,46,,
2025-11-30,SMATA,,860,821.6,838,,,20875,17539694.5,223,,
2025-11-30,SMB,,2239.9,2170,2199,,,818,1795764,24,,
2025-11-30,SMFBS,,1685,1594.5,1660,,,438,719094.8,19,,
2025-11-30,SMH,,814,773.1,775,,,1017,803731.8,34,,
2025-11-30,SMHL,,800,760,774,,,36613,28231474.5,217,,
2025-11-30,SMJC,,539,513.1,520,,,6518,3411283.6,142,,
2025-11-30,SMPDA,,928.2,905,915,,,15426,14175986.3,143,,
2025-11-30,SNLI,,525,503,506,,,89447,46102090.2,771,,
2025-11-30,SONA,,445.7,432,432.1,,,73325,32240126.7,569,,
2025-11-30,SPC,,490,481.3,490,,,28235,13676704.3,142,,
2025-11-30,SPDL,,437.5,416,418,,,195374,82488696.5,430,,
2025-11-30,SPHL,,546,522,523,,,11730,6248900.9,115,,
2025-11-30,SPL,,920,913,913.5,,,1460,1337844,27,,
2025-11-30,SRLI,,423,408,410,,,99242,41320089.8,568,,
2025-11-30,SSHL,,169,165,166,,,94151,15725841.8,312,,
2025-11-30,STC,,5445,5315,5350,,,1537,8227615,53,,
2025-11-30,SWASTIK,,897.4,809.3,897.4,,,160,139903,16,,
2025-11-30,SWBBL,,831,806,806,,,7795,6343367.1,75,,
2025-11-30,SWMF,,709,690,696.5,,,4493,3132051.4,61,,
2025-11-30,TAMOR,,494.9,473,476,,,19280,9289766.6,168,,
2025-11-30,TPC,,359.9,343,346,,,144878,50845824.3,422,,
2025-11-30,TRH,,730,710,710,,,6491,4671309.9,78,,
2025-11-30,TSHL,,702.5,687,700,,,3011,2093906.7,59,,
2025-11-30,TTL,,827,770.1,799,,,92831,74655174.8,1783,,
2025-11-30,TVCL,,421,410,413.5,,,14614,6072598.5,106,,
2025-11-30,UHEWA,,620,590,590,,,38154,23017546.5,190,,
2025-11-30,ULBSL,,3830,3754.1,3824.9,,,1486,5602930,26,,
2025-11-30,ULHC,,469,450.9,455,,,15642,7199306.7,125,,
2025-11-30,UMHL,,580,555,566,,,177665,99864878.5,421,,
2025-11-30,UMRH,,584.9,565.7,565.7,,,14299,8190967.7,94,,
2025-11-30,UNHPL,,509,500,500,,,96519,48580804.3,289,,
2025-11-30,UNL,,46700,46700,46700,,,0,0,0,,
2025-11-30,UNLB,,2030,2000,2000,,,1435,2884461,21,,
2025-11-30,UPCL,,383.5,365,368,,,97487,36136389,293,,
2025-11-30,UPPER,,184.8,181,181,,,121856,22280388.9,493,,
2025-11-30,USHEC,,490,476,486.5,,,37342,18011056.3,224,,
2025-11-30,USHL,,704.3,676,676,,,5553,3831255.6,76,,
2025-11-30,USLB,,1700,1614,1625,,,33164,54382507.2,622,,
2025-11-30,VLBS,,805,784,784,,,5891,4688250,54,,
2025-11-30,VLUCL,,565,555,560,,,11060,6210257,116,,
