date,symbol,open,high,low,close,prev_close,vwap,volume,turnover,trades,week_52_high,week_52_low
2025-10-07,ACLBSL,,1045,1007.5,1008.1,,,1253,1276979.7,41,,
2025-10-07,ADBL,,322.9,315.8,316.9,,,35362,11215883.7,183,,
2025-10-07,AHL,,648.8,617,632.8,,,7932,4939207.8,140,,
2025-10-07,AHPC,,297.9,285.1,288,,,163794,47281877.1,583,,
2025-10-07,AKJCL,,198,191.1,192.9,,,48204,9293153,235,,
2025-10-07,AKPL,,259,249.9,252.9,,,158356,39982298,444,,
2025-10-07,ALBSL,,1044,998,1038,,,11705,11989521.8,115,,
2025-10-07,ALICL,,473,458,466.4,,,20718,9561571.4,144,,
2025-10-07,ANLB,,6227.1,6100,6206,,,313,1924234.3,36,,
2025-10-07,API,,295,285,285.5,,,87576,25117130.6,352,,
2025-10-07,AVYAN,,1014.9,986,999,,,2783,2778384.5,44,,
2025-10-07,BARUN,,337,322,326.5,,,27398,9044760.2,161,,
2025-10-07,BBC,,5062,4871.1,4908,,,823,4080969,30,,
2025-10-07,BEDC,,700.7,643.5,643.5,,,48660,31596250.7,285,,
2025-10-07,BFC,,471,457,459.8,,,8435,3899029,70,,
2025-10-07,BGWT,,874,823,839,,,17387,14566930.4,259,,
2025-10-07,BHCL,,460,440,444.9,,,34673,15448204.6,946,,
2025-10-07,BHDC,,600,546,576,,,79144,44864306.8,268,,
2025-10-07,BHL,,192,186,189,,,133187,25081209.7,659,,
2025-10-07,BHPL,,733,710.1,722.8,,,1131,819076,25,,
2025-10-07,BNHC,,499.8,472.1,482.4,,,6939,3323871.6,56,,
2025-10-07,BNL,,15400,15400,15400,,,10,154000,1,,
2025-10-07,BNT,,11526,11195,11330,,,160,1816665,16,,
2025-10-07,BPCL,,778.2,721.1,722,,,120205,88703536.2,383,,
2025-10-07,CBBL,,1035,1000,1010,,,31517,31766090.5,291,,
2025-10-07,CFCL,,495,480,490,,,5348,2598652.3,52,,
2025-10-07,CGH,,917.8,867,868.1,,,36060,31685863.7,304,,
2025-10-07,CHCL,,505,490.2,497.3,,,22538,11164682.8,189,,
2025-10-07,CHDC,,2360,2260,2270,,,31880,73207513.8,355,,
2025-10-07,CHL,,272.8,252.1,255,,,60653,15758669.7,344,,
2025-10-07,CIT,,1928,1887,1887.1,,,6238,11806420.1,187,,
2025-10-07,CITY,,582,565,566.2,,,7329,4178791.9,116,,
2025-10-07,CKHL,,653.8,625,625,,,5862,3730087.5,63,,
2025-10-07,CLI,,464,453,455.1,,,14749,6746718.5,236,,
2025-10-07,CREST,,1066,1025,1040,,,8295,8635499.4,229,,
2025-10-07,CYCL,,1644,1600,1609,,,851,1369128.5,40,,
2025-10-07,CZBIL,,210.7,206.3,207,,,65982,13763666.3,240,,
2025-10-07,DDBL,,860,842.8,851,,,8283,7022412.7,86,,
2025-10-07,DHPL,,298.2,288.7,291,,,4213,1231444.9,51,,
2025-10-07,DLBS,,1390,1370,1370,,,776,1069428.6,20,,
2025-10-07,DOLTI,,562,545,545.5,,,2425,1341283.4,45,,
2025-10-07,DORDI,,246,235.3,236.8,,,83866,19931125.2,296,,
2025-10-07,EBL,,724,710,720,,,89590,64430158.6,367,,
2025-10-07,EHPL,,520,502,517.9,,,5338,2738338.5,42,,
2025-10-07,ENL,,970,955,970,,,1445,1394321.5,27,,
2025-10-07,FMDBL,,902,815,829.9,,,64705,53508668.2,147,,
2025-10-07,FOWAD,,1100,1090,1091,,,1816,1984676.5,50,,
2025-10-07,GBIME,,247.8,240,244.9,,,105750,25698501.5,406,,
2025-10-07,GBLBS,,758,740,740,,,6095,4531614.3,58,,
2025-10-07,GCIL,,465.9,448.6,448.7,,,26188,11909451.4,253,,
2025-10-07,GFCL,,627,593,627,,,4864,2978162.5,66,,
2025-10-07,GHL,,228,219,220,,,43597,9686673.8,181,,
2025-10-07,GILB,,1213,1190.1,1213,,,5208,6235507.9,74,,
2025-10-07,GLBSL,,2219,2177,2177,,,1929,4228076.8,59,,
2025-10-07,GLH,,281.4,262.1,264,,,61591,16476930.2,302,,
2025-10-07,GMFBS,,1580,1561,1561,,,702,1100364,18,,
2025-10-07,GMFIL,,481,462,464,,,5731,2660757.7,48,,
2025-10-07,GMLI,,2000,1960.1,1980,,,1301,2579135.5,55,,
2025-10-07,GUFL,,500,490,491,,,2502,1230196,46,,
2025-10-07,GVL,,529.5,515,515.5,,,45670,23711153.3,218,,
2025-10-07,HATHY,,1005,979,983,,,3665,3608479.3,83,,
2025-10-07,HBL,,203.8,199.9,201.9,,,60463,12111204.5,2422,,
2025-10-07,HDHPC,,184,177,179.6,,,107883,19430540.7,484,,
2025-10-07,HDL,,1396.3,1340,1349,,,72023,97234115.2,773,,
2025-10-07,HHL,,359,348.1,348.4,,,16818,5894358,126,,
2025-10-07,HIDCL,,273,263,266.5,,,148622,39490972,568,,
2025-10-07,HIMSTAR,,674.3,619.2,651.1,,,39857,25820247.3,3864,,
2025-10-07,HLBSL,,968,941,958,,,5064,4819168.1,36,,
2025-10-07,HLI,,393,382.3,383,,,23967,9233235.5,219,,
2025-10-07,HPPL,,465,447,448,,,147548,66713117,138,,
2025-10-07,HRL,,863,821,821.1,,,151015,126167077.5,1557,,
2025-10-07,HURJA,,228,220.1,222.9,,,41341,9208729.7,150,,
2025-10-07,ICFC,,662,642,650,,,11943,7759624.5,83,,
2025-10-07,IHL,,560,539,555.5,,,6625,3634605,59,,
2025-10-07,ILBS,,1199,1165,1199,,,21864,25710588.7,78,,
2025-10-07,ILI,,449,437.1,441,,,14086,6203878.6,254,,
2025-10-07,JBLB,,1460,1411.2,1449,,,7995,11471194.1,167,,
2025-10-07,JFL,,459,443,448,,,2396,1070825,39,,
2025-10-07,JOSHI,,315,304,305.6,,,7101,2182894.5,95,,
2025-10-07,JSLBB,,1214.8,1190.5,1214.8,,,900,1073157.4,17,,
2025-10-07,KBL,,194,188.1,188.6,,,399041,75814977.8,625,,
2025-10-07,KBSH,,1907,1836,1836.2,,,355,654660.6,9,,
2025-10-07,KDL,,980,961,965,,,1589,1540356.4,38,,
2025-10-07,KKHC,,247.9,238,242.5,,,16791,4030991.5,71,,
2025-10-07,KMCDB,,1057,1016,1036,,,3606,3714700.4,37,,
2025-10-07,KPCL,,599.9,563,569,,,30995,17793784.5,203,,
2025-10-07,LEC,,208.4,203.2,204,,,94255,19316884.4,300,,
2025-10-07,LICN,,848,828,833.9,,,2612,2173511.4,55,,
2025-10-07,LLBS,,982,965,965,,,582,563398.7,11,,
2025-10-07,LSL,,230,224.5,228,,,90622,20650388.6,203,,
2025-10-07,MAKAR,,606,588.5,600,,,5936,3552530,46,,
2025-10-07,MANDU,,867,830,845,,,930,776315,42,,
2025-10-07,MATRI,,1004.7,980,1004.7,,,791,782257.5,29,,
2025-10-07,MBJC,,303.1,296.1,298,,,20980,6269681.2,179,,
2025-10-07,MBL,,221,219,219.2,,,44077,9670879.1,130,,
2025-10-07,MCHL,,538.9,499.8,514,,,1223,614800.2,35,,
2025-10-07,MEHL,,440.1,421,431,,,8720,3741021.5,95,,
2025-10-07,MEL,,303,286,287.9,,,8967,2585644.5,131,,
2025-10-07,MEN,,638,619.5,621,,,73489,46077846.5,234,,
2025-10-07,MERO,,840,788.1,798,,,8808,7131716.8,76,,
2025-10-07,MFIL,,659.8,648,654,,,49377,32268257,379,,
2025-10-07,MHCL,,425,410,418,,,5629,2345606.4,78,,
2025-10-07,MHL,,495.2,480,485,,,18210,8831838.2,149,,
2025-10-07,MHNL,,253,243.2,243.2,,,5010,1232391,41,,
2025-10-07,MKCL,,1535,1491.9,1517,,,4700,7086097,83,,
2025-10-07,MKHC,,401.8,384,394.6,,,4937,1938987.7,72,,
2025-10-07,MKHL,,780.8,737,745,,,2655,1988873.1,66,,
2025-10-07,MKJC,,628,598,620,,,177106,109601641.4,735,,
2025-10-07,MLBBL,,1505,1460,1495,,,2729,4021121.8,40,,
2025-10-07,MLBS,,1569.9,1540,1569.9,,,411,635368.9,17,,
2025-10-07,MLBSL,,2192,2100,2148,,,1046,2215185.3,41,,
2025-10-07,MMKJL,,659,605,622,,,24042,15022981.1,185,,
2025-10-07,MPFL,,569,548,549.2,,,10564,5832084.3,72,,
2025-10-07,MSHL,,937,900.6,931,,,2076,1914869.8,36,,
2025-10-07,MSLB,,1440,1401,1401,,,2327,3303956.4,51,,
2025-10-07,NABIL,,530,512.6,521,,,48977,25450439.7,408,,
2025-10-07,NADEP,,815,791,800,,,1370,1089953,28,,
2025-10-07,NBL,,254.5,248,249.5,,,76247,19155922.3,198,,
2025-10-07,NESDO,,1560,1496,1525,,,884,1345248.3,33,,
2025-10-07,NFS,,660,628.1,639,,,11647,7409882.9,132,,
2025-10-07,NGPL,,393.7,377,393,,,206561,79044441.6,589,,
2025-10-07,NHDL,,705,681,681,,,4266,2914660.9,32,,
2025-10-07,NHPC,,204,194.5,196.1,,,50147,9868344.4,236,,
2025-10-07,NICA,,335,326.4,330.2,,,38679,12774584.7,286,,
2025-10-07,NICLBSL,,579.9,560,565,,,4193,2363506.4,73,,
2025-10-07,NIFRA,,275,269,269.5,,,188521,51109289.5,631,,
2025-10-07,NIMB,,208.9,203,206.9,,,201747,41250256.7,320,,
2025-10-07,NLIC,,780,764,770,,,24049,18502174,185,,
2025-10-07,NLICL,,598,587.1,587.1,,,5348,3148054.6,53,,
2025-10-07,NLO,,244.33,244.33,244.33,,,0,0,0,,
2025-10-07,NMB,,248.8,240,243.4,,,56294,13622160.2,172,,
2025-10-07,NMBMF,,681.3,675,680,,,1248,849135.8,14,,
2025-10-07,NMFBS,,1293.6,1228,1230,,,6463,8025498.5,78,,
2025-10-07,NMLBBL,,666,634.1,645,,,2646,1697874.2,51,,
2025-10-07,NRIC,,1465,1320.1,1320.2,,,141566,194506717.1,1050,,
2025-10-07,NRM,,440.1,425,428,,,44513,19170684.5,305,,
2025-10-07,NRN,,1960,1870,1876,,,60823,115372991.4,299,,
2025-10-07,NTC,,852,843,846,,,11285,9560080.3,196,,
2025-10-07,NUBL,,770,746,754.9,,,5536,4176232.4,76,,
2025-10-07,NWCL,,855,821.2,835,,,2233,1841490,43,,
2025-10-07,NYADI,,420,392,395,,,8408,3359695,101,,
2025-10-07,OHL,,725,697,703,,,6429,4516560.3,86,,
2025-10-07,OMPL,,1200,1145,1154.9,,,12327,14379640,300,,
2025-10-07,PCBL,,253,244.9,246,,,61656,15189689.7,203,,
2025-10-07,PFL,,401,392,395,,,4216,1669268.2,49,,
2025-10-07,PHCL,,392,375,383.9,,,6214,2367602.9,102,,
2025-10-07,PMHPL,,341.7,302.6,312,,,76906,24061450.5,337,,
2025-10-07,PMLI,,485.9,472,479,,,12361,5911214.5,122,,
2025-10-07,PPCL,,324,312,318.2,,,11845,3747800,92,,
2025-10-07,PPL,,309,299.9,300.2,,,30235,9218567.4,119,,
2025-10-07,PROFL,,491.8,477,480,,,8019,3846633,44,,
2025-10-07,PRVU,,208,205,205.5,,,197784,40657324.9,279,,
2025-10-07,PURE,,795,765.2,775,,,8734,6733834,170,,
2025-10-07,RADHI,,766,701,709,,,145205,104253865.4,492,,
2025-10-07,RAWA,,760,731.2,733.2,,,1690,1243875,38,,
2025-10-07,RFPL,,360,340,348.9,,,8472,2923720.3,101,,
2025-10-07,RHGCL,,258,245.8,249.6,,,65139,16334929.1,370,,
2025-10-07,RHPL,,294.9,277,279,,,38857,10923940.6,218,,
2025-10-07,RIDI,,236,230.2,231.1,,,33761,7821045.7,129,,
2025-10-07,RLFL,,447.9,437,444,,,9240,4078513.2,72,,
2025-10-07,RNLI,,467,450,451.3,,,36241,16506381.7,364,,
2025-10-07,RSDC,,648,622,629,,,16174,10189275.5,157,,
2025-10-07,RURU,,733,711,733,,,10955,7931120.6,57,,
2025-10-07,SAHAS,,659,635,636,,,112221,72250683.4,518,,
2025-10-07,SANIMA,,338.9,320.5,326,,,119718,39196539,355,,
2025-10-07,SANVI,,624.2,588,604.9,,,21790,13142930.6,523,,
2025-10-07,SARBTM,,883.5,863,866,,,26329,22928069.5,168,,
2025-10-07,SBI,,396,383.1,384,,,13295,5125512.8,63,,
2025-10-07,SBL,,365,353.1,353.5,,,32950,11713335.4,113,,
2025-10-07,SCB,,639.5,618.3,625,,,43949,27354039.1,228,,
2025-10-07,SGHC,,344.6,330.1,338.9,,,5248,1757485.5,67,,
2025-10-07,SHEL,,296.7,286,288,,,177269,51769696.8,461,,
2025-10-07,SHIVM,,600,573.4,588,,,209804,122320690.5,847,,
2025-10-07,SHL,,530,515.5,521,,,40916,21333730.1,142,,
2025-10-07,SHLB,,1937,1826.1,1868,,,361,670630,15,,
2025-10-07,SHPC,,525.2,505,516.9,,,174167,89210677.5,659,,
2025-10-07,SIFC,,508,500.2,507,,,12886,6491838.7,87,,
2025-10-07,SIKLES,,707.7,609,707.7,,,160094,102424153.8,802,,
2025-10-07,SJCL,,295.5,285,293.9,,,7202,2110173,81,,
2025-10-07,SJLIC,,431.9,420,424,,,17848,7560281.8,175,,
2025-10-07,SKBBL,,894.9,870,891,,,13569,11925892.3,199,,
2025-10-07,SLBBL,,912,887,887,,,5284,4739398.3,91,,
2025-10-07,SLBSL,,1470,1390.5,1455,,,6376,9067262,75,,
2025-10-07,SMATA,,955,901,921,,,13238,12113348.7,222,,
2025-10-07,SMB,,2265,2170,2265,,,1357,2972402,45,,
2025-10-07,SMFBS,,1729,1662,1671,,,1065,1799991,22,,
2025-10-07,SMH,,872,824,850,,,1169,979139.8,35,,
2025-10-07,SMHL,,893,845,859.6,,,10738,9195210.9,132,,
2025-10-07,SMJC,,551.8,530.2,538,,,18127,9777956.3,160,,
2025-10-07,SMPDA,,923,894.8,905,,,6266,5675412.9,64,,
2025-10-07,SNLI,,455,442,446,,,22157,9896337.1,305,,
2025-10-07,SONA,,440,430.1,431.2,,,32350,14018874.8,330,,
2025-10-07,SPC,,510,482.1,485.1,,,30399,14838150.7,228,,
2025-10-07,SPDL,,420,398.1,413.9,,,292100,119956509.6,1001,,
2025-10-07,SPHL,,550,516,548,,,3738,1997335,34,,
2025-10-07,SPL,,945.5,922,930,,,1355,1259814,28,,
2025-10-07,SRLI,,397,383,383.1,,,26390,10193439.1,250,,
2025-10-07,SSHL,,180,176,176,,,57413,10178357.3,280,,
2025-10-07,STC,,5440,5288,5290,,,1305,6933004,46,,
2025-10-07,SWBBL,,844.9,815,824,,,6763,5561029,72,,
2025-10-07,SWMF,,703.1,687,703,,,1400,971090.9,27,,
2025-10-07,TAMOR,,493,480,482,,,8482,4108462,100,,
2025-10-07,TPC,,333,324,326,,,22088,7202974.2,156,,
2025-10-07,TRH,,850,823.2,845,,,7591,6344654.7,68,,
2025-10-07,TSHL,,840,715.4,840,,,43176,32731769,183,,
2025-10-07,TTL,,755,736,736,,,15930,11847144.4,533,,
2025-10-07,TVCL,,474,442.2,456,,,10539,4739433.4,76,,
2025-10-07,UHEWA,,615,573,576,,,9061,5266522.1,104,,
2025-10-07,ULBSL,,3590,3522.1,3569,,,92,324762,8,,
2025-10-07,ULHC,,475,456.7,456.7,,,6287,2922102.6,81,,
2025-10-07,UMHL,,553,528.3,539.9,,,80206,43197978.1,315,,
2025-10-07,UMRH,,590,572.4,580,,,5022,2921139.2,35,,
2025-10-07,UNHPL,,525.3,490,508,,,554698,283136513.1,1408,,
2025-10-07,UNL,,48600,48024.2,48300,,,100,4834253,10,,
2025-10-07,UNLB,,2228,2058.1,2099,,,3867,8263332.5,10,,
2025-10-07,UPCL,,391.8,375.4,375.4,,,113099,43244152.7,443,,
2025-10-07,UPPER,,189,185.1,185.1,,,76249,14218432.2,423,,
2025-10-07,USHEC,,499.9,472,472,,,16673,8017087.1,116,,
2025-10-07,USHL,,759.9,708.1,714,,,2576,1862009,45,,
2025-10-07,USLB,,1907,1811,1892,,,5139,9561503.6,78,,
2025-10-07,VLBS,,815,790,800,,,1984,1587502,39,,
2025-10-07,VLUCL,,611.9,547.9,585,,,17625,10493606.5,175,,
2025-10-08,ACLBSL,,1010,988,1008,,,2668,2664027.5,72,,
2025-10-08,ADBL,,315,310.5,312.4,,,43145,13452253.4,211,,
2025-10-08,AHL,,641,600,632,,,11085,6777585.5,124,,
2025-10-08,AHPC,,290,278.7,281.6,,,241869,68306579.9,704,,
2025-10-08,AKJCL,,194,187.5,189,,,77625,14687330.8,352,,
2025-10-08,AKPL,,254,241.6,247.6,,,150938,37033335.1,503,,
2025-10-08,ALBSL,,1078,980,1000,,,13754,13730648.3,152,,
2025-10-08,ALICL,,460,451.2,454,,,4899,2228905.5,78,,
2025-10-08,ANLB,,6580,6081.9,6580,,,609,3742379.8,48,,
2025-10-08,API,,290,276.1,280,,,155349,43447641.1,557,,
2025-10-08,AVYAN,,981,940.8,975,,,4926,4700628.5,69,,
2025-10-08,BARUN,,333,315,316,,,48533,15456674.8,243,,
2025-10-08,BBC,,4995,4741,4886,,,860,4142651,51,,
2025-10-08,BEDC,,654,623.5,644,,,11670,7356780.9,128,,
2025-10-08,BFC,,466,439,444,,,17276,7647739.8,142,,
2025-10-08,BGWT,,840,810,820,,,7909,6445877.5,119,,
2025-10-08,BHCL,,444.9,426.7,432,,,32690,14117892.4,784,,
2025-10-08,BHDC,,587.5,545,560,,,55699,30894422.5,245,,
2025-10-08,BHL,,189,180,181,,,228636,41587295.1,931,,
2025-10-08,BHPL,,737.2,688,692.2,,,980,689019,16,,
2025-10-08,BNHC,,492,455,468,,,18014,8367301.5,77,,
2025-10-08,BNL,,15400,15400,15400,,,0,0,0,,
2025-10-08,BNT,,11130,10900,10912,,,200,2201841,17,,
2025-10-08,BPCL,,728,697,700,,,127998,90921417.6,462,,
2025-10-08,CBBL,,1010,986,994,,,43950,43667558.1,300,,
2025-10-08,CFCL,,484.5,470,479,,,5205,2473396.5,62,,
2025-10-08,CGH,,899,850,860,,,23921,20500242.2,214,,
2025-10-08,CHCL,,496,484.5,490,,,51264,24958909.1,270,,
2025-10-08,CHDC,,2265,2156,2175,,,54883,120123832.5,607,,
2025-10-08,CHL,,264.9,242.5,249.9,,,53399,13306197.4,285,,
2025-10-08,CIT,,1887.1,1859,1865,,,11832,22062460.9,299,,
2025-10-08,CITY,,564,534,537,,,10516,5744087.5,177,,
2025-10-08,CKHL,,637,603.1,606,,,3080,1872482,34,,
2025-10-08,CLI,,451,440,448,,,28417,12591472.3,374,,
2025-10-08,CREST,,1040,1008,1025.5,,,9461,9610257.3,238,,
2025-10-08,CYCL,,1610,1555,1585.9,,,4459,7009989.7,87,,
2025-10-08,CZBIL,,209,204.9,205.5,,,71981,14812219.1,231,,
2025-10-08,DDBL,,849,830,849,,,8080,6764789.4,80,,
2025-10-08,DHPL,,292,286.3,288,,,6685,1925904.9,55,,
2025-10-08,DLBS,,1370,1343,1345,,,899,1212760.7,29,,
2025-10-08,DOLTI,,550,508,530,,,9801,5065330.5,111,,
2025-10-08,DORDI,,235,225,228,,,86356,19810868.3,358,,
2025-10-08,EBL,,720,710.6,710.6,,,79337,56635364.5,386,,
2025-10-08,EHPL,,508.5,497.9,507.8,,,2727,1376589.7,28,,
2025-10-08,ENL,,988,931.7,984,,,1316,1248046,32,,
2025-10-08,FMDBL,,820,780,784,,,36502,28955504.9,223,,
2025-10-08,FOWAD,,1091,1071,1071,,,4462,4803092.3,82,,
2025-10-08,GBIME,,249.7,237.6,241,,,119238,28543639.2,479,,
2025-10-08,GBLBS,,741,717,730,,,4654,3391363.4,74,,
2025-10-08,GCIL,,449.9,438,447.8,,,26042,11540778.6,306,,
2025-10-08,GFCL,,621,593,600.1,,,16301,9790969.2,147,,
2025-10-08,GHL,,222,210.1,212,,,93003,19960231.8,307,,
2025-10-08,GILB,,1192.9,1180,1181,,,3841,4553041.7,59,,
2025-10-08,GLBSL,,2225,2140,2180,,,2884,6352206.5,64,,
2025-10-08,GLH,,266,255,259,,,44732,11582803.3,254,,
2025-10-08,GMFBS,,1592,1503,1592,,,1839,2817554,31,,
2025-10-08,GMFIL,,460,436.1,446,,,11471,5127152.4,77,,
2025-10-08,GMLI,,1960,1927,1949.9,,,1967,3828604,89,,
2025-10-08,GUFL,,484.5,472.4,480,,,9945,4751023.5,141,,
2025-10-08,GVL,,524,496.7,501,,,36194,18298504.8,219,,
2025-10-08,HATHY,,972,930,955,,,15829,14911414.9,274,,
2025-10-08,HBL,,201,196.1,198,,,53301,10545108.6,1735,,
2025-10-08,HDHPC,,179.6,172.9,175,,,157778,27588174,546,,
2025-10-08,HDL,,1375.9,1321,1340,,,91435,121546240.2,836,,
2025-10-08,HHL,,350,334,337,,,33472,11396819.7,165,,
2025-10-08,HIDCL,,267,258,264.7,,,145358,37999856.4,485,,
2025-10-08,HIMSTAR,,652,616.6,625,,,28090,17615859,2262,,
2025-10-08,HLBSL,,960,925,930,,,4607,4317134.9,41,,
2025-10-08,HLI,,383,370.1,375,,,59669,22334262.8,369,,
2025-10-08,HPPL,,451.9,429.3,439,,,75720,32909778.7,194,,
2025-10-08,HRL,,837.5,795,804,,,219914,177160985.4,1865,,
2025-10-08,HURJA,,224,214,215.5,,,69271,15004119.2,273,,
2025-10-08,ICFC,,649,630.1,632.5,,,11220,7131035.7,94,,
2025-10-08,IHL,,555.3,530.1,542.7,,,7054,3788328,64,,
2025-10-08,ILBS,,1246,1146.1,1158,,,5994,6905290.7,70,,
2025-10-08,ILI,,437.6,425.2,433.4,,,24312,10461923.1,389,,
2025-10-08,JBLB,,1426,1395.2,1406,,,7009,9897716.4,164,,
2025-10-08,JFL,,449,426,440,,,8130,3558696.8,107,,
2025-10-08,JOSHI,,305,291,299,,,16495,4877531.2,126,,
2025-10-08,JSLBB,,1190.7,1166.9,1170,,,1192,1394186.1,25,,
2025-10-08,KBL,,190,185,187.3,,,292841,54613071.1,804,,
2025-10-08,KBSH,,1872.9,1800,1835.5,,,639,1158173,28,,
2025-10-08,KDL,,975,939,939,,,2132,2029031.7,50,,
2025-10-08,KKHC,,240,232,233,,,14480,3396284.8,73,,
2025-10-08,KMCDB,,1035,996,1009,,,4014,4048489.5,65,,
2025-10-08,KPCL,,619,558.8,571,,,242182,137775579.9,277,,
2025-10-08,LEC,,205,198,199.5,,,147307,29542713.8,475,,
2025-10-08,LICN,,829,809,815,,,5996,4917494.8,99,,
2025-10-08,LLBS,,965.2,941.1,958,,,1059,1003825.4,22,,
2025-10-08,LSL,,228,219.6,219.6,,,177356,39406013.4,347,,
2025-10-08,MAKAR,,612,571,585,,,3503,2025724,46,,
2025-10-08,MANDU,,841,810.6,832.3,,,2096,1717886.2,50,,
2025-10-08,MATRI,,1015,967,974.9,,,1279,1248013,36,,
2025-10-08,MBJC,,298.2,286,287,,,40957,11816901,281,,
2025-10-08,MBL,,219.9,214,218,,,55779,12026878.2,204,,
2025-10-08,MCHL,,505,485.6,504.9,,,4239,2090479,53,,
2025-10-08,MEHL,,429.9,409.9,414.9,,,9655,4009768.1,125,,
2025-10-08,MEL,,287,276,284,,,13471,3766093.8,171,,
2025-10-08,MEN,,625,609,616,,,67893,41567399.8,291,,
2025-10-08,MERO,,800,765.5,772.3,,,11635,9092760.2,115,,
2025-10-08,MFIL,,641,607.6,615,,,25982,16102084.7,213,,
2025-10-08,MHCL,,411.1,394.7,405.4,,,13109,5263627.2,114,,
2025-10-08,MHL,,485,465,470,,,26914,12725849.2,207,,
2025-10-08,MHNL,,256.9,239.1,243.1,,,11327,2748310.9,93,,
2025-10-08,MKCL,,1510,1475.1,1485,,,4429,6585297.7,105,,
2025-10-08,MKHC,,387,372,379,,,8412,3209123.3,91,,
2025-10-08,MKHL,,740,694,730,,,2757,1968614.4,55,,
2025-10-08,MKJC,,631,590,590,,,78884,47785995,372,,
2025-10-08,MLBBL,,1495,1444,1467,,,880,1290889.8,19,,
2025-10-08,MLBS,,1550,1470.2,1491,,,1043,1560315.2,37,,
2025-10-08,MLBSL,,2148,2072.2,2107.9,,,329,685668.9,17,,
2025-10-08,MMKJL,,650,602,615,,,19137,11811031.1,161,,
2025-10-08,MPFL,,561,510,548.8,,,24595,13085753.2,203,,
2025-10-08,MSHL,,930,894.2,912,,,7171,6431515.6,40,,
2025-10-08,MSLB,,1402,1357,1387,,,5349,7350263.8,52,,
2025-10-08,NABIL,,523,505,514,,,78401,39999289.5,670,,
2025-10-08,NADEP,,785,767,767,,,2562,1975551.2,33,,
2025-10-08,NBL,,249,243,249,,,51462,12654556,254,,
2025-10-08,NESDO,,1524.9,1467.2,1524.9,,,891,1322257,26,,
2025-10-08,NFS,,636,605.9,626,,,22957,14230954.5,237,,
2025-10-08,NGPL,,386.1,368,380,,,333945,125371170,984,,
2025-10-08,NHDL,,676,660.1,676,,,3534,2354041.7,43,,
2025-10-08,NHPC,,200,188.5,194,,,61163,11715744.6,310,,
2025-10-08,NICA,,331.5,318,321,,,81048,26122021.5,455,,
2025-10-08,NICLBSL,,567,554,560,,,5376,3006392.5,97,,
2025-10-08,NIFRA,,269,259,260,,,334577,87863271.5,1022,,
2025-10-08,NIMB,,207.9,200.1,203.9,,,82328,16608653.9,375,,
2025-10-08,NLIC,,770,747.4,758.3,,,35956,27126127.3,287,,
2025-10-08,NLICL,,589,571,578,,,28733,16463946,119,,
2025-10-08,NLO,,244.33,244.33,244.33,,,0,0,0,,
2025-10-08,NMB,,245,236.6,238.1,,,88717,21167333.3,271,,
2025-10-08,NMBMF,,675,657.1,670,,,3220,2153879.5,44,,
2025-10-08,NMFBS,,1253,1211,1221.3,,,5822,7104264.8,72,,
2025-10-08,NMLBBL,,633.9,612,623,,,15952,9881773.1,160,,
2025-10-08,NRIC,,1367.9,1265.1,1307,,,201198,261690897.5,1309,,
2025-10-08,NRM,,427,412.6,419.8,,,43945,18423284.2,304,,
2025-10-08,NRN,,1895,1800,1800,,,102875,188050815.4,619,,
2025-10-08,NTC,,849,833,839,,,13672,11462785.4,187,,
2025-10-08,NUBL,,750,740.2,745,,,9153,6806053.7,74,,
2025-10-08,NWCL,,818.5,790,809.5,,,1512,1209794,42,,
2025-10-08,NYADI,,400,393,400,,,5805,2298582,69,,
2025-10-08,OHL,,705,674.1,680,,,10654,7275764.3,114,,
2025-10-08,OMPL,,1174,1114,1139,,,7720,8726433.3,223,,
2025-10-08,PCBL,,249,236,240,,,106173,25537688.9,274,,
2025-10-08,PFL,,401,379.3,382.1,,,10881,4174024.7,121,,
2025-10-08,PHCL,,391,368,376.2,,,32510,12320654.8,129,,
2025-10-08,PMHPL,,312,300.9,301,,,31540,9563637.6,136,,
2025-10-08,PMLI,,480,460,479,,,13333,6207873.7,152,,
2025-10-08,PPCL,,314,298.9,301.9,,,15852,4838545.6,80,,
2025-10-08,PPL,,302,288.1,294,,,16441,4831549.5,161,,
2025-10-08,PROFL,,476.2,458,460,,,20318,9459114.8,123,,
2025-10-08,PRVU,,208,200.1,203,,,202463,41189493.7,531,,
2025-10-08,PURE,,772,751,766,,,8835,6718142,135,,
2025-10-08,RADHI,,723.1,686.7,690,,,127352,88286430.7,495,,
2025-10-08,RAWA,,747,704,729,,,898,645645.1,37,,
2025-10-08,RFPL,,343,331,331,,,20070,6753252.2,166,,
2025-10-08,RHGCL,,254.5,237.6,239,,,61133,14702174.4,303,,
2025-10-08,RHPL,,282,267.9,270.1,,,55103,14999034,279,,
2025-10-08,RIDI,,231,221,224,,,76751,17241960.8,303,,
2025-10-08,RLFL,,450,417.5,428.5,,,21747,9262105.1,151,,
2025-10-08,RNLI,,452,440.1,448.8,,,29176,12966252.6,329,,
2025-10-08,RSDC,,625,601,614,,,15532,9480989.9,155,,
2025-10-08,RURU,,747,703.2,724.9,,,9919,7090615,92,,
2025-10-08,SAHAS,,637.2,617,620.1,,,150530,93917587.2,709,,
2025-10-08,SANIMA,,325,316,320,,,98435,31398109.3,395,,
2025-10-08,SANVI,,607,585.2,594,,,18071,10704204.4,387,,
2025-10-08,SARBTM,,877,845,845,,,58720,50076560.6,267,,
2025-10-08,SBI,,384,372,379.5,,,17904,6728850.5,110,,
2025-10-08,SBL,,364,348,353,,,141815,49757258.4,333,,
2025-10-08,SCB,,623,610,620,,,19576,12039779.9,179,,
2025-10-08,SGHC,,333,325,325,,,7079,2311114.4,78,,
2025-10-08,SHEL,,290.9,270,279.7,,,248545,69171889.7,744,,
2025-10-08,SHIVM,,594,569,583.9,,,226496,130610207,878,,
2025-10-08,SHL,,518,498,505.7,,,56489,28732677.2,205,,
2025-10-08,SHLB,,1840,1766,1800,,,770,1386681,27,,
2025-10-08,SHPC,,517,495.6,500,,,161809,81152036.6,567,,
2025-10-08,SIFC,,504.9,486,496.9,,,12015,5918984.4,93,,
2025-10-08,SIKLES,,710,676.2,688,,,29087,20039076.7,232,,
2025-10-08,SJCL,,292,284.4,291.9,,,8587,2462134.6,71,,
2025-10-08,SJLIC,,423,410,412,,,26854,11130928.8,230,,
2025-10-08,SKBBL,,908.8,861,870,,,28204,24510125,278,,
2025-10-08,SLBBL,,904,859.5,871.5,,,16924,14737379.9,118,,
2025-10-08,SLBSL,,1452,1370,1395,,,8770,12310636,99,,
2025-10-08,SMATA,,948,875,927,,,20163,18087962.7,283,,
2025-10-08,SMB,,2310.3,2160,2194,,,765,1668264.2,30,,
2025-10-08,SMFBS,,1772,1652,1677,,,1357,2282018.8,41,,
2025-10-08,SMH,,834.8,820,834.8,,,468,387127,20,,
2025-10-08,SMHL,,872,810,820,,,11152,9260437.1,138,,
2025-10-08,SMJC,,534,507,519,,,10598,5498684.8,107,,
2025-10-08,SMPDA,,921,872,890,,,6246,5530816.2,95,,
2025-10-08,SNLI,,454,438,440,,,18963,8325537.3,307,,
2025-10-08,SONA,,434.5,419,421.2,,,42345,17951995.1,431,,
2025-10-08,SPC,,494,465,476.9,,,17195,8110064.6,151,,
2025-10-08,SPDL,,427.9,412.7,420,,,535359,225024780.5,1716,,
2025-10-08,SPHL,,537.1,507,518,,,7355,3807298.7,55,,
2025-10-08,SPL,,915,899,901,,,2168,1977142,20,,
2025-10-08,SRLI,,388,375,377.5,,,22415,8490839,254,,
2025-10-08,SSHL,,177,173,173.8,,,36774,6398895.6,203,,
2025-10-08,STC,,5290,5079,5278,,,1541,8043477.5,48,,
2025-10-08,SWBBL,,815,794,800,,,11350,9104407.3,122,,
2025-10-08,SWMF,,705,676,690.5,,,3510,2390218.7,55,,
2025-10-08,TAMOR,,480,462.7,467.3,,,11422,5382385.7,150,,
2025-10-08,TPC,,326,310.6,316.9,,,57959,18307020.9,273,,
2025-10-08,TRH,,835,813,819,,,3029,2478112.7,65,,
2025-10-08,TSHL,,885,756,880,,,59371,45519373.4,412,,
2025-10-08,TTL,,735.5,714,716,,,18666,13465685.2,634,,
2025-10-08,TVCL,,447.2,425.4,440.9,,,5374,2335304.3,78,,
2025-10-08,UHEWA,,579,546.3,556,,,16405,9157247.4,160,,
2025-10-08,ULBSL,,3497.7,3431,3496,,,826,2843416.6,27,,
2025-10-08,ULHC,,465,439.8,458,,,8448,3782948.7,99,,
2025-10-08,UMHL,,548.8,512.2,522,,,268378,139280129.6,457,,
2025-10-08,UMRH,,580,561.2,564,,,5635,3213975.9,71,,
2025-10-08,UNHPL,,517,497,500,,,483048,244910597.3,1195,,
2025-10-08,UNL,,48999,48150,48150,,,145,7043489,8,,
2025-10-08,UNLB,,2060,2016,2016,,,436,885896.1,24,,
2025-10-08,UPCL,,381,358.4,362,,,233334,85382350.7,699,,
2025-10-08,UPPER,,186.3,180.4,182.3,,,111802,20394044.3,513,,
2025-10-08,USHEC,,476,464,465,,,17627,8269265.3,110,,
2025-10-08,USHL,,728,704,724,,,3444,2457126.1,65,,
2025-10-08,USLB,,1901,1819.1,1831,,,11485,21230820.6,74,,
2025-10-08,VLBS,,803,784,803,,,2066,1644885.2,34,,
2025-10-08,VLUCL,,596,554.2,573.2,,,7951,4527108.8,92,,
2025-10-09,ACLBSL,,1059,1010,1010.3,,,2574,2625380.1,55,,
2025-10-09,ADBL,,324,314,317,,,44571,14183868.3,227,,
2025-10-09,AHL,,669,607.6,667,,,5383,3379129.2,96,,
2025-10-09,AHPC,,297,285,287,,,238019,68948454.1,639,,
2025-10-09,AKJCL,,203,191.1,192.5,,,66829,13061004.2,286,,
2025-10-09,AKPL,,263,248.5,250,,,136206,34556729.4,454,,
2025-10-09,ALBSL,,1040.4,1000,1020,,,17907,18087793.7,122,,
2025-10-09,ALICL,,481,456.6,461.8,,,16419,7567569,107,,
2025-10-09,ANLB,,6448.4,6100,6358,,,949,5857124.3,72,,
2025-10-09,API,,300,281,282.1,,,114738,32943659,485,,
2025-10-09,AVYAN,,994.5,975,975,,,1565,1536562.9,46,,
2025-10-09,BARUN,,335.2,320,325,,,51162,16834712.8,257,,
2025-10-09,BBC,,5180,4810,4810,,,1923,9456636,80,,
2025-10-09,BEDC,,667,579.6,609,,,47500,28797098.1,368,,
2025-10-09,BFC,,485,452,455,,,13321,6186847.7,137,,
2025-10-09,BGWT,,851,800,820,,,7228,5902495.8,102,,
2025-10-09,BHCL,,460,430.1,432,,,26983,11896247.4,735,,
2025-10-09,BHDC,,616,539.1,606,,,132877,75547821.4,405,,
2025-10-09,BHL,,195.7,184.6,186,,,127902,24088865.2,635,,
2025-10-09,BHPL,,748,696,696.2,,,1308,935533,47,,
2025-10-09,BNHC,,480,461.3,465,,,15121,7100009.9,89,,
2025-10-09,BNL,,15400,15400,15400,,,0,0,0,,
2025-10-09,BNT,,11299,10951,11200,,,170,1900872,16,,
2025-10-09,BPCL,,757.5,695,699.9,,,116488,83026179.6,424,,
2025-10-09,CBBL,,1050,995,998,,,25151,25292310,250,,
2025-10-09,CFCL,,526.9,482,483,,,8028,3962067.8,71,,
2025-10-09,CGH,,925,864,864,,,26288,23018144.8,201,,
2025-10-09,CHCL,,518.9,495,495.9,,,35740,17816296.5,209,,
2025-10-09,CHDC,,2297,2175.1,2184.6,,,50723,112387386.9,525,,
2025-10-09,CHL,,264,247.6,250,,,54195,13781149,248,,
2025-10-09,CIT,,1973,1871,1900,,,10982,20824356.8,204,,
2025-10-09,CITY,,590.7,540,540,,,8901,4899897.4,113,,
2025-10-09,CKHL,,643,603,603,,,3535,2172373,50,,
2025-10-09,CLI,,474,448,452,,,25229,11498578.4,284,,
2025-10-09,CREST,,1091,1020,1046,,,14148,14725014.1,267,,
2025-10-09,CYCL,,1669.8,1580,1580,,,4529,7266631.9,82,,
2025-10-09,CZBIL,,213.7,206,207.8,,,53891,11203613.7,202,,
2025-10-09,DDBL,,869,840,842.1,,,11301,9609311,103,,
2025-10-09,DHPL,,310,288,289,,,9676,2841300.8,86,,
2025-10-09,DLBS,,1479,1350,1355,,,1858,2538151.5,59,,
2025-10-09,DOLTI,,551.4,524,530,,,3927,2095071.5,63,,
2025-10-09,DORDI,,245.8,231,233.9,,,80677,18962903.3,275,,
2025-10-09,EBL,,738,716,717,,,195074,140544859.4,1037,,
2025-10-09,EHPL,,525,493,495,,,970,490780,13,,
2025-10-09,ENL,,1021,926.8,960,,,3852,3646453.5,84,,
2025-10-09,FMDBL,,831,790,803,,,46482,37346977.9,197,,
2025-10-09,FOWAD,,1136,1071,1089,,,1229,1325732.3,40,,
2025-10-09,GBIME,,250.1,240.7,242.9,,,98016,23907237.5,355,,
2025-10-09,GBLBS,,759,732,733.1,,,2776,2049669.5,49,,
2025-10-09,GCIL,,470,451,453.8,,,17993,8248424.7,205,,
2025-10-09,GFCL,,637.7,609,612.6,,,12497,7696033.3,100,,
2025-10-09,GHL,,229.3,216,216,,,73762,16248598.1,200,,
2025-10-09,GILB,,1230,1187,1202.9,,,4207,5055935.3,57,,
2025-10-09,GLBSL,,2280,2170.6,2195,,,1469,3233662.2,48,,
2025-10-09,GLH,,275,261.3,265,,,62876,16764552.7,263,,
2025-10-09,GMFBS,,1688,1561,1589.9,,,1141,1799684.6,29,,
2025-10-09,GMFIL,,473,450.8,455,,,9114,4166246.5,65,,
2025-10-09,GMLI,,2068,1915,1977.7,,,2901,5656645.1,100,,
2025-10-09,GUFL,,514.5,489,491.7,,,6617,3298317,74,,
2025-10-09,GVL,,531,499,499,,,50722,25974415.2,259,,
2025-10-09,HATHY,,1050,973.6,978,,,12739,12644875.5,227,,
2025-10-09,HBL,,207.9,198.1,200,,,77343,15520791.7,2147,,
2025-10-09,HDHPC,,190.9,178.5,179.9,,,128047,23492151.4,472,,
2025-10-09,HDL,,1394,1339,1349.8,,,123099,167169134.8,894,,
2025-10-09,HHL,,370,342,342,,,40547,14126148.2,162,,
2025-10-09,HIDCL,,283,265.1,265.1,,,219448,59913545.5,581,,
2025-10-09,HIMSTAR,,663,620.2,630.1,,,16468,10511522.9,983,,
2025-10-09,HLBSL,,982,930,930,,,3341,3150524.7,29,,
2025-10-09,HLI,,401.8,380,382,,,51412,19908074,357,,
2025-10-09,HPPL,,465,435,439,,,43541,19413299.1,180,,
2025-10-09,HRL,,850,805.5,806.5,,,255111,209319192.1,1689,,
2025-10-09,HURJA,,233,219.4,220,,,46142,10283677.1,169,,
2025-10-09,ICFC,,684,637,637,,,8545,5506060.5,83,,
2025-10-09,IHL,,575.7,533,540,,,4805,2603064.9,53,,
2025-10-09,ILBS,,1204.7,1158,1175,,,14571,16996759.9,85,,
2025-10-09,ILI,,458,434,435,,,20724,9121349.2,308,,
2025-10-09,JBLB,,1462,1406,1413,,,6448,9205330.2,167,,
2025-10-09,JFL,,457.6,441,442.3,,,7832,3519242.3,95,,
2025-10-09,JOSHI,,317.1,298,305.9,,,23556,7227939.3,156,,
2025-10-09,JSLBB,,1217.2,1173,1173,,,432,514810,14,,
2025-10-09,KBL,,198.6,186.5,189,,,360402,68492456.4,900,,
2025-10-09,KBSH,,1872.2,1800.3,1802,,,411,748187.8,18,,
2025-10-09,KDL,,1015.4,941.1,941.1,,,4282,4120178.8,58,,
2025-10-09,KKHC,,250,235,235,,,17412,4158084.5,99,,
2025-10-09,KMCDB,,1109.9,1010,1010,,,2228,2317032.2,62,,
2025-10-09,KPCL,,600,561.2,573,,,31830,18312495.5,196,,
2025-10-09,LEC,,215,201.2,202.3,,,129229,26628463.2,418,,
2025-10-09,LICN,,847.9,825.3,825.3,,,11000,9209870.7,89,,
2025-10-09,LLBS,,977.1,950.7,965,,,967,923884.7,19,,
2025-10-09,LSL,,232.7,222,222,,,90909,20473637.7,265,,
2025-10-09,MAKAR,,619,574.2,585,,,3452,2027259,42,,
2025-10-09,MANDU,,882,823,840,,,2049,1704324,38,,
2025-10-09,MATRI,,1018,980,980,,,591,588954.6,28,,
2025-10-09,MBJC,,303.9,287,292.2,,,16106,4691430.9,252,,
2025-10-09,MBL,,230,217,220,,,70317,15536170.4,190,,
2025-10-09,MCHL,,526,495,515.1,,,4330,2185860,61,,
2025-10-09,MEHL,,448,406.7,412,,,10846,4524981.9,119,,
2025-10-09,MEL,,305,283.3,289.9,,,18259,5265563.3,178,,
2025-10-09,MEN,,647,616,619,,,86833,54271012.5,306,,
2025-10-09,MERO,,835,787.7,790,,,15475,12329743.2,127,,
2025-10-09,MFIL,,639,610,619.9,,,18744,11641760,115,,
2025-10-09,MHCL,,445,405,408.9,,,5510,2248918.5,79,,
2025-10-09,MHL,,517,475.1,478.8,,,35134,17050003.9,155,,
2025-10-09,MHNL,,259.7,240,249,,,17546,4337733.9,81,,
2025-10-09,MKCL,,1544,1470,1476,,,7722,11536434.3,119,,
2025-10-09,MKHC,,402,377.1,387.5,,,10787,4182451.5,70,,
2025-10-09,MKHL,,780,734,734,,,2502,1841069,37,,
2025-10-09,MKJC,,635,583,586,,,45199,26973396.3,221,,
2025-10-09,MLBBL,,1526.2,1465,1486.9,,,1116,1664042.3,33,,
2025-10-09,MLBS,,1550,1500,1500,,,485,730052,19,,
2025-10-09,MLBSL,,2192.8,2075,2099,,,710,1505221.5,24,,
2025-10-09,MMKJL,,651.7,610,621.9,,,10346,6477707.1,93,,
2025-10-09,MPFL,,580,542,550,,,30316,16792613,199,,
2025-10-09,MSHL,,931,900,914.9,,,5425,4942944.1,32,,
2025-10-09,MSLB,,1470,1390,1396,,,2452,3443881.8,49,,
2025-10-09,NABIL,,544,514,519.9,,,43284,22572450.2,414,,
2025-10-09,NADEP,,804.9,775.5,780,,,1286,1007513,24,,
2025-10-09,NBL,,261.8,248,250,,,54955,13827315.1,210,,
2025-10-09,NESDO,,1586,1500.2,1568,,,2459,3726656,66,,
2025-10-09,NFS,,660.9,631.5,633,,,19500,12593126.6,191,,
2025-10-09,NGPL,,396,378.5,379.1,,,282577,109260366.4,796,,
2025-10-09,NHDL,,703,666.5,692,,,3859,2646508.9,46,,
2025-10-09,NHPC,,210,197,198,,,60681,12098774,271,,
2025-10-09,NICA,,345,326.1,328,,,35932,11850764,264,,
2025-10-09,NICLBSL,,582,560,562,,,6049,3448812.6,84,,
2025-10-09,NIFRA,,279,265,268.9,,,225870,61098322.2,723,,
2025-10-09,NIMB,,215,204.3,205,,,92368,19056006.5,296,,
2025-10-09,NLIC,,810.9,761,770,,,36299,28032043.8,269,,
2025-10-09,NLICL,,635.8,581,586,,,11040,6504260.1,94,,
2025-10-09,NLO,,244.33,244.33,244.33,,,0,0,0,,
2025-10-09,NMB,,255,239.1,240.9,,,53553,12981883.6,184,,
2025-10-09,NMBMF,,709.9,670,670,,,1697,1155221.3,29,,
2025-10-09,NMFBS,,1269,1225,1240,,,4965,6161356.7,43,,
2025-10-09,NMLBBL,,677,626,635,,,10084,6451658.7,92,,
2025-10-09,NRIC,,1437.2,1280,1300,,,152360,200707961.2,839,,
2025-10-09,NRM,,452.8,420,427.9,,,47255,20481003.4,300,,
2025-10-09,NRN,,1920,1805,1819.8,,,36572,67221664.5,297,,
2025-10-09,NTC,,872.6,839,847.3,,,13686,11633870.5,178,,
2025-10-09,NUBL,,775,750.2,757,,,6831,5156530,55,,
2025-10-09,NWCL,,855,805,815,,,2333,1925817.4,56,,
2025-10-09,NYADI,,416,403,411.9,,,12395,5016512,82,,
2025-10-09,OHL,,721,676.8,695,,,9903,6851802.4,108,,
2025-10-09,OMPL,,1230,1135,1149.9,,,10768,12543796,227,,
2025-10-09,PCBL,,252.9,241,242.9,,,82383,20033028.3,187,,
2025-10-09,PFL,,404.9,382,389,,,11566,4531995.6,115,,
2025-10-09,PHCL,,405.9,380,390,,,12566,4890031.9,153,,
2025-10-09,PMHPL,,319,295.1,300,,,34982,10762722.5,162,,
2025-10-09,PMLI,,497.7,468.2,484,,,12739,6107006.1,155,,
2025-10-09,PPCL,,320.2,304.1,304.1,,,42304,13070755.3,115,,
2025-10-09,PPL,,313.8,290,297.9,,,14375,4357483.4,126,,
2025-10-09,PROFL,,486.8,462,462,,,8524,4016668.4,76,,
2025-10-09,PRVU,,215,203.5,204.8,,,234309,48111453.5,484,,
2025-10-09,PURE,,810,768.1,780,,,6452,5076224.2,154,,
2025-10-09,RADHI,,728.9,690.2,694,,,110975,78064212,432,,
2025-10-09,RAWA,,758.3,720,734.4,,,1301,946403,27,,
2025-10-09,RFPL,,356,335.5,335.5,,,16309,5617893.5,171,,
2025-10-09,RHGCL,,261,241,245,,,44729,11063630.9,256,,
2025-10-09,RHPL,,286.6,275,278,,,32407,9043975.9,227,,
2025-10-09,RIDI,,242,228,229.9,,,89385,20729325.7,279,,
2025-10-09,RLFL,,450,430,438,,,9497,4161676.2,96,,
2025-10-09,RNLI,,474,448.8,453,,,27174,12384870.2,295,,
2025-10-09,RSDC,,651,620,634,,,16595,10456027.4,153,,
2025-10-09,RURU,,753,715,737.4,,,16627,12201027.6,108,,
2025-10-09,SAHAS,,653.9,625.1,626.1,,,111187,70768176.9,518,,
2025-10-09,SANIMA,,338,322.7,326,,,117343,38306979.6,345,,
2025-10-09,SANVI,,642,590,597.8,,,17358,10516549.8,388,,
2025-10-09,SARBTM,,894,855,860.9,,,51095,44083666,193,,
2025-10-09,SBI,,410,381.1,383.7,,,35439,13688277.2,78,,
2025-10-09,SBL,,374,356.3,357.5,,,99655,35942236.4,207,,
2025-10-09,SCB,,647,625.3,625.3,,,30979,19634319.2,200,,
2025-10-09,SGHC,,344.8,325,326.6,,,6219,2061135.5,56,,
2025-10-09,SHEL,,296,280.4,281,,,226614,65135635,571,,
2025-10-09,SHIVM,,615,588,589,,,455712,273462332.4,1384,,
2025-10-09,SHL,,536.5,506,511,,,31500,16268542.7,137,,
2025-10-09,SHLB,,1900,1800,1828,,,260,474947,9,,
2025-10-09,SHPC,,530,500,500,,,129522,66196294.9,421,,
2025-10-09,SIFC,,525,499.8,499.8,,,14009,7144658.1,111,,
2025-10-09,SIKLES,,720,670,670,,,31757,21910745.1,237,,
2025-10-09,SJCL,,301,289.1,290,,,12630,3719938.3,100,,
2025-10-09,SJLIC,,441,414,417,,,39084,16415784.3,190,,
2025-10-09,SKBBL,,910,870.3,885.7,,,29417,26021263.9,220,,
2025-10-09,SLBBL,,906.8,865,878,,,12239,10737073.1,119,,
2025-10-09,SLBSL,,1450,1385.1,1420,,,14132,20089804.8,43,,
2025-10-09,SMATA,,953.7,888,915,,,22353,20265100.5,309,,
2025-10-09,SMB,,2282,2194,2235,,,1970,4380383.4,55,,
2025-10-09,SMFBS,,1744.7,1646,1646,,,1010,1687056.5,28,,
2025-10-09,SMH,,859,818.2,834,,,940,794894,20,,
2025-10-09,SMHL,,868,810.1,817,,,10258,8500553.6,127,,
2025-10-09,SMJC,,539.5,520.1,523,,,17334,9146629.9,124,,
2025-10-09,SMPDA,,960,896.1,902,,,1782,1616273.6,52,,
2025-10-09,SNLI,,458,440,442,,,14140,6328262.9,303,,
2025-10-09,SONA,,444,425,426,,,43491,18794595,414,,
2025-10-09,SPC,,499.9,474,478,,,8077,3905251.3,78,,
2025-10-09,SPDL,,436,416,417,,,253942,107769983.3,797,,
2025-10-09,SPHL,,549,518,524.7,,,3521,1863628.6,37,,
2025-10-09,SPL,,927,883,910,,,1560,1414628,30,,
2025-10-09,SRLI,,400.5,385,385,,,22910,8880318.5,249,,
2025-10-09,SSHL,,191,177,178,,,71177,12865344.7,367,,
2025-10-09,STC,,5382,5213.5,5244,,,1235,6508662,31,,
2025-10-09,SWBBL,,848,793.8,813,,,15363,12499962,112,,
2025-10-09,SWMF,,719,675,700,,,5242,3610323.3,65,,
2025-10-09,TAMOR,,490.9,471,479,,,20869,9970548.9,172,,
2025-10-09,TPC,,335,316.6,317,,,34494,11109955.5,178,,
2025-10-09,TRH,,845,807.1,827,,,6317,5183502,63,,
2025-10-09,TSHL,,862.4,792,800,,,32066,25602855.8,262,,
2025-10-09,TTL,,758,716,725,,,17592,12936631.9,549,,
2025-10-09,TVCL,,467.1,434.7,444.8,,,6820,3006809.4,79,,
2025-10-09,UHEWA,,589.5,557.2,566.8,,,13807,7865127.5,112,,
2025-10-09,ULBSL,,3509.9,3430,3500,,,296,1027430.4,17,,
2025-10-09,ULHC,,480,452.1,470.8,,,11533,5336363.4,120,,
2025-10-09,UMHL,,542.6,514.1,524,,,80280,42051175.1,307,,
2025-10-09,UMRH,,612,569,576.9,,,8154,4739069.5,58,,
2025-10-09,UNHPL,,529.9,502,516,,,528220,271207645.7,1058,,
2025-10-09,UNL,,49113,48500,48500,,,30,1461130,3,,
2025-10-09,UNLB,,2097,1982.3,2000,,,862,1736750.1,35,,
2025-10-09,UPCL,,385,363,363.2,,,164489,61066792.4,567,,
2025-10-09,UPPER,,195.9,184,185,,,119714,22434958.1,489,,
2025-10-09,USHEC,,493,465,469,,,11468,5381379.8,93,,
2025-10-09,USHL,,738.3,717,717,,,2922,2120886.5,32,,
2025-10-09,USLB,,1920,1840,1876.7,,,4336,8101572.6,63,,
2025-10-09,VLBS,,819,795,795,,,3141,2523939,28,,
2025-10-09,VLUCL,,597,552.1,570,,,4929,2882276.1,94,,
2025-10-12,ACLBSL,,1010,977.3,982,,,2334,2308257.3,45,,
2025-10-12,ADBL,,317,307,307.7,,,73570,22745799.3,295,,
2025-10-12,AHL,,654,605,622,,,5356,3315190.6,102,,
2025-10-12,AHPC,,285,276.2,276.4,,,226547,63139063.7,750,,
2025-10-12,AKJCL,,191.5,185,187,,,58952,11040437.3,329,,
2025-10-12,AKPL,,249.5,240.2,243.7,,,151540,36741307.8,471,,
2025-10-12,ALBSL,,1080,938,985,,,20010,19527694.8,206,,
2025-10-12,ALICL,,459,442.5,449.4,,,33450,14923667.8,209,,
2025-10-12,ANLB,,6240,6000,6230,,,1993,12150609,93,,
2025-10-12,API,,282,274.5,278,,,149572,41363253.3,536,,
2025-10-12,AVYAN,,979.2,931,979.2,,,6773,6393389.6,81,,
2025-10-12,BARUN,,328,310,312,,,39644,12505665.3,235,,
2025-10-12,BBC,,4905,4480,4666,,,1433,6796608,84,,
2025-10-12,BEDC,,605,565.1,594,,,15489,9137805.3,161,,
2025-10-12,BFC,,454.9,437,438.2,,,13374,5892814.9,129,,
2025-10-12,BGWT,,833,763.1,788.9,,,5255,4131917.2,98,,
2025-10-12,BHCL,,440.5,407,410,,,34247,14197767.3,763,,
2025-10-12,BHDC,,593.9,545.4,555.9,,,100582,55594748.4,508,,
2025-10-12,BHL,,187,180,182,,,129206,23496441.9,600,,
2025-10-12,BHPL,,697.2,662,663.1,,,1365,927441.7,28,,
2025-10-12,BNHC,,465,431.2,437,,,16700,7333005.9,131,,
2025-10-12,BNL,,15400,15400,15400,,,0,0,0,,
2025-10-12,BNT,,11100,10810,10880,,,190,2080691,18,,
2025-10-12,BPCL,,699.9,630.1,635,,,233100,152734599,706,,
2025-10-12,CBBL,,989,975,978,,,41116,40318747.9,327,,
2025-10-12,CFCL,,478,467.5,468.1,,,9329,4401174.3,74,,
2025-10-12,CGH,,864,810,820,,,44601,37139187.3,379,,
2025-10-12,CHCL,,498,478,482,,,61281,29478360.9,322,,
2025-10-12,CHDC,,2191.9,1990,2000,,,109749,224199927.6,985,,
2025-10-12,CHL,,250,237.1,240.9,,,43488,10478859.6,215,,
2025-10-12,CIT,,1880,1850,1860,,,12373,23060974.3,311,,
2025-10-12,CITY,,550,510,523,,,8552,4491280.7,147,,
2025-10-12,CKHL,,609,561,569,,,4558,2650016,59,,
2025-10-12,CLI,,446,430,437,,,50727,22143206.7,478,,
2025-10-12,CREST,,1065,1000,1065,,,18821,19394617.4,378,,
2025-10-12,CYCL,,1610,1520,1549,,,2517,3895635.2,70,,
2025-10-12,CZBIL,,207.8,202,203.7,,,121914,24725480.4,267,,
2025-10-12,DDBL,,840,815.1,821.9,,,8959,7354442.8,87,,
2025-10-12,DHPL,,289,278.1,282,,,6386,1802620.2,47,,
2025-10-12,DLBS,,1369.9,1305,1325,,,1500,2015982,30,,
2025-10-12,DOLTI,,520.6,490,502,,,9901,4985361.8,130,,
2025-10-12,DORDI,,233.9,222.5,225,,,112499,25369947.8,333,,
2025-10-12,EBL,,672,650,652,,,149895,98216465.7,598,,
2025-10-12,EHPL,,495,469,484,,,4880,2304664.5,55,,
2025-10-12,ENL,,975,866,887.9,,,4971,4387031.5,87,,
2025-10-12,FMDBL,,812,750.2,787,,,48495,37384010.9,288,,
2025-10-12,FOWAD,,1115,1049,1090,,,5600,5976849.2,105,,
2025-10-12,GBIME,,240,234,238.9,,,239768,56546546.9,707,,
2025-10-12,GBLBS,,725,705,707,,,7284,5172483.4,103,,
2025-10-12,GCIL,,453,430.3,443.6,,,29248,12813284.2,288,,
2025-10-12,GFCL,,621,590,597,,,12513,7555453.7,89,,
2025-10-12,GHL,,214,208,210,,,81104,17075712.6,265,,
2025-10-12,GILB,,1187,1160,1186,,,3064,3594518.2,46,,
2025-10-12,GLBSL,,2168,2114,2168,,,671,1436326.4,31,,
2025-10-12,GLH,,260.2,252.5,257,,,62899,16063918.4,294,,
2025-10-12,GMFBS,,1570,1495,1560,,,926,1399583.8,22,,
2025-10-12,GMFIL,,454.8,427.4,430,,,15570,6753508.4,80,,
2025-10-12,GMLI,,1940,1899,1934,,,2103,4017147,86,,
2025-10-12,GUFL,,485,475,483,,,5366,2568392.9,73,,
2025-10-12,GVL,,500,475.1,484.5,,,53750,25937229.9,294,,
2025-10-12,HATHY,,980,920,939.5,,,13271,12471907.4,234,,
2025-10-12,HBL,,199,192.4,198,,,107237,20906659.7,1689,,
2025-10-12,HDHPC,,181,173.5,175.1,,,92329,16233605.9,396,,
2025-10-12,HDL,,1376.7,1300.1,1310,,,131646,173269970.2,1158,,
2025-10-12,HHL,,338,325,328.5,,,19314,6409305.5,162,,
2025-10-12,HIDCL,,265,256.7,258,,,149094,38737838.5,523,,
2025-10-12,HIMSTAR,,625,605,608,,,15730,9566173.6,904,,
2025-10-12,HLBSL,,948,876,929.5,,,7572,6751239.9,68,,
2025-10-12,HLI,,382,367,371,,,71068,26418407.4,403,,
2025-10-12,HPPL,,435,411.1,432,,,65000,27230727.4,213,,
2025-10-12,HRL,,801,768.4,775,,,301357,234630961.5,2368,,
2025-10-12,HURJA,,219,212,213,,,66128,14186183.7,233,,
2025-10-12,ICFC,,639.9,614,614,,,32237,19992330.1,140,,
2025-10-12,IHL,,535,496.6,520.9,,,4985,2539340.1,56,,
2025-10-12,ILBS,,1151.5,1103,1124.9,,,5908,6568707.4,56,,
2025-10-12,ILI,,440,428.3,433,,,11462,4940420.4,266,,
2025-10-12,JBLB,,1400,1375,1377,,,5991,8276191.1,168,,
2025-10-12,JFL,,442.3,429,439,,,8964,3871440.8,109,,
2025-10-12,JOSHI,,304,293.9,298,,,22075,6610034.1,128,,
2025-10-12,JSLBB,,1160,1127,1160,,,2927,3335579.8,56,,
2025-10-12,KBL,,189.1,183,185,,,263293,48705374.3,849,,
2025-10-12,KBSH,,1830,1770.2,1794,,,111,197688,7,,
2025-10-12,KDL,,943.4,900,920,,,2788,2533975.5,78,,
2025-10-12,KKHC,,232.5,226,229,,,12003,2742173.8,68,,
2025-10-12,KMCDB,,1008,955.6,955.6,,,4526,4402441.6,83,,
2025-10-12,KPCL,,573,535,540.2,,,42887,23519989,264,,
2025-10-12,LEC,,200.1,195,196,,,145484,28547983.7,520,,
2025-10-12,LICN,,827,802.3,820,,,15134,12256275,124,,
2025-10-12,LLBS,,948,930,930,,,613,571615.4,12,,
2025-10-12,LSL,,225,215,217,,,91781,19931138.9,278,,
2025-10-12,MAKAR,,574,552.7,563.7,,,7686,4328860.9,60,,
2025-10-12,MANDU,,823.2,785,809.9,,,5563,4431168.6,85,,
2025-10-12,MATRI,,969,950,950,,,1779,1702481.5,49,,
2025-10-12,MBJC,,290,280,285,,,34150,9662734.7,290,,
2025-10-12,MBL,,216,209,211.5,,,93428,19847842.9,232,,
2025-10-12,MCHL,,506,490,506,,,5012,2479129.4,60,,
2025-10-12,MEHL,,410,394,403,,,14218,5681728.8,133,,
2025-10-12,MEL,,284.3,273.3,282,,,14904,4148711.2,156,,
2025-10-12,MEN,,613.1,601,605,,,81130,49284799.3,285,,
2025-10-12,MERO,,777.1,740,756.9,,,15926,12033736.4,141,,
2025-10-12,MFIL,,615,567,575,,,24201,14389658.3,194,,
2025-10-12,MHCL,,405.1,383,390,,,10182,3973690.8,95,,
2025-10-12,MHL,,479.4,455.5,455.5,,,30569,14139861.6,198,,
2025-10-12,MHNL,,248.5,231.4,238.9,,,21972,5220918.4,121,,
2025-10-12,MKCL,,1540,1460,1467,,,21644,32470966.1,407,,
2025-10-12,MKHC,,380,361.5,364,,,8094,2990614.2,72,,
2025-10-12,MKHL,,719.4,663,678,,,4489,3023242.7,62,,
2025-10-12,MKJC,,599.9,548.8,572,,,129097,74515131.4,436,,
2025-10-12,MLBBL,,1465,1402,1458,,,2486,3559450.6,41,,
2025-10-12,MLBS,,1530,1421.2,1450,,,849,1233896.1,33,,
2025-10-12,MLBSL,,2084.1,1980,1980,,,1979,3964984.6,76,,
2025-10-12,MMKJL,,619,572.4,605,,,25471,15245537.9,183,,
2025-10-12,MPFL,,550,516,527,,,19834,10346163.3,156,,
2025-10-12,MSHL,,900,880.3,880.4,,,12667,11292745.2,53,,
2025-10-12,MSLB,,1370,1304.1,1334,,,5913,7855037.5,105,,
2025-10-12,NABIL,,530.2,505,510.5,,,65413,33410328.4,632,,
2025-10-12,NADEP,,777,747.1,777,,,4382,3299625.4,40,,
2025-10-12,NBL,,250,243,244,,,54565,13331345.3,297,,
2025-10-12,NESDO,,1567,1485,1567,,,1187,1786946.1,38,,
2025-10-12,NFS,,624,608,615.1,,,25616,15797280.1,205,,
2025-10-12,NGPL,,376,360,361,,,217446,79689789.7,775,,
2025-10-12,NHDL,,678.2,633,651,,,5992,3874853.5,74,,
2025-10-12,NHPC,,199,190,192,,,71118,13641695.5,275,,
2025-10-12,NICA,,329,318,321,,,61096,19597769.5,351,,
2025-10-12,NICLBSL,,569.1,549.2,556,,,7768,4297477.7,106,,
2025-10-12,NIFRA,,268.9,260,263,,,181081,47520760.6,691,,
2025-10-12,NIMB,,205,198.6,200,,,141632,28399637,481,,
2025-10-12,NLIC,,770,743.1,749,,,56336,42323506.6,394,,
2025-10-12,NLICL,,590,568.1,572.7,,,15910,9117527.4,86,,
2025-10-12,NLO,,244.33,244.33,244.33,,,0,0,0,,
2025-10-12,NMB,,243,234.6,239,,,109136,25851757,233,,
2025-10-12,NMBMF,,659,637,650,,,12533,8121758.8,100,,
2025-10-12,NMFBS,,1230,1205,1206,,,8713,10552598.3,69,,
2025-10-12,NMLBBL,,629.9,610.6,612,,,9965,6186504.5,90,,
2025-10-12,NRIC,,1320,1174,1181.1,,,314825,380747072.6,1737,,
2025-10-12,NRM,,425,410.1,410.1,,,57397,23941047.5,312,,
2025-10-12,NRN,,1820,1683,1729,,,104498,180073559.7,609,,
2025-10-12,NTC,,850,836,841,,,13058,10961756,181,,
2025-10-12,NUBL,,761.8,719.2,719.2,,,9391,6908479.9,92,,
2025-10-12,NWCL,,806.1,775,775,,,2497,1972069.7,53,,
2025-10-12,NYADI,,404,372.5,390,,,30987,11933158.1,165,,
2025-10-12,OHL,,683,657,669,,,11805,7879714.2,112,,
2025-10-12,OMPL,,1149,1098,1101,,,7517,8360812,270,,
2025-10-12,PCBL,,241,232.1,234.9,,,88642,20865566.9,312,,
2025-10-12,PFL,,383.2,365,372,,,22220,8290560.4,192,,
2025-10-12,PHCL,,397,366,367,,,14377,5352801.8,120,,
2025-10-12,PMHPL,,316.8,287,314.7,,,92868,28216966.3,409,,
2025-10-12,PMLI,,475,457,460,,,11515,5344413,151,,
2025-10-12,PPCL,,309,288,292.4,,,15167,4474914.3,94,,
2025-10-12,PPL,,292,285,289,,,15481,4459152.4,111,,
2025-10-12,PROFL,,460,442,445,,,16962,7587181.5,111,,
2025-10-12,PRVU,,204.9,199.2,201,,,204676,41240927.6,546,,
2025-10-12,PURE,,770,750,751.3,,,15030,11374250.3,184,,
2025-10-12,RADHI,,707.8,630,635,,,254238,164886974.8,838,,
2025-10-12,RAWA,,749,701,729,,,435,308618,16,,
2025-10-12,RFPL,,338.9,323,323,,,13857,4556767.6,170,,
2025-10-12,RHGCL,,242.8,233,233,,,34970,8260627.6,228,,
2025-10-12,RHPL,,275,262.4,271,,,50930,13630278.9,288,,
2025-10-12,RIDI,,228,220,222,,,96841,21576162.9,275,,
2025-10-12,RLFL,,442.9,414.1,418,,,20667,8699713.4,108,,
2025-10-12,RNLI,,450,436.2,437,,,31142,13759932.5,352,,
2025-10-12,RSDC,,629,602.4,605,,,7958,4858046.2,114,,
2025-10-12,RURU,,729.3,696,715.8,,,8753,6174392.5,94,,
2025-10-12,SAHAS,,629,610,612,,,147744,90991713.6,630,,
2025-10-12,SANIMA,,332,312.8,314,,,216822,68811019.6,524,,
2025-10-12,SANVI,,590.1,575.1,579,,,16613,9672516.4,343,,
2025-10-12,SARBTM,,854,825,835,,,52517,44017978.7,247,,
2025-10-12,SBI,,380,368,374.9,,,57477,21376232.7,181,,
2025-10-12,SBL,,360,340,344.9,,,127035,44053826.4,281,,
2025-10-12,SCB,,628,609,617,,,40272,24704348.3,239,,
2025-10-12,SGHC,,320.1,303,312,,,13578,4203740.6,116,,
2025-10-12,SHEL,,278,268,268.9,,,221902,60183461.2,672,,
2025-10-12,SHIVM,,595,567,570,,,277150,159133220.3,952,,
2025-10-12,SHL,,505,470.4,478.2,,,132788,64518060.4,357,,
2025-10-12,SHLB,,1827,1761.5,1770,,,552,976883.5,24,,
2025-10-12,SHPC,,497,482,483.5,,,80614,39263447.3,404,,
2025-10-12,SIFC,,505,480.3,482,,,26797,13194211,92,,
2025-10-12,SIKLES,,665,623,626,,,73971,47133356.3,572,,
2025-10-12,SJCL,,286,277,282.4,,,12991,3630957.2,103,,
2025-10-12,SJLIC,,416.8,410,412,,,13987,5757958.3,175,,
2025-10-12,SKBBL,,870,845,855.2,,,32203,27627789.8,283,,
2025-10-12,SLBBL,,868.1,820.2,840,,,24023,20103432,195,,
2025-10-12,SLBSL,,1428,1330,1399.5,,,6748,9170115.9,89,,
2025-10-12,SMATA,,930,824,890.4,,,23892,20708727.1,366,,
2025-10-12,SMB,,2190.3,2130,2159,,,1707,3679467,50,,
2025-10-12,SMFBS,,1669,1560,1575,,,2381,3791340.1,52,,
2025-10-12,SMH,,830,813.4,825,,,610,500054,9,,
2025-10-12,SMHL,,824,760.5,778,,,14478,11312189.8,190,,
2025-10-12,SMJC,,534.9,490,494,,,12316,6159160.5,126,,
2025-10-12,SMPDA,,886,870,875,,,4878,4269507.1,88,,
2025-10-12,SNLI,,442,411.6,412,,,49788,21151237.8,448,,
2025-10-12,SONA,,426.2,412.1,419,,,36392,15181797.6,402,,
2025-10-12,SPC,,475,451,460,,,11107,5100687.3,110,,
2025-10-12,SPDL,,417,385,387,,,261681,103803681.7,965,,
2025-10-12,SPHL,,515,485.1,514,,,7371,3693495.3,82,,
2025-10-12,SPL,,892.3,854,870,,,842,734923.8,17,,
2025-10-12,SRLI,,385,375.2,377,,,21149,8004202.1,288,,
2025-10-12,SSHL,,176,171,173.1,,,38373,6664128.6,236,,
2025-10-12,STC,,5244,5097,5179,,,2050,10532760,69,,
2025-10-12,SWBBL,,800,776.1,776.1,,,12923,10156123.8,128,,
2025-10-12,SWMF,,688,660.1,668,,,5910,3972591.1,53,,
2025-10-12,TAMOR,,472,455.7,455.7,,,25243,11705721.8,153,,
2025-10-12,TPC,,323.3,294,298.5,,,68050,20405875.8,334,,
2025-10-12,TRH,,815,796,801,,,3924,3143860.5,51,,
2025-10-12,TSHL,,793,720,764,,,21720,15893966.7,235,,
2025-10-12,TTL,,725,702,706.1,,,16797,11890660.4,642,,
2025-10-12,TVCL,,436,417,420,,,8736,3709471.3,93,,
2025-10-12,UHEWA,,556,530,548,,,19976,10830036.8,136,,
2025-10-12,ULBSL,,3489,3390,3489,,,754,2565944,25,,
2025-10-12,ULHC,,462,442.2,443,,,6829,3067640.7,99,,
2025-10-12,UMHL,,525.1,495,510.9,,,156412,78901867.8,424,,
2025-10-12,UMRH,,576,536,546,,,23862,13078879.5,94,,
2025-10-12,UNHPL,,523,475,478,,,726673,363340311.8,1541,,
2025-10-12,UNL,,49000,48600,48600,,,50,2443000,5,,
2025-10-12,UNLB,,2029,1924,2009,,,1239,2417317.4,41,,
2025-10-12,UPCL,,366,348,350.2,,,155729,54892645.6,542,,
2025-10-12,UPPER,,186,180.2,181,,,83441,15167893.5,481,,
2025-10-12,USHEC,,459.7,441,441.1,,,21036,9415503.4,149,,
2025-10-12,USHL,,731.3,685.1,712,,,5429,3786929,81,,
2025-10-12,USLB,,1909,1791,1792,,,6144,11168426.7,124,,
2025-10-12,VLBS,,795,755,768.9,,,3865,2969546,76,,
2025-10-12,VLUCL,,576,546.1,546.1,,,13303,7385445.5,123,,
2025-10-13,ACLBSL,,1000,970,1000,,,2112,2057637.5,34,,
2025-10-13,ADBL,,311,306.2,310,,,18227,5619864.7,193,,
2025-10-13,AHL,,670,599,670,,,9202,5721090.4,175,,
2025-10-13,AHPC,,284,274,281,,,200931,55884528.8,580,,
2025-10-13,AKJCL,,194,185,190,,,44632,8426093,212,,
2025-10-13,AKPL,,248.5,235.6,245,,,102825,24984581.6,375,,
2025-10-13,ALBSL,,1000,950,989,,,21565,20866876,157,,
2025-10-13,ALICL,,461,442,460,,,30752,13936614.8,105,,
2025-10-13,ANLB,,6253,6101,6247,,,906,5598423.4,65,,
2025-10-13,API,,280,272.8,280,,,71584,19847014.1,336,,
2025-10-13,AVYAN,,978,941,977,,,2171,2089057.4,38,,
2025-10-13,BARUN,,322,310,317.9,,,26363,8359233,114,,
2025-10-13,BBC,,4986,4582,4810,,,1859,8932794,54,,
2025-10-13,BEDC,,607,570,604,,,15238,8996626.1,159,,
2025-10-13,BFC,,450,434,444.1,,,6513,2877637.3,71,,
2025-10-13,BGWT,,837,760,837,,,2676,2103210,61,,
2025-10-13,BHCL,,423.8,403,420,,,28114,11671207.9,764,,
2025-10-13,BHDC,,565,523.5,565,,,94087,51416851.7,352,,
2025-10-13,BHL,,184.3,178.5,181.9,,,89376,16249119.8,462,,
2025-10-13,BHPL,,688,664,688,,,868,587456.7,33,,
2025-10-13,BNHC,,445.7,430,444.7,,,2306,1013299,36,,
2025-10-13,BNL,,15700,15700,15700,,,10,157000,1,,
2025-10-13,BNT,,11300,10666.1,10700,,,1238,13625985,35,,
2025-10-13,BPCL,,692,623,692,,,111568,73475178.8,421,,
2025-10-13,CBBL,,990,970,986,,,10058,9873068.1,141,,
2025-10-13,CFCL,,475,465,475,,,5934,2787314.6,59,,
2025-10-13,CGH,,854,803,854,,,27248,22690278.3,220,,
2025-10-13,CHCL,,491,480,486,,,22822,11064575.5,157,,
2025-10-13,CHDC,,2179.8,2000,2169,,,100234,209252634.3,840,,
2025-10-13,CHL,,245,236,241.9,,,48263,11519740.3,199,,
2025-10-13,CIT,,1897,1847.9,1850,,,11530,21428417.7,216,,
2025-10-13,CITY,,535,506.1,533.3,,,3601,1875644.1,61,,
2025-10-13,CKHL,,591,561.2,591,,,2666,1544360.4,44,,
2025-10-13,CLI,,451.8,430,451.8,,,30391,13264265.6,359,,
2025-10-13,CREST,,1171.5,1045,1171.5,,,42584,48362451.4,834,,
2025-10-13,CYCL,,1577.9,1518.3,1570,,,1200,1864794.3,47,,
2025-10-13,CZBIL,,207.7,201,204,,,37819,7685864.3,152,,
2025-10-13,DDBL,,831,806,830,,,6551,5346285.6,86,,
2025-10-13,DHPL,,309,278.4,300.9,,,9364,2684011.3,64,,
2025-10-13,DLBS,,1359.3,1281,1359,,,1854,2463159.8,36,,
2025-10-13,DOLTI,,520,497,520,,,5006,2522037,66,,
2025-10-13,DORDI,,228.8,222,226,,,35800,8072037.6,215,,
2025-10-13,EBL,,665,632,642,,,58961,37830211.9,341,,
2025-10-13,EHPL,,483,474,480,,,526,250393,18,,
2025-10-13,ENL,,976,870,976,,,2861,2571296.2,67,,
2025-10-13,FMDBL,,802,772,795,,,52113,41323989.9,150,,
2025-10-13,FOWAD,,1107.9,1051,1095,,,4128,4416690.6,65,,
2025-10-13,GBIME,,240,233.1,239.9,,,161743,38342917.1,467,,
2025-10-13,GBLBS,,719,698,715,,,4001,2830523.5,63,,
2025-10-13,GCIL,,449.9,428.7,445,,,15338,6723344.7,227,,
2025-10-13,GFCL,,608,591,596.1,,,10186,6093035.5,69,,
2025-10-13,GHL,,213,206.8,212,,,40561,8573598.2,174,,
2025-10-13,GILB,,1205,1147.1,1179,,,3031,3518566.1,44,,
2025-10-13,GLBSL,,2125,2086,2120,,,1278,2682342.1,48,,
2025-10-13,GLH,,262.1,249.1,259,,,51122,13015227.5,245,,
2025-10-13,GMFBS,,1556,1500,1534,,,2282,3440683.6,27,,
2025-10-13,GMFIL,,438.4,421.4,430,,,6258,2679801.9,44,,
2025-10-13,GMLI,,2010,1905.1,1997,,,3504,6898345.3,128,,
2025-10-13,GUFL,,490,475.1,487.5,,,5877,2836762.1,65,,
2025-10-13,GVL,,504,470,498,,,23832,11534097.2,190,,
2025-10-13,HATHY,,960,921,957,,,8041,7611928.1,134,,
2025-10-13,HBL,,198,195,197.9,,,44259,8709605.3,1478,,
2025-10-13,HDHPC,,178.5,172,176.9,,,44660,7838161.6,240,,
2025-10-13,HDL,,1340,1300.2,1335,,,63115,83353072.5,567,,
2025-10-13,HHL,,338,325,330.2,,,16689,5525029.5,121,,
2025-10-13,HIDCL,,265,254.2,265,,,188193,49258132.8,449,,
2025-10-13,HIMSTAR,,637,597.1,636,,,11440,6964569,817,,
2025-10-13,HLBSL,,929,887.1,923,,,5243,4698772.2,60,,
2025-10-13,HLI,,385,363,385,,,49283,18403341.9,334,,
2025-10-13,HPPL,,446,412,443.4,,,30330,13086222.8,139,,
2025-10-13,HRL,,827.9,762.1,812,,,235195,187311739.8,1697,,
2025-10-13,HURJA,,219,213,217.5,,,39970,8626149.4,162,,
2025-10-13,ICFC,,626,605,625,,,6822,4209987.2,63,,
2025-10-13,IHL,,548.7,500.8,548.7,,,4888,2529000,70,,
2025-10-13,ILBS,,1141,1103,1133,,,8066,9036788.9,57,,
2025-10-13,ILI,,433.2,420,432,,,19293,8231034.6,314,,
2025-10-13,JBLB,,1399.8,1376.1,1390,,,3028,4193954.1,91,,
2025-10-13,JFL,,444.9,431,440,,,6238,2723818.9,65,,
2025-10-13,JOSHI,,303.9,292.1,301.2,,,10597,3181922.6,73,,
2025-10-13,JSLBB,,1159.5,1135,1154.9,,,517,588304.8,19,,
2025-10-13,KBL,,188.7,180.2,186.5,,,117641,21788203.3,445,,
2025-10-13,KBSH,,1815,1778,1800,,,236,422350,10,,
2025-10-13,KDL,,920,901,920,,,2627,2400738,60,,
2025-10-13,KKHC,,229,223.2,227,,,4319,977690,45,,
2025-10-13,KMCDB,,1004,942,975,,,2604,2508422.7,42,,
2025-10-13,KPCL,,560,533,559.9,,,83287,45822744,169,,
2025-10-13,LEC,,199.6,192.2,199,,,78820,15412470,267,,
2025-10-13,LICN,,836,803,810,,,9129,7379535.5,93,,
2025-10-13,LLBS,,986.8,929,929,,,730,686009.2,16,,
2025-10-13,LSL,,221,213.2,218.2,,,523233,113888754.5,196,,
2025-10-13,MAKAR,,585,544,570,,,4094,2273858.5,51,,
2025-10-13,MANDU,,809,775,809,,,3001,2352517.5,63,,
2025-10-13,MATRI,,969,950,953.5,,,803,766024.6,32,,
2025-10-13,MBJC,,290.7,280,283.6,,,10661,3016634.8,211,,
2025-10-13,MBL,,215.7,208.8,211.4,,,38000,8064754.4,157,,
2025-10-13,MCHL,,509.8,486,508,,,3316,1657082.8,53,,
2025-10-13,MEHL,,412.4,398,412,,,5801,2338345.9,92,,
2025-10-13,MEL,,282,268,282,,,15569,4310847,172,,
2025-10-13,MEN,,614,596,605,,,59744,36095330.5,272,,
2025-10-13,MERO,,772,743,767,,,6274,4767906,57,,
2025-10-13,MFIL,,591,575,587.5,,,11489,6705650,84,,
2025-10-13,MHCL,,400,385,400,,,2962,1161127.7,53,,
2025-10-13,MHL,,466.9,455,461.9,,,27140,12506051.7,104,,
2025-10-13,MHNL,,245.6,232.1,245.6,,,9879,2362402.6,52,,
2025-10-13,MKCL,,1499.9,1455,1493,,,4315,6417853.5,89,,
2025-10-13,MKHC,,381,351.1,379.8,,,4949,1856866.6,54,,
2025-10-13,MKHL,,738.6,665,717,,,1850,1257742,74,,
2025-10-13,MKJC,,580,562,574.9,,,30498,17372382.8,150,,
2025-10-13,MLBBL,,1485,1431,1461,,,1679,2426693.7,19,,
2025-10-13,MLBS,,1450,1400.1,1450,,,1113,1577230,26,,
2025-10-13,MLBSL,,2005,1968,1990,,,921,1827462.5,35,,
2025-10-13,MMKJL,,628,580,628,,,8396,5128583.8,93,,
2025-10-13,MPFL,,530.4,515,524.5,,,12775,6647316.4,105,,
2025-10-13,MSHL,,928,884,920,,,6939,6210227.9,38,,
2025-10-13,MSLB,,1387,1230.6,1299,,,8291,10594702.5,86,,
2025-10-13,NABIL,,520,506,510,,,53374,27268268.7,528,,
2025-10-13,NADEP,,775,733.1,769.8,,,3860,2885303.5,39,,
2025-10-13,NBL,,248.8,239.4,243.5,,,29907,7282908.4,206,,
2025-10-13,NESDO,,1536,1500,1530,,,1147,1741545.8,26,,
2025-10-13,NFS,,627.4,608,626,,,13552,8405298.7,102,,
2025-10-13,NGPL,,373,357,371,,,179215,65369868,579,,
2025-10-13,NHDL,,671.9,642,663,,,3180,2111949,32,,
2025-10-13,NHPC,,195.8,189,195,,,43244,8349741,168,,
2025-10-13,NICA,,327,320,322,,,43486,14002986.3,283,,
2025-10-13,NICLBSL,,560,548.1,555,,,4420,2443753.4,74,,
2025-10-13,NIFRA,,269.9,259,268.5,,,237046,63012927.6,560,,
2025-10-13,NIMB,,204,196.2,201,,,59328,11901846.4,280,,
2025-10-13,NLIC,,763,738,761,,,33282,24858408.4,217,,
2025-10-13,NLICL,,586,555,583,,,29917,17299185.5,103,,
2025-10-13,NLO,,244.33,244.33,244.33,,,0,0,0,,
2025-10-13,NMB,,245,236.3,239.1,,,39824,9517667.5,135,,
2025-10-13,NMBMF,,660,640.1,652,,,1971,1282448.3,22,,
2025-10-13,NMFBS,,1220.9,1187,1216,,,1684,2031520.2,49,,
2025-10-13,NMLBBL,,622.9,612,620.9,,,6145,3795006.2,59,,
2025-10-13,NRIC,,1299.2,1161.5,1299.2,,,212351,264770840.8,1208,,
2025-10-13,NRM,,426.6,407,424,,,23032,9671392.4,208,,
2025-10-13,NRN,,1901.9,1700,1898.8,,,177312,319104732.6,750,,
2025-10-13,NTC,,857,831,844.1,,,7681,6470626.6,129,,
2025-10-13,NUBL,,733.5,705.1,722,,,11137,8016991.3,72,,
2025-10-13,NWCL,,804.5,761,800,,,932,730244,39,,
2025-10-13,NYADI,,390,375.1,386,,,5856,2255672,59,,
2025-10-13,OHL,,681,650,681,,,9608,6402198.5,82,,
2025-10-13,OMPL,,1194.9,1095,1179,,,20366,23216760.6,406,,
2025-10-13,PCBL,,239,228,237.9,,,49008,11516205.3,182,,
2025-10-13,PFL,,383.4,365,380.1,,,4691,1765322.2,66,,
2025-10-13,PHCL,,380.4,360.1,375,,,3555,1313464,90,,
2025-10-13,PMHPL,,342,307.6,335,,,92804,30399313.7,334,,
2025-10-13,PMLI,,467,451,467,,,10806,4988865.3,123,,
2025-10-13,PPCL,,310,288.3,310,,,28979,8541858,115,,
2025-10-13,PPL,,298,283.3,291.1,,,15815,4588526,97,,
2025-10-13,PROFL,,449,439,447.1,,,6362,2836986.2,51,,
2025-10-13,PRVU,,205,196,201.9,,,94040,18796726,381,,
2025-10-13,PURE,,786.8,745.1,775.1,,,5933,4572891.1,173,,
2025-10-13,RADHI,,670,635,670,,,116917,76636984.8,496,,
2025-10-13,RAWA,,734.4,690,721.2,,,620,439646,17,,
2025-10-13,RFPL,,330.3,320.5,326.9,,,11922,3881648.2,127,,
2025-10-13,RHGCL,,236.7,228,236.7,,,39755,9213918.2,216,,
2025-10-13,RHPL,,285,265.6,284,,,22599,6173166.1,183,,
2025-10-13,RIDI,,226.2,217.7,226.2,,,60130,13455509.9,211,,
2025-10-13,RLFL,,429.9,402,422,,,10878,4540929.9,68,,
2025-10-13,RNLI,,447.6,430,447.6,,,22100,9656953.4,359,,
2025-10-13,RSDC,,621,600,610,,,10434,6378515.1,82,,
2025-10-13,RURU,,720,697.1,720,,,22318,15860190.3,90,,
2025-10-13,SAHAS,,627,603.1,619,,,126199,77269070.8,606,,
2025-10-13,SANIMA,,318.2,304.2,318.2,,,83209,25731147,326,,
2025-10-13,SANVI,,590,570,586,,,7085,4126123.4,265,,
2025-10-13,SARBTM,,855,822,854.9,,,23034,19475254.3,150,,
2025-10-13,SBI,,385,374,385,,,27498,10384202.6,87,,
2025-10-13,SBL,,351.7,341,347.5,,,64922,22380672.6,124,,
2025-10-13,SCB,,629.3,610,615.3,,,20047,12350887,171,,
2025-10-13,SGHC,,309.9,302.2,309,,,7636,2337337.7,74,,
2025-10-13,SHEL,,277.8,264.3,274.1,,,105460,28733446.9,351,,
2025-10-13,SHIVM,,589.5,560.1,589.4,,,197675,114111528.9,786,,
2025-10-13,SHL,,501,477,501,,,55736,27363062.7,179,,
2025-10-13,SHLB,,1800,1735.2,1790,,,573,1020208,15,,
2025-10-13,SHPC,,505,476,500,,,106603,52424118.9,360,,
2025-10-13,SIFC,,487,472.4,486,,,7476,3582508.9,63,,
2025-10-13,SIKLES,,653.8,618.3,653.8,,,27729,17568420,231,,
2025-10-13,SJCL,,282.5,277,282,,,3741,1044499,66,,
2025-10-13,SJLIC,,420,405,419.9,,,14257,5910805.8,178,,
2025-10-13,SKBBL,,867,844,865,,,19565,16729139.3,166,,
2025-10-13,SLBBL,,856.8,825,856.8,,,8202,6853515.3,102,,
2025-10-13,SLBSL,,1465,1348,1465,,,11167,15305062.4,91,,
2025-10-13,SMATA,,884,819.3,859,,,54975,46162666.7,641,,
2025-10-13,SMB,,2190,2115.9,2155,,,594,1267671.8,23,,
2025-10-13,SMFBS,,1598,1558.5,1575,,,1369,2159234.3,35,,
2025-10-13,SMH,,841.5,777.3,806,,,542,438108,22,,
2025-10-13,SMHL,,814,776,808,,,8868,7062002.3,127,,
2025-10-13,SMJC,,520.2,494,517,,,15357,7810219,139,,
2025-10-13,SMPDA,,890,852,888,,,4699,4082699.8,90,,
2025-10-13,SNLI,,433.5,413,428.1,,,22281,9463937,375,,
2025-10-13,SONA,,423.1,411.1,422,,,25902,10839869.6,275,,
2025-10-13,SPC,,473,452,465,,,5891,2732976.3,71,,
2025-10-13,SPDL,,399,382,397,,,147353,57839003.4,503,,
2025-10-13,SPHL,,515,495.3,510,,,6637,3342219.2,52,,
2025-10-13,SPL,,900,875,895.1,,,985,876747,24,,
2025-10-13,SRLI,,382,371,380.9,,,19820,7432916.1,264,,
2025-10-13,SSHL,,178.8,170,177.9,,,47904,8414523,237,,
2025-10-13,STC,,5168,5000,5165,,,1354,6922373,58,,
2025-10-13,SWBBL,,805,775,798,,,8923,7066011.9,73,,
2025-10-13,SWMF,,681,665,676,,,3863,2579943.2,56,,
2025-10-13,TAMOR,,472.9,443,466,,,20811,9583913.5,135,,
2025-10-13,TPC,,304.3,290,301,,,30861,9197550,169,,
2025-10-13,TRH,,816.7,799.1,816.7,,,3216,2589430.4,30,,
2025-10-13,TSHL,,748.8,719.3,730,,,6778,4940209,89,,
2025-10-13,TTL,,739,697,735,,,19186,13793719,713,,
2025-10-13,TVCL,,435,410,435,,,6501,2719389.5,72,,
2025-10-13,UHEWA,,550,534,544,,,13105,7084897.4,139,,
2025-10-13,ULBSL,,3550,3420,3501,,,1199,4151476,43,,
2025-10-13,ULHC,,454,440,453,,,6168,2760427,81,,
2025-10-13,UMHL,,517,501,514,,,173887,88804861.8,262,,
2025-10-13,UMRH,,555,536.1,547.9,,,11449,6214292.9,74,,
2025-10-13,UNHPL,,492,468.6,487,,,325888,157391563.9,782,,
2025-10-13,UNL,,48705,48400,48600,,,150,7287050,14,,
2025-10-13,UNLB,,2008,1980,2000,,,298,595690,11,,
2025-10-13,UPCL,,369.9,345,365,,,192572,69296213.2,583,,
2025-10-13,UPPER,,184,177.6,182,,,67720,12206374.8,414,,
2025-10-13,USHEC,,454,440,449,,,11747,5239466.2,84,,
2025-10-13,USHL,,729,704,729,,,1210,867177,46,,
2025-10-13,USLB,,1899.2,1760,1795,,,6654,12237448.2,113,,
2025-10-13,VLBS,,795.6,739.1,768,,,2128,1610054.9,34,,
2025-10-13,VLUCL,,589.5,530,571,,,9237,5139862.7,109,,
2025-10-14,ACLBSL,,1000,980,980.1,,,892,879224.6,29,,
2025-10-14,ADBL,,313.9,307,309,,,26968,8314724.9,137,,
2025-10-14,AHL,,657,609,628.6,,,5532,3429852,105,,
2025-10-14,AHPC,,283.9,276.3,279.8,,,65045,18148964.2,262,,
2025-10-14,AKJCL,,193,187,187.2,,,30342,5721131.1,124,,
2025-10-14,AKPL,,246,240,240.2,,,41998,10131573.1,180,,
2025-10-14,ALBSL,,1025,930.8,949.4,,,6311,5970179.3,109,,
2025-10-14,ALICL,,466,430,452,,,9541,4332866,84,,
2025-10-14,ANLB,,6378,6122.2,6268.9,,,676,4202729.8,38,,
2025-10-14,API,,282,275,275.4,,,54458,15137601.1,235,,
2025-10-14,AVYAN,,975.9,944,963.9,,,985,938279,33,,
2025-10-14,BARUN,,322,313,319.7,,,17864,5622102.5,81,,
2025-10-14,BBC,,5090,4801.1,4889,,,1878,9334521.8,99,,
2025-10-14,BEDC,,597.9,553.8,573,,,52642,29945253.9,256,,
2025-10-14,BFC,,451,436,439.9,,,5483,2420523.5,48,,
2025-10-14,BGWT,,820.3,775.1,806,,,2268,1812543.9,44,,
2025-10-14,BHCL,,420,408.5,409.1,,,14035,5780607.6,552,,
2025-10-14,BHDC,,595,526.3,595,,,124781,68791662.8,395,,
2025-10-14,BHL,,183.9,179.2,179.2,,,59481,10754029,343,,
2025-10-14,BHPL,,688.6,662,662.4,,,1067,712213.9,32,,
2025-10-14,BNHC,,448.9,430.4,438,,,7122,3072901.2,35,,
2025-10-14,BNL,,16014,16014,16014,,,10,160140,1,,
2025-10-14,BNT,,10914,10710.1,10710.1,,,40,434371,4,,
2025-10-14,BPCL,,700,662.2,668,,,89112,60176131.6,361,,
2025-10-14,CBBL,,987.5,980,985,,,14198,13974994.2,124,,
2025-10-14,CFCL,,474,466,472,,,2605,1223101.5,23,,
2025-10-14,CGH,,857,830,838,,,18907,15898407.4,151,,
2025-10-14,CHCL,,494.7,481,483,,,22528,10878711.7,173,,
2025-10-14,CHDC,,2245,2133,2170,,,57892,126822965.7,508,,
2025-10-14,CHL,,246.4,233.4,237,,,18672,4413507.2,153,,
2025-10-14,CIT,,1865,1848,1850,,,8918,16515287.7,169,,
2025-10-14,CITY,,536.5,523.3,530,,,2170,1144153,43,,
2025-10-14,CKHL,,590,565,589.9,,,2160,1239642,54,,
2025-10-14,CLI,,448,435.1,442.1,,,6680,2960308.6,172,,
2025-10-14,CREST,,1287.9,1190,1240.1,,,65708,82468074.1,1237,,
2025-10-14,CYCL,,1581,1550,1553,,,985,1538490.3,43,,
2025-10-14,CZBIL,,204,201.1,203,,,49541,10034659.5,155,,
2025-10-14,DDBL,,829.7,799.1,818,,,10324,8340231.9,109,,
2025-10-14,DHPL,,305.9,274.8,294.8,,,15721,4508261.5,101,,
2025-10-14,DLBS,,1359,1305,1305,,,1242,1640072.5,32,,
2025-10-14,DOLTI,,511.6,500,509.8,,,5340,2687300.5,59,,
2025-10-14,DORDI,,228,219.5,221,,,39505,8768253.7,215,,
2025-10-14,EBL,,649.9,636,639,,,30565,19522076,180,,
2025-10-14,EHPL,,487,462,470,,,4715,2200144.5,48,,
2025-10-14,ENL,,995.5,917,950,,,1925,1837552,39,,
2025-10-14,FMDBL,,807,772.3,779,,,14564,11387723.2,125,,
2025-10-14,FOWAD,,1105,1070,1093.3,,,2177,2348454,32,,
2025-10-14,GBIME,,241.9,234,234,,,236028,55817607,371,,
2025-10-14,GBLBS,,786.5,729.2,786.5,,,39875,30605196.8,644,,
2025-10-14,GCIL,,445,434,437,,,7665,3365805.3,125,,
2025-10-14,GFCL,,599,585,585.5,,,5522,3247705,76,,
2025-10-14,GHL,,213,207.8,208,,,42013,8778907.5,144,,
2025-10-14,GILB,,1182.9,1150.1,1167,,,3207,3718344.7,44,,
2025-10-14,GLBSL,,2090,2052,2070,,,1877,3883110.5,36,,
2025-10-14,GLH,,262.9,253.2,253.5,,,24660,6275436.9,130,,
2025-10-14,GMFBS,,1504,1475,1500,,,1282,1898386.5,20,,
2025-10-14,GMFIL,,438.3,417,417,,,7922,3347147.8,52,,
2025-10-14,GMLI,,2036.9,1975.1,2000,,,4993,9999552.3,147,,
2025-10-14,GUFL,,484.9,478.2,479.1,,,3511,1687592.4,48,,
2025-10-14,GVL,,498,481,488,,,23790,11546685.2,127,,
2025-10-14,HATHY,,970,928,940,,,4479,4208595.3,99,,
2025-10-14,HBL,,198,195.1,196.9,,,38479,7558325.6,1291,,
2025-10-14,HDHPC,,178.5,172.7,173.1,,,46107,8020599.5,219,,
2025-10-14,HDL,,1347,1311.1,1314,,,53937,71513270.7,442,,
2025-10-14,HHL,,334.5,320,326,,,22455,7262711.8,128,,
2025-10-14,HIDCL,,269,257.1,258,,,70606,18342444.1,267,,
2025-10-14,HIMSTAR,,642,607,619,,,9370,5771991.4,443,,
2025-10-14,HLBSL,,923,887.2,900,,,3441,3079083.1,49,,
2025-10-14,HLI,,387,371,375,,,78606,29429510.1,334,,
2025-10-14,HPPL,,439.6,427,430,,,12142,5253042.1,68,,
2025-10-14,HRL,,819.8,798,801,,,199839,160912361,1200,,
2025-10-14,HURJA,,217.5,213,213.5,,,31014,6641400.8,132,,
2025-10-14,ICFC,,624.7,612.6,621,,,7574,4676796.5,48,,
2025-10-14,IHL,,537.8,521,528,,,2877,1518071.5,31,,
2025-10-14,ILBS,,1129,1100,1121,,,6335,6986327.5,57,,
2025-10-14,ILI,,432,425,427,,,9298,3968659.5,208,,
2025-10-14,JBLB,,1392,1380,1381,,,3912,5422119,119,,
2025-10-14,JFL,,445,430,434,,,4448,1926034.5,58,,
2025-10-14,JOSHI,,307,292.1,296,,,10822,3196892.2,61,,
2025-10-14,JSLBB,,1150,1131.9,1150,,,296,336047.5,12,,
2025-10-14,KBL,,187.9,184.1,185,,,95242,17628836.5,336,,
2025-10-14,KBSH,,1783,1764,1764,,,201,357256,13,,
2025-10-14,KDL,,950,900,910,,,2687,2457629.9,59,,
2025-10-14,KKHC,,228,224,225,,,5531,1247808.7,47,,
2025-10-14,KMCDB,,1001.9,965,970.8,,,1716,1692569,56,,
2025-10-14,KPCL,,567.9,546,548.5,,,20696,11367589,100,,
2025-10-14,LEC,,200.1,192.2,193,,,78382,15278595.8,278,,
2025-10-14,LICN,,842,800,810,,,4956,4024326.4,55,,
2025-10-14,LLBS,,928.8,910,928.8,,,1493,1363948.6,24,,
2025-10-14,LSL,,219,217,217.5,,,43147,9391096.4,125,,
2025-10-14,MAKAR,,565,555,555.1,,,1675,934594,34,,
2025-10-14,MANDU,,799,793,795.1,,,733,582865,19,,
2025-10-14,MATRI,,989,954,960,,,401,389546,18,,
2025-10-14,MBJC,,288.5,278.5,278.5,,,17465,4905676.4,205,,
2025-10-14,MBL,,215.6,211,212,,,16344,3464574.2,81,,
2025-10-14,MCHL,,515,485,500,,,5319,2659397,63,,
2025-10-14,MEHL,,411,395.8,406.9,,,8326,3318434,90,,
2025-10-14,MEL,,280,272.6,279.8,,,5397,1488808.9,112,,
2025-10-14,MEN,,615.8,605.3,606.2,,,39213,23847274.2,150,,
2025-10-14,MERO,,777,740,745.1,,,12254,9173680.7,83,,
2025-10-14,MFIL,,615,572.9,579.9,,,17184,10012490.5,130,,
2025-10-14,MHCL,,400.8,385.2,400.8,,,5284,2053356.7,69,,
2025-10-14,MHL,,480,461,462,,,22258,10497208.1,181,,
2025-10-14,MHNL,,242,237.1,240,,,6224,1484614.3,34,,
2025-10-14,MKCL,,1519.8,1468.2,1480,,,4015,5970718.4,105,,
2025-10-14,MKHC,,373,361,369,,,4555,1667948,53,,
2025-10-14,MKHL,,702.8,667.5,668.8,,,668,457162.4,22,,
2025-10-14,MKJC,,584.9,550,560,,,49589,27688917.5,202,,
2025-10-14,MLBBL,,1450,1411,1428,,,2168,3078413.4,51,,
2025-10-14,MLBS,,1478,1428,1478,,,500,717534,20,,
2025-10-14,MLBSL,,1980,1939.3,1944,,,1773,3460498.1,54,,
2025-10-14,MMKJL,,631.9,606,607,,,7374,4542581.2,68,,
2025-10-14,MPFL,,533.9,512.4,519,,,5513,2852569.7,58,,
2025-10-14,MSHL,,928,901.2,901.2,,,6368,5746173.5,32,,
2025-10-14,MSLB,,1310,1265.1,1290,,,1221,1559357.3,46,,
2025-10-14,NABIL,,518.5,510,510,,,31168,15920085.6,306,,
2025-10-14,NADEP,,784.9,734,749,,,1242,924939,23,,
2025-10-14,NBL,,248,240.6,242,,,37195,8996964,206,,
2025-10-14,NESDO,,1530,1472,1527,,,447,681011.9,24,,
2025-10-14,NFS,,629,614,614,,,7685,4761072.9,83,,
2025-10-14,NGPL,,372.4,360,360,,,138587,50438875.2,349,,
2025-10-14,NHDL,,676,645,645.1,,,3333,2168802.1,35,,
2025-10-14,NHPC,,195.1,187,190,,,48728,9231946.8,194,,
2025-10-14,NICA,,324.5,316,316.7,,,36339,11579222.9,262,,
2025-10-14,NICLBSL,,566,551,552,,,2586,1438254,47,,
2025-10-14,NIFRA,,269.8,262.2,263.9,,,123864,32999490,422,,
2025-10-14,NIMB,,203.9,198,198,,,77389,15396082,316,,
2025-10-14,NLIC,,765,748,748,,,24866,18740536.2,204,,
2025-10-14,NLICL,,584.7,573,580,,,12191,7046663.5,43,,
2025-10-14,NLO,,244.33,244.33,244.33,,,0,0,0,,
2025-10-14,NMB,,241.9,238,239,,,40770,9742347.4,128,,
2025-10-14,NMBMF,,648,635.3,648,,,2029,1300958.7,29,,
2025-10-14,NMFBS,,1218,1211,1216,,,1627,1975762.7,20,,
2025-10-14,NMLBBL,,623.8,613,619,,,2575,1590132.6,42,,
2025-10-14,NRIC,,1334,1280.1,1331,,,243537,320783716.6,1141,,
2025-10-14,NRM,,427,410,414.5,,,19806,8240742,163,,
2025-10-14,NRN,,1944,1850,1866.8,,,45764,86058743.1,406,,
2025-10-14,NTC,,858,840,849,,,8580,7265570.7,119,,
2025-10-14,NUBL,,730,716.5,730,,,4065,2927139.3,49,,
2025-10-14,NWCL,,810,779.6,785,,,1458,1143158,31,,
2025-10-14,NYADI,,389.9,378.3,378.4,,,7509,2857856.6,74,,
2025-10-14,OHL,,681,655.1,681,,,2135,1428536.6,46,,
2025-10-14,OMPL,,1215,1158.7,1199,,,16186,19267203.7,354,,
2025-10-14,PCBL,,238,233.6,233.6,,,42759,10071238.6,112,,
2025-10-14,PFL,,384.9,370.2,372.5,,,7507,2816291.5,60,,
2025-10-14,PHCL,,381,347,360,,,14639,5267194,120,,
2025-10-14,PMHPL,,345,320,328.9,,,44661,14904733.7,276,,
2025-10-14,PMLI,,470,455.3,455.5,,,4797,2215021.6,108,,
2025-10-14,PPCL,,315.8,287,308,,,13660,4092401,66,,
2025-10-14,PPL,,296,288,290,,,8049,2342021.2,72,,
2025-10-14,PROFL,,449,440.5,448,,,5857,2600086.5,49,,
2025-10-14,PRVU,,202,197.9,199,,,130313,25899011.9,365,,
2025-10-14,PURE,,789.8,762,782,,,6057,4708910.5,168,,
2025-10-14,RADHI,,677.8,648,660,,,97188,64217536.3,291,,
2025-10-14,RAWA,,734.9,698,711,,,420,297562,18,,
2025-10-14,RFPL,,335,322,324,,,8275,2694904.8,85,,
2025-10-14,RHGCL,,241.4,230.3,233.3,,,12381,2900229.3,97,,
2025-10-14,RHPL,,282.5,269,272,,,19838,5434517.4,153,,
2025-10-14,RIDI,,227.7,220,222,,,41858,9292191.8,148,,
2025-10-14,RLFL,,428,413.6,416,,,7127,2970823.8,67,,
2025-10-14,RNLI,,449.8,442,444,,,17573,7812171.1,231,,
2025-10-14,RSDC,,615,602.7,603,,,9235,5584580.6,65,,
2025-10-14,RURU,,720,707,711.5,,,2218,1572582.7,32,,
2025-10-14,SAHAS,,624,610.1,610.1,,,85049,52284121.3,357,,
2025-10-14,SANIMA,,315,309,311,,,38789,12081509.4,196,,
2025-10-14,SANVI,,595,575,580,,,10612,6182791.6,299,,
2025-10-14,SARBTM,,859,841,841,,,15083,12734868.2,103,,
2025-10-14,SBI,,385,377.7,383.4,,,19256,7343235.2,64,,
2025-10-14,SBL,,360,346.1,346.3,,,32806,11424245.1,110,,
2025-10-14,SCB,,625,612.5,614.2,,,9633,5919738.7,67,,
2025-10-14,SGHC,,310,301,301,,,8660,2629974.5,81,,
2025-10-14,SHEL,,276,270,271.5,,,56144,15259593.8,225,,
2025-10-14,SHIVM,,593,576.1,576.6,,,150427,87852649.7,446,,
2025-10-14,SHL,,500.9,488,493,,,20551,10166782.9,92,,
2025-10-14,SHLB,,1824,1730,1824,,,196,345861,13,,
2025-10-14,SHPC,,515,492,493,,,135337,68035344.9,480,,
2025-10-14,SIFC,,493,478.5,478.5,,,5871,2821381,40,,
2025-10-14,SIKLES,,655,627.2,637.7,,,20155,12833851,152,,
2025-10-14,SJCL,,280.1,270.4,272,,,15404,4226908.7,86,,
2025-10-14,SJLIC,,420,410,414.6,,,22999,9494363.1,190,,
2025-10-14,SKBBL,,868,852.2,855,,,10636,9113822.1,99,,
2025-10-14,SLBBL,,851.6,816.2,816.2,,,11083,9278529.1,92,,
2025-10-14,SLBSL,,1435.7,1349,1354.5,,,17457,24056378.1,97,,
2025-10-14,SMATA,,871,797,823,,,29091,23733418.9,346,,
2025-10-14,SMB,,2155,2100,2144,,,308,653630,20,,
2025-10-14,SMFBS,,1580,1516,1540,,,3318,5085388.9,60,,
2025-10-14,SMH,,845,790,845,,,612,491094,20,,
2025-10-14,SMHL,,828,779.2,800,,,6218,4893638.9,66,,
2025-10-14,SMJC,,511.7,498,507,,,10986,5512341.1,100,,
2025-10-14,SMPDA,,896,860,877.9,,,4569,3966794,50,,
2025-10-14,SNLI,,439.8,425,437,,,21022,9117376.1,316,,
2025-10-14,SONA,,432.4,414.2,414.5,,,31116,13183500.7,271,,
2025-10-14,SPC,,470,456,456,,,5457,2504788.1,66,,
2025-10-14,SPDL,,404,384.2,386.8,,,90428,35289499.1,321,,
2025-10-14,SPHL,,517.9,490,498,,,4302,2125282.6,60,,
2025-10-14,SPL,,984.6,878,984.6,,,572,512873.2,24,,
2025-10-14,SRLI,,388.5,374.5,375.2,,,11972,4510184.9,198,,
2025-10-14,SSHL,,178,173,173,,,24334,4233861.6,119,,
2025-10-14,STC,,5165,5070,5150,,,832,4230140,32,,
2025-10-14,SWBBL,,800,785,789,,,2833,2226139.5,31,,
2025-10-14,SWMF,,666,651,661,,,5513,3624547.1,53,,
2025-10-14,TAMOR,,466,456.7,459,,,10220,4682438.7,100,,
2025-10-14,TPC,,305,290,294.8,,,18427,5464298.7,122,,
2025-10-14,TRH,,828.9,809.1,816,,,1296,1060917,20,,
2025-10-14,TSHL,,757,681.1,700,,,24073,16876417.2,248,,
2025-10-14,TTL,,738.9,712.5,716.2,,,14200,10275974.8,497,,
2025-10-14,TVCL,,435.1,417.8,417.8,,,2031,859384.5,32,,
2025-10-14,UHEWA,,542,527.2,537,,,6276,3344413.4,99,,
2025-10-14,ULBSL,,3629,3422,3629,,,709,2466227,28,,
2025-10-14,ULHC,,452,444,452,,,2767,1232340.1,54,,
2025-10-14,UMHL,,518,504.2,512,,,47010,23861508.4,153,,
2025-10-14,UMRH,,546,537,546,,,13122,7104076.5,43,,
2025-10-14,UNHPL,,496.7,468,469,,,211447,101888061.5,597,,
2025-10-14,UNL,,49200,48021,48021,,,96,4674546,9,,
2025-10-14,UNLB,,2005,1945.3,2003,,,1356,2659154.8,35,,
2025-10-14,UPCL,,371.5,352.8,360,,,121879,43933815.8,421,,
2025-10-14,UPPER,,185,179,179.9,,,44192,7958300.3,295,,
2025-10-14,USHEC,,454,440.3,445,,,12026,5369806.4,54,,
2025-10-14,USHL,,714.5,700,700,,,910,639142,20,,
2025-10-14,USLB,,1881.9,1766.5,1797,,,20213,36596672.2,115,,
2025-10-14,VLBS,,783.3,755,756,,,1643,1249333,31,,
2025-10-14,VLUCL,,582.4,553.3,568,,,8094,4528867.8,86,,
2025-10-15,ACLBSL,,998,978.1,984,,,754,739281.6,19,,
2025-10-15,ADBL,,308.5,306,308,,,24390,7493603.4,114,,
2025-10-15,AHL,,641,606,615,,,4487,2747125.5,82,,
2025-10-15,AHPC,,281.5,273.4,275,,,113658,31256976.9,386,,
2025-10-15,AKJCL,,188.9,184,184.9,,,40467,7501460.8,168,,
2025-10-15,AKPL,,241,237,238,,,45337,10811710.4,192,,
2025-10-15,ALBSL,,962,930.5,955,,,19065,17941391.3,103,,
2025-10-15,ALICL,,453.8,444,448,,,5789,2596558.7,53,,
2025-10-15,ANLB,,6395,6143.7,6250,,,503,3114189.8,48,,
2025-10-15,API,,277,271,272,,,60586,16563105.8,274,,
2025-10-15,AVYAN,,960,940,954.9,,,3520,3332949,41,,
2025-10-15,BARUN,,315,310.4,313,,,8508,2667673.6,81,,
2025-10-15,BBC,,4897,4707,4780,,,594,2853755,43,,
2025-10-15,BEDC,,595,539.5,550,,,14876,8179488.1,151,,
2025-10-15,BFC,,439.9,432,435,,,4178,1817491.8,57,,
2025-10-15,BGWT,,809,773,780,,,3792,2968049.7,63,,
2025-10-15,BHCL,,417.2,403.1,411.7,,,21279,8754046,529,,
2025-10-15,BHDC,,583.1,535.5,535.5,,,104980,56440961.4,418,,
2025-10-15,BHL,,180,175.7,178,,,77118,13681842,379,,
2025-10-15,BHPL,,670.1,662,667,,,1121,745416,14,,
2025-10-15,BNHC,,446.7,420,420,,,5768,2460758.5,77,,
2025-10-15,BNL,,15900,15900,15900,,,10,159000,1,,
2025-10-15,BNT,,10924.3,10701,10701,,,100,1076613,9,,
2025-10-15,BPCL,,689,653,674,,,137298,91544932.7,403,,
2025-10-15,CBBL,,985,976,977,,,14057,13796033.3,108,,
2025-10-15,CFCL,,481.7,463.1,472,,,7807,3700477.2,48,,
2025-10-15,CGH,,854,824,827,,,13864,11462984.6,119,,
2025-10-15,CHCL,,488,480,482.7,,,24904,12036491.6,173,,
2025-10-15,CHDC,,2220,2131,2175,,,39183,85834855.2,506,,
2025-10-15,CHL,,239,230.2,232,,,18612,4346332.1,127,,
2025-10-15,CIT,,1857.5,1825,1828,,,6889,12688618.5,190,,
2025-10-15,CITY,,527.4,512,513.5,,,6046,3130033.5,71,,
2025-10-15,CKHL,,579,568.8,579,,,730,419143,12,,
2025-10-15,CLI,,442,434,440,,,11634,5093393.9,192,,
2025-10-15,CREST,,1289,1218,1285,,,33783,42653951.5,700,,
2025-10-15,CYCL,,1583,1500.1,1510,,,2816,4289679.3,89,,
2025-10-15,CZBIL,,203.7,200,200.1,,,42452,8523032.7,135,,
2025-10-15,DDBL,,818,804,817,,,2420,1955195,42,,
2025-10-15,DHPL,,299.5,279.1,287,,,5269,1517798.2,56,,
2025-10-15,DLBS,,1319,1296,1298,,,508,659056,15,,
2025-10-15,DOLTI,,501.1,492.5,499.8,,,1894,945172.5,23,,
2025-10-15,DORDI,,224.9,217.5,221.9,,,24150,5323438.5,155,,
2025-10-15,EBL,,643.9,634,637,,,32284,20568992.3,173,,
2025-10-15,EHPL,,471,455,471,,,3330,1534998,32,,
2025-10-15,ENL,,960,898.9,914,,,600,547507,23,,
2025-10-15,FMDBL,,789,750.1,769,,,41499,31640178.9,176,,
2025-10-15,FOWAD,,1089,1055,1089,,,1166,1244915,35,,
2025-10-15,GBIME,,237.7,230.3,234,,,268856,62632716.8,395,,
2025-10-15,GBLBS,,831,793,795,,,29502,23853099.7,449,,
2025-10-15,GCIL,,438,425.5,429.9,,,13436,5788037.8,167,,
2025-10-15,GFCL,,590,574,578,,,6094,3529502.5,69,,
2025-10-15,GHL,,211,203,203,,,39766,8176061.3,165,,
2025-10-15,GILB,,1166.9,1145,1165,,,875,1007840.5,17,,
2025-10-15,GLBSL,,2064.8,2000,2028,,,2053,4125179.7,59,,
2025-10-15,GLH,,255.2,248,250.9,,,23721,5944542.5,155,,
2025-10-15,GMFBS,,1479,1440,1479,,,2359,3416710.6,35,,
2025-10-15,GMFIL,,420,412.1,413,,,4345,1816874.3,31,,
2025-10-15,GMLI,,1990,1930.5,1950,,,710,1386871,49,,
2025-10-15,GUFL,,486.5,471.5,471.5,,,5760,2749327.7,55,,
2025-10-15,GVL,,495,476,480,,,23512,11338941,131,,
2025-10-15,HATHY,,940,920.1,924,,,4256,3949258.3,95,,
2025-10-15,HBL,,198.9,194,194,,,44924,8751524.8,1094,,
2025-10-15,HDHPC,,175,170.1,171,,,48385,8316928.1,197,,
2025-10-15,HDL,,1339,1305,1312,,,66160,87254883.4,428,,
2025-10-15,HHL,,325,315,323,,,15220,4852243.7,122,,
2025-10-15,HIDCL,,263,255.4,255.4,,,60991,15798865.8,305,,
2025-10-15,HIMSTAR,,631,601,606.1,,,8176,5003972.6,436,,
2025-10-15,HLBSL,,918,884.1,899,,,718,645071,21,,
2025-10-15,HLI,,375,355,363.9,,,111926,40604543.2,549,,
2025-10-15,HPPL,,430,421.8,423,,,16611,7042436.9,80,,
2025-10-15,HRL,,812,795,797,,,168225,134991106.2,1003,,
2025-10-15,HURJA,,214.9,210.5,210.5,,,25233,5350906.5,99,,
2025-10-15,ICFC,,621,609,615,,,8132,4981520.2,31,,
2025-10-15,IHL,,526,510.3,510.3,,,2968,1533883,36,,
2025-10-15,ILBS,,1140,1100,1124,,,2645,2930290,46,,
2025-10-15,ILI,,428,422,422.3,,,7056,2994742.5,142,,
2025-10-15,JBLB,,1400,1370,1376,,,3296,4558601.8,107,,
2025-10-15,JFL,,432,420,420,,,7241,3087714,65,,
2025-10-15,JOSHI,,301.9,290.5,292.5,,,7074,2084046.2,56,,
2025-10-15,JSLBB,,1148.5,1105,1148,,,979,1108060,13,,
2025-10-15,KBL,,186,181.3,181.6,,,107631,19681908,422,,
2025-10-15,KBSH,,1780,1700,1720,,,616,1059874,24,,
2025-10-15,KDL,,918.9,895,918.9,,,1892,1720297.2,55,,
2025-10-15,KKHC,,229.5,222.2,227,,,4755,1082733,34,,
2025-10-15,KMCDB,,1004,956,960.4,,,3866,3791099.7,63,,
2025-10-15,KPCL,,557.7,536,536,,,14871,8015914.6,133,,
2025-10-15,LEC,,198,190,190,,,66739,12820746,259,,
2025-10-15,LICN,,810,793.8,801,,,6529,5225743.7,86,,
2025-10-15,LLBS,,920,910.3,910.3,,,285,260804,8,,
2025-10-15,LSL,,219,214,216.8,,,47441,10208267.2,126,,
2025-10-15,MAKAR,,558,544,550,,,3105,1700718.5,44,,
2025-10-15,MANDU,,807,790.9,797,,,540,429122,18,,
2025-10-15,MATRI,,1018.5,976.9,990,,,782,774698.4,34,,
2025-10-15,MBJC,,284,275,277.8,,,12026,3319767.4,141,,
2025-10-15,MBL,,215.9,208.2,209.9,,,45832,9611221,123,,
2025-10-15,MCHL,,510,481.4,482,,,1880,916563,28,,
2025-10-15,MEHL,,407,375,383,,,12075,4691717.2,131,,
2025-10-15,MEL,,275.6,270,275.6,,,12759,3465504.3,105,,
2025-10-15,MEN,,607,595,606,,,55143,33144541,199,,
2025-10-15,MERO,,774,719.3,745,,,21451,15742099.9,147,,
2025-10-15,MFIL,,588,570,576,,,11157,6404385.7,93,,
2025-10-15,MHCL,,400.6,377.4,388,,,3752,1453104.4,41,,
2025-10-15,MHL,,475,460,463,,,11182,5208309.8,94,,
2025-10-15,MHNL,,241,232,241,,,12216,2882069.6,71,,
2025-10-15,MKCL,,1506,1451.3,1460,,,9080,13296482.2,110,,
2025-10-15,MKHC,,365,351.3,351.3,,,5214,1852491.6,63,,
2025-10-15,MKHL,,695.6,657.2,659,,,160,106045,16,,
2025-10-15,MKJC,,567.8,531,559,,,69712,38140533.8,257,,
2025-10-15,MLBBL,,1425,1395.3,1425,,,992,1396554.8,26,,
2025-10-15,MLBS,,1505,1421,1505,,,214,311059,15,,
2025-10-15,MLBSL,,1978.9,1919,1976.9,,,837,1627364.4,34,,
2025-10-15,MMKJL,,627.3,595.1,596,,,10523,6402410.5,84,,
2025-10-15,MPFL,,522,507,509,,,6401,3269252.5,70,,
2025-10-15,MSHL,,917.9,901,901,,,4329,3901350.7,26,,
2025-10-15,MSLB,,1294,1254.2,1278,,,2786,3527843.2,38,,
2025-10-15,NABIL,,518,507,508.7,,,38107,19392773.3,377,,
2025-10-15,NADEP,,759,722.1,722.1,,,3060,2240422.5,41,,
2025-10-15,NBL,,243,240,241,,,24284,5846727.5,141,,
2025-10-15,NESDO,,1500,1461,1465,,,1512,2226547.9,33,,
2025-10-15,NFS,,619,605.2,608,,,10755,6556602.4,121,,
2025-10-15,NGPL,,367,355.1,363,,,135406,48516907.1,368,,
2025-10-15,NHDL,,657.9,635.2,640,,,4409,2812667.6,38,,
2025-10-15,NHPC,,193.8,182.5,184.9,,,56312,10414586.6,232,,
2025-10-15,NICA,,319,315,317,,,28907,9155075.2,205,,
2025-10-15,NICLBSL,,552,537,537.2,,,10486,5690842.1,111,,
2025-10-15,NIFRA,,267,261,263.1,,,109355,28903457.4,359,,
2025-10-15,NIMB,,201.9,197,197.2,,,40769,8074435,212,,
2025-10-15,NLIC,,755,742.3,748.1,,,24916,18699257.7,182,,
2025-10-15,NLICL,,582,575,580,,,10036,5806090.7,48,,
2025-10-15,NLO,,244.33,244.33,244.33,,,0,0,0,,
2025-10-15,NMB,,241.7,236,237.9,,,58863,13967435.3,134,,
2025-10-15,NMBMF,,640,630,630.2,,,2278,1447669,32,,
2025-10-15,NMFBS,,1217,1202,1216,,,1293,1564044.9,18,,
2025-10-15,NMLBBL,,621.9,605,605,,,5817,3556387.2,72,,
2025-10-15,NRIC,,1350,1290,1305,,,155553,205404367.9,803,,
2025-10-15,NRM,,414.8,402,405,,,36166,14742047,204,,
2025-10-15,NRN,,1864,1800,1846,,,38978,71479303.4,293,,
2025-10-15,NTC,,855,842.1,844,,,20636,17477878.7,175,,
2025-10-15,NUBL,,744,715.5,722.2,,,1868,1358488.8,25,,
2025-10-15,NWCL,,796,759.5,760,,,900,696382.9,37,,
2025-10-15,NYADI,,382.5,362.6,369.6,,,8700,3247091.9,87,,
2025-10-15,OHL,,682.9,667.4,675,,,4941,3345274.8,57,,
2025-10-15,OMPL,,1236.4,1166.3,1187,,,6322,7561975.5,199,,
2025-10-15,PCBL,,235,231,232,,,41327,9614133.4,122,,
2025-10-15,PFL,,373.9,367,369,,,3966,1464570,54,,
2025-10-15,PHCL,,381.4,340.1,354,,,14936,5228171.6,91,,
2025-10-15,PMHPL,,325,309,310,,,70079,22106537.5,305,,
2025-10-15,PMLI,,464.9,448,458.9,,,13789,6275721,115,,
2025-10-15,PPCL,,312,295,301,,,13620,4077218.6,68,,
2025-10-15,PPL,,291.7,284.1,287,,,13525,3871659.2,69,,
2025-10-15,PROFL,,449.8,439.1,443,,,4328,1913275.4,36,,
2025-10-15,PRVU,,200,196.5,197.5,,,54580,10797762,235,,
2025-10-15,PURE,,780,760.2,761.5,,,3564,2743324.4,88,,
2025-10-15,RADHI,,657,640,642,,,115399,74770521.7,304,,
2025-10-15,RAWA,,715,697,715,,,164,115376,11,,
2025-10-15,RFPL,,326,314,315,,,8201,2618614.9,122,,
2025-10-15,RHGCL,,237.9,226.1,232,,,13811,3164859.8,105,,
2025-10-15,RHPL,,294,263,263.3,,,85915,23105982.4,268,,
2025-10-15,RIDI,,223,219,220.1,,,31938,7033320.3,105,,
2025-10-15,RLFL,,424.2,408,415.8,,,6625,2761500.7,61,,
2025-10-15,RNLI,,445,436,441,,,13728,6037786,185,,
2025-10-15,RSDC,,627,598,598,,,8302,4998536,79,,
2025-10-15,RURU,,711.9,685,700,,,6673,4642903.7,74,,
2025-10-15,SAHAS,,612,605.1,610,,,66140,40246828.7,335,,
2025-10-15,SANIMA,,317.2,305,305,,,39821,12217926.8,172,,
2025-10-15,SANVI,,590,560.1,574,,,6141,3490240.5,202,,
2025-10-15,SARBTM,,842,830,830,,,19838,16515496,110,,
2025-10-15,SBI,,381.9,376,378,,,15360,5796290.8,66,,
2025-10-15,SBL,,352,342.1,346.6,,,33852,11767856.1,95,,
2025-10-15,SCB,,625.8,610.1,615,,,15650,9649328,102,,
2025-10-15,SGHC,,306,298.1,301,,,6604,1987711.7,48,,
2025-10-15,SHEL,,273,268,269.5,,,54546,14717174.2,210,,
2025-10-15,SHIVM,,582,565.2,570.9,,,101236,58009548.2,364,,
2025-10-15,SHL,,498,486,488.5,,,30371,14933290.5,93,,
2025-10-15,SHLB,,1794.9,1760.1,1794.9,,,325,580904,10,,
2025-10-15,SHPC,,497.9,485.2,490,,,38575,18957524.3,179,,
2025-10-15,SIFC,,487,470.1,472.6,,,7046,3347901,48,,
2025-10-15,SIKLES,,644,620.1,628.9,,,17996,11307965.4,151,,
2025-10-15,SJCL,,275,267,275,,,2510,678129,45,,
2025-10-15,SJLIC,,414,407.1,409,,,25120,10309704.7,129,,
2025-10-15,SKBBL,,872.1,841.3,847,,,7586,6444007.3,125,,
2025-10-15,SLBBL,,832.1,799.9,816,,,5933,4863333.8,72,,
2025-10-15,SLBSL,,1380,1310,1361.8,,,3823,5067346,47,,
2025-10-15,SMATA,,887,775.5,880,,,42282,33959092.3,471,,
2025-10-15,SMB,,2119.7,2060,2118.8,,,1070,2225963,43,,
2025-10-15,SMFBS,,1540,1518,1518,,,442,674575,15,,
2025-10-15,SMH,,845,845,845,,,0,0,0,,
2025-10-15,SMHL,,790,775,784.9,,,4532,3535486.1,65,,
2025-10-15,SMJC,,546,490,490,,,31022,15742845.6,162,,
2025-10-15,SMPDA,,870,851,865,,,2736,2352895,61,,
2025-10-15,SNLI,,437.5,429,432,,,13654,5894525.4,193,,
2025-10-15,SONA,,418,410,410,,,30035,12400136.8,227,,
2025-10-15,SPC,,467.9,447.1,458,,,5615,2586974.8,60,,
2025-10-15,SPDL,,394.5,377,377,,,115271,43914489,404,,
2025-10-15,SPHL,,504.9,488.5,489.1,,,3050,1503909,34,,
2025-10-15,SPL,,965,907,938,,,330,307315,18,,
2025-10-15,SRLI,,375,368,370,,,21105,7817729.2,219,,
2025-10-15,SSHL,,175.7,166,167.6,,,100833,17044498.8,275,,
2025-10-15,STC,,5190,5077,5126,,,470,2407130,19,,
2025-10-15,SWBBL,,800,762,789.9,,,6431,5030622.3,58,,
2025-10-15,SWMF,,660,648,659.9,,,2173,1417368.6,40,,
2025-10-15,TAMOR,,464,452.1,459.9,,,6933,3164834.2,69,,
2025-10-15,TPC,,293,284,290,,,30287,8713453.5,167,,
2025-10-15,TRH,,816,800.1,814.8,,,2174,1745479,29,,
2025-10-15,TSHL,,696.9,672.7,681.9,,,3608,2459432.9,90,,
2025-10-15,TTL,,719.9,701,701,,,15631,11091864.7,449,,
2025-10-15,TVCL,,420,405.1,417,,,3174,1301490.6,46,,
2025-10-15,UHEWA,,540,527.3,538.5,,,10340,5506939.5,55,,
2025-10-15,ULBSL,,3556.5,3456,3546,,,357,1245122.3,16,,
2025-10-15,ULHC,,450,428.3,444.2,,,9775,4255772.5,93,,
2025-10-15,UMHL,,509.9,500,509,,,54812,27637272.7,136,,
2025-10-15,UMRH,,545,536,539,,,4062,2184516.6,31,,
2025-10-15,UNHPL,,483,466.6,473,,,273322,129861937.9,632,,
2025-10-15,UNL,,48800,48200,48800,,,30,1455000,3,,
2025-10-15,UNLB,,1979.8,1941,1965,,,242,475078,15,,
2025-10-15,UPCL,,360,348.3,351,,,98063,34518442.3,320,,
2025-10-15,UPPER,,181,178,178,,,54726,9784408.2,352,,
2025-10-15,USHEC,,456,438,438,,,10563,4667634.7,78,,
2025-10-15,USHL,,711.8,695.1,708,,,2382,1667716.8,26,,
2025-10-15,USLB,,1828,1775.1,1777.1,,,3197,5777386.2,49,,
2025-10-15,VLBS,,771,745,765,,,1077,810709,28,,
2025-10-15,VLUCL,,578,516,561,,,14942,8322663.1,82,,
2025-10-16,ACLBSL,,986,968.1,970,,,912,885901.2,19,,
2025-10-16,ADBL,,312,305.5,308.9,,,18464,5661314.4,123,,
2025-10-16,AHL,,635,591,615,,,6431,3879909.6,104,,
2025-10-16,AHPC,,278.5,270,270.2,,,115412,31296099,376,,
2025-10-16,AKJCL,,186.9,183,183.4,,,48520,8947280.5,136,,
2025-10-16,AKPL,,240,234,235,,,59712,14086616.5,271,,
2025-10-16,ALBSL,,970,935.9,956,,,16259,15369757,83,,
2025-10-16,ALICL,,452,444.2,448,,,7845,3501760.5,58,,
2025-10-16,ANLB,,6248.6,6003.6,6100.1,,,1396,8513720.6,72,,
2025-10-16,API,,275,269,270.2,,,60777,16477477.4,297,,
2025-10-16,AVYAN,,941,921.2,924,,,2718,2536402.6,42,,
2025-10-16,BARUN,,320,306,306,,,19122,5894734.3,147,,
2025-10-16,BBC,,4872,4700,4765,,,551,2620929,39,,
2025-10-16,BEDC,,561,514,527,,,22448,11833979.9,143,,
2025-10-16,BFC,,443,430,430.1,,,9685,4179921.1,79,,
2025-10-16,BGWT,,794,764.4,779,,,570,440180.4,17,,
2025-10-16,BHCL,,411,397.1,400,,,22993,9256608,415,,
2025-10-16,BHDC,,546,514.4,546,,,84355,44230462.3,246,,
2025-10-16,BHL,,180,175.5,175.5,,,55863,9860537,361,,
2025-10-16,BHPL,,680.3,656.7,656.7,,,1007,675113,25,,
2025-10-16,BNHC,,429,395.1,403,,,15761,6339744.4,151,,
2025-10-16,BNL,,15900,15900,15900,,,0,0,0,,
2025-10-16,BNT,,10908,10700,10908,,,80,861470,7,,
2025-10-16,BPCL,,687.4,656,660,,,98102,65492640.5,301,,
2025-10-16,CBBL,,977,952,960,,,27353,26365430.3,217,,
2025-10-16,CFCL,,479,463,463,,,6822,3171076.5,38,,
2025-10-16,CGH,,830,805,823.8,,,20696,16806981.4,164,,
2025-10-16,CHCL,,489,475.3,484,,,29239,14025079.1,191,,
2025-10-16,CHDC,,2262,2121.7,2130,,,41251,89400532.2,386,,
2025-10-16,CHL,,236.5,225,227.9,,,26363,5998570.2,179,,
2025-10-16,CIT,,1858,1820,1828,,,11281,20626126.4,168,,
2025-10-16,CITY,,520,509,518,,,5762,2956045.7,62,,
2025-10-16,CKHL,,578,561.2,572,,,770,436375,21,,
2025-10-16,CLI,,443,435,435.2,,,9782,4263979.3,143,,
2025-10-16,CREST,,1299,1205.5,1231.1,,,25135,31190642.7,533,,
2025-10-16,CYCL,,1550,1505.1,1506.5,,,1212,1834993.9,39,,
2025-10-16,CZBIL,,202.1,200.1,202,,,28700,5779925.8,106,,
2025-10-16,DDBL,,818,804,806,,,4831,3898922.9,57,,
2025-10-16,DHPL,,297.8,276,285,,,7509,2102651.3,65,,
2025-10-16,DLBS,,1286,1247.6,1247.6,,,1922,2421010.9,50,,
2025-10-16,DOLTI,,500,490,498,,,2871,1416242.5,33,,
2025-10-16,DORDI,,225,217.8,218.1,,,31176,6830212.2,150,,
2025-10-16,EBL,,642,630,640.1,,,49689,31556507.2,216,,
2025-10-16,EHPL,,479,455,457,,,1722,791524.4,19,,
2025-10-16,ENL,,950,885,894.8,,,1535,1407258,33,,
2025-10-16,FMDBL,,784,744,765,,,21646,16313330.9,148,,
2025-10-16,FOWAD,,1103,1067,1080,,,2805,3060385.2,36,,
2025-10-16,GBIME,,237.5,232.5,236,,,212927,49929473.3,381,,
2025-10-16,GBLBS,,808,770,780,,,14510,11390016.5,189,,
2025-10-16,GCIL,,438,419.5,419.5,,,14899,6311351.4,169,,
2025-10-16,GFCL,,589.5,560,561,,,12064,6820787.4,115,,
2025-10-16,GHL,,206.9,200,200.9,,,45708,9232445,211,,
2025-10-16,GILB,,1155,1142,1144,,,1151,1318889.3,28,,
2025-10-16,GLBSL,,2009.6,1965,1966,,,1923,3808948.1,55,,
2025-10-16,GLH,,251,243.1,244,,,32558,8026142.4,185,,
2025-10-16,GMFBS,,1454.5,1395,1454.5,,,1887,2680294.6,38,,
2025-10-16,GMFIL,,421.2,393.1,418,,,13874,5693197.5,54,,
2025-10-16,GMLI,,1940,1900,1934.3,,,1759,3373732,63,,
2025-10-16,GUFL,,480,468,474,,,2814,1330005.2,45,,
2025-10-16,GVL,,488.4,472.1,472.1,,,18776,8998356.8,125,,
2025-10-16,HATHY,,940,908,920,,,5901,5386233.6,107,,
2025-10-16,HBL,,196,192.1,194.8,,,34884,6783154.9,967,,
2025-10-16,HDHPC,,173,168.1,169.9,,,48285,8192999.3,210,,
2025-10-16,HDL,,1338,1310,1310,,,71639,94253662.6,502,,
2025-10-16,HHL,,323,313.3,315,,,12499,3954891,113,,
2025-10-16,HIDCL,,259,250.5,251.5,,,126265,31856095.3,323,,
2025-10-16,HIMSTAR,,606,594.1,602,,,11442,6864987.5,329,,
2025-10-16,HLBSL,,905,864,869,,,2324,2034690.1,36,,
2025-10-16,HLI,,370,355,355.1,,,44972,16129240.7,302,,
2025-10-16,HPPL,,465,416.5,465,,,39564,16754427.2,104,,
2025-10-16,HRL,,812.9,771,775,,,123658,96445773.4,1103,,
2025-10-16,HURJA,,211.5,205,206,,,74855,15532605.3,229,,
2025-10-16,ICFC,,615,605,606,,,9717,5906972,48,,
2025-10-16,IHL,,515,502.9,515,,,4944,2507283,52,,
2025-10-16,ILBS,,1167.7,1101.6,1167.7,,,7003,7836301.7,55,,
2025-10-16,ILI,,427,420.1,425,,,6056,2557309.3,165,,
2025-10-16,JBLB,,1379,1351,1366,,,4347,5956821.8,89,,
2025-10-16,JFL,,428.4,416,420,,,5085,2129968.8,65,,
2025-10-16,JOSHI,,298,285,285,,,8056,2317986.4,83,,
2025-10-16,JSLBB,,1146.9,1124,1124,,,364,410318.6,9,,
2025-10-16,KBL,,183,180.2,181.4,,,109025,19797804.3,357,,
2025-10-16,KBSH,,1749,1749,1749,,,10,17490,1,,
2025-10-16,KDL,,917.6,884.2,901.9,,,1672,1489179.5,43,,
2025-10-16,KKHC,,227.2,216.7,221,,,6160,1362071,78,,
2025-10-16,KMCDB,,1015,942,1015,,,4287,4119537.5,52,,
2025-10-16,KPCL,,555,530,537.8,,,22875,12209050.1,93,,
2025-10-16,LEC,,196.6,186,192,,,111734,21120470.3,308,,
2025-10-16,LICN,,814,786,795,,,7038,5582405,122,,
2025-10-16,LLBS,,905,875,875,,,1186,1058486,18,,
2025-10-16,LSL,,219,215.3,217,,,37330,8097284,126,,
2025-10-16,MAKAR,,595.2,520,540,,,2004,1076344,36,,
2025-10-16,MANDU,,792,768.1,785,,,1103,858808,29,,
2025-10-16,MATRI,,1003,975,975,,,865,849008.3,25,,
2025-10-16,MBJC,,279,270,270.3,,,12261,3337478.4,159,,
2025-10-16,MBL,,213,208,209.4,,,34843,7299830.1,144,,
2025-10-16,MCHL,,491.8,475,485,,,3360,1625832.6,54,,
2025-10-16,MEHL,,389.9,372.4,382.9,,,5834,2210237.1,97,,
2025-10-16,MEL,,280,262,269,,,15813,4236212.8,138,,
2025-10-16,MEN,,603,596,598.3,,,32749,19604663.2,144,,
2025-10-16,MERO,,759,704,730,,,8286,5962379.5,89,,
2025-10-16,MFIL,,577,560,567,,,14776,8346972.5,124,,
2025-10-16,MHCL,,394,374.6,379,,,4333,1637805,77,,
2025-10-16,MHL,,466,452,452.1,,,8021,3680820.7,86,,
2025-10-16,MHNL,,239.9,232.3,239,,,7519,1760124.8,49,,
2025-10-16,MKCL,,1480,1450,1456,,,7965,11625212.5,110,,
2025-10-16,MKHC,,372.7,334.2,344,,,4356,1480161.4,83,,
2025-10-16,MKHL,,683.4,656.1,674,,,1216,820357.4,42,,
2025-10-16,MKJC,,560,530.1,550,,,63042,34510992.9,127,,
2025-10-16,MLBBL,,1415,1380,1399,,,2560,3565965.3,48,,
2025-10-16,MLBS,,1474.9,1445.5,1474,,,40,58684,3,,
2025-10-16,MLBSL,,1978,1911.1,1930,,,1057,2058656.5,35,,
2025-10-16,MMKJL,,614.9,585.1,594,,,9124,5471538.9,88,,
2025-10-16,MPFL,,508,499,505,,,9855,4950845.1,75,,
2025-10-16,MSHL,,909,900,909,,,5403,4872575,24,,
2025-10-16,MSLB,,1290,1235.1,1273.9,,,3944,4932015.3,43,,
2025-10-16,NABIL,,517.9,506,509,,,37341,18987148.5,354,,
2025-10-16,NADEP,,736,696,710,,,2505,1781039,25,,
2025-10-16,NBL,,245.7,240,241,,,27154,6531488.9,161,,
2025-10-16,NESDO,,1464.4,1380.1,1439,,,792,1133585.2,35,,
2025-10-16,NFS,,614.9,606,609,,,12968,7877526.1,121,,
2025-10-16,NGPL,,370.2,350,350,,,153146,54309336.9,398,,
2025-10-16,NHDL,,652.8,636.3,636.3,,,2147,1373058.9,29,,
2025-10-16,NHPC,,188,180.4,185,,,42597,7820854,208,,
2025-10-16,NICA,,319,314,314.1,,,33027,10410928.7,208,,
2025-10-16,NICLBSL,,544.5,536,537,,,5346,2879183,58,,
2025-10-16,NIFRA,,266,260.7,264.4,,,199625,52523622.3,383,,
2025-10-16,NIMB,,198,196,197.5,,,59423,11717193.8,237,,
2025-10-16,NLIC,,760,744.8,744.8,,,20842,15600917.2,191,,
2025-10-16,NLICL,,591,571.1,578,,,12000,6891731.4,51,,
2025-10-16,NLO,,244.33,244.33,244.33,,,0,0,0,,
2025-10-16,NMB,,240,234,235,,,149580,35438219,179,,
2025-10-16,NMBMF,,635,613.6,617.1,,,6097,3776698.5,51,,
2025-10-16,NMFBS,,1220,1201,1218,,,2804,3392778.3,33,,
2025-10-16,NMLBBL,,608,600,603.5,,,4983,3005072.8,57,,
2025-10-16,NRIC,,1318,1225,1250,,,102789,130462654.6,701,,
2025-10-16,NRM,,413,395,395,,,22070,8808617.8,196,,
2025-10-16,NRN,,1835,1790,1831,,,54228,97967271.6,296,,
2025-10-16,NTC,,854.9,838,845.8,,,12178,10294004.7,137,,
2025-10-16,NUBL,,732,711,719.9,,,2732,1963380.1,39,,
2025-10-16,NWCL,,790.7,745,747.3,,,2026,1537577.5,42,,
2025-10-16,NYADI,,370,363.2,363.2,,,1416,520375.6,45,,
2025-10-16,OHL,,687,654.1,670,,,3984,2639132.1,60,,
2025-10-16,OMPL,,1173,1143,1152,,,11945,13795507,230,,
2025-10-16,PCBL,,235,229.7,232.8,,,26930,6221091.5,123,,
2025-10-16,PFL,,373.9,365.5,367,,,7122,2623221.1,66,,
2025-10-16,PHCL,,358,326.8,347.1,,,5860,2012644.6,84,,
2025-10-16,PMHPL,,316.2,301,310,,,36188,11079947,158,,
2025-10-16,PMLI,,458,451,452.2,,,5949,2690625.5,65,,
2025-10-16,PPCL,,295.3,287,289,,,15549,4527749.3,72,,
2025-10-16,PPL,,296.5,279,279,,,4352,1229757.3,68,,
2025-10-16,PROFL,,445,430.1,431,,,7584,3312602.9,63,,
2025-10-16,PRVU,,200,196.2,198,,,95955,18997118,253,,
2025-10-16,PURE,,771,742,742,,,5541,4188757.8,137,,
2025-10-16,RADHI,,654.8,631,631.6,,,91798,58390340.9,271,,
2025-10-16,RAWA,,786.5,697,709,,,993,710079.7,23,,
2025-10-16,RFPL,,324.5,308.8,313,,,12052,3750787.4,121,,
2025-10-16,RHGCL,,232.1,227,227,,,17172,3922640.8,123,,
2025-10-16,RHPL,,267.9,262,262.3,,,20532,5415930.2,143,,
2025-10-16,RIDI,,221.3,217,217.1,,,46993,10250643.6,166,,
2025-10-16,RLFL,,423.9,400,410.1,,,6066,2455183.8,68,,
2025-10-16,RNLI,,441,434.1,436,,,13100,5721013.6,188,,
2025-10-16,RSDC,,602,590,596.5,,,3461,2061651.5,55,,
2025-10-16,RURU,,700,686.1,689.9,,,5058,3499118.4,43,,
2025-10-16,SAHAS,,616.6,606,614.9,,,56256,34418445.4,281,,
2025-10-16,SANIMA,,309,302.1,305,,,63297,19304769.9,199,,
2025-10-16,SANVI,,573,561,563.2,,,5651,3192867,198,,
2025-10-16,SARBTM,,835,815,832,,,16714,13818997.9,111,,
2025-10-16,SBI,,385.5,376,376.1,,,13570,5133791.3,84,,
2025-10-16,SBL,,353,342.1,342.9,,,70963,24428461.6,131,,
2025-10-16,SCB,,625,603,613,,,24469,14917474.3,136,,
2025-10-16,SGHC,,317.9,297,299.9,,,8100,2437349.5,75,,
2025-10-16,SHEL,,270,265,266,,,103822,27668865.5,275,,
2025-10-16,SHIVM,,576,558.2,559.9,,,200217,112877623.4,642,,
2025-10-16,SHL,,494,483.3,485,,,19520,9496547.3,66,,
2025-10-16,SHLB,,1793.9,1763,1793.9,,,290,513387,10,,
2025-10-16,SHPC,,508,485,487,,,66152,32329681.8,184,,
2025-10-16,SIFC,,479,459,459,,,15343,7120983.7,69,,
2025-10-16,SIKLES,,641.4,610,613,,,11212,6919462.7,137,,
2025-10-16,SJCL,,275,270,270.7,,,4047,1095841.2,45,,
2025-10-16,SJLIC,,413,401.1,407,,,17710,7178519.9,168,,
2025-10-16,SKBBL,,863.9,835,863.9,,,13365,11281902.4,142,,
2025-10-16,SLBBL,,826,800.2,816,,,7345,5941522.3,95,,
2025-10-16,SLBSL,,1437,1312,1361.5,,,8878,12012700.9,96,,
2025-10-16,SMATA,,862.4,793,825,,,18414,14827993.9,322,,
2025-10-16,SMB,,2125.8,1995.2,2093,,,1323,2706745.2,30,,
2025-10-16,SMFBS,,1610,1490,1549,,,1891,2838734.2,31,,
2025-10-16,SMH,,843.6,786.2,825,,,1290,1032069.8,24,,
2025-10-16,SMHL,,800,755.1,784,,,5610,4294929.5,75,,
2025-10-16,SMJC,,500,483,489,,,2175,1068885,56,,
2025-10-16,SMPDA,,875,850.5,866.9,,,1616,1383821.7,43,,
2025-10-16,SNLI,,434.9,425,427.5,,,10021,4282754.2,194,,
2025-10-16,SONA,,409.1,403,405,,,28647,11644356.4,272,,
2025-10-16,SPC,,456,441,444,,,2644,1180339.9,60,,
2025-10-16,SPDL,,384,367,367,,,95746,35656170.2,330,,
2025-10-16,SPHL,,508,482.2,497,,,2020,996168,30,,
2025-10-16,SPL,,925,919.3,925,,,20,18443,2,,
2025-10-16,SRLI,,376,367.8,369.9,,,9705,3587697.5,138,,
2025-10-16,SSHL,,174,164.7,165,,,66654,11082084.8,305,,
2025-10-16,STC,,5150,5053,5055,,,380,1932018.7,14,,
2025-10-16,SWBBL,,790,777,781,,,4690,3663497.1,48,,
2025-10-16,SWMF,,660,646.8,654,,,1197,776849.2,28,,
2025-10-16,TAMOR,,464,454,454.2,,,6885,3141388.9,84,,
2025-10-16,TPC,,290.8,270.2,280.9,,,28981,8070109.3,145,,
2025-10-16,TRH,,808.6,793,807.9,,,2479,1973005.9,33,,
2025-10-16,TSHL,,708.9,656.6,663,,,5935,3959007.6,90,,
2025-10-16,TTL,,714,690,695,,,15523,10866193.6,447,,
2025-10-16,TVCL,,417.6,405,405,,,3764,1544829.5,44,,
2025-10-16,UHEWA,,533.2,525.3,532,,,3926,2070286.7,51,,
2025-10-16,ULBSL,,3598,3410.1,3522,,,620,2160592.9,30,,
2025-10-16,ULHC,,435.7,418,426.9,,,5221,2210637.2,81,,
2025-10-16,UMHL,,510,500.1,510,,,152517,77207750.9,188,,
2025-10-16,UMRH,,539.7,529,537.4,,,6514,3451086.3,39,,
2025-10-16,UNHPL,,482.4,470,472,,,195805,93302516.9,465,,
2025-10-16,UNL,,48300,48000,48100,,,95,4577000,10,,
2025-10-16,UNLB,,1935.1,1821,1821,,,1792,3368900,49,,
2025-10-16,UPCL,,355.9,345.3,349,,,111217,38729698.8,305,,
2025-10-16,UPPER,,180,175.8,176,,,77825,13756713.6,402,,
2025-10-16,USHEC,,442,434,434,,,4780,2087110,48,,
2025-10-16,USHL,,699.9,655,673.5,,,2671,1807550.4,41,,
2025-10-16,USLB,,1954,1760,1794.1,,,49391,89318674,129,,
2025-10-16,VLBS,,757,744,750,,,1759,1315891.5,28,,
2025-10-16,VLUCL,,571.9,550,561,,,6092,3385177.3,78,,
2025-10-19,ACLBSL,,970.1,965,970,,,2231,2162247.9,32,,
2025-10-19,ADBL,,311,305,309.9,,,14571,4476640.7,118,,
2025-10-19,AHL,,663,590,663,,,5705,3473244.5,107,,
2025-10-19,AHPC,,286,269.9,271.5,,,88132,23959490.5,323,,
2025-10-19,AKJCL,,187.9,184,184,,,25767,4771159,117,,
2025-10-19,AKPL,,238.9,232.1,235,,,39191,9221623,166,,
2025-10-19,ALBSL,,966,937,939.3,,,1568,1491663.2,33,,
2025-10-19,ALICL,,451.8,442,447,,,10243,4561433,77,,
2025-10-19,ANLB,,6710,6002.1,6710,,,804,4997546.7,41,,
2025-10-19,API,,275,269,273.8,,,39985,10826247.7,205,,
2025-10-19,AVYAN,,999,906,979.5,,,1626,1512433.2,32,,
2025-10-19,BARUN,,311,306,306,,,13950,4290385.5,82,,
2025-10-19,BBC,,4819.9,4731,4800,,,70,336210,7,,
2025-10-19,BEDC,,537,501,521.5,,,8996,4727001.5,125,,
2025-10-19,BFC,,445,422,435,,,4945,2140467.3,61,,
2025-10-19,BGWT,,856,750.1,856,,,2884,2230162.9,71,,
2025-10-19,BHCL,,424,397.2,407.9,,,11705,4736892.1,323,,
2025-10-19,BHDC,,543.4,520,535,,,23539,12446696.9,162,,
2025-10-19,BHL,,179,174.7,177,,,48174,8518686.6,323,,
2025-10-19,BHPL,,678,660,671,,,398,268232.7,18,,
2025-10-19,BNHC,,411,396,407.5,,,2470,989571,26,,
2025-10-19,BNL,,15900,15900,15900,,,0,0,0,,
2025-10-19,BNT,,11098,10690,11098,,,30,324780,2,,
2025-10-19,BPCL,,686,648,663,,,55757,36752006.7,207,,
2025-10-19,CBBL,,979,955,963,,,10370,10006924.7,123,,
2025-10-19,CFCL,,490,461.5,464,,,2631,1224024.5,33,,
2025-10-19,CGH,,833,817.5,827,,,6013,4943912.1,59,,
2025-10-19,CHCL,,483,478,481,,,22812,10946528.2,154,,
2025-10-19,CHDC,,2200,2091,2143,,,42899,92100111.2,395,,
2025-10-19,CHL,,232,227.9,230,,,14651,3355229.6,80,,
2025-10-19,CIT,,1875.7,1828,1864,,,6185,11432147.5,134,,
2025-10-19,CITY,,552,510,519.9,,,1613,843059.9,51,,
2025-10-19,CKHL,,582.3,560.9,570,,,830,470642,9,,
2025-10-19,CLI,,440,432,434,,,4413,1924376.2,107,,
2025-10-19,CREST,,1250,1207.5,1210,,,13118,16144960.5,273,,
2025-10-19,CYCL,,1530,1502,1520,,,677,1024256.1,23,,
2025-10-19,CZBIL,,207.5,201.1,206.5,,,142518,29272139.5,165,,
2025-10-19,DDBL,,818,793,810,,,2295,1846508.4,41,,
2025-10-19,DHPL,,290,280,283,,,2741,777326,26,,
2025-10-19,DLBS,,1272,1240,1267.8,,,1049,1308068.6,25,,
2025-10-19,DOLTI,,505,488.2,497.4,,,4195,2061344.9,33,,
2025-10-19,DORDI,,222,216.1,217.9,,,37949,8271697.7,165,,
2025-10-19,EBL,,639,628,631,,,27253,17292111.8,173,,
2025-10-19,EHPL,,459,441,449.9,,,856,385609.1,16,,
2025-10-19,ENL,,930,881,930,,,1176,1066549,22,,
2025-10-19,FMDBL,,776,750.1,759,,,14034,10616490.2,105,,
2025-10-19,FOWAD,,1097,1060,1086,,,1223,1308674.5,34,,
2025-10-19,GBIME,,244.4,231.4,240,,,285064,68407224.9,519,,
2025-10-19,GBLBS,,780,780,780,,,0,0,0,,
2025-10-19,GCIL,,425,415,420,,,8138,3411752.2,106,,
2025-10-19,GFCL,,572,561,565,,,7494,4238595.4,46,,
2025-10-19,GHL,,210,197.5,201,,,26202,5310883.5,103,,
2025-10-19,GILB,,1163.9,1150.3,1160,,,542,626713.9,20,,
2025-10-19,GLBSL,,2044,2004.9,2033,,,1423,2866357.7,34,,
2025-10-19,GLH,,248.8,243.1,246,,,17861,4403366.4,112,,
2025-10-19,GMFBS,,1478,1426,1454.5,,,554,808262.8,8,,
2025-10-19,GMFIL,,425,410,423.9,,,2214,916015.9,28,,
2025-10-19,GMLI,,1972,1897.1,1910,,,1790,3437984,57,,
2025-10-19,GUFL,,480,471.6,474,,,1783,845163.4,22,,
2025-10-19,GVL,,479.9,466,477.9,,,11746,5553885.4,83,,
2025-10-19,HATHY,,925,906,914.9,,,5866,5341001.3,97,,
2025-10-19,HBL,,199.9,192,199,,,54531,10729581.1,714,,
2025-10-19,HDHPC,,173,170,171.5,,,17526,2996710,124,,
2025-10-19,HDL,,1360,1330,1339,,,189121,253651651.8,2062,,
2025-10-19,HHL,,324,315.1,317,,,8515,2715463.5,71,,
2025-10-19,HIDCL,,256.8,249,254.2,,,65336,16606487.6,215,,
2025-10-19,HIMSTAR,,600,585,595,,,6556,3879634.8,167,,
2025-10-19,HLBSL,,902.5,867.3,869.1,,,1550,1356436.3,24,,
2025-10-19,HLI,,364.9,355,359.9,,,37932,13557844.8,198,,
2025-10-19,HPPL,,511,432.5,511,,,86371,38262021.2,263,,
2025-10-19,HRL,,792.9,771.1,778.9,,,115303,90090241.6,820,,
2025-10-19,HURJA,,209.8,205.8,208.7,,,15244,3171572.3,69,,
2025-10-19,ICFC,,615,595,610,,,9138,5574087,50,,
2025-10-19,IHL,,519,495,507.5,,,1225,618713.4,22,,
2025-10-19,ILBS,,1168,1121.6,1162,,,2827,3247513.4,34,,
2025-10-19,ILI,,427,420,424.9,,,5088,2150322.1,101,,
2025-10-19,JBLB,,1380,1350,1370,,,2840,3896977.3,84,,
2025-10-19,JFL,,420.1,412.1,418,,,3359,1392184,43,,
2025-10-19,JOSHI,,290.8,280.2,288.1,,,4577,1313613.6,49,,
2025-10-19,JSLBB,,1146.4,1059,1129,,,930,1026140.9,37,,
2025-10-19,KBL,,185,180.2,184,,,84453,15503294.1,296,,
2025-10-19,KBSH,,1749,1749,1749,,,10,17490,1,,
2025-10-19,KDL,,922,890,900,,,1160,1042514.8,33,,
2025-10-19,KKHC,,229.3,222,229.3,,,8222,1839021.9,58,,
2025-10-19,KMCDB,,1015,975,975,,,312,306336.5,14,,
2025-10-19,KPCL,,550,528,536,,,9600,5189993.7,71,,
2025-10-19,LEC,,195,188,188.5,,,47083,8960065.4,206,,
2025-10-19,LICN,,800,788,799,,,4244,3369733.9,47,,
2025-10-19,LLBS,,914.9,865,909,,,1041,918438.9,22,,
2025-10-19,LSL,,219.9,216,219,,,21553,4695351.9,104,,
2025-10-19,MAKAR,,547.9,529.2,539,,,4026,2157825,25,,
2025-10-19,MANDU,,809,789,789.1,,,612,486428.3,30,,
2025-10-19,MATRI,,975.2,956.1,965,,,483,467853.6,6,,
2025-10-19,MBJC,,278,270,277.5,,,7081,1938941,111,,
2025-10-19,MBL,,212,207,207.1,,,57148,11874441.6,176,,
2025-10-19,MCHL,,494,474.1,475.1,,,648,311032,17,,
2025-10-19,MEHL,,390.5,375.1,386.9,,,2137,818241.3,43,,
2025-10-19,MEL,,273.7,263,273.7,,,8478,2256954.5,72,,
2025-10-19,MEN,,610,598,609.9,,,50418,30451919.5,154,,
2025-10-19,MERO,,743,720,738,,,3758,2754294.7,24,,
2025-10-19,MFIL,,578.3,545,568,,,8943,5062624.5,73,,
2025-10-19,MHCL,,386,373,373.2,,,2202,835231.7,34,,
2025-10-19,MHL,,460.9,451,452,,,7809,3556492,68,,
2025-10-19,MHNL,,243,226,238.9,,,4987,1172886.9,25,,
2025-10-19,MKCL,,1475,1455,1464,,,2352,3438392.5,54,,
2025-10-19,MKHC,,350,340.1,347,,,370,126698.4,16,,
2025-10-19,MKHL,,701,675,675,,,300,203829,18,,
2025-10-19,MKJC,,555,541,555,,,10214,5599658.4,66,,
2025-10-19,MLBBL,,1420,1378.1,1390,,,592,826830,23,,
2025-10-19,MLBS,,1459.9,1417,1459.9,,,231,331407.1,7,,
2025-10-19,MLBSL,,2000,1892,2000,,,639,1235207,31,,
2025-10-19,MMKJL,,602,588,598,,,1547,919930.4,33,,
2025-10-19,MPFL,,515,502.2,505,,,2440,1231583.5,21,,
2025-10-19,MSHL,,923,904.1,919,,,1420,1288987.3,23,,
2025-10-19,MSLB,,1270,1248.6,1270,,,630,789688,22,,
2025-10-19,NABIL,,512,506,507.9,,,38379,19552540.9,356,,
2025-10-19,NADEP,,718,707,718,,,635,451420,13,,
2025-10-19,NBL,,246,240.1,243.6,,,27420,6669199.5,131,,
2025-10-19,NESDO,,1483,1429,1483,,,143,207542,13,,
2025-10-19,NFS,,619.9,605,610,,,6990,4268794.7,89,,
2025-10-19,NGPL,,357,343,353.1,,,86514,30365819.7,370,,
2025-10-19,NHDL,,652.8,630,636.5,,,3035,1973447.4,20,,
2025-10-19,NHPC,,189,179.7,186.9,,,29689,5531194,121,,
2025-10-19,NICA,,320,313.6,314.1,,,18515,5851907.9,157,,
2025-10-19,NICLBSL,,547.7,537,542,,,2091,1131726.7,43,,
2025-10-19,NIFRA,,265,260.2,261,,,121202,31754370.4,319,,
2025-10-19,NIMB,,200,196,196.9,,,51032,10053109.4,237,,
2025-10-19,NLIC,,755,733,750,,,14856,11093299.1,122,,
2025-10-19,NLICL,,580,575,579.8,,,3228,1859139.5,19,,
2025-10-19,NLO,,244.33,244.33,244.33,,,0,0,0,,
2025-10-19,NMB,,239.7,235,238.3,,,22837,5428896.6,93,,
2025-10-19,NMBMF,,620,605,620,,,2161,1316137.7,23,,
2025-10-19,NMFBS,,1223,1198,1223,,,686,829461.5,19,,
2025-10-19,NMLBBL,,625,602,610,,,1318,801678,35,,
2025-10-19,NRIC,,1301,1228,1281,,,219078,281094365.5,618,,
2025-10-19,NRM,,404,395,397,,,18763,7484722.9,136,,
2025-10-19,NRN,,1830.9,1801.3,1829,,,38927,70770491.9,210,,
2025-10-19,NTC,,850,840,847,,,12631,10664129.4,125,,
2025-10-19,NUBL,,730,720,723,,,1962,1423760.7,36,,
2025-10-19,NWCL,,779,750,751.2,,,775,590852.5,28,,
2025-10-19,NYADI,,368,356,362,,,2585,941135.5,29,,
2025-10-19,OHL,,670,642,666,,,6645,4327300,94,,
2025-10-19,OMPL,,1215,1146,1199,,,11494,13709377.9,275,,
2025-10-19,PCBL,,238,233,238,,,45380,10734142.5,109,,
2025-10-19,PFL,,373,368.5,372,,,1759,651332,26,,
2025-10-19,PHCL,,345,335.1,342,,,3625,1230100.7,41,,
2025-10-19,PMHPL,,322,304.2,317.7,,,38137,11984217.1,150,,
2025-10-19,PMLI,,461,446.5,455,,,5276,2397888.1,64,,
2025-10-19,PPCL,,294.9,286.3,294.9,,,3605,1040932.3,39,,
2025-10-19,PPL,,289,278,283.5,,,4472,1262762,51,,
2025-10-19,PROFL,,436.9,426.3,435,,,4641,2004713.2,33,,
2025-10-19,PRVU,,199.9,196,199.4,,,32874,6505841.9,188,,
2025-10-19,PURE,,768,735.1,755,,,9301,6998664,69,,
2025-10-19,RADHI,,646.9,618.8,639,,,66641,42476602.7,212,,
2025-10-19,RAWA,,714,694.9,714,,,810,569969,19,,
2025-10-19,RFPL,,319.1,307,313.9,,,13074,4082765.3,91,,
2025-10-19,RHGCL,,232,222.5,226,,,8689,1973910.7,75,,
2025-10-19,RHPL,,267,252.3,262.1,,,27773,7208668.8,147,,
2025-10-19,RIDI,,224.2,216,218,,,37763,8232005,136,,
2025-10-19,RLFL,,418.3,406.7,406.7,,,5188,2124333.7,37,,
2025-10-19,RNLI,,440,431.2,434.3,,,8029,3497631.9,152,,
2025-10-19,RSDC,,604.7,593,597,,,4810,2882289,50,,
2025-10-19,RURU,,717,677.4,706.9,,,4886,3376420.9,46,,
2025-10-19,SAHAS,,628,615,626.5,,,79144,49270419.3,388,,
2025-10-19,SANIMA,,311.1,304.6,304.6,,,36280,11131724.8,146,,
2025-10-19,SANVI,,563.2,555,559.9,,,6609,3694553.2,142,,
2025-10-19,SARBTM,,845,820,836.1,,,4740,3947267.6,56,,
2025-10-19,SBI,,391.1,375,389.9,,,31829,12198000.4,100,,
2025-10-19,SBL,,353,342.9,351.5,,,32320,11280695,99,,
2025-10-19,SCB,,635.5,614,629,,,89818,56647709.1,298,,
2025-10-19,SGHC,,304.5,300,301.8,,,1645,494126,31,,
2025-10-19,SHEL,,270,265,266.8,,,44856,11980207.7,186,,
2025-10-19,SHIVM,,570,555,569,,,123504,70047877.6,391,,
2025-10-19,SHL,,495.5,485,494.5,,,21984,10879596.9,42,,
2025-10-19,SHLB,,1789.9,1760,1789.9,,,586,1031729,15,,
2025-10-19,SHPC,,495,484.1,490.2,,,31615,15491851.2,136,,
2025-10-19,SIFC,,470,463,464,,,726,339378,13,,
2025-10-19,SIKLES,,646.5,606.5,633,,,79746,49498252.8,177,,
2025-10-19,SJCL,,272.1,267,272,,,2585,694844,38,,
2025-10-19,SJLIC,,411,403,410,,,5525,2248056.2,86,,
2025-10-19,SKBBL,,881.1,850,860,,,6294,5412356.4,82,,
2025-10-19,SLBBL,,828,802.1,828,,,1496,1232814.1,34,,
2025-10-19,SLBSL,,1400,1290,1400,,,7780,10397094.9,77,,
2025-10-19,SMATA,,810.8,787,799,,,12657,10047865.7,212,,
2025-10-19,SMB,,2079.9,2050,2079.9,,,449,921591,19,,
2025-10-19,SMFBS,,1578,1500,1530,,,1894,2873770.2,46,,
2025-10-19,SMH,,841.4,776.6,823.2,,,555,440012.5,18,,
2025-10-19,SMHL,,785,741.2,783.8,,,6019,4584648.8,67,,
2025-10-19,SMJC,,505,480,492.6,,,5679,2774005.8,58,,
2025-10-19,SMPDA,,868,852,868,,,1014,867602.5,27,,
2025-10-19,SNLI,,434,422.1,430,,,8566,3662443.8,171,,
2025-10-19,SONA,,414.5,405.5,407.5,,,14711,6013971.2,165,,
2025-10-19,SPC,,458.7,445,445,,,2573,1157282.7,34,,
2025-10-19,SPDL,,381.9,370,378.3,,,80083,30224871.1,264,,
2025-10-19,SPHL,,500,488,494,,,3213,1579660.8,36,,
2025-10-19,SPL,,961,892.5,942,,,10880,10406542.5,30,,
2025-10-19,SRLI,,374,365,372.8,,,8858,3279402.5,101,,
2025-10-19,SSHL,,170.9,162,169,,,24158,4079531,151,,
2025-10-19,STC,,5200,5009,5200,,,330,1692460,12,,
2025-10-19,SWBBL,,796,780.5,786,,,3590,2832028.9,44,,
2025-10-19,SWMF,,663.9,641.1,660,,,2278,1474950.9,23,,
2025-10-19,TAMOR,,463,452,455,,,4618,2100039,48,,
2025-10-19,TPC,,284.8,280,281,,,5543,1555084.3,54,,
2025-10-19,TRH,,814,796,796,,,1107,888708,18,,
2025-10-19,TSHL,,675,653,665,,,3407,2247121,50,,
2025-10-19,TTL,,705,692,703.9,,,9001,6310290.9,265,,
2025-10-19,TVCL,,413,395,395,,,5781,2303518.7,51,,
2025-10-19,UHEWA,,541,524.3,529.2,,,6551,3484135,52,,
2025-10-19,ULBSL,,3514,3444.2,3509,,,96,332063.2,5,,
2025-10-19,ULHC,,428,418.5,420,,,3680,1550761.9,39,,
2025-10-19,UMHL,,540,502.1,514,,,159671,81900700.3,368,,
2025-10-19,UMRH,,549.7,533.2,544.5,,,4487,2414547.6,35,,
2025-10-19,UNHPL,,501,470.2,498,,,344698,169704934.3,782,,
2025-10-19,UNL,,49062,48080.8,48080.8,,,30,1461428,3,,
2025-10-19,UNLB,,1914,1818.4,1900,,,1216,2297227.4,37,,
2025-10-19,UPCL,,355.9,343.1,350,,,82730,29062867.3,209,,
2025-10-19,UPPER,,177.5,173,175,,,70943,12435581.1,367,,
2025-10-19,USHEC,,441.6,432,436.1,,,1420,620038,25,,
2025-10-19,USHL,,704,660.1,704,,,2754,1883062.1,32,,
2025-10-19,USLB,,1828,1777.1,1800,,,2576,4651026,19,,
2025-10-19,VLBS,,753,740,753,,,647,480561.7,14,,
2025-10-19,VLUCL,,580,550,574.9,,,4860,2703057,56,,
2025-10-26,ACLBSL,,979,960,975,,,944,912258,23,,
2025-10-26,ADBL,,310,305,309,,,18308,5623206.8,124,,
2025-10-26,AHL,,650,610,628.8,,,4984,3064576.8,80,,
2025-10-26,AHPC,,273,268,271,,,60504,16368494.7,255,,
2025-10-26,AKJCL,,185.7,179,183.1,,,22190,4070023.7,110,,
2025-10-26,AKPL,,237,231.1,236,,,40959,9585546,191,,
2025-10-26,ALBSL,,961,930,961,,,4889,4646790.1,69,,
2025-10-26,ALICL,,447,440.1,445.6,,,3656,1620438.4,53,,
2025-10-26,ANLB,,6800,6039,6400.2,,,132,848532,10,,
2025-10-26,API,,272,270.1,271.9,,,24429,6617357.2,149,,
2025-10-26,AVYAN,,963,923,963,,,2223,2098727,27,,
2025-10-26,BARUN,,312,298,300,,,17239,5188397.2,95,,
2025-10-26,BBC,,4845,4660.1,4845,,,430,2056516,21,,
2025-10-26,BEDC,,554.4,511.1,548,,,26502,14314889,204,,
2025-10-26,BFC,,433,427,433,,,4149,1776907,27,,
2025-10-26,BGWT,,838.9,775,795,,,5575,4387429.2,76,,
2025-10-26,BHCL,,415,400,402,,,8288,3342287.5,298,,
2025-10-26,BHDC,,524.3,514,517.7,,,22298,11570213.8,99,,
2025-10-26,BHL,,178,173.5,176,,,54992,9599342.9,334,,
2025-10-26,BHPL,,675,660,660,,,1343,888911,23,,
2025-10-26,BNHC,,403,393,401,,,3106,1233216,30,,
2025-10-26,BNL,,15900,15900,15900,,,0,0,0,,
2025-10-26,BNT,,11195,10660,10996.9,,,170,1847407,15,,
2025-10-26,BPCL,,676.2,648,671.9,,,44051,29137250.1,172,,
2025-10-26,CBBL,,957,944,953.8,,,24574,23282218,146,,
2025-10-26,CFCL,,463.8,455,463.8,,,2364,1077556.2,30,,
2025-10-26,CGH,,830,800.2,830,,,17093,13854765.2,138,,
2025-10-26,CHCL,,482,471.6,480.1,,,15304,7305580.8,153,,
2025-10-26,CHDC,,2148.9,2085,2147.8,,,27614,58587224.1,304,,
2025-10-26,CHL,,231.5,223.4,231.4,,,22596,5113812.5,92,,
2025-10-26,CIT,,1848,1804,1845,,,4432,8140466.1,101,,
2025-10-26,CITY,,518,503,513,,,1318,673017.4,34,,
2025-10-26,CKHL,,564.2,550,564.1,,,1495,830262.5,26,,
2025-10-26,CLI,,438.4,425,435.5,,,13214,5695613,179,,
2025-10-26,CREST,,1279,1186,1279,,,15146,18322155.9,308,,
2025-10-26,CYCL,,1612,1473,1527,,,2743,4092858,78,,
2025-10-26,CZBIL,,206.5,202.3,206.2,,,40852,8361565.6,104,,
2025-10-26,DDBL,,821.9,805,813,,,1657,1346309.2,28,,
2025-10-26,DHPL,,286,273,286,,,2862,798342,36,,
2025-10-26,DLBS,,1268,1241.7,1241.7,,,1822,2297170.6,25,,
2025-10-26,DOLTI,,499,470.6,489,,,3733,1775845.1,54,,
2025-10-26,DORDI,,216.4,213.1,215,,,22238,4778653.6,143,,
2025-10-26,EBL,,632,620,624.9,,,26398,16441978,180,,
2025-10-26,EHPL,,449,422.7,447.6,,,5670,2459075.5,38,,
2025-10-26,ENL,,912,894.5,908.1,,,453,411483,9,,
2025-10-26,FMDBL,,778,744.3,775,,,13075,9944505.1,126,,
2025-10-26,FOWAD,,1081.3,1060.1,1076.9,,,1290,1377337.1,32,,
2025-10-26,GBIME,,243.8,236,239.4,,,142461,34073795,348,,
2025-10-26,GBLBS,,780,780,780,,,0,0,0,,
2025-10-26,GCIL,,415.1,400,410,,,24718,10037112.4,223,,
2025-10-26,GFCL,,560,550,560,,,4799,2670121.5,51,,
2025-10-26,GHL,,202.5,197.1,202,,,30640,6122374.5,121,,
2025-10-26,GILB,,1169,1147,1147,,,1969,2274929.6,32,,
2025-10-26,GLBSL,,2110,1991.9,2062,,,1508,3081685.8,48,,
2025-10-26,GLH,,247,242,247,,,19170,4711590.3,135,,
2025-10-26,GMFBS,,1454.5,1454.5,1454.5,,,0,0,0,,
2025-10-26,GMFIL,,422,409,418.5,,,3235,1328826.5,22,,
2025-10-26,GMLI,,1924.7,1865,1924.7,,,2356,4456556,68,,
2025-10-26,GUFL,,473,460.6,460.6,,,5631,2614286.3,65,,
2025-10-26,GVL,,482.9,469,478,,,11559,5543578.4,71,,
2025-10-26,HATHY,,910,890,904,,,8277,7406370.9,131,,
2025-10-26,HBL,,198.8,192,198.7,,,22809,4479817.6,764,,
2025-10-26,HDHPC,,172.5,165.1,170,,,34251,5780334.8,150,,
2025-10-26,HDL,,1360,1337,1347,,,69533,93548733.7,939,,
2025-10-26,HHL,,339.5,310.7,321,,,15888,5047114.1,89,,
2025-10-26,HIDCL,,256,250,256,,,59330,14975345.6,227,,
2025-10-26,HIMSTAR,,597,586,595,,,2055,1213154,181,,
2025-10-26,HLBSL,,876,837,876,,,4348,3730666.3,35,,
2025-10-26,HLI,,361,356,361,,,33126,11885232.3,218,,
2025-10-26,HPPL,,557,465,550,,,220333,104815357.1,501,,
2025-10-26,HRL,,799.8,769.4,790,,,101459,79254700,792,,
2025-10-26,HURJA,,209,204.6,209,,,24783,5107696.5,85,,
2025-10-26,ICFC,,606,595.4,606,,,3747,2248504,47,,
2025-10-26,IHL,,515,490,499.9,,,3436,1689908,34,,
2025-10-26,ILBS,,1205,1122,1205,,,1801,2077640.6,41,,
2025-10-26,ILI,,428,422,428,,,6914,2933778.8,150,,
2025-10-26,JBLB,,1380,1362,1370,,,2497,3418290.8,75,,
2025-10-26,JFL,,420,409,413,,,6948,2861343.9,60,,
2025-10-26,JOSHI,,287.9,277,282.6,,,5086,1442739.6,46,,
2025-10-26,JSLBB,,1128.6,1067.2,1128.6,,,1319,1434678.4,41,,
2025-10-26,KBL,,184.6,180.5,183.1,,,67859,12431444.2,265,,
2025-10-26,KBSH,,1760,1718.2,1760,,,220,382290,9,,
2025-10-26,KDL,,900,881.1,890,,,1630,1447306,32,,
2025-10-26,KKHC,,228,216,221.6,,,2635,589214.6,29,,
2025-10-26,KMCDB,,990,936.6,980,,,1854,1768385.8,45,,
2025-10-26,KPCL,,555.5,530,555.5,,,12047,6555152.5,103,,
2025-10-26,LEC,,190,180,185.9,,,50327,9242537.4,241,,
2025-10-26,LICN,,814.9,790,810.9,,,5138,4105917.6,66,,
2025-10-26,LLBS,,927,908.5,925.9,,,280,254744,6,,
2025-10-26,LSL,,219.3,214.9,215.4,,,67880,14655878.1,172,,
2025-10-26,MAKAR,,542,523.1,540,,,1780,945583,20,,
2025-10-26,MANDU,,800,767,798,,,1862,1442334,29,,
2025-10-26,MATRI,,984.3,950,984.3,,,791,758701.9,19,,
2025-10-26,MBJC,,283,270,272,,,10252,2784042.5,131,,
2025-10-26,MBL,,210.9,205,209.5,,,9781,2042814.9,84,,
2025-10-26,MCHL,,470,458.7,458.7,,,852,394366,13,,
2025-10-26,MEHL,,402,377,388.9,,,5160,1965876,70,,
2025-10-26,MEL,,272.3,260,272.3,,,6513,1724296.8,88,,
2025-10-26,MEN,,605,598,605,,,14726,8849137.1,119,,
2025-10-26,MERO,,745,709,735,,,3065,2191466.8,48,,
2025-10-26,MFIL,,570,546,561.3,,,3742,2096255.6,50,,
2025-10-26,MHCL,,381.9,363,372,,,3793,1399042.6,34,,
2025-10-26,MHL,,453,445,452,,,7570,3395976.9,75,,
2025-10-26,MHNL,,236,226.2,236,,,4724,1098551.1,30,,
2025-10-26,MKCL,,1479.9,1440,1477,,,2672,3901969.5,70,,
2025-10-26,MKHC,,345,339,344,,,2302,786756,35,,
2025-10-26,MKHL,,684,652,684,,,14590,9520364,16,,
2025-10-26,MKJC,,562,544,545,,,5797,3183300,54,,
2025-10-26,MLBBL,,1376.8,1345,1375,,,1269,1718780.7,41,,
2025-10-26,MLBS,,1447,1395,1447,,,349,490121,10,,
2025-10-26,MLBSL,,2121,1920.8,2121,,,1114,2201910.6,37,,
2025-10-26,MMKJL,,597,564.1,589.5,,,1730,1015725,30,,
2025-10-26,MPFL,,505,491,498,,,5750,2841653.1,54,,
2025-10-26,MSHL,,918,890,900,,,300,268480,7,,
2025-10-26,MSLB,,1287,1245.1,1264,,,1336,1701285.4,23,,
2025-10-26,NABIL,,508,503,505.3,,,32708,16536001.6,386,,
2025-10-26,NADEP,,706,696,705,,,999,702468.7,16,,
2025-10-26,NBL,,248,238.8,243.4,,,29709,7147532.6,169,,
2025-10-26,NESDO,,1488,1440,1488,,,270,392731,16,,
2025-10-26,NFS,,610,600.3,609,,,3793,2294575.1,50,,
2025-10-26,NGPL,,358,347.2,356,,,73676,25915296.4,243,,
2025-10-26,NHDL,,660,637,660,,,235,151687,9,,
2025-10-26,NHPC,,187,182,186,,,22091,4084435.4,124,,
2025-10-26,NICA,,316,312,316,,,25544,8010771.8,176,,
2025-10-26,NICLBSL,,545,537.1,537.1,,,3243,1756503.5,36,,
2025-10-26,NIFRA,,261,257.3,260.9,,,48268,12522726.6,309,,
2025-10-26,NIMB,,200,195.1,196.2,,,36179,7114099.7,216,,
2025-10-26,NLIC,,753,741.6,752,,,8813,6596334.5,108,,
2025-10-26,NLICL,,590,571.1,590,,,2336,1348323.2,28,,
2025-10-26,NLO,,244.33,244.33,244.33,,,0,0,0,,
2025-10-26,NMB,,238,233.8,237,,,23502,5523378.6,107,,
2025-10-26,NMBMF,,626.9,596,626.9,,,2509,1506839.3,30,,
2025-10-26,NMFBS,,1225,1205,1210,,,731,891331,14,,
2025-10-26,NMLBBL,,618,603.1,610.1,,,2439,1488837.7,38,,
2025-10-26,NRIC,,1377,1260.6,1372,,,242275,324961936,815,,
2025-10-26,NRM,,405,390.1,404.5,,,16985,6700985.1,157,,
2025-10-26,NRN,,1840,1790,1839,,,15217,27503103.9,161,,
2025-10-26,NTC,,855,845,845.1,,,14977,12688534.4,147,,
2025-10-26,NUBL,,719.9,710,717.9,,,1389,994182.2,20,,
2025-10-26,NWCL,,766.2,740.2,766,,,1154,877762,26,,
2025-10-26,NYADI,,360,354,360,,,6848,2453960.6,51,,
2025-10-26,OHL,,670,633.1,670,,,5160,3321410.8,51,,
2025-10-26,OMPL,,1204.5,1172,1180.1,,,7644,9087273.8,165,,
2025-10-26,PCBL,,238,234,237,,,21105,4993788.9,85,,
2025-10-26,PFL,,372,365,370,,,4529,1672366.4,34,,
2025-10-26,PHCL,,348.9,318,339,,,5006,1679716.8,72,,
2025-10-26,PMHPL,,319,306.1,314,,,39967,12453093.5,93,,
2025-10-26,PMLI,,460,447.2,458,,,3482,1582866.5,66,,
2025-10-26,PPCL,,299,284.1,289,,,18141,5283685,41,,
2025-10-26,PPL,,289.1,263.2,288,,,2210,618344,46,,
2025-10-26,PROFL,,433,421.4,430,,,7660,3266855.2,63,,
2025-10-26,PRVU,,199.8,196,199.7,,,35769,7068654.5,197,,
2025-10-26,PURE,,773,741.2,773,,,2265,1716626,72,,
2025-10-26,RADHI,,661,636,659.7,,,91244,59577025.7,434,,
2025-10-26,RAWA,,727,686,727,,,1244,867889,25,,
2025-10-26,RFPL,,314,306,314,,,11766,3645907.2,96,,
2025-10-26,RHGCL,,234,217.2,230.5,,,18295,4069602.4,99,,
2025-10-26,RHPL,,260.1,254.8,255,,,21714,5578240.1,153,,
2025-10-26,RIDI,,221,214,220.7,,,16877,3692563.7,104,,
2025-10-26,RLFL,,405,398,405,,,11404,4554389.9,72,,
2025-10-26,RNLI,,439.8,432,439,,,11807,5131268,167,,
2025-10-26,RSDC,,596,586,595,,,3386,2008266.8,44,,
2025-10-26,RURU,,714.9,681.2,699,,,4483,3141161.9,39,,
2025-10-26,SAHAS,,627,617,620.8,,,45064,27917638.1,250,,
2025-10-26,SANIMA,,305,298.6,304,,,37397,11316835.6,165,,
2025-10-26,SANVI,,563,550.1,563,,,4004,2222543.7,150,,
2025-10-26,SARBTM,,834,823,834,,,6749,5585178,67,,
2025-10-26,SBI,,389.8,375.4,387.9,,,12365,4785200.1,55,,
2025-10-26,SBL,,352,344.5,351,,,23638,8259825.3,90,,
2025-10-26,SCB,,629,620,627,,,14318,8924131.2,110,,
2025-10-26,SGHC,,308.5,296,308.5,,,2539,761304.8,39,,
2025-10-26,SHEL,,269,262,268,,,65364,17292719.2,223,,
2025-10-26,SHIVM,,571,546.6,569.9,,,161128,90636701.4,593,,
2025-10-26,SHL,,502.7,485,501,,,17881,8812503.2,87,,
2025-10-26,SHLB,,1802,1725.4,1802,,,872,1532883.9,15,,
2025-10-26,SHPC,,489.9,475,487.1,,,40110,19261445.3,182,,
2025-10-26,SIFC,,469,460,467,,,1562,721987.9,20,,
2025-10-26,SIKLES,,643,622.1,631,,,5802,3643302.3,81,,
2025-10-26,SJCL,,273,267,271.5,,,3949,1067739.6,40,,
2025-10-26,SJLIC,,410.5,402.6,407,,,14183,5752878.4,100,,
2025-10-26,SKBBL,,855,840,845.1,,,6274,5301819.1,85,,
2025-10-26,SLBBL,,834,816,829.7,,,2879,2367897.9,39,,
2025-10-26,SLBSL,,1372,1300,1349,,,17427,23247103.6,80,,
2025-10-26,SMATA,,878,770.3,870,,,22819,18276650.1,239,,
2025-10-26,SMB,,2061,1998,2058,,,1204,2433648.8,30,,
2025-10-26,SMFBS,,1549,1500,1523,,,2235,3363044.2,34,,
2025-10-26,SMH,,806.8,763,787.9,,,615,479244.9,20,,
2025-10-26,SMHL,,783,738.4,765,,,3750,2824186.6,49,,
2025-10-26,SMJC,,500,480,494,,,2231,1081911,64,,
2025-10-26,SMPDA,,872,840,865,,,2075,1756043.7,42,,
2025-10-26,SNLI,,437.5,423.1,435,,,15938,6837672.3,226,,
2025-10-26,SONA,,407.9,398,401,,,18378,7364621.1,211,,
2025-10-26,SPC,,454,443,443,,,1904,849524.9,37,,
2025-10-26,SPDL,,387,375,387,,,45782,17408137.2,197,,
2025-10-26,SPHL,,494,485.1,485.6,,,1646,807138.1,21,,
2025-10-26,SPL,,923.2,923.2,923.2,,,10,9232,1,,
2025-10-26,SRLI,,373,368,372,,,11127,4124273.2,135,,
2025-10-26,SSHL,,168,165.8,167.7,,,21654,3613669,123,,
2025-10-26,STC,,5199,5099,5187,,,180,927518,11,,
2025-10-26,SWBBL,,795,781,785.1,,,2247,1764503.9,23,,
2025-10-26,SWMF,,660,647,648.2,,,480,313260,13,,
2025-10-26,TAMOR,,468.9,449,454,,,6145,2774522.6,69,,
2025-10-26,TPC,,278,270.1,275.4,,,12795,3500184,89,,
2025-10-26,TRH,,780.1,716.4,739,,,27892,20122049.8,304,,
2025-10-26,TSHL,,665,640,662.5,,,1448,948753,30,,
2025-10-26,TTL,,700,685,700,,,12407,8565613.1,318,,
2025-10-26,TVCL,,395.6,386,395.4,,,3153,1225802.4,36,,
2025-10-26,UHEWA,,546.6,521,545,,,7863,4241577,69,,
2025-10-26,ULBSL,,3559,3445,3559,,,761,2646363,20,,
2025-10-26,ULHC,,427.9,411.7,426,,,5961,2481511.3,63,,
2025-10-26,UMHL,,519.9,512,513,,,67152,34471501.3,140,,
2025-10-26,UMRH,,555,535.2,535.2,,,3881,2098594.8,23,,
2025-10-26,UNHPL,,507.5,486.5,492,,,375811,187035418.4,774,,
2025-10-26,UNL,,49000,48000,48900,,,234,11368327.4,20,,
2025-10-26,UNLB,,1902,1852,1902,,,685,1275673,25,,
2025-10-26,UPCL,,353.9,345.1,349.2,,,52485,18301377.8,202,,
2025-10-26,UPPER,,175.9,173.5,175.5,,,42706,7451832.1,257,,
2025-10-26,USHEC,,447,432.1,447,,,6230,2749878,56,,
2025-10-26,USHL,,717.9,676.5,710,,,1720,1182383,22,,
2025-10-26,USLB,,1866,1705.2,1715.1,,,7814,13767474.5,111,,
2025-10-26,VLBS,,750,737,740.2,,,1174,867904,24,,
2025-10-26,VLUCL,,579.9,541.3,555,,,3992,2191365.4,57,,
2025-10-28,ACLBSL,,999,951,999,,,1579,1549629.6,45,,
2025-10-28,ADBL,,318,309,315,,,20072,6307339.6,150,,
2025-10-28,AHL,,650,604,620,,,13622,8510331.3,175,,
2025-10-28,AHPC,,283,274,280.6,,,94325,26338586.6,376,,
2025-10-28,AKJCL,,193.8,183,193.8,,,50987,9739666.4,194,,
2025-10-28,AKPL,,245,236,242.5,,,90067,21847761,308,,
2025-10-28,ALBSL,,990,945.5,989,,,15392,15020888.1,111,,
2025-10-28,ALICL,,468,446,463.1,,,15787,7249924,117,,
2025-10-28,ANLB,,6273,6146.8,6255,,,544,3358515,30,,
2025-10-28,API,,282,272,282,,,71226,19838646,344,,
2025-10-28,AVYAN,,993,944.2,989,,,4758,4625533,64,,
2025-10-28,BARUN,,320.1,305,320,,,34491,10831082.4,194,,
2025-10-28,BBC,,4939.9,4795,4801,,,1630,7860432.9,55,,
2025-10-28,BEDC,,566,537.1,565,,,10140,5651419.3,137,,
2025-10-28,BFC,,446.9,441,446.7,,,2189,972760.5,40,,
2025-10-28,BGWT,,805,775,797,,,4822,3800908.7,81,,
2025-10-28,BHCL,,418.9,394,418.9,,,21817,8983025.9,544,,
2025-10-28,BHDC,,540,507.4,537,,,32358,17158006,190,,
2025-10-28,BHL,,183,175,182.5,,,81081,14585938.6,443,,
2025-10-28,BHPL,,713,672,685,,,1122,774684.9,25,,
2025-10-28,BNHC,,431.4,408.9,430,,,6128,2564030.3,60,,
2025-10-28,BNL,,15582,15300,15300,,,20,308820,2,,
2025-10-28,BNT,,11099.9,10780,11099.9,,,150,1641257,11,,
2025-10-28,BPCL,,739,665.1,739,,,270992,194773968.3,869,,
2025-10-28,CBBL,,986,942.5,973,,,9596,9323444.9,137,,
2025-10-28,CFCL,,482.3,455,482,,,8175,3908978.8,61,,
2025-10-28,CGH,,860,815,845,,,21556,18057602.6,160,,
2025-10-28,CHCL,,495,475.6,490,,,29571,14465540,195,,
2025-10-28,CHDC,,2299,2111,2267,,,67943,151524289.9,674,,
2025-10-28,CHL,,244.6,230,244.5,,,45972,10911196.4,212,,
2025-10-28,CIT,,1877,1818,1860.2,,,7217,13440279,146,,
2025-10-28,CITY,,529.9,502.8,528,,,2049,1070413.1,35,,
2025-10-28,CKHL,,590,561,590,,,1915,1107121.5,34,,
2025-10-28,CLI,,451.8,435,451,,,20808,9300427,262,,
2025-10-28,CREST,,1340,1229,1334,,,37147,48270081.4,606,,
2025-10-28,CYCL,,1580,1534,1575,,,1184,1847674.2,58,,
2025-10-28,CZBIL,,208.9,205.1,207.3,,,47287,9794903.6,150,,
2025-10-28,DDBL,,834,815,828,,,9234,7628730.2,60,,
2025-10-28,DHPL,,296.9,278,291.5,,,7602,2188408.7,64,,
2025-10-28,DLBS,,1290,1242,1285,,,1290,1644671,21,,
2025-10-28,DOLTI,,508,491.1,501,,,4237,2110792.7,59,,
2025-10-28,DORDI,,227,215,224,,,52438,11768728.4,265,,
2025-10-28,EBL,,632.3,620,630,,,20842,13107009.5,163,,
2025-10-28,EHPL,,479.6,431,479.6,,,8436,3767472.4,95,,
2025-10-28,ENL,,935,899,930,,,2410,2215299.5,37,,
2025-10-28,FMDBL,,845.3,782,837.9,,,113505,93804900.7,369,,
2025-10-28,FOWAD,,1096,1075,1092,,,1916,2088931,45,,
2025-10-28,GBIME,,245.5,240,243.8,,,112791,27462194.9,356,,
2025-10-28,GBLBS,,780,780,780,,,0,0,0,,
2025-10-28,GCIL,,425,404,422,,,14050,5854105.7,152,,
2025-10-28,GFCL,,580,569,575,,,4418,2526469.8,43,,
2025-10-28,GHL,,213.3,203,213,,,76372,15938012.9,219,,
2025-10-28,GILB,,1200,1165,1200,,,2205,2622377.9,44,,
2025-10-28,GLBSL,,2199,2077.1,2114,,,2108,4494128.5,40,,
2025-10-28,GLH,,265,247,260,,,47304,11924037.7,193,,
2025-10-28,GMFBS,,1490,1445,1489.9,,,1232,1803684,27,,
2025-10-28,GMFIL,,432,421,432,,,6092,2596155,55,,
2025-10-28,GMLI,,1965,1890,1965,,,2060,3968161,78,,
2025-10-28,GUFL,,480,465,477.9,,,7518,3561930.2,63,,
2025-10-28,GVL,,515,478,506,,,66961,33728626.3,299,,
2025-10-28,HATHY,,950,905,943,,,10207,9414219.9,126,,
2025-10-28,HBL,,202.2,194.8,201.6,,,74637,14914093.7,1692,,
2025-10-28,HDHPC,,178,170,177.4,,,47611,8393849.9,193,,
2025-10-28,HDL,,1394,1355,1388,,,90202,124654183.7,985,,
2025-10-28,HHL,,338.6,327,333.7,,,16620,5520407.7,104,,
2025-10-28,HIDCL,,269.8,258,267.5,,,156242,41300570.3,526,,
2025-10-28,HIMSTAR,,620,588.1,618,,,9500,5777605,348,,
2025-10-28,HLBSL,,909,860,909,,,1372,1226704.2,31,,
2025-10-28,HLI,,377,360,374.8,,,63492,23538670.1,357,,
2025-10-28,HPPL,,605,495,515,,,485109,249460317.8,1163,,
2025-10-28,HRL,,815,788,806,,,208835,168059642.9,1329,,
2025-10-28,HURJA,,218.8,208,217,,,35989,7762644,148,,
2025-10-28,ICFC,,628,605.8,620.4,,,6011,3723500.1,58,,
2025-10-28,IHL,,523,502,516,,,7303,3711549.8,71,,
2025-10-28,ILBS,,1224.9,1170,1205,,,2057,2463956,53,,
2025-10-28,ILI,,445,423.5,440.1,,,16168,7068802.2,272,,
2025-10-28,JBLB,,1418,1368,1417,,,4412,6202062.5,143,,
2025-10-28,JFL,,434,419,434,,,4790,2049451,53,,
2025-10-28,JOSHI,,310.8,280,304.9,,,18214,5461799.8,162,,
2025-10-28,JSLBB,,1149.7,1111,1147.7,,,732,823148.6,12,,
2025-10-28,KBL,,187.9,182,187.2,,,99115,18502142.9,380,,
2025-10-28,KBSH,,1829,1728,1828.9,,,574,1035177,23,,
2025-10-28,KDL,,930,895,916,,,1479,1353304.5,46,,
2025-10-28,KKHC,,234,225,234,,,19695,4542039.8,48,,
2025-10-28,KMCDB,,1078,961.5,1007,,,6284,6197722.3,84,,
2025-10-28,KPCL,,591.6,555,583.1,,,63877,37008304.3,293,,
2025-10-28,LEC,,199.9,185,198.6,,,96801,18776608.6,366,,
2025-10-28,LICN,,835.8,813.6,833,,,8604,7124889.9,98,,
2025-10-28,LLBS,,975,907.5,959,,,1468,1381395,37,,
2025-10-28,LSL,,222,216.7,221.8,,,70704,15523421,164,,
2025-10-28,MAKAR,,560,535,559,,,7976,4348538.8,52,,
2025-10-28,MANDU,,820,785,812,,,2392,1930821,41,,
2025-10-28,MATRI,,1003.8,970,975,,,698,687844,20,,
2025-10-28,MBJC,,282,270.3,281,,,10413,2893813,185,,
2025-10-28,MBL,,214,211,213.9,,,35182,7468901.9,120,,
2025-10-28,MCHL,,484,460,484,,,4600,2152256,58,,
2025-10-28,MEHL,,402,381.2,395,,,6221,2450884.5,70,,
2025-10-28,MEL,,279,265.5,278.7,,,21948,6062382.7,134,,
2025-10-28,MEN,,620,601.8,617.9,,,35174,21620516,210,,
2025-10-28,MERO,,780,735.1,772,,,14653,11172010,97,,
2025-10-28,MFIL,,581,563,575,,,19592,11265458.6,91,,
2025-10-28,MHCL,,393.9,367.6,382.2,,,9897,3736005.7,78,,
2025-10-28,MHL,,476,460,471,,,15857,7461916.6,113,,
2025-10-28,MHNL,,243,228,243,,,11120,2645556.6,82,,
2025-10-28,MKCL,,1615,1456.1,1540,,,6294,9486122.8,127,,
2025-10-28,MKHC,,363.9,337.2,360.9,,,3950,1387355.4,58,,
2025-10-28,MKHL,,733.9,670.5,733.9,,,18678,12766753,44,,
2025-10-28,MKJC,,568.5,534.3,563.9,,,31511,17681119,143,,
2025-10-28,MLBBL,,1435,1400,1435,,,1578,2226846.9,24,,
2025-10-28,MLBS,,1475,1433,1473.9,,,1099,1589051.2,23,,
2025-10-28,MLBSL,,2107,1998.1,2050,,,1421,2896417.3,54,,
2025-10-28,MMKJL,,624,589,617.9,,,14549,8889842.3,102,,
2025-10-28,MPFL,,517.9,504,513,,,6724,3428302.4,76,,
2025-10-28,MSHL,,910,890,897,,,1623,1460188,17,,
2025-10-28,MSLB,,1298,1270.1,1290,,,878,1126308.2,34,,
2025-10-28,NABIL,,510,505,509,,,49884,25341556.5,400,,
2025-10-28,NADEP,,743,705,743,,,2683,1935167.5,24,,
2025-10-28,NBL,,249.8,243.5,248,,,35545,8802340.9,159,,
2025-10-28,NESDO,,1514,1485,1513.5,,,919,1374447,27,,
2025-10-28,NFS,,640.5,616.7,631.3,,,11692,7362259.5,117,,
2025-10-28,NGPL,,378.5,356,376,,,255731,94525132.9,712,,
2025-10-28,NHDL,,684,659.4,678.1,,,5143,3467836.1,35,,
2025-10-28,NHPC,,193,185,192,,,47225,9011917.5,174,,
2025-10-28,NICA,,327,316,324,,,39389,12720536.9,238,,
2025-10-28,NICLBSL,,562,536.1,558,,,7717,4227567.8,101,,
2025-10-28,NIFRA,,271,263,269.9,,,221019,59157524.3,700,,
2025-10-28,NIMB,,204,196,202,,,47049,9447632.1,237,,
2025-10-28,NLIC,,786,760,780,,,37032,28747413.3,286,,
2025-10-28,NLICL,,611.7,591,605,,,15517,9294766.1,109,,
2025-10-28,NLO,,244.33,244.33,244.33,,,0,0,0,,
2025-10-28,NMB,,242,236.1,242,,,22791,5449839,127,,
2025-10-28,NMBMF,,673,626.1,659.9,,,4696,3045821.5,41,,
2025-10-28,NMFBS,,1230,1213.1,1230,,,869,1061336.9,21,,
2025-10-28,NMLBBL,,632.5,618.4,627,,,7568,4754992.9,49,,
2025-10-28,NRIC,,1418.9,1346,1398,,,110592,154707216.9,886,,
2025-10-28,NRM,,423,401,420,,,28721,11887403.2,225,,
2025-10-28,NRN,,1980,1840,1980,,,100131,193541105.9,552,,
2025-10-28,NTC,,865,847.4,858,,,14118,12086527.3,179,,
2025-10-28,NUBL,,737.8,706,735,,,7051,5079529.5,51,,
2025-10-28,NWCL,,805,755,800,,,1970,1555202,39,,
2025-10-28,NYADI,,396,359,396,,,32342,12496006.1,130,,
2025-10-28,OHL,,735,662,708.8,,,11685,8167951.7,99,,
2025-10-28,OMPL,,1219.9,1180,1217.8,,,10296,12442957.9,268,,
2025-10-28,PCBL,,241,236,239,,,25918,6199538.8,96,,
2025-10-28,PFL,,381,370.1,381,,,7020,2640501.1,65,,
2025-10-28,PHCL,,352,332.6,339,,,10618,3663103.4,133,,
2025-10-28,PMHPL,,330.9,310,325,,,38901,12583558,155,,
2025-10-28,PMLI,,478.9,460,475,,,13297,6273525.1,117,,
2025-10-28,PPCL,,302.4,290,301,,,9950,2973056,57,,
2025-10-28,PPL,,300.9,290,298.8,,,10541,3143982.9,94,,
2025-10-28,PROFL,,448,435,448,,,4549,2011495.5,48,,
2025-10-28,PRVU,,204.8,199,203,,,78711,15855017,281,,
2025-10-28,PURE,,804,762,795,,,12173,9602252.2,174,,
2025-10-28,RADHI,,725.6,658.9,723,,,312700,219888590.4,981,,
2025-10-28,RAWA,,741.5,699,741.5,,,1125,821758.8,25,,
2025-10-28,RFPL,,336,314,334,,,14091,4647333.5,150,,
2025-10-28,RHGCL,,248.8,225.2,244,,,32295,7733240.7,220,,
2025-10-28,RHPL,,267.2,253.1,266.7,,,24309,6385141,213,,
2025-10-28,RIDI,,232,222,232,,,62799,14343100.8,206,,
2025-10-28,RLFL,,425.3,406,421,,,9413,3930829,67,,
2025-10-28,RNLI,,469,441.1,469,,,82353,37803044.6,472,,
2025-10-28,RSDC,,648,595,638,,,12596,7880451.6,152,,
2025-10-28,RURU,,725.1,690,711.1,,,7768,5544312.7,74,,
2025-10-28,SAHAS,,652,622,647,,,128291,82086732.2,624,,
2025-10-28,SANIMA,,316.2,303,314,,,74506,23147669.3,259,,
2025-10-28,SANVI,,595,562.1,594,,,12290,7155257.8,299,,
2025-10-28,SARBTM,,855,835,851,,,43457,36821953.6,142,,
2025-10-28,SBI,,412.9,389,411,,,122589,48454211.5,178,,
2025-10-28,SBL,,366,344.2,361.1,,,70085,25034979.9,188,,
2025-10-28,SCB,,635.2,629,632.5,,,19279,12202492.4,116,,
2025-10-28,SGHC,,329,303.1,322,,,11664,3673646.2,76,,
2025-10-28,SHEL,,290,266,290,,,205253,57948385.2,509,,
2025-10-28,SHIVM,,586.3,561,577.4,,,179780,103907860.1,582,,
2025-10-28,SHL,,518.9,499.1,518.9,,,61184,31245788.8,162,,
2025-10-28,SHLB,,1869,1802,1850,,,569,1043532,13,,
2025-10-28,SHPC,,512,489,510,,,129697,65284666.3,431,,
2025-10-28,SIFC,,507,471,485.5,,,3047,1464800.3,47,,
2025-10-28,SIKLES,,646,633.1,633.1,,,19219,12310907,149,,
2025-10-28,SJCL,,278,268,274.5,,,6927,1907893.2,78,,
2025-10-28,SJLIC,,424,404,420.6,,,16190,6753151,185,,
2025-10-28,SKBBL,,864.5,850.2,862.3,,,9753,8398146.2,100,,
2025-10-28,SLBBL,,903,817,887,,,17958,15319777.5,131,,
2025-10-28,SLBSL,,1385,1341.7,1385,,,7612,10388706.1,46,,
2025-10-28,SMATA,,859,802.7,845,,,24447,20403387.1,411,,
2025-10-28,SMB,,2100,2080,2100,,,995,2081935.6,35,,
2025-10-28,SMFBS,,1619,1539,1600,,,2255,3566287.4,34,,
2025-10-28,SMH,,802.9,746.3,795,,,4720,3613149.2,55,,
2025-10-28,SMHL,,814,760,811,,,12515,9902217.6,123,,
2025-10-28,SMJC,,515,495,500,,,17041,8581606.4,130,,
2025-10-28,SMPDA,,900,860,887,,,2695,2378665.6,49,,
2025-10-28,SNLI,,455,432.5,455,,,31720,14276013.4,368,,
2025-10-28,SONA,,416,400,414.9,,,25685,10506437.8,281,,
2025-10-28,SPC,,473.9,450,472.9,,,7040,3244509.8,102,,
2025-10-28,SPDL,,404.8,387,401.9,,,126971,50576558.7,433,,
2025-10-28,SPHL,,514.9,477.1,504.6,,,6460,3207661.6,50,,
2025-10-28,SPL,,937,905,936,,,867,796614.5,21,,
2025-10-28,SRLI,,386,370,380,,,26925,10278728.4,276,,
2025-10-28,SSHL,,173,169,173,,,42357,7259727.6,208,,
2025-10-28,STC,,5250,5153,5237,,,393,2045861,19,,
2025-10-28,SWBBL,,808,790,800.1,,,5613,4487902,54,,
2025-10-28,SWMF,,680,646.1,675,,,12091,7962596.4,61,,
2025-10-28,TAMOR,,468,453,464,,,15312,7039887,119,,
2025-10-28,TPC,,290.5,279,289.6,,,22577,6432922.5,154,,
2025-10-28,TRH,,752,701.3,735,,,24734,17652450.2,254,,
2025-10-28,TSHL,,684,651,680,,,4935,3322873,60,,
2025-10-28,TTL,,724.3,692,718.9,,,15316,10929420.8,509,,
2025-10-28,TVCL,,409,395.2,401,,,5936,2393092.6,75,,
2025-10-28,UHEWA,,564,544.5,562,,,7908,4407802,101,,
2025-10-28,ULBSL,,3578,3502,3569.9,,,283,1002302,18,,
2025-10-28,ULHC,,448,417.7,448,,,3701,1602267.6,67,,
2025-10-28,UMHL,,532,515,528.8,,,35173,18438842.8,159,,
2025-10-28,UMRH,,569,535,568,,,7335,4070487.2,57,,
2025-10-28,UNHPL,,524,485.3,515,,,460327,232268864.2,847,,
2025-10-28,UNL,,48000,47000,47001,,,100,4746490,8,,
2025-10-28,UNLB,,1983,1910,1979,,,1169,2287912.6,29,,
2025-10-28,UPCL,,370,345.1,365.3,,,132302,47971470.4,459,,
2025-10-28,UPPER,,181.3,175,181.3,,,87761,15711478.3,400,,
2025-10-28,USHEC,,465,447,457.2,,,5790,2659760.4,48,,
2025-10-28,USHL,,720,695,706,,,1237,880795.6,42,,
2025-10-28,USLB,,1834,1682,1771.1,,,8364,14985682.9,137,,
2025-10-28,VLBS,,770.1,745,765.2,,,1524,1169124.5,16,,
2025-10-28,VLUCL,,578,543.9,575,,,9440,5394290.1,69,,
2025-10-29,ACLBSL,,1020,980,994,,,3024,3029765,56,,
2025-10-29,ADBL,,320,308.7,312,,,27920,8746121.8,172,,
2025-10-29,AHL,,644,608,627,,,5414,3410493.3,106,,
2025-10-29,AHPC,,287,279,281,,,256816,72750765.6,618,,
2025-10-29,AKJCL,,196.4,190.5,191,,,53972,10419132.5,156,,
2025-10-29,AKPL,,248.1,240,240,,,90368,22069386.7,301,,
2025-10-29,ALBSL,,1065,969.3,1065,,,38345,37606935.7,138,,
2025-10-29,ALICL,,469.6,457.2,459,,,17034,7871780.2,121,,
2025-10-29,ANLB,,6239,6030,6200,,,383,2353258,36,,
2025-10-29,API,,286.8,278,279,,,52858,14892917.5,258,,
2025-10-29,AVYAN,,999,956,968,,,702,682247.1,26,,
2025-10-29,BARUN,,326,315.9,317,,,27860,8952066.8,178,,
2025-10-29,BBC,,4978,4879,4910,,,1616,7932014,68,,
2025-10-29,BEDC,,594,543,580.1,,,40102,23264219.2,205,,
2025-10-29,BFC,,459.9,436.5,443.5,,,6516,2944557.7,72,,
2025-10-29,BGWT,,809.7,767,795,,,4315,3397400.6,44,,
2025-10-29,BHCL,,430,412,415,,,23621,9912225.5,525,,
2025-10-29,BHDC,,556,520.2,531.1,,,76015,40662390.3,241,,
2025-10-29,BHL,,186.7,180,182.3,,,92829,17086986.9,548,,
2025-10-29,BHPL,,730,681,692,,,1200,849898,29,,
2025-10-29,BNHC,,436.9,415,429,,,7660,3225647,75,,
2025-10-29,BNL,,16236.4,15300,15300,,,130,2028719,12,,
2025-10-29,BNT,,11099.9,10890.1,10890.1,,,23,252940,4,,
2025-10-29,BPCL,,769,735,737,,,303178,227213143.7,982,,
2025-10-29,CBBL,,990.9,970,977.5,,,12194,11978816.3,136,,
2025-10-29,CFCL,,489,470.4,470.4,,,4645,2229446.8,43,,
2025-10-29,CGH,,912.9,839.1,843,,,14951,12773546.5,176,,
2025-10-29,CHCL,,498.2,488,489,,,25173,12406015.9,176,,
2025-10-29,CHDC,,2395,2241,2291,,,78918,183197024.3,831,,
2025-10-29,CHL,,252,240.7,241,,,40295,9895307.3,195,,
2025-10-29,CIT,,1894,1845,1850,,,8659,16129311.3,185,,
2025-10-29,CITY,,577,528.1,530,,,6859,3664629.9,74,,
2025-10-29,CKHL,,607,575,588,,,3340,1962926.4,46,,
2025-10-29,CLI,,460,445.9,446,,,21143,9562689.3,285,,
2025-10-29,CREST,,1360,1290,1299,,,24326,32348618,453,,
2025-10-29,CYCL,,1590,1541,1581.1,,,1920,3002365,68,,
2025-10-29,CZBIL,,209.9,206.3,209.7,,,97689,20396123.9,223,,
2025-10-29,DDBL,,850,830,830,,,4602,3854656.8,70,,
2025-10-29,DHPL,,296.9,284,291.4,,,12620,3629878.3,72,,
2025-10-29,DLBS,,1310,1294,1294,,,2071,2690359.9,29,,
2025-10-29,DOLTI,,519,490,500,,,5385,2689991,56,,
2025-10-29,DORDI,,237.1,224,229,,,102628,23789658,496,,
2025-10-29,EBL,,633,625,625,,,12086,7598478.2,160,,
2025-10-29,EHPL,,489.1,461,468,,,1494,701160.1,39,,
2025-10-29,ENL,,933,915,930,,,945,868596,19,,
2025-10-29,FMDBL,,894,830,830.1,,,208563,178222030.6,491,,
2025-10-29,FOWAD,,1113,1085,1095.1,,,2948,3221867.4,47,,
2025-10-29,GBIME,,247,242.1,245.5,,,200228,49051250.1,462,,
2025-10-29,GBLBS,,780,780,780,,,0,0,0,,
2025-10-29,GCIL,,428,416.6,419,,,13627,5748728.5,143,,
2025-10-29,GFCL,,589.9,570,570.1,,,4724,2717705.8,59,,
2025-10-29,GHL,,219,208.5,210.9,,,96053,20442725.4,261,,
2025-10-29,GILB,,1220,1177,1194,,,3310,3957584.1,51,,
2025-10-29,GLBSL,,2179,2039,2100,,,2997,6276546.1,88,,
2025-10-29,GLH,,265.7,255.9,256,,,62854,16390701.3,242,,
2025-10-29,GMFBS,,1505,1451,1480,,,2340,3466637,22,,
2025-10-29,GMFIL,,440,420,425,,,13328,5713943.9,90,,
2025-10-29,GMLI,,1989,1900,1949,,,4641,8906637,88,,
2025-10-29,GUFL,,486.8,475,476.5,,,3864,1857935,47,,
2025-10-29,GVL,,533,505.1,521,,,122048,63795808.4,445,,
2025-10-29,HATHY,,955,915,930,,,12569,11852560.5,166,,
2025-10-29,HBL,,203,198.3,198.9,,,63281,12650835.8,1508,,
2025-10-29,HDHPC,,180.9,175,176.7,,,74040,13164275.2,235,,
2025-10-29,HDL,,1415.7,1370,1375.5,,,81716,113203915.5,924,,
2025-10-29,HHL,,340.3,328,328,,,21446,7149113.5,134,,
2025-10-29,HIDCL,,277,262.3,270,,,199404,53938897.2,529,,
2025-10-29,HIMSTAR,,627,606,613,,,7080,4357841.6,291,,
2025-10-29,HLBSL,,911.1,881,881,,,1289,1158601,17,,
2025-10-29,HLI,,380,370.1,374,,,60493,22622829.5,337,,
2025-10-29,HPPL,,566,505.1,560,,,278169,145077510.4,759,,
2025-10-29,HRL,,822.1,797.1,798,,,226763,183483374.7,1503,,
2025-10-29,HURJA,,221.3,213,216,,,106999,23365193.5,275,,
2025-10-29,ICFC,,640,615,615,,,7698,4797249,75,,
2025-10-29,IHL,,523,506,514,,,12179,6237764.1,86,,
2025-10-29,ILBS,,1228,1162,1189,,,13458,15757252.3,90,,
2025-10-29,ILI,,446.6,434.1,437.8,,,15975,7016916.5,202,,
2025-10-29,JBLB,,1420,1395.1,1415,,,4275,6029190.6,131,,
2025-10-29,JFL,,450,427,430,,,5457,2381076.4,67,,
2025-10-29,JOSHI,,310.9,295,297.3,,,18363,5553930.8,129,,
2025-10-29,JSLBB,,1167,1126,1142,,,617,699370.5,14,,
2025-10-29,KBL,,189,185,185.8,,,107229,20045282.6,410,,
2025-10-29,KBSH,,1840,1793,1796.3,,,586,1059608,17,,
2025-10-29,KDL,,927,905,915,,,2036,1861651,40,,
2025-10-29,KKHC,,257.4,236,257.4,,,57020,14461422.9,194,,
2025-10-29,KMCDB,,1021.9,990,1002.9,,,1668,1666698.2,55,,
2025-10-29,KPCL,,599,574,575,,,38930,22746654.4,185,,
2025-10-29,LEC,,205,197,199,,,106777,21477640.1,368,,
2025-10-29,LICN,,844,820,820,,,5322,4413253.6,61,,
2025-10-29,LLBS,,1016,940,975,,,1102,1072481,22,,
2025-10-29,LSL,,224,220,222,,,92365,20460977.4,182,,
2025-10-29,MAKAR,,568,550,559.8,,,3715,2070856.5,31,,
2025-10-29,MANDU,,827,795.8,796,,,2473,1984406,47,,
2025-10-29,MATRI,,1000,979.1,995,,,2151,2119629.6,21,,
2025-10-29,MBJC,,286.6,275,278.8,,,16533,4655858.5,192,,
2025-10-29,MBL,,218,210.7,211,,,54234,11624367.6,155,,
2025-10-29,MCHL,,512,465.2,489.8,,,1211,591502,31,,
2025-10-29,MEHL,,410,390.1,399,,,8351,3314759.8,91,,
2025-10-29,MEL,,283,270,276.5,,,37187,10237136.3,162,,
2025-10-29,MEN,,631,616,616.1,,,47909,29873456.8,237,,
2025-10-29,MERO,,818,756.6,770,,,9288,7137798.4,93,,
2025-10-29,MFIL,,590.5,563,572.9,,,15833,9102643.7,117,,
2025-10-29,MHCL,,394,375,388,,,6127,2372810.4,59,,
2025-10-29,MHL,,491.9,471,472,,,28486,13699175,197,,
2025-10-29,MHNL,,244.5,236.2,244.5,,,23218,5535433,77,,
2025-10-29,MKCL,,1581,1511,1520,,,9580,14709793.4,126,,
2025-10-29,MKHC,,368,353,357.9,,,6815,2425696.5,64,,
2025-10-29,MKHL,,776.2,706.3,775,,,8194,6141455.6,98,,
2025-10-29,MKJC,,570.2,552,564,,,48201,27197920.7,155,,
2025-10-29,MLBBL,,1458.9,1400,1425,,,532,754044.5,17,,
2025-10-29,MLBS,,1620,1430,1620,,,821,1210822,24,,
2025-10-29,MLBSL,,2113,2040,2070,,,319,658313,18,,
2025-10-29,MMKJL,,639,611,617.6,,,27305,17120566.9,182,,
2025-10-29,MPFL,,526,508,510.2,,,17486,9010815,96,,
2025-10-29,MSHL,,914.9,898,900.1,,,3350,3016635.5,32,,
2025-10-29,MSLB,,1365,1269.5,1277,,,1693,2206565.8,44,,
2025-10-29,NABIL,,516.3,507,507,,,51578,26340988.3,366,,
2025-10-29,NADEP,,768,738,759,,,3610,2709147.6,50,,
2025-10-29,NBL,,252.9,248.7,248.9,,,39633,9895509.6,131,,
2025-10-29,NESDO,,1560,1485,1510,,,1751,2641640.3,43,,
2025-10-29,NFS,,655,621,629,,,15435,9879149.8,153,,
2025-10-29,NGPL,,384.9,370.5,380,,,259015,97922544.1,726,,
2025-10-29,NHDL,,718,675,680,,,9060,6183049.9,79,,
2025-10-29,NHPC,,196,189,192,,,46271,8899508.6,138,,
2025-10-29,NICA,,329.7,317.1,319,,,41189,13195625.3,266,,
2025-10-29,NICLBSL,,567,547,549,,,12068,6676814.8,81,,
2025-10-29,NIFRA,,275,268.1,268.2,,,243688,66123330.9,604,,
2025-10-29,NIMB,,205.7,200,200,,,50141,10122914.4,214,,
2025-10-29,NLIC,,795,775,777,,,42782,33577245.2,274,,
2025-10-29,NLICL,,617,591.5,599.9,,,13296,7984422.5,100,,
2025-10-29,NLO,,244.33,244.33,244.33,,,0,0,0,,
2025-10-29,NMB,,243.5,238.7,240,,,16950,4073582.1,97,,
2025-10-29,NMBMF,,668,647,648,,,2590,1685490,22,,
2025-10-29,NMFBS,,1261.7,1213,1231,,,1961,2445731.3,42,,
2025-10-29,NMLBBL,,636.5,615,624.9,,,4089,2554187.5,51,,
2025-10-29,NRIC,,1420,1345,1369,,,117147,161596521.1,806,,
2025-10-29,NRM,,426,407,413,,,33086,13796706.8,230,,
2025-10-29,NRN,,2067.5,1980,1981,,,114769,231929393.3,677,,
2025-10-29,NTC,,866,855,856,,,12479,10748711.6,189,,
2025-10-29,NUBL,,747,726,730,,,3059,2249901,42,,
2025-10-29,NWCL,,815,776.5,790,,,1302,1041635,34,,
2025-10-29,NYADI,,433.5,403.9,421,,,56866,24098224,462,,
2025-10-29,OHL,,710,686.2,692.8,,,8902,6198166.2,90,,
2025-10-29,OMPL,,1275.9,1220,1229,,,24276,30347666.2,378,,
2025-10-29,PCBL,,241.8,238,239.2,,,35141,8425849.2,99,,
2025-10-29,PFL,,386,373,373,,,6088,2306287.2,75,,
2025-10-29,PHCL,,372,339,346,,,20070,7018813,202,,
2025-10-29,PMHPL,,333.5,312.4,313,,,56236,18210235.8,207,,
2025-10-29,PMLI,,483,467,472,,,11037,5226723.2,112,,
2025-10-29,PPCL,,310,299,303,,,15804,4794899,88,,
2025-10-29,PPL,,304,292,296,,,20394,6077833.7,115,,
2025-10-29,PROFL,,469,447.8,456,,,7127,3252745.7,62,,
2025-10-29,PRVU,,205,199,204.5,,,614059,124305993.7,358,,
2025-10-29,PURE,,804.7,775,780,,,6284,4971306.7,127,,
2025-10-29,RADHI,,748.5,709,728,,,304365,223093260.9,903,,
2025-10-29,RAWA,,741.4,714,734,,,1358,989705.8,27,,
2025-10-29,RFPL,,345,328,328,,,13726,4636669.5,112,,
2025-10-29,RHGCL,,250,238,241,,,33483,8105838.4,148,,
2025-10-29,RHPL,,275.1,265,265.1,,,36274,9777860.5,196,,
2025-10-29,RIDI,,235.4,221,226.5,,,93097,21298694.3,261,,
2025-10-29,RLFL,,434.9,415.1,420,,,9730,4115516.5,68,,
2025-10-29,RNLI,,477,463.6,471.5,,,125750,59217392.1,429,,
2025-10-29,RSDC,,649.7,626,630,,,9290,5910961.9,116,,
2025-10-29,RURU,,737,695.1,695.2,,,7693,5553408.4,68,,
2025-10-29,SAHAS,,664,640,654,,,274901,180694923.6,964,,
2025-10-29,SANIMA,,320.2,311.5,318,,,87096,27580475.2,247,,
2025-10-29,SANVI,,610,578.7,590,,,20975,12514505.5,335,,
2025-10-29,SARBTM,,868,851,854,,,18971,16280228,117,,
2025-10-29,SBI,,435,395.7,399,,,57003,23153456.7,181,,
2025-10-29,SBL,,366,356.2,363,,,58010,20958983.5,163,,
2025-10-29,SCB,,637,630,632.5,,,19531,12349050.6,162,,
2025-10-29,SGHC,,334.8,317,325.2,,,8684,2816682.9,72,,
2025-10-29,SHEL,,295,282,283.1,,,182860,52651858.1,585,,
2025-10-29,SHIVM,,589,566,568,,,195211,112645596.6,636,,
2025-10-29,SHL,,559.8,529.2,543.1,,,207945,113891899.1,898,,
2025-10-29,SHLB,,1846,1815,1830,,,554,1013696,17,,
2025-10-29,SHPC,,520,493,504,,,75790,38308837.6,386,,
2025-10-29,SIFC,,491,475,475,,,11644,5618979.6,85,,
2025-10-29,SIKLES,,654,631.2,642.8,,,30483,19600652.7,231,,
2025-10-29,SJCL,,279,271.2,274,,,3587,986439.3,55,,
2025-10-29,SJLIC,,425,416,418.9,,,11740,4919306.1,131,,
2025-10-29,SKBBL,,877.7,860,861,,,7479,6474305.2,95,,
2025-10-29,SLBBL,,891,858,868.9,,,6641,5759297,104,,
2025-10-29,SLBSL,,1389,1335.3,1359,,,2595,3509760.1,40,,
2025-10-29,SMATA,,877,812,820,,,19304,16019414.4,268,,
2025-10-29,SMB,,2147,2100,2147,,,1248,2647669.4,37,,
2025-10-29,SMFBS,,1651,1590.1,1610,,,492,795833.2,26,,
2025-10-29,SMH,,784.9,765,770,,,1911,1473858.1,18,,
2025-10-29,SMHL,,830,806,818.9,,,17488,14316730.5,133,,
2025-10-29,SMJC,,519.9,499,499,,,17521,8890268.1,107,,
2025-10-29,SMPDA,,900,878.1,894.8,,,3462,3072223,66,,
2025-10-29,SNLI,,462.1,448,453,,,32713,14913537.1,324,,
2025-10-29,SONA,,422,411.3,412.1,,,27275,11362153.8,296,,
2025-10-29,SPC,,480,462.1,469.9,,,4377,2058487.1,61,,
2025-10-29,SPDL,,407,388,389,,,193729,76993729.8,481,,
2025-10-29,SPHL,,523,495.9,504.7,,,2410,1213887,35,,
2025-10-29,SPL,,939,917.3,939,,,664,614795.8,31,,
2025-10-29,SRLI,,388.8,380.1,380.1,,,16241,6232209,177,,
2025-10-29,SSHL,,179,169.7,173,,,49848,8633560.2,216,,
2025-10-29,STC,,5334,5167.1,5181,,,281,1465338.5,19,,
2025-10-29,SWBBL,,814,796,810,,,7693,6191792.5,66,,
2025-10-29,SWMF,,683.4,650,669,,,8987,5930871.1,91,,
2025-10-29,TAMOR,,471,460.6,465,,,12089,5638322.2,115,,
2025-10-29,TPC,,304.8,286.1,291.2,,,35425,10517592.7,180,,
2025-10-29,TRH,,750,730,739.9,,,8954,6614997.5,109,,
2025-10-29,TSHL,,715,689,694,,,7571,5273804.3,79,,
2025-10-29,TTL,,735,710,710,,,15907,11453456.6,436,,
2025-10-29,TVCL,,413,397,413,,,6757,2740394.4,82,,
2025-10-29,UHEWA,,573,550,553,,,8575,4794592.6,99,,
2025-10-29,ULBSL,,3926,3471,3926,,,1401,4941771,75,,
2025-10-29,ULHC,,455,435,436.1,,,5751,2543384.2,71,,
2025-10-29,UMHL,,535.9,518.5,533,,,228526,120385111.8,390,,
2025-10-29,UMRH,,589.9,547.9,565,,,17655,9866642.7,72,,
2025-10-29,UNHPL,,529,515,518.5,,,452418,236529143.8,1192,,
2025-10-29,UNL,,47500,47500,47500,,,20,950000,2,,
2025-10-29,UNLB,,2050,1910.3,1948.5,,,2370,4693905.2,43,,
2025-10-29,UPCL,,378.9,360.9,363.5,,,151351,55899207.8,507,,
2025-10-29,UPPER,,183,178,179.5,,,52552,9518342.2,334,,
2025-10-29,USHEC,,470,441,455,,,21857,9869055.1,118,,
2025-10-29,USHL,,729.9,691.9,716.9,,,2474,1766897.5,54,,
2025-10-29,USLB,,1909.4,1800,1820.1,,,14734,27159285.7,155,,
2025-10-29,VLBS,,779,760,772,,,1498,1148643.6,32,,
2025-10-29,VLUCL,,590,564,579.8,,,7335,4226202.6,90,,
2025-10-30,ACLBSL,,1010,980,1008,,,828,829555,24,,
2025-10-30,ADBL,,319.9,310,313.5,,,28033,8779259.1,154,,
2025-10-30,AHL,,650,603,628,,,5197,3223102.8,94,,
2025-10-30,AHPC,,288,280,286.9,,,216839,61654867.3,537,,
2025-10-30,AKJCL,,196.8,187.2,194,,,76960,14905176.8,246,,
2025-10-30,AKPL,,247.5,239.2,247.5,,,135863,33121169.4,348,,
2025-10-30,ALBSL,,1043.7,984.6,1014,,,10063,10123201.7,128,,
2025-10-30,ALICL,,484,458,477,,,39214,18578039.9,182,,
2025-10-30,ANLB,,6445,6025.1,6445,,,1180,7248128.7,70,,
2025-10-30,API,,287.6,276.1,284.9,,,99728,28180543,312,,
2025-10-30,AVYAN,,1020,948.8,1010,,,6412,6408154.3,90,,
2025-10-30,BARUN,,326,311,322,,,40045,12893687.1,172,,
2025-10-30,BBC,,5294,4817,4950,,,621,3111019,38,,
2025-10-30,BEDC,,607,570,587,,,72524,42921703,410,,
2025-10-30,BFC,,452,435,451,,,7662,3414126.6,66,,
2025-10-30,BGWT,,795,774.5,781,,,5178,4063810.6,78,,
2025-10-30,BHCL,,448.8,409,437.3,,,40896,17641471.4,822,,
2025-10-30,BHDC,,541.7,518.1,539.9,,,58237,30892997.9,216,,
2025-10-30,BHL,,185,177.8,182.4,,,78958,14365389,367,,
2025-10-30,BHPL,,702,678.2,702,,,1480,1024912.7,25,,
2025-10-30,BNHC,,439,412.1,437.9,,,10658,4599777.7,81,,
2025-10-30,BNL,,15918.1,15606,15918.1,,,20,315241,2,,
2025-10-30,BNT,,11000,10760.1,11000,,,91,996724.1,7,,
2025-10-30,BPCL,,795,724.3,779,,,262538,201437343.2,1000,,
2025-10-30,CBBL,,992,969,983.2,,,10997,10788250.4,111,,
2025-10-30,CFCL,,480,462.4,479,,,8466,4011987.1,59,,
2025-10-30,CGH,,921,831.1,868,,,29001,24797005.9,162,,
2025-10-30,CHCL,,516.9,482,504,,,55378,27475779.9,244,,
2025-10-30,CHDC,,2380,2267,2341,,,49374,114761904.3,598,,
2025-10-30,CHL,,252.8,239.5,251.9,,,48602,12065834.5,246,,
2025-10-30,CIT,,1857,1840,1849.5,,,7668,14174037.8,149,,
2025-10-30,CITY,,534.9,525,528.1,,,4652,2466465.9,47,,
2025-10-30,CKHL,,623,585,600,,,2914,1733838,46,,
2025-10-30,CLI,,460,438,456,,,28517,12884470.8,293,,
2025-10-30,CREST,,1345,1254.5,1315,,,36448,47626780.4,524,,
2025-10-30,CYCL,,1610,1551,1602,,,1870,2968293.2,55,,
2025-10-30,CZBIL,,210.3,207.8,209.5,,,40383,8463496,143,,
2025-10-30,DDBL,,840,819.2,839.9,,,3246,2701406.6,49,,
2025-10-30,DHPL,,300,286.2,297,,,12178,3583782.4,83,,
2025-10-30,DLBS,,1423.4,1290,1330.1,,,1571,2085616.5,45,,
2025-10-30,DOLTI,,518,498.9,513.5,,,5074,2583299.2,53,,
2025-10-30,DORDI,,247.2,224.8,245.5,,,172256,41538800.9,702,,
2025-10-30,EBL,,629.8,619,625,,,28412,17708937.1,183,,
2025-10-30,EHPL,,477.3,445,469,,,5031,2292165,81,,
2025-10-30,ENL,,948,901,930,,,943,875258.9,22,,
2025-10-30,FMDBL,,896,813.5,885,,,120868,104664820.1,477,,
2025-10-30,FOWAD,,1110,1080,1102.9,,,1339,1471941.8,29,,
2025-10-30,GBIME,,247.6,243.3,246.9,,,294319,72532576.3,670,,
2025-10-30,GBLBS,,780,780,780,,,0,0,0,,
2025-10-30,GCIL,,435,411,430,,,16661,7112293.8,199,,
2025-10-30,GFCL,,580,560.4,573.5,,,6092,3490400.5,44,,
2025-10-30,GHL,,219,207,216,,,87629,18754994,267,,
2025-10-30,GILB,,1225,1181,1202,,,2422,2929774.7,40,,
2025-10-30,GLBSL,,2310,2100,2310,,,19893,45302836.4,299,,
2025-10-30,GLH,,266.9,251,261,,,40868,10625349.4,184,,
2025-10-30,GMFBS,,1620,1451,1620,,,2596,3879960,57,,
2025-10-30,GMFIL,,438.6,425.3,437.8,,,16173,7033178,33,,
2025-10-30,GMLI,,1967,1885.1,1939,,,1608,3094178.5,84,,
2025-10-30,GUFL,,485.9,472,480,,,6660,3203934,38,,
2025-10-30,GVL,,538,520.1,535,,,87461,46603394.4,302,,
2025-10-30,HATHY,,960,912,951,,,7518,7017096.5,139,,
2025-10-30,HBL,,200.7,197.2,199.5,,,43901,8746832.7,1410,,
2025-10-30,HDHPC,,180.5,174,178,,,49299,8742955.7,189,,
2025-10-30,HDL,,1403,1362,1382.9,,,89423,123216026.5,1002,,
2025-10-30,HHL,,346,322.2,340,,,49245,16449673.6,220,,
2025-10-30,HIDCL,,276,265,275,,,178501,48644036.1,449,,
2025-10-30,HIMSTAR,,620,600,615,,,10128,6173577.6,347,,
2025-10-30,HLBSL,,920,875,910,,,3465,3132692.2,50,,
2025-10-30,HLI,,379.3,368.5,376.4,,,47741,17866228.7,321,,
2025-10-30,HPPL,,592,518,539,,,316678,167757171.7,787,,
2025-10-30,HRL,,813,783,808,,,148727,119597024.9,1102,,
2025-10-30,HURJA,,224,214.2,223.8,,,62806,13867215.1,200,,
2025-10-30,ICFC,,638,610,630,,,13382,8396041.6,79,,
2025-10-30,IHL,,523.9,510.4,520,,,3850,1985448.4,34,,
2025-10-30,ILBS,,1207.9,1166.1,1191.9,,,4424,5222089.1,47,,
2025-10-30,ILI,,448.8,437,443.9,,,15980,7105596,280,,
2025-10-30,JBLB,,1420,1387.2,1419,,,2911,4108173.2,88,,
2025-10-30,JFL,,438,426,427.2,,,7013,3013337.2,58,,
2025-10-30,JOSHI,,309.2,299,308,,,20309,6213098.4,195,,
2025-10-30,JSLBB,,1194,1120,1179,,,1637,1903508.1,44,,
2025-10-30,KBL,,188.7,184,187,,,103557,19359896.6,335,,
2025-10-30,KBSH,,1831.9,1819,1830,,,95,173428,7,,
2025-10-30,KDL,,926,900.1,926,,,2439,2229357.9,29,,
2025-10-30,KKHC,,278.4,262.5,273,,,100517,27403512.2,605,,
2025-10-30,KMCDB,,1015,985,1010,,,3559,3577903.6,78,,
2025-10-30,KPCL,,627,568.2,597.9,,,114234,67352384.3,390,,
2025-10-30,LEC,,203,196.1,202.9,,,104740,20991444,352,,
2025-10-30,LICN,,845,820,832,,,11313,9414251.2,107,,
2025-10-30,LLBS,,994,959.5,994,,,1236,1215082.9,16,,
2025-10-30,LSL,,225,218,223.9,,,65435,14569441.7,160,,
2025-10-30,MAKAR,,569,550,560,,,2370,1328039,34,,
2025-10-30,MANDU,,825,790,806.2,,,2388,1909013.1,48,,
2025-10-30,MATRI,,1007,961,999,,,1089,1073147.6,25,,
2025-10-30,MBJC,,290,274,285.2,,,19393,5519239.3,257,,
2025-10-30,MBL,,215,211,213,,,51282,10929442,118,,
2025-10-30,MCHL,,493.2,481,487.3,,,1640,800450,31,,
2025-10-30,MEHL,,402,390.7,400,,,6948,2767800.5,82,,
2025-10-30,MEL,,280,271.5,276.9,,,8247,2282517.4,119,,
2025-10-30,MEN,,633.9,606.7,628.3,,,69322,43422789,336,,
2025-10-30,MERO,,821.8,740.1,821.8,,,34510,27142947.8,225,,
2025-10-30,MFIL,,587.9,565,585.9,,,10794,6268433.3,79,,
2025-10-30,MHCL,,401.5,373,401,,,7068,2794162.2,76,,
2025-10-30,MHL,,488,471,483,,,16391,7899145.9,123,,
2025-10-30,MHNL,,249,238.1,247.5,,,17774,4347703.5,84,,
2025-10-30,MKCL,,1581,1500,1575,,,14110,21611250.3,286,,
2025-10-30,MKHC,,379.3,347.2,373.8,,,10342,3759167.7,93,,
2025-10-30,MKHL,,771.2,731,771.2,,,1001,754536.4,49,,
2025-10-30,MKJC,,571,555,568,,,33775,19123588.9,153,,
2025-10-30,MLBBL,,1448,1421,1435,,,1411,2023201.8,35,,
2025-10-30,MLBS,,1605,1465,1605,,,2252,3455825.4,54,,
2025-10-30,MLBSL,,2091.9,2050,2091.9,,,466,962174.6,17,,
2025-10-30,MMKJL,,638,618,621.9,,,8584,5372430,94,,
2025-10-30,MPFL,,524,510,518.2,,,12793,6621162.3,72,,
2025-10-30,MSHL,,910,891.1,905.1,,,2936,2654681.8,24,,
2025-10-30,MSLB,,1350,1257.2,1340,,,2411,3208177,72,,
2025-10-30,NABIL,,512,503.1,506,,,37178,18886889.1,337,,
2025-10-30,NADEP,,775,744.1,775,,,2147,1644871.2,44,,
2025-10-30,NBL,,253.5,246,251,,,27297,6837270.7,153,,
2025-10-30,NESDO,,1520,1480,1495.2,,,1423,2141052.6,26,,
2025-10-30,NFS,,652,625.3,638.1,,,16907,10801445.6,149,,
2025-10-30,NGPL,,393,374,388,,,369374,141995538.1,834,,
2025-10-30,NHDL,,700,670,685,,,5556,3827394.7,45,,
2025-10-30,NHPC,,195,190,194,,,28110,5437425,132,,
2025-10-30,NICA,,323.9,312,321,,,30393,9691715.8,192,,
2025-10-30,NICLBSL,,559.8,541.1,556,,,4725,2612052.7,76,,
2025-10-30,NIFRA,,275,265.1,274.5,,,170483,46304622.4,639,,
2025-10-30,NIMB,,204,198.5,202.8,,,65971,13293222.6,248,,
2025-10-30,NLIC,,790,770.1,787,,,42327,33144606.5,249,,
2025-10-30,NLICL,,622,591,611.9,,,14664,8903685.3,95,,
2025-10-30,NLO,,244.33,244.33,244.33,,,0,0,0,,
2025-10-30,NMB,,240.7,236,240.6,,,40871,9768378,138,,
2025-10-30,NMBMF,,691,652,691,,,2053,1364660.6,36,,
2025-10-30,NMFBS,,1250,1221.1,1236.2,,,1312,1631204.9,23,,
2025-10-30,NMLBBL,,644,612.6,640,,,24018,15145220.7,93,,
2025-10-30,NRIC,,1423.9,1330.1,1380,,,245406,341036207.7,1239,,
2025-10-30,NRM,,425,405,423.8,,,29518,12395368,270,,
2025-10-30,NRN,,2064.8,1962.1,2036,,,73833,149156255.1,491,,
2025-10-30,NTC,,870,854,864.1,,,15926,13731150.8,160,,
2025-10-30,NUBL,,748.6,720.2,745,,,4948,3665221.9,55,,
2025-10-30,NWCL,,800,777.7,799.8,,,1646,1304331,49,,
2025-10-30,NYADI,,429.4,413,419,,,15839,6652411.4,124,,
2025-10-30,OHL,,709.9,686.1,709.8,,,5571,3892108.9,59,,
2025-10-30,OMPL,,1264.7,1210,1245,,,9577,11905040.2,265,,
2025-10-30,PCBL,,240.8,236,239,,,55606,13243640.5,152,,
2025-10-30,PFL,,396,370.8,387,,,7801,2960572.1,72,,
2025-10-30,PHCL,,377.4,346,377.4,,,44384,16113322.6,330,,
2025-10-30,PMHPL,,328,308,322,,,66828,21443808.5,281,,
2025-10-30,PMLI,,480,468,480,,,14231,6777883.7,132,,
2025-10-30,PPCL,,311,297.2,309.5,,,14978,4575069,82,,
2025-10-30,PPL,,313,291.2,311,,,40216,12236619.5,181,,
2025-10-30,PROFL,,464,446.9,462,,,5143,2348662.3,41,,
2025-10-30,PRVU,,208.5,199.1,203,,,84446,17074153.8,272,,
2025-10-30,PURE,,802,770,795,,,7034,5596945.2,150,,
2025-10-30,RADHI,,774.4,714,767,,,497142,376004605.3,1540,,
2025-10-30,RAWA,,731.4,714,731.4,,,1364,985661.2,32,,
2025-10-30,RFPL,,341,323,339,,,13307,4455732.2,147,,
2025-10-30,RHGCL,,252.7,236.3,250,,,63533,15693188,271,,
2025-10-30,RHPL,,273.3,262.7,272,,,16624,4461847.3,178,,
2025-10-30,RIDI,,232,223,231.8,,,56320,12957899.5,193,,
2025-10-30,RLFL,,426,408,422.9,,,19693,8197751.2,112,,
2025-10-30,RNLI,,482,463.1,479,,,129704,61193746.8,485,,
2025-10-30,RSDC,,655.9,621,650,,,28510,18317235,166,,
2025-10-30,RURU,,725,702.1,720.9,,,8856,6356754,70,,
2025-10-30,SAHAS,,679.9,652,674.6,,,306719,206020094.5,1279,,
2025-10-30,SANIMA,,320,313,318.9,,,55106,17504644.5,209,,
2025-10-30,SANVI,,612,580.2,603,,,17537,10504095.5,342,,
2025-10-30,SARBTM,,890,851,890,,,19124,16556447.2,143,,
2025-10-30,SBI,,404,393.1,400,,,73722,29644106.1,132,,
2025-10-30,SBL,,364,357,363.7,,,185452,66821397.8,248,,
2025-10-30,SCB,,638.9,627.1,636,,,26451,16758459.7,155,,
2025-10-30,SGHC,,342.7,318.8,340.8,,,12425,4125406.8,98,,
2025-10-30,SHEL,,294,280.9,294,,,197929,57231910.2,559,,
2025-10-30,SHIVM,,579,560.6,570,,,158500,90498239.7,547,,
2025-10-30,SHL,,555,538.1,549,,,102925,56519720.2,401,,
2025-10-30,SHLB,,1899,1800,1890,,,1264,2349510.3,31,,
2025-10-30,SHPC,,525,498,523,,,131443,67479273.3,493,,
2025-10-30,SIFC,,490,475,482.1,,,7605,3677656,58,,
2025-10-30,SIKLES,,663,618,659,,,87566,55526547.2,375,,
2025-10-30,SJCL,,280.5,271.5,280,,,14230,3976359,83,,
2025-10-30,SJLIC,,433.4,412.1,429,,,35663,15201886.5,223,,
2025-10-30,SKBBL,,878.2,850.3,860,,,12943,11137319.4,134,,
2025-10-30,SLBBL,,885,857.1,884.7,,,11282,9876506.8,76,,
2025-10-30,SLBSL,,1386.1,1315,1371,,,7384,9946678.1,82,,
2025-10-30,SMATA,,868.9,810,831,,,21423,17713375.1,273,,
2025-10-30,SMB,,2249,2105,2246,,,3089,6779646,75,,
2025-10-30,SMFBS,,1723.2,1592,1698,,,3236,5331746,53,,
2025-10-30,SMH,,799.9,770,776,,,806,632404.2,29,,
2025-10-30,SMHL,,897,791,897,,,23327,19315410.7,169,,
2025-10-30,SMJC,,521,495.1,521,,,10713,5493317.9,136,,
2025-10-30,SMPDA,,917,870,917,,,5184,4636308.2,78,,
2025-10-30,SNLI,,475,448,475,,,48756,22412491.4,452,,
2025-10-30,SONA,,422,404,418,,,43262,17949612.6,342,,
2025-10-30,SPC,,475,461,470.6,,,2579,1213948.3,54,,
2025-10-30,SPDL,,412,388.2,412,,,248573,100635975.8,827,,
2025-10-30,SPHL,,524.2,487.1,521,,,9724,5031690.1,90,,
2025-10-30,SPL,,974.8,904,974.8,,,1434,1346453.4,39,,
2025-10-30,SRLI,,388.6,374.1,387.2,,,17368,6675345.4,244,,
2025-10-30,SSHL,,175.9,168.5,173,,,66726,11565401.1,210,,
2025-10-30,STC,,5280,5180,5273,,,1082,5686463,44,,
2025-10-30,SWBBL,,823,783.2,820,,,9408,7537882.1,86,,
2025-10-30,SWMF,,674,657,669,,,7186,4787880.1,59,,
2025-10-30,TAMOR,,502.3,456.4,483,,,15739,7469996.1,165,,
2025-10-30,TPC,,306,285.4,304,,,38000,11371401.3,223,,
2025-10-30,TRH,,740,711,720,,,11132,8102276.2,130,,
2025-10-30,TSHL,,702.9,690,702.9,,,3062,2141840.2,44,,
2025-10-30,TTL,,731,703.3,727.9,,,19207,13855850.5,546,,
2025-10-30,TVCL,,429,400,423.4,,,6668,2768668.4,75,,
2025-10-30,UHEWA,,577.4,546,574,,,14445,8207305.3,96,,
2025-10-30,ULBSL,,3847.5,3770.6,3770.6,,,21,80028.5,2,,
2025-10-30,ULHC,,450.8,428,437,,,7220,3184972.8,75,,
2025-10-30,UMHL,,538.7,525.4,535,,,92034,48888332.5,269,,
2025-10-30,UMRH,,570,549.3,569,,,8010,4549662.2,48,,
2025-10-30,UNHPL,,528.8,512.1,513,,,362817,187555534.4,831,,
2025-10-30,UNL,,47500,47500,47500,,,0,0,0,,
2025-10-30,UNLB,,2010,1920,2010,,,942,1848521,33,,
2025-10-30,UPCL,,385,358.3,384,,,369523,138538908.9,902,,
2025-10-30,UPPER,,182,177.1,180.1,,,55787,10028896,334,,
2025-10-30,USHEC,,469,442.3,467,,,13538,6230101.8,84,,
2025-10-30,USHL,,719,703.2,709,,,4315,3065208,42,,
2025-10-30,USLB,,2002.1,1837.5,2002.1,,,41895,80961434.5,243,,
2025-10-30,VLBS,,790,755,788.4,,,1090,838679,23,,
2025-10-30,VLUCL,,581.4,563.1,578,,,11406,6510028.9,125,,
