date,symbol,open,high,low,close,prev_close,vwap,volume,turnover,trades,week_52_high,week_52_low
2025-12-01,ACLBSL,,1024.9,996,1024.9,,,1541,1560896,27,,
2025-12-01,ADBL,,306,300.3,303.9,,,56148,16981122.6,317,,
2025-12-01,AHL,,602,591.5,600,,,1702,1014204.1,40,,
2025-12-01,AHPC,,286.7,281.1,284,,,82268,23293926.9,300,,
2025-12-01,AKJCL,,192,188,190,,,50310,9525339.6,165,,
2025-12-01,AKPL,,248.5,244,245,,,56211,13810105.4,183,,
2025-12-01,ALBSL,,1160,1086.7,1155.1,,,68080,77154188.5,555,,
2025-12-01,ALICL,,483.9,476,479.5,,,42091,20133180.1,228,,
2025-12-01,ANLB,,6290,6172.3,6288.8,,,81,503961.7,9,,
2025-12-01,API,,291.1,283,289,,,81123,23369848.4,252,,
2025-12-01,AVYAN,,994,968,990,,,3560,3490864.1,57,,
2025-12-01,BANDIPUR,,806,758,789,,,187463,146792961,6910,,
2025-12-01,BARUN,,340,328.7,337,,,214761,71932053.3,641,,
2025-12-01,BBC,,4997,4802.1,4900,,,1302,6335621,63,,
2025-12-01,BEDC,,570,556,556,,,16304,9162316.9,139,,
2025-12-01,BFC,,478.9,461.2,473,,,19245,9062761.2,95,,
2025-12-01,BGWT,,776,762.4,765,,,450,345429,16,,
2025-12-01,BHCL,,496,476.8,479.9,,,68130,33094657.7,853,,
2025-12-01,BHDC,,499,483.1,486.2,,,19385,9493945.7,158,,
2025-12-01,BHL,,182.9,180,181.3,,,66062,11983632.8,316,,
2025-12-01,BHPL,,667,658.2,663,,,1333,883129.2,27,,
2025-12-01,BNHC,,454,440.2,449.9,,,5202,2320875.7,60,,
2025-12-01,BNL,,16170,15850,15850,,,20,320200,2,,
2025-12-01,BNT,,12090,11900,11900.1,,,144,1727281,11,,
2025-12-01,BPCL,,729.8,715,715,,,53031,38189626,251,,
2025-12-01,BUNGAL,,565,544,562,,,32047,17813465,1311,,
2025-12-01,CBBL,,1054.9,1037.1,1040,,,29309,30577137.9,182,,
2025-12-01,CFCL,,497,485,494.9,,,18462,9078850.6,108,,
2025-12-01,CGH,,877,867,868.3,,,17233,15029713.8,137,,
2025-12-01,CHCL,,505.9,494.2,495.9,,,14967,7433157.2,146,,
2025-12-01,CHDC,,2433,2342,2367,,,13998,33040953,242,,
2025-12-01,CHL,,273.9,263.3,266,,,45439,12177729.2,191,,
2025-12-01,CIT,,1872,1850,1865,,,5627,10447691.3,106,,
2025-12-01,CITY,,538,530.1,530.2,,,5065,2690659.6,45,,
2025-12-01,CKHL,,633,622.2,630,,,2546,1597932,52,,
2025-12-01,CLI,,490,484.2,488,,,40072,19514627.1,349,,
2025-12-01,CREST,,1279.7,1240.1,1259,,,7242,9044608,226,,
2025-12-01,CYCL,,1540,1462.2,1530,,,3937,5982208.7,92,,
2025-12-01,CZBIL,,198.9,193.1,196,,,61257,11986740,103,,
2025-12-01,DDBL,,885,865,884,,,32714,28538143.2,144,,
2025-12-01,DHEL,,572.3,553.1,569.3,,,29522,16675346.5,1453,,
2025-12-01,DHPL,,313,300,307,,,13416,4106208.2,88,,
2025-12-01,DLBS,,1368,1340.1,1363,,,483,655841,17,,
2025-12-01,DOLTI,,542,529.9,538,,,7597,4060595.9,107,,
2025-12-01,DORDI,,272,259.4,268.8,,,93257,24916066.6,345,,
2025-12-01,EBL,,655,641,650,,,12453,8104921.5,93,,
2025-12-01,EHPL,,452,430,433,,,79474,34845637.8,281,,
2025-12-01,ENL,,933.3,910,925,,,843,774538,23,,
2025-12-01,FMDBL,,839,820.1,831,,,15905,13270280.8,131,,
2025-12-01,FOWAD,,1125,1100.2,1123.7,,,1700,1891118.9,35,,
2025-12-01,GBIME,,230,226.9,227,,,52719,12014154.6,259,,
2025-12-01,GBLBS,,780,780,780,,,0,0,0,,
2025-12-01,GCIL,,469.9,462,463,,,29116,13512389.2,407,,
2025-12-01,GFCL,,595,577.3,590,,,6504,3794859.3,56,,
2025-12-01,GHL,,216.9,213.2,215,,,23051,4956227.6,105,,
2025-12-01,GILB,,1315.4,1270.2,1294,,,2385,3082730.1,45,,
2025-12-01,GLBSL,,2024.9,1962,2023.8,,,703,1415272.8,33,,
2025-12-01,GLH,,260,254.2,257.5,,,19852,5086035.1,141,,
2025-12-01,GMFBS,,1569,1537.7,1538,,,188,292084,13,,
2025-12-01,GMFIL,,495,454,470,,,91781,42940376.8,483,,
2025-12-01,GMLI,,1866.6,1831.1,1840,,,3850,7096271,48,,
2025-12-01,GUFL,,509.9,497,509,,,7464,3776604.5,43,,
2025-12-01,GVL,,602,538.1,599,,,113200,62354682.8,434,,
2025-12-01,HATHY,,927,911.1,924,,,8069,7426119.8,119,,
2025-12-01,HBL,,203,190.4,196.5,,,92905,18149261.2,1605,,
2025-12-01,HDHPC,,187.9,182,185,,,104642,19266600.6,326,,
2025-12-01,HDL,,1203,1180,1180,,,68330,81176312.9,651,,
2025-12-01,HHL,,353.9,338.5,342,,,39455,13672868.9,241,,
2025-12-01,HIDCL,,276.4,271.5,273,,,162358,44495836.7,295,,
2025-12-01,HIMSTAR,,940,878,933.3,,,20090,18282940.5,594,,
2025-12-01,HLBSL,,924,908,921,,,1976,1809304.2,37,,
2025-12-01,HLI,,385.9,378,381,,,46254,17580200.6,426,,
2025-12-01,HPPL,,489.6,479.1,489,,,64112,31076225.7,274,,
2025-12-01,HRL,,870,851,856.2,,,178799,153857937.8,1209,,
2025-12-01,HURJA,,231.7,226.6,227.1,,,33459,7648405,138,,
2025-12-01,ICFC,,645,636,644.9,,,8942,5732756,76,,
2025-12-01,IHL,,557,541,557,,,9196,5029620.6,44,,
2025-12-01,ILBS,,1174,1100,1119,,,10645,11940396.9,80,,
2025-12-01,ILI,,472,463.1,467,,,30636,14332737.9,381,,
2025-12-01,JBLB,,1536,1507,1525,,,15801,24134470.2,218,,
2025-12-01,JFL,,425,421.1,422.2,,,11359,4807807.1,90,,
2025-12-01,JHAPA,,887.3,822.8,887.3,,,870,770368,87,,
2025-12-01,JOSHI,,326,300.7,316,,,227233,71697889.5,1257,,
2025-12-01,JSLBB,,1222,1199,1219,,,522,627375,13,,
2025-12-01,KBL,,186.9,183,184.5,,,108321,19972041,312,,
2025-12-01,KBSH,,1795,1755,1770,,,377,669751,16,,
2025-12-01,KDL,,895.6,874,883,,,2759,2432311.5,38,,
2025-12-01,KKHC,,252,241,250,,,16750,4106118.6,98,,
2025-12-01,KMCDB,,1128,1028,1080,,,15371,16564729.6,196,,
2025-12-01,KPCL,,560,552,556.1,,,28163,15659937.8,134,,
2025-12-01,LEC,,197.5,193.3,193.3,,,57466,11222072.4,234,,
2025-12-01,LICN,,930,914.1,914.4,,,33572,30836366.7,165,,
2025-12-01,LLBS,,1050,986.2,1050,,,2933,2947563,30,,
2025-12-01,LSL,,238,229.4,232,,,439831,101971624.3,504,,
2025-12-01,MABEL,,688,658.6,670,,,70380,47608206,1050,,
2025-12-01,MAKAR,,560.9,550.4,550.6,,,2410,1337574,40,,
2025-12-01,MANDU,,808,791.5,802.1,,,757,604467,32,,
2025-12-01,MATRI,,970,954,958.1,,,1989,1924035.8,33,,
2025-12-01,MBJC,,287.1,281,283,,,13970,3956841.8,238,,
2025-12-01,MBL,,222.2,213.7,220.4,,,40773,8931250.7,125,,
2025-12-01,MCHL,,491.9,465,486,,,5870,2837468.6,66,,
2025-12-01,MEHL,,465,432.2,465,,,37803,17013776.2,275,,
2025-12-01,MEL,,297.7,283,291,,,16180,4691233.5,229,,
2025-12-01,MEN,,672,658,666,,,113812,75682221,670,,
2025-12-01,MERO,,783.3,768,773.2,,,4810,3725466.4,55,,
2025-12-01,MFIL,,610,593.8,600,,,20979,12672293.5,90,,
2025-12-01,MHCL,,410,395,402,,,13452,5382635.9,104,,
2025-12-01,MHL,,507,496,496,,,23650,11855199.6,159,,
2025-12-01,MHNL,,252.7,250,252.5,,,5309,1331880.5,44,,
2025-12-01,MKCL,,1404,1382,1398,,,1898,2642663.3,47,,
2025-12-01,MKHC,,401,381,397,,,11924,4670411,95,,
2025-12-01,MKHL,,832.4,800.1,825,,,980,800520,40,,
2025-12-01,MKJC,,543,535,540,,,11141,5989456.5,91,,
2025-12-01,MLBBL,,1520,1499,1510,,,1533,2314709,36,,
2025-12-01,MLBS,,1523.9,1495,1523.9,,,215,323020,16,,
2025-12-01,MLBSL,,2023,1951.3,2021.9,,,1127,2241725,36,,
2025-12-01,MMKJL,,589.7,577.1,583.1,,,3231,1886067.6,51,,
2025-12-01,MPFL,,554.9,540.1,548,,,12434,6821213.5,70,,
2025-12-01,MSHL,,904,885.2,890.1,,,430,383767,24,,
2025-12-01,MSLB,,1559,1480,1483,,,18673,27996134.1,95,,
2025-12-01,NABIL,,519.4,510.5,512,,,21944,11231680.4,276,,
2025-12-01,NADEP,,794,771,776.3,,,1538,1198924.6,29,,
2025-12-01,NBL,,250,242.1,245,,,16670,4069562.3,125,,
2025-12-01,NESDO,,1525,1500.1,1513,,,738,1119059.8,23,,
2025-12-01,NFS,,650,633.6,639.3,,,16165,10398648,139,,
2025-12-01,NGPL,,394.5,387,390.2,,,170806,66725223.2,484,,
2025-12-01,NHDL,,709.9,695,696.1,,,1211,844346.9,18,,
2025-12-01,NHPC,,194,190.2,192,,,38554,7393309.6,134,,
2025-12-01,NICA,,330.9,323.4,324,,,60641,19713415.1,275,,
2025-12-01,NICLBSL,,584,565.1,580,,,19533,11290383.4,172,,
2025-12-01,NIFRA,,276,270.3,272.5,,,133205,36375872,604,,
2025-12-01,NIMB,,202,196,198,,,87604,17313287.1,257,,
2025-12-01,NLIC,,854,825,840,,,74629,62882662.5,402,,
2025-12-01,NLICL,,629,618.1,623.5,,,19169,11913348.2,101,,
2025-12-01,NLO,,244.33,244.33,244.33,,,0,0,0,,
2025-12-01,NMB,,254.7,249.3,251.4,,,60782,15295384.5,200,,
2025-12-01,NMBMF,,724,674.2,700.9,,,10989,7754206.3,135,,
2025-12-01,NMFBS,,1331,1300,1328,,,2695,3540341.7,42,,
2025-12-01,NMLBBL,,673.2,652.5,669.9,,,32453,21623430.6,122,,
2025-12-01,NRIC,,1347,1320,1327,,,101463,135412201.6,484,,
2025-12-01,NRM,,428,418.1,421,,,15243,6444445.3,161,,
2025-12-01,NRN,,1500,1451,1455,,,86487,126924530.6,592,,
2025-12-01,NTC,,867,856,861.7,,,6734,5802156.3,96,,
2025-12-01,NUBL,,782,763.1,771,,,21304,16562978.3,106,,
2025-12-01,NWCL,,830,815,824.1,,,1096,901582.6,43,,
2025-12-01,NYADI,,405,385.1,395.2,,,9029,3569911.7,123,,
2025-12-01,OHL,,729,700,715.9,,,7693,5455025.4,67,,
2025-12-01,OMPL,,1239.9,1209,1215,,,10546,12843013.7,262,,
2025-12-01,PCBL,,252.8,248.6,250.1,,,58068,14522746.5,159,,
2025-12-01,PFL,,384,376,380,,,7763,2963108.5,61,,
2025-12-01,PHCL,,283,274,275,,,111562,30849908.7,650,,
2025-12-01,PMHPL,,339.9,331,338,,,52361,17531840.7,163,,
2025-12-01,PMLI,,515,504.3,515,,,11284,5751067.5,156,,
2025-12-01,PPCL,,334,324,332.8,,,22564,7448142.9,113,,
2025-12-01,PPL,,347.9,333.2,345.6,,,72596,24809118.7,317,,
2025-12-01,PROFL,,468,452,463.9,,,10081,4658227.4,69,,
2025-12-01,PRVU,,193,187,191,,,184837,35176497.2,545,,
2025-12-01,PURE,,898,857.1,873,,,22675,19879984.6,301,,
2025-12-01,RADHI,,751.8,731.3,733,,,77961,57466097.3,326,,
2025-12-01,RAWA,,715,701,702.5,,,970,682210,25,,
2025-12-01,RFPL,,405.5,391,400,,,104603,41616154.6,406,,
2025-12-01,RHGCL,,268,258.2,263.5,,,57764,15289510.4,209,,
2025-12-01,RHPL,,269,266,267,,,11818,3163262.9,125,,
2025-12-01,RIDI,,229,222.5,224,,,75808,17123168.4,254,,
2025-12-01,RLFL,,434.9,424,427,,,9314,4012564,55,,
2025-12-01,RNLI,,505,493,496,,,132777,66133953.4,746,,
2025-12-01,RSDC,,665,650.1,659.9,,,12283,8104634.4,103,,
2025-12-01,RURU,,751.9,740.1,746,,,9884,7359284.1,69,,
2025-12-01,SAGAR,,1613.1,1495.8,1613.1,,,3280,5288094,328,,
2025-12-01,SAHAS,,565,553.2,559,,,59129,33081577.6,392,,
2025-12-01,SAIL,,534,490,534,,,790,420214,79,,
2025-12-01,SANIMA,,321,309,316.5,,,59495,18712934.7,210,,
2025-12-01,SANVI,,655,638.9,640,,,26295,16959936.7,480,,
2025-12-01,SARBTM,,889,866.3,888,,,33634,29484255.6,166,,
2025-12-01,SBI,,404.8,390,401,,,15803,6270141.2,81,,
2025-12-01,SBL,,354,347,352.5,,,62397,21879278,122,,
2025-12-01,SCB,,666.9,657,665.8,,,110362,73223558.2,520,,
2025-12-01,SGHC,,427,412.1,414.3,,,44823,18760015.5,255,,
2025-12-01,SHEL,,293.7,288,290.1,,,103028,29902325.1,324,,
2025-12-01,SHIVM,,596.9,587.1,589.9,,,75009,44328799.7,362,,
2025-12-01,SHL,,500,488,493,,,24408,12001564.3,100,,
2025-12-01,SHLB,,1726.8,1685.2,1726.8,,,2072,3547451,35,,
2025-12-01,SHPC,,544,523,538.5,,,135456,72921107.9,470,,
2025-12-01,SIFC,,519,503,514,,,23079,11870575.7,156,,
2025-12-01,SIKLES,,669,655,660,,,44188,29193055.9,279,,
2025-12-01,SJCL,,294.2,284.1,287,,,14571,4222620.8,106,,
2025-12-01,SJLIC,,474,460,463.5,,,103950,48471012.2,399,,
2025-12-01,SKBBL,,880,868.2,874,,,11731,10222384.7,109,,
2025-12-01,SLBBL,,925,900,909,,,18000,16365078.7,134,,
2025-12-01,SLBSL,,1320,1300,1311,,,1148,1502220,35,,
2025-12-01,SMATA,,839,820,829.9,,,12141,10039572.9,139,,
2025-12-01,SMB,,2238,2185,2185,,,228,502026.4,16,,
2025-12-01,SMFBS,,1661.5,1629,1661.5,,,490,805369.3,20,,
2025-12-01,SMH,,806,775.1,796,,,810,636846.5,20,,
2025-12-01,SMHL,,773,750,760,,,23127,17511704.2,210,,
2025-12-01,SMJC,,520,510.3,520,,,9685,5000210.1,112,,
2025-12-01,SMPDA,,922.9,903,920,,,12400,11322695.4,132,,
2025-12-01,SNLI,,516.1,502,507,,,69911,35610797.4,551,,
2025-12-01,SONA,,438,429.3,435,,,32627,14129428.4,351,,
2025-12-01,SPC,,503,481.1,496,,,19171,9516176.1,156,,
2025-12-01,SPDL,,426.3,410,415.2,,,136395,57002015.4,349,,
2025-12-01,SPHL,,542,525,539.5,,,9127,4913709.8,89,,
2025-12-01,SPL,,913,895.5,910,,,341,310154,13,,
2025-12-01,SRLI,,415,402,408,,,72813,29802198.7,368,,
2025-12-01,SSHL,,168.8,162.7,165.8,,,29907,4990376,167,,
2025-12-01,STC,,5380,5301,5332,,,268,1432463,19,,
2025-12-01,SWASTIK,,987.1,896.2,987.1,,,130,124693,13,,
2025-12-01,SWBBL,,822,801,807,,,5995,4829158,53,,
2025-12-01,SWMF,,706.9,690,703.5,,,7261,5068831.3,78,,
2025-12-01,TAMOR,,480,472.2,476.2,,,14755,7041662.5,132,,
2025-12-01,TPC,,352.8,340.1,344.9,,,49415,17020106.2,220,,
2025-12-01,TRH,,719.9,711.1,718.7,,,2740,1957507.9,35,,
2025-12-01,TSHL,,695.9,687.2,692,,,3618,2495773.1,42,,
2025-12-01,TTL,,809,786.1,799,,,34810,27670686.6,770,,
2025-12-01,TVCL,,418,407,414.5,,,4490,1858181.7,61,,
2025-12-01,UHEWA,,605,591,600.5,,,17214,10331523.1,140,,
2025-12-01,ULBSL,,3826,3745,3790,,,418,1570310.9,21,,
2025-12-01,ULHC,,464,450.3,457,,,13763,6268849,116,,
2025-12-01,UMHL,,610,557.1,590.9,,,470614,271003180.1,1392,,
2025-12-01,UMRH,,590,560,565.3,,,12868,7398545,51,,
2025-12-01,UNHPL,,504.9,496.1,496.1,,,104026,52039869.1,279,,
2025-12-01,UNL,,47400,47000,47400,,,50,2365950,5,,
2025-12-01,UNLB,,2019,1990,1997,,,1700,3386605.6,24,,
2025-12-01,UPCL,,375.3,361,366.5,,,89272,32929518.7,268,,
2025-12-01,UPPER,,181.5,179,179.4,,,48204,8688598.1,292,,
2025-12-01,USHEC,,481,474.1,480,,,22639,10811555.3,141,,
2025-12-01,USHL,,697.5,680,691,,,2176,1491988,44,,
2025-12-01,USLB,,1652,1580,1623.9,,,12269,19851237,261,,
2025-12-01,VLBS,,798.9,774.2,780.1,,,5792,4550313.9,56,,
2025-12-01,VLUCL,,563,552,563,,,7070,3933392.8,104,,
2025-12-02,ACLBSL,,1030,1011,1015.5,,,738,753313,22,,
2025-12-02,ADBL,,302.9,300,301,,,40658,12222393.7,201,,
2025-12-02,AHL,,602,595,600,,,1333,796472,28,,
2025-12-02,AHPC,,289.6,283.5,284.9,,,93441,26658860.4,314,,
2025-12-02,AKJCL,,191,188.2,188.3,,,25332,4798299.8,118,,
2025-12-02,AKPL,,247.9,242,243,,,83145,20298998.4,240,,
2025-12-02,ALBSL,,1184,1132,1179,,,48051,56162310.5,343,,
2025-12-02,ALICL,,480,468.5,473.4,,,53560,25264704,331,,
2025-12-02,ANLB,,6287.9,6165.1,6287.9,,,20,124530,2,,
2025-12-02,API,,293,283.5,291,,,114052,33190892.2,307,,
2025-12-02,AVYAN,,990,973,990,,,1425,1394160.5,40,,
2025-12-02,BANDIPUR,,796,778.5,780,,,76732,60088493.6,3686,,
2025-12-02,BARUN,,343.9,330.3,337,,,241707,81081337.8,678,,
2025-12-02,BBC,,4940,4835,4938,,,110,539020,9,,
2025-12-02,BEDC,,567,545,560,,,10758,6013929.3,111,,
2025-12-02,BFC,,478.6,468.4,475.3,,,11640,5506613.9,60,,
2025-12-02,BGWT,,779,760,768,,,1144,877229.5,30,,
2025-12-02,BHCL,,517,473.1,511,,,99073,49438574.3,1440,,
2025-12-02,BHDC,,494.9,480.2,485.6,,,26243,12783432.7,189,,
2025-12-02,BHL,,182.6,180,181.7,,,68188,12366898.2,311,,
2025-12-02,BHPL,,662,651.5,662,,,3004,1978538.5,41,,
2025-12-02,BNHC,,455,442.2,445.3,,,13337,5995105.3,77,,
2025-12-02,BNL,,15850,15850,15850,,,0,0,0,,
2025-12-02,BNT,,12138.1,11864,12100,,,209,2511646,18,,
2025-12-02,BPCL,,726,701,715,,,54441,39005090.7,201,,
2025-12-02,BUNGAL,,618.2,552.4,618.2,,,140946,84855338.2,2040,,
2025-12-02,CBBL,,1048,1030.6,1032.2,,,9267,9590308.8,104,,
2025-12-02,CFCL,,500,489.1,494.7,,,9172,4516374.4,51,,
2025-12-02,CGH,,897,866,879.8,,,8586,7557044,104,,
2025-12-02,CHCL,,503,493,495.1,,,18527,9214660.4,159,,
2025-12-02,CHDC,,2396,2342,2369,,,15947,37590957.8,202,,
2025-12-02,CHL,,274,268.1,272,,,49683,13496540.9,212,,
2025-12-02,CIT,,1867,1857,1862,,,3556,6615269,69,,
2025-12-02,CITY,,534,521.2,531.2,,,3644,1920129.8,56,,
2025-12-02,CKHL,,642,626.1,639,,,2981,1904659,44,,
2025-12-02,CLI,,490,479,487.8,,,13167,6405840.7,228,,
2025-12-02,CREST,,1260,1246,1258,,,4265,5339320.8,170,,
2025-12-02,CYCL,,1553,1502,1537,,,879,1350858,44,,
2025-12-02,CZBIL,,195,193.1,193.1,,,34331,6663641.4,81,,
2025-12-02,DDBL,,895,877,889.8,,,10259,9118819,76,,
2025-12-02,DHEL,,617,561.1,605,,,101883,60452603.7,2196,,
2025-12-02,DHPL,,313,301.1,305.1,,,16035,4879230.6,101,,
2025-12-02,DLBS,,1370,1335.8,1368,,,863,1169832.9,30,,
2025-12-02,DOLTI,,547.7,520,535,,,7287,3956080.5,90,,
2025-12-02,DORDI,,275,265,272,,,83963,22807168.8,254,,
2025-12-02,EBL,,655,643,643,,,28724,18628020.1,153,,
2025-12-02,EHPL,,450,431.3,445,,,65717,28999286.4,245,,
2025-12-02,ENL,,934,905,934,,,885,809144.5,24,,
2025-12-02,FMDBL,,840,826.3,830.5,,,10038,8370994.6,99,,
2025-12-02,FOWAD,,1129.5,1107,1120,,,738,825618.7,25,,
2025-12-02,GBIME,,229,226.2,227.5,,,60803,13787911.3,203,,
2025-12-02,GBLBS,,780,780,780,,,0,0,0,,
2025-12-02,GCIL,,469.9,460.1,460.6,,,22398,10378911.4,303,,
2025-12-02,GFCL,,595,583,592,,,5379,3187616,38,,
2025-12-02,GHL,,217,213.2,213.3,,,33914,7263714.8,130,,
2025-12-02,GILB,,1313.8,1285,1287.5,,,968,1250185.4,24,,
2025-12-02,GLBSL,,2023.8,1995.5,2000,,,171,341884.3,15,,
2025-12-02,GLH,,260,255.1,255.8,,,20226,5202266.6,123,,
2025-12-02,GMFBS,,1664,1507.6,1564,,,357,559709.7,16,,
2025-12-02,GMFIL,,488,461,481,,,85386,41280778.8,326,,
2025-12-02,GMLI,,1868,1822,1825.1,,,1223,2244372,47,,
2025-12-02,GUFL,,518,500.1,508.9,,,2369,1206200,19,,
2025-12-02,GVL,,587.2,540,540,,,201886,111112569.1,759,,
2025-12-02,HATHY,,924,912.1,918.5,,,5326,4880558.9,120,,
2025-12-02,HBL,,194.9,192.7,193.9,,,36363,7031270.4,1227,,
2025-12-02,HDHPC,,186,181.5,184,,,64462,11833197,214,,
2025-12-02,HDL,,1190,1171.5,1175.5,,,29579,34891974.8,415,,
2025-12-02,HHL,,348.8,340,344.9,,,28704,9889370.4,151,,
2025-12-02,HIDCL,,273.9,270,273,,,71159,19401953.9,183,,
2025-12-02,HIMSTAR,,1002,882.3,960,,,38731,36524790.8,781,,
2025-12-02,HLBSL,,930,910,925,,,3778,3464603.4,43,,
2025-12-02,HLI,,384.5,376.3,380,,,24277,9221167.6,237,,
2025-12-02,HPPL,,494,480.1,484.9,,,80082,38967070.7,212,,
2025-12-02,HRL,,867,850,851,,,124651,106923594.9,873,,
2025-12-02,HURJA,,231.5,226.5,227.5,,,27514,6250903,116,,
2025-12-02,ICFC,,649.9,638,646.8,,,4898,3157402.3,49,,
2025-12-02,IHL,,557.9,546,552.9,,,3164,1748038.7,57,,
2025-12-02,ILBS,,1138,1093,1127,,,7797,8612399.2,80,,
2025-12-02,ILI,,469,463,468.1,,,16785,7822980.9,245,,
2025-12-02,JBLB,,1549,1520,1520,,,11082,16986559.4,159,,
2025-12-02,JFL,,430,420,422.1,,,7680,3239329,91,,
2025-12-02,JHAPA,,976,905,976,,,1260,1227309,120,,
2025-12-02,JOSHI,,326.4,311,325,,,130791,42006585,637,,
2025-12-02,JSLBB,,1230,1200,1220,,,176,213015,8,,
2025-12-02,KBL,,185,182.2,183,,,104348,19155327.1,273,,
2025-12-02,KBSH,,1805.4,1750,1800,,,161,289290,10,,
2025-12-02,KDL,,887,866,884,,,5885,5139840.5,84,,
2025-12-02,KKHC,,253,246,247,,,5919,1462713.6,44,,
2025-12-02,KMCDB,,1135,1058.4,1100,,,19761,22031514.2,250,,
2025-12-02,KPCL,,561.9,554,561,,,33636,18790696.6,141,,
2025-12-02,LEC,,196,193,193,,,51847,10050750.4,176,,
2025-12-02,LICN,,928.9,900.3,901.5,,,23481,21366336.3,146,,
2025-12-02,LLBS,,1050,1014.3,1025.9,,,227,233095,12,,
2025-12-02,LSL,,236,231,233.4,,,76549,17836777.1,188,,
2025-12-02,MABEL,,737,656.6,737,,,107010,74981560.5,1566,,
2025-12-02,MAKAR,,555.8,545.2,550.1,,,2627,1449652.7,41,,
2025-12-02,MANDU,,828,810,814,,,6664,5457632,78,,
2025-12-02,MATRI,,967,950.4,953.2,,,387,370027.4,16,,
2025-12-02,MBJC,,295.4,280.2,292.8,,,42588,12366209.4,385,,
2025-12-02,MBL,,220.9,218.1,220.8,,,28172,6197076.7,79,,
2025-12-02,MCHL,,509,472.2,487,,,3101,1509039,45,,
2025-12-02,MEHL,,476,456,474.8,,,34182,16039610.2,269,,
2025-12-02,MEL,,302,281.1,296,,,32914,9748394.3,286,,
2025-12-02,MEN,,679.3,667,669,,,342612,229434605.1,1656,,
2025-12-02,MERO,,819,765.3,775,,,5399,4208223.7,53,,
2025-12-02,MFIL,,620,600,606,,,26891,16413974.91,155,,
2025-12-02,MHCL,,403.8,395,399.1,,,5110,2043370.5,62,,
2025-12-02,MHL,,505,494.2,496.5,,,15357,7656372,100,,
2025-12-02,MHNL,,255.5,248.1,253,,,10119,2538764.6,68,,
2025-12-02,MKCL,,1400,1375,1385,,,1643,2275719.8,58,,
2025-12-02,MKHC,,404.1,383,394.9,,,5758,2251069.8,67,,
2025-12-02,MKHL,,825,793,807,,,8523,6928623.8,65,,
2025-12-02,MKJC,,544,536.5,536.5,,,12108,6531434,90,,
2025-12-02,MLBBL,,1524,1503.5,1510,,,926,1396258.9,27,,
2025-12-02,MLBS,,1520,1496,1496.3,,,425,637270.5,20,,
2025-12-02,MLBSL,,2020,1980,2000,,,718,1432574.9,19,,
2025-12-02,MMKJL,,589.9,575.2,589.9,,,6823,3969520.5,73,,
2025-12-02,MPFL,,556,537.1,552.6,,,15076,8341469.2,78,,
2025-12-02,MSHL,,925,890.2,907,,,3724,3393908,51,,
2025-12-02,MSLB,,1511.9,1455,1480,,,2218,3279787.7,54,,
2025-12-02,NABIL,,516.8,510,512.5,,,39306,20173367.4,280,,
2025-12-02,NADEP,,788.9,772.2,772.3,,,2877,2225023.3,19,,
2025-12-02,NBL,,248.5,242,243,,,22108,5399337.3,119,,
2025-12-02,NESDO,,1539,1513,1515.5,,,614,932930.1,26,,
2025-12-02,NFS,,651.9,639,640,,,15285,9850104.5,109,,
2025-12-02,NGPL,,405.6,390,398.3,,,403438,161630769.7,1017,,
2025-12-02,NHDL,,705,688.3,696,,,1328,930833.7,31,,
2025-12-02,NHPC,,195.6,190,191.9,,,26732,5118138.6,102,,
2025-12-02,NICA,,327,317.1,326.9,,,60134,19319826.1,293,,
2025-12-02,NICLBSL,,585,569,579,,,3804,2206062,70,,
2025-12-02,NIFRA,,275.1,270.7,275,,,91993,25156336.3,484,,
2025-12-02,NIMB,,199.3,195.4,197,,,38571,7644916.3,187,,
2025-12-02,NLIC,,849,838.1,839.2,,,54611,45884346.8,260,,
2025-12-02,NLICL,,635.8,609.8,612.5,,,18049,11121230.6,97,,
2025-12-02,NLO,,244.33,244.33,244.33,,,0,0,0,,
2025-12-02,NMB,,255,248,249.8,,,57920,14503838.8,157,,
2025-12-02,NMBMF,,720,686.9,703,,,3220,2247815.6,28,,
2025-12-02,NMFBS,,1330,1300,1300,,,4301,5612127.1,37,,
2025-12-02,NMLBBL,,684,656.9,684,,,26458,17822126.2,133,,
2025-12-02,NRIC,,1347,1303,1331,,,63018,84157797.1,416,,
2025-12-02,NRM,,431,420,420.4,,,20968,8900323.5,186,,
2025-12-02,NRN,,1474,1432,1433,,,27050,39153338,327,,
2025-12-02,NTC,,865,858.1,860,,,7090,6100300.1,97,,
2025-12-02,NUBL,,785,762,776,,,7073,5484908.2,69,,
2025-12-02,NWCL,,842.9,810,819.1,,,2929,2431321.2,53,,
2025-12-02,NYADI,,405,387.3,400.2,,,9921,3985211.7,87,,
2025-12-02,OHL,,716.9,702.1,716,,,4699,3326142.5,48,,
2025-12-02,OMPL,,1225,1201,1225,,,11587,14045019.9,225,,
2025-12-02,PCBL,,250,247.2,248.4,,,25659,6377704.5,94,,
2025-12-02,PFL,,383,369.1,370.5,,,13140,4920657.9,106,,
2025-12-02,PHCL,,293,274.4,292,,,218291,62190711.7,935,,
2025-12-02,PMHPL,,341,331,338,,,61129,20411221.1,158,,
2025-12-02,PMLI,,518.8,506.2,508.9,,,6433,3278600.3,110,,
2025-12-02,PPCL,,339.4,327.3,334.5,,,19915,6551562.1,94,,
2025-12-02,PPL,,350,339,341,,,79391,27330008.7,272,,
2025-12-02,PROFL,,469,460,464.9,,,8303,3847093.2,50,,
2025-12-02,PRVU,,190,187.2,189,,,115149,21694997.4,404,,
2025-12-02,PURE,,902.6,872.2,902,,,28413,25327593.3,399,,
2025-12-02,RADHI,,745,736,738.6,,,49368,36490430.1,242,,
2025-12-02,RAWA,,720,695,705.6,,,1122,797161.1,40,,
2025-12-02,RFPL,,408.9,397,399.9,,,87277,35325500.1,335,,
2025-12-02,RHGCL,,270,261,269.9,,,44723,11912046.9,203,,
2025-12-02,RHPL,,293.7,267,290,,,267129,76260296.1,1264,,
2025-12-02,RIDI,,228.4,225,225,,,49102,11113881.9,179,,
2025-12-02,RLFL,,438,427.5,432,,,7226,3123565,56,,
2025-12-02,RNLI,,504,486.1,494.5,,,91492,45322653.8,483,,
2025-12-02,RSDC,,668.5,651,659,,,6532,4294243.4,65,,
2025-12-02,RURU,,750,741.2,748,,,8482,6309501.1,63,,
2025-12-02,SAGAR,,1774.4,1645.3,1774.4,,,3010,5337779,301,,
2025-12-02,SAHAS,,565,554,555,,,72695,40401326.3,424,,
2025-12-02,SAIL,,587.4,534,587.4,,,810,473139,81,,
2025-12-02,SANIMA,,320,312,315,,,33818,10620392.3,128,,
2025-12-02,SANVI,,676,640,668.5,,,32645,21583689.9,607,,
2025-12-02,SARBTM,,900,865,882.8,,,45438,39913684.4,187,,
2025-12-02,SBI,,401,397,397.3,,,14130,5628097.4,72,,
2025-12-02,SBL,,359,350,355,,,84747,29908580.6,145,,
2025-12-02,SCB,,652.5,635,640,,,48374,30895415.6,285,,
2025-12-02,SGHC,,426,411,416.4,,,35407,14884308.4,199,,
2025-12-02,SHEL,,294.1,291,292.9,,,76229,22321385.3,243,,
2025-12-02,SHIVM,,595,583.2,587.4,,,123425,72658916.6,478,,
2025-12-02,SHL,,496,486,487.4,,,11361,5551747.5,55,,
2025-12-02,SHLB,,1739.9,1700,1729,,,944,1616761.5,20,,
2025-12-02,SHPC,,545,527.8,541.9,,,86611,46822193.8,383,,
2025-12-02,SIFC,,520,510,511,,,9840,5069579.5,60,,
2025-12-02,SIKLES,,665,655.1,661,,,32676,21571900.8,229,,
2025-12-02,SJCL,,307.9,285.2,300,,,44174,13286432.9,316,,
2025-12-02,SJLIC,,470.5,461.1,463,,,68946,31995830.5,209,,
2025-12-02,SKBBL,,885,870,873,,,12982,11331018.5,122,,
2025-12-02,SLBBL,,924,908,910.5,,,7803,7130925.8,63,,
2025-12-02,SLBSL,,1316,1303,1305,,,1035,1352158,26,,
2025-12-02,SMATA,,840,820,821,,,3948,3253523.8,83,,
2025-12-02,SMB,,2170,2115,2154,,,1844,3932575,57,,
2025-12-02,SMFBS,,1692,1650.1,1680,,,4574,7689388.4,22,,
2025-12-02,SMH,,796,782,790,,,226,177723.6,15,,
2025-12-02,SMHL,,810.9,747.3,759,,,24134,18293810.9,178,,
2025-12-02,SMJC,,524,510.1,520,,,3955,2050247,119,,
2025-12-02,SMPDA,,942,901.6,930,,,9910,9193414.4,140,,
2025-12-02,SNLI,,517.1,501.4,505.3,,,31349,15893250.7,399,,
2025-12-02,SONA,,438,430.1,433.1,,,28012,12155765.6,255,,
2025-12-02,SPC,,513,496,504.5,,,17265,8722040.1,184,,
2025-12-02,SPDL,,428,406.9,423,,,144787,61054127.5,341,,
2025-12-02,SPHL,,550.2,537,537,,,6485,3516561,49,,
2025-12-02,SPL,,928.3,892.1,915.1,,,5046,4602114.7,68,,
2025-12-02,SRLI,,413,404.2,408,,,19420,7895831.2,206,,
2025-12-02,SSHL,,168,163,165.8,,,54900,9101395.9,221,,
2025-12-02,STC,,5395,5308,5360,,,341,1830355,17,,
2025-12-02,SWASTIK,,1085.8,986.9,1085.8,,,70,73071,7,,
2025-12-02,SWBBL,,819,792,807,,,4189,3369717,54,,
2025-12-02,SWMF,,709.7,696.1,702,,,2562,1794747.6,34,,
2025-12-02,TAMOR,,484,476,482,,,14839,7128819.5,131,,
2025-12-02,TPC,,351.7,339.8,342,,,44917,15427477.9,193,,
2025-12-02,TRH,,715,705,709.9,,,2525,1786008.1,31,,
2025-12-02,TSHL,,698,683,698,,,3779,2596762.3,50,,
2025-12-02,TTL,,800,787.3,789,,,23170,18326191.7,532,,
2025-12-02,TVCL,,421.9,410,420,,,4853,2007974.2,69,,
2025-12-02,UHEWA,,610,597,605,,,9946,6013123.3,91,,
2025-12-02,ULBSL,,3773,3715,3769,,,595,2215503.3,29,,
2025-12-02,ULHC,,465.9,442,457,,,6485,2935737.9,94,,
2025-12-02,UMHL,,602,579,587,,,182787,106993652.6,657,,
2025-12-02,UMRH,,579,562.5,577,,,9015,5148376.4,58,,
2025-12-02,UNHPL,,530,490,496.8,,,634319,318135479.6,975,,
2025-12-02,UNL,,47200,47000,47200,,,40,1884000,4,,
2025-12-02,UNLB,,2009,1971,2005,,,50,99650,5,,
2025-12-02,UPCL,,376.9,368.1,369,,,69666,25847294.3,246,,
2025-12-02,UPPER,,180,178,179,,,41117,7350447.3,300,,
2025-12-02,USHEC,,482,471.2,478.5,,,15366,7334184.4,92,,
2025-12-02,USHL,,704,682.2,698,,,4037,2806551,55,,
2025-12-02,USLB,,1649.8,1595.2,1601,,,8049,12916034.4,183,,
2025-12-02,VLBS,,790.9,766.1,790.9,,,1984,1553334.2,29,,
2025-12-02,VLUCL,,569,553.5,568.9,,,8005,4472118.3,74,,
2025-12-03,ACLBSL,,1025,1010,1010,,,2479,2521828.1,42,,
2025-12-03,ADBL,,304,298.1,298.2,,,23796,7133576.8,186,,
2025-12-03,AHL,,602.9,590.2,600,,,4373,2598108.4,58,,
2025-12-03,AHPC,,290.5,281.4,281.5,,,107813,30677095.1,314,,
2025-12-03,AKJCL,,191,187,187.5,,,42060,7906397.7,158,,
2025-12-03,AKPL,,247.8,242.1,243,,,56038,13631584.2,200,,
2025-12-03,ALBSL,,1220,1160,1220,,,78038,93358007.4,625,,
2025-12-03,ALICL,,476,463.6,465,,,48017,22455151.6,336,,
2025-12-03,ANLB,,6662,6165,6186,,,296,1869951.4,28,,
2025-12-03,API,,293.7,284.9,288,,,118277,34172255.6,314,,
2025-12-03,AVYAN,,992,972,979,,,2235,2190429,38,,
2025-12-03,BANDIPUR,,837,775.1,825,,,227147,184976769.6,5466,,
2025-12-03,BARUN,,337.7,329.1,332,,,224072,74425145.5,737,,
2025-12-03,BBC,,4985,4840.3,4924.9,,,599,2920998,34,,
2025-12-03,BEDC,,571.2,541,561,,,33611,18633132.9,212,,
2025-12-03,BFC,,494,472.1,488,,,73282,35714512.7,397,,
2025-12-03,BGWT,,779.9,762,762,,,1362,1042774.5,35,,
2025-12-03,BHCL,,545,504.5,527,,,139422,73323272.6,1884,,
2025-12-03,BHDC,,495,476,483.3,,,42464,20716091.4,252,,
2025-12-03,BHL,,185.3,180.2,181,,,78853,14261972.1,340,,
2025-12-03,BHPL,,660,650,655,,,2695,1762372.1,58,,
2025-12-03,BNHC,,452,443.3,446.8,,,10087,4498773,60,,
2025-12-03,BNL,,15850,15533,15850,,,140,2195170,7,,
2025-12-03,BNT,,12299.8,11911,11920,,,145,1737207,12,,
2025-12-03,BPCL,,729,710,718,,,99098,70762374.3,307,,
2025-12-03,BUNGAL,,675,620,658,,,110513,72603664.8,1999,,
2025-12-03,CBBL,,1040,1019.5,1020.6,,,11079,11342657.6,151,,
2025-12-03,CFCL,,505,492.2,500,,,35578,17841325.4,202,,
2025-12-03,CGH,,894,878,890,,,32652,28989984.9,251,,
2025-12-03,CHCL,,500,490,490,,,40363,19960853.4,221,,
2025-12-03,CHDC,,2374,2342,2355,,,14284,33596159.5,196,,
2025-12-03,CHL,,277.4,265.6,266.9,,,49110,13228771.4,192,,
2025-12-03,CIT,,1880,1840,1860,,,6938,12826828.4,126,,
2025-12-03,CITY,,535.5,525.2,530,,,2620,1389403.1,41,,
2025-12-03,CKHL,,660,628.1,650,,,13549,8805645.3,160,,
2025-12-03,CLI,,491.6,481.5,485.1,,,21196,10312392.8,314,,
2025-12-03,CREST,,1308,1240,1263,,,9786,12423872.5,279,,
2025-12-03,CYCL,,1563,1520,1533,,,5663,8741711.8,98,,
2025-12-03,CZBIL,,200,190.1,196,,,53400,10288397.5,120,,
2025-12-03,DDBL,,897,875,875,,,7046,6199360.5,58,,
2025-12-03,DHEL,,640,605.2,622.3,,,105304,65835516.2,1935,,
2025-12-03,DHPL,,310.9,299,300,,,17431,5263694.9,107,,
2025-12-03,DLBS,,1366,1341,1365,,,1093,1478609.1,31,,
2025-12-03,DOLTI,,540,522,532,,,7911,4187729,77,,
2025-12-03,DORDI,,276,264,265,,,94572,25551968.5,341,,
2025-12-03,EBL,,655.7,641,644,,,19833,12782474.6,118,,
2025-12-03,EHPL,,471,435,445,,,53796,23766109.3,265,,
2025-12-03,ENL,,945,916.1,937,,,453,418953,14,,
2025-12-03,FMDBL,,840,815,824,,,33265,27420255.7,193,,
2025-12-03,FOWAD,,1120,1100.1,1119,,,2256,2504704.8,37,,
2025-12-03,GBIME,,228.5,224.1,225,,,91971,20700677.2,312,,
2025-12-03,GBLBS,,780,780,780,,,0,0,0,,
2025-12-03,GCIL,,465,458,458.1,,,31533,14505313.9,345,,
2025-12-03,GFCL,,605,590.1,598.9,,,28075,16824358.4,155,,
2025-12-03,GHL,,215.5,212,212.5,,,49400,10537866.3,183,,
2025-12-03,GILB,,1298,1270.4,1271,,,4396,5642698.5,47,,
2025-12-03,GLBSL,,2000,1990,1990,,,1068,2130260,23,,
2025-12-03,GLH,,257.6,253,253.2,,,38096,9687164,192,,
2025-12-03,GMFBS,,1563.8,1503,1550,,,1261,1940988,23,,
2025-12-03,GMFIL,,514,481,504,,,185477,93372106.7,625,,
2025-12-03,GMLI,,1846,1806.1,1835,,,2632,4782467,81,,
2025-12-03,GUFL,,523,510,515,,,18019,9294649.3,133,,
2025-12-03,GVL,,545,527,528.1,,,89252,47644035.3,444,,
2025-12-03,HATHY,,929,912,914.5,,,8834,8097630.8,127,,
2025-12-03,HBL,,194.9,190,190.6,,,47380,9099501.4,1317,,
2025-12-03,HDHPC,,186,181,181.8,,,69433,12696980.6,203,,
2025-12-03,HDL,,1269,1170,1170,,,57595,68089697.9,588,,
2025-12-03,HHL,,347.5,339,339.1,,,24881,8516633.8,160,,
2025-12-03,HIDCL,,274.5,268.8,269,,,86398,23378671,315,,
2025-12-03,HIMSTAR,,1035,922,1020,,,56494,55743815.7,951,,
2025-12-03,HLBSL,,935,908,912,,,2827,2589092.4,45,,
2025-12-03,HLI,,380,372.4,377,,,28568,10796174.9,314,,
2025-12-03,HPPL,,488,478,478.2,,,65413,31459860.9,223,,
2025-12-03,HRL,,868,837,838,,,210555,178106901.1,1571,,
2025-12-03,HURJA,,231.5,223.1,226.2,,,24060,5451368.2,102,,
2025-12-03,ICFC,,665,642,653.7,,,126954,83247327.7,385,,
2025-12-03,IHL,,560,540,550,,,6196,3420299.8,75,,
2025-12-03,ILBS,,1127,1096,1108,,,18786,20827136.6,98,,
2025-12-03,ILI,,469.8,460.1,460.1,,,31561,14651649.7,347,,
2025-12-03,JBLB,,1644,1505,1505.2,,,22895,34831135.7,309,,
2025-12-03,JFL,,433,420,429.9,,,21554,9241268.7,116,,
2025-12-03,JHAPA,,1073.6,976,1073.6,,,1330,1424998,133,,
2025-12-03,JOSHI,,329,317,317,,,111459,35813256.6,606,,
2025-12-03,JSLBB,,1223.5,1185,1220,,,887,1066038,25,,
2025-12-03,KBL,,185,180,180,,,203507,36817419.8,487,,
2025-12-03,KBSH,,1800,1770,1790,,,97,172739,6,,
2025-12-03,KDL,,901.6,880,890,,,2731,2425730.5,47,,
2025-12-03,KKHC,,254.9,245.2,248,,,12394,3058665.4,71,,
2025-12-03,KMCDB,,1122,1078,1110,,,18238,20194711,177,,
2025-12-03,KPCL,,570,555,559,,,68416,38509285.7,238,,
2025-12-03,LEC,,196,191.1,193,,,38250,7408450.3,172,,
2025-12-03,LICN,,918,891,891.1,,,21432,19343053.2,158,,
2025-12-03,LLBS,,1006,986,1005,,,470,468393,8,,
2025-12-03,LSL,,237,229.1,232,,,114086,26439770.9,208,,
2025-12-03,MABEL,,805,722.3,774,,,97629,74788673.4,1511,,
2025-12-03,MAKAR,,562.8,541,548.1,,,4003,2201653,38,,
2025-12-03,MANDU,,829,810,816,,,2516,2039017.2,37,,
2025-12-03,MATRI,,968,955,955,,,994,956422.4,23,,
2025-12-03,MBJC,,296.1,287,292.3,,,27633,8040156.2,295,,
2025-12-03,MBL,,222.9,216.4,219,,,62950,13859073.7,93,,
2025-12-03,MCHL,,486.8,477.3,484,,,1349,648211,37,,
2025-12-03,MEHL,,484.2,457,483.5,,,62265,29692116.8,371,,
2025-12-03,MEL,,299,287,289.4,,,21799,6325543.4,207,,
2025-12-03,MEN,,568,553,554.5,,,157458,88287206.6,1137,,
2025-12-03,MERO,,789,758.2,772.9,,,6310,4836100.4,79,,
2025-12-03,MFIL,,627,607,612,,,38555,23819239.7,201,,
2025-12-03,MHCL,,404,390,395,,,9707,3838177.1,94,,
2025-12-03,MHL,,506,486,486.2,,,37611,18501075.9,168,,
2025-12-03,MHNL,,258,245.6,246,,,13142,3261452.2,83,,
2025-12-03,MKCL,,1395,1350,1364.9,,,5756,7860223.3,110,,
2025-12-03,MKHC,,399,388,395,,,10478,4105826.1,81,,
2025-12-03,MKHL,,822.6,781.2,816,,,2480,1984961.7,67,,
2025-12-03,MKJC,,542,530.1,535,,,28251,15036594.1,152,,
2025-12-03,MLBBL,,1661,1502,1661,,,6671,10235624.3,96,,
2025-12-03,MLBS,,1519.8,1490,1519.8,,,120,181640,4,,
2025-12-03,MLBSL,,2018.9,1972,2018.9,,,450,892789,22,,
2025-12-03,MMKJL,,590,580.6,584.2,,,3743,2192076.3,54,,
2025-12-03,MPFL,,574,554.5,559,,,19307,10845256.8,138,,
2025-12-03,MSHL,,928,896,912,,,2680,2458850.8,47,,
2025-12-03,MSLB,,1487,1437,1466.9,,,7247,10511954.9,111,,
2025-12-03,NABIL,,515,510,510.2,,,25319,12928141.9,275,,
2025-12-03,NADEP,,787,760.1,772.2,,,2617,2024562.2,38,,
2025-12-03,NBL,,246.9,240.2,240.3,,,37450,9067699,178,,
2025-12-03,NESDO,,1539.9,1515,1516,,,1497,2283881.9,36,,
2025-12-03,NFS,,662,640.9,642.3,,,24623,16069245.4,222,,
2025-12-03,NGPL,,404,393,394,,,364406,145357757.3,819,,
2025-12-03,NHDL,,702,695,698.4,,,4154,2902802,38,,
2025-12-03,NHPC,,195.7,188,191,,,45943,8723064.6,212,,
2025-12-03,NICA,,328.7,319.5,320,,,29618,9558331.1,180,,
2025-12-03,NICLBSL,,584.9,566.8,570,,,6021,3443033.1,76,,
2025-12-03,NIFRA,,278,270,273.4,,,93167,25480909.3,463,,
2025-12-03,NIMB,,200.9,193,195,,,127505,24775966.6,275,,
2025-12-03,NLIC,,845,827,829,,,75475,63045862.1,396,,
2025-12-03,NLICL,,619.4,606.2,606.7,,,26530,16200367.1,119,,
2025-12-03,NLO,,244.33,244.33,244.33,,,0,0,0,,
2025-12-03,NMB,,254.7,247.9,247.9,,,66108,16522600.6,155,,
2025-12-03,NMBMF,,717,695,704,,,3713,2618673.2,44,,
2025-12-03,NMFBS,,1324,1274,1290.2,,,1799,2333925.3,32,,
2025-12-03,NMLBBL,,697.6,677,680,,,40093,27392344.3,121,,
2025-12-03,NRIC,,1344,1310,1315,,,58828,77726969.4,473,,
2025-12-03,NRM,,430.9,420.1,422,,,19115,8126183.4,215,,
2025-12-03,NRN,,1461.5,1429,1433,,,24964,35947486.7,252,,
2025-12-03,NTC,,875,860,862,,,8331,7183307.2,104,,
2025-12-03,NUBL,,781,758,761,,,8817,6788514,55,,
2025-12-03,NWCL,,835.6,818.3,820,,,4067,3354037,72,,
2025-12-03,NYADI,,408.2,397.1,397.2,,,9602,3848559.1,81,,
2025-12-03,OHL,,733,700,702,,,26492,18752333.6,110,,
2025-12-03,OMPL,,1330,1200.5,1311,,,72151,92283090.5,1066,,
2025-12-03,PCBL,,250,245.7,245.9,,,46299,11446421.3,123,,
2025-12-03,PFL,,391,374,378,,,12821,4885147.6,120,,
2025-12-03,PHCL,,294.9,284.2,285.6,,,97931,28210967.2,549,,
2025-12-03,PMHPL,,342.7,331,331,,,25404,8480547.6,163,,
2025-12-03,PMLI,,515.1,489,495,,,21295,10633635.8,193,,
2025-12-03,PPCL,,337.4,326.1,326.1,,,17286,5696673.2,86,,
2025-12-03,PPL,,347.8,336.1,336.3,,,129531,43910563,368,,
2025-12-03,PROFL,,483.5,458.5,474.5,,,37469,17754821.3,154,,
2025-12-03,PRVU,,190,186.5,188.4,,,84908,15923988.9,369,,
2025-12-03,PURE,,930.8,896,924,,,53829,49425855.6,706,,
2025-12-03,RADHI,,753,730,735,,,102123,75133800.7,369,,
2025-12-03,RAWA,,747,701,732,,,2202,1571988.7,52,,
2025-12-03,RFPL,,407,388.2,397.5,,,88926,35341930.6,401,,
2025-12-03,RHGCL,,275,262.7,262.7,,,48328,12839371.3,216,,
2025-12-03,RHPL,,318,284,284,,,79463,23105953.5,430,,
2025-12-03,RIDI,,227,223,224.9,,,45899,10313454.5,150,,
2025-12-03,RLFL,,450,435,441,,,52854,23553316.5,328,,
2025-12-03,RNLI,,497.8,485,485,,,96476,47403306.4,593,,
2025-12-03,RSDC,,670,641.1,648,,,11298,7361091,97,,
2025-12-03,RURU,,750,733.5,740,,,11055,8213896.2,69,,
2025-12-03,SAGAR,,1951.8,1800,1951.8,,,4420,8621519,442,,
2025-12-03,SAHAS,,559.5,548,549,,,93941,51832639.7,512,,
2025-12-03,SAIL,,646.1,599.1,646.1,,,930,599718,93,,
2025-12-03,SANIMA,,317,313.5,314.9,,,49907,15718974.8,175,,
2025-12-03,SANVI,,720,660,693,,,112755,78285035.6,1286,,
2025-12-03,SARBTM,,888,850,880,,,57454,49754439.5,193,,
2025-12-03,SBI,,402.5,395,399.9,,,54859,21879225.5,91,,
2025-12-03,SBL,,355.8,349.1,352,,,41115,14458762.9,107,,
2025-12-03,SCB,,641,627.4,631,,,24352,15391482.2,166,,
2025-12-03,SGHC,,420,408,413,,,39390,16234093.9,223,,
2025-12-03,SHEL,,294,287,289,,,135385,39174276,467,,
2025-12-03,SHIVM,,590,580,581.5,,,155381,90761210.4,602,,
2025-12-03,SHL,,496.7,478.2,484,,,16548,8098602.7,90,,
2025-12-03,SHLB,,1725,1696,1723.1,,,583,994385.2,17,,
2025-12-03,SHPC,,545,530,530,,,137163,73381943.7,443,,
2025-12-03,SIFC,,534,506,520,,,42452,22160624.3,250,,
2025-12-03,SIKLES,,674,658,660,,,147058,97433794,863,,
2025-12-03,SJCL,,302,294,296.9,,,16345,4846391.4,111,,
2025-12-03,SJLIC,,469,456.7,461.9,,,62104,28761698.4,304,,
2025-12-03,SKBBL,,884,870,872,,,12897,11260729.5,104,,
2025-12-03,SLBBL,,928.7,909,909,,,7374,6749244.6,75,,
2025-12-03,SLBSL,,1331.1,1290,1318,,,3158,4158242.3,63,,
2025-12-03,SMATA,,835,815,815,,,8210,6738875.4,83,,
2025-12-03,SMB,,2155,2090,2148,,,2093,4429851.3,57,,
2025-12-03,SMFBS,,1725,1616.2,1720,,,5471,9311213.8,77,,
2025-12-03,SMH,,803,774.2,776,,,406,316068,10,,
2025-12-03,SMHL,,762,723,733,,,10768,7928025.8,149,,
2025-12-03,SMJC,,519.5,510,514,,,10706,5498726,122,,
2025-12-03,SMPDA,,950,911.4,941,,,11964,11217564.4,169,,
2025-12-03,SNLI,,514,495.5,498,,,42234,21135738.4,482,,
2025-12-03,SONA,,438,425,427,,,42550,18340738.9,406,,
2025-12-03,SPC,,509,490,490.1,,,33879,16831411.3,176,,
2025-12-03,SPDL,,429,414.6,421,,,108976,45730499.4,314,,
2025-12-03,SPHL,,547.7,531,547.7,,,15062,8089997.8,72,,
2025-12-03,SPL,,916,897,916,,,750,679389,23,,
2025-12-03,SRLI,,413,402,402.1,,,36272,14674187.4,276,,
2025-12-03,SSHL,,167,164.5,165.2,,,42092,6956768.7,197,,
2025-12-03,STC,,5448,5356,5365,,,2188,11800851.7,64,,
2025-12-03,SWASTIK,,1194.3,1083.2,1194.3,,,110,128021,11,,
2025-12-03,SWBBL,,823,790,799.8,,,4412,3515020.8,64,,
2025-12-03,SWMF,,709.8,688,697,,,6197,4341061.7,56,,
2025-12-03,TAMOR,,489.9,473.1,478.2,,,22899,11017441.4,141,,
2025-12-03,TPC,,348.8,340,340,,,52089,17897116.4,206,,
2025-12-03,TRH,,708,700,704,,,2976,2097970.2,44,,
2025-12-03,TSHL,,708,686,694,,,5580,3839395.8,74,,
2025-12-03,TTL,,848,773.3,827,,,126477,104773284.5,1862,,
2025-12-03,TVCL,,441,416.1,434.2,,,45484,19696489.5,318,,
2025-12-03,UHEWA,,611,600.2,604.9,,,15040,9053147.8,102,,
2025-12-03,ULBSL,,3795,3700,3720,,,419,1554156.4,25,,
2025-12-03,ULHC,,467.9,450.2,456,,,12022,5523419.2,138,,
2025-12-03,UMHL,,605,576.5,589.9,,,158142,92241842.3,381,,
2025-12-03,UMRH,,583.8,566.2,572,,,7708,4389596.4,45,,
2025-12-03,UNHPL,,506.7,490,491.8,,,94431,46585490.7,272,,
2025-12-03,UNL,,47200,46256,46256,,,51,2392448,6,,
2025-12-03,UNLB,,1995,1983.1,1989,,,294,583572.4,19,,
2025-12-03,UPCL,,371.8,362.6,365,,,72310,26543038.5,256,,
2025-12-03,UPPER,,180.8,178,178.4,,,33653,6030083.7,258,,
2025-12-03,USHEC,,495,471,474.9,,,30822,14835194.4,176,,
2025-12-03,USHL,,725,684.1,722,,,7540,5366321.7,83,,
2025-12-03,USLB,,1635,1573,1598,,,7713,12442874.2,163,,
2025-12-03,VLBS,,789,778,784,,,3174,2486146.2,34,,
2025-12-03,VLUCL,,565,549,564,,,6386,3574724.7,105,,
2025-12-07,ACLBSL,,1000,985.6,990,,,4511,4474452.5,61,,
2025-12-07,ADBL,,304,295.5,298.9,,,22681,6735304.1,184,,
2025-12-07,AHL,,630.3,600,616,,,44489,27533024.4,384,,
2025-12-07,AHPC,,286.4,280.1,281,,,62480,17568695.6,256,,
2025-12-07,AKJCL,,187,184.5,186.9,,,63698,11826159.4,232,,
2025-12-07,AKPL,,244.5,241,243,,,70857,17149729.9,160,,
2025-12-07,ALBSL,,1237.9,1188,1194,,,101416,122656477.4,748,,
2025-12-07,ALICL,,472.2,456.5,460,,,47246,21735293.6,289,,
2025-12-07,ANLB,,6189.9,6065,6189.9,,,120,738110.2,17,,
2025-12-07,API,,288.2,284.7,285.1,,,72320,20666255.9,299,,
2025-12-07,AVYAN,,975,965,974,,,1233,1194894,34,,
2025-12-07,BANDIPUR,,830,780,787,,,192052,154860465.7,6712,,
2025-12-07,BARUN,,334,325,327,,,97410,31860027.4,434,,
2025-12-07,BBC,,4920,4831,4860,,,289,1405668.4,18,,
2025-12-07,BEDC,,566.9,549.8,551.2,,,12011,6642285.4,138,,
2025-12-07,BFC,,500,477,485,,,148405,72226885.6,524,,
2025-12-07,BGWT,,770,760,765,,,1655,1263974.5,27,,
2025-12-07,BHCL,,527,500,506.9,,,104380,53564492.7,1826,,
2025-12-07,BHDC,,490,477.1,484.9,,,31608,15333652.2,152,,
2025-12-07,BHL,,182,178,178.9,,,89621,16055004.8,456,,
2025-12-07,BHPL,,660,635,637,,,4107,2648049.3,67,,
2025-12-07,BNHC,,445.1,430,439,,,14405,6279910.3,101,,
2025-12-07,BNL,,15850,15850,15850,,,10,158500,1,,
2025-12-07,BNT,,12340,11920,11951,,,180,2179843,14,,
2025-12-07,BPCL,,716,704,706.5,,,53453,37836840,233,,
2025-12-07,BUNGAL,,644.9,595.1,602,,,155524,96010268.9,2402,,
2025-12-07,CBBL,,1020,997.5,1001,,,30844,31067084,229,,
2025-12-07,CFCL,,509,490,496,,,17400,8650294.5,122,,
2025-12-07,CGH,,907.8,879.3,881.2,,,10493,9252083.4,101,,
2025-12-07,CHCL,,495.1,488.1,490,,,34580,16943173.4,171,,
2025-12-07,CHDC,,2390,2290,2299,,,22537,52167721.8,290,,
2025-12-07,CHL,,268,263,263.4,,,34816,9213933.6,156,,
2025-12-07,CIT,,1880,1844,1860.1,,,12297,23042445.6,181,,
2025-12-07,CITY,,532.6,522.3,525,,,4128,2177931,59,,
2025-12-07,CKHL,,654,637.1,637.1,,,3240,2082137.5,61,,
2025-12-07,CLI,,485.1,477.2,483,,,17377,8377973.7,325,,
2025-12-07,CREST,,1301.7,1255,1280,,,25013,32108829.6,602,,
2025-12-07,CYCL,,1581,1502.4,1539.9,,,7251,11056625.6,128,,
2025-12-07,CZBIL,,195,192.2,194.9,,,20974,4065674.4,80,,
2025-12-07,DDBL,,880,866,867,,,6728,5880625.7,75,,
2025-12-07,DHEL,,630,587.3,590,,,76902,46113385.1,1890,,
2025-12-07,DHPL,,300,294,297,,,12317,3643461.9,69,,
2025-12-07,DLBS,,1360,1335,1336,,,206,276263,18,,
2025-12-07,DOLTI,,529,520,520,,,5891,3074790.9,86,,
2025-12-07,DORDI,,269.8,258.3,260,,,74927,19594453.2,323,,
2025-12-07,EBL,,652.1,639,641,,,31463,20264366.1,156,,
2025-12-07,EHPL,,443,427,429,,,71475,30926615.4,273,,
2025-12-07,ENL,,938,867.1,922,,,1250,1128030,24,,
2025-12-07,FMDBL,,818,813,815,,,22447,18295865.4,128,,
2025-12-07,FOWAD,,1120,1100,1113,,,588,650708.5,24,,
2025-12-07,GBIME,,226,221,226,,,89809,20069044.2,385,,
2025-12-07,GBLBS,,780,780,780,,,0,0,0,,
2025-12-07,GCIL,,459,450,451.7,,,30409,13746713.3,349,,
2025-12-07,GFCL,,609.5,591,594,,,9001,5396217.8,89,,
2025-12-07,GHL,,213,211,211.9,,,35625,7530419.1,135,,
2025-12-07,GILB,,1280,1255,1280,,,1519,1920844,35,,
2025-12-07,GLBSL,,1980,1966.1,1970,,,401,790106,18,,
2025-12-07,GLH,,256,251,254.8,,,23716,5988349,139,,
2025-12-07,GMFBS,,1550,1524,1550,,,79,121164,6,,
2025-12-07,GMFIL,,514,482.3,492,,,193338,95751795.7,530,,
2025-12-07,GMLI,,1835,1775.1,1799,,,2535,4565035.1,108,,
2025-12-07,GUFL,,525,506.1,506.1,,,4651,2381942.5,50,,
2025-12-07,GVL,,533,520.5,520.5,,,31937,16719060.2,220,,
2025-12-07,HATHY,,920,908,915,,,6473,5916779,140,,
2025-12-07,HBL,,190.2,186.9,187.7,,,89161,16742626.2,2225,,
2025-12-07,HDHPC,,182,179.1,179.5,,,47065,8481926.6,186,,
2025-12-07,HDL,,1190,1150.2,1152,,,42860,49658875.2,578,,
2025-12-07,HHL,,341.7,335,336,,,21501,7243064.7,143,,
2025-12-07,HIDCL,,270,265.8,266.7,,,84953,22659031.8,245,,
2025-12-07,HIMSTAR,,1097.9,985.2,1010,,,58924,59906976.6,1217,,
2025-12-07,HLBSL,,920,903,913,,,3196,2903328.5,47,,
2025-12-07,HLI,,381,374.4,376.8,,,53367,20119302.5,362,,
2025-12-07,HPPL,,483.9,470,470.3,,,48991,23155274.8,205,,
2025-12-07,HRL,,849.9,816.5,823,,,162370,134088664.7,1368,,
2025-12-07,HURJA,,230.7,222.4,224,,,31479,7059509.3,141,,
2025-12-07,ICFC,,640.8,626.3,630,,,25688,16280786.4,165,,
2025-12-07,IHL,,542,527,527,,,8200,4355255.5,75,,
2025-12-07,ILBS,,1113,1056.5,1070,,,15612,16817108,117,,
2025-12-07,ILI,,463.8,456.1,456.1,,,31145,14261083.7,454,,
2025-12-07,JBLB,,1514,1471,1480,,,17096,25361502.8,239,,
2025-12-07,JFL,,430,423,423.1,,,8709,3712836.7,87,,
2025-12-07,JHAPA,,1180.9,1095,1180.9,,,4200,4956815,420,,
2025-12-07,JOSHI,,319.9,307,310.7,,,194161,60324500.7,967,,
2025-12-07,JSLBB,,1220,1180,1180,,,1153,1387411.1,18,,
2025-12-07,KBL,,181.5,179,180.2,,,66743,12001816,322,,
2025-12-07,KBSH,,1807,1760,1760,,,192,343721.1,15,,
2025-12-07,KDL,,920,902.9,905,,,6033,5476523.6,124,,
2025-12-07,KKHC,,252.4,239,243,,,12616,3052156.5,87,,
2025-12-07,KMCDB,,1170.7,1110,1134,,,52118,59479898.9,507,,
2025-12-07,KPCL,,563,548.1,548.1,,,27528,15215706.8,110,,
2025-12-07,LEC,,194,190.5,193.8,,,66550,12809711.3,202,,
2025-12-07,LICN,,910,889,894,,,19633,17578067,166,,
2025-12-07,LLBS,,1001,985,1001,,,677,668130.6,17,,
2025-12-07,LSL,,234,230.6,233,,,125423,29168284.3,308,,
2025-12-07,MABEL,,766,716.4,720,,,92934,68678092.6,1615,,
2025-12-07,MAKAR,,550,541.5,546.1,,,2319,1268161.4,50,,
2025-12-07,MANDU,,832.3,805,805,,,5712,4670758,45,,
2025-12-07,MATRI,,958,940,952,,,1393,1320355.2,41,,
2025-12-07,MBJC,,289,284.6,286.8,,,15255,4363011,258,,
2025-12-07,MBL,,218,215.1,218,,,21567,4669634.3,110,,
2025-12-07,MCHL,,512,470,510,,,4791,2285043,74,,
2025-12-07,MEHL,,492,472,489,,,83573,40369697.1,429,,
2025-12-07,MEL,,294,283.5,289,,,24614,7031367.5,232,,
2025-12-07,MEN,,555,542.5,542.6,,,76604,41859178.9,544,,
2025-12-07,MERO,,772.9,751,755,,,7662,5805815.1,55,,
2025-12-07,MFIL,,625,612.7,620,,,56171,34648858.4,206,,
2025-12-07,MHCL,,399.8,392,397.5,,,10242,4064895,86,,
2025-12-07,MHL,,500,480.8,480.8,,,16061,7771005.6,137,,
2025-12-07,MHNL,,246,242.1,244.9,,,2642,642699.8,34,,
2025-12-07,MKCL,,1392,1346,1358.5,,,3833,5193051.8,91,,
2025-12-07,MKHC,,400,384.6,390,,,2877,1121191,61,,
2025-12-07,MKHL,,800.1,785.1,787.1,,,708,560011.6,51,,
2025-12-07,MKJC,,535,521,528,,,28220,14878767.6,166,,
2025-12-07,MLBBL,,1627.8,1540,1563,,,4785,7540086,88,,
2025-12-07,MLBS,,1518,1501,1502,,,626,941571,18,,
2025-12-07,MLBSL,,2019.9,1978.7,1980,,,772,1530921.3,31,,
2025-12-07,MMKJL,,585,576,578,,,4180,2415510,84,,
2025-12-07,MPFL,,575,554,560,,,38104,21516643.2,177,,
2025-12-07,MSHL,,915,903.1,903.2,,,2395,2183203,30,,
2025-12-07,MSLB,,1473,1411,1413,,,3616,5172680.2,88,,
2025-12-07,NABIL,,510,502,503,,,88964,44873341,780,,
2025-12-07,NADEP,,784,758,760,,,1259,967858,22,,
2025-12-07,NBL,,242,238,242,,,24549,5901700.7,158,,
2025-12-07,NESDO,,1530,1500,1501.1,,,1010,1526548.8,36,,
2025-12-07,NFS,,645,638,638.5,,,6097,3911135.5,79,,
2025-12-07,NGPL,,406.8,395,404,,,808531,325245131.6,1495,,
2025-12-07,NHDL,,712,690,690.3,,,2669,1852191,23,,
2025-12-07,NHPC,,191.9,188,189.9,,,32757,6189843.3,139,,
2025-12-07,NICA,,321,315,315.8,,,47682,15092782.5,243,,
2025-12-07,NICLBSL,,570,555,565,,,7808,4370528.5,104,,
2025-12-07,NIFRA,,274,268.2,268.5,,,182962,49437848.1,680,,
2025-12-07,NIMB,,197,189.7,192.9,,,117825,22593069.3,328,,
2025-12-07,NLIC,,838,815,818,,,64177,52658490,384,,
2025-12-07,NLICL,,631.1,600.1,602.4,,,13037,7919457.3,94,,
2025-12-07,NLO,,244.33,244.33,244.33,,,0,0,0,,
2025-12-07,NMB,,249.8,245,249.6,,,49642,12266093.1,171,,
2025-12-07,NMBMF,,704.1,686,691,,,7435,5186024.9,39,,
2025-12-07,NMFBS,,1290.2,1269,1279,,,1540,1964933.2,31,,
2025-12-07,NMLBBL,,683.3,653.1,665.8,,,14872,9954552,62,,
2025-12-07,NRIC,,1338,1290,1306,,,75604,98614905.4,455,,
2025-12-07,NRM,,427,415.2,417.3,,,18529,7756057.6,161,,
2025-12-07,NRN,,1461.5,1393,1393,,,78214,109862063.5,530,,
2025-12-07,NTC,,880,859,873.5,,,23190,20195575.9,304,,
2025-12-07,NUBL,,761,749,749,,,4677,3513799.2,31,,
2025-12-07,NWCL,,842,820,821.2,,,2384,1963240.5,61,,
2025-12-07,NYADI,,400,393,394,,,8186,3259269,90,,
2025-12-07,OHL,,709.6,693.1,709.6,,,2833,1977093.2,39,,
2025-12-07,OMPL,,1337.2,1270,1271.5,,,26154,33779849.2,578,,
2025-12-07,PCBL,,247,243.6,245,,,40407,9892844.4,118,,
2025-12-07,PFL,,383,374.1,377,,,6803,2562386.9,79,,
2025-12-07,PHCL,,282.4,273.5,275,,,147567,40857182.5,707,,
2025-12-07,PMHPL,,333.7,325.2,327.9,,,16860,5550174.7,108,,
2025-12-07,PMLI,,513.9,487.1,492,,,27079,13500647.1,161,,
2025-12-07,PPCL,,328.6,318.1,323.5,,,26529,8552232.9,100,,
2025-12-07,PPL,,339.9,331.1,331.1,,,89558,29954907,331,,
2025-12-07,PROFL,,485,464.1,464.1,,,26355,12473239,123,,
2025-12-07,PRVU,,188.5,184.9,185.4,,,155505,28848306.8,538,,
2025-12-07,PURE,,930.9,902.1,910,,,39956,36486096.5,605,,
2025-12-07,RADHI,,734,722,724,,,83963,60945894.6,323,,
2025-12-07,RAWA,,725,705.3,707,,,2052,1471351,30,,
2025-12-07,RFPL,,401.7,379.3,382,,,82776,31973055.7,420,,
2025-12-07,RHGCL,,267.8,255.1,256,,,41264,10655677.3,210,,
2025-12-07,RHPL,,286,276,277.9,,,63048,17636454.1,347,,
2025-12-07,RIDI,,229.3,223,223.5,,,51935,11644170.5,156,,
2025-12-07,RLFL,,450,435,439,,,18877,8365794.7,132,,
2025-12-07,RNLI,,493,480,482.9,,,89255,43132493.9,642,,
2025-12-07,RSDC,,645,630,634.9,,,9270,5891894,103,,
2025-12-07,RURU,,748,732,732,,,10645,7849717,74,,
2025-12-07,SAGAR,,2146.9,1790.1,1817.1,,,231979,436955089.9,21370,,
2025-12-07,SAHAS,,553.9,543,543,,,67380,36786559,538,,
2025-12-07,SAIL,,710.7,655.9,710.7,,,2530,1796665,253,,
2025-12-07,SANIMA,,315,309,310,,,33589,10430201.6,186,,
2025-12-07,SANVI,,690.6,667.1,673,,,39308,26552074.6,838,,
2025-12-07,SARBTM,,870,855.5,860,,,25792,22196542.4,151,,
2025-12-07,SBI,,398.9,393.3,398.9,,,7234,2860152.3,61,,
2025-12-07,SBL,,352.4,346.3,348,,,59028,20565206.1,106,,
2025-12-07,SCB,,630,621.4,623,,,33143,20675323.8,169,,
2025-12-07,SGHC,,415,390,399,,,40976,16453075.4,242,,
2025-12-07,SHEL,,292.9,287,288.9,,,74323,21466116.9,281,,
2025-12-07,SHIVM,,586,570.3,572,,,163860,94375964.2,760,,
2025-12-07,SHL,,491.2,478,480,,,17710,8515783.9,79,,
2025-12-07,SHLB,,1710,1697.1,1710,,,1776,3022021.1,41,,
2025-12-07,SHPC,,538.8,527.5,528,,,119850,63569666.6,345,,
2025-12-07,SIFC,,530.4,509.2,513,,,13261,6834416.8,93,,
2025-12-07,SIKLES,,585.3,567,572,,,136428,77891462.6,258,,
2025-12-07,SJCL,,294,283.2,288,,,23672,6794933.8,144,,
2025-12-07,SJLIC,,466,455,461,,,48117,22044888.3,336,,
2025-12-07,SKBBL,,876,871.5,871.6,,,8876,7747426.1,100,,
2025-12-07,SLBBL,,919,901.2,901.2,,,5188,4700523,65,,
2025-12-07,SLBSL,,1311,1301,1307,,,910,1186221,29,,
2025-12-07,SMATA,,824,815.2,818,,,5066,4145833.6,99,,
2025-12-07,SMB,,2160,2117,2151,,,680,1443472.3,26,,
2025-12-07,SMFBS,,1718,1685.6,1701,,,2737,4662658,35,,
2025-12-07,SMH,,778,760.7,778,,,2125,1637191,19,,
2025-12-07,SMHL,,737,720.2,725,,,5007,3623894.2,86,,
2025-12-07,SMJC,,513.8,498,505,,,3987,2011166,138,,
2025-12-07,SMPDA,,944.9,919,937,,,17202,15946537.4,180,,
2025-12-07,SNLI,,503.9,490.1,495,,,57277,28400336.9,524,,
2025-12-07,SONA,,430,422.1,423,,,23735,10069517.7,383,,
2025-12-07,SPC,,494.9,480.4,490,,,9115,4430890.6,80,,
2025-12-07,SPDL,,428,415,419.9,,,78699,32835005.7,293,,
2025-12-07,SPHL,,542,530.1,536,,,8054,4300212.7,48,,
2025-12-07,SPL,,934.2,898,914,,,667,608566.6,26,,
2025-12-07,SRLI,,403,394,398.5,,,38219,15261092.5,279,,
2025-12-07,SSHL,,166.8,163.8,164,,,40878,6711701.1,197,,
2025-12-07,STC,,5365,5315,5365,,,818,4375495,30,,
2025-12-07,SWASTIK,,1313.7,1194.1,1313.7,,,190,244857,19,,
2025-12-07,SWBBL,,815,780,795,,,5489,4310972.3,65,,
2025-12-07,SWMF,,695,686,694,,,1740,1201294.7,36,,
2025-12-07,TAMOR,,478,466.4,470,,,10422,4907509.7,167,,
2025-12-07,TPC,,342.8,335,337.5,,,34685,11673124.2,174,,
2025-12-07,TRH,,707,702.1,703.1,,,3948,2777733.4,32,,
2025-12-07,TSHL,,699,682.2,699,,,615,426928,19,,
2025-12-07,TTL,,851,815.2,824,,,64722,54045105.3,1451,,
2025-12-07,TVCL,,435.5,427,434.6,,,17097,7367607.9,151,,
2025-12-07,UHEWA,,602.9,585,588,,,15752,9334168.8,117,,
2025-12-07,ULBSL,,3740,3675,3736.9,,,3762,14019120.5,26,,
2025-12-07,ULHC,,460,450,453,,,11617,5279296,134,,
2025-12-07,UMHL,,597.7,568,572,,,234141,134943228.1,426,,
2025-12-07,UMRH,,592,561.3,569.9,,,17667,10171498.6,59,,
2025-12-07,UNHPL,,491,485.3,486.3,,,127388,62011884.5,347,,
2025-12-07,UNL,,46500,46500,46500,,,10,465000,1,,
2025-12-07,UNLB,,1989,1912,1965,,,579,1125168.7,20,,
2025-12-07,UPCL,,371,360,367,,,161886,58671651.8,384,,
2025-12-07,UPPER,,179,175,175.6,,,105861,18605455.3,492,,
2025-12-07,USHEC,,478,463.6,463.6,,,16580,7809987.8,141,,
2025-12-07,USHL,,724.2,701,704.2,,,3897,2787183.3,58,,
2025-12-07,USLB,,1628,1581,1589,,,5452,8710064.9,149,,
2025-12-07,VLBS,,812.9,779.1,779.1,,,3059,2443021.5,33,,
2025-12-07,VLUCL,,567,555.1,560,,,4653,2594321.5,94,,
2025-12-08,ACLBSL,,990,981,990,,,1482,1461846.7,40,,
2025-12-08,ADBL,,302,295,296.6,,,24934,7391367.6,162,,
2025-12-08,AHL,,652,612.09,633.1,,,27721,17525367.2,295,,
2025-12-08,AHPC,,282.5,279.6,279.6,,,63987,17952857.1,260,,
2025-12-08,AKJCL,,187.8,184.1,186,,,46839,8681616.2,163,,
2025-12-08,AKPL,,244,240.1,242,,,65655,15918679.4,180,,
2025-12-08,ALBSL,,1100,1021.7,1055,,,32235,33949613.5,378,,
2025-12-08,ALICL,,469,451,460,,,55454,25549290.1,308,,
2025-12-08,ANLB,,6187.9,6100,6187.9,,,49,299448,10,,
2025-12-08,API,,288.7,282.5,284,,,79735,22719213.8,290,,
2025-12-08,AVYAN,,975,955.1,964,,,660,637977,33,,
2025-12-08,BANDIPUR,,794.5,778.6,782.5,,,99982,78572308.4,4800,,
2025-12-08,BARUN,,340,323.5,329.9,,,187032,61543837.8,626,,
2025-12-08,BBC,,4903.5,4840,4879.9,,,160,778954,14,,
2025-12-08,BEDC,,557,540.2,550,,,13124,7159286.7,136,,
2025-12-08,BFC,,490,480.1,483.9,,,26559,12859463.2,130,,
2025-12-08,BGWT,,780,765,778,,,3448,2680689,48,,
2025-12-08,BHCL,,535,501.5,528,,,122440,63603442.4,2117,,
2025-12-08,BHDC,,489.8,481,484,,,24074,11671665,175,,
2025-12-08,BHL,,180,176.4,178,,,87285,15547572.3,418,,
2025-12-08,BHPL,,644,626.3,628,,,1928,1213892.6,47,,
2025-12-08,BNHC,,439.5,430.4,438.7,,,2997,1307223.2,64,,
2025-12-08,BNL,,15850,15533.1,15533.1,,,30,472331,3,,
2025-12-08,BNT,,12190,11946.2,11946.2,,,185,2218391,10,,
2025-12-08,BPCL,,716,693,704,,,60693,42825090.8,237,,
2025-12-08,BUNGAL,,605.1,582,600,,,52224,31193810.1,1559,,
2025-12-08,CBBL,,1012,994.1,1001,,,30309,30306027.2,162,,
2025-12-08,CFCL,,492.1,482,482.2,,,15684,7625221.6,77,,
2025-12-08,CGH,,880,870,870,,,12519,10918357,138,,
2025-12-08,CHCL,,499.8,488,491,,,29097,14255315.7,144,,
2025-12-08,CHDC,,2300,2271,2280,,,15949,36388212.5,221,,
2025-12-08,CHL,,268.6,261.1,261.8,,,24412,6433002.6,143,,
2025-12-08,CIT,,1875,1858,1860,,,4047,7545159.2,100,,
2025-12-08,CITY,,533,521,529.1,,,5379,2845799.8,59,,
2025-12-08,CKHL,,665,626,661,,,15467,10143435.6,165,,
2025-12-08,CLI,,487,475,485,,,17930,8678195.4,375,,
2025-12-08,CREST,,1297,1255.4,1275,,,24023,30812349.4,451,,
2025-12-08,CYCL,,1562,1501.1,1517.1,,,1376,2102639.8,50,,
2025-12-08,CZBIL,,193.9,192,192.9,,,44029,8473636,73,,
2025-12-08,DDBL,,873,865,865,,,13225,11490911.6,86,,
2025-12-08,DHEL,,600,580.2,588,,,53314,31529009.3,1661,,
2025-12-08,DHPL,,300,294,297,,,6237,1845944.2,43,,
2025-12-08,DLBS,,1340,1320.1,1325,,,444,592432,21,,
2025-12-08,DOLTI,,540.6,514,530.3,,,7723,4086107.2,107,,
2025-12-08,DORDI,,272.5,254.8,262,,,98596,25912547.3,408,,
2025-12-08,EBL,,648,637.9,638,,,21169,13525690.8,174,,
2025-12-08,EHPL,,446,421.6,435.2,,,102558,44085966.4,285,,
2025-12-08,ENL,,929.8,900,910.1,,,1131,1027212.4,29,,
2025-12-08,FMDBL,,819.9,799.2,800,,,34537,27851928.8,234,,
2025-12-08,FOWAD,,1113,1096,1108.8,,,1434,1579156.7,27,,
2025-12-08,GBIME,,229.8,223.1,224.5,,,49425,11093041.1,284,,
2025-12-08,GBLBS,,780,780,780,,,0,0,0,,
2025-12-08,GCIL,,461,452,458,,,25058,11452407.3,287,,
2025-12-08,GFCL,,600,583.1,594.9,,,3266,1926000.8,38,,
2025-12-08,GHL,,214,210,211.9,,,17297,3676455.6,100,,
2025-12-08,GILB,,1304,1255,1260,,,4035,5100607,40,,
2025-12-08,GLBSL,,2000,1922.1,1950,,,918,1787315.8,53,,
2025-12-08,GLH,,256,249.8,255,,,22009,5570802.7,123,,
2025-12-08,GMFBS,,1558,1520,1558,,,309,473155,10,,
2025-12-08,GMFIL,,492,467.1,473.9,,,54915,26188895.3,255,,
2025-12-08,GMLI,,1856.4,1790,1794.2,,,2368,4289299.8,119,,
2025-12-08,GUFL,,510,501,501,,,3356,1694394.2,33,,
2025-12-08,GVL,,534.2,520,524,,,39945,20968422.3,254,,
2025-12-08,HATHY,,919,910,910,,,5012,4577450.6,88,,
2025-12-08,HBL,,188,186,186.8,,,49847,9305443.1,2039,,
2025-12-08,HDHPC,,186,177.5,178.5,,,73345,13113270.7,226,,
2025-12-08,HDL,,1175,1150,1150,,,37576,43360859,515,,
2025-12-08,HHL,,342.7,330.4,335,,,14218,4781481.7,107,,
2025-12-08,HIDCL,,270,265,266.5,,,61726,16531537.4,240,,
2025-12-08,HIMSTAR,,1071,940.4,1030,,,71075,69556538.5,1182,,
2025-12-08,HLBSL,,918,900,918,,,3208,2921975.1,39,,
2025-12-08,HLI,,378.8,375.1,376,,,21791,8216841.4,380,,
2025-12-08,HPPL,,475,466,468,,,45962,21560391.1,193,,
2025-12-08,HRL,,837,816.3,826,,,69824,57778313.3,1126,,
2025-12-08,HURJA,,227.9,220.2,222,,,19145,4245706.3,121,,
2025-12-08,ICFC,,633,620,630,,,14428,9015109,80,,
2025-12-08,IHL,,579.5,521,574.6,,,53163,29968746.3,394,,
2025-12-08,ILBS,,1071,1046,1055,,,7261,7681635.9,67,,
2025-12-08,ILI,,460.9,452.1,460,,,28740,13090241.9,388,,
2025-12-08,JBLB,,1500,1470,1497,,,8648,12861231.3,148,,
2025-12-08,JFL,,429,416.2,421,,,14382,6028719.2,132,,
2025-12-08,JHAPA,,1298.9,1113,1298.9,,,70662,86206493,6429,,
2025-12-08,JOSHI,,314.9,307,309.9,,,72177,22370287.4,419,,
2025-12-08,JSLBB,,1202.5,1155,1199.9,,,729,866024,16,,
2025-12-08,KBL,,181.7,178.3,179,,,71849,12895379.9,347,,
2025-12-08,KBSH,,1795,1760,1794,,,72,127644.1,7,,
2025-12-08,KDL,,910,895,903,,,2595,2348597.5,70,,
2025-12-08,KKHC,,243.1,237.1,242.7,,,19068,4582989.3,98,,
2025-12-08,KMCDB,,1139,1110,1137.9,,,24385,27323454.8,191,,
2025-12-08,KPCL,,556,542,542,,,29695,16157024.5,145,,
2025-12-08,LEC,,200,190.5,197,,,157003,30943632.2,317,,
2025-12-08,LICN,,919.9,891,913.1,,,29391,26720442.7,217,,
2025-12-08,LLBS,,1000,981,982.2,,,472,465157,11,,
2025-12-08,LSL,,232.5,230,232,,,129868,30007948.1,333,,
2025-12-08,MABEL,,760,705.6,725,,,33327,24294507.3,1091,,
2025-12-08,MAKAR,,575.2,540,569,,,14762,8315539.1,144,,
2025-12-08,MANDU,,805,790,795.5,,,1530,1217065.5,54,,
2025-12-08,MATRI,,960,940,960,,,1097,1048461.1,37,,
2025-12-08,MBJC,,290.6,281.4,286,,,25564,7332645.9,336,,
2025-12-08,MBL,,219,215,215.7,,,60375,13105815.6,111,,
2025-12-08,MCHL,,520.2,481,491,,,8506,4185432.1,144,,
2025-12-08,MEHL,,494.9,480,489.8,,,57948,28405991.6,305,,
2025-12-08,MEL,,300,283,286,,,66718,19054089.9,268,,
2025-12-08,MEN,,545.6,536,538,,,62895,33934704.3,414,,
2025-12-08,MERO,,784,749.4,750,,,8874,6688133.6,83,,
2025-12-08,MFIL,,645,615,636,,,77824,49456216.2,415,,
2025-12-08,MHCL,,399,392.1,393.1,,,2911,1146898.7,74,,
2025-12-08,MHL,,491.6,480,488.8,,,14340,6990625.1,107,,
2025-12-08,MHNL,,247,240.2,245,,,9634,2354811.4,59,,
2025-12-08,MKCL,,1368,1340.8,1341,,,3665,4926386.7,112,,
2025-12-08,MKHC,,397.5,382.5,390,,,4170,1622423.9,89,,
2025-12-08,MKHL,,802.8,772,795,,,8730,6832976.7,99,,
2025-12-08,MKJC,,526,518.2,524.7,,,23363,12182438.3,135,,
2025-12-08,MLBBL,,1560,1497.1,1559,,,8902,13456153.8,111,,
2025-12-08,MLBS,,1509,1482.2,1509,,,474,707850,17,,
2025-12-08,MLBSL,,2018,1945,1990,,,130,257046.7,11,,
2025-12-08,MMKJL,,589.5,575,586.9,,,19369,11234992.6,116,,
2025-12-08,MPFL,,560,552,558,,,13623,7567114.9,62,,
2025-12-08,MSHL,,905,894,905,,,872,782435.4,34,,
2025-12-08,MSLB,,1440.2,1385,1439,,,1790,2547731.6,68,,
2025-12-08,NABIL,,503,495,495,,,81912,40826003,836,,
2025-12-08,NADEP,,771,756,764,,,1165,885610,22,,
2025-12-08,NBL,,246.8,240.1,241.8,,,46014,11127944.7,106,,
2025-12-08,NESDO,,1530,1481,1510,,,1850,2783687.7,40,,
2025-12-08,NFS,,644,630,631,,,13332,8456600,176,,
2025-12-08,NGPL,,418,404,416.8,,,1348861,558667874.2,2859,,
2025-12-08,NHDL,,696.7,683.1,687,,,2884,1977936,22,,
2025-12-08,NHPC,,190,187.2,189,,,28558,5383820.8,125,,
2025-12-08,NICA,,319,314,317,,,27639,8756692.3,155,,
2025-12-08,NICLBSL,,573.2,545,573.2,,,12338,6898723.6,138,,
2025-12-08,NIFRA,,271,266.8,267.8,,,99112,26551836.2,554,,
2025-12-08,NIMB,,195,191,191.1,,,109707,21047167.4,298,,
2025-12-08,NLIC,,834.3,811,822,,,65078,53526874.5,355,,
2025-12-08,NLICL,,611.6,600.1,607,,,9168,5544386.6,91,,
2025-12-08,NLO,,244.33,244.33,244.33,,,0,0,0,,
2025-12-08,NMB,,249.2,245.3,248.1,,,41229,10217427.6,182,,
2025-12-08,NMBMF,,747,678.6,698,,,5711,4000614.8,56,,
2025-12-08,NMFBS,,1304,1279.1,1285,,,1874,2403624.2,40,,
2025-12-08,NMLBBL,,665.2,652,660.1,,,5611,3702644.3,54,,
2025-12-08,NRIC,,1315.2,1293.1,1296,,,40862,53253674.2,321,,
2025-12-08,NRM,,429,409,421,,,20631,8641159.8,189,,
2025-12-08,NRN,,1412,1371.3,1397.9,,,48668,67884399.6,331,,
2025-12-08,NTC,,879.9,868,871,,,11256,9810194.3,165,,
2025-12-08,NUBL,,757,743.5,750.2,,,2051,1545916.6,34,,
2025-12-08,NWCL,,825,807.1,810,,,490,400910.2,33,,
2025-12-08,NYADI,,401.8,390.1,391,,,4714,1861043.4,75,,
2025-12-08,OHL,,710,700,706,,,3154,2228450.7,24,,
2025-12-08,OMPL,,1281,1246.1,1269,,,21032,26644138.8,501,,
2025-12-08,PCBL,,246,242.4,242.6,,,25957,6334311.4,117,,
2025-12-08,PFL,,379.5,370,375,,,9009,3368498.2,71,,
2025-12-08,PHCL,,279.9,273,274.5,,,155400,42974347,563,,
2025-12-08,PMHPL,,332,324.3,325,,,11961,3907931,77,,
2025-12-08,PMLI,,508,486.1,493.1,,,9066,4501778.9,136,,
2025-12-08,PPCL,,327.9,316.6,320,,,34868,11127007.6,117,,
2025-12-08,PPL,,337,329,332.9,,,90529,30050452.5,292,,
2025-12-08,PROFL,,479,460,460,,,11209,5191451,80,,
2025-12-08,PRVU,,187.6,181.7,184.1,,,111338,20663205.1,404,,
2025-12-08,PURE,,965.9,895,950,,,103757,97691799.5,1089,,
2025-12-08,RADHI,,738.4,716.3,717.1,,,125803,90982067,416,,
2025-12-08,RAWA,,724.2,700.7,724.2,,,1631,1160015,63,,
2025-12-08,RFPL,,401.5,373,385,,,65424,24953409.8,362,,
2025-12-08,RHGCL,,259,250.9,256,,,36132,9242171.6,226,,
2025-12-08,RHPL,,291,275.3,278.8,,,47159,13228375.4,221,,
2025-12-08,RIDI,,225,222,223.5,,,45661,10197510.1,158,,
2025-12-08,RLFL,,447,430.3,438,,,12221,5358196.9,79,,
2025-12-08,RNLI,,491,480.2,486.9,,,71745,34874861,596,,
2025-12-08,RSDC,,660,623.2,631.9,,,12310,7803517.2,101,,
2025-12-08,RURU,,745,724,728.5,,,6608,4815328.8,83,,
2025-12-08,SAGAR,,1892,1733,1830,,,134790,239760971,13411,,
2025-12-08,SAHAS,,548,541,543.8,,,43219,23514931.9,348,,
2025-12-08,SAIL,,781.7,724.9,781.7,,,6050,4726185,605,,
2025-12-08,SANIMA,,311,305.3,310,,,31113,9623723,164,,
2025-12-08,SANVI,,682,660,677,,,38149,25759521.5,758,,
2025-12-08,SARBTM,,865,851.5,864.6,,,7276,6223967.1,112,,
2025-12-08,SBI,,399.5,389.3,394.8,,,14933,5862221.3,84,,
2025-12-08,SBL,,350,343,348,,,37745,13111372.1,107,,
2025-12-08,SCB,,626,619,621,,,17924,11173736.6,119,,
2025-12-08,SGHC,,400,386,386,,,24061,9447013.4,163,,
2025-12-08,SHEL,,290,285.3,285.8,,,83793,24015446.5,306,,
2025-12-08,SHIVM,,579,570,572.8,,,79174,45423603.8,447,,
2025-12-08,SHL,,485.1,470.4,479.7,,,11295,5421434.2,68,,
2025-12-08,SHLB,,1712,1675.8,1690.1,,,960,1615110,18,,
2025-12-08,SHPC,,536.9,527,529.2,,,98862,52581058.7,371,,
2025-12-08,SIFC,,519,499.9,504.9,,,18803,9457765.2,129,,
2025-12-08,SIKLES,,579,561.4,564.5,,,23767,13486614.3,181,,
2025-12-08,SJCL,,299.9,284.3,295,,,17345,5055011.2,147,,
2025-12-08,SJLIC,,468,452.1,463,,,62559,28969184.1,293,,
2025-12-08,SKBBL,,872,865.1,867,,,14388,12490094.4,123,,
2025-12-08,SLBBL,,915,902.3,903.7,,,10136,9201311,116,,
2025-12-08,SLBSL,,1309,1296.1,1300.1,,,1407,1829947.4,34,,
2025-12-08,SMATA,,819,808.1,811,,,5224,4241176.8,118,,
2025-12-08,SMB,,2108,1935.9,2040,,,12702,25287748.6,252,,
2025-12-08,SMFBS,,1740,1701,1740,,,3579,6185055.4,56,,
2025-12-08,SMH,,778,750,772,,,1764,1345797,32,,
2025-12-08,SMHL,,729,712,715,,,9439,6761025.9,124,,
2025-12-08,SMJC,,508,499,503.1,,,8889,4469463.3,169,,
2025-12-08,SMPDA,,932,914,924.8,,,11300,10392031.1,145,,
2025-12-08,SNLI,,503.9,492,494.2,,,31382,15549810.4,449,,
2025-12-08,SONA,,429.9,420,427,,,22739,9633961.7,432,,
2025-12-08,SPC,,494,483,489.8,,,7532,3666769,85,,
2025-12-08,SPDL,,423,414.3,418,,,106023,44303331.6,224,,
2025-12-08,SPHL,,540,527,528,,,4157,2203000.6,51,,
2025-12-08,SPL,,908,879,908,,,927,827658.7,29,,
2025-12-08,SRLI,,402.5,395,396,,,27640,10981675.2,289,,
2025-12-08,SSHL,,165,162.5,163.8,,,45703,7457205,157,,
2025-12-08,STC,,5399,5300,5390,,,862,4628375,38,,
2025-12-08,SWASTIK,,1445,1313.6,1445,,,150,212853,15,,
2025-12-08,SWBBL,,788,779.9,788,,,4465,3495390.7,50,,
2025-12-08,SWMF,,703,686,690,,,1893,1308202.8,47,,
2025-12-08,TAMOR,,472,463,470.6,,,6745,3161925,129,,
2025-12-08,TPC,,353.7,337.1,349,,,122637,42293628.2,388,,
2025-12-08,TRH,,704,696.1,700,,,2351,1644482.4,30,,
2025-12-08,TSHL,,699,681.9,697.9,,,3543,2455391.4,41,,
2025-12-08,TTL,,837.5,801.1,807,,,59698,48766667.1,1357,,
2025-12-08,TVCL,,434,421.1,429.4,,,6183,2637130.3,63,,
2025-12-08,UHEWA,,607,585,590,,,10562,6255292.8,109,,
2025-12-08,ULBSL,,3666,3400.1,3633.9,,,2446,8673130,60,,
2025-12-08,ULHC,,462,450,458.5,,,17501,7984959.4,146,,
2025-12-08,UMHL,,571.8,560.6,570,,,86506,48934952.3,267,,
2025-12-08,UMRH,,579.8,561,562.5,,,4670,2652594.3,39,,
2025-12-08,UNHPL,,498,485,491,,,130446,64088980.7,312,,
2025-12-08,UNL,,47420,47000,47000,,,27,1269701.4,7,,
2025-12-08,UNLB,,1968,1900,1968,,,323,624320.5,18,,
2025-12-08,UPCL,,375,361.1,374.4,,,192615,71598648.6,534,,
2025-12-08,UPPER,,176.7,174.5,174.7,,,74595,13064772.1,419,,
2025-12-08,USHEC,,470,460,466,,,23588,10921968.9,173,,
2025-12-08,USHL,,774.6,690.2,774.6,,,49432,37750113.5,433,,
2025-12-08,USLB,,1600,1540,1540,,,10421,16222313,217,,
2025-12-08,VLBS,,789.9,765.1,770.1,,,1227,951789.8,23,,
2025-12-08,VLUCL,,573,549,564,,,13484,7635608.7,147,,
2025-12-09,ACLBSL,,1009,990,991.5,,,261,259586.9,12,,
2025-12-09,ADBL,,298.9,292,292.3,,,37931,11132498.7,221,,
2025-12-09,AHL,,645,620.7,625,,,6572,4128629.8,72,,
2025-12-09,AHPC,,282,278.5,279,,,39433,11018527,211,,
2025-12-09,AKJCL,,188,185,185.8,,,33270,6174552,173,,
2025-12-09,AKPL,,244,241,241.8,,,77042,18660712.2,185,,
2025-12-09,ALBSL,,1075,1014,1050,,,21708,22673830.8,173,,
2025-12-09,ALICL,,469,459,465,,,37516,17459842.5,238,,
2025-12-09,ANLB,,6206.7,6071.1,6200,,,228,1405616.9,25,,
2025-12-09,API,,287.9,284.3,284.5,,,45685,13041189.1,206,,
2025-12-09,AVYAN,,971,961,970,,,1670,1615781.7,40,,
2025-12-09,BANDIPUR,,803,766.9,790,,,80114,63231327,3528,,
2025-12-09,BARUN,,331,323.9,324.2,,,126144,41135331.1,473,,
2025-12-09,BBC,,4925,4842.3,4883,,,161,784042,16,,
2025-12-09,BEDC,,558.5,540,553.9,,,6865,3785136.1,102,,
2025-12-09,BFC,,492,480.1,484.9,,,56531,27295615.4,139,,
2025-12-09,BGWT,,785,770.3,780,,,4523,3526764.7,54,,
2025-12-09,BHCL,,547.7,517.5,538.9,,,75017,40393687.9,1531,,
2025-12-09,BHDC,,492,484,490,,,23156,11311097.9,157,,
2025-12-09,BHL,,180,176.8,178,,,60455,10739551.3,319,,
2025-12-09,BHPL,,637.9,616,634.9,,,4235,2638554.5,88,,
2025-12-09,BNHC,,450,430.1,441,,,3843,1694053.4,76,,
2025-12-09,BNL,,15843,15843,15843,,,10,158430,1,,
2025-12-09,BNT,,12000,11875,11900,,,64,762610,6,,
2025-12-09,BPCL,,719.9,702,713,,,75455,53655067.2,227,,
2025-12-09,BUNGAL,,635.5,600,632,,,34665,21518169.5,1446,,
2025-12-09,CBBL,,1013.5,1000,1004.7,,,9324,9351125.5,110,,
2025-12-09,CFCL,,488,480.1,483,,,6248,3014056,63,,
2025-12-09,CGH,,887.4,864,885,,,11291,9925473,109,,
2025-12-09,CHCL,,495,489.5,495,,,25076,12350952.4,134,,
2025-12-09,CHDC,,2299,2242,2279,,,20844,47167001.7,258,,
2025-12-09,CHL,,266,260.1,260.1,,,32766,8586729.6,135,,
2025-12-09,CIT,,1864,1845,1859.9,,,2661,4936002.8,83,,
2025-12-09,CITY,,532.9,522.2,532.9,,,2364,1250688,33,,
2025-12-09,CKHL,,671,648,669.5,,,12297,8126288.4,131,,
2025-12-09,CLI,,491.8,477.5,489.4,,,18826,9181436.2,378,,
2025-12-09,CREST,,1305,1270,1294,,,19989,25869492.4,584,,
2025-12-09,CYCL,,1546,1486.8,1520,,,1132,1738578.3,38,,
2025-12-09,CZBIL,,193,189.5,191.9,,,25138,4813368.2,67,,
2025-12-09,DDBL,,874,865.8,865.8,,,5883,5111482.6,63,,
2025-12-09,DHEL,,609.9,576.3,600,,,54340,32568089.7,1476,,
2025-12-09,DHPL,,302.9,296.9,298.1,,,7586,2273442.8,51,,
2025-12-09,DLBS,,1354,1330,1354,,,1950,2622013.9,43,,
2025-12-09,DOLTI,,541,522.1,541,,,8570,4609898,112,,
2025-12-09,DORDI,,267.7,257.7,263.8,,,62052,16344496.6,238,,
2025-12-09,EBL,,645,640,640,,,7879,5055910.4,96,,
2025-12-09,EHPL,,435,425,431.8,,,23128,9939899.1,160,,
2025-12-09,ENL,,921,900.6,918,,,402,365341.4,20,,
2025-12-09,FMDBL,,814.7,800,802,,,16729,13454478.2,156,,
2025-12-09,FOWAD,,1128,1087,1096,,,1997,2181980.1,54,,
2025-12-09,GBIME,,227,223,223.9,,,64370,14458423.7,255,,
2025-12-09,GBLBS,,780,780,780,,,0,0,0,,
2025-12-09,GCIL,,465,454,459,,,19511,8981369.7,235,,
2025-12-09,GFCL,,596,590,595,,,1691,999660.3,30,,
2025-12-09,GHL,,213.9,209,211.5,,,30016,6347927.6,123,,
2025-12-09,GILB,,1298.9,1256,1256,,,2158,2771203.1,38,,
2025-12-09,GLBSL,,1979,1941,1950,,,342,666912,11,,
2025-12-09,GLH,,256,249.9,253.1,,,13813,3507960.6,112,,
2025-12-09,GMFBS,,1586,1524,1549,,,1293,1979984,16,,
2025-12-09,GMFIL,,480,465,472,,,23035,10823924.7,104,,
2025-12-09,GMLI,,1820,1783.9,1807,,,1850,3318775.8,82,,
2025-12-09,GUFL,,508,498,498.4,,,5239,2625588.5,60,,
2025-12-09,GVL,,529,522,525,,,18319,9611939.8,171,,
2025-12-09,HATHY,,919,902.1,908.9,,,5465,4963682.8,108,,
2025-12-09,HBL,,188.4,184,187.8,,,77438,14396483.6,1767,,
2025-12-09,HDHPC,,182,176.7,177.8,,,53868,9598680.3,214,,
2025-12-09,HDL,,1167,1150,1150.7,,,30268,34954654.8,368,,
2025-12-09,HHL,,339,332,334,,,16302,5465229.3,131,,
2025-12-09,HIDCL,,270,262,268,,,53043,14253667.2,207,,
2025-12-09,HIMSTAR,,1050.6,949.8,990,,,37481,36265267.5,662,,
2025-12-09,HLBSL,,930,905.2,923,,,3469,3213994.3,26,,
2025-12-09,HLI,,379.9,375,377,,,43722,16507917.1,384,,
2025-12-09,HPPL,,472.9,466,466,,,33188,15549606,192,,
2025-12-09,HRL,,838,811,828,,,99970,82802954.3,1059,,
2025-12-09,HURJA,,225,219.3,222.8,,,58406,12922257.2,150,,
2025-12-09,ICFC,,635,618,627,,,4844,3019129.7,61,,
2025-12-09,IHL,,596,563.5,590,,,36245,21307397.2,278,,
2025-12-09,ILBS,,1076,1030.4,1044.9,,,7504,7861752.6,69,,
2025-12-09,ILI,,474.9,460,474.7,,,55140,25874713.8,622,,
2025-12-09,JBLB,,1499,1476,1490,,,7913,11765308.5,129,,
2025-12-09,JFL,,422.5,418,420,,,7732,3239566.3,70,,
2025-12-09,JHAPA,,1417,1225.1,1378.1,,,21580,29637768,2157,,
2025-12-09,JOSHI,,314,308,308,,,60991,18877016.3,350,,
2025-12-09,JSLBB,,1197,1176,1197,,,587,697519.2,17,,
2025-12-09,KBL,,180.9,178.5,179,,,136155,24409291.1,377,,
2025-12-09,KBSH,,1820,1700,1815,,,385,685923.8,24,,
2025-12-09,KDL,,911,897.1,905,,,4755,4284706.1,50,,
2025-12-09,KKHC,,245,239,239,,,9900,2379993.7,60,,
2025-12-09,KMCDB,,1116.1,1095.2,1100.1,,,11028,12159678.1,116,,
2025-12-09,KPCL,,548.7,540,543,,,18766,10208547.1,108,,
2025-12-09,LEC,,200,195.2,196,,,39430,7760149.9,145,,
2025-12-09,LICN,,927,910,916.1,,,22907,21073531.3,189,,
2025-12-09,LLBS,,982,963,970,,,1088,1058709,24,,
2025-12-09,LSL,,233.9,224.5,226,,,489503,111489155.1,701,,
2025-12-09,MABEL,,744,710.5,728,,,28643,20814916.8,778,,
2025-12-09,MAKAR,,585.9,557,575,,,7963,4594571.5,108,,
2025-12-09,MANDU,,812.9,790,807.5,,,1810,1461551,54,,
2025-12-09,MATRI,,960,947,960,,,909,864731.7,35,,
2025-12-09,MBJC,,287.9,281.5,283,,,24778,7005807.3,293,,
2025-12-09,MBL,,218,214.2,214.6,,,26879,5790172.1,92,,
2025-12-09,MCHL,,497,472.5,493,,,5846,2876924.1,87,,
2025-12-09,MEHL,,493,480,484,,,26077,12671208.7,185,,
2025-12-09,MEL,,291.7,285,287,,,9836,2829017,210,,
2025-12-09,MEN,,544.7,535,542,,,25187,13631916.8,234,,
2025-12-09,MERO,,764,745.1,745.1,,,2476,1865286.8,34,,
2025-12-09,MFIL,,661,630.9,650,,,52840,34303882.4,330,,
2025-12-09,MHCL,,409.9,388,408.5,,,17704,7145666.2,181,,
2025-12-09,MHL,,494,482.3,489,,,16409,8011608.3,122,,
2025-12-09,MHNL,,248,240.7,246,,,5224,1278915.5,39,,
2025-12-09,MKCL,,1356,1341,1350,,,2352,3169666.5,42,,
2025-12-09,MKHC,,397,380.2,396.6,,,6392,2516172.6,96,,
2025-12-09,MKHL,,814.9,764,799.9,,,2542,2030300.6,71,,
2025-12-09,MKJC,,534.5,520,530,,,16492,8667672.3,126,,
2025-12-09,MLBBL,,1530,1492.1,1505,,,5457,8218815.3,79,,
2025-12-09,MLBS,,1512,1487,1490,,,802,1198624,22,,
2025-12-09,MLBSL,,2002,1971,1995,,,1214,2398322.2,35,,
2025-12-09,MMKJL,,645.5,586.7,645.5,,,117207,73131664.8,664,,
2025-12-09,MPFL,,559,551.2,558.4,,,9989,5543887.7,46,,
2025-12-09,MSHL,,912,888.5,895,,,1560,1415881,30,,
2025-12-09,MSLB,,1445,1410,1415,,,2062,2925596.5,48,,
2025-12-09,NABIL,,500,491.1,496,,,55413,27362965,528,,
2025-12-09,NADEP,,765.6,764,764,,,1855,1418037,24,,
2025-12-09,NBL,,243,238.1,240,,,66171,15891134.2,174,,
2025-12-09,NESDO,,1525,1502,1525,,,301,456239.6,19,,
2025-12-09,NFS,,642,631,632,,,8671,5511376.9,79,,
2025-12-09,NGPL,,425.1,408.5,409.5,,,768065,319206713.5,1926,,
2025-12-09,NHDL,,700.7,690.1,691,,,2403,1676990,16,,
2025-12-09,NHPC,,191,186.5,187.7,,,24420,4593509.2,105,,
2025-12-09,NICA,,321,315.6,316.1,,,26045,8252847.2,143,,
2025-12-09,NICLBSL,,582.8,549,577.8,,,10596,5996303.7,128,,
2025-12-09,NIFRA,,270,266,269.5,,,76378,20516355.6,505,,
2025-12-09,NIMB,,194,190.3,191.2,,,50204,9622330.1,220,,
2025-12-09,NLIC,,838.4,807,828,,,36913,30478005.1,302,,
2025-12-09,NLICL,,614.5,606,607.5,,,8587,5222297.4,67,,
2025-12-09,NLO,,244.33,244.33,244.33,,,0,0,0,,
2025-12-09,NMB,,249.8,244.8,247.3,,,25459,6284857.7,113,,
2025-12-09,NMBMF,,712,690.3,709.9,,,6187,4359754.9,66,,
2025-12-09,NMFBS,,1336,1280.2,1295,,,983,1276982.9,35,,
2025-12-09,NMLBBL,,663.8,656.3,660,,,4012,2639944.7,51,,
2025-12-09,NRIC,,1307,1291.1,1307,,,35816,46534196.3,304,,
2025-12-09,NRM,,425,412.6,422,,,15483,6500746.9,185,,
2025-12-09,NRN,,1419,1386.2,1387.4,,,39769,55831511.5,317,,
2025-12-09,NTC,,874.9,864,869,,,9086,7903886,119,,
2025-12-09,NUBL,,763,744.6,750,,,4142,3122297.6,43,,
2025-12-09,NWCL,,824,782,815.8,,,3945,3158831,84,,
2025-12-09,NYADI,,398.1,383.2,391,,,8374,3268984.3,80,,
2025-12-09,OHL,,713,701.1,701.1,,,4744,3337190.4,46,,
2025-12-09,OMPL,,1284.9,1243.7,1260.2,,,10348,13161676.9,261,,
2025-12-09,PCBL,,244.5,242,242.5,,,33808,8205681.1,107,,
2025-12-09,PFL,,379,372.1,374.9,,,4471,1668454.5,52,,
2025-12-09,PHCL,,281,274.2,278.8,,,72663,20197944,382,,
2025-12-09,PMHPL,,335,323,329.8,,,21108,6984857,106,,
2025-12-09,PMLI,,499.8,490.1,493.3,,,11599,5738173.1,176,,
2025-12-09,PPCL,,335.8,323.1,334,,,73791,24489296,324,,
2025-12-09,PPL,,339.5,328.5,331,,,47405,15690316.5,291,,
2025-12-09,PROFL,,471.5,462,463.1,,,4869,2270540.6,50,,
2025-12-09,PRVU,,185.4,183.5,185,,,84129,15519953.4,282,,
2025-12-09,PURE,,974.1,919,930,,,31364,29669336.9,530,,
2025-12-09,RADHI,,735,711.1,731,,,137040,99124149.4,441,,
2025-12-09,RAWA,,738.6,710,715.1,,,2430,1737243.3,50,,
2025-12-09,RFPL,,392,377,379,,,80488,30663598.3,305,,
2025-12-09,RHGCL,,261.1,251,255,,,38024,9767946.8,187,,
2025-12-09,RHPL,,284.2,276,280.5,,,31645,8845452.9,195,,
2025-12-09,RIDI,,226,221.2,223,,,33233,7444003.7,118,,
2025-12-09,RLFL,,444.8,430,438,,,12733,5527793.4,75,,
2025-12-09,RNLI,,493.7,482,488.4,,,62719,30709962.4,572,,
2025-12-09,RSDC,,644,627,634.8,,,11481,7261664.9,84,,
2025-12-09,RURU,,735.9,722,731.8,,,9301,6789404.8,90,,
2025-12-09,SAGAR,,1836,1794.1,1801,,,32590,58915567,3259,,
2025-12-09,SAHAS,,554.6,541,545,,,58148,31772694.2,358,,
2025-12-09,SAIL,,859.8,769.2,859.8,,,37290,32058270,3729,,
2025-12-09,SANIMA,,311,308.1,309,,,60013,18574733,156,,
2025-12-09,SANVI,,688.9,665,670,,,22570,15222927.2,533,,
2025-12-09,SARBTM,,867.5,850,859.9,,,10436,8913198.1,106,,
2025-12-09,SBI,,398,388,394,,,17190,6775385.4,73,,
2025-12-09,SBL,,353,349,353,,,66334,23313928.7,157,,
2025-12-09,SCB,,625.1,620,622,,,11221,6978425.3,102,,
2025-12-09,SGHC,,421,348,419.8,,,81309,33233418.5,501,,
2025-12-09,SHEL,,290,282,288,,,53922,15490462.8,235,,
2025-12-09,SHIVM,,578.7,570.5,576.2,,,140016,80211418,392,,
2025-12-09,SHL,,487.8,475,484.5,,,13710,6632780.9,73,,
2025-12-09,SHLB,,1723.9,1695,1710,,,215,366952.7,17,,
2025-12-09,SHPC,,533.9,527,528.4,,,62018,32855619.4,240,,
2025-12-09,SIFC,,507,500.1,507,,,11531,5805392.7,54,,
2025-12-09,SIKLES,,569.9,561.5,566,,,11943,6767752.1,107,,
2025-12-09,SJCL,,295.9,289.2,293,,,15924,4651627.8,112,,
2025-12-09,SJLIC,,469,460.7,468.5,,,90541,42220585.9,367,,
2025-12-09,SKBBL,,875,863.5,869.1,,,4143,3601959.2,89,,
2025-12-09,SLBBL,,908.7,900.6,902.1,,,5024,4536825.8,62,,
2025-12-09,SLBSL,,1314,1300,1307,,,1636,2138969.1,38,,
2025-12-09,SMATA,,822,810,810,,,6956,5660907.6,105,,
2025-12-09,SMB,,2040,2001,2030,,,1814,3662999.7,72,,
2025-12-09,SMFBS,,1768,1705.2,1705.2,,,305,524885,11,,
2025-12-09,SMH,,761,752.4,760,,,1676,1267622,28,,
2025-12-09,SMHL,,772.9,705,772.9,,,30814,22322927.2,212,,
2025-12-09,SMJC,,513,500,506,,,5410,2744063.3,133,,
2025-12-09,SMPDA,,925.8,902.1,914,,,3016,2761080.4,72,,
2025-12-09,SNLI,,502,490,502,,,28908,14443264.2,447,,
2025-12-09,SONA,,429.8,423,424.1,,,8787,3740038.2,277,,
2025-12-09,SPC,,495,481.1,490,,,8627,4240549.6,84,,
2025-12-09,SPDL,,423.9,409.7,419,,,101424,42401993.7,278,,
2025-12-09,SPHL,,534.9,517.5,530.8,,,8848,4655015,88,,
2025-12-09,SPL,,905,883,900,,,1170,1040038,36,,
2025-12-09,SRLI,,406.5,394,402,,,21337,8551622.3,317,,
2025-12-09,SSHL,,167,162.7,163.5,,,30953,5071772,132,,
2025-12-09,STC,,5450,5301,5340.1,,,569,3045552.5,24,,
2025-12-09,SWASTIK,,1589.5,1444.9,1589.5,,,140,218240,14,,
2025-12-09,SWBBL,,803,782.3,787,,,5925,4669776.4,59,,
2025-12-09,SWMF,,699.9,683,685.1,,,8075,5598377,45,,
2025-12-09,TAMOR,,475,465,467.5,,,6918,3251604.2,134,,
2025-12-09,TPC,,353,344,348.1,,,67420,23600587.7,222,,
2025-12-09,TRH,,713.9,700,706.9,,,2865,2010732.7,35,,
2025-12-09,TSHL,,721.8,695,719.9,,,17089,12167082.4,188,,
2025-12-09,TTL,,822,801.3,805.8,,,31557,25597728.5,904,,
2025-12-09,TVCL,,436.8,421,430.8,,,6427,2756021,83,,
2025-12-09,UHEWA,,596.9,585.6,587,,,9937,5868910.5,87,,
2025-12-09,ULBSL,,3932,3491,3614,,,3438,12232676,55,,
2025-12-09,ULHC,,476.1,450.3,471.9,,,28330,13301979.7,210,,
2025-12-09,UMHL,,575,565,572,,,34627,19687096,191,,
2025-12-09,UMRH,,566,562,564,,,7386,4165934.8,47,,
2025-12-09,UNHPL,,499,487,489,,,113009,55568686.7,233,,
2025-12-09,UNL,,47000,47000,47000,,,2,92128.2,2,,
2025-12-09,UNLB,,2000,1950,1999.5,,,730,1439732,26,,
2025-12-09,UPCL,,383,374,379,,,227799,86407644.1,583,,
2025-12-09,UPPER,,176.6,173.4,176.6,,,46902,8219656.9,285,,
2025-12-09,USHEC,,473,461,468.6,,,11459,5375724.2,104,,
2025-12-09,USHL,,837.5,790,830,,,43587,35757603.3,437,,
2025-12-09,USLB,,1558,1525,1526,,,7984,12277887.6,161,,
2025-12-09,VLBS,,799,773,775.5,,,889,694712,20,,
2025-12-09,VLUCL,,613.9,556.1,604.9,,,73323,43494147.7,633,,
2025-12-10,ACLBSL,,991.5,980.2,982,,,1598,1574698.4,41,,
2025-12-10,ADBL,,297,290,291.4,,,24514,7124583.7,176,,
2025-12-10,AHL,,625,590.1,615.9,,,13762,8392014.9,134,,
2025-12-10,AHPC,,282,278.2,278.6,,,39724,11079956.7,197,,
2025-12-10,AKJCL,,186.8,184.5,184.5,,,39735,7361102.5,163,,
2025-12-10,AKPL,,244,241,242,,,45440,10984222,145,,
2025-12-10,ALBSL,,1070,1029,1046,,,13129,13770894.6,156,,
2025-12-10,ALICL,,473.9,462,464.4,,,31400,14578311.8,193,,
2025-12-10,ANLB,,6150,6081.1,6100,,,118,719543,11,,
2025-12-10,API,,287.9,282,283,,,46990,13333736.7,222,,
2025-12-10,AVYAN,,985,951,969.9,,,475,459547,27,,
2025-12-10,BANDIPUR,,800,765,770,,,83345,64688884.5,4039,,
2025-12-10,BARUN,,330.6,320,321,,,73807,23741926.2,301,,
2025-12-10,BBC,,4895,4733.7,4879,,,1220,5874790.4,58,,
2025-12-10,BEDC,,562,548,554.9,,,8920,4951657,106,,
2025-12-10,BFC,,487,473,475,,,17136,8220077.2,108,,
2025-12-10,BGWT,,795.5,776.2,785.9,,,4995,3923374.2,67,,
2025-12-10,BHCL,,535,516,531.2,,,98999,51899504.7,1503,,
2025-12-10,BHDC,,496,486,486,,,29923,14681215.6,179,,
2025-12-10,BHL,,179.1,176,176.9,,,49908,8848988.5,294,,
2025-12-10,BHPL,,644,608,622,,,3397,2115564,39,,
2025-12-10,BNHC,,447,435.8,442,,,4985,2186791.5,65,,
2025-12-10,BNL,,15843,15843,15843,,,0,0,0,,
2025-12-10,BNT,,12000,11900,12000,,,40,477000,4,,
2025-12-10,BPCL,,722,710,714,,,70843,50782282.4,257,,
2025-12-10,BUNGAL,,635,611.3,616,,,65680,41006204.5,1424,,
2025-12-10,CBBL,,1008,1000,1001,,,9309,9343673.1,110,,
2025-12-10,CFCL,,481.5,475,476,,,19296,9216947.5,98,,
2025-12-10,CGH,,893,879,888.9,,,21640,19119481.1,140,,
2025-12-10,CHCL,,495,490.2,492.2,,,20239,9972874.4,110,,
2025-12-10,CHDC,,2300,2246,2262.9,,,19780,44813164.1,163,,
2025-12-10,CHL,,265,258.2,258.2,,,26902,7006216.5,100,,
2025-12-10,CIT,,1870,1840.2,1850,,,2963,5482993,86,,
2025-12-10,CITY,,533,523.1,533,,,2853,1513662.2,58,,
2025-12-10,CKHL,,682,657,667.9,,,10157,6760232,111,,
2025-12-10,CLI,,499.1,494,498,,,103150,51290483.9,960,,
2025-12-10,CREST,,1315,1276.3,1295,,,10910,14143580,328,,
2025-12-10,CYCL,,1525,1500,1510,,,3775,5691707,67,,
2025-12-10,CZBIL,,194.2,188.1,191.4,,,12454,2387692.7,75,,
2025-12-10,DDBL,,874.5,865.2,868.3,,,7628,6628357.3,64,,
2025-12-10,DHEL,,607,584,586,,,59011,34941300.2,1612,,
2025-12-10,DHPL,,298,294.9,295,,,7866,2324051.5,61,,
2025-12-10,DLBS,,1368,1325,1350,,,2498,3358704,34,,
2025-12-10,DOLTI,,544,525,530,,,3887,2054679.2,70,,
2025-12-10,DORDI,,266.9,260,260,,,74705,19543408.4,263,,
2025-12-10,EBL,,642,639.5,641,,,21558,13808023.7,136,,
2025-12-10,EHPL,,431.8,423.2,425,,,55130,23577703.4,184,,
2025-12-10,ENL,,934.2,907,918,,,669,610330,14,,
2025-12-10,FMDBL,,809.8,786,804,,,12570,10117766.6,95,,
2025-12-10,FOWAD,,1090,1075,1077,,,2079,2243473.1,45,,
2025-12-10,GBIME,,225,223.1,223.6,,,63538,14229048.3,270,,
2025-12-10,GBLBS,,780,780,780,,,0,0,0,,
2025-12-10,GCIL,,463.6,453,460.6,,,12717,5869477.1,219,,
2025-12-10,GFCL,,591,577.4,580,,,9505,5559683.1,76,,
2025-12-10,GHL,,213.5,210.1,210.7,,,35478,7478207.4,119,,
2025-12-10,GILB,,1281,1253,1272.9,,,3789,4762480,33,,
2025-12-10,GLBSL,,1989,1950,1970,,,161,317469,11,,
2025-12-10,GLH,,255.5,248.1,251.2,,,13515,3406470.8,120,,
2025-12-10,GMFBS,,1552,1521.6,1552,,,284,438351.4,10,,
2025-12-10,GMFIL,,499,461,468,,,53021,25112778.8,198,,
2025-12-10,GMLI,,1800,1780,1789.9,,,1285,2301037,73,,
2025-12-10,GUFL,,501,495,498.9,,,6652,3310852.9,66,,
2025-12-10,GVL,,534,520,520.2,,,19944,10407881.7,196,,
2025-12-10,HATHY,,912,905,911.9,,,4727,4293493.7,98,,
2025-12-10,HBL,,189.8,185,187,,,59137,11053265.1,2328,,
2025-12-10,HDHPC,,179.9,175.7,176.9,,,60767,10738926.2,215,,
2025-12-10,HDL,,1170,1147.1,1147.5,,,22930,26411299.2,361,,
2025-12-10,HHL,,340.3,328,333,,,108510,35844493.2,419,,
2025-12-10,HIDCL,,269.9,263,266.9,,,57771,15409268.1,204,,
2025-12-10,HIMSTAR,,971,923.3,940,,,20829,19469104.9,643,,
2025-12-10,HLBSL,,922,915,915,,,2032,1863554.6,20,,
2025-12-10,HLI,,380,374.1,375.5,,,29481,11108181.6,360,,
2025-12-10,HPPL,,474.5,464.1,468,,,18744,8754114.5,106,,
2025-12-10,HRL,,844.5,820,825,,,79909,66024748,987,,
2025-12-10,HURJA,,223.8,220.8,222.5,,,14083,3125021.2,52,,
2025-12-10,ICFC,,639,614.5,625,,,5871,3655155.7,48,,
2025-12-10,IHL,,598,568.4,569.2,,,20041,11592481,161,,
2025-12-10,ILBS,,1040,1025,1033.5,,,4691,4855704.4,72,,
2025-12-10,ILI,,479.4,469,471,,,21086,9973599.9,423,,
2025-12-10,JBLB,,1497,1463,1465.2,,,11960,17638606.4,144,,
2025-12-10,JFL,,424.9,417,417,,,2750,1151438,32,,
2025-12-10,JHAPA,,1400,1240.3,1250,,,40684,52851462.4,3568,,
2025-12-10,JOSHI,,310.8,300.4,303,,,136354,41405118.3,733,,
2025-12-10,JSLBB,,1194,1175,1194,,,753,895147,14,,
2025-12-10,KBL,,181,178,179.5,,,91697,16391728.7,274,,
2025-12-10,KBSH,,1833,1765.1,1765.1,,,93,165262.9,7,,
2025-12-10,KDL,,915,895,911,,,5129,4635103.8,109,,
2025-12-10,KKHC,,248,240,240,,,10424,2516253.1,60,,
2025-12-10,KMCDB,,1189.3,1070,1090,,,20664,22610313.7,258,,
2025-12-10,KPCL,,549,540.3,545,,,22256,12065195.3,118,,
2025-12-10,LEC,,197.8,193.4,195.4,,,27335,5310635.4,117,,
2025-12-10,LICN,,930,910,912.1,,,17595,16134207.1,168,,
2025-12-10,LLBS,,1055,960,1055,,,4048,3944324,51,,
2025-12-10,LSL,,230,225,229.3,,,115530,26351079.8,235,,
2025-12-10,MABEL,,746,695,695.3,,,46274,32792481,972,,
2025-12-10,MAKAR,,591.6,563.5,582.9,,,13796,8057827.8,148,,
2025-12-10,MANDU,,807,800.1,802,,,523,419849,28,,
2025-12-10,MATRI,,952,943,952,,,2345,2217600.4,44,,
2025-12-10,MBJC,,288.6,281.5,284,,,20732,5879367.7,287,,
2025-12-10,MBL,,217,214,215,,,21989,4718632.4,61,,
2025-12-10,MCHL,,497.6,483.2,492,,,5721,2801559.6,77,,
2025-12-10,MEHL,,482,466.5,466.5,,,17663,8331679.6,175,,
2025-12-10,MEL,,290,281.5,283.8,,,13122,3741655.9,192,,
2025-12-10,MEN,,545,536.1,540.1,,,33233,17977577.1,238,,
2025-12-10,MERO,,752,735,744.5,,,4260,3166432.5,43,,
2025-12-10,MFIL,,665,648,659.9,,,74299,49055808.7,365,,
2025-12-10,MHCL,,413.4,402,402,,,13147,5360527.7,119,,
2025-12-10,MHL,,498,481.1,483,,,10098,4886909.9,97,,
2025-12-10,MHNL,,249.6,242.9,246.5,,,13555,3315947.1,58,,
2025-12-10,MKCL,,1485,1341,1485,,,7731,10488745.7,123,,
2025-12-10,MKHC,,398,390,394,,,6567,2575219,75,,
2025-12-10,MKHL,,815.7,784.2,815.7,,,1077,858871,67,,
2025-12-10,MKJC,,538,525,529.8,,,16899,8980951.9,82,,
2025-12-10,MLBBL,,1514,1491,1495.1,,,966,1443062.4,27,,
2025-12-10,MLBS,,1519,1488.9,1490,,,310,463519,9,,
2025-12-10,MLBSL,,1999,1961,1988,,,674,1332083.7,25,,
2025-12-10,MMKJL,,667,641,659,,,55998,36678707.1,478,,
2025-12-10,MPFL,,568.5,542.1,547.5,,,23636,12951716.7,86,,
2025-12-10,MSHL,,918,888.8,902,,,1797,1622639.2,42,,
2025-12-10,MSLB,,1417,1400,1402,,,1401,1971595,50,,
2025-12-10,NABIL,,500,493,494.7,,,29665,14662013.9,357,,
2025-12-10,NADEP,,770,756.5,769,,,1401,1069855.3,26,,
2025-12-10,NBL,,244,239.3,240,,,35180,8440291.8,106,,
2025-12-10,NESDO,,1535,1501.6,1501.6,,,184,279660.2,14,,
2025-12-10,NFS,,642,630.1,635,,,10058,6375880.6,80,,
2025-12-10,NGPL,,417.6,401.5,402.6,,,421725,170802558.5,1206,,
2025-12-10,NHDL,,700,691,699,,,1071,748236.3,12,,
2025-12-10,NHPC,,189,187,187.5,,,18910,3549763.8,85,,
2025-12-10,NICA,,319.9,315,316.2,,,34740,10996213.3,146,,
2025-12-10,NICLBSL,,570,559,563,,,6009,3384890.1,82,,
2025-12-10,NIFRA,,270,267.3,268.9,,,72273,19432281.9,455,,
2025-12-10,NIMB,,194.9,190.3,191,,,56588,10822865.1,234,,
2025-12-10,NLIC,,837,819,822.8,,,39337,32466433.7,288,,
2025-12-10,NLICL,,617.9,606.2,609.2,,,11959,7298019.5,74,,
2025-12-10,NLO,,244.33,244.33,244.33,,,0,0,0,,
2025-12-10,NMB,,250,245.5,247,,,19906,4908921.9,121,,
2025-12-10,NMBMF,,723,695.8,710,,,8722,6165993.3,82,,
2025-12-10,NMFBS,,1300,1270,1281,,,2874,3713763.5,41,,
2025-12-10,NMLBBL,,663.9,650,663,,,1805,1187402.6,46,,
2025-12-10,NRIC,,1307,1280,1294,,,47338,61058772,416,,
2025-12-10,NRM,,421,413.1,414,,,28946,12059630.5,224,,
2025-12-10,NRN,,1399,1368,1390,,,26994,37232301.2,269,,
2025-12-10,NTC,,872,867,869,,,6652,5782633.8,96,,
2025-12-10,NUBL,,750,742,748.1,,,2329,1738641.1,41,,
2025-12-10,NWCL,,810,800,805.3,,,942,756853.9,38,,
2025-12-10,NYADI,,393,389.1,389.9,,,2850,1112306,64,,
2025-12-10,OHL,,705,696,705,,,7041,4932170.6,20,,
2025-12-10,OMPL,,1280,1250,1255,,,10754,13509532.5,263,,
2025-12-10,PCBL,,244.9,242.1,243.9,,,23827,5789347.1,74,,
2025-12-10,PFL,,378,370,373,,,4996,1859232.1,69,,
2025-12-10,PHCL,,281.9,275.4,277.9,,,94200,26113138.7,345,,
2025-12-10,PMHPL,,336.3,328,328,,,16700,5534396.9,84,,
2025-12-10,PMLI,,500,490.1,496.9,,,4371,2154713.9,156,,
2025-12-10,PPCL,,341.1,333.1,340,,,75412,25391494.2,184,,
2025-12-10,PPL,,336,327,328,,,88408,29223573.3,245,,
2025-12-10,PROFL,,472.3,457,460,,,6111,2810106.1,37,,
2025-12-10,PRVU,,187,183.8,184,,,59519,10972285.4,258,,
2025-12-10,PURE,,945,912.1,935,,,28054,26153168.8,440,,
2025-12-10,RADHI,,741.2,725,725.3,,,69244,50645002.1,235,,
2025-12-10,RAWA,,742.5,701.2,733.9,,,5226,3816551.9,87,,
2025-12-10,RFPL,,382,368.8,372,,,31667,11812575.5,253,,
2025-12-10,RHGCL,,260.1,250,250,,,31831,8058715,173,,
2025-12-10,RHPL,,280.5,275.2,277.1,,,19656,5452804,162,,
2025-12-10,RIDI,,224,221.5,223,,,51533,11461177.4,181,,
2025-12-10,RLFL,,443,428,428,,,6854,2958577.9,71,,
2025-12-10,RNLI,,495.3,488,489.9,,,60328,29608353.4,668,,
2025-12-10,RSDC,,643,615,634,,,11570,7238904.3,112,,
2025-12-10,RURU,,736.4,717.2,729,,,6259,4561117.1,66,,
2025-12-10,SAGAR,,1810.4,1752,1754.1,,,60435,106903538.5,4142,,
2025-12-10,SAHAS,,550,540,540,,,39291,21341086.4,360,,
2025-12-10,SAIL,,930,814.9,830.2,,,311450,263942843.5,30802,,
2025-12-10,SANIMA,,313,308.3,308.6,,,27862,8617294.6,120,,
2025-12-10,SANVI,,705,645,648.8,,,36568,24137337.5,623,,
2025-12-10,SARBTM,,865,847,862,,,36250,31175258.8,134,,
2025-12-10,SBI,,397,388,390.9,,,37223,14527325.4,111,,
2025-12-10,SBL,,358.9,348.5,350,,,40469,14150476.7,86,,
2025-12-10,SCB,,625,620.1,623,,,22235,13856814,121,,
2025-12-10,SGHC,,420,389,408,,,28095,11651126.6,182,,
2025-12-10,SHEL,,290,284,287,,,58340,16747950.3,245,,
2025-12-10,SHIVM,,577.9,570.2,574.9,,,103091,59302963.2,375,,
2025-12-10,SHL,,490,479.3,489,,,19935,9706571.7,99,,
2025-12-10,SHLB,,1705,1678.5,1685.3,,,189,318353,12,,
2025-12-10,SHPC,,530.5,523.1,523.2,,,56019,29507990.3,224,,
2025-12-10,SIFC,,517.1,500,508,,,17447,8810956.3,101,,
2025-12-10,SIKLES,,577,560.1,564.4,,,10367,5863601,102,,
2025-12-10,SJCL,,293.7,287.2,293.7,,,6991,2031074.7,100,,
2025-12-10,SJLIC,,470,459.2,466,,,118715,55289818.7,337,,
2025-12-10,SKBBL,,875,868,869,,,3360,2925339.9,62,,
2025-12-10,SLBBL,,909,900,903,,,8932,8067306.7,67,,
2025-12-10,SLBSL,,1318,1300,1318,,,1267,1656848.6,32,,
2025-12-10,SMATA,,815,801,803,,,10405,8405238.8,135,,
2025-12-10,SMB,,2047,1993,2037,,,2578,5163968.2,79,,
2025-12-10,SMFBS,,1770.5,1690,1770.5,,,1886,3245025.1,30,,
2025-12-10,SMH,,770,751,770,,,328,249437,16,,
2025-12-10,SMHL,,757.5,728.5,737.4,,,14619,10755933,146,,
2025-12-10,SMJC,,511.4,500.1,504.9,,,5328,2687749.4,123,,
2025-12-10,SMPDA,,939,895.8,914,,,4620,4175278.9,86,,
2025-12-10,SNLI,,512,496.2,497.1,,,61755,30902156.9,522,,
2025-12-10,SONA,,431,420,421.6,,,28696,12123313.2,323,,
2025-12-10,SPC,,499.8,485,485,,,13087,6397702.8,94,,
2025-12-10,SPDL,,426,410.7,415.5,,,58915,24511042.7,166,,
2025-12-10,SPHL,,539.9,514,531.5,,,10240,5367348,74,,
2025-12-10,SPL,,896,882.3,885,,,3288,2930872.1,25,,
2025-12-10,SRLI,,405,398,399.5,,,21031,8423060.6,264,,
2025-12-10,SSHL,,165,163,163.8,,,26229,4288926.2,154,,
2025-12-10,STC,,5410,5330,5375,,,1747,9423195.5,37,,
2025-12-10,SWASTIK,,1748.4,1621.2,1748.4,,,130,224173,13,,
2025-12-10,SWBBL,,802,787,789,,,1594,1258111.7,26,,
2025-12-10,SWMF,,689.9,677,685,,,2832,1937280.7,28,,
2025-12-10,SYPNL,,351.7,319.8,351.7,,,300,102647,30,,
2025-12-10,TAMOR,,477.9,457.3,464.5,,,18113,8391829.6,186,,
2025-12-10,TPC,,363,347,358,,,181975,64854915.9,634,,
2025-12-10,TRH,,702,686,696.3,,,2895,2010146.2,37,,
2025-12-10,TSHL,,779.1,733,771.3,,,38247,29050436.1,511,,
2025-12-10,TTL,,816,775,782,,,41636,33037819.6,992,,
2025-12-10,TVCL,,435,425,425,,,4427,1896956.4,65,,
2025-12-10,UHEWA,,601.8,576,592.9,,,14714,8782213.7,141,,
2025-12-10,ULBSL,,3830,3475,3508,,,1645,5801244.5,42,,
2025-12-10,ULHC,,486.8,462.5,481,,,29707,14286647.6,285,,
2025-12-10,UMHL,,596,560.6,569.9,,,40219,22812630,175,,
2025-12-10,UMRH,,575.2,561,570,,,13276,7593219.3,67,,
2025-12-10,UNHPL,,498.7,482.5,484,,,66114,32107464.6,204,,
2025-12-10,UNL,,47000,46600,46600,,,20,936000,2,,
2025-12-10,UNLB,,1999.5,1921,1970,,,629,1216594,27,,
2025-12-10,UPCL,,387,379,380,,,303453,116195354.7,974,,
2025-12-10,UPPER,,177.5,174,175,,,50637,8857779.1,321,,
2025-12-10,USHEC,,470,464.2,468,,,8399,3933895.3,77,,
2025-12-10,USHL,,861,815.4,850,,,42970,36022136.3,345,,
2025-12-10,USLB,,1544,1501,1510,,,5670,8590271.5,156,,
2025-12-10,VLBS,,794,776,776,,,491,382513.2,18,,
2025-12-10,VLUCL,,614.3,592.9,599.7,,,32219,19442384.2,268,,
2025-12-11,ACLBSL,,999.6,980,991,,,738,729697.3,37,,
2025-12-11,ADBL,,293,288,292,,,26009,7529284.4,208,,
2025-12-11,AHL,,622.9,599,610,,,11086,6684069.8,97,,
2025-12-11,AHPC,,281.9,276.3,278.5,,,59136,16475226.2,190,,
2025-12-11,AKJCL,,185.9,184,184.4,,,39013,7207969.8,175,,
2025-12-11,AKPL,,243.9,240.2,242,,,57592,13954561.9,184,,
2025-12-11,ALBSL,,1100,1025.1,1079.9,,,40586,43294129.7,340,,
2025-12-11,ALICL,,467.1,460.7,464.5,,,30006,13932752.7,205,,
2025-12-11,ANLB,,6150,6100,6150,,,130,793734.2,18,,
2025-12-11,API,,285.9,281,282.7,,,77387,21883165.9,254,,
2025-12-11,AVYAN,,975,956,975,,,1683,1613686,42,,
2025-12-11,BANDIPUR,,777,760.3,765.5,,,72592,55618447.2,3579,,
2025-12-11,BARUN,,327.4,317,319.8,,,102361,32659673,485,,
2025-12-11,BBC,,4887,4806.3,4879.9,,,163,790972,14,,
2025-12-11,BEDC,,557.4,550,554.9,,,10649,5894147.4,104,,
2025-12-11,BFC,,482,468,468,,,16313,7694962.5,142,,
2025-12-11,BGWT,,798.5,776.1,777,,,3874,3043654.8,51,,
2025-12-11,BHCL,,556.6,517.1,517.1,,,133391,70593335.7,1515,,
2025-12-11,BHDC,,489.7,483,483,,,21203,10287985.8,144,,
2025-12-11,BHL,,177.8,174,176.7,,,63995,11287714.7,384,,
2025-12-11,BHPL,,623,605,623,,,874,536148,28,,
2025-12-11,BNHC,,442.9,435,442.8,,,3275,1434560.5,57,,
2025-12-11,BNL,,16000,15750,16000,,,20,317500,2,,
2025-12-11,BNT,,12000,12000,12000,,,0,0,0,,
2025-12-11,BPCL,,727,700,706.7,,,70379,49880441.9,227,,
2025-12-11,BUNGAL,,625,602,606,,,43989,26877521.3,1119,,
2025-12-11,CBBL,,1012,1000,1007,,,17545,17672112.1,113,,
2025-12-11,CFCL,,480,472,479,,,7085,3355665,74,,
2025-12-11,CGH,,900,880,882.5,,,18368,16322733.1,151,,
2025-12-11,CHCL,,498,491,491.2,,,17034,8388308,119,,
2025-12-11,CHDC,,2307,2218,2256.9,,,27500,61751506.8,243,,
2025-12-11,CHL,,265,256.1,263.8,,,38863,10151335.6,178,,
2025-12-11,CIT,,1863,1840,1845,,,4795,8860561.7,83,,
2025-12-11,CITY,,530,523,527,,,902,475625,34,,
2025-12-11,CKHL,,668.9,645.4,658,,,6678,4387370.2,115,,
2025-12-11,CLI,,506,496,499.7,,,70476,35279062.1,706,,
2025-12-11,CREST,,1309,1268,1270,,,8814,11293584.3,231,,
2025-12-11,CYCL,,1539,1479.8,1519,,,2961,4447450.6,53,,
2025-12-11,CZBIL,,191.6,188,191.6,,,20610,3926100.6,99,,
2025-12-11,DDBL,,875,865,874,,,12213,10624647.2,154,,
2025-12-11,DHEL,,599,580,585,,,40600,23810656.6,1313,,
2025-12-11,DHPL,,298.9,293.1,294.7,,,5631,1658963.9,41,,
2025-12-11,DLBS,,1340,1327.2,1331,,,535,712556.3,19,,
2025-12-11,DOLTI,,530,518,519.2,,,3239,1689545.3,73,,
2025-12-11,DORDI,,266,257,260.2,,,64318,16870197.3,265,,
2025-12-11,EBL,,646,637,646,,,12652,8127465.4,90,,
2025-12-11,EHPL,,445,418,430,,,67481,28917775.4,255,,
2025-12-11,ENL,,931.9,900.1,904,,,430,389051.5,20,,
2025-12-11,FMDBL,,800,787,790,,,21522,17063201.8,190,,
2025-12-11,FOWAD,,1090,1070,1085,,,1226,1326796.2,23,,
2025-12-11,GBIME,,226,222.6,223.5,,,66611,14884476.8,285,,
2025-12-11,GBLBS,,780,780,780,,,0,0,0,,
2025-12-11,GCIL,,465,455.1,456.1,,,47974,21932666.8,551,,
2025-12-11,GFCL,,587.5,577,577,,,5237,3036244.1,43,,
2025-12-11,GHL,,212,209,210.5,,,34369,7214354.2,125,,
2025-12-11,GILB,,1275,1247.6,1270,,,3031,3830054,31,,
2025-12-11,GLBSL,,1970,1900,1938,,,750,1439776,27,,
2025-12-11,GLH,,253.8,247,247,,,52375,13067629.7,245,,
2025-12-11,GMFBS,,1580,1500,1535,,,254,387436.6,19,,
2025-12-11,GMFIL,,485,461,473,,,47015,22062560.4,144,,
2025-12-11,GMLI,,1822,1765,1777,,,1069,1905457,63,,
2025-12-11,GUFL,,500,491.4,499,,,3521,1744865.8,33,,
2025-12-11,GVL,,524.9,515.5,518,,,19644,10187080.5,181,,
2025-12-11,HATHY,,914,905,905,,,3119,2827524.4,86,,
2025-12-11,HBL,,188.1,185,187.1,,,44937,8407535,1753,,
2025-12-11,HDHPC,,179.4,175,177,,,27080,4798804,154,,
2025-12-11,HDL,,1160.5,1149,1150.1,,,28597,32985074.5,355,,
2025-12-11,HHL,,339.6,326.5,331.5,,,11435,3785202.2,108,,
2025-12-11,HIDCL,,268.2,263,267.8,,,88467,23583789.2,279,,
2025-12-11,HIMSTAR,,943,900,921,,,34226,31215875.4,711,,
2025-12-11,HLBSL,,926,906.3,926,,,1324,1208981.9,34,,
2025-12-11,HLI,,378.7,375,375.1,,,24960,9383785.4,286,,
2025-12-11,HPPL,,469.9,461,461,,,41855,19464281.2,183,,
2025-12-11,HRL,,840,820,828.7,,,73622,60935855.9,852,,
2025-12-11,HURJA,,222.9,221,222,,,23487,5206449.2,118,,
2025-12-11,ICFC,,630,612,617,,,9058,5596978,79,,
2025-12-11,IHL,,580.5,550.2,552,,,14470,8103563.7,140,,
2025-12-11,ILBS,,1054,1012.2,1022,,,12843,13118231.3,96,,
2025-12-11,ILI,,475,466.1,472,,,13618,6416987.4,345,,
2025-12-11,JBLB,,1490,1461,1467,,,4555,6710533.4,112,,
2025-12-11,JFL,,420,410,415.1,,,7274,3022461.6,76,,
2025-12-11,JHAPA,,1240,1180.6,1220.7,,,41861,50818048,2826,,
2025-12-11,JOSHI,,305,298.1,300,,,120494,36217824.5,519,,
2025-12-11,JSLBB,,1188.6,1165.3,1184.8,,,501,586961,19,,
2025-12-11,KBL,,179.9,177.7,179,,,130691,23343229.3,309,,
2025-12-11,KBSH,,1780,1752.2,1780,,,214,378435,11,,
2025-12-11,KDL,,913,893.3,903,,,2111,1909388.6,50,,
2025-12-11,KKHC,,244,237.2,240,,,5701,1368496.6,47,,
2025-12-11,KMCDB,,1110,1045,1073,,,5241,5597617.5,94,,
2025-12-11,KPCL,,550,534.1,540.5,,,26758,14518988,93,,
2025-12-11,LEC,,197,192,194.1,,,55844,10787597.6,164,,
2025-12-11,LICN,,919,913.1,917,,,12682,11616828.6,119,,
2025-12-11,LLBS,,1033.9,1033.9,1033.9,,,50,51695,3,,
2025-12-11,LSL,,231.9,228.1,231.3,,,112001,25807801.9,263,,
2025-12-11,MABEL,,707,680,689.9,,,29864,20598893.5,736,,
2025-12-11,MAKAR,,589,571.3,579.2,,,5863,3385468.1,87,,
2025-12-11,MANDU,,818,801.1,805,,,1691,1362647,55,,
2025-12-11,MATRI,,969,945,948.9,,,543,514886.1,18,,
2025-12-11,MBJC,,286,281.4,282,,,12696,3592762.3,213,,
2025-12-11,MBL,,217,213.7,215,,,27848,5996896.5,75,,
2025-12-11,MCHL,,501.8,482.2,490,,,1831,889938,53,,
2025-12-11,MEHL,,476,460,474,,,31947,15013255.7,224,,
2025-12-11,MEL,,289,280,283,,,31424,8899590.5,235,,
2025-12-11,MEN,,544,539,542,,,32822,17734354,255,,
2025-12-11,MERO,,755,736,745.2,,,884,660041,34,,
2025-12-11,MFIL,,659.6,649,650,,,19314,12647212.9,171,,
2025-12-11,MHCL,,418,394.2,417.7,,,29668,12278607.8,296,,
2025-12-11,MHL,,489,480,485,,,5434,2627966.7,72,,
2025-12-11,MHNL,,247,242.6,246,,,9919,2423782,50,,
2025-12-11,MKCL,,1455.3,1349.1,1360,,,10806,14724277.1,185,,
2025-12-11,MKHC,,401.4,380.7,389.9,,,5539,2132156.5,78,,
2025-12-11,MKHL,,832.3,770.3,820,,,3103,2434972.8,88,,
2025-12-11,MKJC,,526.8,519.3,522,,,29461,15365022.2,146,,
2025-12-11,MLBBL,,1518,1496,1518,,,2243,3374078,41,,
2025-12-11,MLBS,,1498,1475.1,1486.1,,,644,955676.7,11,,
2025-12-11,MLBSL,,1998.9,1948.7,1970,,,676,1339939.6,27,,
2025-12-11,MMKJL,,650,625,632,,,31023,19788192.7,219,,
2025-12-11,MPFL,,550,543.6,544.2,,,7214,3933222.7,45,,
2025-12-11,MSHL,,919.6,895.1,907,,,1423,1296999.5,30,,
2025-12-11,MSLB,,1425,1396,1396,,,5863,8220487.9,91,,
2025-12-11,NABIL,,497.5,492,495,,,37306,18444209.7,373,,
2025-12-11,NADEP,,775,758,767,,,1316,1000399,23,,
2025-12-11,NBL,,241,238.5,240,,,60461,14457461.3,204,,
2025-12-11,NESDO,,1525,1500,1525,,,695,1045604.1,23,,
2025-12-11,NFS,,640,625,627.9,,,11882,7460856,115,,
2025-12-11,NGPL,,409,400,402,,,469770,189716222.9,1117,,
2025-12-11,NHDL,,699,686,691,,,7477,5205572,14,,
2025-12-11,NHPC,,189,186,187,,,42669,7984174.6,105,,
2025-12-11,NICA,,318.5,315.5,316,,,28406,8994886.4,154,,
2025-12-11,NICLBSL,,569.8,555.4,563,,,4313,2414142.7,79,,
2025-12-11,NIFRA,,273.9,267.2,268,,,72020,19323660.3,446,,
2025-12-11,NIMB,,192.9,190,191.2,,,54778,10471460.2,195,,
2025-12-11,NLIC,,832,817,820,,,99429,81601761.7,632,,
2025-12-11,NLICL,,614,605,611.8,,,18008,10989034.7,90,,
2025-12-11,NLO,,244.33,244.33,244.33,,,0,0,0,,
2025-12-11,NMB,,247,245,245.9,,,26472,6509686.3,136,,
2025-12-11,NMBMF,,737,695.8,713,,,11228,7896154,104,,
2025-12-11,NMFBS,,1281,1278,1280,,,2671,3418925,22,,
2025-12-11,NMLBBL,,668.4,652,652,,,5110,3348949.6,52,,
2025-12-11,NRIC,,1295,1275,1278,,,36321,46617112.9,335,,
2025-12-11,NRM,,419.9,412,414.9,,,13340,5535606.1,149,,
2025-12-11,NRN,,1390,1371,1372.3,,,23898,32854453.2,206,,
2025-12-11,NTC,,870,865,870,,,8059,6985245.6,114,,
2025-12-11,NUBL,,751,744,747,,,5381,4022970.3,35,,
2025-12-11,NWCL,,805,791,800,,,1414,1132080.5,40,,
2025-12-11,NYADI,,392,385.4,387,,,4508,1743787.3,62,,
2025-12-11,OHL,,710,697.1,705,,,20156,14110035.8,41,,
2025-12-11,OMPL,,1260,1228,1230,,,14436,17861693.9,324,,
2025-12-11,PCBL,,245,240.4,242.8,,,32783,7971360,108,,
2025-12-11,PFL,,377,367,367,,,11668,4302806.1,102,,
2025-12-11,PHCL,,278.5,275.1,275.7,,,76022,21008621.2,341,,
2025-12-11,PMHPL,,340,322,322.3,,,39058,12729795.3,155,,
2025-12-11,PMLI,,502.8,489,499,,,5388,2675518.8,147,,
2025-12-11,PPCL,,342,335.3,337.9,,,34027,11530801.2,134,,
2025-12-11,PPL,,336,325.7,329,,,86174,28464833.9,298,,
2025-12-11,PROFL,,464,455.1,457,,,4119,1889416,39,,
2025-12-11,PRVU,,185,183.7,183.7,,,79547,14659472.9,289,,
2025-12-11,PURE,,940,909,915,,,26886,24711623.3,372,,
2025-12-11,RADHI,,732.8,719.5,722.2,,,50101,36278791.3,213,,
2025-12-11,RAWA,,747,723.5,729.9,,,704,511329,26,,
2025-12-11,RFPL,,373,361.7,365,,,47054,17204464.1,256,,
2025-12-11,RHGCL,,255,250,253,,,33823,8503100.2,196,,
2025-12-11,RHPL,,280,275.7,275.7,,,22699,6286394.9,127,,
2025-12-11,RIDI,,224.8,221.6,221.7,,,36778,8180210.4,132,,
2025-12-11,RLFL,,432,421.4,427.5,,,9789,4159897.3,78,,
2025-12-11,RNLI,,495.9,486.3,491,,,45736,22507601.9,536,,
2025-12-11,RSDC,,652.6,622,628,,,19822,12627257.5,121,,
2025-12-11,RURU,,734,714.5,722.2,,,5066,3672911.8,57,,
2025-12-11,SAGAR,,1805,1735,1796,,,54615,96570613.5,3228,,
2025-12-11,SAHAS,,545,537.3,539.2,,,68304,36919061.2,397,,
2025-12-11,SAIL,,890,800.1,879.9,,,148500,123512074.5,13669,,
2025-12-11,SANIMA,,310.5,305,310.3,,,46441,14331219.2,180,,
2025-12-11,SANVI,,674,635.9,637.7,,,30132,19358987.1,568,,
2025-12-11,SARBTM,,863,854,855,,,10664,9163151.9,77,,
2025-12-11,SBI,,397.8,387.5,397.7,,,41568,16417145.5,109,,
2025-12-11,SBL,,354.9,346.1,350,,,40103,13984439.2,139,,
2025-12-11,SCB,,625,621.1,622,,,27364,17065933,113,,
2025-12-11,SGHC,,419.5,410,415,,,84463,35017376.8,279,,
2025-12-11,SHEL,,289,285,286.9,,,69479,19842298.4,262,,
2025-12-11,SHIVM,,584,570.2,582.1,,,135523,78406489.5,508,,
2025-12-11,SHL,,489.8,475.3,485.5,,,8582,4175941.5,58,,
2025-12-11,SHLB,,1699,1684,1694,,,444,749724,14,,
2025-12-11,SHPC,,532,521.3,527,,,68486,36085041.7,268,,
2025-12-11,SIFC,,511.9,503.1,507,,,7318,3693515.7,46,,
2025-12-11,SIKLES,,561.7,555,557,,,25269,14094711.1,159,,
2025-12-11,SJCL,,296,288.2,292.2,,,17966,5265445.7,111,,
2025-12-11,SJLIC,,476.3,460,465,,,65762,30720960,364,,
2025-12-11,SKBBL,,877,868,869,,,3645,3175569.7,75,,
2025-12-11,SLBBL,,905,890,898,,,4507,4055602.9,51,,
2025-12-11,SLBSL,,1325,1292,1325,,,2963,3896462.8,58,,
2025-12-11,SMATA,,820,800.4,812,,,6764,5508868.7,116,,
2025-12-11,SMB,,2030,1961,2015,,,2211,4420614.3,76,,
2025-12-11,SMFBS,,1770,1671,1770,,,744,1293490,18,,
2025-12-11,SMH,,777.2,748,772,,,260,198972,12,,
2025-12-11,SMHL,,734,715,722.9,,,16469,11795149,128,,
2025-12-11,SMJC,,504,500,503,,,7812,3914236.9,122,,
2025-12-11,SMPDA,,915,900,909.8,,,3963,3590368.1,65,,
2025-12-11,SNLI,,510,494,510,,,57562,29177003.6,745,,
2025-12-11,SONA,,426,418,425,,,18944,8014542.9,354,,
2025-12-11,SPC,,498,480,489,,,7179,3535397.3,69,,
2025-12-11,SPDL,,423.8,411,418.9,,,118250,49043146.6,274,,
2025-12-11,SPHL,,530,520,530,,,1329,697425,33,,
2025-12-11,SPL,,877,860,865,,,1166,1009994,24,,
2025-12-11,SRLI,,407.4,395,400,,,19949,7990478.4,275,,
2025-12-11,SSHL,,164,162.5,163.9,,,21137,3451464.2,155,,
2025-12-11,STC,,5440,5332,5415,,,1966,10594166,35,,
2025-12-11,SWASTIK,,1923.2,1723.7,1923.2,,,310,589523,31,,
2025-12-11,SWBBL,,804,777.8,792.8,,,3726,2920576.6,56,,
2025-12-11,SWMF,,685,677,682.5,,,3690,2506304.2,42,,
2025-12-11,SYPNL,,386.8,358.7,386.8,,,320,122242,32,,
2025-12-11,TAMOR,,471,456.1,467.2,,,5803,2711878.7,138,,
2025-12-11,TPC,,362,353.1,356.4,,,107849,38730558.1,416,,
2025-12-11,TRH,,707.9,685.1,702,,,1500,1047973.2,28,,
2025-12-11,TSHL,,800,735,735,,,7267,5511186.9,160,,
2025-12-11,TTL,,788,766.6,770,,,27138,21041893,811,,
2025-12-11,TVCL,,431,422,429.5,,,5767,2466719.9,85,,
2025-12-11,UHEWA,,604.5,587.1,588.5,,,14402,8499034.2,111,,
2025-12-11,ULBSL,,3858.8,3456,3606,,,859,3034156.6,57,,
2025-12-11,ULHC,,487,471,474,,,22209,10596354.3,203,,
2025-12-11,UMHL,,590,560,570.2,,,133569,75983642,253,,
2025-12-11,UMRH,,572,562,563,,,5407,3044572.4,50,,
2025-12-11,UNHPL,,489.7,481,482.1,,,61756,29805121.8,177,,
2025-12-11,UNL,,47530,47530,47530,,,12,568458.8,3,,
2025-12-11,UNLB,,1975,1950,1975,,,365,720370,7,,
2025-12-11,UPCL,,382.9,372,373,,,120097,45236389.9,478,,
2025-12-11,UPPER,,177,174.1,175.8,,,53726,9432662.2,309,,
2025-12-11,USHEC,,485,463,481.9,,,39717,19002583.3,217,,
2025-12-11,USHL,,840,811.1,830,,,30405,25024848.4,297,,
2025-12-11,USLB,,1529,1480,1518,,,9170,13792889.7,150,,
2025-12-11,VLBS,,790,765,775.2,,,1912,1490583.7,26,,
2025-12-11,VLUCL,,601.5,588,590,,,6681,3962530.4,89,,
2025-12-14,ACLBSL,,971.2,934,948,,,6407,6094087.2,155,,
2025-12-14,ADBL,,293,287.1,290,,,27744,8008254.7,165,,
2025-12-14,AHL,,610,590,594.9,,,13148,7814947.7,132,,
2025-12-14,AHPC,,279.9,276.4,277.5,,,67190,18639680.5,217,,
2025-12-14,AKJCL,,186,182.7,183,,,36775,6758480.6,151,,
2025-12-14,AKPL,,243,240,241,,,65183,15698265.3,202,,
2025-12-14,ALBSL,,1120,1058.4,1111,,,26583,29168217.2,283,,
2025-12-14,ALICL,,468,460.1,461.9,,,28675,13288449.2,205,,
2025-12-14,ANLB,,6149.9,6050,6149.9,,,78,474629,10,,
2025-12-14,API,,285.5,282,285,,,101266,28767047.2,408,,
2025-12-14,AVYAN,,969,956.2,967.9,,,1538,1481579,43,,
2025-12-14,BANDIPUR,,780,760,766.9,,,83655,64522485.5,3189,,
2025-12-14,BARUN,,322,314,315,,,89551,28390073.1,418,,
2025-12-14,BBC,,4888.9,4793.4,4855,,,136,657781,13,,
2025-12-14,BEDC,,559,545,545.1,,,5693,3128836.7,84,,
2025-12-14,BFC,,475,455,455,,,34433,15919962.1,174,,
2025-12-14,BGWT,,777,764,770.1,,,956,734953,28,,
2025-12-14,BHCL,,527.4,500.2,512,,,97568,49995723.2,1302,,
2025-12-14,BHDC,,489.9,475,479,,,40474,19522028.3,232,,
2025-12-14,BHL,,178,175.2,176.2,,,46768,8234048.8,322,,
2025-12-14,BHPL,,610.8,599,605,,,2374,1438787.8,67,,
2025-12-14,BNHC,,442,435.1,436.1,,,4080,1789559,51,,
2025-12-14,BNL,,16000,16000,16000,,,0,0,0,,
2025-12-14,BNT,,12000,11900,12000,,,20,239000,2,,
2025-12-14,BPCL,,714,692.6,705,,,100400,70479098.8,246,,
2025-12-14,BUNGAL,,607,590.3,591,,,27175,16197686.1,962,,
2025-12-14,CBBL,,1009,998,1005,,,14171,14194503.4,135,,
2025-12-14,CFCL,,476,467,474,,,15653,7360672.7,96,,
2025-12-14,CGH,,889.1,870,871.1,,,18163,15862234.7,122,,
2025-12-14,CHCL,,494,488.1,491.5,,,50370,24691659,205,,
2025-12-14,CHDC,,2278.6,2212,2240,,,29667,66675312.3,217,,
2025-12-14,CHL,,266,256.4,256.5,,,31045,8058369.8,171,,
2025-12-14,CIT,,1878,1835,1838,,,4239,7802750.5,104,,
2025-12-14,CITY,,516.5,486.8,494,,,52226,26097967.8,645,,
2025-12-14,CKHL,,671,640,643,,,3107,2015582,63,,
2025-12-14,CLI,,506,498.2,499.1,,,70636,35389150.2,749,,
2025-12-14,CREST,,1319,1235,1238,,,17195,21666081.2,343,,
2025-12-14,CYCL,,1524,1462,1479.9,,,3733,5543539.8,93,,
2025-12-14,CZBIL,,194.9,187.1,190,,,50358,9497966.1,142,,
2025-12-14,DDBL,,876,863,875,,,13366,11632270.3,94,,
2025-12-14,DHEL,,590,570,572,,,38705,22255942.2,1274,,
2025-12-14,DHPL,,299.9,292,295,,,8458,2487237.8,51,,
2025-12-14,DLBS,,1350,1320,1338,,,673,900798.6,25,,
2025-12-14,DOLTI,,525,508.9,519,,,4376,2265305.5,76,,
2025-12-14,DORDI,,264.9,255,259,,,55893,14551465.8,241,,
2025-12-14,EBL,,654.3,644.1,645.1,,,43589,28159670.6,140,,
2025-12-14,EHPL,,442.1,412,416.9,,,88921,37420317.2,354,,
2025-12-14,ENL,,920,893.1,905,,,1757,1580117.7,23,,
2025-12-14,FMDBL,,800,780,784.9,,,22058,17337966.2,143,,
2025-12-14,FOWAD,,1089.5,1063.5,1075,,,5865,6267114.1,55,,
2025-12-14,GBIME,,225,222.6,224,,,73492,16474714.8,320,,
2025-12-14,GBLBS,,780,780,780,,,0,0,0,,
2025-12-14,GCIL,,420,404.1,408,,,25755,10536791.3,364,,
2025-12-14,GFCL,,588,571,573,,,4853,2786448.1,68,,
2025-12-14,GHL,,212.4,208.1,208.9,,,22772,4759954.6,104,,
2025-12-14,GILB,,1285,1251,1268,,,3741,4696459.7,38,,
2025-12-14,GLBSL,,1945,1910,1910,,,497,956760.8,26,,
2025-12-14,GLH,,251.8,242.1,246.5,,,22437,5565881.5,156,,
2025-12-14,GMFBS,,1597,1514,1515.5,,,1843,2857588.6,31,,
2025-12-14,GMFIL,,475.3,461.4,475.3,,,40374,18786421.4,120,,
2025-12-14,GMLI,,1810,1767,1767,,,2034,3615019,88,,
2025-12-14,GUFL,,501,495.1,495.3,,,3659,1817506.5,39,,
2025-12-14,GVL,,523,512,516.9,,,30143,15513754.1,203,,
2025-12-14,HATHY,,906,900,903,,,5597,5046600.8,116,,
2025-12-14,HBL,,189,185.3,186.6,,,51940,9731714.3,1857,,
2025-12-14,HDHPC,,180.4,175,175,,,48415,8494409.6,175,,
2025-12-14,HDL,,1161,1144,1145,,,27431,31485149.6,394,,
2025-12-14,HHL,,335,325,327,,,31298,10245075.4,188,,
2025-12-14,HIDCL,,268,262,264.8,,,108582,28739909.6,325,,
2025-12-14,HIMSTAR,,958,902.3,935,,,37414,34306210.1,598,,
2025-12-14,HLBSL,,920,911.1,920,,,399,364830.6,9,,
2025-12-14,HLI,,382.6,371,371.8,,,36115,13512861.3,325,,
2025-12-14,HPPL,,468.8,458,459,,,62661,28848101.5,181,,
2025-12-14,HRL,,838.1,821.1,823,,,65169,53794813.7,893,,
2025-12-14,HURJA,,223,219.2,221,,,30873,6803035.4,116,,
2025-12-14,ICFC,,624.9,610,620,,,9140,5655768.5,56,,
2025-12-14,IHL,,573.7,546,559,,,12907,7238387.8,150,,
2025-12-14,ILBS,,1020.9,984,985,,,9695,9697583.6,111,,
2025-12-14,ILI,,465,456,457.1,,,40316,18507477.1,541,,
2025-12-14,JBLB,,1487,1440,1449.4,,,18169,26482921.5,310,,
2025-12-14,JFL,,423,413,414.5,,,4448,1847010.5,49,,
2025-12-14,JHAPA,,1315.5,1201.3,1259.8,,,27348,34714511.4,1130,,
2025-12-14,JOSHI,,304.9,292.6,294,,,83541,24894752.6,493,,
2025-12-14,JSLBB,,1208.4,1166.3,1180,,,760,902973.3,13,,
2025-12-14,KBL,,180.9,178,178.8,,,165162,29538094.5,342,,
2025-12-14,KBSH,,1795,1760,1794,,,250,444734,12,,
2025-12-14,KDL,,910,893,893,,,4485,4028693.9,81,,
2025-12-14,KKHC,,244.8,233,237.3,,,22547,5324382.2,148,,
2025-12-14,KMCDB,,1090.9,1036,1041.5,,,30362,31833276,135,,
2025-12-14,KPCL,,551,536,536.2,,,22187,12030598.2,112,,
2025-12-14,LEC,,195,192.1,193.7,,,36433,7031440.7,144,,
2025-12-14,LICN,,920,902.1,914,,,23864,21795720.2,134,,
2025-12-14,LLBS,,1014,965,986.9,,,1087,1057836,23,,
2025-12-14,LSL,,235.9,230,231.9,,,154595,35668938.5,370,,
2025-12-14,MABEL,,700,671.2,683,,,23232,15835651,781,,
2025-12-14,MAKAR,,585,563,575,,,5450,3094953,62,,
2025-12-14,MANDU,,817.9,802,806,,,3417,2754400.2,75,,
2025-12-14,MATRI,,971,952,963.2,,,5508,5323042.9,103,,
2025-12-14,MBJC,,285,280.5,280.5,,,14331,4027176.3,259,,
2025-12-14,MBL,,217,212.7,215.9,,,64087,13731102.5,121,,
2025-12-14,MCHL,,497.6,480,480,,,3095,1502391,41,,
2025-12-14,MEHL,,481.9,465,466,,,11036,5199132.8,130,,
2025-12-14,MEL,,286,278,279,,,9912,2776851.4,209,,
2025-12-14,MEN,,547.9,542,545,,,69901,38022821.2,297,,
2025-12-14,MERO,,745.2,738,740,,,10261,7608804.3,75,,
2025-12-14,MFIL,,669.9,641,658.3,,,62948,41368011.4,378,,
2025-12-14,MHCL,,426,403,406.2,,,19662,8157912.3,227,,
2025-12-14,MHL,,486.5,477,479.9,,,12951,6231019.4,110,,
2025-12-14,MHNL,,261,243.1,249.4,,,17830,4412000.7,109,,
2025-12-14,MKCL,,1369.9,1338.2,1350,,,5010,6736323,109,,
2025-12-14,MKHC,,384,370.5,374.1,,,8297,3148690.6,77,,
2025-12-14,MKHL,,861,785.4,803.8,,,2327,1879684.4,79,,
2025-12-14,MKJC,,521.9,508,509,,,21065,10815589.2,126,,
2025-12-14,MLBBL,,1642,1490,1490,,,6634,9951726.5,71,,
2025-12-14,MLBS,,1499,1461,1499,,,290,427953,13,,
2025-12-14,MLBSL,,1987,1935,1987,,,775,1522826,28,,
2025-12-14,MMKJL,,635,605,610,,,32999,20293729.1,237,,
2025-12-14,MPFL,,555,536,536.3,,,14329,7724335.9,80,,
2025-12-14,MSHL,,920,892.2,908,,,3494,3189994,49,,
2025-12-14,MSLB,,1421.8,1381,1398,,,3834,5345354.1,87,,
2025-12-14,NABIL,,500,490,492,,,78979,38805203.6,598,,
2025-12-14,NADEP,,789,770,786,,,9456,7380494,90,,
2025-12-14,NBL,,244,235.1,241,,,133976,31914058.1,319,,
2025-12-14,NESDO,,1515,1476,1493.9,,,1565,2341790.1,40,,
2025-12-14,NFS,,632,616,623,,,14180,8798989.8,153,,
2025-12-14,NGPL,,405.9,394,394.2,,,473130,188701652.1,996,,
2025-12-14,NHDL,,700.7,686.5,691,,,15262,10494516.5,19,,
2025-12-14,NHPC,,188.9,186,186.3,,,38485,7171577.3,123,,
2025-12-14,NICA,,320,315.3,317,,,47378,15001525.9,196,,
2025-12-14,NICLBSL,,574,552,557.7,,,9793,5446834.2,146,,
2025-12-14,NIFRA,,269.9,266,266.7,,,72576,19350555.5,438,,
2025-12-14,NIMB,,194,190.5,190.8,,,43702,8349068.6,206,,
2025-12-14,NLIC,,828,815.1,816,,,51555,42248979.9,406,,
2025-12-14,NLICL,,615.9,607,609.6,,,23013,14007566.8,103,,
2025-12-14,NLO,,254.1,244.33,254.1,,,52,13150.2,3,,
2025-12-14,NMB,,248,244.8,247,,,37716,9267521.7,138,,
2025-12-14,NMBMF,,750,692,750,,,8142,5707087.8,71,,
2025-12-14,NMFBS,,1295,1265,1295,,,1589,2026726.6,22,,
2025-12-14,NMLBBL,,655,645,646,,,5979,3869858.1,63,,
2025-12-14,NRIC,,1287,1253,1264.9,,,41326,52373751,361,,
2025-12-14,NRM,,416,410.1,411,,,15738,6485769.2,198,,
2025-12-14,NRN,,1399,1345.9,1345.9,,,27223,36973350.1,277,,
2025-12-14,NTC,,877,865,872.5,,,18545,16194027.1,188,,
2025-12-14,NUBL,,760,745,745,,,6400,4782712,34,,
2025-12-14,NWCL,,816,786,799,,,1760,1393787.5,39,,
2025-12-14,NYADI,,385,380,380.2,,,6880,2628274.8,100,,
2025-12-14,OHL,,705,690,690,,,9430,6531732,53,,
2025-12-14,OMPL,,1244,1200,1208,,,16281,19749311.5,370,,
2025-12-14,PCBL,,247.6,240.1,247.6,,,54799,13389573.6,140,,
2025-12-14,PFL,,372,365,366,,,8329,3053847.2,70,,
2025-12-14,PHCL,,278.2,270.4,272,,,74215,20278923.1,432,,
2025-12-14,PMHPL,,325.5,314.1,318.4,,,34383,10927565.3,137,,
2025-12-14,PMLI,,504.5,494,494,,,7912,3935232.2,177,,
2025-12-14,PPCL,,338,330.2,331.5,,,37877,12655692,111,,
2025-12-14,PPL,,335,320,324.4,,,57123,18589552.01,266,,
2025-12-14,PROFL,,466,450,450.9,,,10425,4717593.4,79,,
2025-12-14,PRVU,,186.5,183,183.8,,,70904,13010508.7,284,,
2025-12-14,PURE,,934.9,903,909,,,34986,32142090,482,,
2025-12-14,RADHI,,730,714,720,,,88741,63628829.8,302,,
2025-12-14,RAWA,,732,709,717.9,,,4925,3525346.2,46,,
2025-12-14,RFPL,,370,358,369.5,,,23890,8740743.6,204,,
2025-12-14,RHGCL,,255,246.1,248,,,32526,8092106.5,175,,
2025-12-14,RHPL,,280,273,273.1,,,23420,6444881.4,202,,
2025-12-14,RIDI,,224,219.1,220.9,,,51429,11325811.8,197,,
2025-12-14,RLFL,,432,416.6,417.1,,,17950,7563078.9,93,,
2025-12-14,RNLI,,494.8,485.3,487,,,46778,22824588.4,495,,
2025-12-14,RSDC,,639.9,618,628,,,5826,3634234.9,69,,
2025-12-14,RURU,,733.9,715.5,720,,,18258,13196548,93,,
2025-12-14,SAGAR,,1808,1756.1,1765,,,39348,69845436,1753,,
2025-12-14,SAHAS,,543.9,537,538,,,70472,37991440,436,,
2025-12-14,SAIL,,867,830,839,,,91110,77074289,5495,,
2025-12-14,SANIMA,,312,306,309,,,70853,21920015.7,199,,
2025-12-14,SANVI,,647,630,630,,,31643,20114895.6,597,,
2025-12-14,SARBTM,,869,851.7,857.5,,,12885,11024559.4,96,,
2025-12-14,SBI,,401,393.1,401,,,37959,15073870.5,115,,
2025-12-14,SBL,,351.4,343.3,350,,,77219,26717345.7,108,,
2025-12-14,SCB,,630,622.1,623.9,,,14221,8886891.2,90,,
2025-12-14,SGHC,,418,396,398,,,26834,10807066.8,169,,
2025-12-14,SHEL,,292,284.1,284.4,,,84563,24233340.8,327,,
2025-12-14,SHIVM,,587.9,578,580,,,135736,78930547.7,486,,
2025-12-14,SHL,,487.8,475.9,487,,,11193,5439543,65,,
2025-12-14,SHLB,,1713,1679,1710,,,697,1180376,27,,
2025-12-14,SHPC,,529.4,520.3,521,,,74123,38838018.9,237,,
2025-12-14,SIFC,,511,490,490,,,11512,5714846.6,91,,
2025-12-14,SIKLES,,564.8,544,545,,,26294,14448743.5,211,,
2025-12-14,SJCL,,290.8,286.5,288,,,9345,2698368.3,99,,
2025-12-14,SJLIC,,468,460,460.5,,,42595,19670992.9,237,,
2025-12-14,SKBBL,,885.9,871,878.1,,,20538,18019024.7,218,,
2025-12-14,SLBBL,,901,891,895.1,,,8121,7274925.6,69,,
2025-12-14,SLBSL,,1336.8,1310.5,1318,,,857,1126658.4,22,,
2025-12-14,SMATA,,812,800,801,,,11016,8837733.9,145,,
2025-12-14,SMB,,2020,1990.5,1997,,,1605,3229031.7,51,,
2025-12-14,SMFBS,,1790,1686,1719,,,378,644718,11,,
2025-12-14,SMH,,765,758,765,,,155,117787,13,,
2025-12-14,SMHL,,737,698.1,704.9,,,50424,35422277.8,183,,
2025-12-14,SMJC,,502,493,495,,,10015,4963271,116,,
2025-12-14,SMPDA,,910,888.2,899.8,,,3051,2737018,64,,
2025-12-14,SNLI,,512.5,500,500.2,,,31905,16059314,463,,
2025-12-14,SONA,,424,419.1,420,,,22558,9507434.5,365,,
2025-12-14,SPC,,493.5,480.1,480.1,,,13002,6321376.2,92,,
2025-12-14,SPDL,,425,410.1,411,,,42477,17551657,187,,
2025-12-14,SPHL,,530,520,520.3,,,2400,1253636.6,50,,
2025-12-14,SPL,,860,848,848,,,5540,4705026.5,41,,
2025-12-14,SRLI,,404,395.6,396,,,22420,8949137.1,271,,
2025-12-14,SSHL,,165,163,163.4,,,28244,4615847.6,134,,
2025-12-14,STC,,5415,5331,5331,,,2346,12609889.9,15,,
2025-12-14,SWASTIK,,2115.5,1961.6,2115.5,,,460,969358,46,,
2025-12-14,SWBBL,,786,777.8,786,,,4449,3469258,30,,
2025-12-14,SWMF,,690,675.4,682,,,1423,971655,31,,
2025-12-14,SYPNL,,425.4,379.5,425.4,,,500,210646,50,,
2025-12-14,TAMOR,,465.1,460,461.2,,,11401,5268386,131,,
2025-12-14,TPC,,361,347,347,,,67469,23763996.4,236,,
2025-12-14,TRH,,709,691.1,701,,,2454,1710492.1,25,,
2025-12-14,TSHL,,740,705,716,,,11008,7914520.6,175,,
2025-12-14,TTL,,783,749,753,,,58849,44683380.3,932,,
2025-12-14,TVCL,,429.5,416,420,,,7028,2959072.5,90,,
2025-12-14,UHEWA,,597.7,578.3,589.9,,,15444,9057369.5,98,,
2025-12-14,ULBSL,,3580,3490,3548.9,,,556,1945931,16,,
2025-12-14,ULHC,,480,458,458,,,12932,6024978.6,133,,
2025-12-14,UMHL,,574,560,570.1,,,48719,27665183.5,189,,
2025-12-14,UMRH,,575,555,565.9,,,27580,15448628.6,54,,
2025-12-14,UNHPL,,490,476.1,478,,,61091,29226309.2,191,,
2025-12-14,UNL,,47195,46583,46583,,,75,3528495,3,,
2025-12-14,UNLB,,1985,1940,1973,,,1782,3464614.5,27,,
2025-12-14,UPCL,,375,365.1,366.5,,,99713,36739348.1,360,,
2025-12-14,UPPER,,176,174,174,,,61444,10725655.1,381,,
2025-12-14,USHEC,,483.9,466.5,466.5,,,18066,8509222.6,137,,
2025-12-14,USHL,,869,813.4,869,,,52155,44184247.8,476,,
2025-12-14,USLB,,1541,1500.1,1500.1,,,2079,3150182.3,67,,
2025-12-14,VLBS,,790,764,765.1,,,1027,789942.8,23,,
2025-12-14,VLUCL,,608,571.6,572,,,17075,9878421.1,172,,
2025-12-15,ACLBSL,,951.5,935.1,939,,,1438,1356805.5,44,,
2025-12-15,ADBL,,290,286.2,289.4,,,24328,7006418.9,162,,
2025-12-15,AHL,,596,583.1,590,,,7165,4215414.2,78,,
2025-12-15,AHPC,,279.8,275.6,278,,,76302,21130165.9,281,,
2025-12-15,AKJCL,,185,182,183,,,18667,3426263.4,99,,
2025-12-15,AKPL,,242,238.2,240.4,,,86427,20766520.5,225,,
2025-12-15,ALBSL,,1142,1090,1105,,,41198,45423243.7,292,,
2025-12-15,ALICL,,466,462,465,,,28647,13273811.6,157,,
2025-12-15,ANLB,,6270,6035,6150,,,124,759149.6,18,,
2025-12-15,API,,286.9,281.4,285.5,,,62377,17742580.6,242,,
2025-12-15,AVYAN,,975,948.6,969,,,967,934509.3,39,,
2025-12-15,BANDIPUR,,773.2,761,765,,,53892,41363816.7,2814,,
2025-12-15,BARUN,,322,308.7,318,,,76123,24157609.1,311,,
2025-12-15,BBC,,4878.9,4797,4869.9,,,98,475786,9,,
2025-12-15,BEDC,,549,539,542.1,,,3854,2091413.1,89,,
2025-12-15,BFC,,466,451,464.8,,,15187,6962486.3,128,,
2025-12-15,BGWT,,783.9,757.1,783.9,,,2698,2077279.9,44,,
2025-12-15,BHCL,,514.9,499.8,507.9,,,79709,40354311.7,1146,,
2025-12-15,BHDC,,483,473.9,480,,,27434,13117159.5,204,,
2025-12-15,BHL,,177.9,174.9,175.9,,,43601,7653856.2,330,,
2025-12-15,BHPL,,593.4,580,582,,,6634,3873092.4,117,,
2025-12-15,BNHC,,440,430,439.9,,,1581,689763,38,,
2025-12-15,BNL,,16000,16000,16000,,,1,16000,1,,
2025-12-15,BNT,,11995.2,11760,11995.2,,,137,1618149.4,13,,
2025-12-15,BPCL,,710,697,703.1,,,68709,48444878.5,182,,
2025-12-15,BUNGAL,,607,585,594,,,31029,18463979.8,878,,
2025-12-15,CBBL,,1011,1001,1007,,,8943,9009639.2,94,,
2025-12-15,CFCL,,473.8,466,469,,,13290,6229011.5,78,,
2025-12-15,CGH,,875,865.1,867,,,5524,4797805,81,,
2025-12-15,CHCL,,493,488.2,490,,,24996,12244727.3,121,,
2025-12-15,CHDC,,2270,2200,2215,,,43354,96094620.4,375,,
2025-12-15,CHL,,263.8,256,261.6,,,38554,10022273.7,136,,
2025-12-15,CIT,,1857,1835,1842,,,2582,4753342.2,87,,
2025-12-15,CITY,,494.5,485.1,489,,,14626,7155019.6,239,,
2025-12-15,CKHL,,650,635,650,,,6169,3953936.6,82,,
2025-12-15,CLI,,504,497,501,,,60873,30429782.8,632,,
2025-12-15,CREST,,1287.9,1221,1241.1,,,13421,16690397.5,334,,
2025-12-15,CYCL,,1500,1471.2,1471.2,,,1378,2041450,37,,
2025-12-15,CZBIL,,192,187.1,192,,,20149,3821131.3,107,,
2025-12-15,DDBL,,874.4,865,874.4,,,7066,6149295.1,64,,
2025-12-15,DHEL,,579,566,578.9,,,33111,19049805.2,1127,,
2025-12-15,DHPL,,296,291,295.9,,,6650,1954677,36,,
2025-12-15,DLBS,,1340,1315,1338,,,861,1145049.4,34,,
2025-12-15,DOLTI,,523,509,521.9,,,1975,1023448.2,51,,
2025-12-15,DORDI,,263.1,258,258,,,81611,21286210.3,313,,
2025-12-15,EBL,,648,643.3,646.2,,,20581,13283418.6,115,,
2025-12-15,EHPL,,423.8,413.3,423,,,35834,14995089.3,185,,
2025-12-15,ENL,,902,887.1,898,,,2034,1817609,47,,
2025-12-15,FMDBL,,793,776.2,790.1,,,13848,10934275.6,103,,
2025-12-15,FOWAD,,1086,1065,1079,,,1066,1141209.1,26,,
2025-12-15,GBIME,,226.9,222.9,226.7,,,89120,20054970.2,301,,
2025-12-15,GBLBS,,780,780,780,,,0,0,0,,
2025-12-15,GCIL,,416.1,400.2,407.9,,,18436,7452874.2,276,,
2025-12-15,GFCL,,591,571,591,,,9830,5679202,66,,
2025-12-15,GHL,,213,207,209.8,,,15303,3202637.6,95,,
2025-12-15,GILB,,1290,1246,1261,,,5159,6634126,30,,
2025-12-15,GLBSL,,1942,1901,1903,,,619,1184935.3,27,,
2025-12-15,GLH,,249,245.1,246.9,,,20483,5049590,164,,
2025-12-15,GMFBS,,1525,1500,1525,,,1488,2251105.5,30,,
2025-12-15,GMFIL,,479,465.1,477.9,,,34591,16353042.9,127,,
2025-12-15,GMLI,,1795,1765,1772,,,1800,3192854.5,96,,
2025-12-15,GUFL,,505.1,492,495,,,3649,1811603.8,50,,
2025-12-15,GVL,,520.5,511.3,516,,,16180,8361795.1,158,,
2025-12-15,HATHY,,908,900,906,,,4449,4016875.3,99,,
2025-12-15,HBL,,189,185.6,187.5,,,103967,19410439.9,1645,,
2025-12-15,HDHPC,,177,174.4,176,,,46593,8176779.2,168,,
2025-12-15,HDL,,1155,1140,1149,,,31056,35626959.7,386,,
2025-12-15,HHL,,330,324.1,328,,,23176,7575140.8,147,,
2025-12-15,HIDCL,,264,260.1,262.9,,,76582,20080080.9,308,,
2025-12-15,HIMSTAR,,950,866,870,,,24741,22102188.6,511,,
2025-12-15,HLBSL,,930,908,915.3,,,6262,5735700.9,46,,
2025-12-15,HLI,,374,371,372.5,,,32451,12080930.2,321,,
2025-12-15,HPPL,,462.9,455.2,456.6,,,24531,11252150.5,140,,
2025-12-15,HRL,,832,817.4,824.9,,,92023,75654199.5,1010,,
2025-12-15,HURJA,,221.5,218.5,221,,,22220,4892435.7,94,,
2025-12-15,ICFC,,623.9,616,620,,,6091,3770849.2,58,,
2025-12-15,IHL,,585.8,547.9,581.2,,,39465,22760330.8,372,,
2025-12-15,ILBS,,1019.9,974,986.5,,,7189,7087408.5,86,,
2025-12-15,ILI,,457.8,452,454,,,23129,10489477.3,409,,
2025-12-15,JBLB,,1520,1440,1442,,,7317,10672247.3,183,,
2025-12-15,JFL,,420,411.6,416,,,7260,3019329,66,,
2025-12-15,JHAPA,,1289,1234.7,1260,,,21461,27198508.2,789,,
2025-12-15,JOSHI,,298,290,292.2,,,58986,17351544.1,374,,
2025-12-15,JSLBB,,1186,1165.5,1184,,,405,473798.5,13,,
2025-12-15,KBL,,182.9,178.3,181.4,,,192234,34646990.4,451,,
2025-12-15,KBSH,,1772,1758.2,1758.2,,,666,1175716.3,22,,
2025-12-15,KDL,,904,890,904,,,3343,3002887.8,116,,
2025-12-15,KKHC,,232.6,219.6,225,,,125275,28176967.4,692,,
2025-12-15,KMCDB,,1104,1020.7,1050.1,,,5160,5406633.3,75,,
2025-12-15,KPCL,,541,536.1,538,,,12897,6948786.1,85,,
2025-12-15,LEC,,194,191,193.4,,,50097,9634927.1,167,,
2025-12-15,LICN,,932,905,913,,,11032,10040606,108,,
2025-12-15,LLBS,,979,967.2,970.5,,,280,272225,9,,
2025-12-15,LSL,,236.5,230.3,235,,,607358,141531859.3,1002,,
2025-12-15,MABEL,,714.9,670.8,709,,,44099,30991321.1,1014,,
2025-12-15,MAKAR,,571,554,568,,,13715,7702785,69,,
2025-12-15,MANDU,,819.8,805,808,,,2261,1825681.3,55,,
2025-12-15,MATRI,,974,964,970,,,1247,1208339.9,32,,
2025-12-15,MBJC,,282.5,279,281,,,10648,2987696.8,234,,
2025-12-15,MBL,,218,211.6,218,,,58720,12729044.7,131,,
2025-12-15,MCHL,,481.9,475,476.1,,,1664,792672.8,40,,
2025-12-15,MEHL,,474.8,452.2,454,,,10603,4897623.6,156,,
2025-12-15,MEL,,284,276.4,278.1,,,10043,2801385.5,197,,
2025-12-15,MEN,,555.9,542.2,546.9,,,20734,11291536.4,191,,
2025-12-15,MERO,,754.8,735.5,738,,,3954,2928192.4,55,,
2025-12-15,MFIL,,681.3,657,667,,,91625,61252135.7,409,,
2025-12-15,MHCL,,406,399,403,,,4186,1677872,73,,
2025-12-15,MHL,,482.9,474.1,475.7,,,9384,4481730.8,100,,
2025-12-15,MHNL,,250,242.5,249.9,,,7769,1918890,52,,
2025-12-15,MKCL,,1359,1339.1,1347,,,2264,3045657,60,,
2025-12-15,MKHC,,377.9,359.5,377.9,,,9478,3507155.4,89,,
2025-12-15,MKHL,,819,771,791,,,870,680505,47,,
2025-12-15,MKJC,,516,502,511,,,12637,6424475.8,102,,
2025-12-15,MLBBL,,1515,1475.6,1498,,,1275,1894255.4,34,,
2025-12-15,MLBS,,1490,1472.6,1490,,,83,123024,6,,
2025-12-15,MLBSL,,1989,1951,1989,,,105,206099.9,8,,
2025-12-15,MMKJL,,631.9,601.2,619,,,25483,15677231.5,158,,
2025-12-15,MPFL,,573,539,555.2,,,22009,12189061.2,126,,
2025-12-15,MSHL,,918.9,898,913.9,,,946,863097.4,36,,
2025-12-15,MSLB,,1406,1382,1386,,,1804,2507167,57,,
2025-12-15,NABIL,,495,489,494,,,36245,17841282.7,328,,
2025-12-15,NADEP,,801.5,780,793.9,,,4857,3833931.5,56,,
2025-12-15,NBL,,241.9,237.4,241.9,,,35714,8552191.7,138,,
2025-12-15,NESDO,,1518.9,1480,1518.9,,,458,688638,19,,
2025-12-15,NFS,,629.7,615,624,,,13617,8486520.3,132,,
2025-12-15,NGPL,,401.5,386.4,399.3,,,357696,142568273.5,918,,
2025-12-15,NHDL,,706.8,680,704.9,,,9834,6905078.4,88,,
2025-12-15,NHPC,,189,186,186.8,,,24284,4537514.4,104,,
2025-12-15,NICA,,330.2,316,328,,,152335,49447945.9,616,,
2025-12-15,NICLBSL,,562,548,557,,,23681,13034856.3,164,,
2025-12-15,NIFRA,,269.5,265,267,,,68643,18264264.2,495,,
2025-12-15,NIMB,,193,190,192.9,,,67565,12956606.2,266,,
2025-12-15,NLIC,,819,812,816,,,61938,50531945.8,382,,
2025-12-15,NLICL,,614.8,605.1,613,,,11971,7285068.1,72,,
2025-12-15,NLO,,254.1,254.1,254.1,,,0,0,0,,
2025-12-15,NMB,,250,245.5,248,,,63396,15693951.5,166,,
2025-12-15,NMBMF,,735,678,707,,,9821,6948164,77,,
2025-12-15,NMFBS,,1295,1269.1,1280,,,10297,13112261.3,49,,
2025-12-15,NMLBBL,,654.9,645,650,,,2477,1607530.4,36,,
2025-12-15,NRIC,,1275,1240,1255,,,40875,51545586.8,304,,
2025-12-15,NRM,,415,410.1,411.8,,,15262,6302005.5,193,,
2025-12-15,NRN,,1359,1328,1350,,,25549,34115124.5,251,,
2025-12-15,NTC,,876,872.5,874,,,12155,10631012.5,142,,
2025-12-15,NUBL,,752,745.1,749.3,,,6734,5044745.8,47,,
2025-12-15,NWCL,,797.9,783.1,797.9,,,1525,1204781.5,55,,
2025-12-15,NYADI,,385,373,381,,,4825,1832726,98,,
2025-12-15,OHL,,696.7,685.1,696.7,,,2391,1642414.2,19,,
2025-12-15,OMPL,,1275,1200,1257.4,,,22544,28144105,574,,
2025-12-15,PCBL,,249,243.3,249,,,44753,11014652.6,108,,
2025-12-15,PFL,,371,363.3,368,,,3933,1442288.8,51,,
2025-12-15,PHCL,,277,265.5,268.3,,,79273,21226947.4,462,,
2025-12-15,PMHPL,,323.9,315,320,,,14499,4600905.4,77,,
2025-12-15,PMLI,,499,491.1,498,,,6267,3100898.1,160,,
2025-12-15,PPCL,,334.9,329,331.5,,,40935,13539444.3,124,,
2025-12-15,PPL,,327,317,321,,,72995,23376800.2,289,,
2025-12-15,PROFL,,457,450,456.5,,,7732,3510994.4,77,,
2025-12-15,PRVU,,184.9,182.5,183,,,88273,16201287.6,309,,
2025-12-15,PURE,,923,901,909,,,18836,17142915.2,324,,
2025-12-15,RADHI,,724,713.5,721,,,53450,38423634.9,215,,
2025-12-15,RAWA,,720,705,720,,,581,413442.2,34,,
2025-12-15,RFPL,,372.5,363.3,369.9,,,29601,10898641,230,,
2025-12-15,RHGCL,,250.8,245.3,247.1,,,29000,7185348.5,149,,
2025-12-15,RHPL,,275,272.1,273.9,,,19499,5330848.2,142,,
2025-12-15,RIDI,,223,220,222,,,33444,7408634.4,118,,
2025-12-15,RLFL,,425,410.5,418,,,20898,8728598,107,,
2025-12-15,RNLI,,491,482,488,,,25401,12406270.4,419,,
2025-12-15,RSDC,,637,620,623,,,10005,6233804.4,74,,
2025-12-15,RURU,,729,715,725.8,,,6856,4942122.8,57,,
2025-12-15,SAGAR,,1805,1751,1772,,,35750,63588966.8,1731,,
2025-12-15,SAHAS,,540,535.3,538.8,,,31433,16939898,279,,
2025-12-15,SAIL,,844,825.1,834.1,,,76908,64237329.6,4686,,
2025-12-15,SANIMA,,311,308.6,310,,,28907,8943508.4,145,,
2025-12-15,SANVI,,640,617.4,640,,,40023,25231257.9,639,,
2025-12-15,SARBTM,,866.8,853,862,,,20007,17277243.6,75,,
2025-12-15,SBI,,409,394.2,406,,,337101,134856113.6,155,,
2025-12-15,SBL,,351,345,350.9,,,21761,7600492,73,,
2025-12-15,SCB,,628,623,625.1,,,22027,13757741.1,106,,
2025-12-15,SGHC,,433,391.2,433,,,66216,26665274.6,202,,
2025-12-15,SHEL,,287,283,286.5,,,46973,13407980.8,274,,
2025-12-15,SHIVM,,584,576.1,580,,,71431,41496489.5,301,,
2025-12-15,SHL,,497,480,486,,,10782,5235756.7,55,,
2025-12-15,SHLB,,1700,1676,1685,,,180,302649,11,,
2025-12-15,SHPC,,527.8,520.1,526,,,76271,40023670.5,208,,
2025-12-15,SIFC,,498,490,494.2,,,3661,1812656.1,41,,
2025-12-15,SIKLES,,554.9,540,543,,,16052,8726840.2,141,,
2025-12-15,SJCL,,289.9,283.1,285.6,,,5890,1680623.4,86,,
2025-12-15,SJLIC,,464,457,461,,,34782,15983165.1,241,,
2025-12-15,SKBBL,,883,872.2,882,,,11629,10229660.6,140,,
2025-12-15,SLBBL,,900,885,900,,,13198,11749290,106,,
2025-12-15,SLBSL,,1318,1300,1312,,,2654,3470908.1,31,,
2025-12-15,SMATA,,809.7,786,803.2,,,2695,2168037.4,80,,
2025-12-15,SMB,,2018,1985.3,2005,,,995,1989745.3,42,,
2025-12-15,SMFBS,,1749,1710,1739,,,437,757924.8,23,,
2025-12-15,SMH,,763,752.1,755.2,,,590,446086,15,,
2025-12-15,SMHL,,700,679.8,685,,,30749,20994432.8,226,,
2025-12-15,SMJC,,502,490,502,,,4912,2445683.6,117,,
2025-12-15,SMPDA,,906,882,897.9,,,2003,1779637.5,70,,
2025-12-15,SNLI,,510,496,510,,,30524,15425622,574,,
2025-12-15,SONA,,423,417.1,421,,,17656,7413106.1,347,,
2025-12-15,SPC,,494.9,477.6,483.9,,,12836,6209420.2,95,,
2025-12-15,SPDL,,412,407.5,410,,,71333,29238787.7,241,,
2025-12-15,SPHL,,531,517.2,523.5,,,10103,5332690.1,77,,
2025-12-15,SPL,,860,832,845,,,802,682208,23,,
2025-12-15,SRLI,,402.5,395,398.4,,,16050,6401467.1,267,,
2025-12-15,SSHL,,166.6,161,163,,,27781,4527677.1,175,,
2025-12-15,STC,,5379,5323,5323,,,1284,6891192,14,,
2025-12-15,SWASTIK,,2327,2157.8,2327,,,450,1043003,45,,
2025-12-15,SWBBL,,780.2,771,780,,,7539,5844463,76,,
2025-12-15,SWMF,,694,670.1,685,,,4553,3112622.9,44,,
2025-12-15,SYPNL,,467.9,433.9,467.9,,,460,214398,46,,
2025-12-15,TAMOR,,465,455,455.1,,,12685,5798046,171,,
2025-12-15,TPC,,358,341.3,353,,,39311,13687397.4,195,,
2025-12-15,TRH,,705,689,705,,,6427,4465892.1,43,,
2025-12-15,TSHL,,720,701.7,716,,,3580,2563569.3,60,,
2025-12-15,TTL,,773,750,764.5,,,26542,20230779.1,792,,
2025-12-15,TVCL,,422,411.7,412,,,10218,4230903.6,79,,
2025-12-15,UHEWA,,587.7,580,585,,,5292,3097743.5,69,,
2025-12-15,ULBSL,,3529.9,3455,3518.9,,,296,1031703.4,15,,
2025-12-15,ULHC,,465,455.5,462,,,7926,3650528.5,127,,
2025-12-15,UMHL,,582,560,567,,,70809,40181207.8,208,,
2025-12-15,UMRH,,567,550,556,,,8701,4832234.7,81,,
2025-12-15,UNHPL,,485,472.3,475,,,76002,36233099.5,211,,
2025-12-15,UNL,,46950,46900,46900,,,40,1877000,4,,
2025-12-15,UNLB,,1950,1910,1910,,,620,1197884.5,19,,
2025-12-15,UPCL,,372,359.2,372,,,90002,33113188.9,370,,
2025-12-15,UPPER,,176.5,174,174.4,,,73233,12805803.3,352,,
2025-12-15,USHEC,,473,461.4,466.2,,,5381,2515747.6,87,,
2025-12-15,USHL,,892,845.5,892,,,59828,51997269,450,,
2025-12-15,USLB,,1524.9,1480,1505,,,8337,12519975.9,61,,
2025-12-15,VLBS,,766,760.1,762,,,1806,1376192.7,26,,
2025-12-15,VLUCL,,596.8,563.1,575.2,,,8387,4854636.3,159,,
2025-12-16,ACLBSL,,949,935.1,948.9,,,2262,2129619.6,50,,
2025-12-16,ADBL,,292.9,288,292.9,,,14912,4341221.6,145,,
2025-12-16,AHL,,595,580,587,,,14683,8583658.5,150,,
2025-12-16,AHPC,,282,277,281,,,63161,17645741.4,249,,
2025-12-16,AKJCL,,186,183,184,,,38330,7062089.7,165,,
2025-12-16,AKPL,,245.3,240.1,245,,,95341,23234443.1,267,,
2025-12-16,ALBSL,,1120,1079,1095,,,20486,22314118.1,202,,
2025-12-16,ALICL,,488.8,462.1,468.2,,,30196,14225201.7,196,,
2025-12-16,ANLB,,6150,6028.4,6150,,,417,2534131.6,23,,
2025-12-16,API,,289,285.5,288.4,,,93849,26986829.6,290,,
2025-12-16,AVYAN,,975,949.7,958,,,1234,1186788.8,44,,
2025-12-16,BANDIPUR,,780,765,775,,,61768,47880768.5,2971,,
2025-12-16,BARUN,,325,316,325,,,84224,27139818.1,340,,
2025-12-16,BBC,,4871.9,4792.1,4863,,,177,856868,15,,
2025-12-16,BEDC,,555.9,540,544,,,4823,2640248.1,91,,
2025-12-16,BFC,,473.8,461,461,,,18894,8787470,80,,
2025-12-16,BGWT,,780,771,779,,,876,680790,23,,
2025-12-16,BHCL,,510,496,508.2,,,74667,37575563,1087,,
2025-12-16,BHDC,,487,475.7,486,,,20492,9901841,153,,
2025-12-16,BHL,,179,174.1,177.5,,,73456,12977529.5,364,,
2025-12-16,BHPL,,624.2,570.4,623,,,3900,2378062.1,111,,
2025-12-16,BNHC,,443.9,433.5,442,,,2022,886167,45,,
2025-12-16,BNL,,15680,15680,15680,,,20,313600,2,,
2025-12-16,BNT,,12000,11880,12000,,,57,681010,6,,
2025-12-16,BPCL,,719,705,713,,,50531,35992158.9,171,,
2025-12-16,BUNGAL,,630,588.5,611,,,40189,24686504,1068,,
2025-12-16,CBBL,,1040,1015,1025,,,70909,72831880.9,606,,
2025-12-16,CFCL,,480,467.1,469,,,11234,5299974.9,81,,
2025-12-16,CGH,,915,884.3,905,,,57201,51470137.4,577,,
2025-12-16,CHCL,,495,490,495,,,13540,6668480.3,135,,
2025-12-16,CHDC,,2258.9,2190,2230,,,41845,92413983.8,319,,
2025-12-16,CHL,,266,258,261.1,,,23744,6185220,109,,
2025-12-16,CIT,,1855,1842,1850,,,4072,7525223,83,,
2025-12-16,CITY,,495,489,490,,,11055,5430496.4,167,,
2025-12-16,CKHL,,661,650,654.9,,,5124,3353491.7,87,,
2025-12-16,CLI,,508.6,498.9,507,,,70846,35655268.5,750,,
2025-12-16,CREST,,1289,1228,1258.9,,,8504,10643744,346,,
2025-12-16,CYCL,,1507,1466,1495,,,3549,5253682.4,94,,
2025-12-16,CZBIL,,192,188.2,189.8,,,15274,2902623.2,90,,
2025-12-16,DDBL,,882,871,877.1,,,8687,7619385.5,74,,
2025-12-16,DHEL,,599,575,587,,,37183,21944726,1186,,
2025-12-16,DHPL,,297.9,292,295,,,5030,1486078.7,36,,
2025-12-16,DLBS,,1350,1323,1340,,,188,249372,11,,
2025-12-16,DOLTI,,529,511.5,528.3,,,3609,1896170.8,89,,
2025-12-16,DORDI,,262.9,257.1,259,,,41421,10759852.7,226,,
2025-12-16,EBL,,652.9,645.1,650.6,,,16393,10670736.8,110,,
2025-12-16,EHPL,,436,410,418,,,76803,31899943.6,376,,
2025-12-16,ENL,,915,875.2,895,,,2535,2247127.9,55,,
2025-12-16,FMDBL,,799.9,775,791.1,,,12260,9740212.8,72,,
2025-12-16,FOWAD,,1089.9,1072.3,1089,,,1186,1281399.3,28,,
2025-12-16,GBIME,,227.9,224.5,226.2,,,64941,14707251.3,254,,
2025-12-16,GBLBS,,780,780,780,,,0,0,0,,
2025-12-16,GCIL,,414.9,402,414,,,11217,4594018.6,247,,
2025-12-16,GFCL,,593.9,586,592.5,,,4455,2623595.4,45,,
2025-12-16,GHL,,212.6,208.5,211,,,25567,5395596.9,106,,
2025-12-16,GILB,,1274.3,1240.1,1260,,,1747,2196567.3,31,,
2025-12-16,GLBSL,,1937,1903,1937,,,622,1190602.9,22,,
2025-12-16,GLH,,250,245.2,249,,,14256,3523850.9,130,,
2025-12-16,GMFBS,,1529,1500.1,1505,,,163,245956.4,8,,
2025-12-16,GMFIL,,480.4,469.5,476.8,,,27377,13001852.2,118,,
2025-12-16,GMLI,,1795,1760.1,1761.5,,,899,1595714.5,67,,
2025-12-16,GUFL,,502.7,491.1,496.8,,,5712,2823202.7,57,,
2025-12-16,GVL,,522,511,521,,,21739,11291157.3,178,,
2025-12-16,HATHY,,920,901.1,914.2,,,3446,3126067.3,98,,
2025-12-16,HBL,,189.9,186,188.7,,,54014,10174489.6,1762,,
2025-12-16,HDHPC,,179.9,176,178.7,,,46634,8270094.3,173,,
2025-12-16,HDL,,1159.9,1148,1158,,,13639,15749731.7,267,,
2025-12-16,HHL,,331.9,326,326.5,,,20104,6592321.4,137,,
2025-12-16,HIDCL,,266.5,263,266.3,,,126754,33581172.5,281,,
2025-12-16,HIMSTAR,,899,845,853,,,24683,21155098.9,538,,
2025-12-16,HLBSL,,952,919,952,,,6166,5799021,40,,
2025-12-16,HLI,,376.9,373,375.5,,,57484,21518318.7,344,,
2025-12-16,HPPL,,465.5,455,465,,,33377,15453752.7,153,,
2025-12-16,HRL,,841,825,838,,,114875,95759218.5,1334,,
2025-12-16,HURJA,,223,220.5,222,,,30714,6799467.4,91,,
2025-12-16,ICFC,,630,615,619.7,,,20058,12432089.4,117,,
2025-12-16,IHL,,617,581,603,,,45247,27240435.5,385,,
2025-12-16,ILBS,,1025,966.8,982,,,4766,4717663.6,59,,
2025-12-16,ILI,,462,451.3,458.3,,,31285,14333677.4,490,,
2025-12-16,JBLB,,1464,1420,1442,,,10001,14381234.3,171,,
2025-12-16,JFL,,419,411.6,417,,,2656,1109608,32,,
2025-12-16,JHAPA,,1279,1244,1260,,,10103,12741932.3,433,,
2025-12-16,JOSHI,,297.8,292,296,,,61402,18045716.6,339,,
2025-12-16,JSLBB,,1199,1175,1190,,,931,1102313.9,16,,
2025-12-16,KBL,,183.3,180.5,183,,,103122,18796217.2,351,,
2025-12-16,KBSH,,1793,1758,1758,,,415,733677,10,,
2025-12-16,KDL,,869.8,860,867,,,3926,3383674.5,63,,
2025-12-16,KKHC,,227.8,222.2,223.4,,,44106,9878195.8,256,,
2025-12-16,KMCDB,,1110,1029.1,1110,,,5504,5877344,66,,
2025-12-16,KPCL,,557,537,545,,,18366,10019352,83,,
2025-12-16,LEC,,196,191.5,192.7,,,40722,7858548.4,174,,
2025-12-16,LICN,,916,905,912.9,,,12958,11813955,112,,
2025-12-16,LLBS,,978,953.2,960,,,175,167752,10,,
2025-12-16,LSL,,214,209,212.7,,,110704,23324170.5,409,,
2025-12-16,MABEL,,726,706,707,,,35862,25745235.4,747,,
2025-12-16,MAKAR,,575,560,570,,,9225,5257207,110,,
2025-12-16,MANDU,,819.7,807.1,810.1,,,1398,1133295,57,,
2025-12-16,MATRI,,989,970.5,985,,,989,973923,40,,
2025-12-16,MBJC,,284.8,279,284.8,,,12381,3485513.9,249,,
2025-12-16,MBL,,219.8,215.1,215.1,,,31703,6886508.4,119,,
2025-12-16,MCHL,,480,475,480,,,2478,1181280.6,49,,
2025-12-16,MEHL,,466,445,461,,,14598,6727293.8,163,,
2025-12-16,MEL,,293,272.6,281,,,48498,13742846,243,,
2025-12-16,MEN,,565,545.1,561.5,,,72104,40141408.7,362,,
2025-12-16,MERO,,749,730.2,746,,,5375,4001317.2,43,,
2025-12-16,MFIL,,682,664,681,,,45708,30860533.6,210,,
2025-12-16,MHCL,,419,395,407,,,2924,1193422.1,94,,
2025-12-16,MHL,,483,474,482,,,7422,3565054.9,76,,
2025-12-16,MHNL,,260,247.8,254,,,20529,5178059.2,110,,
2025-12-16,MKCL,,1360,1345,1350,,,2306,3121270.8,72,,
2025-12-16,MKHC,,383.7,370.5,383.7,,,1868,699998.7,48,,
2025-12-16,MKHL,,795,777,783.1,,,1133,887575.4,60,,
2025-12-16,MKJC,,521,508.1,521,,,14167,7304446.7,128,,
2025-12-16,MLBBL,,1515,1485,1510.9,,,2606,3878197.7,27,,
2025-12-16,MLBS,,1509.9,1490,1494,,,576,860328.9,23,,
2025-12-16,MLBSL,,1984.4,1961.1,1984.4,,,276,545017,16,,
2025-12-16,MMKJL,,631,603,620,,,20333,12504945.7,187,,
2025-12-16,MPFL,,566.2,558,563,,,12618,7076384.6,97,,
2025-12-16,MSHL,,918,900.2,910,,,1415,1288891.5,41,,
2025-12-16,MSLB,,1400,1378.6,1396,,,2552,3538595.2,51,,
2025-12-16,NABIL,,500,494,499,,,30522,15190235.7,301,,
2025-12-16,NADEP,,795,790,790,,,1779,1413020,23,,
2025-12-16,NBL,,241,238,241,,,14885,3574473.1,125,,
2025-12-16,NESDO,,1539,1501,1515,,,538,819440.4,26,,
2025-12-16,NFS,,629.9,621.1,623,,,8584,5368938.2,87,,
2025-12-16,NGPL,,431,391.4,398,,,494184,198245025.4,1109,,
2025-12-16,NHDL,,734.9,704.9,720,,,17582,12549035.4,101,,
2025-12-16,NHPC,,189.6,185.3,189.5,,,42034,7898018.2,141,,
2025-12-16,NICA,,331.9,323.5,326,,,40675,13255172.1,226,,
2025-12-16,NICLBSL,,560,546,548,,,14783,8142304.7,149,,
2025-12-16,NIFRA,,269,265.1,267.1,,,45825,12243686,471,,
2025-12-16,NIMB,,194,191.7,193,,,50559,9737850,217,,
2025-12-16,NLIC,,828.9,817.5,826.5,,,39453,32536685.7,309,,
2025-12-16,NLICL,,615.9,610,615.9,,,9800,5995539.5,68,,
2025-12-16,NLO,,254.1,254.1,254.1,,,0,0,0,,
2025-12-16,NMB,,254.9,248,252.1,,,65886,16572304.7,249,,
2025-12-16,NMBMF,,709.8,696,704,,,4246,2976911.8,38,,
2025-12-16,NMFBS,,1290,1280,1290,,,412,528241.1,14,,
2025-12-16,NMLBBL,,654.9,645,654.8,,,8767,5700799.8,53,,
2025-12-16,NRIC,,1268.6,1251.1,1265,,,14845,18701569.4,256,,
2025-12-16,NRM,,434.9,410.7,433,,,58625,24826521.2,416,,
2025-12-16,NRN,,1381,1327,1375,,,26179,35359979.5,301,,
2025-12-16,NTC,,885,872.1,885,,,19850,17503179.3,243,,
2025-12-16,NUBL,,765,749,765,,,6604,5014213.3,57,,
2025-12-16,NWCL,,805,790,800,,,1310,1045652,57,,
2025-12-16,NYADI,,382,374.4,380.1,,,4424,1681630,85,,
2025-12-16,OHL,,705,690.5,693.5,,,5778,4019784,41,,
2025-12-16,OMPL,,1290,1257,1269,,,10815,13749702.2,370,,
2025-12-16,PCBL,,250.9,246.2,250,,,48617,12088750.6,140,,
2025-12-16,PFL,,377,370,373,,,5270,1966161.5,73,,
2025-12-16,PHCL,,272,267.2,269.8,,,58026,15604298.3,368,,
2025-12-16,PMHPL,,325.8,318.4,322,,,15055,4856272.3,67,,
2025-12-16,PMLI,,502.9,496,498,,,8752,4362900.4,142,,
2025-12-16,PPCL,,339.9,330.3,336,,,43843,14730986,124,,
2025-12-16,PPL,,332.9,315,327.6,,,55615,18192729.2,279,,
2025-12-16,PROFL,,460,455,460,,,6403,2921172,48,,
2025-12-16,PRVU,,185.6,183,184.6,,,46924,8666905.7,247,,
2025-12-16,PURE,,936.8,909,936.8,,,31591,29148023.8,461,,
2025-12-16,RADHI,,725,710,721,,,102396,73631963.1,420,,
2025-12-16,RAWA,,722,710,716,,,1091,784306,26,,
2025-12-16,RFPL,,377,362.5,367.4,,,41174,15069549.1,212,,
2025-12-16,RHGCL,,252.7,245.5,251.4,,,29376,7368208.8,185,,
2025-12-16,RHPL,,275,272.2,274,,,20431,5584198.4,158,,
2025-12-16,RIDI,,224.8,220.5,224.8,,,22759,5087940.5,91,,
2025-12-16,RLFL,,424,416,418,,,20940,8772527.9,120,,
2025-12-16,RNLI,,492,486.5,488,,,50292,24573210.1,553,,
2025-12-16,RSDC,,644,620,644,,,7389,4691466.5,80,,
2025-12-16,RURU,,730,718.1,727,,,4533,3280473.3,45,,
2025-12-16,SAGAR,,1785,1766.5,1770,,,21380,37946262,953,,
2025-12-16,SAHAS,,543,538,543,,,46375,25083021.9,376,,
2025-12-16,SAIL,,840,825.1,833.9,,,52517,43736147.9,3316,,
2025-12-16,SANIMA,,311.9,310,311,,,15765,4896171.9,133,,
2025-12-16,SANVI,,660,631,655,,,30784,19973561,659,,
2025-12-16,SARBTM,,870,859,867,,,12243,10637832.5,81,,
2025-12-16,SBI,,410,403.2,410,,,51238,20818357.2,171,,
2025-12-16,SBL,,356,349,352,,,19823,6939188.7,91,,
2025-12-16,SCB,,630,622.1,625,,,18432,11519374.9,118,,
2025-12-16,SGHC,,424.4,400,415,,,18244,7541259.2,179,,
2025-12-16,SHEL,,289,285,288.9,,,63060,18055248.8,257,,
2025-12-16,SHIVM,,585.9,576,583.9,,,88046,51305073.3,373,,
2025-12-16,SHL,,495,483,495,,,13058,6386912.4,64,,
2025-12-16,SHLB,,1710,1690,1700,,,410,696600,13,,
2025-12-16,SHPC,,530.4,525.3,529.6,,,47846,25300411.7,169,,
2025-12-16,SIFC,,509,491.2,493,,,7867,3931532.6,63,,
2025-12-16,SIKLES,,548,542,545,,,16154,8800539.1,91,,
2025-12-16,SJCL,,290,282,287.9,,,11136,3181688.4,108,,
2025-12-16,SJLIC,,470,461.1,469.9,,,38536,17947607.5,338,,
2025-12-16,SKBBL,,894,888,894,,,16349,14565749.1,177,,
2025-12-16,SLBBL,,928,896.3,928,,,17223,15770349.9,183,,
2025-12-16,SLBSL,,1312,1295,1308,,,1976,2576036.2,29,,
2025-12-16,SMATA,,819.2,804,804.1,,,3757,3051752.3,79,,
2025-12-16,SMB,,2015,2000,2015,,,1053,2114802,34,,
2025-12-16,SMFBS,,1769,1709,1742,,,1132,1947056.5,19,,
2025-12-16,SMH,,765,747,750.7,,,760,572297,20,,
2025-12-16,SMHL,,726.2,672,687,,,25341,17389401.7,164,,
2025-12-16,SMJC,,507,497,505,,,3207,1605272.8,149,,
2025-12-16,SMPDA,,906.6,892.5,905,,,1886,1692249.8,55,,
2025-12-16,SNLI,,512,503.2,506.9,,,72435,36730544,510,,
2025-12-16,SONA,,425,418.6,423,,,16462,6964913.8,408,,
2025-12-16,SPC,,500,484.3,485.2,,,18490,9129046.1,137,,
2025-12-16,SPDL,,415,405,412,,,80339,33174792.9,223,,
2025-12-16,SPHL,,544,520,543,,,14003,7506321.9,83,,
2025-12-16,SPL,,868.9,837.2,868.9,,,2045,1743503.4,34,,
2025-12-16,SRLI,,414,395,407,,,62516,25237972,411,,
2025-12-16,SSHL,,164.5,162.5,163.5,,,25838,4216521.3,141,,
2025-12-16,STC,,5400,5330,5400,,,715,3852771,28,,
2025-12-16,SWASTIK,,2559.7,2373.5,2559.7,,,630,1608046,63,,
2025-12-16,SWBBL,,785,772,780,,,12149,9422676.7,62,,
2025-12-16,SWMF,,703.9,677,697,,,5910,4105984.7,50,,
2025-12-16,SYPNL,,514.6,461.8,514.6,,,560,286427,56,,
2025-12-16,TAMOR,,460,452,457,,,5806,2650181.2,122,,
2025-12-16,TPC,,357,348,355.9,,,43882,15522730.8,154,,
2025-12-16,TRH,,710,698.1,709,,,2327,1647248.5,26,,
2025-12-16,TSHL,,729.7,712,716,,,4359,3127916.9,57,,
2025-12-16,TTL,,777,755,767,,,37477,28717414.2,784,,
2025-12-16,TVCL,,419.8,412,416,,,5991,2484779.1,63,,
2025-12-16,UHEWA,,592,575.3,592,,,7300,4288305,83,,
2025-12-16,ULBSL,,3657,3381.1,3598,,,1961,6741432.5,70,,
2025-12-16,ULHC,,472.6,462,469,,,8742,4072824.6,138,,
2025-12-16,UMHL,,570,560,569.9,,,49854,28060811.5,195,,
2025-12-16,UMRH,,556,546.1,549,,,13406,7399555.8,70,,
2025-12-16,UNHPL,,487.9,466,487.9,,,64991,31366372.4,236,,
2025-12-16,UNL,,47000,46995,47000,,,60,2819950,6,,
2025-12-16,UNLB,,1948.2,1910,1940,,,420,807801,15,,
2025-12-16,UPCL,,378,364.6,371.8,,,60292,22292618.5,238,,
2025-12-16,UPPER,,176.5,173,175.9,,,33599,5886595.6,260,,
2025-12-16,USHEC,,477.8,470.1,473.1,,,22274,10571151.6,106,,
2025-12-16,USHL,,945,856.8,940,,,43516,39097647,332,,
2025-12-16,USLB,,1531.9,1510.6,1518,,,3839,5817646.5,71,,
2025-12-16,VLBS,,789,763.5,765,,,759,586992.6,25,,
2025-12-16,VLUCL,,586.7,566,578,,,8513,4895719.6,112,,
2025-12-17,ACLBSL,,949,939,939,,,3990,3752782.3,68,,
2025-12-17,ADBL,,296,292,294,,,26518,7791190.3,134,,
2025-12-17,AHL,,598,577.1,580.2,,,7844,4574938.7,100,,
2025-12-17,AHPC,,284,280.1,281.5,,,59127,16631591.7,196,,
2025-12-17,AKJCL,,185,183.2,183.2,,,56720,10438783.7,175,,
2025-12-17,AKPL,,246.1,244,245,,,59838,14672477,184,,
2025-12-17,ALBSL,,1097,1073.1,1096.6,,,19527,21260235.5,140,,
2025-12-17,ALICL,,474,466,469.5,,,30376,14208749.4,171,,
2025-12-17,ANLB,,6180,6061,6180,,,178,1082795,14,,
2025-12-17,API,,291,288,290,,,97365,28184788.4,332,,
2025-12-17,AVYAN,,977.1,939,955,,,1395,1336108.4,46,,
2025-12-17,BANDIPUR,,789,771.6,774,,,61887,48219584.7,2376,,
2025-12-17,BARUN,,329,320,322.9,,,51579,16706049.1,259,,
2025-12-17,BBC,,4890,4849,4849.1,,,174,845031,15,,
2025-12-17,BEDC,,551,541,544,,,10301,5610647.8,129,,
2025-12-17,BFC,,476.1,466.1,468.3,,,32291,15219844.3,144,,
2025-12-17,BGWT,,809,779,785,,,4085,3224560,76,,
2025-12-17,BHCL,,515.1,497.3,497.3,,,69193,34727285.6,987,,
2025-12-17,BHDC,,492,483.6,484.1,,,35312,17182162.8,184,,
2025-12-17,BHL,,179,176.6,177.7,,,86068,15290866.2,397,,
2025-12-17,BHPL,,610.6,560.7,560.7,,,52116,29228872.2,332,,
2025-12-17,BNHC,,445,440,443,,,5750,2545220,60,,
2025-12-17,BNL,,15680,15680,15680,,,0,0,0,,
2025-12-17,BNT,,12200,11800.6,12036.6,,,166,2006463.8,15,,
2025-12-17,BPCL,,725,699,719.3,,,114484,81722637.7,291,,
2025-12-17,BUNGAL,,623,600.2,612,,,18698,11353666.3,788,,
2025-12-17,CBBL,,1040,1020.2,1023.1,,,34424,35552605.4,406,,
2025-12-17,CFCL,,484.1,471,480,,,29443,14042812.2,139,,
2025-12-17,CGH,,923.1,896,900,,,18991,17134120.9,219,,
2025-12-17,CHCL,,500,492.7,496,,,13510,6690218.4,130,,
2025-12-17,CHDC,,2270,2201,2235,,,16674,37293951,200,,
2025-12-17,CHL,,264.8,258,260,,,38450,10000035.8,156,,
2025-12-17,CIT,,1855,1837,1850,,,6389,11803538.4,153,,
2025-12-17,CITY,,492.8,488,489,,,11800,5778506.1,130,,
2025-12-17,CKHL,,695,653.6,689.8,,,41053,27920898.4,382,,
2025-12-17,CLI,,526,506,519,,,135518,70263113.1,1311,,
2025-12-17,CREST,,1279,1242,1242,,,9939,12442578.1,241,,
2025-12-17,CYCL,,1505,1481,1499,,,794,1185093.9,42,,
2025-12-17,CZBIL,,191.5,188,189.6,,,16766,3191434.3,68,,
2025-12-17,DDBL,,890,878.1,880,,,5539,4873669.7,68,,
2025-12-17,DHEL,,594.9,576.5,577,,,34031,19792114.6,991,,
2025-12-17,DHPL,,300,294,297,,,6041,1781568.9,47,,
2025-12-17,DLBS,,1362,1335,1335,,,1249,1678546.6,31,,
2025-12-17,DOLTI,,539.9,517.8,528.5,,,6881,3640203.9,94,,
2025-12-17,DORDI,,264,258.2,259,,,44748,11610467,206,,
2025-12-17,EBL,,663,651,653.1,,,18564,12200369,150,,
2025-12-17,EHPL,,421,403.8,405.1,,,78739,32198194.6,416,,
2025-12-17,ENL,,910,882.4,897,,,486,432129.4,14,,
2025-12-17,FMDBL,,803.9,790.5,790.5,,,16537,13168847.3,98,,
2025-12-17,FOWAD,,1099,1067.4,1098.9,,,2402,2617521.6,47,,
2025-12-17,GBIME,,228.9,225.7,227,,,72596,16468926.4,268,,
2025-12-17,GBLBS,,780,780,780,,,0,0,0,,
2025-12-17,GCIL,,416,408,410,,,9544,3927226.7,205,,
2025-12-17,GFCL,,600,587,596.7,,,11085,6601844,88,,
2025-12-17,GHL,,212.9,209,209,,,42182,8873606.4,117,,
2025-12-17,GILB,,1268.9,1257,1261.2,,,1828,2314616.1,22,,
2025-12-17,GLBSL,,1950,1911,1934.9,,,379,729734.3,25,,
2025-12-17,GLH,,252,247.6,250,,,9847,2456758.5,123,,
2025-12-17,GMFBS,,1507.9,1505,1506.3,,,270,406603.7,16,,
2025-12-17,GMFIL,,485,469.1,480,,,155795,74613923.3,469,,
2025-12-17,GMLI,,1795,1761,1775,,,2923,5192678.3,100,,
2025-12-17,GUFL,,513,493,508.9,,,17770,8976487.5,125,,
2025-12-17,GVL,,564,513.1,526.6,,,21535,11360828.2,182,,
2025-12-17,HATHY,,918.8,896,917,,,5911,5401039.6,113,,
2025-12-17,HBL,,190,186.8,187.2,,,57684,10813726.5,1556,,
2025-12-17,HDHPC,,180,177,177.8,,,37965,6752651.9,156,,
2025-12-17,HDL,,1169,1150,1150,,,26121,30332789.4,419,,
2025-12-17,HHL,,331.7,326,327,,,14983,4928323.6,125,,
2025-12-17,HIDCL,,268.6,265.2,266,,,63425,16915005.2,230,,
2025-12-17,HIMSTAR,,889,840,855.5,,,25652,22169531.5,415,,
2025-12-17,HLBSL,,949.5,932.1,940,,,500,470159.8,14,,
2025-12-17,HLI,,379.8,373.1,375,,,63886,24025204.7,397,,
2025-12-17,HPPL,,473,466,467.3,,,22766,10703412,124,,
2025-12-17,HRL,,849,830,841.9,,,125526,105854287.5,1357,,
2025-12-17,HURJA,,225.9,223,224.7,,,36445,8177136.1,126,,
2025-12-17,ICFC,,635,618,633,,,21119,13304735,152,,
2025-12-17,IHL,,624,591,613.1,,,50499,31049999.9,492,,
2025-12-17,ILBS,,999,950.3,975.9,,,18889,18352328,148,,
2025-12-17,ILI,,464.8,455.3,461,,,21017,9706623.1,467,,
2025-12-17,JBLB,,1460,1420.2,1432,,,9112,13169668.9,165,,
2025-12-17,JFL,,425,417,419,,,10233,4303975.7,67,,
2025-12-17,JHAPA,,1295,1247.2,1270,,,17332,21898572.7,579,,
2025-12-17,JOSHI,,301.9,295,296.5,,,48903,14541856.1,273,,
2025-12-17,JSLBB,,1190.1,1173.5,1185,,,1202,1423799.3,25,,
2025-12-17,KBL,,184,181,182.6,,,65880,12011840,256,,
2025-12-17,KBSH,,1793,1762,1762,,,325,574915.7,15,,
2025-12-17,KDL,,878,850,866,,,2817,2430762,45,,
2025-12-17,KKHC,,226.9,221,224.8,,,66275,14776109.2,263,,
2025-12-17,KMCDB,,1100,1045,1100,,,11218,12016889.9,113,,
2025-12-17,KPCL,,550,540,550,,,21584,11815495.1,98,,
2025-12-17,LEC,,198.9,191.2,194.9,,,77504,15160457.3,268,,
2025-12-17,LICN,,922,912.7,917,,,14476,13273330.5,95,,
2025-12-17,LLBS,,965,955,955,,,169,162965,4,,
2025-12-17,LSL,,213.9,210,213.9,,,38395,8155530.9,165,,
2025-12-17,MABEL,,718,690.1,699,,,22832,15972028.3,516,,
2025-12-17,MAKAR,,575,560,574.6,,,3642,2067401.3,73,,
2025-12-17,MANDU,,815,800.3,808.3,,,1423,1152278.5,67,,
2025-12-17,MATRI,,996,986.2,993,,,2532,2508091.6,48,,
2025-12-17,MBJC,,285,282,283,,,14870,4210296.3,237,,
2025-12-17,MBL,,218,215,217,,,41001,8903073,132,,
2025-12-17,MCHL,,494,470.4,484.9,,,1458,697756.6,52,,
2025-12-17,MEHL,,479,443,464.9,,,104882,49532209.8,381,,
2025-12-17,MEL,,282,275.5,278.5,,,22171,6161993.3,249,,
2025-12-17,MEN,,562,556.2,559.5,,,32833,18376263,230,,
2025-12-17,MERO,,759.9,742,751,,,4752,3548438,43,,
2025-12-17,MFIL,,705.8,675,701,,,197493,137651075,746,,
2025-12-17,MHCL,,407,398,399,,,8659,3474510,122,,
2025-12-17,MHL,,488.9,482.4,486,,,8608,4183642.7,76,,
2025-12-17,MHNL,,259,246,250.8,,,17217,4281942.1,95,,
2025-12-17,MKCL,,1366,1345,1348,,,2523,3426983.5,57,,
2025-12-17,MKHC,,390,367.9,374.8,,,23075,8564093.8,104,,
2025-12-17,MKHL,,828,768.1,817,,,6874,5521394.4,144,,
2025-12-17,MKJC,,526.9,515,521.4,,,21940,11388665.2,117,,
2025-12-17,MLBBL,,1521.1,1460,1500,,,3785,5586301.6,55,,
2025-12-17,MLBS,,1500,1471,1472.2,,,202,298020.4,12,,
2025-12-17,MLBSL,,1984.9,1954,1979.9,,,1741,3419626,48,,
2025-12-17,MMKJL,,644.6,607.6,623.1,,,18877,11783850.6,227,,
2025-12-17,MPFL,,595,564,585,,,80762,46906523.6,455,,
2025-12-17,MSHL,,905,892,900,,,767,690517,21,,
2025-12-17,MSLB,,1419.3,1396,1396.2,,,1762,2466674.9,63,,
2025-12-17,NABIL,,505,497,499.9,,,44903,22470657.4,326,,
2025-12-17,NADEP,,800,785,789.5,,,4278,3402435,37,,
2025-12-17,NBL,,241,237.3,240,,,45009,10795006.8,151,,
2025-12-17,NESDO,,1530,1490,1497,,,806,1209632,26,,
2025-12-17,NFS,,639,624.1,633.1,,,14965,9469446.1,122,,
2025-12-17,NGPL,,402,395.1,396.7,,,288652,114974021.1,772,,
2025-12-17,NHDL,,732,705.6,729.8,,,22975,16650954.2,115,,
2025-12-17,NHPC,,191,188,189,,,16065,3039945.5,87,,
2025-12-17,NICA,,327.9,321,323,,,31340,10169995.8,179,,
2025-12-17,NICLBSL,,558.7,537.1,555,,,12313,6818112.2,140,,
2025-12-17,NIFRA,,269,266,267.5,,,84092,22443657.1,645,,
2025-12-17,NIMB,,194.9,191.6,193,,,47578,9155874.4,222,,
2025-12-17,NLIC,,838.9,829,835,,,60587,50539200.2,453,,
2025-12-17,NLICL,,622,612.6,615,,,12008,7408961.5,77,,
2025-12-17,NLO,,254.1,254.1,254.1,,,0,0,0,,
2025-12-17,NMB,,256.5,252.2,256.1,,,66790,17007529.5,225,,
2025-12-17,NMBMF,,714,693.1,695,,,6287,4419761,28,,
2025-12-17,NMFBS,,1319.9,1304,1318.8,,,5274,6934185.6,86,,
2025-12-17,NMLBBL,,664.5,652,658,,,1083,710318,26,,
2025-12-17,NRIC,,1280,1250,1259.9,,,32846,41506749.5,301,,
2025-12-17,NRM,,440,426,428,,,38989,16874384.1,349,,
2025-12-17,NRN,,1388.9,1371,1373.1,,,15146,20859463,192,,
2025-12-17,NTC,,892,880.1,887,,,14222,12631812.7,203,,
2025-12-17,NUBL,,780,757,757.1,,,6415,4889234.2,59,,
2025-12-17,NWCL,,808,790,807.9,,,3618,2888157.7,59,,
2025-12-17,NYADI,,380,375,378.5,,,5182,1964998.3,73,,
2025-12-17,OHL,,707,695.1,700,,,3742,2616247.5,23,,
2025-12-17,OMPL,,1390,1244,1276.9,,,9729,12329787.5,340,,
2025-12-17,PCBL,,253.2,248.3,252,,,75655,18993734.6,182,,
2025-12-17,PFL,,377,373,377,,,4542,1706001.7,66,,
2025-12-17,PHCL,,274.3,265,271.9,,,84618,22962373.3,356,,
2025-12-17,PMHPL,,327.9,312,320,,,35851,11400139.9,130,,
2025-12-17,PMLI,,504.9,494.4,502,,,9435,4715292.9,185,,
2025-12-17,PPCL,,344,335,339,,,60144,20479000.5,176,,
2025-12-17,PPL,,331.5,321,323.9,,,35307,11494140.3,232,,
2025-12-17,PROFL,,469.2,457,465,,,11080,5145479.6,78,,
2025-12-17,PRVU,,185.9,184,184.7,,,45344,8379340.7,263,,
2025-12-17,PURE,,950,931,940,,,28941,27146617.9,395,,
2025-12-17,RADHI,,734,719.1,732.9,,,127945,93182089.3,377,,
2025-12-17,RAWA,,729,710,717,,,3524,2517782.5,44,,
2025-12-17,RFPL,,375,370,372,,,44341,16501276.2,231,,
2025-12-17,RHGCL,,257,249.1,252.9,,,40534,10273579.6,198,,
2025-12-17,RHPL,,277.5,272.1,275,,,19153,5262146,188,,
2025-12-17,RIDI,,225.5,221.5,223.1,,,30023,6719936,128,,
2025-12-17,RLFL,,431,418,423,,,30426,12907094,136,,
2025-12-17,RNLI,,500,488,494.1,,,57322,28351815.3,730,,
2025-12-17,RSDC,,664,632,661,,,41769,27379601.6,210,,
2025-12-17,RURU,,727,720.1,727,,,5005,3625366,67,,
2025-12-17,SAGAR,,1805.4,1740.2,1773,,,21614,38320564.1,1000,,
2025-12-17,SAHAS,,549,543,546,,,39364,21499387.1,306,,
2025-12-17,SAIL,,844,825,825.6,,,48525,40435997.6,2714,,
2025-12-17,SANIMA,,314,310,313,,,24019,7480625.5,130,,
2025-12-17,SANVI,,667.9,641.9,655,,,35349,23325110.4,577,,
2025-12-17,SARBTM,,884,865,883,,,26647,23312930.5,173,,
2025-12-17,SBI,,415,407,408.9,,,23921,9786559.4,134,,
2025-12-17,SBL,,363,350.1,359.8,,,99086,35402310.8,289,,
2025-12-17,SCB,,629.8,625,628,,,14270,8940849.8,119,,
2025-12-17,SGHC,,413,405,407,,,16191,6594307.7,146,,
2025-12-17,SHEL,,292,286.4,287,,,48939,14110829.5,241,,
2025-12-17,SHIVM,,589,582.3,587,,,69420,40661253.3,322,,
2025-12-17,SHL,,496,485,491.6,,,14580,7169711.2,65,,
2025-12-17,SHLB,,1710,1680,1690,,,220,373053,14,,
2025-12-17,SHPC,,536,530.1,532,,,37360,19896581.4,165,,
2025-12-17,SIFC,,512.9,495.3,508.2,,,25552,12973940.2,122,,
2025-12-17,SIKLES,,559,545.2,549.8,,,16781,9209075.5,131,,
2025-12-17,SJCL,,291.7,282.2,286.3,,,12021,3473423.7,111,,
2025-12-17,SJLIC,,476,466.1,473.9,,,127511,60066159.4,436,,
2025-12-17,SKBBL,,896,890.7,891,,,16745,14961967,151,,
2025-12-17,SLBBL,,936,910,935.5,,,19044,17722532.1,144,,
2025-12-17,SLBSL,,1310,1300,1301,,,991,1291698.4,24,,
2025-12-17,SMATA,,820.1,804.3,808,,,5615,4531572.1,111,,
2025-12-17,SMB,,2007,1995,1996.1,,,1584,3170171,53,,
2025-12-17,SMFBS,,1742,1709,1738,,,851,1457096.8,10,,
2025-12-17,SMH,,795,750,774,,,890,679931,31,,
2025-12-17,SMHL,,714,674,685,,,26345,17972955.9,186,,
2025-12-17,SMJC,,509,499.1,500,,,6845,3423728.4,113,,
2025-12-17,SMPDA,,915,890.6,892,,,3632,3267628.9,62,,
2025-12-17,SNLI,,516.2,505.1,511,,,80066,40835406.3,703,,
2025-12-17,SONA,,429,422,422.8,,,17792,7563633.3,391,,
2025-12-17,SPC,,512,475.5,506,,,41484,21016185.6,334,,
2025-12-17,SPDL,,424.3,403.8,417.5,,,130702,54683129.2,321,,
2025-12-17,SPHL,,559.9,540,555,,,20997,11587200.4,139,,
2025-12-17,SPL,,884,845,846,,,1830,1558835,35,,
2025-12-17,SRLI,,410,405,408.9,,,29278,11949914.6,362,,
2025-12-17,SSHL,,166.5,162.1,163,,,41320,6752868.1,176,,
2025-12-17,STC,,5390,5350,5389,,,236,1266060,11,,
2025-12-17,SWASTIK,,2815.6,2610.8,2815.6,,,570,1599873,57,,
2025-12-17,SWBBL,,795,775.2,780,,,4472,3494290.7,66,,
2025-12-17,SWMF,,706.9,689.5,698.9,,,2225,1550573,31,,
2025-12-17,SYPNL,,566,524.8,566,,,640,360815,64,,
2025-12-17,TAMOR,,461.6,452.3,461.6,,,4716,2169898,128,,
2025-12-17,TPC,,362,352,357,,,79252,28409088.6,300,,
2025-12-17,TRH,,713,705,706.6,,,2000,1417149.3,18,,
2025-12-17,TSHL,,744,711,744,,,13891,10150821.1,187,,
2025-12-17,TTL,,791,752.1,778,,,67708,52625513.7,1081,,
2025-12-17,TVCL,,424,412.6,414.9,,,7225,2997893,60,,
2025-12-17,UHEWA,,604,580.2,595,,,9915,5916344.3,125,,
2025-12-17,ULBSL,,3639.9,3415,3549,,,2214,7610208.6,60,,
2025-12-17,ULHC,,474,461.1,466,,,10417,4838854.5,126,,
2025-12-17,UMHL,,571,562,569.9,,,59575,33834668.7,156,,
2025-12-17,UMRH,,560,543.1,559,,,18429,10167363.2,92,,
2025-12-17,UNHPL,,511,478.3,504.9,,,454794,227850884.2,922,,
2025-12-17,UNL,,47000,47000,47000,,,11,517939,2,,
2025-12-17,UNLB,,1944,1925,1944,,,125,241235,13,,
2025-12-17,UPCL,,378,365.1,369,,,81944,30298427,277,,
2025-12-17,UPPER,,177,175,175.2,,,72877,12796679.2,358,,
2025-12-17,USHEC,,478,470.3,470.3,,,9388,4433811.8,85,,
2025-12-17,USHL,,921.2,868,909.8,,,28422,25217364.1,310,,
2025-12-17,USLB,,1528,1500,1509,,,6755,10166290.7,97,,
2025-12-17,VLBS,,784,769,780,,,3931,3039169.2,27,,
2025-12-17,VLUCL,,589,572.3,579.5,,,4804,2777106.5,145,,
2025-12-18,ACLBSL,,938,923,930,,,2822,2626876.5,62,,
2025-12-18,ADBL,,297,291,292,,,11848,3463805.3,112,,
2025-12-18,AHL,,583,571.3,572,,,9929,5711323.7,102,,
2025-12-18,AHPC,,281.9,277,278.6,,,70444,19605999.4,226,,
2025-12-18,AKJCL,,185,182,182.4,,,42178,7697745.7,172,,
2025-12-18,AKPL,,246.7,243,243.9,,,68968,16861300.2,166,,
2025-12-18,ALBSL,,1122,1085,1109,,,36232,40105639.1,336,,
2025-12-18,ALICL,,474,464.1,464.8,,,33687,15686472.3,235,,
2025-12-18,ANLB,,6294,6168.2,6168.2,,,20,124622,2,,
2025-12-18,API,,290.8,287,288,,,103102,29649141.3,227,,
2025-12-18,AVYAN,,965,940,954,,,2942,2788937.5,61,,
2025-12-18,BANDIPUR,,778,760,762.1,,,96768,74234887.7,2781,,
2025-12-18,BARUN,,327,316,316.1,,,88020,28005540.1,332,,
2025-12-18,BBC,,4882,4807.1,4873.9,,,162,788222.5,13,,
2025-12-18,BEDC,,547,537,542.9,,,23664,12794090.5,199,,
2025-12-18,BFC,,474,460.2,460.2,,,22119,10304673.2,122,,
2025-12-18,BGWT,,783,772,773.2,,,2730,2113689.5,46,,
2025-12-18,BHCL,,503.9,484.1,485,,,100733,49444205.1,1044,,
2025-12-18,BHDC,,485,481,485,,,32724,15812307.6,223,,
2025-12-18,BHL,,179,176.1,177.1,,,51680,9152381.1,316,,
2025-12-18,BHPL,,555,507,534,,,466967,247234380,1351,,
2025-12-18,BNHC,,444.9,437.5,442,,,9075,3990779.8,85,,
2025-12-18,BNL,,15600,15600,15600,,,10,156000,1,,
2025-12-18,BNT,,12036.6,11831,11831,,,38,449987,8,,
2025-12-18,BPCL,,739,705,733,,,220396,161069228,746,,
2025-12-18,BUNGAL,,633.2,600,620.9,,,112831,70241242.9,1524,,
2025-12-18,CBBL,,1037.5,1021,1024,,,23443,24049203.2,261,,
2025-12-18,CFCL,,483.5,472.2,475.5,,,12128,5791085.2,79,,
2025-12-18,CGH,,918,890.2,894,,,14561,13068255.8,177,,
2025-12-18,CHCL,,499,490.5,491.5,,,15634,7693868.4,125,,
2025-12-18,CHDC,,2366,2192,2229,,,22472,50077728.7,232,,
2025-12-18,CHL,,260.9,253,253,,,44850,11483902.1,175,,
2025-12-18,CIT,,1850,1835,1847.9,,,5035,9268914.9,113,,
2025-12-18,CITY,,492,485.1,485.2,,,8684,4231032.6,122,,
2025-12-18,CKHL,,693.4,668,678.9,,,11937,8113574.3,151,,
2025-12-18,CLI,,523,515.1,519.9,,,104340,54172771,1012,,
2025-12-18,CREST,,1249,1228,1228,,,9060,11184746.1,357,,
2025-12-18,CYCL,,1579,1469.1,1572,,,8000,12195588.7,141,,
2025-12-18,CZBIL,,190,187.2,190,,,29171,5516572.7,96,,
2025-12-18,DDBL,,880,865,865,,,21454,18644708.9,135,,
2025-12-18,DHEL,,585,565.5,572.5,,,38804,22398033.8,1175,,
2025-12-18,DHPL,,302.8,292,294.9,,,6796,1995058.4,51,,
2025-12-18,DLBS,,1361.7,1327,1345,,,698,936309.8,39,,
2025-12-18,DOLTI,,527.9,518,520,,,6182,3227481.2,90,,
2025-12-18,DORDI,,260,253.2,255.1,,,50957,13074296.7,289,,
2025-12-18,EBL,,657.6,651.3,655,,,9793,6396233.3,85,,
2025-12-18,EHPL,,408,401.2,407,,,38908,15782100.8,236,,
2025-12-18,ENL,,900,880.1,896,,,1174,1039592.3,28,,
2025-12-18,FMDBL,,795,779,780,,,16646,13034666.9,127,,
2025-12-18,FOWAD,,1105,1083.1,1095,,,425,462691.3,18,,
2025-12-18,GBIME,,227.6,225.7,226,,,63026,14274978,288,,
2025-12-18,GBLBS,,780,780,780,,,0,0,0,,
2025-12-18,GCIL,,414.8,405,407,,,11889,4861129.3,203,,
2025-12-18,GFCL,,598,581.2,581.2,,,12936,7594226.8,116,,
2025-12-18,GHL,,211,208.6,210.7,,,39561,8292657.5,141,,
2025-12-18,GILB,,1265,1245.3,1260,,,2550,3202049.8,31,,
2025-12-18,GLBSL,,1925,1900,1920,,,1136,2163153.9,38,,
2025-12-18,GLH,,251,247,248.7,,,15452,3831070.8,140,,
2025-12-18,GMFBS,,1506,1482.6,1483.3,,,806,1200140,22,,
2025-12-18,GMFIL,,479,462,465,,,37481,17555050.5,198,,
2025-12-18,GMLI,,1770,1752.1,1758,,,790,1388801,67,,
2025-12-18,GUFL,,515,500,500.2,,,5784,2918505.4,56,,
2025-12-18,GVL,,530,520,522.3,,,23777,12452313,232,,
2025-12-18,HATHY,,915,901,902,,,8375,7581419.4,190,,
2025-12-18,HBL,,190.9,187.1,187.9,,,72071,13512335.2,1864,,
2025-12-18,HDHPC,,177.7,176.3,176.3,,,41810,7396062.4,137,,
2025-12-18,HDL,,1158,1140,1148.8,,,30447,35020789.6,380,,
2025-12-18,HHL,,330,324,324.1,,,30259,9870420.7,160,,
2025-12-18,HIDCL,,267,262.2,264.7,,,83618,22052784.6,251,,
2025-12-18,HIMSTAR,,873,825,848,,,20025,17214451.5,402,,
2025-12-18,HLBSL,,930,925.1,925.1,,,757,700905,11,,
2025-12-18,HLI,,377.6,373.5,374,,,23303,8736609.5,294,,
2025-12-18,HPPL,,468.5,461,461,,,31475,14627240.1,138,,
2025-12-18,HRL,,855,830,831,,,83823,70077260.9,1097,,
2025-12-18,HURJA,,227,222,222,,,36719,8253141.3,126,,
2025-12-18,ICFC,,640,622.1,624,,,23554,14886590.3,122,,
2025-12-18,IHL,,638,610,622.9,,,41113,25611074,407,,
2025-12-18,ILBS,,965,956.5,956.5,,,4504,4326223.9,52,,
2025-12-18,ILI,,463,455.8,456.9,,,16429,7508127.6,435,,
2025-12-18,JBLB,,1460.6,1428,1429,,,6081,8720774.3,142,,
2025-12-18,JFL,,425,416.7,417.1,,,6851,2873119.2,54,,
2025-12-18,JHAPA,,1277,1245,1255,,,13737,17274739.1,526,,
2025-12-18,JOSHI,,302.4,292,292.1,,,41410,12173220.8,283,,
2025-12-18,JSLBB,,1190,1165.2,1183,,,847,994738.4,16,,
2025-12-18,KBL,,186.2,179.5,180.5,,,80055,14423461.8,277,,
2025-12-18,KBSH,,1832.9,1727,1750,,,741,1313711,20,,
2025-12-18,KDL,,874,853.2,869.6,,,1065,919804.5,41,,
2025-12-18,KKHC,,228.8,219.9,221,,,51541,11449331.8,276,,
2025-12-18,KMCDB,,1098,1043,1080,,,13785,14472044.6,121,,
2025-12-18,KPCL,,552.9,543,543.3,,,14552,7959480.4,87,,
2025-12-18,LEC,,199.8,192.3,195,,,86853,16992871.8,213,,
2025-12-18,LICN,,922.9,910.7,918,,,20424,18734813.9,145,,
2025-12-18,LLBS,,973.5,935.9,940,,,1362,1283815.4,35,,
2025-12-18,LSL,,216,211,215,,,74975,16011688.1,211,,
2025-12-18,MABEL,,712,686,697.9,,,29522,20515532.3,712,,
2025-12-18,MAKAR,,575,560,563,,,9554,5401733.5,108,,
2025-12-18,MANDU,,810.1,800,800,,,1822,1463674,78,,
2025-12-18,MATRI,,1012,990.4,995,,,3543,3528253.6,62,,
2025-12-18,MBJC,,285,278,282,,,11784,3321718.9,287,,
2025-12-18,MBL,,219.9,215.6,218.6,,,39801,8661299.5,108,,
2025-12-18,MCHL,,487,475.3,478,,,2828,1350565.6,52,,
2025-12-18,MEHL,,464,450.1,459,,,36588,16722501.3,227,,
2025-12-18,MEL,,279.7,270,270.1,,,59513,16287879.1,398,,
2025-12-18,MEN,,570.6,555,560,,,37279,20795930.9,217,,
2025-12-18,MERO,,748,740.4,743,,,1808,1344960.2,30,,
2025-12-18,MFIL,,711,687.1,687.1,,,122382,85973345.4,523,,
2025-12-18,MHCL,,405.9,393,394,,,7178,2854276.1,116,,
2025-12-18,MHL,,487.9,480.1,480.4,,,14593,7052241.5,114,,
2025-12-18,MHNL,,248.9,245,246.7,,,5413,1331715.4,50,,
2025-12-18,MKCL,,1370,1343,1361,,,5060,6885870,92,,
2025-12-18,MKHC,,387,360.1,369.9,,,22913,8382023.8,165,,
2025-12-18,MKHL,,824.7,786,823,,,7653,6232352,145,,
2025-12-18,MKJC,,531.4,511,516,,,28045,14579561.7,129,,
2025-12-18,MLBBL,,1524,1466.1,1487,,,5347,7873784.5,58,,
2025-12-18,MLBS,,1492,1462,1487.9,,,955,1397867,30,,
2025-12-18,MLBSL,,1998,1950.4,1989,,,640,1259678.4,20,,
2025-12-18,MMKJL,,646,610.7,625,,,30671,19063075.8,199,,
2025-12-18,MPFL,,595,573.3,588.9,,,68094,39937869.5,267,,
2025-12-18,MSHL,,906,890.2,906,,,1051,948857.5,31,,
2025-12-18,MSLB,,1428,1386.1,1399.9,,,5781,8135230,114,,
2025-12-18,NABIL,,504,495.1,499,,,39506,19630075.1,301,,
2025-12-18,NADEP,,792,761,788,,,4174,3256484.3,49,,
2025-12-18,NBL,,241,238.2,239.5,,,23479,5614287.5,129,,
2025-12-18,NESDO,,1526.9,1480,1480.1,,,1435,2134246,40,,
2025-12-18,NFS,,644.8,631,631,,,9768,6201612.9,122,,
2025-12-18,NGPL,,397.3,392.1,392.3,,,275681,108814981.5,702,,
2025-12-18,NHDL,,749,715.3,743.5,,,26157,19284007.2,164,,
2025-12-18,NHPC,,190.8,186.4,187,,,24779,4638538.8,113,,
2025-12-18,NICA,,324,316.6,317,,,64599,20569592.5,281,,
2025-12-18,NICLBSL,,555,544.3,546,,,20393,11173161.6,186,,
2025-12-18,NIFRA,,267,264.1,264.5,,,86190,22872062.6,588,,
2025-12-18,NIMB,,194.9,191.2,191.8,,,41181,7895486,203,,
2025-12-18,NLIC,,840,821,822,,,57039,47277102.2,393,,
2025-12-18,NLICL,,618.3,607,607,,,20245,12407530.1,104,,
2025-12-18,NLO,,254.1,254.1,254.1,,,0,0,0,,
2025-12-18,NMB,,257.1,254.5,255.6,,,110162,28181680.4,269,,
2025-12-18,NMBMF,,690.5,685.3,689,,,2582,1774304.2,29,,
2025-12-18,NMFBS,,1329,1295,1300,,,7646,9983454,67,,
2025-12-18,NMLBBL,,660,646,655.6,,,4299,2785008.5,45,,
2025-12-18,NRIC,,1285,1211,1242,,,36314,45488107.9,304,,
2025-12-18,NRM,,430,421,422,,,26838,11386406.4,227,,
2025-12-18,NRN,,1400,1367,1390,,,31406,43432670,292,,
2025-12-18,NTC,,889.8,877.2,878.7,,,11553,10192184.4,131,,
2025-12-18,NUBL,,760,743,744.8,,,13340,9982340.8,120,,
2025-12-18,NWCL,,805,792,792.1,,,2818,2252536.6,80,,
2025-12-18,NYADI,,380,374,376.3,,,6853,2582191.6,107,,
2025-12-18,OHL,,700,692,694.9,,,3987,2771111,26,,
2025-12-18,OMPL,,1276,1240.1,1243,,,11655,14543998.1,295,,
2025-12-18,PCBL,,252.9,247.3,248.4,,,17618,4375229.3,87,,
2025-12-18,PFL,,375,369,371,,,3005,1112746.7,52,,
2025-12-18,PHCL,,277,265,267.2,,,99104,26616579.6,399,,
2025-12-18,PMHPL,,323,313.6,323,,,39565,12639042.5,148,,
2025-12-18,PMLI,,499,493,493.1,,,12085,5982445.3,214,,
2025-12-18,PPCL,,351.9,334.3,346.6,,,125352,43445858.9,457,,
2025-12-18,PPL,,325,318.1,319.8,,,63677,20433016.6,268,,
2025-12-18,PROFL,,464,452,454,,,8946,4082656.9,54,,
2025-12-18,PRVU,,186,183.3,185,,,73160,13515946,262,,
2025-12-18,PURE,,949,916,918.1,,,38664,35927483.3,436,,
2025-12-18,RADHI,,753,730,748,,,246124,183532358.3,825,,
2025-12-18,RAWA,,720,709,714,,,1935,1376593,41,,
2025-12-18,RFPL,,376,357.7,367,,,72010,26452817.6,351,,
2025-12-18,RHGCL,,255.5,249,250,,,33299,8359053.2,215,,
2025-12-18,RHPL,,275,270.1,272,,,26835,7312719.3,201,,
2025-12-18,RIDI,,224,220.3,221.4,,,57506,12733282.7,178,,
2025-12-18,RLFL,,428,416,417,,,24729,10370936.7,152,,
2025-12-18,RNLI,,500,490,492,,,168885,83642329.9,844,,
2025-12-18,RSDC,,668,640,647.8,,,14456,9390626.7,118,,
2025-12-18,RURU,,725,716.5,722.9,,,9042,6521892.7,78,,
2025-12-18,SAGAR,,1777,1740,1740.3,,,37422,65620505.2,1159,,
2025-12-18,SAHAS,,551.3,543,544,,,47926,26141950.8,358,,
2025-12-18,SAIL,,835,811,814,,,70476,57642742.8,3498,,
2025-12-18,SANIMA,,313,308.4,312,,,26093,8119632.9,114,,
2025-12-18,SANVI,,657,636,642,,,30679,19766210.2,556,,
2025-12-18,SARBTM,,888,862.4,887.4,,,85816,74526138.3,221,,
2025-12-18,SBI,,412,406,411.9,,,112425,46033858.6,335,,
2025-12-18,SBL,,379,355.1,362,,,124241,45207247.8,293,,
2025-12-18,SCB,,628,621,625.4,,,8156,5102959.2,108,,
2025-12-18,SGHC,,412,401.3,406,,,23822,9678777.2,205,,
2025-12-18,SHEL,,289.8,283.5,285,,,72115,20554033.2,334,,
2025-12-18,SHIVM,,587,578.1,581,,,105078,61155922.2,372,,
2025-12-18,SHL,,494.8,486,494.7,,,15109,7386285,83,,
2025-12-18,SHLB,,1700,1675.2,1675.2,,,905,1521100.4,25,,
2025-12-18,SHPC,,532,527,527,,,47201,24990846.9,170,,
2025-12-18,SIFC,,512.8,499.3,499.3,,,13795,6984960.5,84,,
2025-12-18,SIKLES,,568,547,565,,,37047,20645095.8,173,,
2025-12-18,SJCL,,292,283,284.2,,,9952,2860373.9,114,,
2025-12-18,SJLIC,,483,472,477.1,,,93901,44715219.2,438,,
2025-12-18,SKBBL,,893,881.2,892.9,,,14064,12500256.7,151,,
2025-12-18,SLBBL,,932.9,912,930,,,18595,17152387.5,162,,
2025-12-18,SLBSL,,1300,1285.2,1292,,,1748,2264283.8,50,,
2025-12-18,SMATA,,821.1,801.1,805,,,2665,2158071.4,107,,
2025-12-18,SMB,,1995,1981,1985.3,,,595,1181767,30,,
2025-12-18,SMFBS,,1738,1700,1700,,,1112,1892135.1,17,,
2025-12-18,SMH,,780,753,753,,,1077,816280.2,20,,
2025-12-18,SMHL,,698.7,674.3,675.1,,,26936,18215221.7,149,,
2025-12-18,SMJC,,500,490,496,,,11823,5852057.6,180,,
2025-12-18,SMPDA,,900,883.5,897.9,,,2392,2128913.4,49,,
2025-12-18,SNLI,,521.2,511,515,,,191676,98906297.6,1309,,
2025-12-18,SONA,,427,420,420.1,,,21905,9226291.3,495,,
2025-12-18,SPC,,523,495.9,511.9,,,47594,24620819.8,390,,
2025-12-18,SPDL,,423.5,413.4,414.8,,,66953,27808218.2,200,,
2025-12-18,SPHL,,564.6,550,550,,,18647,10388653,132,,
2025-12-18,SPL,,856.5,835.1,835.1,,,1900,1598611,42,,
2025-12-18,SRLI,,409,403,403.5,,,40486,16466696.7,310,,
2025-12-18,SSHL,,166,160.5,160.9,,,65233,10505845.3,327,,
2025-12-18,STC,,5400,5300,5400,,,1682,9041595,43,,
2025-12-18,SWASTIK,,3097.1,2815.6,3097.1,,,6010,18605237,581,,
2025-12-18,SWBBL,,791.7,778.2,780.2,,,3435,2679655.3,47,,
2025-12-18,SWMF,,698,681.2,692.9,,,2576,1771034.2,45,,
2025-12-18,SYPNL,,622.6,577.2,622.6,,,1070,664611,107,,
2025-12-18,TAMOR,,466,456.1,461,,,13574,6227560.3,193,,
2025-12-18,TPC,,360.5,350,350,,,71869,25551093.7,289,,
2025-12-18,TRH,,720,704,718,,,4702,3359287.3,54,,
2025-12-18,TSHL,,750.5,725,725,,,6080,4453590.5,90,,
2025-12-18,TTL,,779,766,767,,,42367,32710087.7,858,,
2025-12-18,TVCL,,414.9,410,410,,,11722,4819132.5,137,,
2025-12-18,UHEWA,,601,590,594,,,13532,8054349.9,136,,
2025-12-18,ULBSL,,3480,3410.2,3474,,,1153,3946367.6,39,,
2025-12-18,ULHC,,471.8,462,469.4,,,8381,3911567.7,141,,
2025-12-18,UMHL,,626,558.6,570,,,42676,24323278.5,212,,
2025-12-18,UMRH,,560.9,548.1,555,,,7444,4143302.1,40,,
2025-12-18,UNHPL,,514.9,492,495,,,144514,72005882.2,438,,
2025-12-18,UNL,,47190,46500,47190,,,80,3732900,5,,
2025-12-18,UNLB,,1940,1922,1922,,,285,550717,10,,
2025-12-18,UPCL,,372.8,363,368,,,110284,40459463.8,391,,
2025-12-18,UPPER,,178,174.1,174.8,,,38732,6772514.2,314,,
2025-12-18,USHEC,,476,465.1,466.5,,,14280,6681795.6,125,,
2025-12-18,USHL,,933,850,891.4,,,34716,30461707.6,295,,
2025-12-18,USLB,,1518,1495,1500,,,4059,6095769,99,,
2025-12-18,VLBS,,780,765.1,765.3,,,3582,2755499.6,37,,
2025-12-18,VLUCL,,590,571,579,,,9221,5322818.5,149,,
2025-12-21,ACLBSL,,930,910,911,,,3201,2939570.5,66,,
2025-12-21,ADBL,,291,287.2,289.8,,,27646,7969548.3,178,,
2025-12-21,AHL,,570,556,557,,,9937,5605827,153,,
2025-12-21,AHPC,,278.9,275.8,275.9,,,55253,15302862.3,266,,
2025-12-21,AKJCL,,187.9,180.4,186.9,,,118955,21997234.1,297,,
2025-12-21,AKPL,,243.5,240.5,241,,,77722,18788575.4,200,,
2025-12-21,ALBSL,,1125,1086.9,1111,,,20743,22874173.5,151,,
2025-12-21,ALICL,,467,459.1,461.6,,,48010,22149661.7,368,,
2025-12-21,ANLB,,6100,6044.9,6100,,,55,333291.1,8,,
2025-12-21,API,,288.8,285,288,,,99202,28469182.6,231,,
2025-12-21,AVYAN,,960,940,945,,,1912,1819093.7,44,,
2025-12-21,BANDIPUR,,765,745.1,746.5,,,88188,66350076.2,3071,,
2025-12-21,BARUN,,321,313.1,313.1,,,59934,18870381.4,292,,
2025-12-21,BBC,,4873,4790.1,4820.1,,,291,1404670,25,,
2025-12-21,BEDC,,541,530,530,,,7954,4256150.5,105,,
2025-12-21,BFC,,461.9,453,455.5,,,12734,5802841.4,94,,
2025-12-21,BGWT,,775,761.1,774.9,,,2497,1922239.2,44,,
2025-12-21,BHCL,,489.6,468,475.9,,,79997,37896731.3,1159,,
2025-12-21,BHDC,,484,477,477.6,,,23458,11285868.2,141,,
2025-12-21,BHL,,179,175.1,177,,,62279,10954062.5,316,,
2025-12-21,BHPL,,555,530,550,,,221939,119071785.6,603,,
2025-12-21,BNHC,,440,436.1,438.1,,,3773,1652053.5,57,,
2025-12-21,BNL,,15600,15600,15600,,,0,0,0,,
2025-12-21,BNT,,11985,11750,11856,,,98,1162269.5,9,,
2025-12-21,BPCL,,747,711.2,715.8,,,91853,66259104.7,397,,
2025-12-21,BUNGAL,,630,610.2,620,,,58542,36358897.9,1042,,
2025-12-21,CBBL,,1039.9,1018.6,1019,,,22264,22810466.3,265,,
2025-12-21,CFCL,,476,466.1,470,,,5214,2451071.2,47,,
2025-12-21,CGH,,908,886,886.1,,,11976,10671120,180,,
2025-12-21,CHCL,,492,488.6,490.9,,,24182,11841775,194,,
2025-12-21,CHDC,,2250,2202.2,2235,,,23877,53153674,210,,
2025-12-21,CHL,,256.7,249.5,253.9,,,31969,8076500.1,173,,
2025-12-21,CIT,,1855,1836.1,1837,,,8279,15221138,157,,
2025-12-21,CITY,,485,471.4,473.3,,,21280,10152377.5,228,,
2025-12-21,CKHL,,673,643.1,650,,,17393,11376075.7,132,,
2025-12-21,CLI,,523,513.5,516,,,123345,63808480.7,850,,
2025-12-21,CREST,,1230,1195,1214,,,11718,14140257.8,377,,
2025-12-21,CYCL,,1598,1509.2,1570,,,6728,10443511.1,149,,
2025-12-21,CZBIL,,190,187.2,190,,,26374,4987209.5,92,,
2025-12-21,DDBL,,873,855.6,872,,,9241,7995825.6,96,,
2025-12-21,DHEL,,573.9,556,559.2,,,34872,19686825.2,1130,,
2025-12-21,DHPL,,294,289,289,,,14930,4329679.4,79,,
2025-12-21,DLBS,,1345,1296,1340,,,418,550660,29,,
2025-12-21,DOLTI,,520,512,515,,,4335,2227621.5,87,,
2025-12-21,DORDI,,256.1,250,250,,,81751,20585947.5,285,,
2025-12-21,EBL,,660,647.1,652,,,20227,13233405.5,133,,
2025-12-21,EHPL,,412,400,401.1,,,30336,12287509,204,,
2025-12-21,ENL,,896,874,894,,,1538,1355862,26,,
2025-12-21,FMDBL,,785,765,765,,,21785,16812016.7,149,,
2025-12-21,FOWAD,,1088,1065,1087.9,,,1483,1591197,40,,
2025-12-21,GBIME,,228,225,225.9,,,65870,14877645.3,307,,
2025-12-21,GBLBS,,780,780,780,,,0,0,0,,
2025-12-21,GCIL,,409.8,403.1,406,,,13831,5611105.9,254,,
2025-12-21,GFCL,,581.2,566.3,570,,,19831,11321288.3,119,,
2025-12-21,GHL,,210,206.6,208,,,23099,4808161.1,118,,
2025-12-21,GILB,,1235,1166.3,1187.9,,,17200,20443620.1,196,,
2025-12-21,GLBSL,,1910,1895,1910,,,269,510350.7,21,,
2025-12-21,GLH,,247.9,243,244,,,40047,9777402.2,241,,
2025-12-21,GMFBS,,1497.9,1475,1497.9,,,542,803805.7,18,,
2025-12-21,GMFIL,,462.9,446,448.8,,,43410,19653449,241,,
2025-12-21,GMLI,,1750,1726,1731.2,,,1398,2434456.6,99,,
2025-12-21,GUFL,,500,490.2,495,,,2387,1182068,29,,
2025-12-21,GVL,,525,518,519,,,22823,11855942.6,185,,
2025-12-21,HATHY,,909,890,896,,,9962,8945801.7,184,,
2025-12-21,HBL,,191.6,186.5,187.1,,,69777,13084856,1799,,
2025-12-21,HDHPC,,177.4,174,175,,,66930,11724813.1,205,,
2025-12-21,HDL,,1158,1140.2,1146,,,28304,32422333.2,408,,
2025-12-21,HHL,,327,318.2,322,,,21580,6976165.7,139,,
2025-12-21,HIDCL,,265.5,261.1,263,,,137022,36149234.7,330,,
2025-12-21,HIMSTAR,,873,831.1,840,,,14274,12046411.8,349,,
2025-12-21,HLBSL,,927,915.3,927,,,210,192955,14,,
2025-12-21,HLI,,375,370.4,371,,,44132,16413676.9,366,,
2025-12-21,HPPL,,468.4,461.1,465.4,,,51507,23956660.5,223,,
2025-12-21,HRL,,847,815,818,,,103517,85098801.5,1060,,
2025-12-21,HURJA,,222,218.1,219,,,34050,7479526.6,125,,
2025-12-21,ICFC,,624,616.1,624,,,20301,12547302.1,98,,
2025-12-21,IHL,,619.8,594.5,605,,,40395,24472859.1,359,,
2025-12-21,ILBS,,963.8,940.1,945.6,,,7336,6940838.6,74,,
2025-12-21,ILI,,456.9,448.4,449.3,,,24798,11201776.7,435,,
2025-12-21,JBLB,,1438,1400,1425,,,12603,17811907.7,247,,
2025-12-21,JFL,,416.9,411.2,414.7,,,7723,3197007.2,86,,
2025-12-21,JHAPA,,1259,1221,1245,,,17532,21692465.9,614,,
2025-12-21,JOSHI,,290,275.2,280.9,,,124736,35236417.7,619,,
2025-12-21,JSLBB,,1205.8,1160,1180,,,1403,1653494.8,17,,
2025-12-21,KBL,,181,178,178.4,,,88069,15754887,313,,
2025-12-21,KBSH,,1805,1766.1,1799,,,277,491560.1,11,,
2025-12-21,KDL,,860,854,855.5,,,1943,1663230,47,,
2025-12-21,KKHC,,221,215.5,216,,,46815,10176328,268,,
2025-12-21,KMCDB,,1070,1016,1034.9,,,18200,18810812.5,183,,
2025-12-21,KPCL,,545,538,542,,,17020,9196898.1,77,,
2025-12-21,LEC,,197,193.1,194,,,66019,12829501.7,180,,
2025-12-21,LICN,,935.8,890.6,890.7,,,28902,26029464.9,226,,
2025-12-21,LLBS,,992.4,925,992.4,,,495,460777.1,24,,
2025-12-21,LSL,,215.9,211,211.5,,,43180,9150867.4,137,,
2025-12-21,MABEL,,711.7,676.4,688,,,17851,12197005.1,591,,
2025-12-21,MAKAR,,562,550.1,558,,,2742,1519190.2,70,,
2025-12-21,MANDU,,800,790,792.9,,,660,523561,38,,
2025-12-21,MATRI,,997.8,961.1,979,,,1834,1795108.3,41,,
2025-12-21,MBJC,,285,276.4,280.4,,,17090,4793361.6,287,,
2025-12-21,MBL,,217.7,215.2,216.2,,,32206,6976111.5,104,,
2025-12-21,MCHL,,475,463,471,,,3998,1875386.1,74,,
2025-12-21,MEHL,,451.1,426.5,439,,,45801,20105213.6,253,,
2025-12-21,MEL,,275,255,265,,,52774,13993928.7,361,,
2025-12-21,MEN,,569.9,546,562.7,,,63115,35629982.6,340,,
2025-12-21,MERO,,750,729,730,,,15161,11143559.4,86,,
2025-12-21,MFIL,,688,673.4,676.7,,,94389,64194424.6,402,,
2025-12-21,MHCL,,398,388,388,,,10482,4107809.5,102,,
2025-12-21,MHL,,488,478.1,479.1,,,9395,4504426.9,80,,
2025-12-21,MHNL,,250,242,245.7,,,14235,3462804.3,75,,
2025-12-21,MKCL,,1380,1357,1360,,,5697,7790126.5,105,,
2025-12-21,MKHC,,366.7,361.2,361.6,,,6585,2388707.7,81,,
2025-12-21,MKHL,,823.9,777,809.9,,,2743,2191048.5,77,,
2025-12-21,MKJC,,522,506,520,,,21133,10881334.7,99,,
2025-12-21,MLBBL,,1516.7,1476,1488,,,3445,5122235.7,90,,
2025-12-21,MLBS,,1609,1470,1609,,,759,1144189,39,,
2025-12-21,MLBSL,,2015,1950,1971,,,708,1382682.5,19,,
2025-12-21,MMKJL,,625,600,603.5,,,21264,12974224.6,199,,
2025-12-21,MPFL,,585,564,564.6,,,33482,19128126.2,161,,
2025-12-21,MSHL,,914,896.1,907.9,,,830,751723,45,,
2025-12-21,MSLB,,1390,1347.5,1372,,,12904,17643126.8,201,,
2025-12-21,NABIL,,504.4,493,497,,,24230,12035693.7,322,,
2025-12-21,NADEP,,800,760,800,,,3351,2597527.1,46,,
2025-12-21,NBL,,239,236.2,239,,,54753,12983824.2,261,,
2025-12-21,NESDO,,1500,1451.1,1500,,,997,1467869.8,32,,
2025-12-21,NFS,,630.6,618,623.5,,,10794,6713357.6,139,,
2025-12-21,NGPL,,395,385,393,,,220361,86357888.3,628,,
2025-12-21,NHDL,,773,727,729.9,,,35697,26432053.8,165,,
2025-12-21,NHPC,,188,184,185,,,41269,7670297.9,130,,
2025-12-21,NICA,,320,315.2,317,,,26822,8519141.3,209,,
2025-12-21,NICLBSL,,547,540,546,,,12230,6631228.4,130,,
2025-12-21,NIFRA,,265,263,263.1,,,99635,26252837.2,580,,
2025-12-21,NIMB,,193.9,190,190.2,,,57982,11080933.5,223,,
2025-12-21,NLIC,,827,815,817.5,,,127527,104279687.5,751,,
2025-12-21,NLICL,,610,595.2,605,,,9247,5579525.35,72,,
2025-12-21,NLO,,254.1,254.1,254.1,,,0,0,0,,
2025-12-21,NMB,,257.29,254,255.1,,,68744,17516884,218,,
2025-12-21,NMBMF,,692,675.3,688,,,2654,1805388.3,33,,
2025-12-21,NMFBS,,1315,1276.1,1288,,,7801,9988708.5,45,,
2025-12-21,NMLBBL,,665,633,645,,,6365,4085010.3,66,,
2025-12-21,NRIC,,1251.9,1230.2,1239.4,,,34538,42833631.3,312,,
2025-12-21,NRM,,431,415.5,420.9,,,20610,8753092.2,230,,
2025-12-21,NRN,,1390,1361.1,1371,,,20179,27614832.6,165,,
2025-12-21,NTC,,882,873,879.9,,,10140,8901848,137,,
2025-12-21,NUBL,,744,730,730,,,10919,8002608.1,83,,
2025-12-21,NWCL,,792.1,777,785,,,2251,1756349.2,69,,
2025-12-21,NYADI,,383,370.3,374.9,,,4831,1810263,81,,
2025-12-21,OHL,,695,686.3,690,,,2191,1510761.6,30,,
2025-12-21,OMPL,,1243,1205.6,1219,,,9665,11769655.3,287,,
2025-12-21,PCBL,,254,251,252.8,,,97091,24521170.8,385,,
2025-12-21,PFL,,372,363.7,366.5,,,4855,1781297.2,65,,
2025-12-21,PHCL,,278.4,266.1,277,,,161103,44045539.3,693,,
2025-12-21,PMHPL,,328,313,315.1,,,20300,6451367.3,96,,
2025-12-21,PMLI,,494,485.5,486.3,,,6979,3405370.4,170,,
2025-12-21,PPCL,,346,336.3,337,,,26705,9079945.1,116,,
2025-12-21,PPL,,324,309,313.8,,,55719,17504668.3,298,,
2025-12-21,PROFL,,453,441,445,,,17271,7682103.9,121,,
2025-12-21,PRVU,,185.7,182.5,182.9,,,73901,13561029.9,310,,
2025-12-21,PURE,,920,880.2,904.9,,,43491,39279883,446,,
2025-12-21,RADHI,,750,733.3,735,,,105447,77954751.3,361,,
2025-12-21,RAWA,,713.9,709,713.9,,,1511,1072725.9,30,,
2025-12-21,RFPL,,366,348,354,,,228290,81481438.3,996,,
2025-12-21,RHGCL,,250,242,244,,,32279,7895664,212,,
2025-12-21,RHPL,,272.5,267.2,270,,,28500,7664122.3,177,,
2025-12-21,RIDI,,222.9,220,221,,,44139,9719976.5,139,,
2025-12-21,RLFL,,419,411.6,414.9,,,12293,5083829.6,82,,
2025-12-21,RNLI,,490.2,475,478,,,92451,44413895.8,764,,
2025-12-21,RSDC,,652,633.2,634,,,7961,5088028.9,88,,
2025-12-21,RURU,,737,720,727.9,,,15178,11042647.5,156,,
2025-12-21,SAGAR,,1740,1670,1680.2,,,48656,82956336.7,1738,,
2025-12-21,SAHAS,,551,540,549.1,,,85176,46674245.6,514,,
2025-12-21,SAIL,,829.9,800,800,,,65040,52279278,3925,,
2025-12-21,SANIMA,,311,308,309,,,21496,6656282,154,,
2025-12-21,SANVI,,640,627,635,,,34781,21958255.9,555,,
2025-12-21,SARBTM,,886.9,871,884,,,8968,7874074.2,79,,
2025-12-21,SBI,,392,382,389,,,34598,13368278.9,171,,
2025-12-21,SBL,,366,355,360,,,132362,47982801.8,266,,
2025-12-21,SCB,,629.8,624,627,,,14748,9241718.7,100,,
2025-12-21,SGHC,,401,391,393,,,21450,8462196.8,150,,
2025-12-21,SHEL,,290,281,285,,,155260,43960445.1,483,,
2025-12-21,SHIVM,,582.7,569.4,582.7,,,84147,48669001.8,520,,
2025-12-21,SHL,,493,480,486,,,9156,4450123,41,,
2025-12-21,SHLB,,1694,1660,1671,,,315,527485.5,22,,
2025-12-21,SHPC,,529.9,521.5,523.9,,,49148,25756874,152,,
2025-12-21,SIFC,,505.1,490,494,,,3161,1565120.9,54,,
2025-12-21,SIKLES,,565.9,555,556.9,,,17457,9776552.4,139,,
2025-12-21,SJCL,,287,282.1,285.5,,,16121,4582930.4,124,,
2025-12-21,SJLIC,,486.6,455,456,,,184799,85246662.3,554,,
2025-12-21,SKBBL,,899,885.3,892,,,15419,13708191.2,172,,
2025-12-21,SLBBL,,944.9,920.1,924,,,26736,24894336.9,279,,
2025-12-21,SLBSL,,1304,1282,1293,,,1113,1435582.6,30,,
2025-12-21,SMATA,,805,790.5,793,,,4102,3257555,88,,
2025-12-21,SMB,,1990,1950.1,1952,,,3843,7521484.1,94,,
2025-12-21,SMFBS,,1710,1679,1700,,,1052,1778565.6,25,,
2025-12-21,SMH,,756,742.2,755,,,570,428645,21,,
2025-12-21,SMHL,,680,639.3,642,,,34495,22507362.6,197,,
2025-12-21,SMJC,,504,493.9,495.1,,,5931,2953376.1,126,,
2025-12-21,SMPDA,,896.9,882.1,895,,,2645,2349272.6,65,,
2025-12-21,SNLI,,515.2,506.5,508,,,223773,114053286.2,1199,,
2025-12-21,SONA,,420.1,416,418,,,24090,10067145,398,,
2025-12-21,SPC,,537,510,533,,,100708,52656400.1,565,,
2025-12-21,SPDL,,419.9,413,415.8,,,141734,59023804.2,349,,
2025-12-21,SPHL,,561,540,545,,,9069,4957132,66,,
2025-12-21,SPL,,836.5,820,820,,,2508,2078360,40,,
2025-12-21,SRLI,,407,394.6,396,,,52094,20779787.9,374,,
2025-12-21,SSHL,,157.7,151.6,155,,,483593,75001800.4,1499,,
2025-12-21,STC,,5399,5312.1,5399,,,1445,7778521,30,,
2025-12-21,SWASTIK,,3400,2860.2,2900,,,44290,130528728.1,4080,,
2025-12-21,SWBBL,,785,770.7,785,,,2439,1894023.8,34,,
2025-12-21,SWMF,,679.1,666,674.5,,,7477,5008251.3,88,,
2025-12-21,SYPNL,,684.8,635,684.8,,,1840,1258313,184,,
2025-12-21,TAMOR,,470.2,451,453.4,,,7275,3303888.8,167,,
2025-12-21,TPC,,378.7,345,378.7,,,80767,28443679.5,280,,
2025-12-21,TRH,,718,700,710,,,4237,2988782.5,30,,
2025-12-21,TSHL,,730,711,715,,,4851,3470234.9,65,,
2025-12-21,TTL,,764.8,740,748,,,60277,45233093.5,915,,
2025-12-21,TVCL,,410,395,398.4,,,9793,3921921.8,106,,
2025-12-21,UHEWA,,597,583.1,588.9,,,11069,6531634.7,97,,
2025-12-21,ULBSL,,3450,3387.1,3450,,,1401,4768975,21,,
2025-12-21,ULHC,,468,455,460,,,7255,3328926.9,119,,
2025-12-21,UMHL,,569.9,560,567,,,40379,22712679.3,168,,
2025-12-21,UMRH,,559.9,542,544.5,,,31848,17408540.5,68,,
2025-12-21,UNHPL,,498.7,485.3,487.1,,,96413,47324268.3,267,,
2025-12-21,UNL,,47190,47190,47190,,,0,0,0,,
2025-12-21,UNLB,,1921,1897,1910,,,274,520286,15,,
2025-12-21,UPCL,,370.7,362.1,363.9,,,79728,29001724.1,286,,
2025-12-21,UPPER,,176,174.1,174.1,,,56818,9920707.4,300,,
2025-12-21,USHEC,,474.3,463,464,,,7360,3418334.8,107,,
2025-12-21,USHL,,890,825,825,,,13694,11536145.5,141,,
2025-12-21,USLB,,1526.8,1438,1490,,,6379,9426804.6,135,,
2025-12-21,VLBS,,769,756,767,,,581,444305.4,14,,
2025-12-21,VLUCL,,575,560.1,568,,,7435,4202125.2,119,,
2025-12-22,ACLBSL,,911,903.1,911,,,2095,1898461.3,49,,
2025-12-22,ADBL,,290,286,288.8,,,20208,5801029.3,165,,
2025-12-22,AHL,,557,545.1,550.2,,,12467,6851817.9,114,,
2025-12-22,AHPC,,281,272,272.6,,,76466,20877250.2,313,,
2025-12-22,AKJCL,,190.6,183.4,184,,,30365,5632711.1,144,,
2025-12-22,AKPL,,245,239.5,242.9,,,102466,24754032.4,223,,
2025-12-22,ALBSL,,1115,1088.8,1115,,,20438,22598709.5,171,,
2025-12-22,ALICL,,462.8,454.1,456.9,,,38895,17795637.2,254,,
2025-12-22,ANLB,,6100,6000,6098,,,100,606127.8,13,,
2025-12-22,API,,293,284,286,,,79278,22658615.6,249,,
2025-12-22,AVYAN,,940,929,929,,,2429,2264793,59,,
2025-12-22,BANDIPUR,,746,725.5,728.6,,,84838,62162453.7,3240,,
2025-12-22,BARUN,,314.9,310.2,312,,,79267,24736343.5,349,,
2025-12-22,BBC,,4865.7,4811,4850,,,80,386323,7,,
2025-12-22,BEDC,,540,520,523,,,10742,5629744,111,,
2025-12-22,BFC,,458.7,452.5,454,,,9732,4430816.9,71,,
2025-12-22,BGWT,,777,750,777,,,1406,1071389.5,42,,
2025-12-22,BHCL,,490,467.5,489,,,46456,22326506.1,979,,
2025-12-22,BHDC,,482.8,468.1,476.1,,,17286,8272485.3,133,,
2025-12-22,BHL,,177,174.1,174.9,,,52785,9234280.3,300,,
2025-12-22,BHPL,,542,526,530,,,101109,53773928.9,494,,
2025-12-22,BNHC,,437.8,433,436,,,4717,2052209,66,,
2025-12-22,BNL,,16009,15594,15594,,,60,943939,6,,
2025-12-22,BNT,,11930,11827,11900,,,94,1118665,10,,
2025-12-22,BPCL,,714,705,710,,,61921,43923135.2,253,,
2025-12-22,BUNGAL,,632.4,598.1,600,,,60902,36960305,1005,,
2025-12-22,CBBL,,1025,1015.5,1018.9,,,14427,14693484.1,170,,
2025-12-22,CFCL,,473.4,460.6,469,,,10056,4706712.5,60,,
2025-12-22,CGH,,890,880,882.2,,,17055,15054216.3,141,,
2025-12-22,CHCL,,495,488.5,491,,,22456,11007310.1,156,,
2025-12-22,CHDC,,2233.7,2191,2220,,,11790,26114399.3,140,,
2025-12-22,CHL,,254,249,250,,,31283,7837263.8,147,,
2025-12-22,CIT,,1840,1801.1,1825,,,11585,21056627.4,303,,
2025-12-22,CITY,,479.4,464,470,,,6808,3203830.1,143,,
2025-12-22,CKHL,,651,623.4,640,,,9536,6043496.1,101,,
2025-12-22,CLI,,522,512.2,519,,,137877,71234523.1,1033,,
2025-12-22,CREST,,1214.9,1191.4,1198,,,8009,9606826.4,245,,
2025-12-22,CYCL,,1662.6,1510.5,1662.6,,,5704,8893769,118,,
2025-12-22,CZBIL,,190.5,187.4,190.5,,,15876,2998372.9,84,,
2025-12-22,DDBL,,875,859,870,,,7284,6344891,74,,
2025-12-22,DHEL,,567.9,547,554.9,,,37623,20824463.7,1289,,
2025-12-22,DHPL,,291,285.2,288,,,2245,644566.2,27,,
2025-12-22,DLBS,,1320,1300,1320,,,987,1294264.2,19,,
2025-12-22,DOLTI,,518.1,508,510.5,,,1602,817678.2,57,,
2025-12-22,DORDI,,252,248.1,249.2,,,45071,11298289.8,220,,
2025-12-22,EBL,,652,645,646.5,,,19469,12591215.5,172,,
2025-12-22,EHPL,,402.5,393,394,,,45829,18134843.8,293,,
2025-12-22,ENL,,887,877,887,,,153,134409,10,,
2025-12-22,FMDBL,,777,767.2,771.4,,,12114,9363895.2,96,,
2025-12-22,FOWAD,,1080,1067,1080,,,676,722443.2,35,,
2025-12-22,GBIME,,226.5,224.1,224.5,,,52274,11764211.3,219,,
2025-12-22,GBLBS,,780,780,780,,,0,0,0,,
2025-12-22,GCIL,,409,403.3,407,,,10960,4435121,178,,
2025-12-22,GFCL,,581.4,560,569,,,17335,9790749.6,95,,
2025-12-22,GHL,,208.1,205.4,207.9,,,35343,7301074.8,142,,
2025-12-22,GILB,,1200,1162,1180,,,3647,4274415,50,,
2025-12-22,GLBSL,,1900,1875,1880,,,460,865745,18,,
2025-12-22,GLH,,245,242,243.7,,,20910,5070764.7,147,,
2025-12-22,GMFBS,,1525,1471.8,1518,,,219,326973.6,12,,
2025-12-22,GMFIL,,455.9,443.4,449.9,,,27491,12359788.3,182,,
2025-12-22,GMLI,,1717,1700.1,1706.3,,,3917,6696058,124,,
2025-12-22,GUFL,,494,486.1,487.1,,,7081,3463056.7,65,,
2025-12-22,GVL,,520,513,518,,,20159,10420754.1,159,,
2025-12-22,HATHY,,900.9,888,890,,,5478,4881841.2,126,,
2025-12-22,HBL,,187.9,186,187.1,,,47707,8901628.9,1645,,
2025-12-22,HDHPC,,175,173,174,,,39728,6903587.9,161,,
2025-12-22,HDL,,1148.5,1138,1139,,,23952,27307890,371,,
2025-12-22,HHL,,325,318,321,,,14238,4580033.6,126,,
2025-12-22,HIDCL,,268.2,258,259,,,111105,28858315.7,375,,
2025-12-22,HIMSTAR,,840,803.1,803.1,,,22903,18846905.9,380,,
2025-12-22,HLBSL,,929,909,928,,,1275,1176603.5,24,,
2025-12-22,HLI,,371.4,365,366.6,,,39500,14531694.8,363,,
2025-12-22,HPPL,,484,465,481.8,,,152778,72945689.1,673,,
2025-12-22,HRL,,835,801.7,814,,,71060,58005723.1,912,,
2025-12-22,HURJA,,220,216,218,,,32430,7038902.5,131,,
2025-12-22,ICFC,,636,617.6,620,,,12930,8063863.3,68,,
2025-12-22,IHL,,628,588,604,,,30945,18463784.7,281,,
2025-12-22,ILBS,,945,915.4,926.7,,,8841,8152840.1,102,,
2025-12-22,ILI,,452,443.1,443.5,,,23793,10619918,405,,
2025-12-22,JBLB,,1420,1385,1408,,,7372,10302541.6,163,,
2025-12-22,JFL,,418,405,408,,,15070,6169815.7,99,,
2025-12-22,JHAPA,,1240,1220.2,1240,,,9574,11756735.4,525,,
2025-12-22,JOSHI,,284.5,275.6,276,,,60075,16667302.9,324,,
2025-12-22,JSLBB,,1179,1133.9,1177,,,137,158871,9,,
2025-12-22,KBL,,179.6,177.6,178.2,,,70572,12558056.5,300,,
2025-12-22,KBSH,,1800,1750,1765,,,442,781938.5,16,,
2025-12-22,KDL,,860,845.1,845.1,,,3284,2800705.2,52,,
2025-12-22,KKHC,,218,211.7,212,,,34972,7490169.9,229,,
2025-12-22,KMCDB,,1075.6,1000.7,1039,,,9776,10020797.1,114,,
2025-12-22,KPCL,,546.8,534,534,,,19079,10271898,119,,
2025-12-22,LEC,,199,191.2,195,,,125454,24497138.4,248,,
2025-12-22,LICN,,898.6,880,885.2,,,8618,7634191.3,106,,
2025-12-22,LLBS,,972.6,937,937,,,148,143386.4,8,,
2025-12-22,LSL,,215,208.4,213.1,,,45434,9558172,169,,
2025-12-22,MABEL,,715,671.1,698.7,,,32693,22616689.5,740,,
2025-12-22,MAKAR,,551,539,544.5,,,5439,2960388.8,60,,
2025-12-22,MANDU,,800,784.1,790,,,3955,3133973.8,44,,
2025-12-22,MATRI,,979.2,960,979.2,,,610,587194.6,27,,
2025-12-22,MBJC,,283,278.8,280,,,23728,6637102.1,337,,
2025-12-22,MBL,,217,214,215,,,28614,6150417.6,96,,
2025-12-22,MCHL,,464,456,456.1,,,5743,2635958.9,70,,
2025-12-22,MEHL,,440,425.2,430,,,34160,14639545.8,199,,
2025-12-22,MEL,,267,261.1,264,,,17209,4529707.4,238,,
2025-12-22,MEN,,570.09,558,560.1,,,49725,28034171.91,257,,
2025-12-22,MERO,,757.8,730,743.5,,,37146,27384614.4,100,,
2025-12-22,MFIL,,698,663.5,693,,,108058,73940971,391,,
2025-12-22,MHCL,,402.9,385,388.5,,,2785,1083840.9,70,,
2025-12-22,MHL,,477,473.1,475.5,,,8373,3979506.3,85,,
2025-12-22,MHNL,,243.9,240,242.9,,,9646,2332872.9,62,,
2025-12-22,MKCL,,1370,1345,1357.2,,,1838,2493777.6,57,,
2025-12-22,MKHC,,367.6,350.5,364.9,,,10081,3638731.8,137,,
2025-12-22,MKHL,,800,779.1,800,,,1805,1424390,50,,
2025-12-22,MKJC,,527.9,508.4,510.7,,,19302,9893162.2,80,,
2025-12-22,MLBBL,,1512.9,1469.1,1485.9,,,4817,7157761.8,65,,
2025-12-22,MLBS,,1576.9,1456,1499,,,3019,4480302.4,64,,
2025-12-22,MLBSL,,1989,1940,1946,,,319,621134.8,16,,
2025-12-22,MMKJL,,609.6,585.1,585.2,,,28318,16742312.5,215,,
2025-12-22,MPFL,,575,554,566,,,49244,27742184.5,127,,
2025-12-22,MSHL,,912,896.2,896.2,,,1625,1461845.9,49,,
2025-12-22,MSLB,,1398,1338.9,1371,,,3010,4076484.5,84,,
2025-12-22,NABIL,,500,492,497.1,,,36711,18260463,331,,
2025-12-22,NADEP,,794,761.1,794,,,3402,2649177.8,33,,
2025-12-22,NBL,,241,236.2,238,,,23096,5474541.3,145,,
2025-12-22,NESDO,,1470,1444.2,1451,,,2073,3011530.5,56,,
2025-12-22,NFS,,625,612.9,614,,,13704,8441385.4,173,,
2025-12-22,NGPL,,393,388,389.6,,,150955,58822122.9,499,,
2025-12-22,NHDL,,688,662,674,,,11833,7949278.9,88,,
2025-12-22,NHPC,,185,183,183.9,,,13364,2452306,88,,
2025-12-22,NICA,,319,310,315.4,,,62478,19643115,255,,
2025-12-22,NICLBSL,,550.8,535.5,550.8,,,7320,3971924.9,110,,
2025-12-22,NIFRA,,266,260.2,261,,,80923,21158737.2,528,,
2025-12-22,NIMB,,194,188,189.7,,,90967,17216503.8,326,,
2025-12-22,NLIC,,778,760.5,760.8,,,63866,48868508.1,501,,
2025-12-22,NLICL,,607,600,602.6,,,13652,8239121.5,79,,
2025-12-22,NLO,,254.1,254.1,254.1,,,0,0,0,,
2025-12-22,NMB,,260,253.5,253.6,,,77228,19644289.5,225,,
2025-12-22,NMBMF,,685,676.4,685,,,1387,941575,22,,
2025-12-22,NMFBS,,1290,1267,1275,,,2795,3561895.5,29,,
2025-12-22,NMLBBL,,642,629,642,,,6401,4057926.2,77,,
2025-12-22,NRIC,,1244.9,1223,1225,,,18545,22800086,250,,
2025-12-22,NRM,,425,415.1,416.2,,,8545,3579224.1,147,,
2025-12-22,NRN,,1364,1340,1341.1,,,18778,25313029,194,,
2025-12-22,NTC,,880,875,875,,,9374,8217145.7,151,,
2025-12-22,NUBL,,735,725,731,,,8203,5980533.9,38,,
2025-12-22,NWCL,,785,767,778.5,,,4148,3197937.3,84,,
2025-12-22,NYADI,,377,370,371.6,,,6695,2496685.7,71,,
2025-12-22,OHL,,699.9,683,698.9,,,4950,3403567,36,,
2025-12-22,OMPL,,1238.5,1200.2,1224,,,10641,12876883.8,322,,
2025-12-22,PCBL,,253,250.3,251.1,,,52282,13162234.6,211,,
2025-12-22,PFL,,373.8,363.5,365,,,8396,3070901,57,,
2025-12-22,PHCL,,277.9,271.5,273.9,,,85598,23431292.4,342,,
2025-12-22,PMHPL,,318,312.1,314.3,,,12896,4070874.7,85,,
2025-12-22,PMLI,,485,480,481,,,8303,3993002.7,149,,
2025-12-22,PPCL,,340,331.1,335.9,,,24594,8227701.4,116,,
2025-12-22,PPL,,319.9,306,310,,,67739,21080332.7,278,,
2025-12-22,PROFL,,445,437,438.2,,,4688,2059693,40,,
2025-12-22,PRVU,,183.5,181.6,182.1,,,88453,16103806.7,290,,
2025-12-22,PURE,,958,869.2,958,,,32879,29194456.6,397,,
2025-12-22,RADHI,,740,721,725,,,77381,56204313.2,258,,
2025-12-22,RAWA,,721.9,699.7,709,,,919,654305.9,33,,
2025-12-22,RFPL,,355,347,347.6,,,128516,44925241.2,611,,
2025-12-22,RHGCL,,244,241,242.8,,,29863,7247338.3,164,,
2025-12-22,RHPL,,270,265.6,266.2,,,26695,7127090.8,163,,
2025-12-22,RIDI,,221,218.3,218.9,,,23811,5212782.9,113,,
2025-12-22,RLFL,,414,409.1,411,,,7942,3265410.4,69,,
2025-12-22,RNLI,,475,467,467.5,,,86615,40723466.6,628,,
2025-12-22,RSDC,,646.5,625.3,629.9,,,3795,2383288.6,59,,
2025-12-22,RURU,,734,718,729.9,,,7089,5123757.6,88,,
2025-12-22,SAGAR,,1679.9,1652.1,1676.1,,,33929,56490001.1,1612,,
2025-12-22,SAHAS,,550,543.4,543.8,,,50703,27634632.6,317,,
2025-12-22,SAIL,,816,780.1,782,,,57231,44910383.6,3373,,
2025-12-22,SANIMA,,310,306.5,309,,,37365,11502453.8,169,,
2025-12-22,SANVI,,647.7,621.1,627.1,,,23581,14867610.13,529,,
2025-12-22,SARBTM,,880,861,869,,,22506,19629855.6,135,,
2025-12-22,SBI,,388,380,387,,,25099,9610896.1,67,,
2025-12-22,SBL,,365,354,355.7,,,116949,41601165.3,141,,
2025-12-22,SCB,,631,614.5,623.2,,,31480,19743507.9,140,,
2025-12-22,SGHC,,399,385.6,392.9,,,17352,6788433.6,158,,
2025-12-22,SHEL,,276.8,268,272,,,78690,21404475,376,,
2025-12-22,SHIVM,,582,575,577,,,83492,48222793.3,344,,
2025-12-22,SHL,,485.7,470,478.6,,,34104,16321420.2,73,,
2025-12-22,SHLB,,1660,1627.2,1640,,,1439,2361083.6,33,,
2025-12-22,SHPC,,525,517.2,518.8,,,51670,26811231.3,161,,
2025-12-22,SIFC,,503.8,489.8,498.5,,,7843,3876097.4,64,,
2025-12-22,SIKLES,,562,550.1,554,,,11015,6085286.1,116,,
2025-12-22,SJCL,,287,283,285,,,6417,1831634.4,78,,
2025-12-22,SJLIC,,462,450,457.2,,,51656,23530307.7,310,,
2025-12-22,SKBBL,,889.9,886,886.1,,,16352,14518905.5,190,,
2025-12-22,SLBBL,,940,915.1,924.9,,,10268,9456300.3,124,,
2025-12-22,SLBSL,,1293,1276.1,1293,,,884,1132957.7,19,,
2025-12-22,SMATA,,791,782,786,,,6234,4911294.7,101,,
2025-12-22,SMB,,1950,1925,1926,,,1947,3768684.5,58,,
2025-12-22,SMFBS,,1710,1680,1710,,,674,1148564,16,,
2025-12-22,SMH,,750,742.1,749.9,,,1188,884378.1,22,,
2025-12-22,SMHL,,680.1,617.5,638,,,46035,29260790.6,233,,
2025-12-22,SMJC,,493,489,490,,,6620,3250563.2,110,,
2025-12-22,SMPDA,,883,878,880,,,2190,1930006.3,51,,
2025-12-22,SNLI,,508.9,503.8,506,,,163548,82624303.2,832,,
2025-12-22,SONA,,418.9,415,415.2,,,22530,9370229.4,329,,
2025-12-22,SPC,,540,510.2,511,,,57902,30508502.8,394,,
2025-12-22,SPDL,,421,411,416.8,,,85444,35486534.2,242,,
2025-12-22,SPHL,,555.9,542,545,,,22470,12259388.1,105,,
2025-12-22,SPL,,847,817,825.1,,,1700,1420932,27,,
2025-12-22,SRLI,,398,394,395.9,,,15742,6240482.6,260,,
2025-12-22,SSHL,,156,152.1,153,,,161306,24674971.5,622,,
2025-12-22,STC,,5408,5351,5404,,,1516,8173406.1,46,,
2025-12-22,SWASTIK,,2900,2740,2740.1,,,22540,62919296,2152,,
2025-12-22,SWBBL,,790,772,774.3,,,1900,1471635.1,36,,
2025-12-22,SWMF,,671.1,662,666,,,2551,1698398.9,37,,
2025-12-22,SYPNL,,753.2,676.7,753.2,,,64350,48465144,6392,,
2025-12-22,TAMOR,,465,447,451,,,8437,3818630.1,150,,
2025-12-22,TPC,,372,350.4,359,,,89920,32171973.3,388,,
2025-12-22,TRH,,714,696,699,,,2731,1910274,21,,
2025-12-22,TSHL,,713,690,699,,,5489,3839995,86,,
2025-12-22,TTL,,745,725.3,727,,,34226,25069428.4,786,,
2025-12-22,TVCL,,405,388.1,397,,,13612,5347280.7,126,,
2025-12-22,UHEWA,,595,586.1,590.1,,,7715,4552196.5,79,,
2025-12-22,ULBSL,,3449,3390,3440,,,70,239091,6,,
2025-12-22,ULHC,,457.1,447.2,451,,,9043,4084174.7,97,,
2025-12-22,UMHL,,575,559,559,,,32068,17990264.4,144,,
2025-12-22,UMRH,,545,534,537,,,53240,28592107.2,113,,
2025-12-22,UNHPL,,493.6,484.2,490,,,90025,44008413.8,230,,
2025-12-22,UNL,,47190,46998.2,46998.2,,,40,1881882,3,,
2025-12-22,UNLB,,1910,1875.2,1906,,,845,1593013,37,,
2025-12-22,UPCL,,364,359.2,360.9,,,113489,40923018.2,348,,
2025-12-22,UPPER,,174.1,173.1,173.4,,,45460,7887836.9,299,,
2025-12-22,USHEC,,465,457.6,460,,,12560,5775772.8,112,,
2025-12-22,USHL,,856,808.5,840,,,19908,16600568.7,155,,
2025-12-22,USLB,,1500,1470,1484,,,1913,2833935.6,63,,
2025-12-22,VLBS,,795.4,765,765.6,,,6217,4891259.5,25,,
2025-12-22,VLUCL,,570,556.7,570,,,6317,3545551,114,,
2025-12-23,ACLBSL,,911,900,905,,,437,395238.7,14,,
2025-12-23,ADBL,,290,285.2,286.9,,,23575,6746825.5,114,,
2025-12-23,AHL,,550,544.2,550,,,2216,1214098,56,,
2025-12-23,AHPC,,278,271,273.4,,,80001,21789152.3,260,,
2025-12-23,AKJCL,,185.1,182.1,183,,,37248,6850992.4,138,,
2025-12-23,AKPL,,245.7,240.8,245.6,,,98123,23822595.1,213,,
2025-12-23,ALBSL,,1134,1092.7,1134,,,18531,20824231.2,247,,
2025-12-23,ALICL,,462,454.1,456,,,23604,10796296.8,150,,
2025-12-23,ANLB,,6128.9,6010,6128.9,,,168,1020559.5,17,,
2025-12-23,API,,289,285,288,,,177114,50837829.6,492,,
2025-12-23,AVYAN,,932,916.4,928.1,,,489,452656,26,,
2025-12-23,BANDIPUR,,744.6,720,733,,,68164,49874990.7,2963,,
2025-12-23,BARUN,,316,310.2,314,,,51238,16065538.5,241,,
2025-12-23,BBC,,4859,4820,4850,,,123,594706,9,,
2025-12-23,BEDC,,543,519.8,524,,,10254,5359159.5,121,,
2025-12-23,BFC,,462.9,450,454.8,,,11581,5240552.2,83,,
2025-12-23,BGWT,,770,755,770,,,576,439489.1,20,,
2025-12-23,BHCL,,494,477.1,487,,,48033,23216841.9,840,,
2025-12-23,BHDC,,483,467,474,,,38554,18235345,233,,
2025-12-23,BHL,,175.7,173.2,174,,,47689,8309044.3,278,,
2025-12-23,BHPL,,540,516.5,518,,,99110,51684379.6,386,,
2025-12-23,BNHC,,436.9,430.5,435.8,,,5685,2464573.9,61,,
2025-12-23,BNL,,15594,15594,15594,,,0,0,0,,
2025-12-23,BNT,,12000,11756,11900,,,99,1181298,13,,
2025-12-23,BPCL,,713,705,706.1,,,44561,31547617,224,,
2025-12-23,BUNGAL,,604,580,585.2,,,46819,27665546.3,901,,
2025-12-23,CBBL,,1028,1015.2,1021,,,18051,18392111.6,168,,
2025-12-23,CFCL,,473.9,460.5,470,,,7752,3612164.7,56,,
2025-12-23,CGH,,885,881,885,,,14445,12744937.2,150,,
2025-12-23,CHCL,,499,488,494.1,,,28421,13982738.9,144,,
2025-12-23,CHDC,,2233,2175,2194,,,33894,74372918.1,300,,
2025-12-23,CHL,,253.8,245,248,,,30957,7682622.2,137,,
2025-12-23,CIT,,1830,1780,1807,,,12749,23016717.4,298,,
2025-12-23,CITY,,470,464,464,,,6914,3225993.1,117,,
2025-12-23,CKHL,,649,628,649,,,5334,3412541.2,60,,
2025-12-23,CLI,,508.7,483,488,,,103198,50408471.8,740,,
2025-12-23,CREST,,1246,1181,1219,,,6983,8394248.5,303,,
2025-12-23,CYCL,,1629.4,1506,1565,,,4867,7568189.2,120,,
2025-12-23,CZBIL,,191.7,188,191.6,,,41106,7802551.4,141,,
2025-12-23,DDBL,,875,856.1,871,,,8350,7229254.1,65,,
2025-12-23,DHEL,,565,546.2,555,,,27206,15046985.8,1050,,
2025-12-23,DHPL,,293.6,285,287,,,3706,1063301,29,,
2025-12-23,DLBS,,1329.9,1294,1329.9,,,663,862906.5,22,,
2025-12-23,DOLTI,,547,505,517,,,2666,1373813.1,65,,
2025-12-23,DORDI,,252,246,248,,,32423,8047374.2,172,,
2025-12-23,EBL,,651,643.5,650,,,13059,8460965,166,,
2025-12-23,EHPL,,399.8,389,391.1,,,42745,16732934.4,233,,
2025-12-23,ENL,,892.6,872.5,887,,,193,170227,13,,
2025-12-23,FMDBL,,785,762.2,770,,,15185,11707623.8,90,,
2025-12-23,FOWAD,,1078,1058.8,1070,,,3771,4017513.7,44,,
2025-12-23,GBIME,,226,223,224,,,68164,15267340.9,265,,
2025-12-23,GBLBS,,853,805,852,,,51250,42768078.3,679,,
2025-12-23,GCIL,,408,402,405,,,8067,3269715.6,187,,
2025-12-23,GFCL,,566.1,560,565,,,15778,8862351.3,102,,
2025-12-23,GHL,,209,205,208,,,24463,5059757.1,112,,
2025-12-23,GILB,,1170,1162,1170,,,1948,2270965,27,,
2025-12-23,GLBSL,,1994,1900,1993,,,3468,6645790.5,71,,
2025-12-23,GLH,,247,242.7,246.8,,,12856,3152651.1,104,,
2025-12-23,GMFBS,,1524,1518,1524,,,35,53234,4,,
2025-12-23,GMFIL,,456,443.6,454,,,19342,8684988.8,110,,
2025-12-23,GMLI,,1740,1700,1728,,,1504,2576308,96,,
2025-12-23,GUFL,,496,485,485.6,,,3964,1936348.2,58,,
2025-12-23,GVL,,524,515.1,517,,,15509,8036612.4,171,,
2025-12-23,HATHY,,900,883,889,,,7667,6826202.5,164,,
2025-12-23,HBL,,188,185.5,186.6,,,58725,10924122.3,2132,,
2025-12-23,HDHPC,,177.4,172,174.1,,,25960,4503489.7,144,,
2025-12-23,HDL,,1159,1130,1132.1,,,21938,24907656.5,305,,
2025-12-23,HHL,,326,318.1,322.9,,,12520,4009168.9,104,,
2025-12-23,HIDCL,,258.9,250.1,255.1,,,78597,20048311.9,313,,
2025-12-23,HIMSTAR,,826,787.1,825.4,,,19025,15402931.6,384,,
2025-12-23,HLBSL,,928,910,927,,,1701,1564061.7,18,,
2025-12-23,HLI,,369,362,364.5,,,39012,14211463.4,405,,
2025-12-23,HPPL,,488,476,480,,,79877,38398496.6,270,,
2025-12-23,HRL,,832,800,816.1,,,60158,49072870.8,821,,
2025-12-23,HURJA,,218,215,218,,,25739,5556949.8,109,,
2025-12-23,ICFC,,628.9,611,621,,,19627,12102711.3,99,,
2025-12-23,IHL,,612,580.2,595,,,19649,11518153.2,164,,
2025-12-23,ILBS,,942.9,910.1,939,,,2433,2241233,55,,
2025-12-23,ILI,,446,443,445,,,16883,7496398.4,353,,
2025-12-23,JBLB,,1447.9,1401,1420,,,3764,5338917.9,108,,
2025-12-23,JFL,,413.4,401.4,413.4,,,25442,10293507.5,136,,
2025-12-23,JHAPA,,1240.9,1216.1,1236,,,12240,15032280.4,488,,
2025-12-23,JOSHI,,280.8,271,272.2,,,43081,11762885.5,259,,
2025-12-23,JSLBB,,1175,1136,1174.8,,,626,722489,9,,
2025-12-23,KBL,,179,176.6,178,,,75900,13450750.8,287,,
2025-12-23,KBSH,,1790,1758,1789.9,,,148,260933.7,11,,
2025-12-23,KDL,,859.9,831.1,841,,,1226,1025502.9,36,,
2025-12-23,KKHC,,217.9,208,214.9,,,47073,10049223.2,251,,
2025-12-23,KMCDB,,1059,1012,1015,,,2903,2967310.8,51,,
2025-12-23,KPCL,,539.9,535.3,538.9,,,6682,3587604.8,48,,
2025-12-23,LEC,,197.4,193.6,195.4,,,50321,9839651.1,190,,
2025-12-23,LICN,,887,870,875,,,10156,8893299.6,101,,
2025-12-23,LLBS,,945,921,928,,,922,867013.6,5,,
2025-12-23,LSL,,214,208,212,,,42683,8962176.2,154,,
2025-12-23,MABEL,,701,680,693.7,,,23074,15915739.6,537,,
2025-12-23,MAKAR,,549.7,533.7,549.7,,,4020,2196014.5,62,,
2025-12-23,MANDU,,810,790.2,791,,,1743,1391648,52,,
2025-12-23,MATRI,,979.9,960.5,979.9,,,678,658571.6,23,,
2025-12-23,MBJC,,280.9,278.1,280.1,,,9653,2696891.4,245,,
2025-12-23,MBL,,215.9,214,214.5,,,30314,6501122.5,82,,
2025-12-23,MCHL,,456.1,428.6,454,,,4887,2166359.8,91,,
2025-12-23,MEHL,,436,422.1,430,,,23716,10183942.3,196,,
2025-12-23,MEL,,268.9,260,266,,,17721,4643176.1,204,,
2025-12-23,MEN,,565,554,565,,,22894,12821569,187,,
2025-12-23,MERO,,744,731.1,740,,,6206,4557956.3,69,,
2025-12-23,MFIL,,704,683,701,,,97760,68293511.3,376,,
2025-12-23,MHCL,,388,380.9,384,,,1815,695843,59,,
2025-12-23,MHL,,480,472,479.8,,,6808,3229003.3,72,,
2025-12-23,MHNL,,244.9,241,244.9,,,2635,639953.7,29,,
2025-12-23,MKCL,,1370.8,1350,1366.3,,,2550,3482510.5,48,,
2025-12-23,MKHC,,367.5,353.3,364,,,5701,2051359.5,82,,
2025-12-23,MKHL,,798,772,798,,,8638,6776904.1,77,,
2025-12-23,MKJC,,520,500.5,510,,,14719,7525404,77,,
2025-12-23,MLBBL,,1500,1470,1490,,,2243,3309462,20,,
2025-12-23,MLBS,,1589,1445,1466.3,,,4993,7342398.7,65,,
2025-12-23,MLBSL,,1950.1,1922.2,1931.1,,,363,701410.6,20,,
2025-12-23,MMKJL,,626,573.5,605,,,21808,13098899.4,202,,
2025-12-23,MPFL,,571.4,554.2,567,,,33600,18759553.9,154,,
2025-12-23,MSHL,,909,895.5,905.9,,,2225,2014022,34,,
2025-12-23,MSLB,,1370,1346.1,1350,,,1430,1938117.5,50,,
2025-12-23,NABIL,,502,496.5,497.2,,,33607,16728796.7,350,,
2025-12-23,NADEP,,800,770.1,800,,,4339,3408638.1,38,,
2025-12-23,NBL,,242.7,235,236.2,,,29635,6999923.8,191,,
2025-12-23,NESDO,,1460,1430,1450,,,1005,1460432,28,,
2025-12-23,NFS,,622.5,610.3,617.9,,,6312,3882106.9,85,,
2025-12-23,NGPL,,392.9,381.9,389,,,154801,60350948.5,434,,
2025-12-23,NHDL,,684,623,670,,,6145,4137661.4,45,,
2025-12-23,NHPC,,185.1,182.1,183,,,36824,6759870.5,148,,
2025-12-23,NICA,,319,312.8,318,,,33536,10608584,189,,
2025-12-23,NICLBSL,,557,541,553.8,,,2702,1478111,77,,
2025-12-23,NIFRA,,264,260,262,,,57007,14896859.9,444,,
2025-12-23,NIMB,,192.9,188,188,,,80175,15096675.3,297,,
2025-12-23,NLIC,,770,750.3,752,,,34545,26027782.6,273,,
2025-12-23,NLICL,,605,596.2,600.1,,,17293,10386589.8,84,,
2025-12-23,NLO,,254.1,254.1,254.1,,,0,0,0,,
2025-12-23,NMB,,256,253,254.9,,,128592,32670952,401,,
2025-12-23,NMBMF,,693,678.3,691.8,,,945,649415.5,14,,
2025-12-23,NMFBS,,1295,1275,1291.5,,,229,292790,10,,
2025-12-23,NMLBBL,,650,632,640,,,5279,3396118.7,42,,
2025-12-23,NRIC,,1246,1219,1234.4,,,19030,23413310.4,247,,
2025-12-23,NRM,,425,413,423.9,,,24890,10423054.6,245,,
2025-12-23,NRN,,1350.1,1330,1350,,,27662,37144836.7,217,,
2025-12-23,NTC,,900,875.2,899,,,45919,40919423.1,376,,
2025-12-23,NUBL,,734.9,722,734.9,,,3737,2706145.9,22,,
2025-12-23,NWCL,,787,766,787,,,2002,1554384,60,,
2025-12-23,NYADI,,379,365.1,372,,,3106,1154652,66,,
2025-12-23,OHL,,698,675,694,,,5522,3815092,32,,
2025-12-23,OMPL,,1244,1201,1242,,,8198,10014343.2,249,,
2025-12-23,PCBL,,255.9,250.9,254,,,49377,12482321.9,191,,
2025-12-23,PFL,,370,355.2,355.2,,,14630,5248357.2,107,,
2025-12-23,PHCL,,273,268.6,270.7,,,53156,14381218.2,281,,
2025-12-23,PMHPL,,321.3,313,320,,,16657,5317479.6,70,,
2025-12-23,PMLI,,482,475.2,482,,,7724,3691391.2,163,,
2025-12-23,PPCL,,341.7,332,341.2,,,29830,10034614.6,128,,
2025-12-23,PPL,,323,305,319,,,52805,16668465,294,,
2025-12-23,PROFL,,446,438,443,,,8579,3777788.9,46,,
2025-12-23,PRVU,,182,180,181.2,,,111585,20175100,373,,
2025-12-23,PURE,,940,885.6,917,,,14782,13449866.5,318,,
2025-12-23,RADHI,,730,721.2,725,,,55091,39987090.9,195,,
2025-12-23,RAWA,,712,696,712,,,2291,1621659,23,,
2025-12-23,RFPL,,370,350,366,,,175636,63505205.6,906,,
2025-12-23,RHGCL,,244,240,243,,,25027,6036167.2,160,,
2025-12-23,RHPL,,271.5,265.3,268.9,,,17571,4680948.9,152,,
2025-12-23,RIDI,,219.8,216,219.4,,,41815,9091278.5,187,,
2025-12-23,RLFL,,415,408,412.7,,,8420,3449990,59,,
2025-12-23,RNLI,,472,462,466.3,,,31752,14818312.8,454,,
2025-12-23,RSDC,,642.4,620.1,627.7,,,10742,6737857.4,77,,
2025-12-23,RURU,,734,717,729.8,,,6538,4751972.6,79,,
2025-12-23,SAGAR,,1754.8,1653.4,1720,,,49483,85345522,1391,,
2025-12-23,SAHAS,,543.9,539,541.5,,,44826,24255890.7,330,,
2025-12-23,SAIL,,805,767,784.6,,,57477,44842198.6,3231,,
2025-12-23,SANIMA,,312,306,312,,,115733,35708960.7,213,,
2025-12-23,SANVI,,644,623,643,,,18498,11759377.6,512,,
2025-12-23,SARBTM,,870,853,869,,,9700,8413834.4,85,,
2025-12-23,SBI,,385.4,381,385.4,,,6314,2410275.4,54,,
2025-12-23,SBL,,362.9,355.4,360.6,,,56783,20446947.9,173,,
2025-12-23,SCB,,634,622,626,,,7226,4531504.2,109,,
2025-12-23,SGHC,,406,388.9,403,,,19511,7803634.7,137,,
2025-12-23,SHEL,,272,267.1,270.5,,,42273,11383456.9,243,,
2025-12-23,SHIVM,,580,570,577,,,89937,51765626.3,322,,
2025-12-23,SHL,,485,471,479.5,,,15466,7425662.4,57,,
2025-12-23,SHLB,,1640,1610,1630,,,468,757462.8,25,,
2025-12-23,SHPC,,520,513,518,,,30358,15680322.8,158,,
2025-12-23,SIFC,,500,490,499.5,,,2896,1424152.2,35,,
2025-12-23,SIKLES,,557,545,556.7,,,25948,14396147,74,,
2025-12-23,SJCL,,289,282.6,289,,,12193,3480934.8,107,,
2025-12-23,SJLIC,,466.3,450.1,454.1,,,101212,45989077.2,239,,
2025-12-23,SKBBL,,890,880,882,,,52380,46324455.5,470,,
2025-12-23,SLBBL,,936,914,920,,,8804,8077169.1,96,,
2025-12-23,SLBSL,,1298,1295,1298,,,803,1040785.4,26,,
2025-12-23,SMATA,,794.8,788,790.5,,,2692,2125978.2,73,,
2025-12-23,SMB,,1935,1891.5,1935,,,1348,2574488.7,45,,
2025-12-23,SMFBS,,1700.5,1655,1695,,,592,999765,11,,
2025-12-23,SMH,,755,736,746.9,,,555,410900,11,,
2025-12-23,SMHL,,689,625.3,628.1,,,32533,20564015.6,165,,
2025-12-23,SMJC,,509,481,485,,,13747,6685799.2,134,,
2025-12-23,SMPDA,,887,870.1,887,,,2953,2590001.5,56,,
2025-12-23,SNLI,,509.5,499,503,,,94108,47328800.3,790,,
2025-12-23,SONA,,417,410.1,412.5,,,17959,7438806.7,312,,
2025-12-23,SPC,,529.2,509.2,522,,,52384,27119225.2,265,,
2025-12-23,SPDL,,419.4,414,416,,,36044,14981611.2,127,,
2025-12-23,SPHL,,579,542,577.5,,,69151,38986508.8,342,,
2025-12-23,SPL,,825.1,818.2,820.3,,,1090,895944.4,22,,
2025-12-23,SRLI,,398.8,392.4,398,,,37261,14730140.6,254,,
2025-12-23,SSHL,,154,151,152.9,,,106642,16182131.7,517,,
2025-12-23,STC,,5430,5363,5400,,,1919,10342328.8,43,,
2025-12-23,SWASTIK,,3014.1,2690,2882,,,7680,21926680,745,,
2025-12-23,SWBBL,,784,768.4,773,,,3193,2458679.9,44,,
2025-12-23,SWMF,,671,656.1,667,,,3300,2180677.2,36,,
2025-12-23,SYPNL,,816,766,806,,,391371,309817308.5,38930,,
2025-12-23,TAMOR,,454,446.9,454,,,8515,3817144.1,126,,
2025-12-23,TPC,,365,352.4,355.8,,,37778,13465271.7,163,,
2025-12-23,TRH,,708.5,692,706,,,958,673035.4,26,,
2025-12-23,TSHL,,700,691,692,,,3781,2628056.2,55,,
2025-12-23,TTL,,743.5,720,738.3,,,24501,17960996.7,737,,
2025-12-23,TVCL,,403,385.1,400,,,8677,3422497,116,,
2025-12-23,UHEWA,,618,591,618,,,71879,43459441.3,393,,
2025-12-23,ULBSL,,3475,3376,3450,,,198,674176,18,,
2025-12-23,ULHC,,457.1,447.5,454.9,,,13627,6170570.5,123,,
2025-12-23,UMHL,,565,559,564,,,27739,15570354.9,133,,
2025-12-23,UMRH,,547,530.4,539.9,,,34715,18581644.2,73,,
2025-12-23,UNHPL,,499.8,485,489,,,61899,30191948.2,216,,
2025-12-23,UNL,,46995,46995,46995,,,10,469950,1,,
2025-12-23,UNLB,,1906,1875,1880,,,607,1141316.5,15,,
2025-12-23,UPCL,,362.5,358,361,,,78905,28357398.5,265,,
2025-12-23,UPPER,,175,172.1,174,,,46208,7994592.5,363,,
2025-12-23,USHEC,,469,455,461,,,6709,3094602.9,92,,
2025-12-23,USHL,,856,814,846,,,24721,20575351.3,102,,
2025-12-23,USLB,,1504,1450,1455,,,2545,3720247.3,90,,
2025-12-23,VLBS,,778,765,778,,,381,293583.6,15,,
2025-12-23,VLUCL,,579,558.6,573,,,2100,1188632,67,,
2025-12-24,ACLBSL,,916,900.2,907.3,,,1271,1149688.2,39,,
2025-12-24,ADBL,,290,285.2,288,,,20792,5948636.7,112,,
2025-12-24,AHL,,560,550,560,,,3941,2188264,56,,
2025-12-24,AHPC,,274,269,272.3,,,96682,26289889.8,350,,
2025-12-24,AKJCL,,185,181.6,182.7,,,52107,9565052.8,125,,
2025-12-24,AKPL,,246.9,242.1,244,,,49807,12136789.7,157,,
2025-12-24,ALBSL,,1178.1,1115,1176,,,51536,59809125.4,519,,
2025-12-24,ALICL,,460,447,457,,,19920,9096430.1,141,,
2025-12-24,ANLB,,6150,6006.4,6150,,,515,3106053.9,22,,
2025-12-24,API,,290.1,286.5,289,,,62486,18021385.6,302,,
2025-12-24,AVYAN,,940,925,925.2,,,1500,1396465,38,,
2025-12-24,BANDIPUR,,740,720,733,,,48568,35711394.5,1846,,
2025-12-24,BARUN,,320,313,318,,,76264,24101707.6,293,,
2025-12-24,BBC,,4938.9,4755.1,4864,,,234,1136124.8,21,,
2025-12-24,BEDC,,528,519,522,,,4047,2112005,67,,
2025-12-24,BFC,,463,448,448,,,14759,6629828.3,87,,
2025-12-24,BGWT,,785.4,750,760,,,2855,2159028.8,56,,
2025-12-24,BHCL,,490,475,478,,,48665,23344801,593,,
2025-12-24,BHDC,,482,471,472,,,23945,11355192,157,,
2025-12-24,BHL,,176,172.1,175,,,39145,6837498.5,215,,
2025-12-24,BHPL,,527.9,508,519,,,43247,22521517.1,203,,
2025-12-24,BNHC,,438,430.3,436.8,,,2812,1225069.2,55,,
2025-12-24,BNL,,15904.9,15904.9,15904.9,,,10,159049,1,,
2025-12-24,BNT,,11952,11720,11952,,,165,1952341.5,10,,
2025-12-24,BPCL,,720.1,705,714,,,53202,37877941.5,204,,
2025-12-24,BUNGAL,,596,570,575,,,55434,32194421.5,730,,
2025-12-24,CBBL,,1034.9,1001.1,1027.9,,,17968,18477456.1,191,,
2025-12-24,CFCL,,470,460.6,462.1,,,11470,5322322,74,,
2025-12-24,CGH,,899,885,886,,,11897,10579980.1,179,,
2025-12-24,CHCL,,503,494,498,,,66630,33233262,415,,
2025-12-24,CHDC,,2222,2196,2207.9,,,15468,34177530.2,206,,
2025-12-24,CHL,,257.9,249.1,254,,,21130,5313199,142,,
2025-12-24,CIT,,1815,1807,1809.5,,,8411,15237836.2,185,,
2025-12-24,CITY,,478.7,464.9,476,,,11467,5422947.3,189,,
2025-12-24,CKHL,,651,628,639,,,9557,6091243,91,,
2025-12-24,CLI,,497.7,470,471.5,,,67041,31887724,543,,
2025-12-24,CREST,,1218,1196.6,1218,,,4903,5895791.3,176,,
2025-12-24,CYCL,,1580,1527,1528.5,,,1819,2797089.9,67,,
2025-12-24,CZBIL,,192.7,188,191.5,,,33922,6479917.2,94,,
2025-12-24,DDBL,,881,865,870,,,5464,4766167.7,64,,
2025-12-24,DHEL,,577,550,554,,,20131,11183047.8,762,,
2025-12-24,DHPL,,288,285,288,,,3724,1067888.1,25,,
2025-12-24,DLBS,,1315,1305,1313,,,185,242218.2,13,,
2025-12-24,DOLTI,,527.3,510.3,512.5,,,1402,718907.5,40,,
2025-12-24,DORDI,,250.4,247,248.1,,,25540,6358087.5,140,,
2025-12-24,EBL,,650,641.1,647.3,,,20691,13406050.9,146,,
2025-12-24,EHPL,,397,389.3,393,,,14407,5643396.1,124,,
2025-12-24,ENL,,890,871.1,890,,,228,201251,11,,
2025-12-24,FMDBL,,781,767.2,778,,,9293,7198971.1,93,,
2025-12-24,FOWAD,,1075,1056.2,1068,,,1061,1129376,25,,
2025-12-24,GBIME,,228,222.7,228,,,89036,19933609.6,351,,
2025-12-24,GBLBS,,868,804,816,,,23436,19346752,284,,
2025-12-24,GCIL,,410,404,405.3,,,8817,3577072.8,156,,
2025-12-24,GFCL,,574,555,556.1,,,24313,13582298.3,109,,
2025-12-24,GHL,,210,205.3,207,,,24343,5025187,106,,
2025-12-24,GILB,,1179,1159,1159.2,,,4055,4705942.9,57,,
2025-12-24,GLBSL,,2026,1953.2,2000,,,1619,3229374.6,32,,
2025-12-24,GLH,,248,245.1,246,,,6405,1574410,86,,
2025-12-24,GMFBS,,1524,1520,1520,,,144,219053,5,,
2025-12-24,GMFIL,,460,447,448.1,,,15285,6881047.1,70,,
2025-12-24,GMLI,,1730,1700,1729,,,2220,3813443,77,,
2025-12-24,GUFL,,495,483,486,,,4238,2055975.1,47,,
2025-12-24,GVL,,523.5,510,511.3,,,55824,28761489.2,266,,
2025-12-24,HATHY,,896,885.1,886.9,,,5197,4608359.2,86,,
2025-12-24,HBL,,188.7,185,187.9,,,52856,9863726.9,1729,,
2025-12-24,HDHPC,,175.8,172,173.6,,,28312,4917817,128,,
2025-12-24,HDL,,1154,1130.1,1132.2,,,18381,20847064.9,227,,
2025-12-24,HHL,,328.9,320,320.7,,,30436,9766230.7,117,,
2025-12-24,HIDCL,,258,253.4,254.5,,,46345,11796645,225,,
2025-12-24,HIMSTAR,,881.2,808.9,860,,,50360,43141732.1,676,,
2025-12-24,HLBSL,,929.5,911.1,917.4,,,2342,2165849.2,12,,
2025-12-24,HLI,,370,362.2,368,,,20961,7704822.9,269,,
2025-12-24,HPPL,,483,471,472,,,63811,30343902.6,196,,
2025-12-24,HRL,,828.5,810,817,,,66894,54815145.5,711,,
2025-12-24,HURJA,,220.9,216.2,219.7,,,16640,3635355.7,80,,
2025-12-24,ICFC,,629,618.1,620,,,14173,8788643.3,73,,
2025-12-24,IHL,,619,575.4,589.9,,,13567,7953819.3,173,,
2025-12-24,ILBS,,995,925,989,,,10624,10205592.1,128,,
2025-12-24,ILI,,450,441.1,442,,,21149,9410462.9,333,,
2025-12-24,JBLB,,1444,1427,1430,,,6390,9163457.9,141,,
2025-12-24,JFL,,413,400,405,,,20166,8132419.2,136,,
2025-12-24,JHAPA,,1243,1215,1230,,,4601,5646813.1,333,,
2025-12-24,JOSHI,,275,271.1,271.1,,,30952,8450417.8,238,,
2025-12-24,JSLBB,,1170,1140,1169,,,965,1112803.5,24,,
2025-12-24,KBL,,180.5,176.6,178.4,,,129376,23048807.4,296,,
2025-12-24,KBSH,,1784.9,1761.2,1784.9,,,243,429072,14,,
2025-12-24,KDL,,857.8,833,840,,,1400,1171912,31,,
2025-12-24,KKHC,,218,211,214.7,,,43772,9327247.7,216,,
2025-12-24,KMCDB,,1071,1000,1036.9,,,4804,5015755.3,62,,
2025-12-24,KPCL,,545.6,531.6,531.6,,,12428,6659194.6,77,,
2025-12-24,LEC,,199,193.1,194.5,,,73296,14247795.9,169,,
2025-12-24,LICN,,883,870,876,,,9430,8226710.6,93,,
2025-12-24,LLBS,,961.8,912.2,961.8,,,1345,1264354,21,,
2025-12-24,LSL,,211.9,209,210,,,47218,9909629.8,137,,
2025-12-24,MABEL,,702,682.1,690,,,14037,9653854.5,384,,
2025-12-24,MAKAR,,570,538.8,552.2,,,6137,3444808.4,78,,
2025-12-24,MANDU,,807,791,793.5,,,1067,856860.5,43,,
2025-12-24,MATRI,,990,962,988,,,1313,1287287.1,37,,
2025-12-24,MBJC,,281,279.1,280.3,,,25039,7006978.7,223,,
2025-12-24,MBL,,220,214.8,220,,,51164,11103701,135,,
2025-12-24,MCHL,,472,450,456.1,,,4585,2098864.7,74,,
2025-12-24,MEHL,,438,424.1,425,,,19844,8450824.7,138,,
2025-12-24,MEL,,267.3,262.1,265,,,8983,2372393.3,155,,
2025-12-24,MEN,,569,558,560,,,40504,22683416.5,175,,
2025-12-24,MERO,,735,730,730.4,,,2951,2156989.1,43,,
2025-12-24,MFIL,,718,690,709,,,180375,127924686,631,,
2025-12-24,MHCL,,391,379,382,,,5675,2163364.7,78,,
2025-12-24,MHL,,483.2,475,475,,,6260,2984903,45,,
2025-12-24,MHNL,,243,241.5,241.6,,,6887,1666640,40,,
2025-12-24,MKCL,,1370,1361.3,1361.3,,,2038,2788005.3,39,,
2025-12-24,MKHC,,367,357,357,,,5569,1995378,74,,
2025-12-24,MKHL,,799.5,770,788.9,,,5880,4581866.2,51,,
2025-12-24,MKJC,,520,506.6,516,,,13220,6748527.4,95,,
2025-12-24,MLBBL,,1499,1471.1,1498,,,2736,4069788.5,38,,
2025-12-24,MLBS,,1523,1437,1485,,,297,436649,12,,
2025-12-24,MLBSL,,1958,1900.1,1921,,,742,1435386.1,26,,
2025-12-24,MMKJL,,629,582,606.9,,,18668,11271054.6,189,,
2025-12-24,MPFL,,587.5,555.7,573,,,41746,24073911.3,130,,
2025-12-24,MSHL,,920,908.1,918,,,2958,2702289.5,91,,
2025-12-24,MSLB,,1377,1329,1345,,,2692,3606795.2,67,,
2025-12-24,NABIL,,500,496.1,498.6,,,40096,19950202.3,330,,
2025-12-24,NADEP,,800,775,790,,,3345,2623424.1,26,,
2025-12-24,NBL,,238,235.1,237,,,32280,7624570.7,158,,
2025-12-24,NESDO,,1479,1431.3,1477,,,1040,1527961.2,31,,
2025-12-24,NFS,,622,612.2,612.3,,,6913,4255735.3,97,,
2025-12-24,NGPL,,394,387.1,387.5,,,188612,73451756.1,486,,
2025-12-24,NHDL,,708,662.4,680,,,9153,6194959,92,,
2025-12-24,NHPC,,190.8,183,190.8,,,75633,14137429.1,215,,
2025-12-24,NICA,,322.9,316.5,321,,,35797,11445368.3,171,,
2025-12-24,NICLBSL,,558,540,548,,,6651,3635355.5,124,,
2025-12-24,NIFRA,,263.4,260,261.2,,,35131,9205012.5,338,,
2025-12-24,NIMB,,189,187,187.9,,,79471,14919956.6,255,,
2025-12-24,NLIC,,761,750.3,750.5,,,35825,27025644.9,276,,
2025-12-24,NLICL,,605,600,603,,,7971,4795537.8,46,,
2025-12-24,NLO,,254.1,254.1,254.1,,,0,0,0,,
2025-12-24,NMB,,239,233.5,235.1,,,63953,15020041.5,271,,
2025-12-24,NMBMF,,719.1,678,688,,,1235,847819.1,30,,
2025-12-24,NMFBS,,1292,1266,1275,,,7531,9682390.9,56,,
2025-12-24,NMLBBL,,643.4,630.8,631,,,6710,4240627.6,52,,
2025-12-24,NRIC,,1249,1227,1231,,,18419,22677463.7,191,,
2025-12-24,NRM,,421,415.6,417,,,22502,9425282.7,195,,
2025-12-24,NRN,,1365,1342,1345.2,,,17232,23326222.9,171,,
2025-12-24,NTC,,916.9,890,895.4,,,39968,35856692.7,406,,
2025-12-24,NUBL,,744,730,731.6,,,2848,2090082.9,36,,
2025-12-24,NWCL,,790,775,776,,,1206,940740,23,,
2025-12-24,NYADI,,384.9,364.9,370,,,6842,2550677.1,77,,
2025-12-24,OHL,,699,687,691.1,,,3066,2127088.3,37,,
2025-12-24,OMPL,,1264.9,1225,1239,,,6130,7573593.7,179,,
2025-12-24,PCBL,,257.9,253,257,,,64555,16497300.8,243,,
2025-12-24,PFL,,364.9,356.1,358,,,3224,1155077.5,51,,
2025-12-24,PHCL,,274,268,269.7,,,87395,23566902.3,344,,
2025-12-24,PMHPL,,324,316,316.3,,,5507,1756966.8,43,,
2025-12-24,PMLI,,489.8,481.6,482,,,5692,2751938,116,,
2025-12-24,PPCL,,343.9,335.2,338,,,18350,6218212.2,123,,
2025-12-24,PPL,,323.8,317.2,319.1,,,62363,19953137.4,227,,
2025-12-24,PROFL,,445,439,440,,,8245,3632047.8,45,,
2025-12-24,PRVU,,183,180,182,,,65718,11887611.5,266,,
2025-12-24,PURE,,918,897.7,915,,,13611,12310300,233,,
2025-12-24,RADHI,,739,726,730,,,64165,46828830.1,244,,
2025-12-24,RAWA,,713,695,713,,,2311,1617233.9,36,,
2025-12-24,RFPL,,370.9,360,368,,,114956,42096839.1,553,,
2025-12-24,RHGCL,,247.7,240.1,242.9,,,30350,7333949.5,125,,
2025-12-24,RHPL,,270,266,268.8,,,17872,4774134.5,120,,
2025-12-24,RIDI,,221,216.2,219.5,,,42320,9263778.2,152,,
2025-12-24,RLFL,,417.9,406,407.3,,,12069,4928899.3,88,,
2025-12-24,RNLI,,475.6,466.1,467,,,22752,10625811.6,319,,
2025-12-24,RSDC,,634,617,634,,,7238,4548623.1,48,,
2025-12-24,RURU,,737,720,727,,,18045,13106306,166,,
2025-12-24,SAGAR,,1744.2,1685,1690.1,,,17378,29555653.7,642,,
2025-12-24,SAHAS,,548,540,543,,,46386,25182227.2,257,,
2025-12-24,SAIL,,802,771,773.6,,,40256,31515167.9,1851,,
2025-12-24,SANIMA,,319,309,319,,,81332,25564530.6,237,,
2025-12-24,SANVI,,648,631,636,,,23230,14862617.6,366,,
2025-12-24,SARBTM,,870,854.2,865,,,6176,5335142.6,40,,
2025-12-24,SBI,,390,382.1,390,,,9533,3667014.3,62,,
2025-12-24,SBL,,377,356,374.9,,,171595,63269053.9,456,,
2025-12-24,SCB,,630,623,624.8,,,17735,11137196.5,136,,
2025-12-24,SGHC,,409,388.1,394,,,17500,6886537.5,123,,
2025-12-24,SHEL,,272.9,267.1,268,,,38084,10243207.4,207,,
2025-12-24,SHIVM,,583,572,575,,,77009,44355557.2,277,,
2025-12-24,SHL,,486,475,480.5,,,11182,5374158.5,46,,
2025-12-24,SHLB,,1660,1616.4,1658,,,282,460536,14,,
2025-12-24,SHPC,,520,514.5,515,,,65973,34092430.6,222,,
2025-12-24,SIFC,,500,490.3,492.4,,,2919,1439601.4,28,,
2025-12-24,SIKLES,,559,550,555,,,8633,4776102.6,88,,
2025-12-24,SJCL,,286.9,284.5,284.6,,,7072,2018458.4,89,,
2025-12-24,SJLIC,,463.1,451.4,455,,,55288,25229995.8,240,,
2025-12-24,SKBBL,,775,756.6,762,,,34858,26597334,368,,
2025-12-24,SLBBL,,935,920,920,,,13668,12623600.5,112,,
2025-12-24,SLBSL,,1335.1,1280,1303.2,,,1700,2240910,37,,
2025-12-24,SMATA,,797.9,790,794.4,,,5395,4278991.3,89,,
2025-12-24,SMB,,1935,1900,1900,,,2036,3874225,60,,
2025-12-24,SMFBS,,1700,1675,1675,,,264,444928,7,,
2025-12-24,SMH,,735.6,721.2,734.5,,,1906,1385262.5,25,,
2025-12-24,SMHL,,666.4,605.2,605.2,,,24968,15457081.2,192,,
2025-12-24,SMJC,,499,481,489.7,,,4422,2153768.2,92,,
2025-12-24,SMPDA,,894.9,871.4,873.1,,,2787,2442895.1,68,,
2025-12-24,SNLI,,507,501,504,,,65340,32869390.4,540,,
2025-12-24,SONA,,419,412.5,414.8,,,25341,10525028.6,274,,
2025-12-24,SPC,,538.5,516.2,530.4,,,44788,23772166.6,325,,
2025-12-24,SPDL,,420,415,416.9,,,89560,37335048.5,307,,
2025-12-24,SPHL,,588,565,566,,,12359,7061742.5,113,,
2025-12-24,SPL,,823,819.5,821.2,,,1090,895638,24,,
2025-12-24,SRLI,,410,394,400,,,51006,20470004,343,,
2025-12-24,SSHL,,153.9,151,151.5,,,91410,13858048.6,409,,
2025-12-24,STC,,5500,5370,5405,,,1464,7912474,31,,
2025-12-24,SWASTIK,,2890,2806.8,2828.9,,,4400,12516175,304,,
2025-12-24,SWBBL,,782,766.1,768,,,9489,7307698.5,105,,
2025-12-24,SWMF,,673,653.8,667.9,,,1583,1049620,35,,
2025-12-24,SYPNL,,840,791.1,815,,,179261,144935383.2,16252,,
2025-12-24,TAMOR,,460,442.1,444.2,,,8927,3983949.1,139,,
2025-12-24,TPC,,369.2,360,367,,,262585,95797916,778,,
2025-12-24,TRH,,718.6,699,708,,,1080,764758,22,,
2025-12-24,TSHL,,705.8,677.2,680,,,8878,6059469.3,100,,
2025-12-24,TTL,,750,729.1,732,,,14815,10915225.4,505,,
2025-12-24,TVCL,,404.9,392.9,399,,,8744,3478404.6,67,,
2025-12-24,UHEWA,,629,607,608.5,,,28448,17414929.8,229,,
2025-12-24,ULBSL,,3490,3386,3439,,,68,232769.6,8,,
2025-12-24,ULHC,,462.9,452,457,,,4936,2243828.9,80,,
2025-12-24,UMHL,,570,560.1,569.9,,,47632,26925464,177,,
2025-12-24,UMRH,,546.3,529.2,541,,,34687,18651815.8,101,,
2025-12-24,UNHPL,,496.8,481.1,481.5,,,61734,29823766.2,208,,
2025-12-24,UNL,,47200,47100,47200,,,30,1414000,3,,
2025-12-24,UNLB,,1895,1880,1880,,,312,588196.4,17,,
2025-12-24,UPCL,,365,358,359,,,85232,30703064.6,243,,
2025-12-24,UPPER,,174,172.4,172.8,,,40204,6952627.6,262,,
2025-12-24,USHEC,,470,455,461,,,11455,5277109.1,85,,
2025-12-24,USHL,,851,825.1,828,,,8030,6723279,74,,
2025-12-24,USLB,,1483,1451,1464,,,2849,4158169.2,69,,
2025-12-24,VLBS,,777,762,774.9,,,3082,2352226.1,33,,
2025-12-24,VLUCL,,565,561.9,561.9,,,2131,1200506,66,,
2025-12-28,ACLBSL,,935.9,905,935.9,,,5237,4816352.7,51,,
2025-12-28,ADBL,,316.8,286,297,,,49373,14481034.8,245,,
2025-12-28,AHL,,576,556.2,562,,,3506,1968766.2,72,,
2025-12-28,AHPC,,278.8,270.1,278,,,93951,26011799.2,333,,
2025-12-28,AKJCL,,188.1,184,186.7,,,55433,10335620.8,207,,
2025-12-28,AKPL,,249,244.6,248.9,,,102540,25307297,325,,
2025-12-28,ALBSL,,1210,1152.5,1183,,,29013,34101726.3,239,,
2025-12-28,ALICL,,468.5,456,468.5,,,34976,16215289.8,235,,
2025-12-28,ANLB,,6144,6021.2,6114.9,,,212,1282372.6,18,,
2025-12-28,API,,296,289,295.7,,,161296,47214331.3,591,,
2025-12-28,AVYAN,,943.7,910,940,,,1519,1418002.3,49,,
2025-12-28,BANDIPUR,,745.9,735,743.9,,,64241,47552178.1,2606,,
2025-12-28,BARUN,,324,315.1,321,,,75737,24299925.8,355,,
2025-12-28,BBC,,4900,4820.7,4896.6,,,156,761584.6,14,,
2025-12-28,BEDC,,547.9,520,526,,,18592,9852570.8,196,,
2025-12-28,BFC,,464.9,450,461,,,9746,4474387.5,79,,
2025-12-28,BGWT,,775.2,760,761.1,,,1397,1065459.2,47,,
2025-12-28,BHCL,,490,472,484,,,48867,23585654.2,903,,
2025-12-28,BHDC,,481.1,470,480.9,,,36042,17145341.6,219,,
2025-12-28,BHL,,179,175.2,178.5,,,87278,15529860.4,414,,
2025-12-28,BHPL,,528,508,512.9,,,85842,44038582.7,450,,
2025-12-28,BNHC,,442.8,437.1,442.4,,,6339,2794322,68,,
2025-12-28,BNL,,15904.9,15904.9,15904.9,,,0,0,0,,
2025-12-28,BNT,,12050,11950,12050,,,60,719500,6,,
2025-12-28,BPCL,,739.9,713,736,,,161723,117743372.9,462,,
2025-12-28,BUNGAL,,596.7,565,590,,,52920,30887228.9,1075,,
2025-12-28,CBBL,,1045,1030,1039,,,44062,45812572.3,409,,
2025-12-28,CFCL,,477,463.1,475,,,13482,6327205.3,77,,
2025-12-28,CGH,,864.9,854,856,,,15343,13166081.3,154,,
2025-12-28,CHCL,,505.2,499,504.9,,,72382,36337262.4,379,,
2025-12-28,CHDC,,2260,2211,2253,,,18272,40934111.5,230,,
2025-12-28,CHL,,261,253.6,260.1,,,46653,12009125.5,167,,
2025-12-28,CIT,,1831,1797,1826.1,,,11465,20720854.1,261,,
2025-12-28,CITY,,490,474,488,,,11235,5424180,174,,
2025-12-28,CKHL,,652.8,625,650,,,9382,6045956.5,96,,
2025-12-28,CLI,,480,465.2,473.1,,,69482,32943080.8,619,,
2025-12-28,CREST,,1229,1200,1229,,,5210,6308312,284,,
2025-12-28,CYCL,,1566,1510.1,1566,,,1430,2211355.6,72,,
2025-12-28,CZBIL,,197.1,188,195.1,,,62608,12144469,183,,
2025-12-28,DDBL,,882,875,878.5,,,13108,11514116.1,137,,
2025-12-28,DHEL,,570,547,567.6,,,42156,23718139.1,1277,,
2025-12-28,DHPL,,298,288,294,,,6217,1815920,59,,
2025-12-28,DLBS,,1339.2,1303,1325,,,1884,2501201,50,,
2025-12-28,DOLTI,,523,512.3,518.2,,,2214,1145129.4,70,,
2025-12-28,DORDI,,254.5,248.3,252.2,,,85068,21464811,289,,
2025-12-28,EBL,,655,648.2,654,,,32533,21185209.2,257,,
2025-12-28,EHPL,,406,395,405,,,32204,12934055.8,191,,
2025-12-28,ENL,,908,886.2,902,,,580,520362,31,,
2025-12-28,FMDBL,,795,776.4,791,,,18023,14241614.8,122,,
2025-12-28,FOWAD,,1080,1060,1078,,,2399,2571203.2,56,,
2025-12-28,GBIME,,230,224.5,229.8,,,171040,38941024.3,479,,
2025-12-28,GBLBS,,832,808,820,,,11861,9705140,153,,
2025-12-28,GCIL,,421,401.5,419,,,23591,9818506,352,,
2025-12-28,GFCL,,575,562,574.9,,,18068,10295832.1,147,,
2025-12-28,GHL,,212.9,207,212.9,,,48095,10072104.1,154,,
2025-12-28,GILB,,1190,1160,1190,,,2909,3436302.8,52,,
2025-12-28,GLBSL,,2020,1979.6,2004,,,1314,2631825.5,36,,
2025-12-28,GLH,,251,245.6,251,,,23808,5912189.8,174,,
2025-12-28,GMFBS,,1529,1490.1,1529,,,846,1269824.6,14,,
2025-12-28,GMFIL,,464.9,446,457.5,,,29554,13557814,128,,
2025-12-28,GMLI,,1736,1700,1712,,,2185,3748591.7,106,,
2025-12-28,GUFL,,500,490,494,,,8295,4100576,67,,
2025-12-28,GVL,,521.4,513,518.5,,,74880,38638911.2,293,,
2025-12-28,HATHY,,903,890,903,,,9968,8913191.1,184,,
2025-12-28,HBL,,191.9,186,191.9,,,82306,15560982.5,2528,,
2025-12-28,HDHPC,,180.4,175,180.1,,,77504,13763911,263,,
2025-12-28,HDL,,1166,1136,1166,,,41346,47584841.2,495,,
2025-12-28,HHL,,326.5,321.1,325.8,,,31920,10323213.2,163,,
2025-12-28,HIDCL,,262,255.9,261.7,,,130510,33805330.4,401,,
2025-12-28,HIMSTAR,,895,830,885,,,34201,30149413.1,556,,
2025-12-28,HLBSL,,933,917.4,925,,,2425,2246062.9,30,,
2025-12-28,HLI,,377,370,377,,,47346,17691316.5,371,,
2025-12-28,HPPL,,480,472,476,,,51670,24571909,182,,
2025-12-28,HRL,,845,820,842,,,166848,139062884,1469,,
2025-12-28,HURJA,,225.8,221,225.8,,,50244,11213735.2,202,,
2025-12-28,ICFC,,640,620,640,,,29989,18979079.3,183,,
2025-12-28,IHL,,599.9,575.1,593,,,20662,12055012.8,191,,
2025-12-28,ILBS,,1028,984,1024,,,8584,8662456.5,144,,
2025-12-28,ILI,,452.7,435,447,,,25806,11395907,559,,
2025-12-28,JBLB,,1458,1435.3,1439,,,7431,10774165.6,150,,
2025-12-28,JFL,,417,402,417,,,15106,6180121.8,112,,
2025-12-28,JHAPA,,1251.6,1221.5,1247.8,,,12649,15599476.4,489,,
2025-12-28,JOSHI,,291,273,290,,,72438,20654061.7,567,,
2025-12-28,JSLBB,,1178,1149.1,1177,,,734,849204.2,19,,
2025-12-28,KBL,,183,179.3,183,,,119485,21659424,392,,
2025-12-28,KBSH,,1830,1762.4,1815,,,1549,2813150.3,47,,
2025-12-28,KDL,,840,827.2,835,,,2830,2355365.8,74,,
2025-12-28,KKHC,,222.4,213.3,222.4,,,64800,14196193.6,295,,
2025-12-28,KMCDB,,1055,1030.1,1047,,,6011,6272500.6,122,,
2025-12-28,KPCL,,546,534,544.7,,,16183,8777777.3,95,,
2025-12-28,LEC,,200,194.8,199.6,,,100531,19859695,341,,
2025-12-28,LICN,,895,866,893,,,15679,13890903.4,108,,
2025-12-28,LLBS,,985,943,985,,,793,771337.2,23,,
2025-12-28,LSL,,214.2,210.5,213.1,,,42563,9035340.7,206,,
2025-12-28,MABEL,,702,677,698.9,,,31399,21781249,792,,
2025-12-28,MAKAR,,573.3,541.2,565,,,3091,1744868.3,49,,
2025-12-28,MANDU,,805,793,805,,,1341,1072051,49,,
2025-12-28,MATRI,,1004.7,980,1003.9,,,2364,2350154.8,56,,
2025-12-28,MBJC,,286.2,280.1,286,,,21761,6181699.8,386,,
2025-12-28,MBL,,224,218.3,223.9,,,62702,13869436.6,196,,
2025-12-28,MCHL,,463,450,458.9,,,4830,2194925.7,87,,
2025-12-28,MEHL,,440,420,432.3,,,18640,8079138.3,184,,
2025-12-28,MEL,,272,264.1,272,,,16062,4327127,253,,
2025-12-28,MEN,,568.8,561,566,,,31638,17870170.2,249,,
2025-12-28,MERO,,745,730,740,,,5180,3841570,56,,
2025-12-28,MFIL,,729.9,695,729.9,,,346522,248908403.3,707,,
2025-12-28,MHCL,,392.9,382,392.9,,,6687,2599559,109,,
2025-12-28,MHL,,488,475.1,487,,,23924,11596067.5,124,,
2025-12-28,MHNL,,250,239.5,245,,,15096,3698822.6,66,,
2025-12-28,MKCL,,1385,1354,1366.6,,,3462,4752898,76,,
2025-12-28,MKHC,,366,356,365,,,5643,2039257.6,98,,
2025-12-28,MKHL,,804,773.9,783,,,5964,4728571.1,58,,
2025-12-28,MKJC,,524.9,513,521,,,33125,17232038.2,131,,
2025-12-28,MLBBL,,1522,1485,1496,,,7360,10984393.4,83,,
2025-12-28,MLBS,,1497,1439,1488,,,2487,3618748.3,66,,
2025-12-28,MLBSL,,1959.4,1922,1954,,,693,1340393.8,28,,
2025-12-28,MMKJL,,626,598,613,,,18193,11023952.4,202,,
2025-12-28,MPFL,,604,561.6,601,,,55283,32784321.8,390,,
2025-12-28,MSHL,,878,800.1,874,,,6407,5367099.4,96,,
2025-12-28,MSLB,,1371.9,1338,1354,,,2253,3055150,61,,
2025-12-28,NABIL,,504,496,503.4,,,61455,30743662.3,511,,
2025-12-28,NADEP,,813.9,790,813.9,,,5166,4147881.4,56,,
2025-12-28,NBL,,241,237,240.9,,,53885,12909508,207,,
2025-12-28,NESDO,,1489,1465,1473.5,,,1085,1596395.7,38,,
2025-12-28,NFS,,632,616,624,,,11812,7375095.3,125,,
2025-12-28,NGPL,,400,390.2,399.9,,,233473,92458687.6,735,,
2025-12-28,NHDL,,730,671.5,697,,,12391,8521931.4,95,,
2025-12-28,NHPC,,195,190,193.9,,,86714,16660887.1,283,,
2025-12-28,NICA,,336,320.6,335,,,131308,43128391.2,505,,
2025-12-28,NICLBSL,,559.9,545,559.9,,,9361,5153977.1,155,,
2025-12-28,NIFRA,,269,263,268.7,,,83048,22078793.2,709,,
2025-12-28,NIMB,,193,188.6,193,,,133425,25410211.6,408,,
2025-12-28,NLIC,,770,758.5,768.1,,,65832,50394863.8,354,,
2025-12-28,NLICL,,619,604,619,,,29194,17864057.8,130,,
2025-12-28,NLO,,254.1,254.1,254.1,,,0,0,0,,
2025-12-28,NMB,,240,233,240,,,85741,20342834.3,254,,
2025-12-28,NMBMF,,741.5,675.1,707,,,7916,5552888.4,75,,
2025-12-28,NMFBS,,1313,1280,1310,,,3014,3919835,59,,
2025-12-28,NMLBBL,,642.9,633,642.9,,,7885,5026616.7,59,,
2025-12-28,NRIC,,1285,1237,1279.5,,,64414,81912603.5,545,,
2025-12-28,NRM,,425.9,419,423,,,22964,9700415.6,211,,
2025-12-28,NRN,,1391,1345,1390,,,52277,71943109.3,333,,
2025-12-28,NTC,,909.9,896,906,,,38661,34912329.8,394,,
2025-12-28,NUBL,,744,729,744,,,12941,9501809,51,,
2025-12-28,NWCL,,789,766.1,786,,,2592,2026031.5,69,,
2025-12-28,NYADI,,390,370,377,,,7934,3003678.8,131,,
2025-12-28,OHL,,704.9,690,701.1,,,3773,2628518.1,37,,
2025-12-28,OMPL,,1264,1222,1255.1,,,9898,12367228.1,406,,
2025-12-28,PCBL,,264,256,262.1,,,136492,35633049.6,447,,
2025-12-28,PFL,,365,359,364,,,6718,2437752.3,89,,
2025-12-28,PHCL,,275,267,271,,,78242,21201133.4,369,,
2025-12-28,PMHPL,,324.9,317,324,,,20357,6543761,96,,
2025-12-28,PMLI,,512.8,482.2,495.2,,,17560,8684638.9,225,,
2025-12-28,PPCL,,350.8,338,348.9,,,74762,25880623.6,205,,
2025-12-28,PPL,,331.5,317.3,328,,,196556,63787382.1,544,,
2025-12-28,PROFL,,454,440,454,,,10046,4512446.9,81,,
2025-12-28,PRVU,,187,181.2,186,,,195433,36057244.1,497,,
2025-12-28,PURE,,933.3,907.5,924,,,35163,32447423.7,493,,
2025-12-28,RADHI,,757,730.1,753,,,136618,102023608.9,461,,
2025-12-28,RAWA,,719,703,719,,,2948,2081028.6,48,,
2025-12-28,RFPL,,369,358,365,,,174016,63034438.2,682,,
2025-12-28,RHGCL,,251.9,244,250,,,38734,9607575.5,220,,
2025-12-28,RHPL,,275,268.8,273.9,,,24561,6691324,210,,
2025-12-28,RIDI,,224.1,219.6,223.4,,,51428,11461478.3,201,,
2025-12-28,RLFL,,420,408.1,420,,,20112,8344373.5,127,,
2025-12-28,RNLI,,479.9,469,475.6,,,42943,20350406.7,590,,
2025-12-28,RSDC,,646,626.2,642,,,6208,3959135.3,63,,
2025-12-28,RURU,,695,666,695,,,16668,11277318.3,225,,
2025-12-28,SAGAR,,1710,1670,1687,,,28702,48606775.1,923,,
2025-12-28,SAHAS,,555,546.1,553.6,,,54479,30018232.1,446,,
2025-12-28,SAIL,,794.8,760,778.9,,,48704,37851431.5,2411,,
2025-12-28,SANIMA,,325.3,320,323.8,,,74540,24094321.6,347,,
2025-12-28,SANVI,,652,636,650,,,32022,20737814,667,,
2025-12-28,SARBTM,,899.1,871.1,899.1,,,33723,30005612.7,196,,
2025-12-28,SBI,,394,385.1,389.5,,,25009,9729155.3,121,,
2025-12-28,SBL,,382.5,370,381.5,,,200082,75843473,499,,
2025-12-28,SCB,,630,622,629,,,15592,9792883.8,147,,
2025-12-28,SGHC,,409,395,400,,,37276,14959357.1,208,,
2025-12-28,SHEL,,281.5,267.1,277.9,,,99838,27474427.5,407,,
2025-12-28,SHIVM,,601,575.1,599.9,,,288886,171325761.4,1007,,
2025-12-28,SHL,,490.1,470.9,488.5,,,12144,5920904.6,59,,
2025-12-28,SHLB,,1657,1624.9,1657,,,876,1435393,33,,
2025-12-28,SHPC,,534.2,520,531.1,,,75943,40149076.6,310,,
2025-12-28,SIFC,,509.9,496.3,505.1,,,7093,3575554.8,50,,
2025-12-28,SIKLES,,571.9,555.1,571.9,,,37384,21156316.7,184,,
2025-12-28,SJCL,,290,284.2,290,,,9499,2729200.9,145,,
2025-12-28,SJLIC,,472,449,472,,,109682,50806912.5,431,,
2025-12-28,SKBBL,,777,765,775,,,22096,17002040.5,238,,
2025-12-28,SLBBL,,960,920,953,,,61429,57921828.6,497,,
2025-12-28,SLBSL,,1344.9,1303.2,1329.7,,,2033,2684187.8,47,,
2025-12-28,SMATA,,816,792,812,,,5985,4811918.5,101,,
2025-12-28,SMB,,1910,1886.5,1891,,,3550,6731291.6,102,,
2025-12-28,SMFBS,,1728.9,1667,1728.9,,,1135,1918279.2,27,,
2025-12-28,SMH,,735,720.2,731,,,1391,1011097.2,25,,
2025-12-28,SMHL,,616.9,599.8,601,,,51187,30889937.5,238,,
2025-12-28,SMJC,,505.9,486.5,499.6,,,11183,5571681.7,169,,
2025-12-28,SMPDA,,899,878,894,,,5156,4556266.7,63,,
2025-12-28,SNLI,,514.5,508,514,,,167972,86020569.3,1355,,
2025-12-28,SONA,,429,414.8,428,,,47913,20305798.4,572,,
2025-12-28,SPC,,539,522,533.1,,,38343,20379690.9,248,,
2025-12-28,SPDL,,432,419,430.2,,,532395,227536040.5,1085,,
2025-12-28,SPHL,,585,551,580,,,46843,26481034.2,230,,
2025-12-28,SPL,,859,815,848,,,7564,6355873.5,47,,
2025-12-28,SRLI,,399,388,399,,,61304,24117682.8,474,,
2025-12-28,SSHL,,157.8,152,157,,,240396,37333453.8,761,,
2025-12-28,STC,,5485,5430,5480,,,2661,14530769.5,86,,
2025-12-28,SWASTIK,,2828.9,2770.1,2781,,,7650,21292940.5,444,,
2025-12-28,SWBBL,,738,727.4,736,,,6105,4469019.3,85,,
2025-12-28,SWMF,,679,662,679,,,3908,2622224.4,53,,
2025-12-28,SYPNL,,805,781.7,800,,,238510,189260777.9,17491,,
2025-12-28,TAMOR,,454.1,444,451,,,11743,5292411.1,165,,
2025-12-28,TPC,,380,364,376,,,207635,77355087.2,660,,
2025-12-28,TRH,,710,698,706.1,,,1732,1226147.1,15,,
2025-12-28,TSHL,,707,681,700,,,3308,2287740.2,60,,
2025-12-28,TTL,,753,732,749,,,33927,25274516.5,839,,
2025-12-28,TVCL,,406,395.7,400,,,4050,1615887.3,63,,
2025-12-28,UHEWA,,625,596.4,611,,,33054,20278627.4,258,,
2025-12-28,ULBSL,,3480,3372,3460,,,765,2622036,24,,
2025-12-28,ULHC,,467,453.1,458,,,5257,2412022.8,139,,
2025-12-28,UMHL,,572,560.1,570,,,54592,31000668.4,173,,
2025-12-28,UMRH,,552,541,548,,,21641,11829072.3,87,,
2025-12-28,UNHPL,,515,471.9,490,,,554921,276035193.1,985,,
2025-12-28,UNL,,47100,46800,47000,,,50,2349000,5,,
2025-12-28,UNLB,,1938,1880,1910,,,432,822859.5,24,,
2025-12-28,UPCL,,368.6,360,368,,,114968,41941232.2,385,,
2025-12-28,UPPER,,176.2,173.5,175.5,,,74151,12950328.8,437,,
2025-12-28,USHEC,,470,461,470,,,12919,6016906.5,123,,
2025-12-28,USHL,,882,800,882,,,32126,27394900.9,357,,
2025-12-28,USLB,,1483,1466,1482.9,,,4365,6424451,81,,
2025-12-28,VLBS,,779,760.3,769,,,1241,951492.5,30,,
2025-12-28,VLUCL,,581.4,559,570,,,6565,3760251.6,125,,
2025-12-29,ACLBSL,,933,926,930,,,2161,2004838.2,38,,
2025-12-29,ADBL,,302.9,292,294.4,,,31487,9295774,166,,
2025-12-29,AHL,,573.2,547,547,,,6671,3700137.8,61,,
2025-12-29,AHPC,,283.5,274.1,275,,,93875,26014615.7,314,,
2025-12-29,AKJCL,,190.6,186.5,186.9,,,142362,26876677.7,290,,
2025-12-29,AKPL,,251,245,247,,,139257,34434712.4,259,,
2025-12-29,ALBSL,,1185,1159.4,1179,,,14481,16982281.7,139,,
2025-12-29,ALICL,,470,458.3,464.5,,,35423,16394197.9,215,,
2025-12-29,ANLB,,6100,6000.3,6100,,,68,409124,9,,
2025-12-29,API,,299.8,291.6,292.5,,,144967,42475441.1,441,,
2025-12-29,AVYAN,,935,925,925,,,1056,979779.3,41,,
2025-12-29,BANDIPUR,,763.9,741.1,746.2,,,88588,66514679.7,2356,,
2025-12-29,BARUN,,324,315,318.8,,,95850,30680374.7,293,,
2025-12-29,BBC,,4895.6,4800,4860,,,260,1263126.5,23,,
2025-12-29,BEDC,,547,526.3,539.8,,,22454,12180820.9,203,,
2025-12-29,BFC,,472,456.2,456.2,,,22337,10356094.3,146,,
2025-12-29,BGWT,,790,751.2,775,,,6343,4926270.4,96,,
2025-12-29,BHCL,,485,475,475.1,,,56150,26820516.5,671,,
2025-12-29,BHDC,,482,476,478,,,29983,14346018.1,166,,
2025-12-29,BHL,,180,177.5,178,,,41415,7377249.4,243,,
2025-12-29,BHPL,,527,503.1,517,,,78189,40273413.9,319,,
2025-12-29,BNHC,,450,440,440,,,11787,5239263.7,79,,
2025-12-29,BNL,,15904.9,15904.9,15904.9,,,0,0,0,,
2025-12-29,BNT,,12150,12100,12100,,,33,400007,6,,
2025-12-29,BPCL,,742,724,727,,,126728,92810651.7,374,,
2025-12-29,BUNGAL,,601.8,578.3,590,,,43251,25503425.3,756,,
2025-12-29,CBBL,,1054,1044,1044.9,,,79255,83059900.4,769,,
2025-12-29,CFCL,,488,475,477,,,23985,11543282.1,125,,
2025-12-29,CGH,,870,855,855,,,22684,19520217.9,151,,
2025-12-29,CHCL,,507.7,499,501.5,,,66397,33352428.5,341,,
2025-12-29,CHDC,,2284.8,2242,2243,,,21245,47971328.8,186,,
2025-12-29,CHL,,263,254.3,254.3,,,25215,6497490,129,,
2025-12-29,CIT,,1841,1827,1837,,,5627,10336820.4,149,,
2025-12-29,CITY,,491,480,480,,,7210,3486398.5,95,,
2025-12-29,CKHL,,661,637,650,,,4261,2744545.3,69,,
2025-12-29,CLI,,482.5,466,467.9,,,36302,17052944.7,441,,
2025-12-29,CREST,,1229,1205,1205,,,6814,8262807.2,190,,
2025-12-29,CYCL,,1660,1520.3,1620,,,5155,7992239,107,,
2025-12-29,CZBIL,,197.3,191.2,195.8,,,32473,6337730,118,,
2025-12-29,DDBL,,889.9,879.9,880,,,27576,24298066.8,255,,
2025-12-29,DHEL,,576,555,562,,,38260,21430224.7,859,,
2025-12-29,DHPL,,295.9,292.2,295.9,,,4581,1345778.9,39,,
2025-12-29,DLBS,,1351.5,1304.3,1340,,,952,1259922.4,26,,
2025-12-29,DOLTI,,521.7,515,518.5,,,3426,1766969.8,50,,
2025-12-29,DORDI,,256,250.1,251.1,,,59036,14919454.4,216,,
2025-12-29,EBL,,663.9,655.3,657.5,,,23830,15706268.5,190,,
2025-12-29,EHPL,,410,396,398,,,24441,9805102.4,171,,
2025-12-29,ENL,,905,888,903.5,,,1144,1031440.5,23,,
2025-12-29,FMDBL,,795.9,782.6,782.6,,,11126,8742096.9,73,,
2025-12-29,FOWAD,,1098,1068,1081,,,2892,3117270.4,41,,
2025-12-29,GBIME,,233.2,227.5,229.9,,,100390,23041758.6,309,,
2025-12-29,GBLBS,,836.4,805.2,807,,,4702,3811105.4,122,,
2025-12-29,GCIL,,423,411,411,,,21424,8911751.3,213,,
2025-12-29,GFCL,,594.8,579,584.8,,,30556,17966380.7,174,,
2025-12-29,GHL,,215,210,211.5,,,23508,4966657.8,119,,
2025-12-29,GILB,,1193,1185,1188,,,1189,1413172.4,26,,
2025-12-29,GLBSL,,2042,1970,1975,,,869,1737319,26,,
2025-12-29,GLH,,254,246,247.9,,,13326,3311472.1,110,,
2025-12-29,GMFBS,,1510,1470,1486,,,972,1450868,25,,
2025-12-29,GMFIL,,467.9,449,459.8,,,49848,22769594.6,189,,
2025-12-29,GMLI,,1728,1705.1,1705.1,,,2185,3738445.9,84,,
2025-12-29,GUFL,,516,499,500,,,10853,5476724.7,115,,
2025-12-29,GVL,,520,507.6,507.6,,,66181,33783564.6,310,,
2025-12-29,HATHY,,914.9,892.1,900,,,11075,9960289,159,,
2025-12-29,HBL,,192.9,188.4,189.1,,,68558,13034071.5,1629,,
2025-12-29,HDHPC,,183,172,177,,,94731,16714554.5,263,,
2025-12-29,HDL,,1174,1150,1150,,,31197,36112229.9,389,,
2025-12-29,HHL,,329,319.5,324,,,81719,26488549.9,184,,
2025-12-29,HIDCL,,266.9,258,260,,,96932,25238052.9,255,,
2025-12-29,HIMSTAR,,900,846,863,,,33092,28422031.2,411,,
2025-12-29,HLBSL,,940,917.5,929,,,3581,3298072,25,,
2025-12-29,HLI,,377,372,372.5,,,33068,12360132.1,277,,
2025-12-29,HPPL,,475.9,466.2,468,,,50563,23784702.6,208,,
2025-12-29,HRL,,865,831,836,,,129486,109252168,1149,,
2025-12-29,HURJA,,227,220.2,224,,,43596,9783096.4,126,,
2025-12-29,ICFC,,650,636,636.5,,,28969,18620555.9,154,,
2025-12-29,IHL,,600,575,581,,,8714,5043897.1,123,,
2025-12-29,ILBS,,1038.4,1000,1024.9,,,13202,13355166.8,138,,
2025-12-29,ILI,,453,440.5,440.9,,,20745,9234490.7,291,,
2025-12-29,JBLB,,1470,1446,1456,,,13794,20092046.4,144,,
2025-12-29,JFL,,418,411,411,,,8062,3334538.3,63,,
2025-12-29,JHAPA,,1271.9,1228.8,1263.9,,,18557,23277144,460,,
2025-12-29,JOSHI,,297,286.4,286.4,,,68125,19829923.7,435,,
2025-12-29,JSLBB,,1179,1138.1,1179,,,410,472361.8,18,,
2025-12-29,KBL,,186.6,180,180,,,98969,17949800.6,302,,
2025-12-29,KBSH,,1704,1622,1704,,,1119,1856916.1,41,,
2025-12-29,KDL,,835,813,823,,,7655,6296213,149,,
2025-12-29,KKHC,,226,216.5,217,,,44123,9691137.9,220,,
2025-12-29,KMCDB,,1131,1026.1,1057,,,4184,4402001,113,,
2025-12-29,KPCL,,550,540,545,,,17894,9748448.1,100,,
2025-12-29,LEC,,201,196.4,196.4,,,46563,9227317.7,169,,
2025-12-29,LICN,,902,885,895,,,19140,17068719.3,133,,
2025-12-29,LLBS,,1004.7,946,1004.7,,,765,745411,18,,
2025-12-29,LSL,,217.3,212.1,212.3,,,47809,10179118,134,,
2025-12-29,MABEL,,700,684.1,695,,,12200,8441731.7,372,,
2025-12-29,MAKAR,,562,553.7,559.8,,,3564,1990705,52,,
2025-12-29,MANDU,,811,792.1,805,,,1384,1111133.3,34,,
2025-12-29,MATRI,,1015,990,1004.9,,,1362,1353999.4,38,,
2025-12-29,MBJC,,286,281,284.1,,,17273,4904423.9,216,,
2025-12-29,MBL,,224,220.2,221.9,,,48247,10722327.3,143,,
2025-12-29,MCHL,,455,447,447,,,4722,2122697.9,69,,
2025-12-29,MEHL,,440,428,428.1,,,17542,7579538.6,145,,
2025-12-29,MEL,,275.9,267,269.9,,,14072,3809252.6,195,,
2025-12-29,MEN,,577.3,563,571.5,,,60941,34582284.1,319,,
2025-12-29,MERO,,754.8,732.1,737,,,8268,6144417,56,,
2025-12-29,MFIL,,733,711,719.8,,,248452,179832752.7,650,,
2025-12-29,MHCL,,395,388,388,,,5104,1987397.7,73,,
2025-12-29,MHL,,495,485.2,487,,,27201,13342715.1,150,,
2025-12-29,MHNL,,247.9,244.3,245.9,,,5420,1331075.8,51,,
2025-12-29,MKCL,,1390,1367.5,1373.9,,,2761,3806211.7,55,,
2025-12-29,MKHC,,370,356.8,361.9,,,9325,3341815.7,92,,
2025-12-29,MKHL,,800,768.8,794,,,6081,4821333,78,,
2025-12-29,MKJC,,527,516.3,516.3,,,17862,9318969.3,113,,
2025-12-29,MLBBL,,1545,1488.2,1514.9,,,31252,46819622.5,219,,
2025-12-29,MLBS,,1484.9,1440,1440,,,805,1170027,22,,
2025-12-29,MLBSL,,1941,1940,1940,,,172,333710,10,,
2025-12-29,MMKJL,,625,600.8,617.8,,,22383,13813453.9,241,,
2025-12-29,MPFL,,618.2,589,607,,,77512,47225247.5,441,,
2025-12-29,MSHL,,875,835,854,,,7945,6756275.5,76,,
2025-12-29,MSLB,,1378,1335.1,1350,,,1465,1966652,70,,
2025-12-29,NABIL,,508.9,500,506.5,,,78664,39714119.5,554,,
2025-12-29,NADEP,,817,801.2,811,,,3488,2820085.1,50,,
2025-12-29,NBL,,244,238.5,239.9,,,35683,8541426.8,130,,
2025-12-29,NESDO,,1490,1470,1479,,,2830,4180787.5,39,,
2025-12-29,NFS,,647,626.2,628.2,,,21522,13674895.1,211,,
2025-12-29,NGPL,,404,395.1,398,,,302900,121011961.3,667,,
2025-12-29,NHDL,,739.8,695,731.9,,,98469,69378304.5,286,,
2025-12-29,NHPC,,194.9,189.2,190,,,49945,9520001,168,,
2025-12-29,NICA,,335,324,325,,,56073,18382999.4,304,,
2025-12-29,NICLBSL,,566.1,550,556,,,12945,7172215.6,139,,
2025-12-29,NIFRA,,269.5,265,267.3,,,62036,16527006.2,426,,
2025-12-29,NIMB,,196,192,192,,,75621,14603747.7,250,,
2025-12-29,NLIC,,775,760.4,766,,,40385,31170679.7,281,,
2025-12-29,NLICL,,615,609,610,,,52424,32069874.6,171,,
2025-12-29,NLO,,254.1,254.1,254.1,,,0,0,0,,
2025-12-29,NMB,,243.8,236,237,,,57270,13684182,160,,
2025-12-29,NMBMF,,721.1,693,707.6,,,10678,7508372.2,53,,
2025-12-29,NMFBS,,1330,1293.2,1317,,,2392,3151699.7,47,,
2025-12-29,NMLBBL,,655.4,633.1,637.9,,,5431,3463742.6,40,,
2025-12-29,NRIC,,1290,1255.9,1261.5,,,25923,32891080.9,262,,
2025-12-29,NRM,,430,417.1,419,,,11533,4850400.1,150,,
2025-12-29,NRN,,1405,1361,1361,,,23012,31778305.2,218,,
2025-12-29,NTC,,911,898,904.8,,,38244,34636425.7,314,,
2025-12-29,NUBL,,755,736.2,736.2,,,4407,3266911.3,63,,
2025-12-29,NWCL,,801.7,781,795,,,2195,1740185.3,65,,
2025-12-29,NYADI,,384.5,371.1,373,,,4458,1681584.5,76,,
2025-12-29,OHL,,711,688.1,708.9,,,8210,5776000.2,49,,
2025-12-29,OMPL,,1273,1237,1251.9,,,14045,17536063.1,227,,
2025-12-29,PCBL,,264,260.7,262.4,,,80011,20935523.6,245,,
2025-12-29,PFL,,369,362.1,364,,,6204,2266087.4,63,,
2025-12-29,PHCL,,274.4,267.5,268,,,34402,9262229.72,260,,
2025-12-29,PMHPL,,326,315,317.9,,,9309,2951905.7,56,,
2025-12-29,PMLI,,500,490.1,495,,,6861,3405596.3,124,,
2025-12-29,PPCL,,355.7,349,350,,,77097,27097867.7,282,,
2025-12-29,PPL,,331,318.3,322.2,,,56797,18449364.8,278,,
2025-12-29,PROFL,,458.7,445.9,453,,,7647,3461505.2,61,,
2025-12-29,PRVU,,189.7,184.1,184.1,,,115566,21520823.8,409,,
2025-12-29,PURE,,928,906,928,,,25741,23506272.9,305,,
2025-12-29,RADHI,,761,743,749.7,,,98006,73814364.7,324,,
2025-12-29,RAWA,,717.9,705.3,716,,,90,63749,9,,
2025-12-29,RFPL,,366.7,353,357,,,145332,51915289.5,561,,
2025-12-29,RHGCL,,252.1,245.5,246,,,19327,4794427.8,126,,
2025-12-29,RHPL,,277,270.1,272.9,,,19859,5410484.7,118,,
2025-12-29,RIDI,,226.3,220.7,224,,,34072,7641470.4,140,,
2025-12-29,RLFL,,428,417.1,422,,,7295,3082699.2,64,,
2025-12-29,RNLI,,484.9,472.1,472.3,,,27673,13169702.4,375,,
2025-12-29,RSDC,,665,631,639.7,,,12445,7982393,71,,
2025-12-29,RURU,,704.9,678,687,,,5540,3792336.8,95,,
2025-12-29,SAGAR,,1700,1672,1678.9,,,29857,50348098.2,732,,
2025-12-29,SAHAS,,562.9,550.4,551,,,50747,28133245.9,336,,
2025-12-29,SAIL,,827.4,763.4,818,,,104295,84409979.7,3339,,
2025-12-29,SANIMA,,330.2,319.9,319.9,,,64180,20774625.9,250,,
2025-12-29,SANVI,,661,641.3,645,,,25390,16460422.6,471,,
2025-12-29,SARBTM,,905,890,896.5,,,23593,21082998.7,119,,
2025-12-29,SBI,,412,389.5,395,,,35449,13930705.1,99,,
2025-12-29,SBL,,385,375.5,380,,,109535,41631495.2,295,,
2025-12-29,SCB,,634.9,626.2,626.5,,,8987,5637459.9,101,,
2025-12-29,SGHC,,408,388.1,388.1,,,35778,14131168.6,138,,
2025-12-29,SHEL,,283,272.5,273.6,,,105880,29294582.8,269,,
2025-12-29,SHIVM,,604,593.9,599.9,,,227658,136367219.7,638,,
2025-12-29,SHL,,493,480,488.1,,,29177,14280950.5,87,,
2025-12-29,SHLB,,1657,1626,1627.2,,,907,1485172,35,,
2025-12-29,SHPC,,535,526.1,528.9,,,83759,44433657.6,248,,
2025-12-29,SIFC,,510.9,502,503,,,7280,3686864.3,44,,
2025-12-29,SIKLES,,579,569,572.9,,,11559,6629683.8,122,,
2025-12-29,SJCL,,293.4,287,287,,,14590,4232429.6,96,,
2025-12-29,SJLIC,,477,465,468,,,76057,35590490.1,273,,
2025-12-29,SKBBL,,790,774,775.5,,,15447,12016230.2,152,,
2025-12-29,SLBBL,,959,931.5,931.5,,,25168,23646383.8,237,,
2025-12-29,SLBSL,,1329.7,1306,1324.9,,,985,1288549.9,18,,
2025-12-29,SMATA,,815,805,805,,,2393,1936798.6,60,,
2025-12-29,SMB,,1928,1882.2,1886,,,2892,5477431.3,76,,
2025-12-29,SMFBS,,1762,1639,1753,,,943,1603042.9,21,,
2025-12-29,SMH,,740,700,720,,,4947,3532283.9,75,,
2025-12-29,SMHL,,637.5,578,578,,,20755,12369699.1,221,,
2025-12-29,SMJC,,502,494.1,500,,,8247,4097579.3,110,,
2025-12-29,SMPDA,,889.5,877,889.5,,,4138,3644958.2,76,,
2025-12-29,SNLI,,495,471,474,,,74967,35778797.1,641,,
2025-12-29,SONA,,430,422.5,422.6,,,25091,10657546.2,316,,
2025-12-29,SPC,,539,520.9,524,,,21575,11328061.3,146,,
2025-12-29,SPDL,,405,392.5,393,,,170727,67820097.4,594,,
2025-12-29,SPHL,,585,563,566.9,,,23705,13479608.8,133,,
2025-12-29,SPL,,854.8,838.1,853,,,979,834471.2,19,,
2025-12-29,SRLI,,397,393.1,394,,,25291,9978855.1,228,,
2025-12-29,SSHL,,160,154,154.1,,,146263,22858280.3,527,,
2025-12-29,STC,,5543,5442.2,5514,,,3740,20547144,91,,
2025-12-29,SWASTIK,,2833,2730,2750,,,5838,16114071,344,,
2025-12-29,SWBBL,,746,735,739,,,5168,3808070.4,56,,
2025-12-29,SWMF,,691,667,680,,,2144,1437094.2,34,,
2025-12-29,SYPNL,,880,800,880,,,271908,230241936.9,11819,,
2025-12-29,TAMOR,,459,443.3,451,,,18719,8447645.8,124,,
2025-12-29,TPC,,378.3,363.2,378,,,199382,73747110.6,463,,
2025-12-29,TRH,,719,705,709,,,272,192713,8,,
2025-12-29,TSHL,,714,685,685,,,4924,3392573.7,71,,
2025-12-29,TTL,,767,745.3,750,,,43334,32691261.4,863,,
2025-12-29,TVCL,,403.1,387.2,395,,,15450,6090946.9,74,,
2025-12-29,UHEWA,,623.2,611.1,615,,,37059,22793499.8,268,,
2025-12-29,ULBSL,,3500,3435,3450,,,111,384440,7,,
2025-12-29,ULHC,,465,455.6,460,,,8399,3844943.4,115,,
2025-12-29,UMHL,,572.7,561.1,561.1,,,64087,36375835.8,180,,
2025-12-29,UMRH,,557.7,541.4,553,,,8550,4735682,56,,
2025-12-29,UNHPL,,499.8,483,483.9,,,65519,31938663.3,191,,
2025-12-29,UNL,,46552,46500.1,46552,,,20,930521,2,,
2025-12-29,UNLB,,1934,1890,1925,,,400,758955,17,,
2025-12-29,UPCL,,370,360.2,365.8,,,80686,29374711.3,267,,
2025-12-29,UPPER,,177,173,174,,,80230,14009583,388,,
2025-12-29,USHEC,,470,464,464,,,7583,3528355.3,86,,
2025-12-29,USHL,,881,842,860,,,10061,8599548.7,138,,
2025-12-29,USLB,,1502,1471,1490,,,5283,7874405.2,108,,
2025-12-29,VLBS,,781,760,765,,,1754,1344170.4,28,,
2025-12-29,VLUCL,,580,562.4,565,,,5200,2942034.6,65,,
2025-12-31,ACLBSL,,944.5,925.2,943,,,1093,1023478.1,27,,
2025-12-31,ADBL,,298.5,292,298,,,51018,15100726.3,188,,
2025-12-31,AHL,,558,548,550,,,4440,2451783.1,77,,
2025-12-31,AHPC,,279,275,277.4,,,135284,37470804.7,315,,
2025-12-31,AKJCL,,195,188,192.4,,,172436,33190542.1,451,,
2025-12-31,AKPL,,251,247,247,,,88534,22046995.3,290,,
2025-12-31,ALBSL,,1198,1160,1186,,,38414,45287334.5,197,,
2025-12-31,ALICL,,471,463.2,467.8,,,56285,26310500.1,199,,
2025-12-31,ANLB,,6110,6022,6110,,,70,423114,10,,
2025-12-31,API,,298.3,292.6,295,,,175971,51883554.6,528,,
2025-12-31,AVYAN,,938,925,938,,,2019,1870725.1,44,,
2025-12-31,BANDIPUR,,788,748,774.2,,,204920,158837876,3013,,
2025-12-31,BARUN,,323.9,318,318,,,62539,19941315.9,219,,
2025-12-31,BBC,,4888.7,4840,4877,,,166,806219,13,,
2025-12-31,BEDC,,548.9,539,540,,,7177,3896022.3,100,,
2025-12-31,BFC,,474,460,462,,,12443,5767673.2,99,,
2025-12-31,BGWT,,790.5,765,765,,,1238,952904,32,,
2025-12-31,BHCL,,497.5,475.1,490,,,105576,51840448.3,1195,,
2025-12-31,BHDC,,485,475,485,,,46507,22428645.8,252,,
2025-12-31,BHL,,180,176,178.8,,,81675,14642286.2,309,,
2025-12-31,BHPL,,527,515.1,520,,,62163,32409390.4,288,,
2025-12-31,BNHC,,448.6,441,441,,,3930,1745974,56,,
2025-12-31,BNL,,16221.9,16221.9,16221.9,,,10,162219,1,,
2025-12-31,BNT,,12335,11858,12335,,,20,241930,2,,
2025-12-31,BPCL,,741.9,724,741.9,,,147872,108604984.2,381,,
2025-12-31,BUNGAL,,604,586.5,592,,,57437,34113523.7,794,,
2025-12-31,CBBL,,940,929,937,,,28957,27113212.7,428,,
2025-12-31,CFCL,,486,476.3,477,,,7518,3618917.2,44,,
2025-12-31,CGH,,870,863,865,,,13678,11838716.4,87,,
2025-12-31,CHCL,,510,502.2,506.9,,,134557,68041541.3,600,,
2025-12-31,CHDC,,2284.9,2207.7,2260,,,24051,54409022.2,195,,
2025-12-31,CHL,,264,250.4,261,,,55493,14474287.5,250,,
2025-12-31,CIT,,1858,1838,1844,,,3462,6389999,85,,
2025-12-31,CITY,,484,475,480.4,,,8012,3844553.1,143,,
2025-12-31,CKHL,,668,637,665,,,10551,6971631.8,110,,
2025-12-31,CLI,,477.5,468.2,470,,,38232,18001672.5,463,,
2025-12-31,CREST,,1220,1200.5,1219.5,,,6880,8323447,233,,
2025-12-31,CYCL,,1587.6,1528,1580,,,2795,4347532.8,58,,
2025-12-31,CZBIL,,197.2,191.9,197,,,36910,7231779.4,120,,
2025-12-31,DDBL,,806.7,800,803.9,,,6718,5400716.6,105,,
2025-12-31,DHEL,,576,556,571,,,56574,32128390.9,1140,,
2025-12-31,DHPL,,297,294,295.9,,,5866,1727184.5,37,,
2025-12-31,DLBS,,1349,1310.1,1339,,,672,887834.8,20,,
2025-12-31,DOLTI,,528.8,510,514.7,,,11231,5791549.6,113,,
2025-12-31,DORDI,,262,250.7,260,,,120832,30933345.4,355,,
2025-12-31,EBL,,664,657.1,663,,,24223,16036012.6,190,,
2025-12-31,EHPL,,405,393,395,,,36803,14684021.1,211,,
2025-12-31,ENL,,914,886,900,,,1396,1259558.5,26,,
2025-12-31,FMDBL,,789.8,776,779.9,,,9746,7617985.8,105,,
2025-12-31,FOWAD,,1087,1080,1087,,,1134,1229712.4,19,,
2025-12-31,GBIME,,232,228,228,,,67132,15431230.9,290,,
2025-12-31,GBLBS,,820,805,805,,,4683,3790911,108,,
2025-12-31,GCIL,,420,415,416.6,,,12141,5072373.1,244,,
2025-12-31,GFCL,,593.7,581,588,,,8887,5214013.1,71,,
2025-12-31,GHL,,214,210.2,211.6,,,52426,11127639.3,144,,
2025-12-31,GILB,,1186.9,1175,1180,,,1726,2039094.5,39,,
2025-12-31,GLBSL,,2000,1950.2,1965,,,1324,2637274.2,21,,
2025-12-31,GLH,,250,246.1,247.2,,,18970,4718994.7,145,,
2025-12-31,GMFBS,,1524,1482.1,1524,,,370,556677,17,,
2025-12-31,GMFIL,,465,452,459.9,,,40609,18681972.1,173,,
2025-12-31,GMLI,,1773,1720,1722,,,2734,4755987.6,85,,
2025-12-31,GUFL,,519,490.5,505,,,9499,4761798.9,87,,
2025-12-31,GVL,,524.6,499.2,510,,,349744,177903413,613,,
2025-12-31,HATHY,,910,888,888,,,17405,15560610.5,205,,
2025-12-31,HBL,,192,187,190.6,,,42947,8149856,1801,,
2025-12-31,HDHPC,,179.6,174,177.1,,,42014,7460337,133,,
2025-12-31,HDL,,1165,1151,1164,,,32838,38133158.3,339,,
2025-12-31,HHL,,329.8,324,324.9,,,37574,12226415.2,194,,
2025-12-31,HIDCL,,262.9,258.1,261.9,,,83344,21752620.5,254,,
2025-12-31,HIMSTAR,,878,841,841,,,27418,23476598.1,378,,
2025-12-31,HLBSL,,944.5,923.1,944,,,2305,2163230.4,26,,
2025-12-31,HLI,,385,365.2,370.9,,,41736,15560057.9,342,,
2025-12-31,HPPL,,476.8,466,469,,,35011,16430425.7,153,,
2025-12-31,HRL,,854,830.1,846.1,,,152430,129159132.4,1356,,
2025-12-31,HURJA,,229.9,224,224.5,,,53497,12123361.3,161,,
2025-12-31,ICFC,,646.9,630,635,,,27004,17236629.8,110,,
2025-12-31,IHL,,604,555.1,560,,,26572,15223849.6,194,,
2025-12-31,ILBS,,1064,986,998,,,25402,25460235.2,153,,
2025-12-31,ILI,,445,440,441.2,,,17192,7601639.9,362,,
2025-12-31,JBLB,,1476,1450,1465.5,,,5268,7705503.3,132,,
2025-12-31,JFL,,417,409.1,412,,,5849,2416743.7,58,,
2025-12-31,JHAPA,,1295,1250,1285,,,19484,24917534.6,458,,
2025-12-31,JOSHI,,292,286.1,286.1,,,27003,7806367.1,171,,
2025-12-31,JSLBB,,1194,1155.5,1179.9,,,1226,1439950.4,33,,
2025-12-31,KBL,,183.4,180,180.2,,,132673,23998519,329,,
2025-12-31,KBSH,,1737,1701.3,1720,,,415,719376,13,,
2025-12-31,KDL,,825,797,810,,,10049,8077022.9,167,,
2025-12-31,KKHC,,221,214.5,217,,,49409,10731807.6,184,,
2025-12-31,KMCDB,,1119,1035.9,1087,,,16189,17248828.5,191,,
2025-12-31,KPCL,,549,537,543,,,48168,26062232.3,155,,
2025-12-31,LEC,,200,196,196.1,,,68376,13488961.5,189,,
2025-12-31,LICN,,905,896,905,,,28378,25525581.4,224,,
2025-12-31,LLBS,,996,961,989,,,200,197417,5,,
2025-12-31,LSL,,215,212,215,,,54149,11556874.7,186,,
2025-12-31,MABEL,,702,685,687.4,,,32463,22496225.9,598,,
2025-12-31,MAKAR,,568.9,548.7,548.7,,,1980,1091582,62,,
2025-12-31,MANDU,,805,796.1,797.1,,,1524,1218245,49,,
2025-12-31,MATRI,,1011,987,1011,,,4484,4504478.4,59,,
2025-12-31,MBJC,,286,280.3,284,,,13048,3701736.1,253,,
2025-12-31,MBL,,226,222,224.8,,,69659,15628871,144,,
2025-12-31,MCHL,,442,426,431.1,,,25570,11060643.6,212,,
2025-12-31,MEHL,,450,428,431,,,36017,15535844.3,219,,
2025-12-31,MEL,,279.4,265,269.8,,,15671,4243681.5,211,,
2025-12-31,MEN,,582.9,569.1,569.1,,,72709,41498026.5,287,,
2025-12-31,MERO,,750,730,750,,,9838,7293826.8,76,,
2025-12-31,MFIL,,727,706,717.6,,,80597,57547088.5,364,,
2025-12-31,MHCL,,395.7,382.1,390,,,12269,4761694.2,117,,
2025-12-31,MHL,,495.9,487.2,487.2,,,8702,4289844.6,78,,
2025-12-31,MHNL,,248,243.5,247,,,18161,4443309.5,63,,
2025-12-31,MKCL,,1387,1360,1365,,,6837,9361076.4,96,,
2025-12-31,MKHC,,363,355,358,,,6263,2239302.2,103,,
2025-12-31,MKHL,,795.6,779.5,785,,,1030,813932,46,,
2025-12-31,MKJC,,536.5,519,519.1,,,50042,26476376,112,,
2025-12-31,MLBBL,,1368,1305,1341,,,4985,6655300.5,69,,
2025-12-31,MLBS,,1472,1431.1,1458.9,,,1251,1810819,31,,
2025-12-31,MLBSL,,1969,1927.1,1969,,,966,1865066,24,,
2025-12-31,MMKJL,,650,605.5,627,,,37956,23864202.5,332,,
2025-12-31,MPFL,,621.9,600,613,,,106324,65198459.2,265,,
2025-12-31,MSHL,,865,845.2,845.7,,,922,784789,22,,
2025-12-31,MSLB,,1360,1337,1339.9,,,3541,4775392.4,72,,
2025-12-31,NABIL,,502,494.7,496.7,,,65111,32322187.3,621,,
2025-12-31,NADEP,,819,811,817.9,,,1435,1169870.2,39,,
2025-12-31,NBL,,244,237,238.9,,,34356,8192904.7,162,,
2025-12-31,NESDO,,1508,1477,1495,,,401,593525.6,19,,
2025-12-31,NFS,,638.8,619.5,619.5,,,32471,20403704.1,154,,
2025-12-31,NGPL,,404.9,398,398.9,,,279392,112235340.1,684,,
2025-12-31,NHDL,,796,681.1,738,,,166252,118822579.7,625,,
2025-12-31,NHPC,,194,187,190.9,,,30440,5774659.6,109,,
2025-12-31,NICA,,332,324.6,327,,,45656,14965752.8,246,,
2025-12-31,NICLBSL,,561,552.5,558.6,,,8863,4927195.9,117,,
2025-12-31,NIFRA,,269.8,266.1,266.7,,,53815,14391180.2,403,,
2025-12-31,NIMB,,195.5,191,193,,,90433,17531694.9,231,,
2025-12-31,NLIC,,778.8,768,774.9,,,37759,29215797.9,267,,
2025-12-31,NLICL,,614,605,605,,,41247,25109134.8,148,,
2025-12-31,NLO,,254.1,254.1,254.1,,,0,0,0,,
2025-12-31,NMB,,243.9,238.2,238.2,,,47350,11377339.7,155,,
2025-12-31,NMBMF,,707.6,685,697.6,,,4031,2797256.4,38,,
2025-12-31,NMFBS,,1336.9,1315.1,1319.1,,,3398,4490102.2,58,,
2025-12-31,NMLBBL,,650,634.5,643,,,7062,4509963.2,54,,
2025-12-31,NRIC,,1286,1256,1259,,,49295,62574439,262,,
2025-12-31,NRM,,425,412.1,417.3,,,16397,6892116.7,197,,
2025-12-31,NRN,,1386,1361,1366,,,21675,29800300.1,163,,
2025-12-31,NTC,,909,900,905,,,40304,36498409.6,346,,
2025-12-31,NUBL,,753.8,740,746,,,19136,14348077.9,169,,
2025-12-31,NWCL,,842,780.3,810.1,,,4352,3530550,110,,
2025-12-31,NYADI,,410.3,373,410.3,,,43213,17300939.7,260,,
2025-12-31,OHL,,715,700,708,,,8712,6153927.5,42,,
2025-12-31,OMPL,,1285,1231,1267,,,23427,29622646.5,376,,
2025-12-31,PCBL,,265,262,263.3,,,155355,41012894.4,348,,
2025-12-31,PFL,,368.9,361.6,364,,,5653,2054099.7,55,,
2025-12-31,PHCL,,273,266,270,,,115221,30938564.1,387,,
2025-12-31,PMHPL,,323,316,317,,,19465,6213236.4,84,,
2025-12-31,PMLI,,505,495,504,,,8566,4285254,180,,
2025-12-31,PPCL,,355.9,346.5,349.8,,,36067,12629483.4,134,,
2025-12-31,PPL,,328.5,318.8,320,,,50112,16179890.4,252,,
2025-12-31,PROFL,,460,445.7,453.8,,,5874,2670813.1,55,,
2025-12-31,PRVU,,188,185,186.2,,,80045,14928460.9,309,,
2025-12-31,PURE,,1001,911,988,,,92718,88745682,901,,
2025-12-31,RADHI,,759.1,744.4,754,,,115779,87335366.9,266,,
2025-12-31,RAWA,,728.9,706,718,,,453,323764,29,,
2025-12-31,RFPL,,365,351.1,359,,,73967,26685978.5,393,,
2025-12-31,RHGCL,,254,243.1,247.1,,,32180,8028073.4,201,,
2025-12-31,RHPL,,274.9,269,272,,,21052,5732782,152,,
2025-12-31,RIDI,,227,222.2,224,,,37964,8549659.7,143,,
2025-12-31,RLFL,,430.4,419,423.9,,,17935,7630755.3,76,,
2025-12-31,RNLI,,481.7,472.2,476,,,37483,17841459.1,417,,
2025-12-31,RSDC,,652,627,639.9,,,9739,6181185.3,63,,
2025-12-31,RURU,,694,668,670,,,45809,30945480.7,206,,
2025-12-31,SAGAR,,1725,1676.6,1678,,,31924,54196375.4,898,,
2025-12-31,SAHAS,,557.8,551,552,,,64377,35693047.7,360,,
2025-12-31,SAIL,,870,810,851.2,,,159892,135846288.2,2931,,
2025-12-31,SANIMA,,324.9,318.5,322,,,52786,17011494.7,186,,
2025-12-31,SANVI,,659.8,640,657,,,38117,24923805,554,,
2025-12-31,SARBTM,,907.8,893,898,,,26238,23586398.1,105,,
2025-12-31,SBI,,427,391.2,407.9,,,170585,68115644.1,224,,
2025-12-31,SBL,,382.5,375,376.9,,,67953,25779554.8,182,,
2025-12-31,SCB,,634,624.1,631,,,12802,8063574.5,138,,
2025-12-31,SGHC,,411,386,391.1,,,84474,33314901,228,,
2025-12-31,SHEL,,278.8,272.4,275.6,,,86535,23880819.8,292,,
2025-12-31,SHIVM,,610.2,590,608,,,204930,124389899.5,848,,
2025-12-31,SHL,,493,485,492,,,25981,12713319.8,92,,
2025-12-31,SHLB,,1626,1555,1585,,,2666,4225745.5,71,,
2025-12-31,SHPC,,537,530,530,,,59726,31907688.2,252,,
2025-12-31,SIFC,,512.9,500,501,,,5517,2781572.5,37,,
2025-12-31,SIKLES,,578,567.3,571,,,16337,9345295.1,90,,
2025-12-31,SJCL,,290,284.7,285,,,17681,5067768.4,115,,
2025-12-31,SJLIC,,477.3,463.1,466.8,,,136732,64162734.2,377,,
2025-12-31,SKBBL,,784.9,775,776.9,,,13258,10295222.6,129,,
2025-12-31,SLBBL,,949.9,935,947.6,,,27236,25662154.5,217,,
2025-12-31,SLBSL,,1330,1300.5,1320,,,1756,2302116.6,40,,
2025-12-31,SMATA,,818.9,800.2,800.7,,,5608,4521235.8,114,,
2025-12-31,SMB,,1791.9,1740,1740,,,2930,5149090.5,102,,
2025-12-31,SMFBS,,1718,1684,1684,,,857,1445226.4,15,,
2025-12-31,SMH,,715,696,707.9,,,5760,4039640.9,77,,
2025-12-31,SMHL,,588,560,565.9,,,22896,13049945.9,239,,
2025-12-31,SMJC,,510,489.2,494.3,,,9972,4924447.6,128,,
2025-12-31,SMPDA,,895,875,889,,,2562,2271816.8,55,,
2025-12-31,SNLI,,475.9,470.1,473.8,,,45337,21401520.6,420,,
2025-12-31,SONA,,430,422.8,426,,,36506,15608582.1,388,,
2025-12-31,SPC,,534,515.4,533,,,38081,20164532,222,,
2025-12-31,SPDL,,399.2,388.2,388.2,,,57045,22435040.4,218,,
2025-12-31,SPHL,,575,553,560,,,23235,13024849.5,150,,
2025-12-31,SPL,,850,834,835,,,220,183892,14,,
2025-12-31,SRLI,,400,393,395,,,34874,13825308.7,270,,
2025-12-31,SSHL,,157,154,154.3,,,89995,13998906.6,363,,
2025-12-31,STC,,5584,5480,5525,,,1555,8562960,40,,
2025-12-31,SWASTIK,,2800,2745.3,2764,,,5950,16476770.1,298,,
2025-12-31,SWBBL,,748,738,739,,,5158,3835829.4,48,,
2025-12-31,SWMF,,684,668.3,684,,,1831,1239317.5,35,,
2025-12-31,SYPNL,,968,870,968,,,96982,92354539.9,3373,,
2025-12-31,TAMOR,,454,445.5,446,,,16481,7386575,187,,
2025-12-31,TPC,,384.4,371,372.2,,,108649,40915456.4,327,,
2025-12-31,TRH,,715,705,705.1,,,2206,1565899.3,28,,
2025-12-31,TSHL,,718,681.2,718,,,11151,7859526.2,140,,
2025-12-31,TTL,,784,749,777,,,58453,45218822,1062,,
2025-12-31,TVCL,,395,388.2,389,,,27361,10679344.3,167,,
2025-12-31,UHEWA,,627,616,624,,,79237,49328086.7,499,,
2025-12-31,ULBSL,,3500,3390,3475.9,,,254,867510.5,16,,
2025-12-31,ULHC,,469,460,465.4,,,13437,6240198.8,134,,
2025-12-31,UMHL,,569,561.3,563.9,,,30400,17147747,122,,
2025-12-31,UMRH,,564,548,548,,,9579,5298886.6,66,,
2025-12-31,UNHPL,,493.5,478.1,481.9,,,215733,103833764.7,445,,
2025-12-31,UNL,,47500,47000,47199,,,80,3783980,8,,
2025-12-31,UNLB,,1930,1891,1919,,,1652,3150150,17,,
2025-12-31,UPCL,,367.9,362,362.5,,,67879,24770077.7,251,,
2025-12-31,UPPER,,176,173.6,173.6,,,76181,13293217,339,,
2025-12-31,USHEC,,472.9,461,462,,,5145,2392848,72,,
2025-12-31,USHL,,859,840.1,849,,,13658,11549820.6,107,,
2025-12-31,USLB,,1500,1470.1,1475,,,3866,5733506.6,80,,
2025-12-31,VLBS,,780.2,761,767,,,1168,894491.6,37,,
2025-12-31,VLUCL,,590,565,570,,,10845,6293185,133,,
