date,symbol,open,high,low,close,prev_close,vwap,volume,turnover,trades,week_52_high,week_52_low
2026-08-03,ACLBSL,,940,921.1,939.9,,,572,533550.6,19,,
2026-08-03,ADBL,,326,306.5,325,,,134712,43660537.1,268,,
2026-08-03,AHL,,425,411,415.7,,,1270,529016.3,39,,
2026-08-03,AHPC,,273,268,271,,,44826,12124819.4,198,,
2026-08-03,AKJCL,,370,361.2,362,,,238164,87236636.2,483,,
2026-08-03,AKPL,,264,257,260.2,,,32452,8473582.7,151,,
2026-08-03,ALBSL,,1140,1075,1107.7,,,18794,20758911.9,141,,
2026-08-03,ALICL,,433.6,430,432,,,6775,2922479,56,,
2026-08-03,ANLB,,6050,5500,5628,,,7546,41673971.5,100,,
2026-08-03,APHL,,860,815,838,,,21739,18451513.1,404,,
2026-08-03,API,,340,332.3,334.5,,,131466,43961775.5,475,,
2026-08-03,AVYAN,,1050,1020,1021,,,1660,1711470,34,,
2026-08-03,BANDIPUR,,739,718,724,,,12012,8712027,320,,
2026-08-03,BARUN,,332.6,323.7,325.1,,,16158,5269065.5,77,,
2026-08-03,BBC,,4380,4221,4235,,,130,560138,13,,
2026-08-03,BEDC,,325.5,320,325,,,18635,6029654.3,123,,
2026-08-03,BFC,,519.7,503,503.2,,,27985,14164857.5,170,,
2026-08-03,BGWT,,595.5,560,575,,,3913,2231485.8,69,,
2026-08-03,BHCL,,515,496.1,497,,,18887,9475512.5,290,,
2026-08-03,BHDC,,439.9,432,432,,,3579,1554068.8,64,,
2026-08-03,BHL,,215,212,212.9,,,55478,11827097.9,275,,
2026-08-03,BHPL,,490,471,479,,,5595,2673939.5,46,,
2026-08-03,BJHL,,748,695,719,,,10916,7839169.1,195,,
2026-08-03,BNHC,,284.9,279.3,281,,,13287,3727509.1,119,,
2026-08-03,BNL,,14700,14700,14700,,,0,0,0,,
2026-08-03,BNT,,11000.5,11000.5,11000.5,,,0,0,0,,
2026-08-03,BPCL,,658,636.1,656.5,,,12784,8331570.9,97,,
2026-08-03,BUNGAL,,608,590,594.9,,,16454,9859905.7,277,,
2026-08-03,CBBL,,945,932.1,934.2,,,6023,5631434.2,101,,
2026-08-03,CFCL,,670,629,660,,,133958,88986721,323,,
2026-08-03,CGH,,792,771.1,788.9,,,8121,6405886.2,66,,
2026-08-03,CHCL,,500,493,497.5,,,57188,28479507.7,229,,
2026-08-03,CHDC,,2250,2220,2225,,,11759,26222119.3,126,,
2026-08-03,CHL,,272,264,266,,,13213,3553398.6,69,,
2026-08-03,CIT,,1739.9,1700,1720,,,1698,2917632.7,75,,
2026-08-03,CITY,,374,367,369,,,52443,19392604.1,280,,
2026-08-03,CKHL,,606.9,586.9,597,,,12069,7200921,18,,
2026-08-03,CLI,,450,442,448.5,,,6668,2973241.3,226,,
2026-08-03,CREST,,1215,1150.1,1195,,,12935,15371773.3,148,,
2026-08-03,CYCL,,1330,1300,1300,,,1959,2554280,64,,
2026-08-03,CZBIL,,211.4,206,208.9,,,114286,23952917.1,229,,
2026-08-03,DDBL,,840,830,835,,,7033,5882501.8,61,,
2026-08-03,DHEL,,600,582,582,,,36329,21496306.8,298,,
2026-08-03,DHPL,,295,285,289,,,10771,3088230.6,43,,
2026-08-03,DLBS,,1195,1190,1190,,,164,195150,9,,
2026-08-03,DOLTI,,328.9,317,324.9,,,23185,7472509.9,131,,
2026-08-03,DORDI,,258.2,253,254.9,,,26385,6748154.1,144,,
2026-08-03,EBL,,735,728.1,730,,,29414,21509003.3,226,,
2026-08-03,ECL,,1505.6,1374.7,1505.6,,,73580,106631113,7120,,
2026-08-03,EHPL,,358.4,341.5,346.3,,,8105,2807248.3,91,,
2026-08-03,ENL,,824,798.4,813,,,672,540907.1,14,,
2026-08-03,FMDBL,,783,765.2,772.7,,,3091,2378246.1,26,,
2026-08-03,FOWAD,,977,950,965,,,1326,1269181.1,36,,
2026-08-03,GBIME,,267,250,262.2,,,738612,194968821.6,1239,,
2026-08-03,GBLBS,,759.9,736.7,752,,,1930,1432016,35,,
2026-08-03,GCIL,,367.5,355.1,355.1,,,15333,5477787.7,151,,
2026-08-03,GFCL,,620,610,610,,,3702,2270259,37,,
2026-08-03,GHL,,231,225.3,227.7,,,17585,4013473.8,79,,
2026-08-03,GILB,,1109.9,1092,1100,,,1993,2177946.8,18,,
2026-08-03,GLBSL,,1830,1775.5,1780,,,97,173265.7,5,,
2026-08-03,GLH,,263.9,257,257.1,,,38705,10064014.1,186,,
2026-08-03,GMFBS,,1249,1190.2,1230,,,844,1015799.4,27,,
2026-08-03,GMFIL,,476.6,465,472.5,,,10160,4743841.5,67,,
2026-08-03,GMLI,,1177,1132.3,1145,,,3513,4014013.4,58,,
2026-08-03,GUFL,,584.2,571,574,,,19694,11337991.8,133,,
2026-08-03,GVL,,492,483,483.4,,,14857,7220066.5,81,,
2026-08-03,HATHY,,722,697,705,,,5364,3774543.8,91,,
2026-08-03,HBL,,206,192.5,202.9,,,86099,17500890.4,1001,,
2026-08-03,HDHPC,,217,210.1,212.5,,,99278,21254053.7,236,,
2026-08-03,HDL,,1175.3,1165,1171,,,33432,39147261.9,297,,
2026-08-03,HFIN,,738,715,725,,,22860,16598258.6,579,,
2026-08-03,HHL,,345,336,337.5,,,9114,3081762.1,61,,
2026-08-03,HIDCL,,271.7,258,259.2,,,37351,9668125.7,193,,
2026-08-03,HIMSTAR,,760.5,726.2,738.7,,,2599,1901922,62,,
2026-08-03,HLBSL,,900,888.2,894,,,2098,1872508.3,43,,
2026-08-03,HLI,,329.9,321.3,324,,,27460,8916723.1,225,,
2026-08-03,HPPL,,385,376,377,,,84917,32370486.7,336,,
2026-08-03,HRL,,609.9,595,595,,,62706,37605228.9,611,,
2026-08-03,HURJA,,242,236.3,237.9,,,48508,11612488.5,211,,
2026-08-03,ICFC,,614,610,611,,,7604,4651832.2,60,,
2026-08-03,IHL,,363,350,358,,,5772,2044695.5,67,,
2026-08-03,ILBS,,898,860,898,,,895,789157.4,18,,
2026-08-03,ILI,,425,415.1,416.3,,,5878,2460141.5,216,,
2026-08-03,JBLB,,1290,1260,1274,,,2776,3546316.7,83,,
2026-08-03,JFL,,403,390,396,,,3464,1370723.4,43,,
2026-08-03,JHAPA,,1171,1122,1139,,,3132,3559460,65,,
2026-08-03,JOSHI,,292,278.1,285,,,80370,23090052.4,346,,
2026-08-03,JSLBB,,1028,990,990,,,847,846187,15,,
2026-08-03,KAHL,,576,533,537.1,,,41714,22681976.2,2058,,
2026-08-03,KBL,,228,214,224.8,,,437791,98521765.1,681,,
2026-08-03,KBSH,,965,935,940,,,19203,18135129.5,237,,
2026-08-03,KDL,,812.9,770,775,,,1312,1032948,30,,
2026-08-03,KHPL,,885,850.1,860,,,10196,8764893.2,216,,
2026-08-03,KKHC,,295,285.5,287,,,117485,34232056.1,346,,
2026-08-03,KMCDB,,789.7,750,777.9,,,1097,839084.9,25,,
2026-08-03,KPCL,,477.1,469.1,472,,,6263,2943753.7,38,,
2026-08-03,LEC,,229.9,225,225.1,,,79082,17864101.3,181,,
2026-08-03,LICN,,805,782.1,790,,,5019,3933677.1,34,,
2026-08-03,LLBS,,900,893,893,,,170,152650,3,,
2026-08-03,LSL,,232.1,217,229.4,,,206249,47527444.7,315,,
2026-08-03,MABEL,,618,593.6,599.8,,,7224,4385599.9,125,,
2026-08-03,MAKAR,,443.4,438.2,439.9,,,9267,4087596,70,,
2026-08-03,MANDU,,815,800,801,,,2241,1798615.4,53,,
2026-08-03,MATRI,,834,811,834,,,278,228890.9,17,,
2026-08-03,MBJC,,274,265.7,268.9,,,18771,5036630.5,239,,
2026-08-03,MBL,,264.4,246.5,261,,,173570,45390834,274,,
2026-08-03,MCHL,,283.9,280,283.9,,,974,274390.8,31,,
2026-08-03,MEHL,,305,297.1,299.9,,,2855,853998.5,53,,
2026-08-03,MEL,,219.5,214.1,217.8,,,3248,707527.4,106,,
2026-08-03,MEN,,605,597,602,,,50652,30433273,277,,
2026-08-03,MERO,,680.8,670.1,672.1,,,3192,2147265.5,36,,
2026-08-03,MFIL,,810,762,784.8,,,16938,13231099.7,72,,
2026-08-03,MHCL,,326.9,311,318,,,11004,3476117.8,124,,
2026-08-03,MHL,,482,468.4,476,,,1866,885344.6,39,,
2026-08-03,MHNL,,243.9,238.2,240.9,,,16325,3909386.5,57,,
2026-08-03,MKCL,,1125,1091,1105,,,1754,1933884.5,52,,
2026-08-03,MKHC,,290,285,286,,,2648,758646.1,44,,
2026-08-03,MKHL,,504,495,502,,,5048,2525891.3,46,,
2026-08-03,MKJC,,475,457.2,466,,,5108,2376321.5,32,,
2026-08-03,MLBBL,,1150,1130.1,1139,,,1217,1383705.9,29,,
2026-08-03,MLBS,,1200,1146,1158,,,260,302490,14,,
2026-08-03,MLBSL,,1751,1615,1615,,,607,1011834.5,28,,
2026-08-03,MMKJL,,482,475,481.7,,,2117,1008891,42,,
2026-08-03,MPFL,,629.6,612.5,612.5,,,5730,3545698,29,,
2026-08-03,MSHL,,612,606.4,612,,,577,351740.7,14,,
2026-08-03,MSLB,,1318,1250,1317,,,22297,28606817,308,,
2026-08-03,NABIL,,568,528.2,557.1,,,53226,29781333.1,510,,
2026-08-03,NADEP,,748.8,725,740,,,749,545098,17,,
2026-08-03,NBL,,273,257,272,,,97552,26396444.2,263,,
2026-08-03,NESDO,,1500,1466,1490,,,202,298177.5,15,,
2026-08-03,NFS,,600,571.6,571.6,,,5830,3368510,67,,
2026-08-03,NGPL,,413,400,407.2,,,56271,23014549.1,237,,
2026-08-03,NHDL,,649,632.1,643,,,1093,700380.9,26,,
2026-08-03,NHPC,,279,261.4,273.2,,,270002,74262194.7,640,,
2026-08-03,NICA,,356.3,320,337.9,,,49827,16776771,261,,
2026-08-03,NICLBSL,,570,556,559,,,8118,4566418.6,90,,
2026-08-03,NIFRA,,252,247,247,,,76079,18897183.7,425,,
2026-08-03,NIMB,,204.2,190,200.8,,,168350,34059912.1,463,,
2026-08-03,NLIC,,760,751,759.9,,,22489,17047046.2,135,,
2026-08-03,NLICL,,579,564,572,,,36736,20894752.4,101,,
2026-08-03,NLO,,269.4,269.4,269.4,,,0,0,0,,
2026-08-03,NMB,,253,237.5,248,,,85413,21306777.1,214,,
2026-08-03,NMBMF,,626,616,625,,,510,316273,8,,
2026-08-03,NMFBS,,1120,1113,1113.4,,,4457,4980451,54,,
2026-08-03,NMLBBL,,531,516,523.9,,,4606,2421973.7,50,,
2026-08-03,NRIC,,979.9,951.8,956,,,21392,20666868.2,198,,
2026-08-03,NRM,,318,310.1,313,,,3250,1024325.5,63,,
2026-08-03,NRN,,1450,1356,1417,,,108905,151560667.7,347,,
2026-08-03,NTC,,875.1,857.1,860,,,27525,23823621.6,265,,
2026-08-03,NUBL,,624.9,611,621.9,,,856,531062.1,26,,
2026-08-03,NWCL,,710.2,697.1,709.9,,,1543,1085561,33,,
2026-08-03,NYADI,,377,366.3,372.8,,,2444,909428.9,67,,
2026-08-03,OHL,,684,658,678.6,,,2620,1736233.7,35,,
2026-08-03,OMPL,,950,920.1,936,,,2422,2263727.9,88,,
2026-08-03,PCBL,,249.8,245.2,246.5,,,71311,17623542.7,216,,
2026-08-03,PCIL,,671,641,650,,,35221,23103005.3,936,,
2026-08-03,PFL,,364,364,364,,,0,0,0,,
2026-08-03,PHCL,,302.8,298,298,,,41767,12474451.4,196,,
2026-08-03,PMHPL,,325,309,318.5,,,4488,1429144,34,,
2026-08-03,PMLI,,446,441.3,441.3,,,2835,1253326.2,99,,
2026-08-03,PPCL,,348,328.7,348,,,23601,8124309.3,66,,
2026-08-03,PPL,,329.8,310,322,,,28178,9148796,137,,
2026-08-03,PROFL,,436,430,432,,,2347,1015336.4,19,,
2026-08-03,PRVU,,199,187.7,196,,,109428,21624379.9,369,,
2026-08-03,PURE,,873,844,850,,,6331,5387271.6,104,,
2026-08-03,RADHI,,742.6,700,730,,,46959,33681536.6,239,,
2026-08-03,RAWA,,434,423.4,423.4,,,22450,9623494.3,125,,
2026-08-03,RFPL,,340,330.1,334.9,,,19056,6394540.4,131,,
2026-08-03,RHGCL,,266,258.3,262.9,,,17837,4673362,114,,
2026-08-03,RHPL,,260,255.5,257.3,,,16246,4193908.7,121,,
2026-08-03,RIDI,,376,366,367.8,,,560763,208233148.6,905,,
2026-08-03,RLEL,,916,865,909.9,,,17588,15844224.2,301,,
2026-08-03,RLFL,,470.7,460,466.8,,,14449,6685255.5,74,,
2026-08-03,RNLI,,445,430,442.9,,,9208,4074855.4,245,,
2026-08-03,RSDC,,645,640.2,640.5,,,1446,928280.5,23,,
2026-08-03,RSML,,3148,2775,2780,,,95826,276287011.9,1983,,
2026-08-03,RURU,,619,610,613,,,6021,3695687.3,51,,
2026-08-03,SAGAR,,1791,1700,1779.9,,,25363,44644757.4,271,,
2026-08-03,SAHAS,,683,666,677.7,,,173114,116875975,1085,,
2026-08-03,SAIL,,1229,1055,1144.4,,,132563,150538208,1335,,
2026-08-03,SANIMA,,378,354.1,374.2,,,92433,34647052.1,316,,
2026-08-03,SANVI,,620,596,605,,,6953,4233824.8,147,,
2026-08-03,SARBTM,,799,790,795,,,4484,3548941.9,56,,
2026-08-03,SBI,,415,388,408,,,12594,5144034.6,63,,
2026-08-03,SBL,,424.7,394,420,,,247131,103713778.9,431,,
2026-08-03,SCB,,665,618.5,651,,,17434,11379156.8,93,,
2026-08-03,SGHC,,322.9,312,316.9,,,49048,15515813.8,183,,
2026-08-03,SGHL,,544.8,520,529.6,,,101464,54010877.8,3825,,
2026-08-03,SHEL,,309,306.6,307,,,45753,14078483.3,198,,
2026-08-03,SHIVM,,650,642,646.5,,,71310,46089393.4,285,,
2026-08-03,SHL,,504,498,500,,,23716,11890689.3,64,,
2026-08-03,SHLB,,1511,1430,1489.8,,,1192,1714046,23,,
2026-08-03,SHPC,,508,500.3,503,,,29198,14666639.5,94,,
2026-08-03,SIFC,,525,510,514.2,,,24228,12432545,54,,
2026-08-03,SIKLES,,569.9,556.3,560,,,11913,6651990.9,46,,
2026-08-03,SIPD,,709.6,661,697,,,46085,32043492.4,616,,
2026-08-03,SJCL,,276,271,273,,,4175,1143404.2,69,,
2026-08-03,SJLIC,,422,412,417,,,14940,6251200.2,135,,
2026-08-03,SKBBL,,761.1,756.5,759.1,,,14511,11016501.2,99,,
2026-08-03,SKHEL,,1023,945,993,,,1821,1790892.2,75,,
2026-08-03,SKHL,,980,857.5,914,,,15442,14013497.5,421,,
2026-08-03,SLBBL,,815,808,809,,,3294,2668920.4,41,,
2026-08-03,SLBSL,,1100,1060,1060,,,2121,2268170,45,,
2026-08-03,SMATA,,740,731,735,,,1732,1275233,40,,
2026-08-03,SMB,,1860,1836,1845,,,176,324550,9,,
2026-08-03,SMFBS,,1544,1502,1544,,,299,456001,18,,
2026-08-03,SMH,,510.9,505,505.5,,,15962,8072548.3,83,,
2026-08-03,SMHL,,507,491.2,492,,,39945,19940389.6,154,,
2026-08-03,SMJC,,448.5,440,446.8,,,11665,5167276.9,108,,
2026-08-03,SMPDA,,775,745,760,,,1063,802219.1,28,,
2026-08-03,SNLI,,430,424.1,424.1,,,14043,5979218.1,275,,
2026-08-03,SNORL,,989.8,921,944,,,39699,37801619.9,934,,
2026-08-03,SOHL,,595,571.1,577,,,77231,44849291,990,,
2026-08-03,SONA,,416.9,401,405,,,15492,6325222,256,,
2026-08-03,SOPL,,850.9,820,823.1,,,28239,23537416.9,1118,,
2026-08-03,SPC,,432,419,427,,,4720,2014249.5,60,,
2026-08-03,SPDL,,376.6,365,365,,,94413,34805869.7,163,,
2026-08-03,SPHL,,548,520,539.5,,,5739,3053613.3,58,,
2026-08-03,SPL,,675,650,659.9,,,710,463062.5,26,,
2026-08-03,SRLI,,383,379.4,381.9,,,10752,4097936.4,172,,
2026-08-03,SSHL,,208,203,205,,,72751,14969321.8,251,,
2026-08-03,STC,,5200,5160,5160,,,195,1009280,8,,
2026-08-03,SWASTIK,,2052,2026.3,2045,,,580,1183261,19,,
2026-08-03,SWBBL,,689.9,676,685,,,7632,5188606.4,53,,
2026-08-03,SWMF,,630,586.2,627,,,4624,2886833.4,33,,
2026-08-03,SYPNL,,1375,1282.5,1342.1,,,52381,70986141.9,507,,
2026-08-03,TAMOR,,455,449,449.5,,,28438,12852742.9,178,,
2026-08-03,TPC,,369.2,358.9,360,,,26328,9546129.2,88,,
2026-08-03,TPKHL,,561,542,550,,,31896,17537901.5,1484,,
2026-08-03,TRH,,790,772,786,,,1446,1120314.2,16,,
2026-08-03,TSHL,,393,380,385.1,,,9387,3646304.3,132,,
2026-08-03,TTL,,744,725,730,,,14520,10661517.9,266,,
2026-08-03,TVCL,,489,480.5,480.7,,,1410,678409,19,,
2026-08-03,UHEWA,,600,569,570.1,,,7581,4340586.2,96,,
2026-08-03,ULBSL,,2790,2720,2774,,,337,924695,22,,
2026-08-03,ULHC,,375,350,369.1,,,18495,6838526.5,190,,
2026-08-03,UMHL,,585,570,577.6,,,39762,22725562.6,153,,
2026-08-03,UMRH,,548.8,536,537,,,1429,767963.9,23,,
2026-08-03,UNHPL,,389,380.1,384.8,,,8276,3173106.9,48,,
2026-08-03,UNL,,48590,48590,48590,,,0,0,0,,
2026-08-03,UNLB,,1258,1243,1250.3,,,568,711046.9,17,,
2026-08-03,UPCL,,365,353.1,365,,,50598,18236267.1,178,,
2026-08-03,UPPER,,200,195,195.1,,,52674,10319337.6,322,,
2026-08-03,USHEC,,501,492,498,,,12218,6088341.1,90,,
2026-08-03,USHL,,571.5,530.9,544,,,946,509219.7,49,,
2026-08-03,USLB,,1160,1135,1159.9,,,1423,1622626,23,,
2026-08-03,VLBS,,679,667.4,670.3,,,1400,939337.3,74,,
2026-08-03,VLUCL,,440,422.3,429,,,2760,1171414,49,,
2026-08-03,YMHL,,655,630,636.1,,,31529,20231016.1,1059,,
2026-08-04,ACLBSL,,938.9,912.1,938.9,,,831,764827.5,32,,
2026-08-04,ADBL,,325,318.6,323,,,78882,25249128.3,148,,
2026-08-04,AHL,,419.9,410,411,,,1596,660545.4,34,,
2026-08-04,AHPC,,273,267.7,267.7,,,37668,10118695.7,160,,
2026-08-04,AKJCL,,365,360.3,361,,,183762,66581119.8,447,,
2026-08-04,AKPL,,262.9,257,259.9,,,44118,11382587.4,164,,
2026-08-04,ALBSL,,1163,1076,1089,,,2690,2951914.5,73,,
2026-08-04,ALICL,,431,424,425.9,,,12253,5225548.9,121,,
2026-08-04,ANLB,,5598,5476,5578,,,862,4744418.2,40,,
2026-08-04,APHL,,840,826.1,828.6,,,10404,8658383.2,254,,
2026-08-04,API,,336.7,330.4,331.8,,,80675,26800926.9,354,,
2026-08-04,AVYAN,,1025,1010,1011,,,4185,4251669.1,56,,
2026-08-04,BANDIPUR,,720,700,706,,,25586,18118577,329,,
2026-08-04,BARUN,,327,320,322.9,,,16510,5306703.5,95,,
2026-08-04,BBC,,4289,4166,4180,,,172,727363,17,,
2026-08-04,BEDC,,324,318.2,323,,,6228,1998036.5,57,,
2026-08-04,BFC,,512,500,510,,,49553,25112917.8,217,,
2026-08-04,BGWT,,570,552,557,,,3649,2033909.8,60,,
2026-08-04,BHCL,,500,473,490,,,17762,8769478.6,199,,
2026-08-04,BHDC,,435,423.5,430,,,10461,4472822,95,,
2026-08-04,BHL,,215,210.5,211.5,,,40973,8666915.3,208,,
2026-08-04,BHPL,,484,470,483,,,9291,4419615.6,58,,
2026-08-04,BJHL,,730,690,705,,,6625,4643714.9,143,,
2026-08-04,BNHC,,281,275,278,,,30086,8360412,135,,
2026-08-04,BNL,,14264,14264,14264,,,10,142640,1,,
2026-08-04,BNT,,11330.5,11000.5,11330.5,,,26,294260.1,4,,
2026-08-04,BPCL,,659,645,645,,,19339,12617815.8,90,,
2026-08-04,BUNGAL,,596,580,585,,,22883,13412950.3,228,,
2026-08-04,CBBL,,937,930,935,,,10998,10259019,120,,
2026-08-04,CFCL,,680.2,650,676,,,222498,149158589.8,615,,
2026-08-04,CGH,,789,775,782,,,2937,2293929.3,49,,
2026-08-04,CHCL,,500,494,495,,,37504,18606983.9,103,,
2026-08-04,CHDC,,2225,2205.2,2214.9,,,6100,13516449.9,93,,
2026-08-04,CHL,,281,260.2,277.8,,,72886,20036404.6,362,,
2026-08-04,CIT,,1720,1710,1714.9,,,2138,3665224.4,84,,
2026-08-04,CITY,,370,364.4,367.1,,,124938,45771489.1,324,,
2026-08-04,CKHL,,593.3,575.1,593.3,,,715,414241.2,23,,
2026-08-04,CLI,,445.2,443,443,,,4862,2160480.3,144,,
2026-08-04,CREST,,1298.8,1161,1199.7,,,15749,18638998.1,146,,
2026-08-04,CYCL,,1321.9,1281,1300,,,1353,1759550.4,50,,
2026-08-04,CZBIL,,211,205.1,206.5,,,35974,7430679.5,123,,
2026-08-04,DDBL,,834,828,833,,,8928,7415904.3,73,,
2026-08-04,DHEL,,587,557.8,568.2,,,29341,16711845.1,300,,
2026-08-04,DHPL,,295,280.8,295,,,7067,2016056.2,38,,
2026-08-04,DLBS,,1298,1160,1209,,,772,919123,26,,
2026-08-04,DOLTI,,341,316,320.1,,,30386,9778168.4,118,,
2026-08-04,DORDI,,257,252.5,254,,,22255,5669138.2,100,,
2026-08-04,EBL,,732.9,726,729,,,14377,10482272.1,146,,
2026-08-04,ECL,,1731.4,1580.8,1731.4,,,16900,28596985,1562,,
2026-08-04,EHPL,,363.6,340,344,,,4882,1671050.1,67,,
2026-08-04,ENL,,815,800,810,,,210,168900,6,,
2026-08-04,FMDBL,,769,760,769,,,4432,3374243.9,33,,
2026-08-04,FOWAD,,960,937.1,943,,,6459,6097329.9,92,,
2026-08-04,GBIME,,265,254.1,257.8,,,246287,63643754.6,742,,
2026-08-04,GBLBS,,750,730,743,,,2302,1694113.1,35,,
2026-08-04,GCIL,,358,350,352.1,,,6309,2232714.4,141,,
2026-08-04,GFCL,,614.3,600.5,614.3,,,4301,2596970.8,44,,
2026-08-04,GHL,,229.1,222.5,226.1,,,48554,10961353,115,,
2026-08-04,GILB,,1099.9,1080,1094.9,,,2997,3239860,33,,
2026-08-04,GLBSL,,1796,1725,1796,,,283,503438.2,17,,
2026-08-04,GLH,,258.9,253.7,257.8,,,23281,5984749.1,114,,
2026-08-04,GMFBS,,1215,1185,1215,,,273,326930,6,,
2026-08-04,GMFIL,,472.9,460,465,,,9678,4486346.9,60,,
2026-08-04,GMLI,,1145,1121,1131.9,,,776,873010,37,,
2026-08-04,GUFL,,583.6,565,568.9,,,37853,21560428,212,,
2026-08-04,GVL,,485,480,481.1,,,6158,2969718.4,67,,
2026-08-04,HATHY,,702,685.9,692,,,3739,2593831.1,86,,
2026-08-04,HBL,,204.9,198,200,,,50421,10142149.9,515,,
2026-08-04,HDHPC,,213.8,210,211.9,,,83757,17692415.4,263,,
2026-08-04,HDL,,1172,1167,1167.3,,,12403,14497015.3,233,,
2026-08-04,HFIN,,761.2,703,710,,,20399,14479191.7,446,,
2026-08-04,HHL,,343.6,333.2,334,,,11712,3933546.9,81,,
2026-08-04,HIDCL,,259.6,250,255.9,,,48490,12377417.1,223,,
2026-08-04,HIMSTAR,,737,721,730,,,3316,2396848.7,68,,
2026-08-04,HLBSL,,895,875,884,,,1052,925116,20,,
2026-08-04,HLI,,326.7,320.3,321.1,,,19057,6133071.8,191,,
2026-08-04,HPPL,,384.8,372.6,384.8,,,88753,33568700.3,313,,
2026-08-04,HRL,,605,585,586,,,50862,30045522.9,556,,
2026-08-04,HURJA,,239.2,233,239,,,36183,8577388.7,130,,
2026-08-04,ICFC,,611,601.2,605,,,8100,4921381,57,,
2026-08-04,IHL,,356,348.6,350.1,,,2277,795624,33,,
2026-08-04,ILBS,,924,871,890,,,1583,1383131,26,,
2026-08-04,ILI,,420,415,418,,,7475,3119127.7,183,,
2026-08-04,JBLB,,1274,1250.6,1262.1,,,2190,2766532.1,74,,
2026-08-04,JFL,,398,388,388.1,,,7031,2738591.1,45,,
2026-08-04,JHAPA,,1134,1115,1115,,,4736,5313097,64,,
2026-08-04,JOSHI,,302.9,278.2,300,,,224868,66887530.5,952,,
2026-08-04,JSLBB,,988.8,962,988.8,,,957,925331.5,25,,
2026-08-04,KAHL,,537,521.2,526,,,28617,15165001.9,1612,,
2026-08-04,KBL,,226.7,220,221.8,,,248870,55107545.3,510,,
2026-08-04,KBSH,,950,893,950,,,12502,11752528,155,,
2026-08-04,KDL,,789.8,753.3,785.5,,,796,617863.4,31,,
2026-08-04,KHPL,,875,817,834,,,13309,11244533.5,246,,
2026-08-04,KKHC,,318,282.2,315.9,,,1321921,406693643.4,3170,,
2026-08-04,KMCDB,,774,759,770,,,1947,1483132,27,,
2026-08-04,KPCL,,473,467,471.9,,,9209,4336912.6,40,,
2026-08-04,LEC,,236.3,220.2,228,,,304860,69046541,571,,
2026-08-04,LICN,,790.1,782,782.5,,,1883,1476686.9,16,,
2026-08-04,LLBS,,890,880,890,,,120,105850,4,,
2026-08-04,LSL,,229.9,225.5,225.5,,,115489,26193286.1,172,,
2026-08-04,MABEL,,594,585.7,590,,,3923,2314829.2,83,,
2026-08-04,MAKAR,,439.9,434.1,436.6,,,7692,3358454.7,72,,
2026-08-04,MANDU,,820,791,807,,,3776,3061664,68,,
2026-08-04,MATRI,,830,815,820,,,132,107920,10,,
2026-08-04,MBJC,,270,265.2,268.1,,,6011,1608378,143,,
2026-08-04,MBL,,262.9,254,257.8,,,100019,25793846.4,238,,
2026-08-04,MCHL,,289.8,279,287.7,,,3284,936046.4,39,,
2026-08-04,MEHL,,306.9,297.7,300,,,2681,802792,55,,
2026-08-04,MEL,,219.2,215,216.7,,,6226,1353912,93,,
2026-08-04,MEN,,605,594.9,599,,,50296,30208079.3,230,,
2026-08-04,MERO,,675,660.6,665.2,,,1709,1138551,29,,
2026-08-04,MFIL,,783,766.1,773.5,,,45645,35202503.3,158,,
2026-08-04,MHCL,,315,310.6,315,,,1277,399247,35,,
2026-08-04,MHL,,476,466.1,467.1,,,5004,2345387.5,40,,
2026-08-04,MHNL,,241,235.1,240.8,,,22641,5369964.7,72,,
2026-08-04,MKCL,,1105,1072,1080,,,3493,3758983.1,50,,
2026-08-04,MKHC,,286.9,283.1,286.9,,,10976,3131107.5,70,,
2026-08-04,MKHL,,501,490.2,493.5,,,1730,858391,39,,
2026-08-04,MKJC,,470,457,460,,,2060,955943.3,28,,
2026-08-04,MLBBL,,1144,1123.5,1144,,,656,738819,12,,
2026-08-04,MLBS,,1192,1158,1158,,,296,345345,16,,
2026-08-04,MLBSL,,1713.3,1663.4,1680,,,457,769251,24,,
2026-08-04,MMKJL,,475,471,474,,,280,132865,8,,
2026-08-04,MPFL,,619.9,605,614.8,,,6922,4210475.7,57,,
2026-08-04,MSHL,,630.3,602.09,612,,,144,87985.09,10,,
2026-08-04,MSLB,,1323.9,1280,1292,,,2014,2619186,57,,
2026-08-04,NABIL,,561.8,556.5,558,,,60087,33592862.3,454,,
2026-08-04,NADEP,,740,727,737.9,,,500,363632,10,,
2026-08-04,NBL,,272,268,268.2,,,30005,8071407.3,121,,
2026-08-04,NESDO,,1485,1445.3,1475,,,505,735229,21,,
2026-08-04,NFS,,579.9,570,571,,,12522,7173886.4,74,,
2026-08-04,NGPL,,409.9,403,406,,,95593,38743229.3,296,,
2026-08-04,NHDL,,643,628,641.9,,,4127,2611468.2,41,,
2026-08-04,NHPC,,283.8,270.2,279,,,594849,165700506.5,1152,,
2026-08-04,NICA,,354.7,330,330,,,65240,21655072.8,288,,
2026-08-04,NICLBSL,,559,549.2,554,,,6498,3577781.4,76,,
2026-08-04,NIFRA,,249.6,245,246.2,,,70806,17404452.9,427,,
2026-08-04,NIMB,,201.9,198.1,198.5,,,69154,13742426.8,254,,
2026-08-04,NLIC,,758,750,753,,,9845,7413489.6,128,,
2026-08-04,NLICL,,579.9,565,571.3,,,15927,9120377.5,62,,
2026-08-04,NLO,,269.4,269.4,269.4,,,0,0,0,,
2026-08-04,NMB,,253,245,247,,,85512,21171147.2,244,,
2026-08-04,NMBMF,,619.9,606.3,619,,,760,461641,14,,
2026-08-04,NMFBS,,1119.9,1110,1110,,,1425,1585878.78,35,,
2026-08-04,NMLBBL,,520,494.7,515,,,15443,7779435.1,94,,
2026-08-04,NRIC,,960,930,930,,,26361,24879417.2,246,,
2026-08-04,NRM,,315,310,314,,,2575,804031.2,75,,
2026-08-04,NRN,,1487.1,1391,1396,,,44186,61876215.9,267,,
2026-08-04,NTC,,875,859,865.1,,,16441,14292458.7,187,,
2026-08-04,NUBL,,620,610,610,,,2255,1382620,32,,
2026-08-04,NWCL,,745.3,696,699.7,,,3204,2243482.2,47,,
2026-08-04,NYADI,,371.9,361.7,365.1,,,2390,876287.9,48,,
2026-08-04,OHL,,678,661.1,674,,,1492,989527.5,19,,
2026-08-04,OMPL,,930,915.5,928,,,1360,1251757.6,57,,
2026-08-04,PCBL,,248.5,242.1,242.6,,,48350,11755195.3,129,,
2026-08-04,PCIL,,680,638,638.1,,,30411,19556653.9,709,,
2026-08-04,PFL,,364,364,364,,,0,0,0,,
2026-08-04,PHCL,,305,295,296,,,23005,6822998.9,184,,
2026-08-04,PMHPL,,322,313.6,319.5,,,4674,1477214.4,35,,
2026-08-04,PMLI,,450,435,440,,,6886,3029492.3,133,,
2026-08-04,PPCL,,342.7,336,340.6,,,12527,4235385.8,74,,
2026-08-04,PPL,,329.6,320,326.9,,,14899,4833027.8,145,,
2026-08-04,PROFL,,433,425,429,,,4689,2002702.8,39,,
2026-08-04,PRVU,,196,193,193.2,,,105088,20393010.6,417,,
2026-08-04,PURE,,852.9,828.1,849.5,,,4908,4153651,60,,
2026-08-04,RADHI,,723,710.2,720,,,27910,19967535,237,,
2026-08-04,RAWA,,430,420,427,,,27600,11743979.1,122,,
2026-08-04,RFPL,,335,326.2,331.8,,,19432,6421433.2,137,,
2026-08-04,RHGCL,,264.6,249.8,263.5,,,19930,5217597.3,107,,
2026-08-04,RHPL,,260,256,256.2,,,6959,1792919.2,74,,
2026-08-04,RIDI,,368.9,359.6,363,,,363171,131797675.1,719,,
2026-08-04,RLEL,,915,880,905,,,8017,7169234,178,,
2026-08-04,RLFL,,469,460,468.9,,,43231,20019854.3,171,,
2026-08-04,RNLI,,446,429,435,,,48579,21138770.7,381,,
2026-08-04,RSDC,,641,637,640,,,1859,1188110.5,24,,
2026-08-04,RSML,,2850,2561.2,2705,,,45708,122461606.3,1045,,
2026-08-04,RURU,,614.9,604,610.5,,,1958,1197852.9,31,,
2026-08-04,SAGAR,,1780,1733.6,1752.6,,,11671,20499562.4,131,,
2026-08-04,SAHAS,,677.7,671,673.5,,,67438,45507810,484,,
2026-08-04,SAIL,,1155,1100.1,1101,,,53622,60232609,458,,
2026-08-04,SANIMA,,375,371.4,374,,,84739,31673648.2,272,,
2026-08-04,SANVI,,600.1,590.2,599.9,,,2651,1581297.8,83,,
2026-08-04,SARBTM,,792,785,785,,,11157,8787704.8,65,,
2026-08-04,SBI,,409,401,409,,,11710,4727479.5,69,,
2026-08-04,SBL,,421.9,415,417.9,,,402168,167771018.9,500,,
2026-08-04,SCB,,665,646.1,652.6,,,19934,13022985.9,69,,
2026-08-04,SGHC,,317.9,310.2,313.3,,,34842,10882704.1,161,,
2026-08-04,SGHL,,525,511,513.4,,,54401,28167394.6,2304,,
2026-08-04,SHEL,,308.4,304.2,305.2,,,71014,21715141.7,144,,
2026-08-04,SHIVM,,678.5,646.5,648,,,116651,77082634.4,423,,
2026-08-04,SHL,,513.4,496,500,,,5881,2933315,31,,
2026-08-04,SHLB,,1446.5,1445.3,1446,,,188,271866,4,,
2026-08-04,SHPC,,508,501.2,502.1,,,14913,7497100.7,96,,
2026-08-04,SIFC,,521,509.2,517,,,5592,2859434.3,36,,
2026-08-04,SIKLES,,568,557,561,,,6596,3692894.9,60,,
2026-08-04,SIPD,,731,660,660,,,10170,6858397.1,309,,
2026-08-04,SJCL,,273,271,272,,,5110,1387195.5,75,,
2026-08-04,SJLIC,,415.5,412.2,413.2,,,6720,2785078,100,,
2026-08-04,SKBBL,,765,752.1,753.3,,,4048,3056571.9,63,,
2026-08-04,SKHEL,,1020,943.4,985,,,6012,5842335.7,130,,
2026-08-04,SKHL,,935,880,904,,,17707,15845952.3,319,,
2026-08-04,SLBBL,,803,792,800.1,,,2668,2130076.2,40,,
2026-08-04,SLBSL,,1081,1000,1023,,,5021,5154903.9,83,,
2026-08-04,SMATA,,738,730,731,,,1015,741960.1,35,,
2026-08-04,SMB,,1839,1806.1,1839,,,851,1549353.3,21,,
2026-08-04,SMFBS,,1544,1506,1506,,,221,333214.5,6,,
2026-08-04,SMH,,506,499.1,500,,,11461,5742179.2,101,,
2026-08-04,SMHL,,496,490.2,493,,,61525,30304873.1,173,,
2026-08-04,SMJC,,442.1,438.2,439,,,19614,8632082,104,,
2026-08-04,SMPDA,,769.9,745.1,769.9,,,1885,1414251.6,26,,
2026-08-04,SNLI,,424.5,419.5,420,,,16678,7020489.3,251,,
2026-08-04,SNORL,,953,901.2,929.9,,,13212,12305733.8,534,,
2026-08-04,SOHL,,588,567,585,,,108738,62951934.3,1040,,
2026-08-04,SONA,,408,400,405,,,26355,10671140.6,282,,
2026-08-04,SOPL,,830,806.3,808,,,32485,26463650.7,1014,,
2026-08-04,SPC,,427,419,424.9,,,1311,552135.9,24,,
2026-08-04,SPDL,,370,356.1,356.1,,,66102,24124299,169,,
2026-08-04,SPHL,,590,522,539,,,4028,2149895.5,59,,
2026-08-04,SPL,,657.9,642.1,657.9,,,2022,1314276.9,26,,
2026-08-04,SRLI,,380,370,377.8,,,14032,5288671.5,154,,
2026-08-04,SSHL,,205.9,203.1,203.4,,,58809,11996142.9,211,,
2026-08-04,STC,,5200,5150,5150,,,221,1139520,8,,
2026-08-04,SWASTIK,,2070,2011.1,2011.1,,,240,488097,12,,
2026-08-04,SWBBL,,685,667.4,681.9,,,5629,3776727.1,64,,
2026-08-04,SWMF,,620,590.3,619,,,4847,2948780.1,58,,
2026-08-04,SYPNL,,1381,1315,1320,,,21415,28502513.5,374,,
2026-08-04,TAMOR,,458,428.6,449.2,,,34970,15721030.7,103,,
2026-08-04,TPC,,370,357.1,368,,,25546,9311192.4,96,,
2026-08-04,TPKHL,,554,538,548,,,31301,16965418.1,1017,,
2026-08-04,TRH,,789,765,789,,,623,482131,15,,
2026-08-04,TSHL,,390,378,378.3,,,4677,1786184,63,,
2026-08-04,TTL,,732.9,715.1,720,,,14528,10471861.7,221,,
2026-08-04,TVCL,,480,470.1,473.2,,,590,279523,18,,
2026-08-04,UHEWA,,576,568,572,,,6806,3888321.7,85,,
2026-08-04,ULBSL,,2768.9,2720,2768,,,585,1605046.3,32,,
2026-08-04,ULHC,,383,354,361,,,3828,1378938,55,,
2026-08-04,UMHL,,584,568,577.7,,,34116,19570902.8,139,,
2026-08-04,UMRH,,540,532,539.9,,,2871,1539676.8,37,,
2026-08-04,UNHPL,,388,378.2,383.9,,,21045,7997141.9,88,,
2026-08-04,UNL,,47200,47200,47200,,,10,472000,1,,
2026-08-04,UNLB,,1269.9,1235,1250,,,676,839096.8,33,,
2026-08-04,UPCL,,360,350,353,,,90447,32007625.1,259,,
2026-08-04,UPPER,,200,194,194.1,,,39751,7747702.4,299,,
2026-08-04,USHEC,,503,495.2,495.5,,,6649,3317026.6,58,,
2026-08-04,USHL,,554.9,523,540,,,3008,1600491.6,82,,
2026-08-04,USLB,,1158,1135,1149.5,,,223,255285,8,,
2026-08-04,VLBS,,688.2,665,665,,,3784,2538558.9,62,,
2026-08-04,VLUCL,,424,413.1,422,,,5444,2279092,90,,
2026-08-04,YMHL,,635,615,617,,,24091,14991071,806,,
2026-08-05,ACLBSL,,937,915,930,,,1642,1513902,25,,
2026-08-05,ADBL,,325,319.1,320,,,40701,13047417,127,,
2026-08-05,AHL,,420,409,415,,,2866,1197206,52,,
2026-08-05,AHPC,,269,265,267.9,,,45466,12111090.1,199,,
2026-08-05,AKJCL,,369,359,367.1,,,274641,99592254.3,603,,
2026-08-05,AKPL,,265,245.5,260.7,,,40866,10584018.6,143,,
2026-08-05,ALBSL,,1114,1065,1102,,,12601,13832749.9,41,,
2026-08-05,ALICL,,430,423,425.1,,,15400,6558146,81,,
2026-08-05,ANLB,,5550,5400,5544,,,1542,8470473.2,45,,
2026-08-05,APHL,,840,822,830.3,,,9248,7686513.4,266,,
2026-08-05,API,,334.9,330.1,332,,,68858,22879684.4,308,,
2026-08-05,AVYAN,,1038,1010,1025,,,850,875615,27,,
2026-08-05,BANDIPUR,,712,700,709.9,,,8876,6278273.1,278,,
2026-08-05,BARUN,,325,322,324,,,6273,2030934.6,52,,
2026-08-05,BBC,,4300,4122,4250,,,275,1161788,21,,
2026-08-05,BEDC,,323,318.2,322.5,,,15567,4999004,71,,
2026-08-05,BFC,,515.9,503,506,,,21575,10944035.7,102,,
2026-08-05,BGWT,,573,546,573,,,3687,2043376.6,45,,
2026-08-05,BHCL,,514.5,485,492.1,,,14333,7065917.7,222,,
2026-08-05,BHDC,,430,423,428.5,,,7798,3313190.8,73,,
2026-08-05,BHL,,212.5,210,211,,,41055,8669157.5,190,,
2026-08-05,BHPL,,497.4,470,497,,,11994,5845574.6,94,,
2026-08-05,BJHL,,726.5,670,700,,,11305,7998361,200,,
2026-08-05,BNHC,,291,277.2,291,,,41465,11740849.3,234,,
2026-08-05,BNL,,14264,14264,14264,,,0,0,0,,
2026-08-05,BNT,,11700,11600,11700,,,90,1048700,5,,
2026-08-05,BPCL,,658,645,654,,,14494,9428685.8,69,,
2026-08-05,BUNGAL,,599,581.1,588,,,14366,8424319.8,207,,
2026-08-05,CBBL,,940,930,930,,,6546,6101455.3,116,,
2026-08-05,CFCL,,690,643,680,,,243275,163834943.5,567,,
2026-08-05,CGH,,788.9,771.2,778.5,,,5325,4135181.5,57,,
2026-08-05,CHCL,,499,490.1,493,,,11531,5668741.6,106,,
2026-08-05,CHDC,,2322,2104.2,2228,,,12535,27784720.9,124,,
2026-08-05,CHL,,280.7,273.5,274.5,,,29174,8059968.5,154,,
2026-08-05,CIT,,1720,1698,1710.1,,,2849,4864105.4,76,,
2026-08-05,CITY,,379,348.8,378.9,,,121792,45663322.6,632,,
2026-08-05,CKHL,,593,575.8,592.9,,,1290,755837.4,18,,
2026-08-05,CLI,,448,441.6,445.8,,,6235,2768122.7,157,,
2026-08-05,CREST,,1213,1178.1,1194.9,,,2332,2767082,80,,
2026-08-05,CYCL,,1310,1280.1,1308,,,1215,1562837.8,44,,
2026-08-05,CZBIL,,208,203.3,204.9,,,50097,10260146.3,132,,
2026-08-05,DDBL,,837.9,825,831,,,11008,9155145.8,59,,
2026-08-05,DHEL,,581,562,581,,,17800,10202957.2,284,,
2026-08-05,DHPL,,295,286.2,293,,,2593,751483,22,,
2026-08-05,DLBS,,1248.6,1175,1208,,,237,281389.2,14,,
2026-08-05,DOLTI,,324.8,318.1,322,,,16541,5288294.6,93,,
2026-08-05,DORDI,,258,253.2,254,,,17615,4488220,101,,
2026-08-05,EBL,,734,727.2,730,,,34151,24928829.6,180,,
2026-08-05,ECL,,1980,1575,1575,,,106014,179249169.7,8885,,
2026-08-05,EHPL,,353.5,337,347.9,,,9751,3330931.8,76,,
2026-08-05,ENL,,812,796,803.9,,,290,232169,11,,
2026-08-05,FMDBL,,769,758.5,760,,,4838,3679016.3,50,,
2026-08-05,FOWAD,,950,931.1,943,,,3616,3392275.2,72,,
2026-08-05,GBIME,,270.6,252.4,253.2,,,290873,74417002.5,578,,
2026-08-05,GBLBS,,743.9,732.2,743.9,,,1435,1054239,21,,
2026-08-05,GCIL,,357,351,352.5,,,11113,3935437.1,146,,
2026-08-05,GFCL,,610,602.1,604.1,,,10386,6287543.2,66,,
2026-08-05,GHL,,232,214.8,231,,,38309,8739429,123,,
2026-08-05,GILB,,1100,1080,1094,,,1243,1352388,19,,
2026-08-05,GLBSL,,1814,1710,1790,,,181,321939.3,13,,
2026-08-05,GLH,,258.9,255.4,258,,,19639,5058984,114,,
2026-08-05,GMFBS,,1215,1210,1215,,,309,373708,4,,
2026-08-05,GMFIL,,474.9,459,463.9,,,15219,7085807,56,,
2026-08-05,GMLI,,1143,1110,1117,,,2078,2326965.6,60,,
2026-08-05,GUFL,,569.8,560,563,,,16819,9477520.3,83,,
2026-08-05,GVL,,485,479.4,482,,,4385,2111868.2,80,,
2026-08-05,HATHY,,726,680,696,,,4134,2852091.3,84,,
2026-08-05,HBL,,200,196.5,197.3,,,42244,8342572,512,,
2026-08-05,HDHPC,,213.8,209,211.5,,,96936,20418337.2,277,,
2026-08-05,HDL,,1172.9,1165,1172,,,15030,17592093.3,217,,
2026-08-05,HFIN,,716,700.1,712,,,20376,14411113.3,479,,
2026-08-05,HHL,,344,334,337,,,9684,3270186.9,69,,
2026-08-05,HIDCL,,257.7,252,255,,,52595,13343796.1,180,,
2026-08-05,HIMSTAR,,730,706.1,727,,,2432,1745763.5,57,,
2026-08-05,HLBSL,,890,868,890,,,734,651587,25,,
2026-08-05,HLI,,323,320,321.8,,,19847,6376229,237,,
2026-08-05,HPPL,,386.9,372,386.5,,,137172,52461690.9,302,,
2026-08-05,HRL,,615,577,588,,,48792,28711971.1,466,,
2026-08-05,HURJA,,241.9,236.5,239.9,,,52381,12531552.2,152,,
2026-08-05,ICFC,,609.5,600,609.5,,,5758,3468643.1,54,,
2026-08-05,IHL,,356,348.3,349,,,3162,1106524.4,50,,
2026-08-05,ILBS,,890,865,883.8,,,1029,893543.5,24,,
2026-08-05,ILI,,418.5,415,415.8,,,5145,2136615.4,188,,
2026-08-05,JBLB,,1263,1255,1261,,,3508,4413887.9,85,,
2026-08-05,JFL,,398,387.1,389.1,,,3630,1417315,33,,
2026-08-05,JHAPA,,1115,1090,1112,,,4866,5356942.3,102,,
2026-08-05,JOSHI,,315,295,298,,,112792,33904196.4,480,,
2026-08-05,JSLBB,,985,985,985,,,50,49250,1,,
2026-08-05,KAHL,,537,518,530,,,38622,20425534.7,1766,,
2026-08-05,KBL,,226,217,219,,,326366,71584092.7,678,,
2026-08-05,KBSH,,959,938,949,,,8584,8083463.5,112,,
2026-08-05,KDL,,799.6,770,774,,,891,692640,24,,
2026-08-05,KHPL,,856,815,843,,,12729,10604967.4,275,,
2026-08-05,KKHC,,331.6,310.4,325,,,863331,277741348.4,1759,,
2026-08-05,KMCDB,,775,770,770,,,338,260504,18,,
2026-08-05,KPCL,,482,466.1,469,,,4513,2149974.3,33,,
2026-08-05,LEC,,231,226.2,228.5,,,74078,16877292.1,207,,
2026-08-05,LICN,,790,775.1,784.5,,,12044,9393151.1,81,,
2026-08-05,LLBS,,890,866.5,889,,,138,120299.1,9,,
2026-08-05,LSL,,229,223.5,224.7,,,110032,24825445.5,186,,
2026-08-05,MABEL,,600,585.1,599,,,4825,2850396.4,88,,
2026-08-05,MAKAR,,441,436,438,,,10730,4697942.6,81,,
2026-08-05,MANDU,,817,801.3,810,,,1900,1541695.3,38,,
2026-08-05,MATRI,,820,810,817.5,,,1308,1067540,19,,
2026-08-05,MBJC,,270,266,267.1,,,14108,3773382.4,186,,
2026-08-05,MBL,,259,253,255.8,,,84844,21693284.1,173,,
2026-08-05,MCHL,,287,280,286.7,,,5761,1625847.1,46,,
2026-08-05,MEHL,,300,295,299.9,,,5373,1592386.7,73,,
2026-08-05,MEL,,218,215,215,,,8332,1797467.7,112,,
2026-08-05,MEN,,602,594.2,600,,,40438,24190046.3,163,,
2026-08-05,MERO,,674.9,655,665.3,,,2701,1796626,25,,
2026-08-05,MFIL,,797.2,765,773,,,69920,54173765.9,140,,
2026-08-05,MHCL,,315,309.3,312.1,,,1370,426810,46,,
2026-08-05,MHL,,470,465.6,469.5,,,1739,812153.6,33,,
2026-08-05,MHNL,,246,238.7,241.7,,,4821,1167234.8,38,,
2026-08-05,MKCL,,1080,1052,1075,,,3781,4003166.9,59,,
2026-08-05,MKHC,,289.8,285,287,,,17057,4902146.5,74,,
2026-08-05,MKHL,,504.5,484.1,495,,,3276,1617178,46,,
2026-08-05,MKJC,,468,457.1,460,,,2086,962578.4,16,,
2026-08-05,MLBBL,,1140,1120,1135,,,483,545375,12,,
2026-08-05,MLBS,,1135,1123.3,1135,,,39,43947.9,4,,
2026-08-05,MLBSL,,1660,1635.1,1635.1,,,497,817363.1,23,,
2026-08-05,MMKJL,,471,464,464,,,1803,843948,37,,
2026-08-05,MPFL,,617,582,615,,,8654,5298918.7,50,,
2026-08-05,MSHL,,610,609,610,,,76,46340,6,,
2026-08-05,MSLB,,1292,1270,1270,,,1365,1741488,38,,
2026-08-05,NABIL,,563,530.1,557,,,75852,42234263.2,548,,
2026-08-05,NADEP,,737.2,716,737.2,,,957,693409.5,14,,
2026-08-05,NBL,,269,266,268.7,,,31003,8292339.6,140,,
2026-08-05,NESDO,,1479,1460,1479,,,1037,1524423,18,,
2026-08-05,NFS,,579.9,570,570,,,2058,1174699.3,43,,
2026-08-05,NGPL,,411,404,407,,,69796,28394140.7,191,,
2026-08-05,NHDL,,644,631.1,644,,,1157,737048.4,19,,
2026-08-05,NHPC,,285,277.4,281.9,,,322098,90493660.3,894,,
2026-08-05,NICA,,346.5,313.5,329.1,,,49029,16185634.1,224,,
2026-08-05,NICLBSL,,554.5,546.5,548,,,4346,2385340.7,73,,
2026-08-05,NIFRA,,249.9,233.9,247,,,43465,10744747.6,316,,
2026-08-05,NIMB,,206,195.1,196.5,,,98719,19431756.9,341,,
2026-08-05,NLIC,,750,745,748.7,,,10936,8177848.3,220,,
2026-08-05,NLICL,,572,569.5,570,,,12252,6987312,61,,
2026-08-05,NLO,,269.4,269.4,269.4,,,0,0,0,,
2026-08-05,NMB,,252,245.5,246.5,,,31890,7858034.8,128,,
2026-08-05,NMBMF,,617.9,602.6,617.9,,,1535,929593.7,20,,
2026-08-05,NMFBS,,1110,1102.1,1107.8,,,1913,2116429.4,37,,
2026-08-05,NMLBBL,,515,510,512.3,,,5250,2688555.7,53,,
2026-08-05,NRIC,,945,928,937,,,29051,27179497.1,283,,
2026-08-05,NRM,,313,306,312.5,,,4257,1321091.4,65,,
2026-08-05,NRN,,1450,1380,1394,,,77340,107912400.9,366,,
2026-08-05,NTC,,872,860,865.8,,,31100,26768429.4,152,,
2026-08-05,NUBL,,617.9,606,610,,,992,602956.1,17,,
2026-08-05,NWCL,,705,685,690,,,2631,1825626.4,51,,
2026-08-05,NYADI,,373,361.5,367,,,1642,604061.5,49,,
2026-08-05,OHL,,674,657,660.5,,,1028,678804.9,24,,
2026-08-05,OMPL,,930,903.2,924.9,,,1466,1342310.5,66,,
2026-08-05,PCBL,,243.9,241.1,242.5,,,39909,9664610.5,106,,
2026-08-05,PCIL,,670,631.59,644,,,39848,25500110.9,812,,
2026-08-05,PFL,,364,364,364,,,0,0,0,,
2026-08-05,PHCL,,301,296.3,299,,,42180,12618696,187,,
2026-08-05,PMHPL,,325,313,320,,,1643,523840,38,,
2026-08-05,PMLI,,447,435.6,444,,,3569,1576448.4,89,,
2026-08-05,PPCL,,342.9,323.6,341,,,6384,2148161.7,51,,
2026-08-05,PPL,,328,320,325.5,,,5815,1892590.7,64,,
2026-08-05,PROFL,,430,424,430,,,8140,3467650,41,,
2026-08-05,PRVU,,193.9,192.5,193,,,104237,20121554.8,335,,
2026-08-05,PURE,,856,827,837.6,,,1616,1356635.6,51,,
2026-08-05,RADHI,,719.9,705,716,,,71244,50724781,252,,
2026-08-05,RAWA,,428.5,422.1,427.8,,,13750,5833286.3,82,,
2026-08-05,RFPL,,339.9,326,330.5,,,13144,4349162.5,100,,
2026-08-05,RHGCL,,263,257.1,262,,,9625,2510289,57,,
2026-08-05,RHPL,,259.9,256,258,,,6840,1761416.4,75,,
2026-08-05,RIDI,,387.2,362,384,,,931453,348490223.4,1306,,
2026-08-05,RLEL,,900,878,898,,,6282,5599042.5,144,,
2026-08-05,RLFL,,492.3,457,459.9,,,37185,17152901.2,161,,
2026-08-05,RNLI,,438.4,430.1,437.7,,,9514,4129310.7,229,,
2026-08-05,RSDC,,650,637,637.1,,,2874,1833453.2,34,,
2026-08-05,RSML,,2699,2580,2619,,,31835,84402232,715,,
2026-08-05,RURU,,619,603.1,615,,,3419,2098358.8,20,,
2026-08-05,SAGAR,,1780,1740,1740,,,7443,13081508.8,112,,
2026-08-05,SAHAS,,676,670,675,,,71042,47735344.2,406,,
2026-08-05,SAIL,,1129,1090,1125.8,,,24492,27070158.8,409,,
2026-08-05,SANIMA,,375.4,372.5,375.4,,,90544,33882441.8,251,,
2026-08-05,SANVI,,605,591,605,,,7780,4650664,121,,
2026-08-05,SARBTM,,795,781.1,788,,,4010,3144467.7,45,,
2026-08-05,SBI,,411.8,403,408.7,,,12697,5164980.1,59,,
2026-08-05,SBL,,420,413.1,417,,,206225,85684621.3,268,,
2026-08-05,SCB,,662,650.1,655.9,,,8907,5849677.1,103,,
2026-08-05,SGHC,,319.7,310.5,318,,,25603,8105247.2,125,,
2026-08-05,SGHL,,522,510,513,,,67404,34690830,2802,,
2026-08-05,SHEL,,308,302.2,306.9,,,27377,8396994.2,148,,
2026-08-05,SHIVM,,680.3,645.09,649,,,69463,45044913.1,215,,
2026-08-05,SHL,,505,497,501,,,10373,5181083.5,32,,
2026-08-05,SHLB,,1450,1446,1450,,,30,43460,3,,
2026-08-05,SHPC,,505,498,502,,,21976,10999382.6,82,,
2026-08-05,SIFC,,518.5,508,510,,,5279,2702540.8,48,,
2026-08-05,SIKLES,,562.7,555.6,560,,,15123,8479879.3,64,,
2026-08-05,SIPD,,708,646,699,,,80355,54876971.6,840,,
2026-08-05,SJCL,,279,270.3,277.8,,,5226,1424203.2,72,,
2026-08-05,SJLIC,,414.9,411.5,413,,,12708,5250420.8,128,,
2026-08-05,SKBBL,,765,750,752,,,9107,6858596.1,88,,
2026-08-05,SKHEL,,990,957,986.1,,,1492,1466429,65,,
2026-08-05,SKHL,,910,880,910,,,7276,6494959.8,215,,
2026-08-05,SLBBL,,802,790,802,,,3877,3092203.2,41,,
2026-08-05,SLBSL,,1040,990,990,,,3276,3280291.6,80,,
2026-08-05,SMATA,,749,720,730,,,1225,893998.3,46,,
2026-08-05,SMB,,1820,1785,1785,,,1215,2195296.2,30,,
2026-08-05,SMFBS,,1581,1488.1,1535,,,643,988630.5,16,,
2026-08-05,SMH,,515,497.1,514,,,10011,5064773.9,109,,
2026-08-05,SMHL,,498.7,491,497,,,23996,11870264.5,114,,
2026-08-05,SMJC,,460,438,440,,,8526,3752095.5,101,,
2026-08-05,SMPDA,,766.5,747,755,,,2254,1688948.6,19,,
2026-08-05,SNLI,,422,418.2,419,,,10385,4360433.1,221,,
2026-08-05,SNORL,,946,910,928,,,14428,13310852.8,553,,
2026-08-05,SOHL,,672.7,576.5,672.7,,,909305,581080486.7,5961,,
2026-08-05,SONA,,410,403,405,,,21536,8718561.7,254,,
2026-08-05,SOPL,,825,807.2,815,,,23188,18879908.5,978,,
2026-08-05,SPC,,422.8,416,422.7,,,3826,1603437.7,26,,
2026-08-05,SPDL,,374.9,361.2,371,,,98435,36508639.9,355,,
2026-08-05,SPHL,,538,523,533,,,4656,2446060.5,44,,
2026-08-05,SPL,,666.9,650,662,,,339,222609.1,10,,
2026-08-05,SRLI,,377.5,375,376,,,9359,3518494.8,127,,
2026-08-05,SSHL,,206,202,203,,,74213,15136060.5,255,,
2026-08-05,STC,,5200,5150,5200,,,230,1189810,8,,
2026-08-05,SWASTIK,,2030,1985,2030,,,367,737745,16,,
2026-08-05,SWBBL,,705,663,678,,,9539,6429949.6,93,,
2026-08-05,SWMF,,618,606,618,,,3820,2327103.6,49,,
2026-08-05,SYPNL,,1340,1254,1317,,,24063,31663111.8,446,,
2026-08-05,TAMOR,,453,446,453,,,12052,5429025,130,,
2026-08-05,TPC,,370,364,369.6,,,19583,7188354.9,118,,
2026-08-05,TPKHL,,560,520.6,545,,,28402,15342814.5,1073,,
2026-08-05,TRH,,789,778,789,,,3494,2731400.8,17,,
2026-08-05,TSHL,,389,373,380,,,2204,836663.4,47,,
2026-08-05,TTL,,726.5,715.2,715.2,,,7076,5087297.5,183,,
2026-08-05,TVCL,,475,473,473.1,,,2270,1074041,16,,
2026-08-05,UHEWA,,578,546.4,574.8,,,1781,1020016.6,49,,
2026-08-05,ULBSL,,2759.8,2748,2748,,,387,1064305,8,,
2026-08-05,ULHC,,367,354,354.1,,,5447,1937592.6,62,,
2026-08-05,UMHL,,577,560,576,,,33291,18947161.5,129,,
2026-08-05,UMRH,,542,532.09,540,,,12664,6836174.89,28,,
2026-08-05,UNHPL,,388,377.1,379.9,,,9947,3769629.9,56,,
2026-08-05,UNL,,48000,47800,48000,,,20,958000,2,,
2026-08-05,UNLB,,1312.3,1235,1237,,,120,150103.5,13,,
2026-08-05,UPCL,,357,350,353,,,26089,9187095.1,106,,
2026-08-05,UPPER,,195.5,192.3,195,,,54697,10642740.5,331,,
2026-08-05,USHEC,,500,491,495.7,,,3346,1662835.9,50,,
2026-08-05,USHL,,567,519.1,539,,,1703,905163,62,,
2026-08-05,USLB,,1149.5,1120,1127,,,1218,1373463,33,,
2026-08-05,VLBS,,679,660,666,,,910,608618.8,56,,
2026-08-05,VLUCL,,425,412.2,417,,,3234,1356148,55,,
2026-08-05,YMHL,,650,602,639.6,,,21179,13237842.2,987,,
2026-08-06,ACLBSL,,930,918,920,,,423,388321.1,9,,
2026-08-06,ADBL,,325,304,308.8,,,143216,44339877.65,610,,
2026-08-06,AHL,,420,410.4,413.1,,,248,102799.5,15,,
2026-08-06,AHPC,,270,267.3,268,,,28461,7631951.9,136,,
2026-08-06,AKJCL,,385.4,370,374,,,707966,265944335.9,1499,,
2026-08-06,AKPL,,263.9,257,258,,,61982,16007643.2,144,,
2026-08-06,ALBSL,,1107,1066,1085,,,4393,4770034.2,62,,
2026-08-06,ALICL,,429.8,422,424.8,,,6022,2547833.3,87,,
2026-08-06,ANLB,,5560,5400,5524,,,1194,6530505.7,33,,
2026-08-06,APHL,,855,825,828,,,10218,8486689.5,242,,
2026-08-06,API,,334,330.2,331.9,,,102691,34123576.6,294,,
2026-08-06,AVYAN,,1055.7,1030,1042,,,4987,5199788.9,75,,
2026-08-06,BANDIPUR,,710,685,697,,,28780,20128570.3,335,,
2026-08-06,BARUN,,326,318,322.7,,,28888,9346775.7,93,,
2026-08-06,BBC,,4319.9,4165,4278,,,505,2134680.1,39,,
2026-08-06,BEDC,,325,318.1,322,,,13876,4472346.5,99,,
2026-08-06,BFC,,513.9,501.1,502,,,25711,12966476.8,148,,
2026-08-06,BGWT,,573,551,557,,,983,545678.6,24,,
2026-08-06,BHCL,,505,490,494,,,15068,7508153.1,233,,
2026-08-06,BHDC,,431.8,424.6,429.5,,,7379,3148055.8,57,,
2026-08-06,BHL,,214,209.5,210,,,71067,14934947.6,283,,
2026-08-06,BHPL,,521,487,499,,,5470,2690700.2,73,,
2026-08-06,BJHL,,710.8,670,704,,,6902,4794074.8,156,,
2026-08-06,BNHC,,301,290,291,,,85327,25279265,442,,
2026-08-06,BNL,,14500,14500,14500,,,10,145000,1,,
2026-08-06,BNT,,11610,11610,11610,,,25,290250,2,,
2026-08-06,BPCL,,658,644,653,,,31224,20281882.3,96,,
2026-08-06,BUNGAL,,599,585,585.1,,,20057,11842447.6,212,,
2026-08-06,CBBL,,935,925.1,929.9,,,5944,5527772.3,96,,
2026-08-06,CFCL,,690,646,675,,,182547,123793228.1,459,,
2026-08-06,CGH,,790,778.3,778.3,,,16702,13013214.1,48,,
2026-08-06,CHCL,,497.9,488.2,492,,,9452,4628569.6,116,,
2026-08-06,CHDC,,2238,2216,2218,,,20810,46257476,133,,
2026-08-06,CHL,,279,266,270,,,26406,7171839.3,127,,
2026-08-06,CIT,,1722,1700,1710,,,1738,2971462.2,64,,
2026-08-06,CITY,,390,371.3,374,,,82999,31369333.2,437,,
2026-08-06,CKHL,,581.9,575.2,578.2,,,633,365931.1,23,,
2026-08-06,CLI,,445,440,440.1,,,6652,2938733,166,,
2026-08-06,CREST,,1254.6,1175,1194,,,3873,4571900.8,92,,
2026-08-06,CYCL,,1309,1281,1290,,,389,503426,25,,
2026-08-06,CZBIL,,205,201,202,,,42559,8625754.9,139,,
2026-08-06,DDBL,,835,826.2,835,,,5724,4756964,44,,
2026-08-06,DHEL,,585.9,575,576,,,14035,8133011.6,183,,
2026-08-06,DHPL,,307.6,288,293,,,6643,1957271.4,56,,
2026-08-06,DLBS,,1244.2,1160.1,1182.1,,,1233,1498011.2,34,,
2026-08-06,DOLTI,,325,317.3,320,,,19633,6294022,111,,
2026-08-06,DORDI,,257,251.9,254,,,22370,5683150.8,114,,
2026-08-06,EBL,,733,725,725,,,27393,19987387.2,205,,
2026-08-06,ECL,,1685,1500,1612,,,74398,116339684.8,5281,,
2026-08-06,EHPL,,365.2,343,344,,,4094,1421024,50,,
2026-08-06,ENL,,815,785.7,791,,,580,456679,10,,
2026-08-06,FMDBL,,760,753,758,,,6627,5012907,55,,
2026-08-06,FOWAD,,948.9,920.1,927.1,,,3048,2843788.7,77,,
2026-08-06,GBIME,,265.8,251.8,252.3,,,246981,62648887.1,484,,
2026-08-06,GBLBS,,743.9,733,737,,,749,549406.5,15,,
2026-08-06,GCIL,,355,350,350,,,9521,3339666.6,133,,
2026-08-06,GFCL,,607.4,603,603,,,6743,4084820.8,49,,
2026-08-06,GHL,,233.9,228.2,228.5,,,38653,8883099.2,104,,
2026-08-06,GILB,,1094,1072,1090,,,1002,1091580,9,,
2026-08-06,GLBSL,,1801,1776,1801,,,123,218694.5,6,,
2026-08-06,GLH,,260.5,256.5,257.4,,,19944,5153504,101,,
2026-08-06,GMFBS,,1215,1178.6,1183.1,,,410,488157.4,14,,
2026-08-06,GMFIL,,472,455.3,455.3,,,6873,3159958.5,44,,
2026-08-06,GMLI,,1134,1085.1,1104,,,3222,3573973,35,,
2026-08-06,GUFL,,578,561,575.9,,,28866,16455429.9,121,,
2026-08-06,GVL,,487.9,480,480.2,,,4787,2300577.4,56,,
2026-08-06,HATHY,,696.9,681,685.9,,,2640,1815497.7,66,,
2026-08-06,HBL,,199,187.5,194.9,,,146075,28178940.6,732,,
2026-08-06,HDHPC,,215,209.9,209.9,,,80586,17074700.9,250,,
2026-08-06,HDL,,1174,1167,1167,,,15131,17698202.3,209,,
2026-08-06,HFIN,,721.9,702.5,709,,,16550,11793177.5,416,,
2026-08-06,HHL,,344.9,335,336.4,,,31851,10798075.9,113,,
2026-08-06,HIDCL,,259,253.5,254.6,,,20967,5352741.4,135,,
2026-08-06,HIMSTAR,,720,706,708,,,2781,1974842.2,55,,
2026-08-06,HLBSL,,880,869,880,,,1816,1582862.3,19,,
2026-08-06,HLI,,324.1,319,319.9,,,26906,8617977.5,231,,
2026-08-06,HPPL,,388,376.5,388,,,110658,42404875.2,275,,
2026-08-06,HRL,,617,581.1,584,,,37238,21762716.2,476,,
2026-08-06,HURJA,,245,239,239.1,,,34513,8281213.8,132,,
2026-08-06,ICFC,,610,602.1,605,,,3311,2003551.7,35,,
2026-08-06,IHL,,355,348,348,,,5844,2051512.4,52,,
2026-08-06,ILBS,,896,859,879,,,1129,978540,25,,
2026-08-06,ILI,,419.9,409,411.2,,,13476,5600007.7,217,,
2026-08-06,JBLB,,1274.9,1251,1260,,,4808,6067541.3,86,,
2026-08-06,JFL,,391.1,385,391,,,3205,1245118,34,,
2026-08-06,JHAPA,,1112,1080,1098,,,2330,2550054,54,,
2026-08-06,JOSHI,,305.9,283,284,,,73622,21464857.1,327,,
2026-08-06,JSLBB,,1000,970,990,,,91,89460,7,,
2026-08-06,KAHL,,565,527.3,554.5,,,89655,49628261.2,2611,,
2026-08-06,KBL,,229.9,215,216,,,289577,62680317.9,666,,
2026-08-06,KBSH,,976.4,935,970,,,24488,23308049.8,240,,
2026-08-06,KDL,,792.2,772,780,,,1242,968593,33,,
2026-08-06,KHPL,,858.6,818,818,,,10504,8742340.6,247,,
2026-08-06,KKHC,,360,315.8,320,,,525282,169340525.1,1003,,
2026-08-06,KMCDB,,765,757.6,760.2,,,1750,1330139,21,,
2026-08-06,KPCL,,475,465,468.1,,,6060,2855510.3,53,,
2026-08-06,LEC,,229.9,220.4,224,,,105012,23535162.3,223,,
2026-08-06,LICN,,786,775.2,776,,,5452,4238078.6,50,,
2026-08-06,LLBS,,894.8,867.3,894.8,,,70,61371,3,,
2026-08-06,LSL,,227,218,222.8,,,173938,38619924.6,188,,
2026-08-06,MABEL,,605.5,589,595.6,,,4965,2966855.3,81,,
2026-08-06,MAKAR,,459,434.5,435,,,14216,6228357.4,109,,
2026-08-06,MANDU,,830,806,806,,,1682,1359309,32,,
2026-08-06,MATRI,,817.5,809.5,812.2,,,393,319032.2,15,,
2026-08-06,MBJC,,271,265.1,267.4,,,13296,3550609.9,146,,
2026-08-06,MBL,,258,243.5,253,,,57765,14601737.3,170,,
2026-08-06,MCHL,,289,280.1,280.1,,,4588,1299077.6,41,,
2026-08-06,MEHL,,308,294,297,,,6632,1966225,77,,
2026-08-06,MEL,,217,212.2,214.6,,,13496,2902149.1,143,,
2026-08-06,MEN,,603,595,600.1,,,36224,21704812.9,163,,
2026-08-06,MERO,,675,662,666,,,596,396781,19,,
2026-08-06,MFIL,,825,755,785,,,126180,96623222.5,305,,
2026-08-06,MHCL,,321,312.1,312.1,,,5370,1689778,61,,
2026-08-06,MHL,,482,466,468.5,,,2541,1197768.1,56,,
2026-08-06,MHNL,,242.9,237.4,239.9,,,14350,3447275.2,51,,
2026-08-06,MKCL,,1083,1058,1062,,,3386,3596298.1,52,,
2026-08-06,MKHC,,287,284.6,285.8,,,12603,3595422.9,89,,
2026-08-06,MKHL,,502.5,480.2,495.3,,,6620,3286509.5,55,,
2026-08-06,MKJC,,468,455.7,457,,,2753,1260081.3,30,,
2026-08-06,MLBBL,,1138,1101.1,1121,,,1592,1780109.6,21,,
2026-08-06,MLBS,,1135,1118,1119,,,425,478196,8,,
2026-08-06,MLBSL,,1640,1600,1600,,,1081,1757527.5,43,,
2026-08-06,MMKJL,,477.9,450.1,458,,,2213,1020392.3,55,,
2026-08-06,MPFL,,615,606,611,,,7322,4485701.2,26,,
2026-08-06,MSHL,,609,606,609,,,189,114918,10,,
2026-08-06,MSLB,,1268,1255,1255,,,2572,3248213,43,,
2026-08-06,NABIL,,568,550,552,,,53215,29432922,535,,
2026-08-06,NADEP,,774,720,730,,,1051,759694,13,,
2026-08-06,NBL,,272,255.5,269,,,55321,14760673.9,205,,
2026-08-06,NESDO,,1490,1455,1469,,,661,973737.1,8,,
2026-08-06,NFS,,576,567.5,568,,,1584,904287,26,,
2026-08-06,NGPL,,416,408.2,412.8,,,139627,57515919.1,361,,
2026-08-06,NHDL,,644,632.1,641,,,2636,1689997.8,21,,
2026-08-06,NHPC,,289.9,276.8,277.1,,,683738,194285983,1256,,
2026-08-06,NICA,,332,325,327.9,,,69912,22836619.3,319,,
2026-08-06,NICLBSL,,551,546.1,549,,,999,549408.3,29,,
2026-08-06,NIFRA,,249,245,246,,,26888,6615093.2,309,,
2026-08-06,NIMB,,206.3,195,195.9,,,119875,23458821.4,323,,
2026-08-06,NLIC,,750,740,743.8,,,31459,23364241.1,321,,
2026-08-06,NLICL,,575,562,570,,,7846,4464824,20,,
2026-08-06,NLO,,269.4,269.4,269.4,,,0,0,0,,
2026-08-06,NMB,,247.1,241.1,243.9,,,67206,16390657.5,239,,
2026-08-06,NMBMF,,614.7,600.2,614.7,,,96,57812.2,3,,
2026-08-06,NMFBS,,1115,1104.5,1105,,,3282,3629409.9,40,,
2026-08-06,NMLBBL,,528,511,516,,,13451,6954326.2,76,,
2026-08-06,NRIC,,948,930,938.9,,,16972,15848640.7,160,,
2026-08-06,NRM,,314.9,306,310.5,,,3279,1020093.2,72,,
2026-08-06,NRN,,1419,1380,1387,,,59207,82415969.9,328,,
2026-08-06,NTC,,877,857.1,862,,,4505,3884007.4,98,,
2026-08-06,NUBL,,618,600.1,613,,,2259,1371090.7,26,,
2026-08-06,NWCL,,696.9,681.3,696.9,,,656,452768.1,25,,
2026-08-06,NYADI,,380.9,363.3,372.2,,,6040,2267087.3,72,,
2026-08-06,OHL,,670,659,670,,,1730,1143731,14,,
2026-08-06,OMPL,,929,903.6,905,,,2078,1896110,61,,
2026-08-06,PCBL,,246,239.2,240.1,,,44619,10741278.7,134,,
2026-08-06,PCIL,,650,612,635,,,24618,15682458,610,,
2026-08-06,PFL,,364,364,364,,,0,0,0,,
2026-08-06,PHCL,,303,297.5,297.5,,,28105,8440481.7,159,,
2026-08-06,PMHPL,,324,312,319,,,11044,3489212,45,,
2026-08-06,PMLI,,444,437,438.7,,,2069,908851.9,81,,
2026-08-06,PPCL,,358,335,340,,,10682,3596698,36,,
2026-08-06,PPL,,333.9,309.3,330,,,19653,6454665,133,,
2026-08-06,PROFL,,434,423.1,423.1,,,5125,2174816.4,43,,
2026-08-06,PRVU,,196.9,184,192.3,,,76081,14596405.6,348,,
2026-08-06,PURE,,834,825,825.5,,,2721,2250845.7,41,,
2026-08-06,RADHI,,745,702,715,,,25197,18030124.6,113,,
2026-08-06,RAWA,,432,420.8,425.9,,,10371,4399904.7,75,,
2026-08-06,RFPL,,339.9,325.1,333.2,,,11147,3724965.2,96,,
2026-08-06,RHGCL,,262.9,259,261,,,16537,4303868.9,84,,
2026-08-06,RHPL,,259,256,256.5,,,9346,2403568.2,74,,
2026-08-06,RIDI,,415,380,384.9,,,1213509,472400346.8,2376,,
2026-08-06,RLEL,,905,885,886,,,3583,3197631.5,146,,
2026-08-06,RLFL,,469,450.1,457,,,13466,6113553.6,77,,
2026-08-06,RNLI,,435,416,432.5,,,27466,11837537.9,220,,
2026-08-06,RSDC,,645,633,635,,,2729,1737407.5,36,,
2026-08-06,RSML,,2600,2510,2541.6,,,49202,125711542.9,1025,,
2026-08-06,RURU,,619,610,612.1,,,4791,2930867.4,44,,
2026-08-06,SAGAR,,1780,1726.2,1750,,,11449,20018687.2,157,,
2026-08-06,SAHAS,,680,671,672,,,49816,33526831,330,,
2026-08-06,SAIL,,1130,1085,1099,,,40111,44611700,303,,
2026-08-06,SANIMA,,376.5,373.5,373.7,,,83168,31173884.9,224,,
2026-08-06,SANVI,,604,596,597,,,3408,2041219.3,91,,
2026-08-06,SARBTM,,792,781,783,,,2374,1865222,40,,
2026-08-06,SBI,,415,388.5,406.4,,,2968,1192126.9,37,,
2026-08-06,SBL,,416,410.5,411,,,105901,43737832.3,217,,
2026-08-06,SCB,,665,625,654,,,15658,10278413.6,87,,
2026-08-06,SGHC,,326,317,318.5,,,77022,24730434.7,235,,
2026-08-06,SGHL,,535,513,525.6,,,121282,64136544.5,3549,,
2026-08-06,SHEL,,311.6,305,306.9,,,78427,24078415.4,208,,
2026-08-06,SHIVM,,651,645,645,,,46373,30005399.8,188,,
2026-08-06,SHL,,502,498,498.6,,,16007,7994298.2,39,,
2026-08-06,SHLB,,1476.9,1432,1476.9,,,74,107017,7,,
2026-08-06,SHPC,,503,498,499.9,,,12802,6401656.7,81,,
2026-08-06,SIFC,,512,503,510,,,5130,2610875.5,36,,
2026-08-06,SIKLES,,561.9,558.3,560,,,8631,4831945.9,51,,
2026-08-06,SIPD,,739,670.1,690,,,16708,11527961.8,372,,
2026-08-06,SJCL,,276,271.6,272.5,,,4683,1277282.4,52,,
2026-08-06,SJLIC,,415.5,411.5,414.2,,,8389,3472433.1,96,,
2026-08-06,SKBBL,,755,750.3,750.5,,,6771,5090114.3,75,,
2026-08-06,SKHEL,,995,970.3,989,,,2791,2746330.5,88,,
2026-08-06,SKHL,,920,862,890,,,6582,5903862.9,213,,
2026-08-06,SLBBL,,802,798,798.3,,,2203,1763614.5,28,,
2026-08-06,SLBSL,,1004.9,975,999.1,,,1012,1002023.9,30,,
2026-08-06,SMATA,,744.9,721.2,732,,,468,343253.6,36,,
2026-08-06,SMB,,1810,1799.9,1800,,,902,1625654.2,25,,
2026-08-06,SMFBS,,1535,1497.1,1525,,,390,584927.9,16,,
2026-08-06,SMH,,516,501,509,,,10300,5271730.3,64,,
2026-08-06,SMHL,,507,493,493.1,,,62515,31152959.7,238,,
2026-08-06,SMJC,,452,418,449.9,,,17151,7679338.5,137,,
2026-08-06,SMPDA,,775,750,750,,,2936,2206913.1,32,,
2026-08-06,SNLI,,420,415.3,415.3,,,15725,6563464.9,263,,
2026-08-06,SNORL,,925,880.6,881.6,,,20417,18457667.1,575,,
2026-08-06,SOHL,,702,656,662,,,350719,237906322.8,3021,,
2026-08-06,SONA,,406,400,403,,,18577,7476410.5,256,,
2026-08-06,SOPL,,826,800,800,,,36365,29516697.6,927,,
2026-08-06,SPC,,422,415,420,,,3894,1623100.5,51,,
2026-08-06,SPDL,,389,362.1,362.4,,,34094,12548015.1,121,,
2026-08-06,SPHL,,532,520,520,,,2656,1384815.2,30,,
2026-08-06,SPL,,680,645,663,,,700,460288,14,,
2026-08-06,SRLI,,378.6,373.1,375,,,8668,3255587.7,130,,
2026-08-06,SSHL,,206,202.5,202.5,,,71658,14618961.6,238,,
2026-08-06,STC,,5200,5200,5200,,,20,104000,1,,
2026-08-06,SWASTIK,,2049,2015,2025,,,190,387044.2,11,,
2026-08-06,SWBBL,,711.9,669.1,673,,,7175,4839433.5,50,,
2026-08-06,SWMF,,615,605.2,610,,,3929,2399144,34,,
2026-08-06,SYPNL,,1350,1251.2,1280,,,61852,80010554.8,799,,
2026-08-06,TAMOR,,454.9,445.1,450,,,23440,10567965,89,,
2026-08-06,TPC,,370.9,360.1,360.3,,,44556,16240573.2,103,,
2026-08-06,TPKHL,,565,533,552,,,76497,42615758.4,1620,,
2026-08-06,TRH,,794,779,792,,,4398,3482328,22,,
2026-08-06,TSHL,,390,372,372.2,,,7072,2705609,83,,
2026-08-06,TTL,,724.9,712,716.1,,,6563,4699421,168,,
2026-08-06,TVCL,,494.4,471,475.1,,,10049,4854615.3,55,,
2026-08-06,UHEWA,,600,567,571.8,,,14399,8214351.7,98,,
2026-08-06,ULBSL,,2748,2700.5,2700.5,,,472,1279302.9,22,,
2026-08-06,ULHC,,407.2,350,407.2,,,16882,6115479.7,102,,
2026-08-06,UMHL,,590,560,582.1,,,149441,85222504.5,262,,
2026-08-06,UMRH,,539,535,535.1,,,10683,5746355.7,19,,
2026-08-06,UNHPL,,385,375.5,379,,,23316,8867818.6,90,,
2026-08-06,UNL,,48000,48000,48000,,,0,0,0,,
2026-08-06,UNLB,,1273,1217,1257.9,,,1195,1482384,26,,
2026-08-06,UPCL,,355,350,351,,,22402,7871984.4,99,,
2026-08-06,UPPER,,197,194,194.1,,,47333,9217479.7,255,,
2026-08-06,USHEC,,500,493,496.1,,,2247,1112716.3,42,,
2026-08-06,USHL,,565.9,528,539,,,675,362111.2,33,,
2026-08-06,USLB,,1139,1116,1138.7,,,432,489163,17,,
2026-08-06,VLBS,,685.9,660.1,665,,,1848,1229122.3,59,,
2026-08-06,VLUCL,,420,413.3,419,,,874,363452,45,,
2026-08-06,YMHL,,670,617.1,639.7,,,47920,30576902.1,924,,
2026-08-07,ACLBSL,,930,916.1,917,,,393,362195.2,12,,
2026-08-07,ADBL,,309,304,307.9,,,45973,14051047,250,,
2026-08-07,AHL,,417.5,413,414,,,2712,1125309.5,42,,
2026-08-07,AHPC,,268.9,265,265.9,,,37465,9973372,188,,
2026-08-07,AKJCL,,392.7,361.2,362.1,,,322090,117991328.2,791,,
2026-08-07,AKPL,,259.6,256.1,256.6,,,40985,10559422,125,,
2026-08-07,ALBSL,,1110.9,1050,1091,,,3178,3465873.5,56,,
2026-08-07,ALICL,,424.8,420.8,422,,,5448,2299798.9,54,,
2026-08-07,ANLB,,5999,5300,5999,,,5041,27232280.2,172,,
2026-08-07,APHL,,834.9,824,828,,,10060,8308517.1,206,,
2026-08-07,API,,332.3,328.2,330,,,82236,27123904.4,375,,
2026-08-07,AVYAN,,1070,1036,1053,,,6060,6436329,86,,
2026-08-07,BANDIPUR,,701,675,692,,,34855,23910208.7,419,,
2026-08-07,BARUN,,323,319.1,321.2,,,16558,5306378.5,107,,
2026-08-07,BBC,,4296,4176,4289,,,100,423675,10,,
2026-08-07,BEDC,,325,320,323,,,14378,4631334.4,94,,
2026-08-07,BFC,,504,492,494,,,30161,15001870.5,200,,
2026-08-07,BGWT,,558,542,556,,,501,275075.3,20,,
2026-08-07,BHCL,,497,486,489,,,16680,8178281.7,206,,
2026-08-07,BHDC,,430,425.1,426,,,8716,3716621.2,67,,
2026-08-07,BHL,,210,208,208.9,,,44962,9394674.9,226,,
2026-08-07,BHPL,,523,480,497,,,7298,3533740.7,56,,
2026-08-07,BJHL,,700,683.4,694,,,4666,3212152,87,,
2026-08-07,BNHC,,297.6,285.5,286.2,,,28624,8230969.3,141,,
2026-08-07,BNL,,14500,14500,14500,,,0,0,0,,
2026-08-07,BNT,,11645,11645,11645,,,10,116450,1,,
2026-08-07,BPCL,,651.5,646,650,,,3243,2103326.8,55,,
2026-08-07,BUNGAL,,588.2,556,584.8,,,12856,7515653.8,160,,
2026-08-07,CBBL,,934.9,929,929,,,7453,6934726.5,102,,
2026-08-07,CFCL,,675,642,660,,,45130,29942884.5,192,,
2026-08-07,CGH,,799,778,785.1,,,60218,47335438.3,153,,
2026-08-07,CHCL,,493.7,485.1,486,,,6116,2978407.1,82,,
2026-08-07,CHDC,,2215,2191.1,2200,,,7774,17123921.2,106,,
2026-08-07,CHL,,269.8,258,268,,,23013,6112128.5,102,,
2026-08-07,CIT,,1719,1706,1709.9,,,5291,9036158.7,87,,
2026-08-07,CITY,,375.9,356,371,,,100371,37291700.9,372,,
2026-08-07,CKHL,,585,561.5,584,,,672,388751.2,23,,
2026-08-07,CLI,,446,435.1,443.9,,,18558,8151631.2,234,,
2026-08-07,CREST,,1253.7,1160,1189,,,6706,7882424.9,91,,
2026-08-07,CYCL,,1308,1280,1280,,,1208,1552896.8,36,,
2026-08-07,CZBIL,,204,201,202,,,26917,5438354,126,,
2026-08-07,DDBL,,839,825,829,,,3294,2734706.8,37,,
2026-08-07,DHEL,,584.9,566,584.9,,,19481,11175376.2,190,,
2026-08-07,DHPL,,307,288,290,,,1477,426570.8,21,,
2026-08-07,DLBS,,1200,1165,1165,,,223,263674.5,12,,
2026-08-07,DOLTI,,321.9,316,320,,,6821,2179787,75,,
2026-08-07,DORDI,,254,247,247,,,28902,7240088.7,140,,
2026-08-07,EBL,,734,720,723,,,23131,16724044.5,184,,
2026-08-07,ECL,,1711,1532,1665,,,31215,51621623.5,1667,,
2026-08-07,EHPL,,353,338.3,344,,,5513,1881032.1,56,,
2026-08-07,ENL,,800,785.1,799.9,,,160,127007,11,,
2026-08-07,FMDBL,,786,753,781,,,49122,38242893.6,390,,
2026-08-07,FOWAD,,950,925.2,930,,,3506,3257628.2,59,,
2026-08-07,GBIME,,253.7,250,251,,,157185,39476718.7,556,,
2026-08-07,GBLBS,,740,731.2,738,,,1327,974401.7,33,,
2026-08-07,GCIL,,350,345,345,,,13380,4646266.4,132,,
2026-08-07,GFCL,,607,601.1,605,,,5011,3024205,40,,
2026-08-07,GHL,,230.5,226.2,228,,,48820,11167523,113,,
2026-08-07,GILB,,1090,1067.1,1070,,,498,533668.4,14,,
2026-08-07,GLBSL,,1801,1772,1795.9,,,279,495322,14,,
2026-08-07,GLH,,259,255,256.9,,,15144,3876759.2,111,,
2026-08-07,GMFBS,,1218,1150,1154,,,1933,2275696.2,34,,
2026-08-07,GMFIL,,461,456,456.3,,,5395,2469656.3,29,,
2026-08-07,GMLI,,1129.9,1090,1105,,,2767,3049589,73,,
2026-08-07,GUFL,,576,565.1,569.9,,,10774,6149992.9,62,,
2026-08-07,GVL,,484,476,482,,,6322,3036836.4,65,,
2026-08-07,HATHY,,694.5,681,693,,,4014,2760286.8,61,,
2026-08-07,HBL,,197,193,194.8,,,33399,6495104.7,428,,
2026-08-07,HDHPC,,210.7,208,208,,,71273,14889405.5,278,,
2026-08-07,HDL,,1175,1165.1,1167,,,12427,14504484.4,185,,
2026-08-07,HFIN,,708.9,692,699,,,21761,15247718.5,429,,
2026-08-07,HHL,,344,335,337,,,8753,2938347.6,74,,
2026-08-07,HIDCL,,258,252.1,254,,,20564,5213806.6,142,,
2026-08-07,HIMSTAR,,707.8,690,696,,,4565,3184631.7,76,,
2026-08-07,HLBSL,,874.9,870,870,,,217,188739,6,,
2026-08-07,HLI,,322,318,319.7,,,14437,4601447.5,214,,
2026-08-07,HPPL,,387.5,373.1,380,,,165076,62405055.3,386,,
2026-08-07,HRL,,604.3,580,583,,,32994,19311921.4,418,,
2026-08-07,HURJA,,239.8,237,238,,,29557,7041313,117,,
2026-08-07,ICFC,,605,600,603,,,7627,4584099.1,48,,
2026-08-07,IHL,,353,345.1,346,,,4109,1425908.1,35,,
2026-08-07,ILBS,,886,860,876.9,,,1049,904568.8,35,,
2026-08-07,ILI,,414,409,412.4,,,5178,2129068.5,152,,
2026-08-07,JBLB,,1268,1255,1260.8,,,2340,2944309.1,63,,
2026-08-07,JFL,,389,384,384.5,,,6409,2465790.6,63,,
2026-08-07,JHAPA,,1096.9,1065,1090,,,4949,5315486.2,100,,
2026-08-07,JOSHI,,289,280.2,283,,,73222,20714733.4,261,,
2026-08-07,JSLBB,,980,980,980,,,200,196000,2,,
2026-08-07,KAHL,,555,537.2,542.2,,,31077,16851159,1193,,
2026-08-07,KBL,,218,214.6,215,,,187087,40297743,552,,
2026-08-07,KBSH,,997,950,980,,,22696,22038187.7,245,,
2026-08-07,KDL,,780,766.2,774,,,567,440587.9,27,,
2026-08-07,KHPL,,830,802,816,,,6987,5681143.9,202,,
2026-08-07,KKHC,,329,315.1,323,,,425658,136140650.9,662,,
2026-08-07,KMCDB,,780,760,777,,,5331,4126456.3,51,,
2026-08-07,KPCL,,470,466.8,468,,,3501,1636541.3,28,,
2026-08-07,LEC,,235.2,220,221.2,,,76335,16924100.1,194,,
2026-08-07,LICN,,790,771.2,774.9,,,1328,1031168.5,26,,
2026-08-07,LLBS,,885,870,885,,,155,135058,7,,
2026-08-07,LSL,,222,218.6,220.2,,,58669,12907146.9,134,,
2026-08-07,MABEL,,610,586.3,593,,,3650,2160857,75,,
2026-08-07,MAKAR,,435.1,428.6,429.8,,,31056,13388551.3,147,,
2026-08-07,MANDU,,810,796.5,798,,,5828,4673778.4,58,,
2026-08-07,MATRI,,825,810,811,,,488,397224,15,,
2026-08-07,MBJC,,267.4,265.3,267,,,4538,1210021.8,102,,
2026-08-07,MBL,,255.8,250.5,255,,,87239,22117508.2,155,,
2026-08-07,MCHL,,286,276,282,,,4818,1339616.8,48,,
2026-08-07,MEHL,,297,291,296,,,3838,1129609,45,,
2026-08-07,MEL,,215.1,212,214.9,,,17055,3642049.1,102,,
2026-08-07,MEN,,601,595,595.1,,,43063,25741883,126,,
2026-08-07,MERO,,675,661.2,661.2,,,2700,1806726.9,32,,
2026-08-07,MFIL,,777,755,775,,,16576,12723086.4,91,,
2026-08-07,MHCL,,319,305.2,308,,,4148,1290077,45,,
2026-08-07,MHL,,473.8,464,470,,,3960,1848409.8,44,,
2026-08-07,MHNL,,242,237.5,242,,,3176,762937.5,30,,
2026-08-07,MKCL,,1075,1041,1075,,,2299,2439930.2,40,,
2026-08-07,MKHC,,293,266,280,,,356138,96142935.3,998,,
2026-08-07,MKHL,,495,483.2,494.9,,,829,406349.9,23,,
2026-08-07,MKJC,,460.8,450.1,453,,,6876,3119555,44,,
2026-08-07,MLBBL,,1119,1110,1119,,,306,340058,14,,
2026-08-07,MLBS,,1152.5,1119,1152.5,,,158,177945,6,,
2026-08-07,MLBSL,,1620,1601,1620,,,445,719980,15,,
2026-08-07,MMKJL,,459,436.5,454.9,,,6085,2727626.3,77,,
2026-08-07,MPFL,,613,601.1,613,,,7828,4745459,31,,
2026-08-07,MSHL,,625.5,608,608,,,1103,672868.5,30,,
2026-08-07,MSLB,,1265,1230,1258,,,909,1134889.8,29,,
2026-08-07,NABIL,,560,550.1,556,,,83780,46549634.2,496,,
2026-08-07,NADEP,,730,716,729,,,570,409181.1,14,,
2026-08-07,NBL,,270,265,269.9,,,72438,19310346.4,202,,
2026-08-07,NESDO,,1458,1439.5,1458,,,774,1124410,15,,
2026-08-07,NFS,,575,566.2,567.4,,,1379,782936.4,24,,
2026-08-07,NGPL,,416,408,408.7,,,74059,30373747.6,250,,
2026-08-07,NHDL,,644,630.5,640,,,3032,1930707.5,25,,
2026-08-07,NHPC,,280,263.3,273,,,191698,52414130.6,542,,
2026-08-07,NICA,,327,325,326,,,43627,14197388.9,273,,
2026-08-07,NICLBSL,,552,545,547,,,7143,3906603.8,103,,
2026-08-07,NIFRA,,247.9,245,245.1,,,40495,9952759,274,,
2026-08-07,NIMB,,197.9,193.1,195,,,75911,14752429.6,338,,
2026-08-07,NLIC,,744,739.5,739.8,,,18768,13897272.9,269,,
2026-08-07,NLICL,,570,562,562,,,16965,9596044.1,64,,
2026-08-07,NLO,,269.4,269.4,269.4,,,0,0,0,,
2026-08-07,NMB,,245,240.1,243.1,,,49980,12156268.2,174,,
2026-08-07,NMBMF,,616.9,600.3,616,,,707,425077.5,10,,
2026-08-07,NMFBS,,1111,1101.3,1101.4,,,7110,7846058.6,66,,
2026-08-07,NMLBBL,,525.6,510,515.1,,,6361,3263431.2,42,,
2026-08-07,NRIC,,939,920,932,,,7177,6689804.1,139,,
2026-08-07,NRM,,310,305.1,305.1,,,4650,1432440.1,66,,
2026-08-07,NRN,,1390,1370,1371,,,51374,70631020.9,320,,
2026-08-07,NTC,,870.9,862,863.9,,,8319,7200295.2,106,,
2026-08-07,NUBL,,610,602,605.4,,,2996,1814556.8,21,,
2026-08-07,NWCL,,690,680,688,,,4545,3103931.4,68,,
2026-08-07,NYADI,,375,364,370,,,5382,1972606,50,,
2026-08-07,OHL,,671,652,665,,,2378,1562800,13,,
2026-08-07,OMPL,,917,890,893,,,4184,3757259.5,108,,
2026-08-07,PCBL,,244.5,238.2,240,,,41391,9925898.8,119,,
2026-08-07,PCIL,,640,619,622.3,,,23281,14502481.71,581,,
2026-08-07,PFL,,364,364,364,,,0,0,0,,
2026-08-07,PHCL,,299.2,294.2,296,,,27204,8041596.5,171,,
2026-08-07,PMHPL,,324,312.1,318,,,6014,1891035,51,,
2026-08-07,PMLI,,442,431.1,437.5,,,1893,827441.2,67,,
2026-08-07,PPCL,,357,336,338.9,,,4212,1419489.7,38,,
2026-08-07,PPL,,329.9,313.5,328.4,,,9314,3034464.1,101,,
2026-08-07,PROFL,,429.9,415,420,,,13809,5790234.3,82,,
2026-08-07,PRVU,,193,190,191,,,132896,25356396.7,472,,
2026-08-07,PURE,,847.9,816.1,820,,,20112,16743490.1,112,,
2026-08-07,RADHI,,725,705,711,,,64637,45732471.1,236,,
2026-08-07,RAWA,,426,419,420,,,14270,6003073.6,106,,
2026-08-07,RFPL,,337,325.1,334.7,,,15251,5077962.3,120,,
2026-08-07,RHGCL,,261.9,257.5,258.1,,,12524,3236443.7,68,,
2026-08-07,RHPL,,259,244.4,259,,,4000,1025084.5,68,,
2026-08-07,RIDI,,388.8,375,375,,,606959,230202624.7,958,,
2026-08-07,RLEL,,928,877,890,,,4579,4042117.8,143,,
2026-08-07,RLFL,,465,452.2,452.6,,,10292,4686143.8,62,,
2026-08-07,RNLI,,431.9,428,431.7,,,8967,3850350.2,203,,
2026-08-07,RSDC,,640,630.1,638,,,2369,1498057.2,24,,
2026-08-07,RSML,,2640,2540,2620,,,27037,70254622.1,733,,
2026-08-07,RURU,,640.6,604,614,,,10900,6812206.6,52,,
2026-08-07,SAGAR,,1765,1705,1750,,,4058,7013258.2,129,,
2026-08-07,SAHAS,,674,669.3,671.9,,,46722,31346258.4,302,,
2026-08-07,SAIL,,1115.8,1053.9,1090,,,28817,31269895.2,337,,
2026-08-07,SANIMA,,375.7,369.6,370,,,461280,170881778.2,358,,
2026-08-07,SANVI,,600,587,590,,,10045,5928939.3,113,,
2026-08-07,SARBTM,,802,782,785,,,2373,1866993.2,34,,
2026-08-07,SBI,,405.9,400,405.9,,,10867,4388143.8,68,,
2026-08-07,SBL,,412,407,410,,,86200,35293380.6,205,,
2026-08-07,SCB,,663.9,647,648,,,8192,5314880.7,93,,
2026-08-07,SGHC,,322.5,315.3,315.3,,,38765,12290001.4,171,,
2026-08-07,SGHL,,530,515.7,518,,,50921,26565866.8,1910,,
2026-08-07,SHEL,,307.7,301.8,307,,,47541,14476047.9,156,,
2026-08-07,SHIVM,,646,637,637.7,,,44267,28347551.5,255,,
2026-08-07,SHL,,502,497.3,499.1,,,16785,8387335,49,,
2026-08-07,SHLB,,1475,1433,1475,,,108,156700,6,,
2026-08-07,SHPC,,505,496.3,498.5,,,12536,6248058.9,68,,
2026-08-07,SIFC,,510.9,505.4,505.5,,,7215,3659397.9,27,,
2026-08-07,SIKLES,,575,555.5,559,,,5586,3114256.7,50,,
2026-08-07,SIPD,,690,660,680,,,15418,10336452.4,305,,
2026-08-07,SJCL,,273.5,269,273.5,,,6788,1844106.5,73,,
2026-08-07,SJLIC,,417,411.6,412.6,,,6494,2684563,86,,
2026-08-07,SKBBL,,752,747,749.9,,,5056,3787317.5,72,,
2026-08-07,SKHEL,,990,960.3,990,,,1482,1458694.7,59,,
2026-08-07,SKHL,,897.9,868,890,,,7040,6203718.5,154,,
2026-08-07,SLBBL,,802,792.1,802,,,1646,1310518.1,27,,
2026-08-07,SLBSL,,999,980,982.1,,,1298,1278826,25,,
2026-08-07,SMATA,,732,725.5,728,,,1029,751191,36,,
2026-08-07,SMB,,1860,1810,1820,,,889,1622150.3,30,,
2026-08-07,SMFBS,,1585,1493.1,1493.1,,,374,561692.8,15,,
2026-08-07,SMH,,534,505.3,506,,,6919,3507837.7,72,,
2026-08-07,SMHL,,499,492.1,494,,,19476,9616338.5,135,,
2026-08-07,SMJC,,467,448.3,458,,,212329,97734980.7,447,,
2026-08-07,SMPDA,,755,743.5,745,,,564,421984.6,23,,
2026-08-07,SNLI,,416.1,413,414,,,11773,4875052.1,237,,
2026-08-07,SNORL,,921,837.6,906,,,22802,20629257.1,670,,
2026-08-07,SOHL,,720,646.7,688,,,578177,392554054,2644,,
2026-08-07,SONA,,409,401.1,408,,,23274,9427349.6,224,,
2026-08-07,SOPL,,810,760,792,,,33277,26511193.8,784,,
2026-08-07,SPC,,421.7,410.1,419,,,3743,1558104.9,30,,
2026-08-07,SPDL,,369.9,345,368,,,27048,9865047.5,127,,
2026-08-07,SPHL,,524.9,511,524,,,8181,4275110,36,,
2026-08-07,SPL,,670,645,652,,,2378,1538337.5,23,,
2026-08-07,SRLI,,374,370,374,,,17635,6549081.3,160,,
2026-08-07,SSHL,,205,200.1,200.3,,,78553,15806982.1,282,,
2026-08-07,STC,,5250,5125,5180,,,515,2660551,14,,
2026-08-07,SWASTIK,,2040,2010,2040,,,441,889079,20,,
2026-08-07,SWBBL,,675,662.3,665,,,4356,2903287.6,41,,
2026-08-07,SWMF,,619,599.2,619,,,7161,4310848.9,72,,
2026-08-07,SYPNL,,1299,1242,1284,,,22646,29027925.4,429,,
2026-08-07,TAMOR,,449.9,445.1,445.1,,,9540,4255420.5,99,,
2026-08-07,TPC,,365,357,359.5,,,10040,3619427.6,64,,
2026-08-07,TPKHL,,570,529.9,554,,,37966,21082316.1,998,,
2026-08-07,TRH,,796,790,790,,,2221,1764356,14,,
2026-08-07,TSHL,,383.3,365,369.9,,,6016,2220987,63,,
2026-08-07,TTL,,719.9,705,710,,,16478,11708314.9,260,,
2026-08-07,TVCL,,482,468,482,,,2631,1259567,26,,
2026-08-07,UHEWA,,588.9,565.1,582,,,27628,15948963.7,99,,
2026-08-07,ULBSL,,2748,2703,2738,,,586,1590815.2,31,,
2026-08-07,ULHC,,388,356,379,,,124394,45175849.9,374,,
2026-08-07,UMHL,,585,570,583,,,28870,16773939.7,113,,
2026-08-07,UMRH,,539,526.1,526.1,,,3386,1793366.8,41,,
2026-08-07,UNHPL,,381.5,375,375,,,7991,3008338.7,53,,
2026-08-07,UNL,,48500,48500,48500,,,13,627500,2,,
2026-08-07,UNLB,,1279.9,1230,1275.9,,,658,832368.5,22,,
2026-08-07,UPCL,,354,346.1,350,,,17545,6121348.4,106,,
2026-08-07,UPPER,,196,190.1,192,,,96273,18529334.1,374,,
2026-08-07,USHEC,,501.9,492.2,497,,,6636,3309562.8,47,,
2026-08-07,USHL,,550,525.2,538.9,,,1505,803813.2,53,,
2026-08-07,USLB,,1143.9,1118,1125,,,1018,1143982.3,34,,
2026-08-07,VLBS,,666,651.5,666,,,1433,946389.7,48,,
2026-08-07,VLUCL,,420,412.1,420,,,5158,2136214.5,54,,
2026-08-07,YMHL,,649,615,621.8,,,26605,16607085,531,,
2026-08-10,ACLBSL,,920,915,915,,,912,835493,24,,
2026-08-10,ADBL,,311,301,305,,,41071,12433389.3,268,,
2026-08-10,AHL,,419,410,410,,,1857,770549.7,32,,
2026-08-10,AHPC,,269.6,263.2,265,,,30498,8073474.2,157,,
2026-08-10,AKJCL,,368.9,355,366.9,,,237038,86539447.8,509,,
2026-08-10,AKPL,,259.6,253.1,254.7,,,57562,14652017.9,201,,
2026-08-10,ALBSL,,1092.7,1061,1090,,,3254,3513018.3,64,,
2026-08-10,ALICL,,424.5,418,418,,,11884,4992932.1,129,,
2026-08-10,ANLB,,5819.1,5311.8,5467,,,2737,14711221.8,102,,
2026-08-10,APHL,,834.8,812,828,,,7668,6347310.5,261,,
2026-08-10,API,,331.9,325,328.5,,,127348,41659964.2,440,,
2026-08-10,AVYAN,,1065,1050,1051,,,1960,2073309.8,45,,
2026-08-10,BANDIPUR,,693,679.3,680,,,30104,20561204,404,,
2026-08-10,BARUN,,322.9,318,318.7,,,13245,4227737.6,89,,
2026-08-10,BBC,,4293,4150,4249,,,272,1138259,18,,
2026-08-10,BEDC,,323,318.1,319.1,,,13199,4216552.2,84,,
2026-08-10,BFC,,499,490,494.6,,,24740,12197676,117,,
2026-08-10,BGWT,,554,546.1,548,,,1602,880817.6,34,,
2026-08-10,BHCL,,497,483.1,490,,,19700,9665211.8,234,,
2026-08-10,BHDC,,426.9,421.4,426,,,1583,671679.9,33,,
2026-08-10,BHL,,210,206.2,206.9,,,68161,14108973.9,296,,
2026-08-10,BHPL,,495,480.1,482.5,,,3914,1887650.1,45,,
2026-08-10,BJHL,,694,660,670,,,8460,5686291.8,140,,
2026-08-10,BNHC,,290,281,282,,,9682,2737311.7,92,,
2026-08-10,BNL,,14500,14500,14500,,,0,0,0,,
2026-08-10,BNT,,11645,11550.1,11550.1,,,65,750006,2,,
2026-08-10,BPCL,,650,638,649.8,,,17280,11091989.5,127,,
2026-08-10,BUNGAL,,590,580,584,,,18488,10793572.5,250,,
2026-08-10,CBBL,,930,927,930,,,4726,4388631.1,97,,
2026-08-10,CFCL,,664,639,656.5,,,79134,52115699.2,212,,
2026-08-10,CGH,,785,775,779.9,,,5420,4211608,55,,
2026-08-10,CHCL,,496,484,484,,,9921,4822109.7,136,,
2026-08-10,CHDC,,2200,2165.1,2165.5,,,5977,13018655.4,107,,
2026-08-10,CHL,,270,260,267.9,,,13425,3560757.8,67,,
2026-08-10,CIT,,1718,1695,1700,,,3577,6076283,121,,
2026-08-10,CITY,,380,365.4,367,,,60858,22455296.7,318,,
2026-08-10,CKHL,,600,568.5,581,,,16440,9390262,38,,
2026-08-10,CLI,,442,436.3,440,,,4963,2179565.9,167,,
2026-08-10,CREST,,1244,1140,1179.7,,,4497,5294540.4,125,,
2026-08-10,CYCL,,1297.8,1216,1278,,,1298,1660764.5,39,,
2026-08-10,CZBIL,,203.9,200,200.2,,,39327,7892274,140,,
2026-08-10,DDBL,,840,825.2,840,,,10615,8818953.2,82,,
2026-08-10,DHEL,,620,561,620,,,73627,44427435.5,783,,
2026-08-10,DHPL,,294,282,288,,,4003,1138884,23,,
2026-08-10,DLBS,,1225.5,1165,1180,,,328,386058,19,,
2026-08-10,DOLTI,,322,316.1,320,,,14161,4522531.2,98,,
2026-08-10,DORDI,,252,247.3,249.9,,,19961,4966235.2,122,,
2026-08-10,EBL,,730,714,715,,,34924,25021655.5,320,,
2026-08-10,ECL,,1660,1565,1584,,,37178,59447537.7,1513,,
2026-08-10,EHPL,,361.2,328,339,,,20514,6838217.7,153,,
2026-08-10,ENL,,797.9,786,797.9,,,451,357450.5,17,,
2026-08-10,FMDBL,,825,771.5,817,,,153815,124541705.5,762,,
2026-08-10,FOWAD,,957.8,920,945,,,2733,2550922.5,64,,
2026-08-10,GBIME,,256,249.4,251,,,221487,56022437.9,406,,
2026-08-10,GBLBS,,774.9,730,739,,,1293,946747.3,27,,
2026-08-10,GCIL,,348,340,345.1,,,5383,1858029.1,126,,
2026-08-10,GFCL,,605,600,600,,,9296,5593956.4,66,,
2026-08-10,GHL,,231,225.2,229.8,,,29208,6668847.3,113,,
2026-08-10,GILB,,1088.9,1055,1088,,,1167,1245216.6,25,,
2026-08-10,GLBSL,,1788,1752,1785,,,75,133019.1,8,,
2026-08-10,GLH,,260.3,254.1,257.6,,,20175,5155509.2,139,,
2026-08-10,GMFBS,,1188,1140,1174,,,997,1146874.4,18,,
2026-08-10,GMFIL,,460,450,457,,,10821,4892376.5,65,,
2026-08-10,GMLI,,1100,1086,1100,,,2828,3087439.5,67,,
2026-08-10,GUFL,,567,560,560.4,,,13187,7423526.2,89,,
2026-08-10,GVL,,485,476.4,480,,,1588,760859.1,66,,
2026-08-10,HATHY,,705,680,680,,,7602,5203221.8,99,,
2026-08-10,HBL,,196,193.1,194.8,,,45300,8806641.1,568,,
2026-08-10,HDHPC,,210.5,198,207,,,76396,15859813.5,261,,
2026-08-10,HDL,,1175,1165,1165.1,,,16464,19207680.4,252,,
2026-08-10,HFIN,,698,682,686.3,,,21606,14871130.8,460,,
2026-08-10,HHL,,340,330,334.9,,,9345,3106152,100,,
2026-08-10,HIDCL,,254,251,253,,,45099,11377888.1,225,,
2026-08-10,HIMSTAR,,694,685,693,,,2624,1805780,49,,
2026-08-10,HLBSL,,884,870,884,,,310,273375.9,8,,
2026-08-10,HLI,,320,316.2,317,,,24202,7691630.9,245,,
2026-08-10,HPPL,,382,373.4,382,,,83031,31276998,214,,
2026-08-10,HRL,,612,575,578,,,31026,17968741,528,,
2026-08-10,HURJA,,240,236.2,239,,,28025,6690817.9,105,,
2026-08-10,ICFC,,608,595,599,,,2931,1760762.5,28,,
2026-08-10,IHL,,350,337,345,,,4586,1570291.5,46,,
2026-08-10,ILBS,,880,851,865,,,1894,1632063,30,,
2026-08-10,ILI,,412.4,408.2,408.2,,,8756,3586736,200,,
2026-08-10,JBLB,,1265,1250,1255,,,2308,2894400.8,92,,
2026-08-10,JFL,,389,378,388,,,4185,1599312.5,42,,
2026-08-10,JHAPA,,1075,1058,1070,,,5182,5520691,75,,
2026-08-10,JOSHI,,287,275,277.9,,,44277,12368529.4,197,,
2026-08-10,JSLBB,,990,972,980,,,305,298987,9,,
2026-08-10,KAHL,,550,533.1,542,,,28378,15361803.9,1555,,
2026-08-10,KBL,,220,214,215,,,166580,35807303.9,469,,
2026-08-10,KBSH,,992,963.5,966,,,14256,13846139.7,159,,
2026-08-10,KDL,,780,751.5,778,,,320,246729,20,,
2026-08-10,KHPL,,812,800,806.2,,,8628,6960939.6,182,,
2026-08-10,KKHC,,324.8,317.4,321.8,,,242978,77727367.6,439,,
2026-08-10,KMCDB,,815,738.2,807.9,,,10382,8276316.6,136,,
2026-08-10,KPCL,,469.9,460,469,,,3191,1482926.7,52,,
2026-08-10,LEC,,224.8,217,218,,,92850,20322728.8,265,,
2026-08-10,LICN,,785,765.3,770,,,6970,5353920.1,69,,
2026-08-10,LLBS,,890,866,866,,,683,602090,7,,
2026-08-10,LSL,,222.5,218,220,,,56723,12399049.6,150,,
2026-08-10,MABEL,,602,580,594,,,2799,1665726.5,79,,
2026-08-10,MAKAR,,433.9,425,425,,,18200,7757895.4,128,,
2026-08-10,MANDU,,809.9,791.5,800,,,3342,2662148.7,59,,
2026-08-10,MATRI,,809,800,802.1,,,240,193063.1,19,,
2026-08-10,MBJC,,273.9,263.1,265.2,,,10879,2886700.3,192,,
2026-08-10,MBL,,254.7,250,250.3,,,77384,19449226,200,,
2026-08-10,MCHL,,280,273.8,276,,,3409,942457,41,,
2026-08-10,MEHL,,300,285,288,,,5220,1518131.1,83,,
2026-08-10,MEL,,215,209.1,209.1,,,34787,7340020,228,,
2026-08-10,MEN,,602,595,601,,,19092,11451504.4,151,,
2026-08-10,MERO,,672,656,672,,,3939,2607768.2,50,,
2026-08-10,MFIL,,774,755,772,,,19366,14767228.8,150,,
2026-08-10,MHCL,,310,303.1,310,,,4149,1264900.8,57,,
2026-08-10,MHL,,468,463,468,,,700,326127.1,30,,
2026-08-10,MHNL,,241.5,236.2,240.9,,,7666,1826859.4,27,,
2026-08-10,MKCL,,1060,1050.1,1051,,,944,995419,30,,
2026-08-10,MKHC,,285,271,271,,,15787,4357118.2,125,,
2026-08-10,MKHL,,496.8,482,496.8,,,2570,1268166,32,,
2026-08-10,MKJC,,460,450.2,455,,,2605,1177753.6,22,,
2026-08-10,MLBBL,,1133,1111.6,1121.9,,,397,444329.2,18,,
2026-08-10,MLBS,,1130,1119,1130,,,444,497766,8,,
2026-08-10,MLBSL,,1638,1601.1,1610,,,399,640747,22,,
2026-08-10,MMKJL,,468,436,450,,,1791,789896.4,48,,
2026-08-10,MPFL,,616,610,616,,,9050,5546245.8,45,,
2026-08-10,MSHL,,610,606,606,,,485,294259,11,,
2026-08-10,MSLB,,1265,1250,1259,,,1305,1637524,33,,
2026-08-10,NABIL,,556.1,548,549.4,,,44025,24270104.1,529,,
2026-08-10,NADEP,,729,711.2,711.2,,,626,449520.8,9,,
2026-08-10,NBL,,268.9,263,266,,,35349,9380956.4,166,,
2026-08-10,NESDO,,1459.9,1429,1458,,,187,268903.9,12,,
2026-08-10,NFS,,580,564,564.1,,,3855,2181643.6,50,,
2026-08-10,NGPL,,410.8,405,408.5,,,65637,26752842.3,172,,
2026-08-10,NHDL,,641,630.1,640,,,808,511491.7,18,,
2026-08-10,NHPC,,278,260,272.2,,,227236,62056913.5,533,,
2026-08-10,NICA,,326.9,325,325,,,25167,8196710.2,166,,
2026-08-10,NICLBSL,,553.9,542,545,,,5117,2784799.6,104,,
2026-08-10,NIFRA,,246.1,243,244,,,49286,12026322.9,377,,
2026-08-10,NIMB,,195,192.8,192.9,,,82067,15867912.5,336,,
2026-08-10,NLIC,,743,737.5,738,,,18658,13781957.5,254,,
2026-08-10,NLICL,,568,561,567,,,8653,4878635.6,54,,
2026-08-10,NLO,,269.4,269.4,269.4,,,0,0,0,,
2026-08-10,NMB,,247,241.2,243,,,21182,5137675.4,119,,
2026-08-10,NMBMF,,615,602.5,602.5,,,296,180429,7,,
2026-08-10,NMFBS,,1104.5,1091.3,1104,,,1058,1162536.9,32,,
2026-08-10,NMLBBL,,540.8,511,519.9,,,5609,2881589,54,,
2026-08-10,NRIC,,940,920.1,929,,,10394,9662766.7,174,,
2026-08-10,NRM,,306.5,305.5,306.4,,,5089,1557445.8,82,,
2026-08-10,NRN,,1390,1360,1376,,,40092,54928133.4,298,,
2026-08-10,NTC,,872,860,860,,,17752,15283301.8,191,,
2026-08-10,NUBL,,610,600,610,,,2805,1688630,41,,
2026-08-10,NWCL,,694,680,693.6,,,1090,750774,36,,
2026-08-10,NYADI,,371,362,365,,,1795,654399,42,,
2026-08-10,OHL,,665,651,651,,,561,369430.5,14,,
2026-08-10,OMPL,,911,888,894,,,2196,1964605,73,,
2026-08-10,PCBL,,243.8,237.4,239,,,21138,5033112.6,122,,
2026-08-10,PCIL,,628.5,615,625,,,20718,12815977,756,,
2026-08-10,PFL,,364,364,364,,,0,0,0,,
2026-08-10,PHCL,,295.9,293,293.7,,,25842,7600548.5,152,,
2026-08-10,PMHPL,,323,311,318.9,,,1755,552067.2,20,,
2026-08-10,PMLI,,443,425.5,433,,,20168,8663530.2,205,,
2026-08-10,PPCL,,337,331,335,,,11404,3822760.4,21,,
2026-08-10,PPL,,329.6,312,326.5,,,7936,2581569.8,86,,
2026-08-10,PROFL,,426,419,419,,,4235,1779578.6,49,,
2026-08-10,PRVU,,200.5,188,188.5,,,267784,50514157.7,875,,
2026-08-10,PURE,,835,805.5,820,,,1858,1510147,53,,
2026-08-10,RADHI,,724,704.1,705,,,17998,12732661.1,151,,
2026-08-10,RAWA,,429,412.5,417.8,,,11780,4900593.7,120,,
2026-08-10,RFPL,,336.9,330.2,332.5,,,16227,5422568.5,99,,
2026-08-10,RHGCL,,258,251.3,257,,,13088,3353764.6,106,,
2026-08-10,RHPL,,261,251.5,260,,,26721,6832846.1,162,,
2026-08-10,RIDI,,391.3,360,386,,,762163,292768972.8,1352,,
2026-08-10,RLEL,,890,866,867,,,3697,3226179,156,,
2026-08-10,RLFL,,462.8,445.7,447,,,32466,14619911.6,109,,
2026-08-10,RNLI,,434,423,424,,,21810,9263574.4,324,,
2026-08-10,RSDC,,663,630,657,,,8214,5321329.3,69,,
2026-08-10,RSML,,2699.9,2489,2633.5,,,31036,82282626.6,697,,
2026-08-10,RURU,,611,605,609,,,2780,1690758.6,51,,
2026-08-10,SAGAR,,1730,1708,1730,,,5294,9080030.3,112,,
2026-08-10,SAHAS,,676.9,670,670.3,,,58300,39155890,428,,
2026-08-10,SAIL,,1120,1050,1120,,,53380,58878762.7,546,,
2026-08-10,SANIMA,,372.5,369,369.8,,,47600,17614738.5,245,,
2026-08-10,SANVI,,603,560.5,587,,,4175,2460229,129,,
2026-08-10,SARBTM,,785,780,780,,,1989,1554415.8,38,,
2026-08-10,SBI,,407,400,401,,,6504,2605334.9,39,,
2026-08-10,SBL,,412.9,405,405.1,,,43011,17474924.3,173,,
2026-08-10,SCB,,658,643.2,643.2,,,7703,4972581.2,121,,
2026-08-10,SGHC,,318,311,312.5,,,41548,13028997.8,166,,
2026-08-10,SGHL,,528,510,527.8,,,45869,23854279.8,2582,,
2026-08-10,SHEL,,308,303.3,304.2,,,40875,12449317.4,141,,
2026-08-10,SHIVM,,643.9,633.3,633.3,,,63736,40526244.5,267,,
2026-08-10,SHL,,501,497.3,498,,,12145,6054138.5,37,,
2026-08-10,SHLB,,1474,1434,1434,,,49,71199,5,,
2026-08-10,SHPC,,499,494,495,,,22792,11277829,103,,
2026-08-10,SIFC,,509,499,503,,,9194,4605572,54,,
2026-08-10,SIKLES,,559.1,555.2,555.2,,,2935,1633734.6,52,,
2026-08-10,SIPD,,685,660,678.9,,,30604,20711371.7,385,,
2026-08-10,SJCL,,270,267.9,270,,,6627,1783432.4,63,,
2026-08-10,SJLIC,,413,405.2,410,,,18094,7426845.9,161,,
2026-08-10,SKBBL,,753.9,743,747,,,8895,6634450.5,111,,
2026-08-10,SKHEL,,980,966,980,,,1155,1120747,48,,
2026-08-10,SKHL,,950,840,896,,,13557,11903625.5,249,,
2026-08-10,SLBBL,,814.9,793.1,799,,,1206,959262.6,22,,
2026-08-10,SLBSL,,990,950,970,,,4044,3888709.3,94,,
2026-08-10,SMATA,,730,721,730,,,1719,1247401.9,42,,
2026-08-10,SMB,,1854,1812,1848,,,1003,1835534.1,32,,
2026-08-10,SMFBS,,1500,1493.1,1500,,,106,158569.5,7,,
2026-08-10,SMH,,508,498,507,,,9191,4610868.9,56,,
2026-08-10,SMHL,,495,492.7,493,,,34085,16823298.2,212,,
2026-08-10,SMJC,,450,441.2,445,,,23287,10358192.7,110,,
2026-08-10,SMPDA,,767.3,743.2,750,,,830,623526.3,25,,
2026-08-10,SNLI,,415,411.1,412,,,11302,4662506.1,214,,
2026-08-10,SNORL,,951.3,920,926.1,,,48245,45148334.2,739,,
2026-08-10,SOHL,,724.4,688,711,,,651181,463706120.5,4287,,
2026-08-10,SONA,,408,403,407,,,8324,3364896.4,208,,
2026-08-10,SOPL,,804,790,796,,,18146,14462217.6,821,,
2026-08-10,SPC,,422,411,418,,,970,401790.5,23,,
2026-08-10,SPDL,,375,358,372,,,54800,20352695.8,164,,
2026-08-10,SPHL,,526.8,510,520,,,1328,680962.1,27,,
2026-08-10,SPL,,651.9,632.6,638.3,,,1010,646966.7,26,,
2026-08-10,SRLI,,373.7,366.1,368.6,,,36694,13496940.9,251,,
2026-08-10,SSHL,,205,200,200.5,,,57281,11508640.6,241,,
2026-08-10,STC,,5170,5150,5170,,,180,929280,7,,
2026-08-10,SWASTIK,,2035,1986,2015,,,491,981836,20,,
2026-08-10,SWBBL,,672.5,656,670,,,8339,5512997.9,76,,
2026-08-10,SWMF,,619,603.5,619,,,738,449685.2,20,,
2026-08-10,SYPNL,,1350,1219.8,1334,,,48549,63995021.2,775,,
2026-08-10,TAMOR,,450,446,450,,,14927,6695102.9,159,,
2026-08-10,TPC,,377.4,360,361.5,,,29948,10847554,111,,
2026-08-10,TPKHL,,562.9,527,560,,,39899,22250838.9,1281,,
2026-08-10,TRH,,793.5,783.1,792,,,2207,1743782,16,,
2026-08-10,TSHL,,378,361.1,363,,,8569,3131508.6,82,,
2026-08-10,TTL,,731,700.4,731,,,9300,6618311.7,252,,
2026-08-10,TVCL,,485,468.1,468.1,,,27033,12905742.8,73,,
2026-08-10,UHEWA,,608,570,608,,,43239,25786047.9,185,,
2026-08-10,ULBSL,,3050,2660,2749,,,807,2204577.5,41,,
2026-08-10,ULHC,,380,363,379.7,,,20845,7675534,153,,
2026-08-10,UMHL,,582,570,579.5,,,13309,7654953.3,63,,
2026-08-10,UMRH,,539.9,526.2,530,,,1454,767029.3,34,,
2026-08-10,UNHPL,,379.5,373.1,374,,,4858,1821167.5,46,,
2026-08-10,UNL,,48500,48500,48500,,,10,485000,1,,
2026-08-10,UNLB,,1270,1246.2,1270,,,78,98010,5,,
2026-08-10,UPCL,,350,345,345,,,35967,12462983.1,120,,
2026-08-10,UPPER,,194.9,190.9,191.8,,,43154,8277450.7,305,,
2026-08-10,USHEC,,497,488,497,,,7383,3627946.8,71,,
2026-08-10,USHL,,565.8,535.1,544.9,,,1586,855050.4,60,,
2026-08-10,USLB,,1130,1122,1123,,,429,483284,14,,
2026-08-10,VLBS,,668,655,661,,,1244,823873.1,62,,
2026-08-10,VLUCL,,420,409,415,,,6412,2634823,62,,
2026-08-10,YMHL,,639,612.1,624,,,17066,10650717.1,806,,
2026-08-11,ACLBSL,,927.9,914,927.9,,,433,396697.5,22,,
2026-08-11,ADBL,,305.9,301,302.5,,,71707,21707236.3,259,,
2026-08-11,AHL,,417,410,417,,,544,223532,26,,
2026-08-11,AHPC,,267.5,263.5,264.2,,,59333,15692145,196,,
2026-08-11,AKJCL,,371.9,350,365,,,283588,104078205.6,518,,
2026-08-11,AKPL,,256.5,252.5,254.3,,,39308,10006828.6,162,,
2026-08-11,ALBSL,,1119,1055,1113.9,,,33881,37117685.2,217,,
2026-08-11,ALICL,,423,418,420,,,11144,4684490.7,95,,
2026-08-11,ANLB,,5790,5300,5438,,,2026,10889430.4,83,,
2026-08-11,APHL,,840,820,830,,,11603,9619019.2,250,,
2026-08-11,API,,335,325.1,332,,,242144,79723467.5,570,,
2026-08-11,AVYAN,,1051,1042,1043,,,777,812446.5,20,,
2026-08-11,BANDIPUR,,699,675,686.1,,,20031,13787456.3,320,,
2026-08-11,BARUN,,323.3,318.2,319.1,,,14010,4477611.8,67,,
2026-08-11,BBC,,4280,4155,4209.9,,,174,732338,14,,
2026-08-11,BEDC,,328.6,316,318,,,14377,4580234.3,91,,
2026-08-11,BFC,,502.9,492,492,,,33215,16469286.5,154,,
2026-08-11,BGWT,,545,535,545,,,666,361974,31,,
2026-08-11,BHCL,,498,488,490,,,15807,7785948.1,199,,
2026-08-11,BHDC,,430,426,428.1,,,6859,2934342.3,74,,
2026-08-11,BHL,,211,196.6,208,,,50014,10399096.9,223,,
2026-08-11,BHPL,,499,473.1,499,,,6066,2933547.6,53,,
2026-08-11,BJHL,,695,637,681,,,8696,5939699,180,,
2026-08-11,BNHC,,289.9,267.9,284.5,,,16371,4626570.3,103,,
2026-08-11,BNL,,14500,14500,14500,,,0,0,0,,
2026-08-11,BNT,,11550,11500.2,11550,,,40,461012,4,,
2026-08-11,BPCL,,651,642,647,,,9518,6141675.6,73,,
2026-08-11,BUNGAL,,599,585,591,,,25797,15255299.1,288,,
2026-08-11,CBBL,,934,929,930,,,10589,9843625.2,92,,
2026-08-11,CFCL,,659.7,648,658,,,76435,49851311.6,225,,
2026-08-11,CGH,,795.1,775,776.3,,,3207,2500937.2,39,,
2026-08-11,CHCL,,490,481,482,,,20777,10016110.2,152,,
2026-08-11,CHDC,,2184.7,2170,2176,,,4674,10184953.8,67,,
2026-08-11,CHL,,270,260,267.3,,,16580,4410354.8,76,,
2026-08-11,CIT,,1710,1700,1703,,,4433,7557490.9,72,,
2026-08-11,CITY,,400,365,370.5,,,67765,25200514.5,344,,
2026-08-11,CKHL,,621.6,565,599,,,21398,12314478,51,,
2026-08-11,CLI,,439.9,435,437.2,,,6889,3007544.3,187,,
2026-08-11,CREST,,1230,1160,1188,,,15159,17805782,141,,
2026-08-11,CYCL,,1295,1265,1265,,,334,425113,17,,
2026-08-11,CZBIL,,203,200,202.8,,,62919,12644929,123,,
2026-08-11,DDBL,,845,833,840,,,6728,5635865.9,35,,
2026-08-11,DHEL,,626,605.1,615,,,29725,18265564.9,411,,
2026-08-11,DHPL,,290,282,290,,,2686,769225,14,,
2026-08-11,DLBS,,1189,1160,1160,,,475,552040.4,18,,
2026-08-11,DOLTI,,320.9,317,319,,,11936,3801900.1,86,,
2026-08-11,DORDI,,253.9,248,251,,,12695,3176348,114,,
2026-08-11,EBL,,724.9,714,715,,,33873,24313885.2,204,,
2026-08-11,ECL,,1600.4,1525,1529.9,,,33957,52447219.4,1627,,
2026-08-11,EHPL,,355.9,335.1,336.2,,,4479,1509580.4,61,,
2026-08-11,ENL,,803,782,803,,,70,55473,7,,
2026-08-11,FMDBL,,850,786.1,810.7,,,144234,117360730.7,760,,
2026-08-11,FOWAD,,950,930,930,,,1937,1808777.7,37,,
2026-08-11,GBIME,,255,238.5,250.7,,,211271,52961233.9,441,,
2026-08-11,GBLBS,,775.9,732.1,732.2,,,5345,3927922.8,40,,
2026-08-11,GCIL,,350,344,347.1,,,12073,4197761,163,,
2026-08-11,GFCL,,605,597,602,,,8533,5116277.9,63,,
2026-08-11,GHL,,233.9,229.3,230,,,72720,16810388.8,227,,
2026-08-11,GILB,,1080,1065,1070.4,,,459,491640.6,15,,
2026-08-11,GLBSL,,1774,1755,1770,,,278,489920.3,14,,
2026-08-11,GLH,,260,255.5,258.2,,,21008,5417545.6,126,,
2026-08-11,GMFBS,,1205,1132,1133,,,850,978693.5,30,,
2026-08-11,GMFIL,,460,457,457,,,3454,1580449.5,24,,
2026-08-11,GMLI,,1161.6,1011,1103,,,3249,3564961.5,83,,
2026-08-11,GUFL,,575,561,573,,,28519,16299057.1,150,,
2026-08-11,GVL,,481,473,480.5,,,11966,5739055.2,59,,
2026-08-11,HATHY,,705,646,680,,,7526,5151937.8,106,,
2026-08-11,HBL,,197,190,194,,,57231,11099003,518,,
2026-08-11,HDHPC,,211,205,207.9,,,63863,13292576.2,236,,
2026-08-11,HDL,,1174,1161,1162,,,17397,20264104.6,235,,
2026-08-11,HFIN,,698,676.2,679.5,,,19448,13353206,456,,
2026-08-11,HHL,,344,331,332.1,,,15566,5190854.5,105,,
2026-08-11,HIDCL,,265.5,252,252.5,,,24870,6292958.7,162,,
2026-08-11,HIMSTAR,,719.5,682,718.9,,,5620,3969611,119,,
2026-08-11,HLBSL,,885,870,884.9,,,664,582920,17,,
2026-08-11,HLI,,320,316.1,318,,,18830,5992920.9,252,,
2026-08-11,HPPL,,390,370,385.4,,,139819,53133355.1,244,,
2026-08-11,HRL,,587,578,579,,,33470,19418161.1,516,,
2026-08-11,HURJA,,241.8,237.5,238,,,33750,8074390.9,130,,
2026-08-11,ICFC,,614.9,597,597,,,10186,6093437.1,42,,
2026-08-11,IHL,,344,338,340.4,,,6470,2197996.5,57,,
2026-08-11,ILBS,,890,840,878,,,1610,1398631.1,25,,
2026-08-11,ILI,,414,406.1,410,,,7939,3262287.6,208,,
2026-08-11,JBLB,,1260,1252,1255.2,,,2740,3440512.5,81,,
2026-08-11,JFL,,387,384,386.9,,,3250,1250524,26,,
2026-08-11,JHAPA,,1117,1070,1095.1,,,5184,5730011.9,93,,
2026-08-11,JOSHI,,285,276,283,,,28480,8046980.4,140,,
2026-08-11,JSLBB,,980,980,980,,,0,0,0,,
2026-08-11,KAHL,,555.2,537,542,,,47780,26093803.7,1610,,
2026-08-11,KBL,,217,214,216,,,181279,39064649.2,436,,
2026-08-11,KBSH,,980,960,980,,,13243,12886715.7,156,,
2026-08-11,KDL,,798,768,768,,,382,294846.3,23,,
2026-08-11,KHPL,,820.1,800,805.3,,,9077,7332861.2,212,,
2026-08-11,KKHC,,331,313,317.5,,,433088,137747859.1,776,,
2026-08-11,KMCDB,,815,798,800,,,2606,2089213.1,67,,
2026-08-11,KPCL,,471.6,466,466.6,,,5489,2567962.6,38,,
2026-08-11,LEC,,222.7,218.4,219,,,64718,14241154,184,,
2026-08-11,LICN,,780,767.1,770,,,3288,2531845.7,42,,
2026-08-11,LLBS,,912,840,884,,,637,546424.5,20,,
2026-08-11,LSL,,222.4,219,221,,,23733,5228266.9,101,,
2026-08-11,MABEL,,609.9,592,597,,,7416,4436752.6,97,,
2026-08-11,MAKAR,,446.2,419.2,419.5,,,29187,12294483.8,145,,
2026-08-11,MANDU,,802,790,802,,,6360,5083690.9,45,,
2026-08-11,MATRI,,810,800,808,,,197,158727.4,14,,
2026-08-11,MBJC,,272,261.2,266.6,,,22212,5942313.7,234,,
2026-08-11,MBL,,255,250.5,253,,,52563,13249723.9,121,,
2026-08-11,MCHL,,283.2,275,282,,,2034,570231.9,39,,
2026-08-11,MEHL,,289,280,282.8,,,9119,2584542.5,84,,
2026-08-11,MEL,,215,198.7,208.5,,,11564,2429626.7,136,,
2026-08-11,MEN,,612,603.8,610.8,,,113770,69209545.6,533,,
2026-08-11,MERO,,674,662,663,,,2950,1958159.7,38,,
2026-08-11,MFIL,,777.5,755,761,,,17264,13126601.7,134,,
2026-08-11,MHCL,,314,307.5,310,,,1490,462750,36,,
2026-08-11,MHL,,472,464.1,466.1,,,1698,793839.8,19,,
2026-08-11,MHNL,,242,235.2,242,,,7638,1822997.1,44,,
2026-08-11,MKCL,,1082.5,1042.5,1064,,,3179,3370858.3,44,,
2026-08-11,MKHC,,279.1,268.7,272.8,,,64787,17550091.8,227,,
2026-08-11,MKHL,,495,472,493.1,,,964,473935,32,,
2026-08-11,MKJC,,455,445.5,446.1,,,8538,3839158.9,57,,
2026-08-11,MLBBL,,1113.9,1097,1099.5,,,3056,3360959.9,62,,
2026-08-11,MLBS,,1146.1,1116,1145,,,602,672785.2,12,,
2026-08-11,MLBSL,,1560,1368.5,1370,,,29670,41446563.8,879,,
2026-08-11,MMKJL,,449,440,443,,,1563,690328,33,,
2026-08-11,MPFL,,623.6,612,623.6,,,8431,5198821.2,53,,
2026-08-11,MSHL,,618,602.1,604,,,360,217255.3,13,,
2026-08-11,MSLB,,1275,1229,1275,,,445,555578.8,28,,
2026-08-11,NABIL,,556,549,551,,,26088,14361053.2,347,,
2026-08-11,NADEP,,731,717,718,,,494,357397,21,,
2026-08-11,NBL,,267.5,264.7,265.9,,,38561,10227467.3,118,,
2026-08-11,NESDO,,1460,1445,1448,,,508,737273.4,18,,
2026-08-11,NFS,,570,560.2,560.2,,,6032,3407688.3,62,,
2026-08-11,NGPL,,424,407,421,,,427557,178658178.3,1178,,
2026-08-11,NHDL,,643,630.3,640,,,1118,713778.1,23,,
2026-08-11,NHPC,,278.9,272,273.7,,,201232,55171685.2,487,,
2026-08-11,NICA,,328,325,326,,,25681,8370365.3,131,,
2026-08-11,NICLBSL,,550,545,545.2,,,3045,1662969,52,,
2026-08-11,NIFRA,,247,242.1,244,,,53381,12994554.4,349,,
2026-08-11,NIMB,,195.5,183.3,193.3,,,162254,31324982.7,349,,
2026-08-11,NLIC,,750,736.1,738,,,28028,20707898.7,250,,
2026-08-11,NLICL,,569,565,567,,,10114,5731777,45,,
2026-08-11,NLO,,269.4,269.4,269.4,,,0,0,0,,
2026-08-11,NMB,,243.4,242,243.3,,,19775,4801715.7,112,,
2026-08-11,NMBMF,,612.9,601.1,601.2,,,565,341119.2,15,,
2026-08-11,NMFBS,,1127.9,1100,1104,,,1893,2089730.3,24,,
2026-08-11,NMLBBL,,526,515.2,519,,,5696,2958328.1,39,,
2026-08-11,NRIC,,950,883,927,,,13077,12161721.3,172,,
2026-08-11,NRM,,310,300.1,304,,,6042,1836629.1,77,,
2026-08-11,NRN,,1389,1370,1377,,,30644,42196479.3,205,,
2026-08-11,NTC,,869.9,860,861.1,,,3042,2623792.2,79,,
2026-08-11,NUBL,,610,601,601.4,,,7597,4577981.8,51,,
2026-08-11,NWCL,,714,684,687,,,2268,1567968,55,,
2026-08-11,NYADI,,375.9,361.2,369.9,,,3354,1230222,51,,
2026-08-11,OHL,,661.2,642,656.1,,,1562,1030818,8,,
2026-08-11,OMPL,,910,892.5,895.1,,,3388,3052830.4,88,,
2026-08-11,PCBL,,241,238.2,240,,,66626,15978115.4,124,,
2026-08-11,PCIL,,629,617,623,,,24243,15056350.5,708,,
2026-08-11,PFL,,364,364,364,,,0,0,0,,
2026-08-11,PHCL,,300,292,300,,,35029,10427758.5,170,,
2026-08-11,PMHPL,,320,312.1,318.5,,,5691,1789681,41,,
2026-08-11,PMLI,,441,431,436,,,6097,2636786.3,122,,
2026-08-11,PPCL,,338.9,330.1,337.8,,,7123,2382929.4,70,,
2026-08-11,PPL,,330,322,326,,,12624,4105057.5,80,,
2026-08-11,PROFL,,425,415,416,,,4803,2005128.7,54,,
2026-08-11,PRVU,,190.4,188.5,190,,,94685,17951491.6,381,,
2026-08-11,PURE,,826,815,826,,,1772,1452772,64,,
2026-08-11,RADHI,,725,670,716.8,,,38611,27585495.1,200,,
2026-08-11,RAWA,,429,418,423.8,,,15504,6544781,100,,
2026-08-11,RFPL,,342.4,332.5,336.5,,,25800,8728276.4,168,,
2026-08-11,RHGCL,,258.8,254.1,258,,,13517,3482264.7,92,,
2026-08-11,RHPL,,259,254.1,256.4,,,11892,3050970.9,85,,
2026-08-11,RIDI,,396.4,375,377,,,879886,336764804.2,1061,,
2026-08-11,RLEL,,874,855.1,863,,,3805,3285450,157,,
2026-08-11,RLFL,,457.9,446,446,,,11787,5297223.2,79,,
2026-08-11,RNLI,,426,418,422.9,,,23788,10034554.6,350,,
2026-08-11,RSDC,,669,640,649,,,4373,2820148.3,40,,
2026-08-11,RSML,,2690,2502,2626,,,31269,82999671.6,565,,
2026-08-11,RURU,,619.9,606.1,607,,,3391,2064929.6,26,,
2026-08-11,SAGAR,,1735,1670.1,1700,,,10002,17073059,119,,
2026-08-11,SAHAS,,676.9,671,674.4,,,76201,51325381.8,405,,
2026-08-11,SAIL,,1132,1089,1100,,,56890,63197037.3,532,,
2026-08-11,SANIMA,,372,368,369,,,50047,18496684.6,192,,
2026-08-11,SANVI,,603,580,598.9,,,9026,5331330.1,211,,
2026-08-11,SARBTM,,798.3,783,788,,,9333,7421197.2,46,,
2026-08-11,SBI,,405,398,405,,,22384,8936130.9,60,,
2026-08-11,SBL,,410.5,401.3,410,,,74512,30332802.6,188,,
2026-08-11,SCB,,653,642,649.3,,,12584,8155939.8,78,,
2026-08-11,SGHC,,315.1,309.1,310,,,62019,19277574.9,245,,
2026-08-11,SGHL,,538.59,520,523.4,,,83559,43959943.9,2669,,
2026-08-11,SHEL,,309,303,305.9,,,44730,13647552.8,165,,
2026-08-11,SHIVM,,638,603.5,636,,,46483,29543735.4,315,,
2026-08-11,SHL,,519.1,489.5,503,,,19086,9558970.1,58,,
2026-08-11,SHLB,,1474,1415.1,1474,,,150,213250,6,,
2026-08-11,SHPC,,500,495,498,,,32659,16201329.6,88,,
2026-08-11,SIFC,,510,505,505.6,,,2727,1380527,25,,
2026-08-11,SIKLES,,557,553.2,555.3,,,5433,3016600.8,56,,
2026-08-11,SIPD,,690,661,680,,,17493,11778690.3,344,,
2026-08-11,SJCL,,273,269,270,,,4195,1132366.2,50,,
2026-08-11,SJLIC,,422,406.3,409,,,17436,7140700.4,142,,
2026-08-11,SKBBL,,749.9,744,747.1,,,8975,6698339.5,97,,
2026-08-11,SKHEL,,991,960,971.1,,,2794,2724081.9,77,,
2026-08-11,SKHL,,894.5,870.1,892.9,,,7045,6230371.1,191,,
2026-08-11,SLBBL,,800,790.1,794,,,4911,3901167.8,50,,
2026-08-11,SLBSL,,970,925,949,,,5113,4807662.5,92,,
2026-08-11,SMATA,,730,721,729,,,775,563007.7,33,,
2026-08-11,SMB,,1855.7,1810,1855.7,,,1579,2875159,36,,
2026-08-11,SMFBS,,1544,1526,1527,,,607,929629.9,18,,
2026-08-11,SMH,,514,508,511.9,,,4007,2044146.4,59,,
2026-08-11,SMHL,,501,492.7,494,,,29826,14764239.3,162,,
2026-08-11,SMJC,,449,438,444.9,,,23322,10272300.2,135,,
2026-08-11,SMPDA,,760,740,749.9,,,1220,905718.1,33,,
2026-08-11,SNLI,,416,410,412,,,11999,4943108.6,203,,
2026-08-11,SNORL,,945,879.8,914.9,,,19214,17720544.5,443,,
2026-08-11,SOHL,,725,680,695,,,632667,448760589.7,2908,,
2026-08-11,SONA,,407,402,403.1,,,13067,5288227.4,168,,
2026-08-11,SOPL,,824,790.2,814,,,34655,28173412,1151,,
2026-08-11,SPC,,420,412,416.2,,,3944,1644159.4,31,,
2026-08-11,SPDL,,379.8,368,379.8,,,47077,17684114.5,141,,
2026-08-11,SPHL,,524,506,521.7,,,6183,3214158,48,,
2026-08-11,SPL,,653,606.4,636.1,,,1020,648030,18,,
2026-08-11,SRLI,,373.6,368,370,,,12977,4814925,160,,
2026-08-11,SSHL,,204.8,191,201.7,,,56990,11551914.9,228,,
2026-08-11,STC,,5200,5135,5200,,,1402,7219507,24,,
2026-08-11,SWASTIK,,2023,1992,1999,,,391,782223,14,,
2026-08-11,SWBBL,,679.9,661,670,,,7694,5115709,54,,
2026-08-11,SWMF,,649.9,604.1,612,,,1348,823958.2,27,,
2026-08-11,SYPNL,,1355.9,1277,1321,,,19605,26030266.5,402,,
2026-08-11,TAMOR,,453.2,440.1,449.2,,,21063,9485397.8,140,,
2026-08-11,TPC,,369,360.5,361.3,,,11589,4195919.7,60,,
2026-08-11,TPKHL,,570,532.5,556.8,,,38961,21808793.7,1178,,
2026-08-11,TRH,,800,783.1,795.1,,,11635,9209225.1,23,,
2026-08-11,TSHL,,370,353,361.7,,,8670,3135345.9,63,,
2026-08-11,TTL,,730,711.1,720,,,8667,6263804.7,184,,
2026-08-11,TVCL,,484.1,470,480,,,3238,1546532.5,37,,
2026-08-11,UHEWA,,638,598,629.9,,,168927,105226555.8,992,,
2026-08-11,ULBSL,,2850,2660,2744.2,,,450,1224989.9,25,,
2026-08-11,ULHC,,436.6,353.6,436.6,,,74681,27530322.9,283,,
2026-08-11,UMHL,,579.5,570,578.8,,,51862,29791807.6,185,,
2026-08-11,UMRH,,533.9,520.2,533.6,,,3520,1870310.3,29,,
2026-08-11,UNHPL,,377.1,368,375,,,13749,5147740.4,82,,
2026-08-11,UNL,,48500,48300,48500,,,45,2178500,2,,
2026-08-11,UNLB,,1300,1230.8,1271.9,,,1110,1386185,19,,
2026-08-11,UPCL,,354,345,349,,,33888,11852885.6,109,,
2026-08-11,UPPER,,193.9,191,192,,,64653,12406244,353,,
2026-08-11,USHEC,,502,486.3,497.9,,,4333,2149891.8,51,,
2026-08-11,USHL,,555,523,535,,,1518,812331,30,,
2026-08-11,USLB,,1122,1110,1120,,,1287,1436156,40,,
2026-08-11,VLBS,,663,655.1,663,,,1492,986402.2,57,,
2026-08-11,VLUCL,,435.7,410.1,411.2,,,2901,1203964.1,64,,
2026-08-11,YMHL,,634.8,617.5,625,,,18870,11756917.9,773,,
2026-08-12,ACLBSL,,943,906.3,943,,,628,578185.9,28,,
2026-08-12,ADBL,,304.8,301,304,,,34081,10338632.1,155,,
2026-08-12,AHL,,419.5,408,416.5,,,1032,425519,29,,
2026-08-12,AHPC,,267,263.2,264,,,62813,16587133.9,177,,
2026-08-12,AKJCL,,368.8,350,363.8,,,259591,94002269.5,463,,
2026-08-12,AKPL,,255.9,251,252,,,57770,14593763.8,196,,
2026-08-12,ALBSL,,1141,1070,1114,,,4715,5204107.4,85,,
2026-08-12,ALICL,,428.7,416.1,418,,,9785,4092606.9,78,,
2026-08-12,ANLB,,5755.9,5200,5305,,,2070,11196641.4,55,,
2026-08-12,APHL,,830,813.1,815,,,11981,9808954.7,244,,
2026-08-12,API,,339.8,328.3,331,,,116519,38480846.7,315,,
2026-08-12,AVYAN,,1060,1043,1060,,,2924,3091325.2,48,,
2026-08-12,BANDIPUR,,700,680,685,,,7274,5003712.4,225,,
2026-08-12,BARUN,,323.9,317.1,317.5,,,16723,5319246.6,120,,
2026-08-12,BBC,,4250,4122,4200,,,271,1137038.1,22,,
2026-08-12,BEDC,,325,315.2,316,,,10321,3265859.9,81,,
2026-08-12,BFC,,501,493.3,493.9,,,28745,14217792.9,93,,
2026-08-12,BGWT,,545,535,537.6,,,567,304575.6,20,,
2026-08-12,BHCL,,498,466,493,,,12040,5901408.5,170,,
2026-08-12,BHDC,,433,425.4,428.5,,,2217,945881.3,34,,
2026-08-12,BHL,,210,207,207.7,,,23636,4921248.3,154,,
2026-08-12,BHPL,,499,483,485,,,1640,798885,20,,
2026-08-12,BJHL,,692,677.1,684,,,7016,4774199.9,107,,
2026-08-12,BNHC,,290,280.1,281.6,,,12650,3561571.9,69,,
2026-08-12,BNL,,14500,14500,14500,,,0,0,0,,
2026-08-12,BNT,,11600,11550,11600,,,110,1275500,4,,
2026-08-12,BPCL,,706.4,643,655,,,22253,14515230.2,131,,
2026-08-12,BUNGAL,,599.9,586,588,,,10866,6399081.3,138,,
2026-08-12,CBBL,,936,928.1,933,,,5915,5510656.5,85,,
2026-08-12,CFCL,,697,625.1,650,,,343174,224849937.4,897,,
2026-08-12,CGH,,780,773.4,778,,,6251,4851481.9,61,,
2026-08-12,CHCL,,486.5,480,481,,,9938,4779120.1,117,,
2026-08-12,CHDC,,2251,2175,2238,,,18189,40310605.6,210,,
2026-08-12,CHL,,267.8,260,264,,,9457,2502193.9,58,,
2026-08-12,CIT,,1709.9,1700,1704.7,,,3114,5301832.6,85,,
2026-08-12,CITY,,374.9,366,372,,,89313,33035725.1,299,,
2026-08-12,CKHL,,609,571,609,,,1641,976515,31,,
2026-08-12,CLI,,437.2,430,432,,,21143,9151137.3,268,,
2026-08-12,CREST,,1247.4,1170,1185,,,4136,4850995.8,113,,
2026-08-12,CYCL,,1266,1221.1,1237,,,2655,3302401.6,52,,
2026-08-12,CZBIL,,205.9,201.3,203.9,,,32544,6625261.9,116,,
2026-08-12,DDBL,,852,840,850,,,15008,12727999.7,159,,
2026-08-12,DHEL,,615,599.9,602,,,18205,10977030.4,229,,
2026-08-12,DHPL,,284,282,283,,,3173,896755,22,,
2026-08-12,DLBS,,1214,1145.1,1147,,,408,472742.5,20,,
2026-08-12,DOLTI,,321,316,318,,,7455,2366409.8,75,,
2026-08-12,DORDI,,253.7,247,250,,,9600,2404168.7,68,,
2026-08-12,EBL,,729.9,715,716.6,,,16152,11653976.1,115,,
2026-08-12,ECL,,1600,1485.3,1575,,,29731,45474867.6,1543,,
2026-08-12,EHPL,,349,329.1,336,,,24313,8204067.6,148,,
2026-08-12,ENL,,848.7,782.1,847,,,1388,1125788.3,25,,
2026-08-12,FMDBL,,912,787.2,788.7,,,35577,28576920.9,196,,
2026-08-12,FOWAD,,935,930,935,,,1563,1457718.9,33,,
2026-08-12,GBIME,,253,238.2,250,,,189235,47559040.8,385,,
2026-08-12,GBLBS,,749.9,729.3,749.9,,,989,730166.8,32,,
2026-08-12,GCIL,,349,340,342,,,11274,3868487.1,170,,
2026-08-12,GFCL,,605,597,598,,,4471,2680369.6,35,,
2026-08-12,GHL,,234,227.9,229.4,,,48393,11112009.2,110,,
2026-08-12,GILB,,1078,1051.8,1078,,,89,94784.8,10,,
2026-08-12,GLBSL,,1792.9,1740,1753,,,206,363477,13,,
2026-08-12,GLH,,260,255.2,257.2,,,13752,3538529.5,96,,
2026-08-12,GMFBS,,1160,1115,1152,,,222,254001,9,,
2026-08-12,GMFIL,,460,446,449.1,,,13326,6014020.2,71,,
2026-08-12,GMLI,,1140,1075,1095,,,1005,1106086.5,46,,
2026-08-12,GUFL,,585,572,576,,,14101,8110223.7,70,,
2026-08-12,GVL,,481,475.1,481,,,8931,4274985.9,98,,
2026-08-12,HATHY,,695,673,676,,,4187,2837723.2,83,,
2026-08-12,HBL,,201,193.4,195,,,118391,23477899.5,468,,
2026-08-12,HDHPC,,210.9,197.6,207,,,51851,10759933,229,,
2026-08-12,HDL,,1185,1120,1166,,,17422,20325265.1,196,,
2026-08-12,HFIN,,688,665.5,669,,,14769,9956819,380,,
2026-08-12,HHL,,339.7,329,332.1,,,20260,6711373,118,,
2026-08-12,HIDCL,,265,250,265,,,163995,41304765.2,392,,
2026-08-12,HIMSTAR,,734.7,707.1,715,,,3402,2435575,50,,
2026-08-12,HLBSL,,875,861.4,875,,,737,640355.2,14,,
2026-08-12,HLI,,319.8,316,317,,,9096,2885666.3,183,,
2026-08-12,HPPL,,395,373,379,,,113217,43170158.7,165,,
2026-08-12,HRL,,596.3,575,581,,,32750,18997310.1,442,,
2026-08-12,HURJA,,240.8,236,237,,,23768,5632346,96,,
2026-08-12,ICFC,,613.7,595,595,,,8451,5050311.9,62,,
2026-08-12,IHL,,343,337,341,,,1410,480277,22,,
2026-08-12,ILBS,,885,861,875,,,88,76272.4,10,,
2026-08-12,ILI,,414,407,413,,,3607,1482472.9,178,,
2026-08-12,JBLB,,1270,1248,1270,,,1870,2343828.7,72,,
2026-08-12,JFL,,388,379,388,,,4317,1644526.2,36,,
2026-08-12,JHAPA,,1100,1040.4,1087.9,,,3313,3580643,60,,
2026-08-12,JOSHI,,285,274.8,277.9,,,39905,11125933.2,184,,
2026-08-12,JSLBB,,977.9,967.1,967.1,,,58,56410,4,,
2026-08-12,KAHL,,550,531,532,,,46191,24886647,1219,,
2026-08-12,KBL,,226.8,216.1,219,,,394307,86419023.2,783,,
2026-08-12,KBSH,,1039,950,961,,,13364,12901225,138,,
2026-08-12,KDL,,779.8,769,779.8,,,572,442718.2,24,,
2026-08-12,KHPL,,823.7,800.1,800.1,,,6691,5391885.7,161,,
2026-08-12,KKHC,,327,315.1,324,,,341070,109993306.3,834,,
2026-08-12,KMCDB,,808,750,796.3,,,6542,5024484.1,60,,
2026-08-12,KPCL,,474.8,461,467,,,5337,2479936.5,49,,
2026-08-12,LEC,,222,217.5,217.8,,,35487,7760778,137,,
2026-08-12,LICN,,780,769,772,,,4221,3253148.9,41,,
2026-08-12,LLBS,,935,863,885,,,518,461767.9,22,,
2026-08-12,LSL,,223,220,220.9,,,70498,15610286.9,123,,
2026-08-12,MABEL,,600,590.1,590.1,,,3649,2166690.6,75,,
2026-08-12,MAKAR,,420.1,414,415,,,18753,7828108.6,108,,
2026-08-12,MANDU,,802,796,802,,,1452,1162012.1,38,,
2026-08-12,MATRI,,815,801.1,801.1,,,349,280625.6,14,,
2026-08-12,MBJC,,269,261,265.5,,,11114,2956446,158,,
2026-08-12,MBL,,255,252,254,,,33624,8536344.2,96,,
2026-08-12,MCHL,,281,275,280,,,2155,602489,22,,
2026-08-12,MEHL,,290,282,287,,,3555,1015722,84,,
2026-08-12,MEL,,212,203.7,208.1,,,37000,7654977.4,229,,
2026-08-12,MEN,,641,610.9,614,,,67448,41318860.3,340,,
2026-08-12,MEPDL,,345,300,345,,,150,49524,15,,
2026-08-12,MERO,,666,660,663.1,,,1814,1203400,30,,
2026-08-12,MFIL,,783,752,783,,,27501,21053277.2,204,,
2026-08-12,MHCL,,314,304.7,312,,,1765,543722,45,,
2026-08-12,MHL,,468,463.5,464,,,2741,1272119.5,37,,
2026-08-12,MHNL,,254.1,234.8,240,,,4858,1171602.3,40,,
2026-08-12,MKCL,,1060,1041,1050,,,4366,4592620.2,59,,
2026-08-12,MKHC,,275,266,267,,,25356,6805487.9,161,,
2026-08-12,MKHL,,500,488,500,,,3148,1554623.3,48,,
2026-08-12,MKJC,,455,443.3,448,,,5717,2547760,40,,
2026-08-12,MLBBL,,1085,1052.2,1067,,,4754,5084015.5,71,,
2026-08-12,MLBS,,1144,1115,1144,,,115,128515,3,,
2026-08-12,MLBSL,,1370,1291,1299,,,7755,10119544.3,223,,
2026-08-12,MMKJL,,450,440.1,449.9,,,1475,657135,29,,
2026-08-12,MPFL,,628,615,624,,,15931,9913060.6,73,,
2026-08-12,MSHL,,605,590.1,601,,,288,173222.2,8,,
2026-08-12,MSLB,,1279,1246.1,1252.4,,,313,394053,21,,
2026-08-12,NABIL,,555,549,550,,,27049,14895725.4,340,,
2026-08-12,NADEP,,720,701.3,720,,,209,148973.7,13,,
2026-08-12,NBL,,269.8,264,267,,,40763,10902360,120,,
2026-08-12,NESDO,,1450,1430,1450,,,917,1313225.2,29,,
2026-08-12,NFS,,576.9,555,565,,,17373,9808872.4,119,,
2026-08-12,NGPL,,441,415,415,,,255946,106969301.3,561,,
2026-08-12,NHDL,,642,631,642,,,1749,1118390.8,24,,
2026-08-12,NHPC,,276.9,260.3,271.9,,,123741,33632059.8,391,,
2026-08-12,NICA,,334,325,325.1,,,31814,10385643.1,198,,
2026-08-12,NICLBSL,,554.9,540,548.5,,,5770,3170351.4,90,,
2026-08-12,NIFRA,,255.4,242.2,252.4,,,83476,20642267.2,421,,
2026-08-12,NIMB,,201,192,193.1,,,47338,9156888.2,241,,
2026-08-12,NLIC,,742,736,738.8,,,14922,11001849.5,195,,
2026-08-12,NLICL,,569.9,564,565,,,7501,4243411.2,51,,
2026-08-12,NLO,,269.4,269.4,269.4,,,0,0,0,,
2026-08-12,NMB,,251,241.3,242.9,,,34208,8290214.4,130,,
2026-08-12,NMBMF,,610,599,599,,,1699,1024588,18,,
2026-08-12,NMFBS,,1125,1101,1115,,,3265,3629734.5,34,,
2026-08-12,NMLBBL,,520,513.6,514,,,2671,1381363.5,27,,
2026-08-12,NRIC,,940,918,922,,,10977,10140739.4,163,,
2026-08-12,NRM,,306,301.7,303.3,,,4792,1454643.6,61,,
2026-08-12,NRN,,1435,1350,1430,,,224771,316012288,921,,
2026-08-12,NTC,,868.7,861,862.1,,,5408,4680350.3,88,,
2026-08-12,NUBL,,605,599,600.1,,,4091,2458139.2,34,,
2026-08-12,NWCL,,690,683,690,,,1087,744728,28,,
2026-08-12,NYADI,,369,362,368.9,,,7375,2689337.5,52,,
2026-08-12,OHL,,688,656,670,,,2724,1835118.8,37,,
2026-08-12,OMPL,,905,891,900,,,3540,3175716.9,62,,
2026-08-12,PCBL,,242.5,238.5,240,,,28515,6840100.4,76,,
2026-08-12,PCIL,,630,615,623,,,26706,16529782,686,,
2026-08-12,PFL,,364,364,364,,,0,0,0,,
2026-08-12,PHCL,,302.9,296,298.5,,,25852,7731401.3,147,,
2026-08-12,PMHPL,,315,311.1,315,,,2826,883719,23,,
2026-08-12,PMLI,,439.9,421,432.9,,,23192,9879643.8,184,,
2026-08-12,PPCL,,339,321,335.5,,,6280,2094570.5,39,,
2026-08-12,PPL,,328.7,310,324,,,11444,3678288.3,89,,
2026-08-12,PROFL,,424,413,417.2,,,2175,908269,29,,
2026-08-12,PRVU,,190.9,188.9,189.4,,,58663,11117582.4,270,,
2026-08-12,PURE,,830,806,829,,,11760,9736917.6,50,,
2026-08-12,RADHI,,730,700,729.8,,,142030,101557911.3,367,,
2026-08-12,RAWA,,429,419,423.8,,,9538,4023439.9,69,,
2026-08-12,RFPL,,342.5,333.7,336.5,,,9817,3288493.3,79,,
2026-08-12,RHGCL,,260,255,257,,,13470,3450098.4,91,,
2026-08-12,RHPL,,257,253.3,253.6,,,11184,2847240,82,,
2026-08-12,RIDI,,380,370.1,375,,,275981,103303829,572,,
2026-08-12,RLEL,,906,826,855,,,18108,15469675.6,200,,
2026-08-12,RLFL,,455,443,448.9,,,27609,12361525.2,110,,
2026-08-12,RNLI,,425.9,421.1,421.5,,,18238,7694429.3,269,,
2026-08-12,RSDC,,639.5,637.1,638.4,,,492,314050.8,21,,
2026-08-12,RSML,,2630,2550.1,2550.1,,,23929,61888695.4,536,,
2026-08-12,RURU,,615,608.1,608.1,,,1239,755428.6,25,,
2026-08-12,SAGAR,,1725,1650,1680,,,7720,12930788.5,134,,
2026-08-12,SAHAS,,705,672,672,,,71678,48362309.8,342,,
2026-08-12,SAIL,,1150,1080,1093,,,15742,17196818.5,303,,
2026-08-12,SANIMA,,370.9,365.3,366,,,143595,52806750.4,303,,
2026-08-12,SANVI,,606,570,599.5,,,6572,3897179.5,103,,
2026-08-12,SARBTM,,803.4,780,794.9,,,2771,2207997,43,,
2026-08-12,SBI,,404.9,397,404,,,23854,9577120.3,71,,
2026-08-12,SBL,,414,408,410.9,,,44649,18370325.6,115,,
2026-08-12,SCB,,654,646,650,,,4802,3126494.2,52,,
2026-08-12,SGHC,,314,306.2,306.9,,,56056,17287423.6,209,,
2026-08-12,SGHL,,534,498,519,,,55196,28591528.3,1888,,
2026-08-12,SHEL,,309,303.3,305,,,26751,8148187.1,131,,
2026-08-12,SHIVM,,640,630,632.1,,,61657,39036071.3,303,,
2026-08-12,SHL,,508,502,508,,,23413,11822596.1,107,,
2026-08-12,SHLB,,1456,1403,1456,,,431,607446.7,17,,
2026-08-12,SHPC,,503.9,493.2,494.9,,,10919,5403015.7,68,,
2026-08-12,SIFC,,507.9,503,503.2,,,3182,1603418.3,24,,
2026-08-12,SIKLES,,557,553.1,555.9,,,3588,1991743.6,46,,
2026-08-12,SIPD,,680,661.3,675,,,7484,4998762.3,223,,
2026-08-12,SJCL,,272,267.1,271,,,3396,913934.6,64,,
2026-08-12,SJLIC,,412,405.2,412,,,14107,5762575.7,122,,
2026-08-12,SKBBL,,753.9,744.2,746.2,,,5261,3923151.4,87,,
2026-08-12,SKHEL,,990,960,970,,,1381,1341058,64,,
2026-08-12,SKHL,,893,852,883,,,8193,7121931.4,191,,
2026-08-12,SLBBL,,803.9,790.3,797,,,3175,2530458.6,38,,
2026-08-12,SLBSL,,938.1,925,927,,,2356,2187464,49,,
2026-08-12,SMATA,,732.9,720.6,724.5,,,799,578397.6,39,,
2026-08-12,SMB,,1855.7,1807,1807,,,146,265172.4,6,,
2026-08-12,SMFBS,,1603.3,1464.7,1499,,,660,976236.5,28,,
2026-08-12,SMH,,516,505,509.4,,,7468,3813115.3,66,,
2026-08-12,SMHL,,496,489,492.9,,,48400,23759320.3,159,,
2026-08-12,SMJC,,450,435,442,,,9512,4157694.4,118,,
2026-08-12,SMPDA,,748,739,746,,,833,616722,22,,
2026-08-12,SNLI,,412,406,409,,,20127,8227729.1,304,,
2026-08-12,SNORL,,920,890.1,903,,,8916,8026760.2,329,,
2026-08-12,SOHL,,700.2,670,690,,,319127,220659992,1835,,
2026-08-12,SONA,,406,402,402.4,,,12928,5204186.8,161,,
2026-08-12,SOPL,,820,800.1,801.1,,,21064,17020654.4,710,,
2026-08-12,SPC,,417.8,410,417.8,,,1106,454802.3,29,,
2026-08-12,SPDL,,381,360.9,370.5,,,31236,11669985.5,124,,
2026-08-12,SPHL,,522.9,510.5,519.9,,,3101,1593435,35,,
2026-08-12,SPL,,640,630,640,,,380,241205,17,,
2026-08-12,SRLI,,370,366.3,370,,,5232,1929959.7,121,,
2026-08-12,SSHL,,203.7,199.6,200,,,53949,10810869.4,221,,
2026-08-12,STC,,5210,5140.2,5200,,,896,4626746.2,10,,
2026-08-12,SWASTIK,,2015,1980,2015,,,345,688908,16,,
2026-08-12,SWBBL,,701,662,676,,,1383,925694.2,30,,
2026-08-12,SWMF,,615,605.2,615,,,2435,1482135.4,30,,
2026-08-12,SYPNL,,1330,1298,1298,,,32019,42042316.4,395,,
2026-08-12,TAMOR,,455.5,450,451,,,46091,20897906.8,203,,
2026-08-12,TPC,,368,361,363,,,12403,4484363.7,65,,
2026-08-12,TPKHL,,556,542.2,550,,,19197,10504299.4,751,,
2026-08-12,TRH,,844,797,825,,,8206,6703685,66,,
2026-08-12,TSHL,,375,362,369,,,2458,908848.1,48,,
2026-08-12,TTL,,727.9,710,714.9,,,5674,4044618.5,160,,
2026-08-12,TVCL,,480,473.5,474,,,2990,1419987,23,,
2026-08-12,UHEWA,,661,610,610,,,34069,21163034.5,354,,
2026-08-12,ULBSL,,2739.9,2625,2733,,,330,892369.8,17,,
2026-08-12,ULHC,,425,371.2,371.2,,,45339,16863883.6,322,,
2026-08-12,UMHL,,587,560,575.2,,,46874,26922235.2,101,,
2026-08-12,UMRH,,530,523.6,530,,,1642,862798.1,21,,
2026-08-12,UNHPL,,382,368,377.9,,,24865,9354561.8,90,,
2026-08-12,UNL,,47700,47700,47700,,,10,477000,1,,
2026-08-12,UNLB,,1269.8,1237,1269.8,,,51,63707,4,,
2026-08-12,UPCL,,354.9,345,350,,,18520,6435343.5,93,,
2026-08-12,UPPER,,193,190.1,191.5,,,47254,9052925.9,280,,
2026-08-12,USHEC,,502,494,494,,,10090,4997788,47,,
2026-08-12,USHL,,551.8,509,530,,,2798,1500423,59,,
2026-08-12,USLB,,1120,1105,1115,,,549,611607,11,,
2026-08-12,VLBS,,665,650.1,662,,,1494,983218.2,52,,
2026-08-12,VLUCL,,415,411,414.9,,,1575,649717.8,38,,
2026-08-12,YMHL,,630,612,626,,,22832,14263977.9,655,,
2026-08-13,ACLBSL,,945,915.1,943,,,182,169941.3,12,,
2026-08-13,ADBL,,305.8,302,304.8,,,70052,21310989.8,105,,
2026-08-13,AHL,,415.1,407,413,,,1853,764115,26,,
2026-08-13,AHPC,,271,264.3,265.9,,,77596,20742388.9,207,,
2026-08-13,AKJCL,,369.8,361.1,363,,,229686,83602670.9,483,,
2026-08-13,AKPL,,258,251.1,255.9,,,68380,17455660,176,,
2026-08-13,ALBSL,,1165,1071,1125,,,13675,15266312.2,120,,
2026-08-13,ALICL,,422,418,419,,,5207,2183439.2,50,,
2026-08-13,ANLB,,5560,5200,5400,,,1587,8444766.6,71,,
2026-08-13,APHL,,821.9,806,810,,,5280,4285577.3,203,,
2026-08-13,API,,337.8,328,331.6,,,164167,54371708.1,371,,
2026-08-13,AVYAN,,1091,1050.1,1089,,,10071,10842773.5,118,,
2026-08-13,BANDIPUR,,693.9,678,685.5,,,18749,12882618.2,248,,
2026-08-13,BARUN,,326,316.5,323,,,27331,8760517.9,131,,
2026-08-13,BBC,,4219,4162,4200,,,102,427819,7,,
2026-08-13,BEDC,,324,312.5,319,,,22277,7056354.7,114,,
2026-08-13,BFC,,499,491.6,494,,,8753,4332808.3,69,,
2026-08-13,BGWT,,535,525,530,,,3018,1595757.7,53,,
2026-08-13,BHCL,,495,486.2,488.6,,,16230,7951612.2,157,,
2026-08-13,BHDC,,435,422.1,431,,,5400,2304904,55,,
2026-08-13,BHL,,215,207.7,212,,,193280,40961651.3,472,,
2026-08-13,BHPL,,495,480.1,490,,,2861,1383335.9,39,,
2026-08-13,BJHL,,689,675,687,,,8562,5827988.1,122,,
2026-08-13,BNHC,,287,267.6,286,,,14315,4065919.5,91,,
2026-08-13,BNL,,14500,14500,14500,,,0,0,0,,
2026-08-13,BNT,,11899,11500,11899,,,157,1853430,11,,
2026-08-13,BPCL,,657,642,649,,,14205,9223514.6,118,,
2026-08-13,BUNGAL,,590,581.2,585,,,16109,9421975.6,175,,
2026-08-13,CBBL,,935,930,935,,,7611,7106531.9,90,,
2026-08-13,CFCL,,669.5,630,646,,,190495,122258895.4,326,,
2026-08-13,CGH,,790.9,776,784.7,,,5159,4027188.7,46,,
2026-08-13,CHCL,,484,480,482.1,,,7613,3671253.8,91,,
2026-08-13,CHDC,,2249,2212,2225,,,8348,18606780.9,116,,
2026-08-13,CHL,,274.9,260,272,,,26533,7209540.2,139,,
2026-08-13,CIT,,1714.9,1704,1713.6,,,4278,7312098.7,80,,
2026-08-13,CITY,,376.5,368.9,370.3,,,39521,14702408.4,212,,
2026-08-13,CKHL,,612,581,610,,,3805,2286311.3,58,,
2026-08-13,CLI,,433,428,432,,,9320,4020682.1,169,,
2026-08-13,CREST,,1244.2,1170,1179.9,,,2583,3026245.3,78,,
2026-08-13,CYCL,,1320,1250,1300,,,5611,7224671.6,115,,
2026-08-13,CZBIL,,205.1,200.1,204.9,,,32743,6637985.3,128,,
2026-08-13,DDBL,,855,848,855,,,7676,6547158.1,74,,
2026-08-13,DHEL,,609.5,590,600,,,17918,10726901.5,245,,
2026-08-13,DHPL,,289.9,280,289.9,,,2039,586357,33,,
2026-08-13,DLBS,,1219,1145,1163.2,,,257,301951,14,,
2026-08-13,DOLTI,,325,315,318.7,,,22049,7057642.8,105,,
2026-08-13,DORDI,,258,248,254,,,25790,6575989.7,148,,
2026-08-13,EBL,,725,718.5,722,,,12437,8983145,120,,
2026-08-13,ECL,,1575,1523.1,1559.9,,,14370,22236951.5,581,,
2026-08-13,EHPL,,345,334,334.6,,,4543,1524543.5,62,,
2026-08-13,ENL,,829.9,798,803.7,,,320,262929,7,,
2026-08-13,FMDBL,,788.7,772,776,,,18971,14732638.2,137,,
2026-08-13,FOWAD,,944,926,939,,,532,497373,14,,
2026-08-13,GBIME,,253.4,249.8,251.6,,,138101,34729403.7,288,,
2026-08-13,GBLBS,,743.6,728,743.6,,,3087,2264247,36,,
2026-08-13,GCIL,,349.8,340,346,,,3656,1261267.1,116,,
2026-08-13,GFCL,,605,595,603.9,,,6543,3927905.5,36,,
2026-08-13,GHL,,263.8,230.1,256.7,,,1184057,299814548.4,2842,,
2026-08-13,GILB,,1143.3,1090,1110,,,6744,7513179.3,85,,
2026-08-13,GLBSL,,1787,1735,1757,,,256,448537.5,18,,
2026-08-13,GLH,,266,255.7,263.8,,,102439,26942977.1,381,,
2026-08-13,GMFBS,,1184,1148.5,1180,,,397,465899.4,12,,
2026-08-13,GMFIL,,455,448.1,455,,,8448,3825364.6,45,,
2026-08-13,GMLI,,1194,1090,1098,,,1058,1170692,37,,
2026-08-13,GUFL,,580,566,568.1,,,25728,14700684.3,112,,
2026-08-13,GVL,,481,472.2,478.2,,,5081,2421743.7,64,,
2026-08-13,HATHY,,684.9,676,677,,,1764,1196015,51,,
2026-08-13,HBL,,197.8,192,195,,,42981,8310973.3,436,,
2026-08-13,HDHPC,,217,207.2,213.5,,,211893,45320159.2,602,,
2026-08-13,HDL,,1185,1124.3,1166,,,11207,13071552.3,135,,
2026-08-13,HFIN,,691,665.6,679,,,18355,12463474,439,,
2026-08-13,HHL,,341,332,339,,,16549,5577289.9,80,,
2026-08-13,HIDCL,,267,255,258.8,,,50911,13181828.7,219,,
2026-08-13,HIMSTAR,,714.9,697.1,701.3,,,2030,1425309.7,49,,
2026-08-13,HLBSL,,890,872,879,,,262,231216.8,8,,
2026-08-13,HLI,,321,316.1,319.9,,,14374,4589375.9,200,,
2026-08-13,HPPL,,383.9,373,380.5,,,66373,25240801.2,170,,
2026-08-13,HRL,,588,578,583,,,37628,21932596.4,395,,
2026-08-13,HURJA,,249,238.2,245.8,,,158691,38942472.5,470,,
2026-08-13,ICFC,,611,595,603,,,4175,2517627,33,,
2026-08-13,IHL,,350,344,344.4,,,7700,2670451,47,,
2026-08-13,ILBS,,895,869,893,,,5108,4513012,57,,
2026-08-13,ILI,,416.8,412,416,,,5766,2392698.4,154,,
2026-08-13,JBLB,,1265,1254.1,1260,,,2685,3382266.3,53,,
2026-08-13,JFL,,387,380,386.9,,,7016,2676308,44,,
2026-08-13,JHAPA,,1107.5,1075,1092.8,,,4422,4800053.5,54,,
2026-08-13,JOSHI,,287.5,275,284.9,,,36722,10401063.1,225,,
2026-08-13,JSLBB,,989.9,960,960,,,622,597993,12,,
2026-08-13,KAHL,,539,508,539,,,23312,12441796.8,1065,,
2026-08-13,KBL,,221.8,217,218,,,170849,37393440.1,453,,
2026-08-13,KBSH,,975,940.6,957.8,,,18544,17560171.1,141,,
2026-08-13,KDL,,799,763.1,775,,,225,174408.1,16,,
2026-08-13,KHPL,,815,772.6,808,,,6003,4825079.5,156,,
2026-08-13,KKHC,,328,315.2,320,,,343949,110913108.9,583,,
2026-08-13,KMCDB,,796,772,780,,,4044,3132391.1,47,,
2026-08-13,KPCL,,474.9,461.1,466,,,4254,1968126.6,48,,
2026-08-13,LEC,,229,207,224.5,,,266088,60123220.7,646,,
2026-08-13,LICN,,776,766.1,775.5,,,3982,3058859.8,38,,
2026-08-13,LLBS,,885,860,885,,,443,390100.4,14,,
2026-08-13,LSL,,223,217.7,220.6,,,36922,8128044.1,101,,
2026-08-13,MABEL,,598,590.09,590.6,,,5161,3059648.99,96,,
2026-08-13,MAKAR,,418,411,411,,,42802,17727415.2,181,,
2026-08-13,MANDU,,822,802,811.9,,,5745,4656356.4,113,,
2026-08-13,MATRI,,815,800,805,,,1018,815794.1,21,,
2026-08-13,MBJC,,268,252.9,267,,,18648,4965620.5,156,,
2026-08-13,MBL,,256,251.1,254.8,,,43542,11089888.7,87,,
2026-08-13,MCHL,,288,280,280,,,1799,509628.1,31,,
2026-08-13,MEHL,,294.9,283,288.7,,,3934,1132131.9,60,,
2026-08-13,MEL,,213,207.2,212,,,50473,10615220.3,206,,
2026-08-13,MEN,,616,611.1,614.9,,,43318,26626566.6,228,,
2026-08-13,MEPDL,,396.7,355.3,396.7,,,220,85853,22,,
2026-08-13,MERO,,664,659,662,,,2521,1664782.1,37,,
2026-08-13,MFIL,,810,745,766.7,,,38185,29145512.1,214,,
2026-08-13,MHCL,,318,306.2,315.5,,,5244,1635556.4,72,,
2026-08-13,MHL,,474.9,462.2,470,,,4009,1880383.5,36,,
2026-08-13,MHNL,,247.9,228,244,,,18187,4443432.4,79,,
2026-08-13,MKCL,,1060,1046,1052,,,625,655952,25,,
2026-08-13,MKHC,,272.3,266.4,271,,,22052,5971894.1,89,,
2026-08-13,MKHL,,519.8,493.1,500,,,1664,833959,41,,
2026-08-13,MKJC,,455,440.6,450,,,5478,2455260.5,38,,
2026-08-13,MLBBL,,1070,1051.2,1062.5,,,1969,2087647.6,31,,
2026-08-13,MLBS,,1140,1114,1138,,,285,322388,5,,
2026-08-13,MLBSL,,1349.9,1234.1,1310,,,3558,4586865.7,80,,
2026-08-13,MMKJL,,449,442.1,446,,,1998,888342,37,,
2026-08-13,MPFL,,635,610,632.5,,,26581,16679774.9,121,,
2026-08-13,MSHL,,605,589.1,602,,,189,112771.8,7,,
2026-08-13,MSLB,,1265,1240.2,1260,,,928,1159925.6,26,,
2026-08-13,NABIL,,553,548,550,,,20477,11274469.6,308,,
2026-08-13,NADEP,,715,710,711,,,556,397225.7,11,,
2026-08-13,NBL,,270.3,264.2,268.7,,,48880,13112549.9,141,,
2026-08-13,NESDO,,1466.9,1426,1466.9,,,185,266239,14,,
2026-08-13,NFS,,575,560.2,562.1,,,3649,2050458.3,35,,
2026-08-13,NGPL,,418.9,413,413.2,,,126937,52708154.3,316,,
2026-08-13,NHDL,,646.3,623.2,623.2,,,4798,3058448.6,35,,
2026-08-13,NHPC,,276.5,269,271.9,,,241188,65656863.1,533,,
2026-08-13,NICA,,327,323.2,325,,,30045,9768393.8,191,,
2026-08-13,NICLBSL,,553,546,550,,,4625,2540934.6,56,,
2026-08-13,NIFRA,,267.5,246,252,,,84245,21342033.4,411,,
2026-08-13,NIMB,,197,192.2,195.4,,,114884,22315992.2,292,,
2026-08-13,NLIC,,738,728,733.9,,,29188,21379771.7,323,,
2026-08-13,NLICL,,568.9,566,568,,,2823,1603991,23,,
2026-08-13,NLO,,269.4,269.4,269.4,,,0,0,0,,
2026-08-13,NMB,,243.5,241.4,242.5,,,24299,5896616.3,124,,
2026-08-13,NMBMF,,605,600.1,605,,,51,30801.1,3,,
2026-08-13,NMFBS,,1122,1106,1108.8,,,2053,2274450.4,40,,
2026-08-13,NMLBBL,,520,510.7,520,,,2106,1083843.2,29,,
2026-08-13,NRIC,,939.9,916.1,926,,,9394,8671983.7,123,,
2026-08-13,NRM,,305,297.1,303,,,7655,2308559.3,87,,
2026-08-13,NRN,,1501.5,1400,1419.8,,,116925,166946966.6,393,,
2026-08-13,NTC,,892.5,860,865,,,7783,6722351.3,120,,
2026-08-13,NUBL,,607,598,601.2,,,1128,677214.2,23,,
2026-08-13,NWCL,,700,680.4,690,,,740,515345,27,,
2026-08-13,NYADI,,369,361.2,366,,,3860,1406183.6,39,,
2026-08-13,OHL,,674.9,657,668,,,1214,809261.2,13,,
2026-08-13,OMPL,,914,896.1,911,,,1537,1396577.1,54,,
2026-08-13,PCBL,,243,238.2,240,,,40163,9699415.8,93,,
2026-08-13,PCIL,,663,618,650.9,,,116719,75457053.3,1630,,
2026-08-13,PFL,,364,364,364,,,0,0,0,,
2026-08-13,PHCL,,304.9,294.1,304,,,103060,31139148.4,356,,
2026-08-13,PMHPL,,318.9,310,315.9,,,3684,1148963.6,30,,
2026-08-13,PMLI,,432,426.1,431,,,1668,717592.6,53,,
2026-08-13,PPCL,,344.9,333,337,,,24770,8307153.4,45,,
2026-08-13,PPL,,328.9,308,327,,,16807,5468998.6,127,,
2026-08-13,PROFL,,424.8,415,421.7,,,2936,1229709.4,20,,
2026-08-13,PRVU,,190.5,187.1,190,,,131968,24925529.2,389,,
2026-08-13,PURE,,825,807.1,820,,,2680,2205694.3,38,,
2026-08-13,RADHI,,766.2,717.5,720,,,37315,26875486.9,143,,
2026-08-13,RAWA,,427.8,420,427.3,,,11088,4711991.3,61,,
2026-08-13,RFPL,,347,331.1,347,,,38665,13252022.7,208,,
2026-08-13,RHGCL,,265,251.4,265,,,41238,10736468.2,192,,
2026-08-13,RHPL,,260,253,259,,,18313,4694216.7,137,,
2026-08-13,RIDI,,393.7,368.3,371,,,260835,97045670.7,487,,
2026-08-13,RLEL,,861,838.3,855,,,3485,2971811,101,,
2026-08-13,RLFL,,465.5,426.5,449,,,16401,7349553.3,95,,
2026-08-13,RNLI,,426.9,421.5,426.4,,,14413,6121653,288,,
2026-08-13,RSDC,,655.5,634.5,645,,,1674,1065992.8,24,,
2026-08-13,RSML,,2587,2423,2546.1,,,21911,55774499.3,519,,
2026-08-13,RURU,,618.9,607.2,610.1,,,2093,1273606.6,29,,
2026-08-13,SAGAR,,1700,1596,1700,,,6433,10692054.6,132,,
2026-08-13,SAHAS,,678,670.1,675,,,50827,34270963.5,326,,
2026-08-13,SAIL,,1109.9,1076,1100,,,27795,30335424.4,368,,
2026-08-13,SANIMA,,371.8,364.7,371.8,,,107424,39580667.8,227,,
2026-08-13,SANVI,,600,586,595,,,8995,5316897.1,111,,
2026-08-13,SAPIL,,345,300,345,,,70,22824,7,,
2026-08-13,SARBTM,,797.9,788,797.7,,,6884,5447835,58,,
2026-08-13,SBI,,406,398,404,,,86849,35185907.3,44,,
2026-08-13,SBL,,414,407,413.5,,,54402,22412932.8,136,,
2026-08-13,SCB,,659.9,646,658,,,8897,5834870.3,77,,
2026-08-13,SGHC,,310,302.3,304,,,67846,20768044.4,238,,
2026-08-13,SGHL,,525,512.5,516,,,57776,29913442.9,1724,,
2026-08-13,SHEL,,309.9,303.4,306.7,,,89508,27431726.4,280,,
2026-08-13,SHIVM,,642,628,632.5,,,37300,23583123.2,219,,
2026-08-13,SHL,,509.9,500,509,,,14077,7129594.9,69,,
2026-08-13,SHLB,,1440,1390,1390,,,291,409678.6,14,,
2026-08-13,SHPC,,501,492,496,,,25281,12581583.3,95,,
2026-08-13,SIFC,,509.8,500,509.8,,,5706,2881416.8,34,,
2026-08-13,SIKLES,,564.8,551.2,560,,,8363,4649134.2,50,,
2026-08-13,SIPD,,680.2,660,680,,,33117,22320945.4,345,,
2026-08-13,SJCL,,273,269,270.1,,,6941,1873883.3,56,,
2026-08-13,SJLIC,,418.5,407,415,,,7379,3046084.5,95,,
2026-08-13,SKBBL,,755,744.1,746.7,,,4097,3069354,51,,
2026-08-13,SKHEL,,980,956.3,970,,,2537,2450676.5,87,,
2026-08-13,SKHL,,1015,831,998,,,51863,45153285,505,,
2026-08-13,SLBBL,,812,800,810,,,5034,4074610.3,45,,
2026-08-13,SLBSL,,948,927,947.8,,,318,297595.3,17,,
2026-08-13,SMATA,,728,717.1,728,,,1879,1353319.8,39,,
2026-08-13,SMB,,1893.3,1795.4,1822,,,1325,2423690.1,33,,
2026-08-13,SMFBS,,1485,1435,1450,,,2224,3215848,64,,
2026-08-13,SMH,,511,506,510,,,3808,1936937.8,55,,
2026-08-13,SMHL,,497.9,490.4,496,,,23987,11861495.4,135,,
2026-08-13,SMJC,,442,432,438,,,23536,10272625.9,116,,
2026-08-13,SMPDA,,764.9,745.1,749.9,,,780,583819.5,15,,
2026-08-13,SNLI,,412,406,408.7,,,19401,7909610.3,260,,
2026-08-13,SNORL,,909,885.6,898,,,12482,11173368.9,340,,
2026-08-13,SOHL,,702,678.3,680,,,228872,157091679.1,1453,,
2026-08-13,SONA,,406,402,406,,,15164,6125893.3,166,,
2026-08-13,SOPL,,814,796.2,805,,,20489,16491272.1,736,,
2026-08-13,SPC,,420,411.1,418,,,1214,503792,12,,
2026-08-13,SPDL,,378,370.1,375,,,54290,20319759.6,88,,
2026-08-13,SPHL,,534.9,511,530.7,,,11100,5836663.9,64,,
2026-08-13,SPL,,658,637,638.6,,,145,93761,8,,
2026-08-13,SRLI,,371.9,368.6,371.9,,,15966,5916418.4,174,,
2026-08-13,SSHL,,208.5,200,206.4,,,207956,42736708.6,576,,
2026-08-13,STC,,5272,5200,5200,,,40,209930,4,,
2026-08-13,SWASTIK,,2015,1975,2015,,,570,1137812,24,,
2026-08-13,SWBBL,,678.7,663,672,,,3419,2285369.4,31,,
2026-08-13,SWMF,,614,607.6,614,,,761,463502,14,,
2026-08-13,SYPNL,,1340,1290,1300,,,30086,39400183.7,355,,
2026-08-13,TAMOR,,454.8,450,453,,,19705,8924924.3,122,,
2026-08-13,TPC,,366.5,344.9,362.2,,,15375,5589784.3,62,,
2026-08-13,TPKHL,,560,522.5,542,,,15904,8640381.4,643,,
2026-08-13,TRH,,853.9,825,835,,,7467,6279618.5,74,,
2026-08-13,TSHL,,379,364,368,,,1375,505279,36,,
2026-08-13,TTL,,730,700,712.8,,,4544,3257389.3,139,,
2026-08-13,TVCL,,499.9,470,472.1,,,3089,1464602,28,,
2026-08-13,UHEWA,,670,600,633,,,87365,53400381.7,461,,
2026-08-13,ULBSL,,2800,2625,2748,,,580,1579740.9,28,,
2026-08-13,ULHC,,372,353,359,,,61187,21704478.5,226,,
2026-08-13,UMHL,,591,562,581,,,202657,115951129.5,294,,
2026-08-13,UMRH,,535,525.6,532,,,2027,1076695.1,21,,
2026-08-13,UNHPL,,381,372.5,379,,,17997,6784158.6,74,,
2026-08-13,UNL,,47700,47700,47700,,,0,0,0,,
2026-08-13,UNLB,,1275,1234,1269.9,,,590,731183,18,,
2026-08-13,UPCL,,353,347.1,348.5,,,20243,7099865.6,89,,
2026-08-13,UPPER,,196,190.4,193.5,,,74115,14305593.5,305,,
2026-08-13,USHEC,,500,469.3,500,,,12400,6188221.8,62,,
2026-08-13,USHL,,556.5,523.8,537.9,,,1502,789663.7,25,,
2026-08-13,USLB,,1140,1121,1121.5,,,626,712991,16,,
2026-08-13,VLBS,,665,650.3,658.1,,,2737,1794426.9,57,,
2026-08-13,VLUCL,,416,410.5,413,,,4982,2052531.3,63,,
2026-08-13,YMHL,,630,618,623,,,13280,8265042.1,525,,
2026-08-14,ACLBSL,,943,918.5,937,,,26,24038.5,4,,
2026-08-14,ADBL,,306,303.1,304,,,22448,6833113.2,129,,
2026-08-14,AHL,,432,410.1,420.5,,,5152,2168556.5,63,,
2026-08-14,AHPC,,270.8,264,264.9,,,74965,19868141,223,,
2026-08-14,AKJCL,,366,359,360,,,161617,58382617.5,467,,
2026-08-14,AKPL,,256.9,253,253.2,,,39240,9967829,157,,
2026-08-14,ALBSL,,1155,1081,1122.9,,,6912,7688665.5,157,,
2026-08-14,ALICL,,423.9,419,420,,,7425,3124696.4,61,,
2026-08-14,ANLB,,5548,5200,5320,,,999,5296281,45,,
2026-08-14,APHL,,815,804,805,,,6512,5257534.4,186,,
2026-08-14,API,,336.8,328.5,332.9,,,194581,64419277.7,498,,
2026-08-14,AVYAN,,1100,1075,1075,,,4570,4958620.1,74,,
2026-08-14,BANDIPUR,,698.9,681.2,693.5,,,20753,14426218.4,308,,
2026-08-14,BARUN,,326,320,320,,,15063,4865911.8,81,,
2026-08-14,BBC,,4210,4074,4080,,,823,3379739,38,,
2026-08-14,BEDC,,322.7,315,319.4,,,8965,2850534.8,93,,
2026-08-14,BFC,,495,482,485,,,24707,12025477.4,149,,
2026-08-14,BGWT,,535,514.1,514.1,,,4811,2531946,65,,
2026-08-14,BHCL,,530,488.7,522.1,,,158720,82215575.2,878,,
2026-08-14,BHDC,,432,426,428,,,3377,1446085.8,34,,
2026-08-14,BHL,,214.5,209,211,,,89659,18904532.3,231,,
2026-08-14,BHPL,,489.9,465,489.9,,,13373,6269645.6,51,,
2026-08-14,BJHL,,707,680,696,,,10979,7647686.9,196,,
2026-08-14,BNHC,,300.3,280,282.9,,,13759,3892788.8,86,,
2026-08-14,BNL,,14500,14500,14500,,,0,0,0,,
2026-08-14,BNT,,11625,11625,11625,,,10,116250,1,,
2026-08-14,BPCL,,650.1,640,644.9,,,9810,6314209.5,93,,
2026-08-14,BUNGAL,,586.1,580.1,580.1,,,13721,7996622.8,167,,
2026-08-14,CBBL,,942,933.5,933.5,,,6833,6403265.4,114,,
2026-08-14,CFCL,,681,615,639,,,169405,108329942,499,,
2026-08-14,CGH,,785,777,777.7,,,7520,5854264.5,47,,
2026-08-14,CHCL,,486,474,478.9,,,66504,31719717.2,296,,
2026-08-14,CHDC,,2249.9,2210,2228,,,7563,16822187.8,110,,
2026-08-14,CHL,,279,267,269,,,11467,3090769.9,66,,
2026-08-14,CIT,,1719.5,1700,1700,,,3997,6811260.6,101,,
2026-08-14,CITY,,372.8,360,365,,,150226,54733007.7,521,,
2026-08-14,CKHL,,603,581,600.6,,,2230,1334520,31,,
2026-08-14,CLI,,442,432.1,440,,,14215,6194944.6,207,,
2026-08-14,CREST,,1238.8,1166,1179,,,3882,4545562.5,69,,
2026-08-14,CYCL,,1387,1235,1355,,,8893,12043861.2,191,,
2026-08-14,CZBIL,,205,200,202.7,,,37173,7497563.7,114,,
2026-08-14,DDBL,,855,850,853,,,6500,5531187.4,77,,
2026-08-14,DHEL,,602,591,594,,,11873,7070721.2,176,,
2026-08-14,DHPL,,291,286,286,,,3493,1006203.7,21,,
2026-08-14,DLBS,,1163.2,1163.2,1163.2,,,0,0,0,,
2026-08-14,DOLTI,,328,316.5,319.9,,,13200,4209527.5,97,,
2026-08-14,DORDI,,258.8,252,254,,,23277,5965034.8,128,,
2026-08-14,EBL,,730,720,728,,,46601,33903228,201,,
2026-08-14,ECL,,1570,1520,1534.1,,,11310,17434161.1,466,,
2026-08-14,EHPL,,351.3,331.5,337,,,9870,3307374,67,,
2026-08-14,ENL,,823.9,800.1,823.9,,,220,177336,14,,
2026-08-14,FMDBL,,830,762,830,,,43843,34104381.8,199,,
2026-08-14,FOWAD,,960,935,944.8,,,1813,1712702.6,28,,
2026-08-14,GBIME,,255,251,252.9,,,97314,24599447.4,303,,
2026-08-14,GBLBS,,735,710,722.9,,,7026,5055219.7,123,,
2026-08-14,GCIL,,347,342.1,344,,,7179,2472317,125,,
2026-08-14,GFCL,,605,596.2,603,,,5290,3173142.7,40,,
2026-08-14,GHL,,260.5,246,249,,,314454,79270186.4,816,,
2026-08-14,GILB,,1140.7,1112,1133.7,,,1536,1737155.2,42,,
2026-08-14,GLBSL,,1786.9,1715,1732,,,275,478086.8,14,,
2026-08-14,GLH,,268.3,253,261.1,,,43273,11391692.8,173,,
2026-08-14,GMFBS,,1220,1125,1158,,,140,160876,7,,
2026-08-14,GMFIL,,453,445.4,447,,,17149,7708037.2,87,,
2026-08-14,GMLI,,1099,1051,1099,,,3071,3294399.9,66,,
2026-08-14,GUFL,,566.3,549.1,551,,,28635,15863876.7,146,,
2026-08-14,GVL,,479.9,474.6,477,,,4851,2316497.2,55,,
2026-08-14,HATHY,,683,676,677,,,4648,3160131.6,80,,
2026-08-14,HBL,,200,192.5,194.8,,,47292,9216455.9,433,,
2026-08-14,HDHPC,,215.9,211,212,,,104124,22259060.5,245,,
2026-08-14,HDL,,1183,1120,1175,,,31231,36680099.8,347,,
2026-08-14,HFIN,,688,673,680,,,16249,11072537.5,305,,
2026-08-14,HHL,,345,340.1,343.5,,,24251,8300678,103,,
2026-08-14,HIDCL,,265,245.9,256,,,66258,16947837.1,216,,
2026-08-14,HIMSTAR,,728.9,680.1,690,,,7840,5451078.8,116,,
2026-08-14,HLBSL,,865,853,856.1,,,294,251325,8,,
2026-08-14,HLI,,324,319.9,320.8,,,21915,7053461.3,171,,
2026-08-14,HPPL,,384,373,383.5,,,126149,48091529.3,225,,
2026-08-14,HRL,,590,578.3,579,,,26117,15152132.1,312,,
2026-08-14,HURJA,,249.9,243.3,244.4,,,65095,16005993.3,256,,
2026-08-14,ICFC,,604,595,600,,,11549,6912475,77,,
2026-08-14,IHL,,345,339.2,343,,,9094,3099720.9,54,,
2026-08-14,ILBS,,904,877,894,,,1655,1463896,27,,
2026-08-14,ILI,,424.9,413.1,417,,,3619,1508361.7,119,,
2026-08-14,JBLB,,1279.8,1258,1263.4,,,5810,7355260.6,93,,
2026-08-14,JFL,,391,380.3,380.3,,,4569,1743986.2,27,,
2026-08-14,JHAPA,,1093.7,1078,1084.9,,,2426,2629304.4,33,,
2026-08-14,JOSHI,,290,276,280,,,22086,6191100.4,131,,
2026-08-14,JSLBB,,978.5,950,969,,,1685,1615811.1,20,,
2026-08-14,KAHL,,543,528.2,536,,,21868,11706319.7,854,,
2026-08-14,KBL,,225,216,216.8,,,155077,33661224.1,424,,
2026-08-14,KBSH,,968,925,944.9,,,14920,14023606.9,139,,
2026-08-14,KDL,,777,770.1,770.1,,,336,259678,14,,
2026-08-14,KHPL,,818.5,800,810,,,4369,3529429.1,113,,
2026-08-14,KKHC,,352.3,311.5,352.3,,,552452,179898396.4,798,,
2026-08-14,KMCDB,,800,775,785,,,1672,1301265,26,,
2026-08-14,KPCL,,474.5,463.1,463.2,,,4234,1963000.1,23,,
2026-08-14,LEC,,233,213.4,230.7,,,723736,165618986.2,1074,,
2026-08-14,LICN,,778,775,778,,,1149,892403.5,16,,
2026-08-14,LLBS,,910,870,889.9,,,519,461304.4,18,,
2026-08-14,LSL,,225,219,219,,,83780,18415444.1,138,,
2026-08-14,MABEL,,608,590,604.9,,,7838,4707439.91,125,,
2026-08-14,MAKAR,,422,408,420,,,45197,18545212.5,217,,
2026-08-14,MANDU,,833.9,809,833.9,,,6279,5199801.1,126,,
2026-08-14,MATRI,,814,800,814,,,202,162081,13,,
2026-08-14,MBJC,,268,264.1,265.1,,,6137,1629774.9,114,,
2026-08-14,MBL,,254.5,249,249,,,98080,24604179,249,,
2026-08-14,MCHL,,288,277,280,,,4417,1242102.4,46,,
2026-08-14,MEHL,,288,275,279,,,11581,3266665.4,87,,
2026-08-14,MEL,,212.6,209,211.5,,,3652,770500.7,78,,
2026-08-14,MEN,,620,612,615,,,92372,56898338.4,310,,
2026-08-14,MEPDL,,456.2,400,456.2,,,220,97664,22,,
2026-08-14,MERO,,665,661.2,665,,,302,200431,8,,
2026-08-14,MFIL,,767,729,757,,,20384,15505317.9,93,,
2026-08-14,MHCL,,315,310.1,311,,,943,293507.2,23,,
2026-08-14,MHL,,480,463.5,465,,,1564,729000,29,,
2026-08-14,MHNL,,245,242.1,244.9,,,20572,5023234.9,58,,
2026-08-14,MKCL,,1050,991,1048,,,4710,4883984,59,,
2026-08-14,MKHC,,271.8,268.4,268.5,,,16650,4505655.3,70,,
2026-08-14,MKHL,,525,488,500.1,,,2856,1432110.1,59,,
2026-08-14,MKJC,,451,441,449,,,4278,1896475.2,38,,
2026-08-14,MLBBL,,1062,1045,1062,,,795,839085.2,17,,
2026-08-14,MLBS,,1117,1115,1116.1,,,150,167413,4,,
2026-08-14,MLBSL,,1310,1275.1,1279,,,1892,2442316.3,48,,
2026-08-14,MMKJL,,448,442,444,,,736,326189,30,,
2026-08-14,MPFL,,638,630.3,633.3,,,19938,12663394.3,78,,
2026-08-14,MSHL,,605,592,594,,,639,381825,11,,
2026-08-14,MSLB,,1269.9,1225.1,1245,,,2468,3074350,29,,
2026-08-14,NABIL,,552,549,549.9,,,22999,12655763.5,314,,
2026-08-14,NADEP,,754,715,715,,,295,214353,14,,
2026-08-14,NBL,,271,263,269.8,,,78599,21117117.7,191,,
2026-08-14,NESDO,,1454,1425,1454,,,440,628930.3,18,,
2026-08-14,NFS,,567,560,565,,,5511,3105883.8,77,,
2026-08-14,NGPL,,422.5,392.6,414.9,,,262237,109004539,290,,
2026-08-14,NHDL,,641.7,623.2,637,,,1000,632058.1,15,,
2026-08-14,NHPC,,274.9,258.4,268,,,219724,59200608.6,487,,
2026-08-14,NICA,,325,322,324.4,,,34884,11287804.9,200,,
2026-08-14,NICLBSL,,558,545.1,554.9,,,2571,1417418.7,44,,
2026-08-14,NIFRA,,253.6,248,248.1,,,54730,13728010.2,294,,
2026-08-14,NIMB,,202,192.6,193.9,,,75805,14716590,272,,
2026-08-14,NLIC,,734,730,731.9,,,14910,10903524.5,198,,
2026-08-14,NLICL,,612,566,575,,,12928,7500943.1,62,,
2026-08-14,NLO,,269.4,269.4,269.4,,,0,0,0,,
2026-08-14,NMB,,254.6,240,242.8,,,35249,8526625.2,132,,
2026-08-14,NMBMF,,610,600,609.9,,,721,433226.9,6,,
2026-08-14,NMFBS,,1136,1116.2,1135,,,6426,7254888,76,,
2026-08-14,NMLBBL,,514,509,512,,,4769,2439172,44,,
2026-08-14,NRIC,,930,917.2,918,,,17583,16190992.2,167,,
2026-08-14,NRM,,305,300,302,,,8640,2598777.4,90,,
2026-08-14,NRN,,1418.9,1390,1390,,,77887,108980318.3,474,,
2026-08-14,NTC,,883,865.1,883,,,31170,27245638.1,255,,
2026-08-14,NUBL,,605,595.4,602,,,6130,3679305.3,36,,
2026-08-14,NWCL,,698.9,681,690,,,1256,860675.4,40,,
2026-08-14,NYADI,,366,362.3,365,,,3461,1261295.3,41,,
2026-08-14,OHL,,670,655.1,669,,,990,651644,22,,
2026-08-14,OMPL,,956.5,900,908,,,2349,2128593.3,53,,
2026-08-14,PCBL,,242.5,239.2,241.9,,,29726,7166895.7,135,,
2026-08-14,PCIL,,655,634.5,639,,,31250,20024645.4,565,,
2026-08-14,PFL,,364,364,364,,,0,0,0,,
2026-08-14,PHCL,,310,301,302.4,,,67340,20561304.5,299,,
2026-08-14,PMHPL,,319.9,311,316,,,3281,1021831,35,,
2026-08-14,PMLI,,434,430.1,431.1,,,4336,1871414.8,82,,
2026-08-14,PPCL,,344,333,334.9,,,4269,1430199.5,25,,
2026-08-14,PPL,,329.5,310.7,325,,,8400,2716339.5,78,,
2026-08-14,PROFL,,421.7,416.1,418.5,,,2414,1008325.6,24,,
2026-08-14,PRVU,,188.1,185,187,,,348024,65033208.3,1065,,
2026-08-14,PURE,,825,803.1,819,,,707,578071.7,35,,
2026-08-14,RADHI,,728.5,712,724,,,118154,85341541.3,187,,
2026-08-14,RAWA,,430,424,428.2,,,12202,5218840.2,89,,
2026-08-14,RFPL,,353,339.2,339.2,,,17513,5990769.5,81,,
2026-08-14,RHGCL,,272,262,266.7,,,26205,7015860.7,125,,
2026-08-14,RHPL,,260,254,255.5,,,12280,3129171.8,60,,
2026-08-14,RIDI,,374.9,365.3,367.9,,,264116,97429985.6,599,,
2026-08-14,RLEL,,890,853,890,,,10283,8976033.7,207,,
2026-08-14,RLFL,,476,442,449,,,17082,7622647.8,98,,
2026-08-14,RNLI,,428,422.5,427,,,12809,5463483.5,212,,
2026-08-14,RSDC,,644,631.1,632,,,3919,2483122.8,55,,
2026-08-14,RSML,,2605,2420,2556,,,19819,51036013.4,507,,
2026-08-14,RURU,,618.6,609,610.6,,,1681,1026453.8,23,,
2026-08-14,SAGAR,,1690,1635.4,1653,,,8483,14027130.2,138,,
2026-08-14,SAHAS,,678.9,674,677,,,47545,32144569.8,293,,
2026-08-14,SAIL,,1103,1079,1099,,,13813,15039394.4,227,,
2026-08-14,SANIMA,,373,369.1,370,,,66561,24628280.1,167,,
2026-08-14,SANVI,,598.8,582,587,,,5206,3065116.4,99,,
2026-08-14,SAPIL,,396.7,348.4,396.7,,,60,22458,6,,
2026-08-14,SARBTM,,797.7,775,794.9,,,6582,5146056.7,76,,
2026-08-14,SBI,,404.9,397.2,404.9,,,11184,4493774.5,58,,
2026-08-14,SBL,,414,409,411,,,54134,22280223.4,114,,
2026-08-14,SCB,,659.9,654,659.9,,,5995,3945064.1,51,,
2026-08-14,SGHC,,309,299,299,,,112574,33902485.1,382,,
2026-08-14,SGHL,,525,515.1,518.2,,,40393,20997110.9,1704,,
2026-08-14,SHEL,,309,305.3,306,,,36730,11249245,133,,
2026-08-14,SHIVM,,660,627.7,631,,,82324,52841108.2,282,,
2026-08-14,SHL,,511.9,500,504.4,,,6324,3196777.1,33,,
2026-08-14,SHLB,,1428.6,1392,1428.6,,,50,69966,2,,
2026-08-14,SHPC,,504.9,494.4,495.1,,,36520,18103714.4,76,,
2026-08-14,SIFC,,514,508,512,,,5438,2779329.3,22,,
2026-08-14,SIKLES,,569,560,564.5,,,9325,5263213.7,80,,
2026-08-14,SIPD,,700.3,661,669,,,20300,13753768.5,287,,
2026-08-14,SJCL,,272,269,269.9,,,4295,1160717.6,51,,
2026-08-14,SJLIC,,415,410,414.5,,,3076,1268109.5,65,,
2026-08-14,SKBBL,,749.8,744.9,749.8,,,9853,7347832.7,91,,
2026-08-14,SKHEL,,980,950.5,980,,,3244,3136888.9,84,,
2026-08-14,SKHL,,948.1,848.3,870,,,61915,53538813,574,,
2026-08-14,SLBBL,,811.5,802,802,,,2156,1740251.3,25,,
2026-08-14,SLBSL,,968,928,945.9,,,1963,1842244,40,,
2026-08-14,SMATA,,735,722,722,,,927,670977.5,27,,
2026-08-14,SMB,,1827.9,1800,1827.9,,,380,685250,14,,
2026-08-14,SMFBS,,1522,1466,1477,,,234,346608.8,12,,
2026-08-14,SMH,,515,507.2,512,,,7123,3639377.3,66,,
2026-08-14,SMHL,,499,492,496,,,19492,9650529.3,154,,
2026-08-14,SMJC,,441,432.2,432.2,,,12656,5500772.8,103,,
2026-08-14,SMPDA,,760,747,753,,,956,715597.8,17,,
2026-08-14,SNLI,,417,410,411,,,11916,4905748.3,225,,
2026-08-14,SNORL,,905.9,880,895,,,5560,4964768.7,229,,
2026-08-14,SOHL,,686,670,671,,,158405,107033793.2,1065,,
2026-08-14,SONA,,405.9,401,403,,,9083,3669181,147,,
2026-08-14,SOPL,,805.6,796,796,,,21037,16822852.6,585,,
2026-08-14,SPC,,418.5,411.3,418.5,,,1359,564008,13,,
2026-08-14,SPDL,,377,368.2,372,,,25744,9535424.9,86,,
2026-08-14,SPHL,,539,520,532,,,3126,1655929.6,45,,
2026-08-14,SPL,,658,630,658,,,2860,1832492,22,,
2026-08-14,SRLI,,372.8,369.1,370.5,,,5181,1922315.8,100,,
2026-08-14,SSHL,,208.5,197,204.6,,,82517,16986639.4,243,,
2026-08-14,STC,,5231,5200,5200,,,767,3989225,11,,
2026-08-14,SWASTIK,,2000,1982,2000,,,195,387195.4,14,,
2026-08-14,SWBBL,,690,669,674.2,,,3891,2611592.9,37,,
2026-08-14,SWMF,,616,604,615,,,4552,2757606.5,37,,
2026-08-14,SYPNL,,1350,1275,1293,,,17666,22946893.4,355,,
2026-08-14,TAMOR,,457.9,453,457,,,34204,15577091.2,187,,
2026-08-14,TPC,,370,363.1,363.4,,,8555,3124126.4,50,,
2026-08-14,TPKHL,,555,535,542,,,23246,12592691.2,607,,
2026-08-14,TRH,,842,812,840,,,9178,7576045,58,,
2026-08-14,TSHL,,371,360.5,361,,,4819,1755227.5,55,,
2026-08-14,TTL,,725,680,714,,,6817,4866449,148,,
2026-08-14,TVCL,,486.2,470,475,,,942,444558.5,19,,
2026-08-14,UHEWA,,635,602,628.9,,,31432,19610370.5,316,,
2026-08-14,ULBSL,,2769,2625,2745,,,200,540858.7,12,,
2026-08-14,ULHC,,351,332,342,,,63497,21640841.5,401,,
2026-08-14,UMHL,,595,575,585,,,120565,70573196.9,306,,
2026-08-14,UMRH,,535,526,528.5,,,3423,1813963,24,,
2026-08-14,UNHPL,,380,373,374,,,13316,4994329.8,66,,
2026-08-14,UNL,,47400,47400,47400,,,10,474000,1,,
2026-08-14,UNLB,,1270.1,1236.4,1262.9,,,799,999429.6,15,,
2026-08-14,UPCL,,351,347.1,348,,,18118,6314434,89,,
2026-08-14,UPPER,,195,193,193.5,,,45764,8858372,267,,
2026-08-14,USHEC,,505.8,491.1,501.2,,,7334,3680477.8,85,,
2026-08-14,USHL,,553,523,543,,,3581,1921273.8,49,,
2026-08-14,USLB,,1130,1121,1121,,,140,157042.1,7,,
2026-08-14,VLBS,,665,653.3,658,,,948,626931,32,,
2026-08-14,VLUCL,,414,410.1,413,,,7058,2914684.2,38,,
2026-08-14,YMHL,,633,615,623,,,17131,10670741.2,536,,
2026-08-17,ACLBSL,,919,911.1,919,,,357,327120.1,16,,
2026-08-17,ADBL,,305,299.7,302.2,,,121643,36543087,298,,
2026-08-17,AHL,,419,410.5,419,,,738,304919.6,25,,
2026-08-17,AHPC,,266,263.2,263.4,,,47294,12485481.4,170,,
2026-08-17,AKJCL,,368,345,355.5,,,188646,67723412.9,466,,
2026-08-17,AKPL,,253.6,250.7,252,,,60461,15215479,218,,
2026-08-17,ALBSL,,1164.9,1079,1094.5,,,3739,4117329.5,93,,
2026-08-17,ALICL,,421.6,416.3,421.6,,,14256,5969332.3,80,,
2026-08-17,ANLB,,5325,5200,5310,,,699,3662252.4,37,,
2026-08-17,APHL,,805,781,782,,,9719,7733637.5,259,,
2026-08-17,API,,335.1,330.1,332.6,,,118215,39259197.6,406,,
2026-08-17,AVYAN,,1075,1040,1069,,,1685,1784467,39,,
2026-08-17,BANDIPUR,,705,692,700.8,,,19050,13311040.7,425,,
2026-08-17,BARUN,,323,316.2,316.2,,,20750,6598518.3,119,,
2026-08-17,BBC,,4197.9,4072,4089,,,210,864221,16,,
2026-08-17,BEDC,,319,314.3,316.9,,,8609,2714056.2,75,,
2026-08-17,BFC,,490,480,483.5,,,21487,10391677.7,117,,
2026-08-17,BGWT,,528.9,515,519,,,2196,1150430.2,39,,
2026-08-17,BHCL,,566,530,554,,,219396,121672691.5,1518,,
2026-08-17,BHDC,,428,422.6,427,,,6430,2737175.2,47,,
2026-08-17,BHL,,212,208.4,208.4,,,53181,11168292.3,223,,
2026-08-17,BHPL,,498.8,470.1,486,,,4584,2180352.3,40,,
2026-08-17,BJHL,,737,690.2,737,,,23307,16642877.6,320,,
2026-08-17,BNHC,,285,280.5,282.3,,,10333,2919707.4,86,,
2026-08-17,BNL,,14900,14900,14900,,,10,149000,1,,
2026-08-17,BNT,,11552,11552,11552,,,10,115520,1,,
2026-08-17,BPCL,,645,640,644,,,13609,8740339.1,113,,
2026-08-17,BUNGAL,,610,575.2,606,,,47698,28462632.3,524,,
2026-08-17,CBBL,,936,933.1,935,,,15140,14149103.6,137,,
2026-08-17,CFCL,,642.9,588.9,610,,,141158,86489652.6,330,,
2026-08-17,CGH,,786,777.7,779.1,,,3664,2855997.9,34,,
2026-08-17,CHCL,,489.9,477,480,,,15729,7536325.3,153,,
2026-08-17,CHDC,,2240.1,2200,2213,,,5757,12734362.5,87,,
2026-08-17,CHL,,274,261,266.5,,,12326,3261093.5,65,,
2026-08-17,CIT,,1734,1700,1701,,,3222,5481929,60,,
2026-08-17,CITY,,369,360.1,363,,,36591,13287536.9,220,,
2026-08-17,CKHL,,612,583,596.6,,,970,582424,31,,
2026-08-17,CLI,,443.9,434.5,439.4,,,6976,3069337,178,,
2026-08-17,CREST,,1170,1146.5,1169.7,,,6463,7462907.8,114,,
2026-08-17,CYCL,,1520,1300,1460,,,17996,25975805.4,359,,
2026-08-17,CZBIL,,203.9,200,201.6,,,58967,11841055.6,142,,
2026-08-17,DDBL,,855,841.2,848,,,9050,7685456.4,58,,
2026-08-17,DHEL,,614,591.1,604,,,36822,22256894.5,347,,
2026-08-17,DHPL,,290.5,279.2,290.5,,,12398,3483872.6,52,,
2026-08-17,DLBS,,1180,1130,1150,,,319,366539.9,13,,
2026-08-17,DOLTI,,319.9,316,318.4,,,7533,2384491.7,70,,
2026-08-17,DORDI,,254.9,250,251,,,25445,6385302.8,130,,
2026-08-17,EBL,,734,723,728,,,37932,27567776,191,,
2026-08-17,ECL,,1555,1490,1510,,,25444,38555780.4,834,,
2026-08-17,EHPL,,341,330,333.9,,,11058,3667831.1,83,,
2026-08-17,ENL,,820,805,805,,,370,301948,10,,
2026-08-17,FMDBL,,805.1,770,775,,,41666,32453921.4,191,,
2026-08-17,FOWAD,,944.9,939.5,940,,,1022,962186.8,35,,
2026-08-17,GBIME,,253.8,248,249,,,342941,85910128.9,550,,
2026-08-17,GBLBS,,729,710,714.5,,,5674,4050896,83,,
2026-08-17,GCIL,,350,341.1,341.1,,,7928,2714258.6,132,,
2026-08-17,GFCL,,604,595.6,597.5,,,3742,2243824.8,32,,
2026-08-17,GHL,,252,240.1,242.5,,,306371,75251202.6,659,,
2026-08-17,GILB,,1140,1110,1110,,,1571,1754957.4,35,,
2026-08-17,GLBSL,,1750,1733,1740,,,293,509005.5,14,,
2026-08-17,GLH,,266,257.3,259.9,,,21441,5583137.7,117,,
2026-08-17,GMFBS,,1175,1145.1,1145.1,,,497,573213,11,,
2026-08-17,GMFIL,,450.5,445.3,447,,,3953,1771438,28,,
2026-08-17,GMLI,,1120,1059,1066,,,1241,1321626.7,56,,
2026-08-17,GUFL,,555,530,538,,,48182,26176980.6,196,,
2026-08-17,GVL,,476,470,472.1,,,8697,4119126.6,75,,
2026-08-17,HATHY,,677,646,652.6,,,15034,9833511.6,220,,
2026-08-17,HBL,,194.8,190,193.9,,,88824,17053862.6,642,,
2026-08-17,HDHPC,,212.9,201.4,208.3,,,62668,13167741.9,196,,
2026-08-17,HDL,,1185,1175,1179,,,23412,27595404.1,320,,
2026-08-17,HFIN,,680,670,670.1,,,12723,8566892,414,,
2026-08-17,HHL,,348,330,337,,,8981,3013759.7,59,,
2026-08-17,HIDCL,,258,251.1,253.9,,,33360,8438096.8,180,,
2026-08-17,HIMSTAR,,701.5,683.3,692,,,2615,1816603.6,67,,
2026-08-17,HLBSL,,894.9,860.1,894.9,,,2618,2270732.9,34,,
2026-08-17,HLI,,320,317,318,,,27559,8754412.5,195,,
2026-08-17,HPPL,,382,375,380,,,42112,15896294.4,162,,
2026-08-17,HRL,,587.8,562,585,,,32184,18762924.2,488,,
2026-08-17,HURJA,,246,240,241,,,34390,8330664.6,126,,
2026-08-17,ICFC,,600,594,595,,,4909,2930235,63,,
2026-08-17,IHL,,350,332.1,339,,,12297,4138667.6,78,,
2026-08-17,ILBS,,880,862.1,874,,,434,377975.4,11,,
2026-08-17,ILI,,420,415,416.4,,,3734,1559023.8,151,,
2026-08-17,JBLB,,1281,1265,1276,,,7778,9918142.4,172,,
2026-08-17,JFL,,390,380,384,,,3217,1226688.5,33,,
2026-08-17,JHAPA,,1085.1,1070.5,1080,,,3466,3730558.5,44,,
2026-08-17,JOSHI,,287.9,277,283,,,25583,7232082.4,132,,
2026-08-17,JSLBB,,992.8,950,992.8,,,423,409076,8,,
2026-08-17,KAHL,,553,528,550,,,58046,31572671.3,1829,,
2026-08-17,KBL,,220,215.2,215.6,,,181521,39250758.5,507,,
2026-08-17,KBSH,,957,920,920.1,,,17479,16175389,185,,
2026-08-17,KDL,,775,762,773.9,,,2119,1626298,53,,
2026-08-17,KHPL,,805,793,798,,,4629,3700314.3,158,,
2026-08-17,KKHC,,362,326,331,,,462907,154103139.8,879,,
2026-08-17,KMCDB,,793,770,770,,,310,240409.8,14,,
2026-08-17,KPCL,,465,458,461.2,,,4250,1963490.3,40,,
2026-08-17,LEC,,232,225.1,228,,,121520,27823628.2,411,,
2026-08-17,LICN,,781.8,776,781,,,3884,3022868.4,37,,
2026-08-17,LLBS,,887,870,887,,,340,296882,11,,
2026-08-17,LSL,,221,208.1,220.4,,,57124,12514944.2,138,,
2026-08-17,MABEL,,640,604,619,,,22132,13766328.3,294,,
2026-08-17,MAKAR,,420,408.2,412.9,,,20070,8262977.6,120,,
2026-08-17,MANDU,,875.5,803,820,,,3558,2912906.6,85,,
2026-08-17,MATRI,,810.1,800.1,800.4,,,68,54490.2,9,,
2026-08-17,MBJC,,270,262.7,265,,,23405,6207410.5,195,,
2026-08-17,MBL,,251,246.1,250,,,135367,33618980.9,211,,
2026-08-17,MCHL,,287,277.3,278,,,2544,709737.5,36,,
2026-08-17,MEHL,,282.9,266.8,270,,,16056,4379321.5,125,,
2026-08-17,MEL,,211.4,208.6,210.8,,,6083,1277608.6,117,,
2026-08-17,MEN,,622,612.5,615.4,,,76475,47127590,291,,
2026-08-17,MEPDL,,524.6,435,524.6,,,460,238403,46,,
2026-08-17,MERO,,665,655,655.1,,,5752,3787788.5,54,,
2026-08-17,MFIL,,763.8,720,746,,,53994,40032122.2,292,,
2026-08-17,MHCL,,320,306,306.1,,,2593,799367.8,55,,
2026-08-17,MHL,,473.9,463.2,468,,,2420,1126157.3,48,,
2026-08-17,MHNL,,246,242,243.8,,,25236,6129722.1,56,,
2026-08-17,MKCL,,1044,1004.1,1016,,,2099,2143625.8,54,,
2026-08-17,MKHC,,270,263,268.2,,,30531,8134297.4,171,,
2026-08-17,MKHL,,508,491,500,,,3586,1800544.2,73,,
2026-08-17,MKJC,,450,439,443,,,3072,1370275.4,25,,
2026-08-17,MLBBL,,1062,1046.2,1055,,,691,729746.2,11,,
2026-08-17,MLBS,,1114,1100,1100.1,,,419,464225.1,16,,
2026-08-17,MLBSL,,1279.1,1195,1195,,,9186,11253536.4,231,,
2026-08-17,MMKJL,,445,437,439,,,1715,756239,36,,
2026-08-17,MPFL,,637,621.1,627,,,7179,4481241.2,53,,
2026-08-17,MSHL,,595,587,591,,,452,268240.8,21,,
2026-08-17,MSLB,,1260,1219,1235,,,551,677810,24,,
2026-08-17,NABIL,,555,549.9,551.5,,,30252,16667985.8,381,,
2026-08-17,NADEP,,728,702.7,710.1,,,233,164823,13,,
2026-08-17,NBL,,283.2,271,276.4,,,400533,111255063.3,1004,,
2026-08-17,NESDO,,1439,1411.1,1416,,,926,1313320.3,31,,
2026-08-17,NFS,,572,556.1,560,,,6699,3762036,82,,
2026-08-17,NGPL,,415,410.3,411,,,98091,40515875.5,234,,
2026-08-17,NHDL,,635,627.2,635,,,345,217433.6,10,,
2026-08-17,NHPC,,270.5,263,266,,,221133,58662907,681,,
2026-08-17,NICA,,324.8,319.1,320,,,64199,20603064.1,323,,
2026-08-17,NICLBSL,,558,547,547.7,,,10574,5808226.2,129,,
2026-08-17,NIFRA,,249,246.1,247,,,26300,6498233.2,273,,
2026-08-17,NIMB,,192,185.3,188.9,,,370510,70012557.4,903,,
2026-08-17,NLIC,,731.9,725.5,727,,,18615,13530221.1,252,,
2026-08-17,NLICL,,609,566.5,576,,,64587,38884979.8,52,,
2026-08-17,NLO,,269.4,269.4,269.4,,,0,0,0,,
2026-08-17,NMB,,254,238,240,,,112321,26983067,260,,
2026-08-17,NMBMF,,604.9,596.1,600,,,1194,715389.9,23,,
2026-08-17,NMFBS,,1140,1128.1,1128.5,,,3849,4361397.7,48,,
2026-08-17,NMLBBL,,520,501.1,502,,,7815,3949000.3,89,,
2026-08-17,NRIC,,929.7,904.1,912,,,15801,14413518.1,221,,
2026-08-17,NRM,,304,299.5,304,,,8186,2460022.3,89,,
2026-08-17,NRN,,1390,1379,1385,,,37467,51827095.9,282,,
2026-08-17,NTC,,901,870,895,,,28242,25090055.5,314,,
2026-08-17,NUBL,,602.5,599,600,,,2656,1591831.7,19,,
2026-08-17,NWCL,,700,670.1,687,,,3194,2165691.6,66,,
2026-08-17,NYADI,,366,361.3,362.2,,,3607,1310467.5,37,,
2026-08-17,OHL,,662,650,650,,,3291,2153908.2,43,,
2026-08-17,OMPL,,905,892,896,,,1844,1659173.8,54,,
2026-08-17,PCBL,,244.6,239,244.6,,,80028,19331768.1,157,,
2026-08-17,PCIL,,639,625,632,,,20764,13048584.8,652,,
2026-08-17,PFL,,364,364,364,,,0,0,0,,
2026-08-17,PHCL,,304,300.1,301,,,53829,16258043.5,268,,
2026-08-17,PMHPL,,316,307.1,312,,,3138,973750.1,32,,
2026-08-17,PMLI,,441,421,428.5,,,4599,1971322.6,89,,
2026-08-17,PPCL,,340,332.1,338.3,,,4043,1352531.4,35,,
2026-08-17,PPL,,325,309,320.3,,,17177,5476428,125,,
2026-08-17,PROFL,,424,408,414,,,8777,3613262.8,73,,
2026-08-17,PRVU,,185.1,183.8,183.8,,,222553,41006282.1,929,,
2026-08-17,PURE,,839.9,815,827.5,,,3945,3270212.7,88,,
2026-08-17,RADHI,,729.1,700,717,,,58828,42229339.2,101,,
2026-08-17,RAWA,,430,424,426,,,10081,4288696.2,74,,
2026-08-17,RFPL,,343.5,330,334.9,,,13480,4532219.2,118,,
2026-08-17,RHGCL,,265.7,255,257.9,,,15911,4095764.3,116,,
2026-08-17,RHPL,,255,252.6,253.5,,,8723,2206804.3,78,,
2026-08-17,RIDI,,375,349.6,361.6,,,450230,164140933.2,756,,
2026-08-17,RLEL,,899.7,870,899.7,,,4660,4114818.6,170,,
2026-08-17,RLFL,,455,441.8,442,,,13135,5835237.1,66,,
2026-08-17,RNLI,,428,423.1,426.2,,,13204,5633473.2,204,,
2026-08-17,RSDC,,640,627.1,632,,,2044,1288992.3,32,,
2026-08-17,RSML,,2890,2290.1,2841.6,,,523651,1386334564.7,2404,,
2026-08-17,RURU,,611,607.2,610,,,5324,3242924.2,35,,
2026-08-17,SAGAR,,1653,1609,1610,,,9038,14629622.8,136,,
2026-08-17,SAHAS,,684,674,684,,,113498,77192442.7,524,,
2026-08-17,SAIL,,1105,1066,1075,,,18257,19640345.1,283,,
2026-08-17,SANIMA,,371,368.4,370,,,85099,31484036.9,228,,
2026-08-17,SANVI,,614,585,614,,,17410,10460587.6,253,,
2026-08-17,SAPIL,,456.2,404.2,456.2,,,160,71116,16,,
2026-08-17,SARBTM,,834.6,780,793,,,5300,4202848,58,,
2026-08-17,SBI,,404.9,398,399,,,20000,8038802.2,50,,
2026-08-17,SBL,,414.9,408.1,409.2,,,107185,43937163.7,169,,
2026-08-17,SCB,,659.9,644,649,,,7753,5028595.6,78,,
2026-08-17,SGHC,,303.8,299,300,,,63748,19161051.7,267,,
2026-08-17,SGHL,,544,515.3,537.6,,,160716,85697527,3729,,
2026-08-17,SHEL,,306,303.3,303.9,,,47317,14410570.4,141,,
2026-08-17,SHIVM,,645,599.5,629.7,,,72346,45774557.2,273,,
2026-08-17,SHL,,505,501,505,,,11790,5936505.6,45,,
2026-08-17,SHLB,,1425,1390,1425,,,353,493030,13,,
2026-08-17,SHPC,,500,492.1,495,,,17984,8884589.8,73,,
2026-08-17,SIFC,,510,505.2,506.9,,,4544,2300442.3,31,,
2026-08-17,SIKLES,,576,536.3,560,,,21865,12313778.7,66,,
2026-08-17,SIPD,,670,653,658,,,20266,13396325.1,339,,
2026-08-17,SJCL,,277,263,268.7,,,5558,1497667.1,75,,
2026-08-17,SJLIC,,413,408,412,,,6152,2516237.5,92,,
2026-08-17,SKBBL,,750,748,749.9,,,11109,8321192.7,66,,
2026-08-17,SKHEL,,989,960.1,970,,,2303,2218907.3,68,,
2026-08-17,SKHL,,900,815,834.1,,,51563,43008729.5,599,,
2026-08-17,SLBBL,,808.9,761.9,807,,,17092,13495541.6,117,,
2026-08-17,SLBSL,,940,927,927,,,545,507615,15,,
2026-08-17,SMATA,,730,717.1,724,,,1105,796275.3,37,,
2026-08-17,SMB,,1811,1801,1801,,,327,590657,9,,
2026-08-17,SMFBS,,1550.8,1422.1,1422.1,,,1037,1494540.7,28,,
2026-08-17,SMH,,516,507.3,507.6,,,3094,1577262.2,42,,
2026-08-17,SMHL,,501,491.3,498.8,,,69353,34573166.4,213,,
2026-08-17,SMJC,,480,430,480,,,18925,8265972.3,162,,
2026-08-17,SMPDA,,750,741.6,748,,,1791,1332789.3,35,,
2026-08-17,SNLI,,414,407,408.3,,,8967,3664992.5,200,,
2026-08-17,SNORL,,917,890.4,910,,,30927,28163887.7,589,,
2026-08-17,SOHL,,709,660,709,,,554842,384493712.5,2489,,
2026-08-17,SONA,,405,400,400.5,,,17974,7211430.5,246,,
2026-08-17,SOPL,,800.8,790,795,,,30604,24385514.8,865,,
2026-08-17,SPC,,414,407.2,414,,,2260,924873,41,,
2026-08-17,SPDL,,370,364,368,,,16229,5935253.2,82,,
2026-08-17,SPHL,,558,519,526.5,,,5327,2835042.2,44,,
2026-08-17,SPL,,657.5,640,656.5,,,1022,667288.8,10,,
2026-08-17,SRLI,,371.9,368.3,369,,,9155,3382385.7,162,,
2026-08-17,SSHL,,207.8,201.5,203,,,43538,8823103.2,166,,
2026-08-17,STC,,5290,5156,5170,,,825,4289956,14,,
2026-08-17,SWASTIK,,2000,1950,1971,,,455,898552,19,,
2026-08-17,SWBBL,,684,665.1,675,,,6584,4437514.5,61,,
2026-08-17,SWMF,,610,605.3,605.3,,,566,343778.3,16,,
2026-08-17,SYPNL,,1357.6,1290,1296,,,30705,39979157.4,442,,
2026-08-17,TAMOR,,470,455.3,469,,,126173,58534123.4,485,,
2026-08-17,TPC,,368,363.4,365.6,,,10731,3924667.9,66,,
2026-08-17,TPKHL,,555,515.9,550.1,,,36340,19926239.5,1168,,
2026-08-17,TRH,,825,805,825,,,17444,14115693.3,61,,
2026-08-17,TSHL,,369,360,362,,,3439,1242849.5,50,,
2026-08-17,TTL,,720,710,710,,,9793,6990832,221,,
2026-08-17,TVCL,,471,465.4,465.4,,,5679,2650067.5,31,,
2026-08-17,UHEWA,,647,600,620,,,39724,24307113.3,272,,
2026-08-17,ULBSL,,2716,2626,2710,,,607,1618281.1,29,,
2026-08-17,ULHC,,346,333.3,340.5,,,14754,5013047.2,135,,
2026-08-17,UMHL,,594.4,580,588.8,,,85030,49860712,196,,
2026-08-17,UMRH,,528,521.1,524,,,9105,4773016.8,37,,
2026-08-17,UNHPL,,378.1,368,370,,,22611,8391198.5,128,,
2026-08-17,UNL,,47400,47400,47400,,,0,0,0,,
2026-08-17,UNLB,,1300.7,1245,1269.8,,,302,381701,11,,
2026-08-17,UPCL,,350.1,346,346.5,,,22370,7781022.6,102,,
2026-08-17,UPPER,,194,192,192.5,,,66450,12797625.3,302,,
2026-08-17,USHEC,,505,491.6,505,,,12042,6038607.2,83,,
2026-08-17,USHL,,570.1,525,544,,,4633,2501316.5,38,,
2026-08-17,USLB,,1122.7,1090,1115,,,889,990607,25,,
2026-08-17,VLBS,,670,650.1,658.9,,,675,446037.4,51,,
2026-08-17,VLUCL,,412.9,405.2,410,,,5297,2162315.3,75,,
2026-08-17,YMHL,,670,600,637,,,49721,31322353.3,1023,,
2026-08-18,ACLBSL,,915,901.2,901.2,,,1334,1210962.8,34,,
2026-08-18,ADBL,,302,295.5,300,,,45445,13588037.6,213,,
2026-08-18,AHL,,415,403.1,408,,,2086,853176,37,,
2026-08-18,AHPC,,264,260,260,,,115810,30244257.2,331,,
2026-08-18,AKJCL,,360,349.1,349.1,,,355959,125671914.4,706,,
2026-08-18,AKPL,,253,247.4,249,,,96495,24048709.4,313,,
2026-08-18,ALBSL,,1126,1065,1101.9,,,8104,8851124.6,82,,
2026-08-18,ALICL,,421,414,415,,,27054,11300647,146,,
2026-08-18,ANLB,,5319,5175.1,5225,,,2311,12065976,46,,
2026-08-18,APHL,,786.9,750.1,750.4,,,26653,20457400.8,414,,
2026-08-18,API,,336.9,329,330,,,117926,38994402.5,420,,
2026-08-18,AVYAN,,1083.9,1023.5,1023.5,,,5769,5985285.2,75,,
2026-08-18,BANDIPUR,,703.9,685.1,686,,,22497,15594527.1,282,,
2026-08-18,BARUN,,325.6,315,317,,,19590,6214049.7,108,,
2026-08-18,BBC,,4190,4095,4108,,,220,909476,19,,
2026-08-18,BEDC,,316,308,313.5,,,24233,7520623.1,149,,
2026-08-18,BFC,,487.9,475.2,485,,,43951,21194393.7,141,,
2026-08-18,BGWT,,533,500,500,,,3407,1773256.4,61,,
2026-08-18,BHCL,,574,552,552,,,126207,70874088,773,,
2026-08-18,BHDC,,429.9,424,424.2,,,5449,2315559.7,52,,
2026-08-18,BHL,,218,206.2,207.6,,,67315,13949872.1,309,,
2026-08-18,BHPL,,510.3,470,479,,,2210,1041480,27,,
2026-08-18,BJHL,,746,714,714,,,19120,14053178.5,221,,
2026-08-18,BNHC,,283,277,280,,,23950,6695158.7,120,,
2026-08-18,BNL,,14900,14900,14900,,,0,0,0,,
2026-08-18,BNT,,11600,11600,11600,,,20,232000,1,,
2026-08-18,BPCL,,644,638,638,,,7966,5097998.1,76,,
2026-08-18,BUNGAL,,619,590,594.9,,,26037,15647873.2,249,,
2026-08-18,CBBL,,940,932,936,,,9843,9231714.5,147,,
2026-08-18,CFCL,,618,589,595,,,158580,94915457.2,516,,
2026-08-18,CGH,,779,771,773,,,5743,4433434.4,52,,
2026-08-18,CHCL,,486,477,480,,,10977,5265745.4,143,,
2026-08-18,CHDC,,2218,2191.2,2196,,,10840,23888172.9,99,,
2026-08-18,CHL,,279.8,261,262.9,,,13073,3427626.4,55,,
2026-08-18,CIT,,1713,1699,1703,,,4049,6885791.5,97,,
2026-08-18,CITY,,365,358.1,358.2,,,70642,25470231.9,324,,
2026-08-18,CKHL,,599,580,599,,,1547,919847,32,,
2026-08-18,CLI,,439,435,438.8,,,6645,2901845.8,171,,
2026-08-18,CREST,,1160,1150,1159.9,,,4619,5316994.3,94,,
2026-08-18,CYCL,,1529,1387,1490,,,11092,16599443.5,225,,
2026-08-18,CZBIL,,201.6,198.1,199.6,,,18849,3769644.2,126,,
2026-08-18,DDBL,,849,840,841,,,14141,11946159.1,88,,
2026-08-18,DHEL,,620.3,590,595,,,11711,6978684.3,182,,
2026-08-18,DHPL,,305,280,283,,,10778,3022387.7,45,,
2026-08-18,DLBS,,1135,1125,1125,,,621,701152,32,,
2026-08-18,DOLTI,,318,310.1,313,,,15229,4773270.8,130,,
2026-08-18,DORDI,,255,247,247.1,,,35653,8879995.2,148,,
2026-08-18,EBL,,731,726.5,729,,,30911,22528964,152,,
2026-08-18,ECL,,1515,1465,1470,,,18483,27369226.2,666,,
2026-08-18,EHPL,,338.9,330,334.9,,,3869,1284509.6,42,,
2026-08-18,ENL,,819.6,790,799,,,514,407902.5,16,,
2026-08-18,FMDBL,,783,736.3,761,,,30170,22993166.8,190,,
2026-08-18,FOWAD,,949.9,920,934,,,849,791803,39,,
2026-08-18,GBIME,,251,244,245,,,229247,56558682.5,550,,
2026-08-18,GBLBS,,705,695,698,,,4416,3088364.6,70,,
2026-08-18,GCIL,,348,340,340,,,8137,2770806.8,150,,
2026-08-18,GFCL,,600,593.1,594,,,7901,4702040.1,69,,
2026-08-18,GHL,,254.6,234.6,235.6,,,260474,62119243.9,653,,
2026-08-18,GILB,,1120,1105.8,1105.8,,,4479,4969547,35,,
2026-08-18,GLBSL,,1772,1701,1701,,,484,840042.2,22,,
2026-08-18,GLH,,259.7,253.1,256,,,36943,9436654.7,160,,
2026-08-18,GMFBS,,1170,1140.1,1156,,,294,342359.4,14,,
2026-08-18,GMFIL,,452.5,440,445,,,24929,11040004.6,87,,
2026-08-18,GMLI,,1112,1040,1070,,,1892,2029109,43,,
2026-08-18,GUFL,,540,532,536.3,,,13514,7225287.9,88,,
2026-08-18,GVL,,475,470.2,470.2,,,7695,3634619.9,92,,
2026-08-18,HATHY,,668,615,618.9,,,34935,22002250.5,414,,
2026-08-18,HBL,,195,190,192.9,,,60814,11582946.4,560,,
2026-08-18,HDHPC,,211.4,197.9,207.5,,,59660,12429304.2,223,,
2026-08-18,HDL,,1184.6,1179,1180.9,,,22481,26557346.4,358,,
2026-08-18,HFIN,,687,666,679.8,,,31276,21288759.9,564,,
2026-08-18,HHL,,339.8,331,332.9,,,10590,3524441.3,71,,
2026-08-18,HIDCL,,254.5,249.5,251,,,60397,15131721.7,252,,
2026-08-18,HIMSTAR,,700,682.2,698,,,1146,793898.1,36,,
2026-08-18,HLBSL,,875,870,875,,,313,272757.7,13,,
2026-08-18,HLI,,317.8,315,315.5,,,23119,7306465,208,,
2026-08-18,HPPL,,380,373,380,,,80641,30355747.6,220,,
2026-08-18,HRL,,585,570,579,,,32717,18917801.7,429,,
2026-08-18,HURJA,,241,235.1,235.6,,,44585,10565482.3,164,,
2026-08-18,ICFC,,595,591.4,593.8,,,4156,2460955.4,52,,
2026-08-18,IHL,,339,326.5,328,,,14020,4646151.5,86,,
2026-08-18,ILBS,,885,860,860.5,,,2228,1921526.1,28,,
2026-08-18,ILI,,417,410,413,,,9526,3947441.1,199,,
2026-08-18,JBLB,,1279.9,1265,1275,,,2915,3707088.6,84,,
2026-08-18,JFL,,390,380,383.9,,,4430,1688073.5,30,,
2026-08-18,JHAPA,,1090,1051.1,1060,,,4788,5123250.7,81,,
2026-08-18,JOSHI,,284.1,269.6,273,,,55188,15050085.2,230,,
2026-08-18,JSLBB,,990,960.1,970,,,963,934446,12,,
2026-08-18,KAHL,,565.1,546.2,548.9,,,76841,42632985.7,1811,,
2026-08-18,KBL,,216.7,210,212.1,,,240507,51316018.2,663,,
2026-08-18,KBSH,,945.5,915,942.8,,,8785,8120586,119,,
2026-08-18,KDL,,772,764,768,,,332,255184,22,,
2026-08-18,KHPL,,809.9,778,786.1,,,8969,7040039,188,,
2026-08-18,KKHC,,340,298,299,,,814260,252642934.1,1464,,
2026-08-18,KMCDB,,783,761,783,,,1323,1024347.1,41,,
2026-08-18,KPCL,,463,458.1,460,,,2697,1240686.5,32,,
2026-08-18,LEC,,230,222,223,,,96115,21516142.9,281,,
2026-08-18,LICN,,789,765,769,,,11301,8681375.8,67,,
2026-08-18,LLBS,,870,862.1,870,,,155,134285,8,,
2026-08-18,LSL,,220,217.1,219,,,78182,17115551.9,107,,
2026-08-18,MABEL,,625,609,609,,,13422,8298755.5,163,,
2026-08-18,MAKAR,,415,406.1,407.1,,,11443,4669717.1,125,,
2026-08-18,MANDU,,820,810.1,817.4,,,1281,1046418.8,43,,
2026-08-18,MATRI,,805,782,796.1,,,475,380369.3,28,,
2026-08-18,MBJC,,266,263,263.6,,,15221,4019371.9,175,,
2026-08-18,MBL,,250,245.1,247.6,,,69046,17194519.1,116,,
2026-08-18,MCHL,,283,275,279.9,,,1023,282852.7,25,,
2026-08-18,MEHL,,285,267,282.9,,,16784,4648143.5,160,,
2026-08-18,MEL,,210.1,204.5,206,,,42359,8736020.6,200,,
2026-08-18,MEN,,621,615,619.6,,,94698,58516016.8,368,,
2026-08-18,MEPDL,,603.2,540.3,603.2,,,970,583577,97,,
2026-08-18,MERO,,660,643,657,,,6174,4040104.7,61,,
2026-08-18,MFIL,,748,730,748,,,20825,15405855.6,126,,
2026-08-18,MHCL,,306.5,299,305,,,7692,2332983.5,66,,
2026-08-18,MHL,,468,455.1,466,,,4368,2016835.3,55,,
2026-08-18,MHNL,,243.9,240.1,241.9,,,11983,2896705,46,,
2026-08-18,MKCL,,1015,980,985,,,3517,3483625,96,,
2026-08-18,MKHC,,268,262,265,,,21820,5768105.7,115,,
2026-08-18,MKHL,,503.9,498,498.6,,,3850,1922982.8,51,,
2026-08-18,MKJC,,445,420.9,441.9,,,6429,2828695,43,,
2026-08-18,MLBBL,,1040,1025.1,1036,,,1482,1525594.3,33,,
2026-08-18,MLBS,,1100,1080,1080,,,420,458000,15,,
2026-08-18,MLBSL,,1215,1180,1198,,,3974,4759178.6,82,,
2026-08-18,MMKJL,,455,430,455,,,3634,1580218.6,59,,
2026-08-18,MPFL,,627,620,622,,,4134,2566934,34,,
2026-08-18,MSHL,,590,585,586,,,468,274030,15,,
2026-08-18,MSLB,,1245.7,1208,1234.9,,,519,633610.6,16,,
2026-08-18,NABIL,,555,548,550,,,36097,19879719.8,459,,
2026-08-18,NADEP,,714,703,714,,,1446,1022696,27,,
2026-08-18,NBL,,278.5,274.3,274.6,,,149166,41070557.1,364,,
2026-08-18,NESDO,,1416.1,1392.1,1412,,,1040,1459242.8,32,,
2026-08-18,NFS,,561.9,556,560,,,4882,2719419.4,73,,
2026-08-18,NGPL,,413,408.1,409.9,,,166725,68274971.1,298,,
2026-08-18,NHDL,,637.8,632,637.8,,,2012,1274251,16,,
2026-08-18,NHPC,,269,252.7,261.9,,,195828,51271388.8,579,,
2026-08-18,NICA,,320,315,315,,,83475,26422109.3,439,,
2026-08-18,NICLBSL,,547.9,543.1,546,,,3077,1675297.2,76,,
2026-08-18,NIFRA,,247,243.1,244.8,,,52440,12821732,379,,
2026-08-18,NIMB,,198,185.9,187,,,145659,27223322.8,602,,
2026-08-18,NLIC,,738,720.7,722,,,19730,14266745.2,252,,
2026-08-18,NLICL,,576,568,568,,,10536,6010539.8,37,,
2026-08-18,NLO,,277.4,277.4,277.4,,,62,17198.8,1,,
2026-08-18,NMB,,241,238.1,239,,,37538,8976664.8,160,,
2026-08-18,NMBMF,,603,593,595.5,,,3198,1903934.8,28,,
2026-08-18,NMFBS,,1128.5,1117,1128.5,,,2833,3182504.7,35,,
2026-08-18,NMLBBL,,504,496.1,500,,,7092,3554001.9,81,,
2026-08-18,NRIC,,917.9,900,905,,,19895,17947091.1,225,,
2026-08-18,NRM,,310,298,303,,,3177,958416.4,67,,
2026-08-18,NRN,,1381,1367.1,1373,,,46651,64019348.2,303,,
2026-08-18,NTC,,895,877,886,,,11423,10066354.5,180,,
2026-08-18,NUBL,,600,583.1,599.9,,,5719,3394087.9,59,,
2026-08-18,NWCL,,690,670.1,671.5,,,1168,790189.4,41,,
2026-08-18,NYADI,,364.9,361.2,361.6,,,2530,916101.5,42,,
2026-08-18,OHL,,660,651.1,652,,,1465,955192,17,,
2026-08-18,OMPL,,911.6,881,900,,,2865,2574411.7,63,,
2026-08-18,PCBL,,244,238.3,240.3,,,53111,12709321.8,126,,
2026-08-18,PCIL,,690,620.9,622,,,45986,29125470.4,770,,
2026-08-18,PFL,,364,364,364,,,0,0,0,,
2026-08-18,PHCL,,307,286,298,,,43964,13234277.4,224,,
2026-08-18,PMHPL,,314,305,309.8,,,6248,1914337,42,,
2026-08-18,PMLI,,429.3,421,429.3,,,5566,2361097,132,,
2026-08-18,PPCL,,355,330.2,333.9,,,13405,4450675.9,44,,
2026-08-18,PPL,,324,304.3,317,,,10130,3213223.3,86,,
2026-08-18,PROFL,,419,403.1,408.9,,,9436,3841486.5,70,,
2026-08-18,PRVU,,183.2,180.2,181.8,,,308824,55943108.3,964,,
2026-08-18,PURE,,830,810,825,,,7304,5980718.6,68,,
2026-08-18,RADHI,,725,703.3,712,,,58146,41160533.4,183,,
2026-08-18,RAWA,,425,420,423.6,,,6039,2543343.7,54,,
2026-08-18,RFPL,,336,331,333.3,,,20265,6763608.5,96,,
2026-08-18,RHGCL,,258,251,254.7,,,20710,5244427.8,111,,
2026-08-18,RHPL,,253.5,251.1,252.1,,,8395,2118201.6,83,,
2026-08-18,RIDI,,367,358,359.6,,,425770,154390712.3,793,,
2026-08-18,RLEL,,920,860,920,,,23257,20738604.8,273,,
2026-08-18,RLFL,,449.4,432,441.9,,,31193,13709449.2,172,,
2026-08-18,RNLI,,429,421,426,,,14581,6200505,201,,
2026-08-18,RSDC,,650,623,633,,,2101,1317397.7,46,,
2026-08-18,RSML,,2898,2720,2725,,,60363,167868385,838,,
2026-08-18,RURU,,610,603,605,,,1933,1172889.7,31,,
2026-08-18,SAGAR,,1610,1565.2,1570,,,13175,20792183.6,136,,
2026-08-18,SAHAS,,688.9,680,684.6,,,91815,62690864.5,488,,
2026-08-18,SAIL,,1127.9,1022,1025,,,52081,54420836.8,435,,
2026-08-18,SANIMA,,370.5,368,369,,,51973,19217448,170,,
2026-08-18,SANVI,,615,590,599.8,,,9944,5945945.7,159,,
2026-08-18,SAPIL,,524.6,456.5,524.6,,,150,76691,15,,
2026-08-18,SARBTM,,805,775.3,782.1,,,1175,924231.3,43,,
2026-08-18,SBI,,407,395,407,,,18562,7385491.1,80,,
2026-08-18,SBL,,411.2,408.5,408.5,,,61570,25215502.6,146,,
2026-08-18,SCB,,660,646.2,650,,,5419,3520133.7,63,,
2026-08-18,SGHC,,304,299,302,,,52479,15757501.6,177,,
2026-08-18,SGHL,,557,530,532,,,156945,85678058.3,3326,,
2026-08-18,SHEL,,303.6,295,298.2,,,135658,40532901.7,339,,
2026-08-18,SHIVM,,633.8,622,624.5,,,81985,51454287,365,,
2026-08-18,SHL,,502.9,498.1,502.9,,,27813,13899474.7,80,,
2026-08-18,SHLB,,1435,1400,1400,,,102,143642,9,,
2026-08-18,SHPC,,495,491,492.9,,,19002,9346254.1,97,,
2026-08-18,SIFC,,505,499,503.9,,,5486,2746872.6,61,,
2026-08-18,SIKLES,,560,553.6,553.6,,,10316,5744320.3,73,,
2026-08-18,SIPD,,669,642,644.7,,,13959,9082584,307,,
2026-08-18,SJCL,,268.7,262,266.7,,,12881,3413045.5,59,,
2026-08-18,SJLIC,,410,406.4,407,,,11875,4838223.6,134,,
2026-08-18,SKBBL,,770,747,753,,,12776,9574654.5,85,,
2026-08-18,SKHEL,,960.1,941,954.9,,,2632,2494475.4,96,,
2026-08-18,SKHL,,875.8,806,830,,,20816,17006975.3,330,,
2026-08-18,SLBBL,,808,790,808,,,1969,1563118.6,25,,
2026-08-18,SLBSL,,928,916,918,,,1493,1372411.9,23,,
2026-08-18,SMATA,,729.9,704,710,,,5191,3678577,72,,
2026-08-18,SMB,,1830,1722.9,1722.9,,,2754,4842807.8,51,,
2026-08-18,SMFBS,,1457,1415,1457,,,543,773986,11,,
2026-08-18,SMH,,511,505,505,,,6861,3477694.6,72,,
2026-08-18,SMHL,,502.9,495,495.3,,,68336,34103577.4,276,,
2026-08-18,SMJC,,456,426.8,429,,,32969,14423364.6,209,,
2026-08-18,SMPDA,,737.1,731.5,735,,,2050,1505212.4,33,,
2026-08-18,SNLI,,410,405.6,407.9,,,7110,2891831.1,214,,
2026-08-18,SNORL,,915,900,914,,,18187,16538429,421,,
2026-08-18,SOHL,,725,683,687.8,,,553373,391455342.4,2359,,
2026-08-18,SONA,,405,399,401.1,,,22513,9023539.5,233,,
2026-08-18,SOPL,,810,781,783,,,40742,32265514.4,906,,
2026-08-18,SPC,,415,408,409.2,,,3444,1415266.1,33,,
2026-08-18,SPDL,,386,363.4,364.5,,,17086,6233788.5,68,,
2026-08-18,SPHL,,533.9,513,524,,,8452,4443735.4,44,,
2026-08-18,SPL,,688.8,648.3,650,,,230,150215,7,,
2026-08-18,SRLI,,369.7,366.3,366.5,,,10513,3858158.3,136,,
2026-08-18,SSHL,,213,199.6,200,,,109269,21893927.5,335,,
2026-08-18,STC,,5300,5150,5168,,,615,3187270.1,15,,
2026-08-18,SWASTIK,,1990.1,1950,1990.1,,,589,1156620.5,26,,
2026-08-18,SWBBL,,675,665,674.8,,,17952,12021789,93,,
2026-08-18,SWMF,,608,595,606,,,2126,1277510,26,,
2026-08-18,SYPNL,,1306.9,1283,1290,,,24651,31873682.7,410,,
2026-08-18,TAMOR,,470,455,455,,,171974,79298514.2,303,,
2026-08-18,TPC,,364.1,358.9,359.1,,,19589,7069562.4,88,,
2026-08-18,TPKHL,,565,523.5,560,,,59865,33418582.1,1111,,
2026-08-18,TRH,,830,797,799,,,6363,5103111,36,,
2026-08-18,TSHL,,370.5,354,361,,,4708,1694838.9,61,,
2026-08-18,TTL,,715,700,705,,,9664,6839274.6,236,,
2026-08-18,TVCL,,488,460,461.1,,,9472,4395295,43,,
2026-08-18,UHEWA,,649,600,607.9,,,31320,19042817.9,286,,
2026-08-18,ULBSL,,2707,2552.2,2625,,,1553,4078466.3,45,,
2026-08-18,ULHC,,344.5,335.3,341,,,7964,2698931.9,90,,
2026-08-18,UMHL,,646,580,602.5,,,280487,164730180.6,452,,
2026-08-18,UMRH,,524,518,520,,,8915,4630149.7,69,,
2026-08-18,UNHPL,,377,364.4,365.6,,,21954,8071810.2,109,,
2026-08-18,UNL,,47000,46500,46500,,,20,935000,2,,
2026-08-18,UNLB,,1261.9,1233,1261.9,,,750,935615,14,,
2026-08-18,UPCL,,349.9,342,344.4,,,43705,15071939.5,143,,
2026-08-18,UPPER,,196,187,190.5,,,51486,9833591,326,,
2026-08-18,USHEC,,508,500,500,,,21896,10970150.1,100,,
2026-08-18,USHL,,540,531.2,540,,,575,308190.1,26,,
2026-08-18,USLB,,1118,1096,1105,,,1024,1133048.5,31,,
2026-08-18,VLBS,,676,653.1,663,,,3613,2405560.2,96,,
2026-08-18,VLUCL,,407,396,397,,,10621,4258026.6,79,,
2026-08-18,YMHL,,660,630.1,637,,,41470,26557882.7,737,,
2026-08-19,ACLBSL,,921.6,894.4,900,,,842,755718.8,16,,
2026-08-19,ADBL,,302,299.5,300.9,,,25174,7568127.2,113,,
2026-08-19,AHL,,405.1,387.6,400,,,2678,1072827.7,41,,
2026-08-19,AHPC,,263,257.7,260,,,58501,15159948.3,283,,
2026-08-19,AKJCL,,357.9,348.3,351.8,,,161396,56870705.6,466,,
2026-08-19,AKPL,,251,246,249,,,30765,7664459.6,154,,
2026-08-19,ALBSL,,1115,1065,1099.8,,,9558,10489179.1,98,,
2026-08-19,ALICL,,419.9,415,415,,,12451,5185384.5,77,,
2026-08-19,ANLB,,5237,5060,5100,,,1800,9161746.5,95,,
2026-08-19,APHL,,755,734,753,,,6427,4798423.4,217,,
2026-08-19,API,,331.5,327.4,330,,,112132,36871889.5,413,,
2026-08-19,AVYAN,,1039,1016,1035,,,383,395039.2,20,,
2026-08-19,BANDIPUR,,689,675,682.1,,,14248,9732488.8,234,,
2026-08-19,BARUN,,323.9,313,316.8,,,16923,5353450.3,103,,
2026-08-19,BBC,,4177,4099,4140,,,79,326331,8,,
2026-08-19,BEDC,,329,308,311.9,,,9325,2910918.6,84,,
2026-08-19,BFC,,489,476.2,476.2,,,22678,10902146.2,117,,
2026-08-19,BGWT,,517.9,503,515,,,2590,1321248.3,33,,
2026-08-19,BHCL,,595,546,568,,,122319,68670781.7,772,,
2026-08-19,BHDC,,428.2,421.7,426.7,,,16062,6811809.4,85,,
2026-08-19,BHL,,209.9,206.4,209,,,36974,7701123.6,188,,
2026-08-19,BHPL,,479.4,456,477.4,,,7699,3647758.1,30,,
2026-08-19,BJHL,,729.7,695,720,,,12715,9058259.5,172,,
2026-08-19,BNHC,,285,266,280,,,5917,1654140.5,56,,
2026-08-19,BNL,,14900,14900,14900,,,0,0,0,,
2026-08-19,BNT,,11884,11605,11620,,,61,719204,6,,
2026-08-19,BPCL,,643.6,635.1,641,,,4318,2752931.6,61,,
2026-08-19,BUNGAL,,605,581,598,,,20116,11995290,210,,
2026-08-19,CBBL,,940,934,935,,,15799,14809949.6,121,,
2026-08-19,CFCL,,608.9,586.2,600,,,40716,24354474.5,200,,
2026-08-19,CGH,,786,766,770,,,6679,5160495.5,52,,
2026-08-19,CHCL,,480,475,479,,,7975,3817852.6,96,,
2026-08-19,CHDC,,2200,2179.3,2182,,,9140,20005900.2,119,,
2026-08-19,CHL,,264,260,262.5,,,7682,2011231.1,65,,
2026-08-19,CIT,,1705,1695,1700,,,4292,7285206.7,89,,
2026-08-19,CITY,,363,357.2,359.9,,,50429,18162230.7,241,,
2026-08-19,CKHL,,595,582,595,,,130,76158,12,,
2026-08-19,CLI,,438,433,435,,,11805,5127150.8,186,,
2026-08-19,CREST,,1160,1139.9,1152.9,,,7972,9128460.2,110,,
2026-08-19,CYCL,,1551.1,1415.5,1500,,,11379,17254402.1,255,,
2026-08-19,CZBIL,,203,198.1,199,,,47556,9459399.9,123,,
2026-08-19,DDBL,,846,840,842.9,,,8026,6763122.5,65,,
2026-08-19,DHEL,,592,580,584,,,11574,6770758,179,,
2026-08-19,DHPL,,285,278.5,281,,,2441,681718.5,23,,
2026-08-19,DLBS,,1154,1095,1098.5,,,624,687371.5,26,,
2026-08-19,DOLTI,,314,308,310,,,18323,5680934.7,111,,
2026-08-19,DORDI,,250,245.5,248,,,16593,4110342.5,99,,
2026-08-19,EBL,,733,727,730,,,23601,17235012.9,180,,
2026-08-19,ECL,,1470,1397,1436,,,11764,16932389.7,580,,
2026-08-19,EHPL,,351.6,325.2,335,,,18402,6134406.3,70,,
2026-08-19,ENL,,822,781,798,,,210,166626,9,,
2026-08-19,FMDBL,,771.9,723,769.8,,,12640,9585604,85,,
2026-08-19,FOWAD,,931,920,926,,,1122,1039133.6,23,,
2026-08-19,GBIME,,252,244,247.9,,,94358,23204942,315,,
2026-08-19,GBLBS,,705,690,702.5,,,1855,1292918.6,34,,
2026-08-19,GCIL,,344.9,339.8,342,,,3060,1046983,106,,
2026-08-19,GFCL,,599.9,590,591.5,,,3051,1812166.2,45,,
2026-08-19,GHL,,247.3,230,239,,,218759,50989575.9,549,,
2026-08-19,GILB,,1110,1095.1,1096.3,,,3609,3964137.1,31,,
2026-08-19,GLBSL,,1750,1700,1742,,,906,1555195.7,30,,
2026-08-19,GLH,,257.8,245,252.7,,,20506,5208327.9,130,,
2026-08-19,GMFBS,,1170,1160,1170,,,298,347753.3,11,,
2026-08-19,GMFIL,,450,443,448.9,,,5122,2283085.5,31,,
2026-08-19,GMLI,,1060,1026,1056,,,1430,1494115.5,38,,
2026-08-19,GUFL,,537.9,530.1,536,,,8115,4332481.2,64,,
2026-08-19,GVL,,480,469,472,,,8462,3980373.4,100,,
2026-08-19,HATHY,,618.5,595,603.2,,,22168,13358851.5,287,,
2026-08-19,HBL,,196,189.2,191.5,,,24983,4758424.2,387,,
2026-08-19,HDHPC,,209,205.1,207.9,,,61131,12705056.4,210,,
2026-08-19,HDL,,1185,1175,1178.2,,,17260,20342977,212,,
2026-08-19,HFIN,,700,670.1,679.1,,,13819,9451025.2,363,,
2026-08-19,HHL,,333.9,327.1,332,,,12993,4283861.6,81,,
2026-08-19,HIDCL,,263.1,248.2,251,,,27953,6984194.9,203,,
2026-08-19,HIMSTAR,,698.9,680.1,686.4,,,2640,1817222,56,,
2026-08-19,HLBSL,,875,870,875,,,82,71419.6,4,,
2026-08-19,HLI,,317,313.2,315,,,16202,5104276.7,190,,
2026-08-19,HPPL,,383,373,383,,,90182,34058685.9,171,,
2026-08-19,HRL,,580,571,574.8,,,28865,16579308.1,433,,
2026-08-19,HURJA,,238,232.7,235.5,,,39189,9219700.8,147,,
2026-08-19,ICFC,,597,590.1,593,,,5204,3082262,45,,
2026-08-19,IHL,,328,320.1,323.5,,,9623,3112036.4,65,,
2026-08-19,ILBS,,874.9,850,860,,,2090,1781950.9,30,,
2026-08-19,ILI,,415,408.1,413,,,3462,1424734.1,122,,
2026-08-19,JBLB,,1280,1265.3,1273.2,,,3319,4217795.4,67,,
2026-08-19,JFL,,387.1,380,381.7,,,1949,742353.3,18,,
2026-08-19,JHAPA,,1065,1037,1045,,,3586,3776093.7,61,,
2026-08-19,JOSHI,,283,259.4,273,,,12225,3299652.7,89,,
2026-08-19,JSLBB,,960,941,960,,,111,106351,4,,
2026-08-19,KAHL,,556,533,550,,,25463,13939241.6,1050,,
2026-08-19,KBL,,215,211.2,214.1,,,149187,31908063.5,444,,
2026-08-19,KBSH,,998,920,937,,,7989,7398039.9,111,,
2026-08-19,KDL,,778,767,777,,,535,411970,19,,
2026-08-19,KHPL,,800,776.1,785,,,6170,4861103,133,,
2026-08-19,KKHC,,309,284.1,296.5,,,309415,89664335.1,654,,
2026-08-19,KMCDB,,788.9,765,785,,,2713,2134823.2,29,,
2026-08-19,KPCL,,462.1,460,461,,,2718,1252336.9,22,,
2026-08-19,LEC,,224,211.9,220.9,,,239048,52555550.5,523,,
2026-08-19,LICN,,778,764.5,774,,,2552,1959618.6,40,,
2026-08-19,LLBS,,896.1,862.1,862.1,,,2220,1947992,13,,
2026-08-19,LSL,,220,216.5,217.9,,,56190,12257392.6,99,,
2026-08-19,MABEL,,638,600.5,604,,,6437,3922276.5,99,,
2026-08-19,MAKAR,,408,401,406.9,,,19213,7752522.1,109,,
2026-08-19,MANDU,,817.4,795.2,801,,,3375,2698418.4,73,,
2026-08-19,MATRI,,802,795,802,,,316,252752.9,14,,
2026-08-19,MBJC,,267.7,260,264,,,8272,2182970,171,,
2026-08-19,MBL,,249.8,246.1,248.4,,,50466,12509142.8,111,,
2026-08-19,MCHL,,283,275,282,,,5961,1657026.6,58,,
2026-08-19,MEHL,,275,240.5,259,,,489292,122549643.4,1406,,
2026-08-19,MEL,,208.5,203,205.9,,,21347,4380484.4,153,,
2026-08-19,MEN,,650.5,615.2,626.9,,,91146,56660317,322,,
2026-08-19,MEPDL,,693.6,633,693.6,,,2880,1996302,288,,
2026-08-19,MERO,,652,645.2,646,,,2309,1494221.5,21,,
2026-08-19,MFIL,,760,740,747.9,,,20616,15363357.2,82,,
2026-08-19,MHCL,,305,298,303.2,,,4832,1451930,47,,
2026-08-19,MHL,,465,455.1,465,,,3234,1492717.6,29,,
2026-08-19,MHNL,,243,236.5,242.4,,,11085,2664075,36,,
2026-08-19,MKCL,,983.9,959,975,,,2376,2292015,41,,
2026-08-19,MKHC,,265,252,261,,,12164,3186668.2,100,,
2026-08-19,MKHL,,500,489,496.1,,,1521,754859.5,24,,
2026-08-19,MKJC,,443,419.9,440,,,1009,443446.7,17,,
2026-08-19,MLBBL,,1030,1009,1029.9,,,1789,1817381.6,39,,
2026-08-19,MLBS,,1080,1026,1080,,,671,708888,29,,
2026-08-19,MLBSL,,1220,1175,1218,,,2428,2919266,66,,
2026-08-19,MMKJL,,468,439.1,443,,,2685,1207868,45,,
2026-08-19,MPFL,,620,612,615,,,11927,7333754.4,46,,
2026-08-19,MSHL,,600,582.2,583,,,56,32832.2,8,,
2026-08-19,MSLB,,1235,1215.1,1218.3,,,927,1134265.2,30,,
2026-08-19,NABIL,,556,545,548,,,95755,52534433.5,289,,
2026-08-19,NADEP,,714,700.1,704,,,869,614219,19,,
2026-08-19,NBL,,276.8,272,275,,,163307,44747556.1,258,,
2026-08-19,NESDO,,1412,1390.1,1412,,,855,1194324.5,23,,
2026-08-19,NFS,,560,555,556.6,,,3714,2064948.2,65,,
2026-08-19,NGPL,,412,406.4,407,,,129970,53129553.9,288,,
2026-08-19,NHDL,,635.9,621.1,635,,,1301,813986.8,21,,
2026-08-19,NHPC,,265,248.9,263,,,169326,44343680.9,449,,
2026-08-19,NICA,,317.3,314.1,315.7,,,64786,20437438.5,331,,
2026-08-19,NICLBSL,,547,540,546.9,,,5413,2932356.9,75,,
2026-08-19,NIFRA,,245,240,244.2,,,29497,7193160.3,261,,
2026-08-19,NIMB,,188.1,185.2,188,,,93306,17439923.4,371,,
2026-08-19,NLIC,,727,715,718.9,,,30984,22237562.3,338,,
2026-08-19,NLICL,,572.8,562,565.1,,,5191,2946469.5,34,,
2026-08-19,NLO,,277.4,277.4,277.4,,,0,0,0,,
2026-08-19,NMB,,239.8,236,238.7,,,42441,10084626.8,167,,
2026-08-19,NMBMF,,601.9,590,590,,,1250,744718.6,11,,
2026-08-19,NMFBS,,1125,1116.2,1120,,,688,770820,17,,
2026-08-19,NMLBBL,,505,500,505,,,4874,2445205.3,47,,
2026-08-19,NRIC,,912,899,911,,,15465,14044503.4,168,,
2026-08-19,NRM,,303,296,301,,,6548,1972580,70,,
2026-08-19,NRN,,1384.9,1369,1379,,,30721,42302019.5,213,,
2026-08-19,NTC,,888,871,888,,,6849,6048487.1,111,,
2026-08-19,NUBL,,604,595,595,,,1883,1126047.9,21,,
2026-08-19,NWCL,,673,650,672,,,1250,826390,45,,
2026-08-19,NYADI,,361,358,360,,,1532,550988.6,36,,
2026-08-19,OHL,,654,647.2,653.9,,,462,300546.4,8,,
2026-08-19,OMPL,,900,880,900,,,1482,1315001.4,42,,
2026-08-19,PCBL,,242,237,240.5,,,46783,11233107.4,111,,
2026-08-19,PCIL,,630,615.3,621,,,13207,8218846.9,471,,
2026-08-19,PFL,,364,364,364,,,0,0,0,,
2026-08-19,PHCL,,302.9,295,299.2,,,63011,18865021.1,298,,
2026-08-19,PMHPL,,311.9,300,307,,,7696,2320762.9,41,,
2026-08-19,PMLI,,428,407.9,425,,,4414,1867539.9,100,,
2026-08-19,PPCL,,335,323,335,,,120724,39332047.2,88,,
2026-08-19,PPL,,316,301.2,315,,,16689,5210934.7,114,,
2026-08-19,PROFL,,407,396.7,407,,,8569,3440710.8,58,,
2026-08-19,PRVU,,183.5,180,182,,,213491,38664974.5,745,,
2026-08-19,PURE,,816,805.2,814.8,,,8313,6760359,58,,
2026-08-19,RADHI,,712,702,708,,,45501,32100301.5,163,,
2026-08-19,RAWA,,425,419,422.5,,,9202,3870695.4,75,,
2026-08-19,RFPL,,338,323.4,332,,,9294,3095614,84,,
2026-08-19,RHGCL,,255,250,253,,,11477,2895852,79,,
2026-08-19,RHPL,,253.1,250,251.7,,,8864,2224435.1,89,,
2026-08-19,RIDI,,366,356,361.3,,,234646,84642183.6,495,,
2026-08-19,RLEL,,920,853.5,888.9,,,8109,7232693.5,152,,
2026-08-19,RLFL,,452.8,419.9,443,,,8191,3595425.8,75,,
2026-08-19,RNLI,,426,420,421.4,,,12683,5346648.6,191,,
2026-08-19,RSDC,,639.9,620,628.3,,,2279,1427707.5,35,,
2026-08-19,RSML,,2720,2655,2710,,,57723,155532538.2,554,,
2026-08-19,RURU,,630,590,600,,,11931,7312727.9,66,,
2026-08-19,SAGAR,,1599.5,1491.5,1580,,,3732,5820570.3,97,,
2026-08-19,SAHAS,,702,681,701,,,253936,175282160.3,897,,
2026-08-19,SAIL,,1049,1000,1029.9,,,30039,30847410.7,312,,
2026-08-19,SANIMA,,370.1,366.1,370.1,,,87639,32358587.9,185,,
2026-08-19,SANVI,,597,582,590,,,4022,2370380.8,63,,
2026-08-19,SAPIL,,603.2,537.7,603.2,,,190,112319,19,,
2026-08-19,SARBTM,,802.9,775,779.9,,,15526,12108401,84,,
2026-08-19,SBI,,404.5,386.7,401,,,12380,4983950.5,36,,
2026-08-19,SBL,,411,407,408.2,,,55032,22517517.2,160,,
2026-08-19,SCB,,661,645.1,650,,,6223,4062866.7,62,,
2026-08-19,SGHC,,304.5,298.1,298.1,,,20902,6268961.5,136,,
2026-08-19,SGHL,,547,530,538.9,,,75638,40681590.3,1913,,
2026-08-19,SHEL,,300,295,298,,,100380,29704587.4,196,,
2026-08-19,SHIVM,,630,620.2,627.4,,,71344,44749217.5,270,,
2026-08-19,SHL,,500,490,498,,,24850,12381140.5,58,,
2026-08-19,SHLB,,1415,1358,1415,,,110,152658,7,,
2026-08-19,SHPC,,517.5,489.3,494,,,49022,24070187,134,,
2026-08-19,SIFC,,504.7,490,499,,,7578,3762803,43,,
2026-08-19,SIKLES,,554.9,551.1,554.9,,,4222,2336295,36,,
2026-08-19,SIPD,,679.8,612.5,645.1,,,28978,19194168.5,333,,
2026-08-19,SJCL,,265,262,265,,,9118,2401396.5,57,,
2026-08-19,SJLIC,,408,404,407,,,8478,3436054.1,116,,
2026-08-19,SKBBL,,760,741.3,748,,,17757,13288853.1,147,,
2026-08-19,SKHEL,,955,930.1,950,,,2527,2388032.2,82,,
2026-08-19,SKHL,,871.5,801,808,,,20773,16818188.4,268,,
2026-08-19,SLBBL,,805,790.1,805,,,861,689178.2,18,,
2026-08-19,SLBSL,,935,892.2,907,,,1025,931619.8,17,,
2026-08-19,SMATA,,711,707,710,,,2851,2018772.9,34,,
2026-08-19,SMB,,1770,1721,1737,,,997,1741422.7,35,,
2026-08-19,SMFBS,,1443,1420.6,1443,,,493,701916.6,17,,
2026-08-19,SMH,,509.9,502.2,502.2,,,4138,2083715.3,51,,
2026-08-19,SMHL,,503.9,491,502,,,40719,20341083.7,199,,
2026-08-19,SMJC,,435,425.5,430.9,,,8778,3773145,96,,
2026-08-19,SMPDA,,741,733,738,,,1146,845857.7,26,,
2026-08-19,SNLI,,406.8,387.6,404.1,,,9407,3806488.2,205,,
2026-08-19,SNORL,,929.5,903,915,,,18899,17363724,432,,
2026-08-19,SOHL,,689,674,682.1,,,247607,168847679,1207,,
2026-08-19,SONA,,403,399,400,,,20212,8099087.1,231,,
2026-08-19,SOPL,,785,775.2,780,,,19566,15257909.3,580,,
2026-08-19,SPC,,418.8,401,417,,,5275,2164562,79,,
2026-08-19,SPDL,,367,360.1,366.9,,,13337,4842847.6,71,,
2026-08-19,SPHL,,535,505,515,,,3294,1672750,29,,
2026-08-19,SPL,,663,621.2,659,,,1360,866930.4,36,,
2026-08-19,SRLI,,371.4,365,368.7,,,9087,3325379.1,162,,
2026-08-19,SSHL,,203,198.1,200.8,,,36822,7368670.5,189,,
2026-08-19,STC,,5250,5171,5200,,,168,873027.5,10,,
2026-08-19,SWASTIK,,1989.9,1932,1988.9,,,670,1313795.1,24,,
2026-08-19,SWBBL,,675,667,667,,,15528,10383246.9,87,,
2026-08-19,SWMF,,603.8,593.1,603.8,,,7552,4500793,65,,
2026-08-19,SYPNL,,1300,1225.5,1271,,,29613,37852676,431,,
2026-08-19,TAMOR,,465.9,454.1,459.5,,,79851,36916112.8,215,,
2026-08-19,TPC,,362.8,355,358.5,,,6105,2187173.4,33,,
2026-08-19,TPKHL,,564,533.5,562,,,25681,14328807,779,,
2026-08-19,TRH,,810,802,802,,,970,782580,11,,
2026-08-19,TSHL,,365.9,360,365.9,,,4780,1725050,42,,
2026-08-19,TTL,,718,697,704,,,5467,3863259.9,166,,
2026-08-19,TVCL,,475.8,452,472,,,8258,3764904.2,48,,
2026-08-19,UHEWA,,667,577.6,610,,,34954,21365291.5,213,,
2026-08-19,ULBSL,,2770,2546.6,2628,,,739,1942602.7,30,,
2026-08-19,ULHC,,348,332.1,333,,,18304,6112952.3,107,,
2026-08-19,UMHL,,605,589,598.8,,,102112,60583291.4,222,,
2026-08-19,UMRH,,530,516.1,530,,,2056,1070392.8,17,,
2026-08-19,UNHPL,,373,358,371,,,36636,13326777.9,125,,
2026-08-19,UNL,,46600,46600,46600,,,10,466000,1,,
2026-08-19,UNLB,,1250,1227,1249.9,,,219,272344,14,,
2026-08-19,UPCL,,349.9,341.2,342.2,,,17262,5914677.2,106,,
2026-08-19,UPPER,,193,189.6,191.5,,,62354,11879256.2,308,,
2026-08-19,USHEC,,502,495.2,502,,,14971,7464873.6,41,,
2026-08-19,USHL,,540,525,540,,,948,504317.9,31,,
2026-08-19,USLB,,1099.9,1075,1075,,,2652,2884280.5,52,,
2026-08-19,VLBS,,665,644.1,655.1,,,1244,819458,52,,
2026-08-19,VLUCL,,403,389,400,,,4923,1940101.9,74,,
2026-08-19,YMHL,,659,620,634.7,,,13126,8302798.8,518,,
2026-08-20,ACLBSL,,909,897.5,909,,,562,505370.5,18,,
2026-08-20,ADBL,,302,298,300.1,,,49169,14739926.6,132,,
2026-08-20,AHL,,405,395,401,,,1091,439218,26,,
2026-08-20,AHPC,,261.4,257.1,260.5,,,83023,21577802.4,259,,
2026-08-20,AKJCL,,355.5,350.5,355,,,136047,48082689.9,334,,
2026-08-20,AKPL,,250,247,249.8,,,32954,8201148.7,156,,
2026-08-20,ALBSL,,1112.19,1065,1105,,,929,1013299.4,51,,
2026-08-20,ALICL,,419.9,413.1,419.9,,,12470,5184038.9,94,,
2026-08-20,ANLB,,5140,4956,5138,,,1420,7112606,68,,
2026-08-20,APHL,,760,743.3,750,,,6043,4525827.2,152,,
2026-08-20,API,,336,328,335.4,,,139127,46295133.1,447,,
2026-08-20,AVYAN,,1035,1016,1034,,,2612,2670086.3,43,,
2026-08-20,BANDIPUR,,684,676,680.3,,,13764,9347472.5,241,,
2026-08-20,BARUN,,318.5,312.2,317,,,17115,5388843.8,79,,
2026-08-20,BBC,,4250,4095,4130,,,372,1533648,19,,
2026-08-20,BEDC,,312.9,305,307,,,17068,5229091.8,103,,
2026-08-20,BFC,,488,475,482,,,8180,3928152.5,66,,
2026-08-20,BGWT,,520,498,520,,,7990,4017785.8,67,,
2026-08-20,BHCL,,565,550,559.9,,,55660,30933709.5,317,,
2026-08-20,BHDC,,435,422.1,434,,,8167,3505545.8,75,,
2026-08-20,BHL,,210,206.5,208,,,45117,9373031.8,182,,
2026-08-20,BHPL,,481,465,468.1,,,2723,1274439.5,38,,
2026-08-20,BJHL,,724,695,724,,,17571,12492005.1,174,,
2026-08-20,BNHC,,280,275,279.8,,,11074,3069977.6,83,,
2026-08-20,BNL,,14900,14900,14900,,,0,0,0,,
2026-08-20,BNT,,11750,11666,11750,,,20,234160,2,,
2026-08-20,BPCL,,655,635.3,655,,,18405,11872532.9,93,,
2026-08-20,BUNGAL,,627,586,588,,,13603,8023809.1,191,,
2026-08-20,CBBL,,940,935.1,939,,,8287,7772922.3,118,,
2026-08-20,CFCL,,600,588,590.1,,,47494,28186396.7,208,,
2026-08-20,CGH,,775,767,771,,,4394,3389098,47,,
2026-08-20,CHCL,,483.8,476,483.8,,,30342,14594920.7,149,,
2026-08-20,CHDC,,2205.9,2170,2205.9,,,8465,18567231.3,109,,
2026-08-20,CHL,,269,262.6,268,,,15090,3997125.8,95,,
2026-08-20,CIT,,1696,1690,1695,,,2720,4603025.3,76,,
2026-08-20,CITY,,377.8,355,357,,,61854,22045156.1,291,,
2026-08-20,CKHL,,590,577,588,,,120,69970,12,,
2026-08-20,CLI,,442,429.1,440,,,15739,6782071.2,223,,
2026-08-20,CREST,,1180,1120,1144,,,6890,7800506.2,112,,
2026-08-20,CYCL,,1549.9,1425,1455,,,7870,11680375.4,150,,
2026-08-20,CZBIL,,201.7,195.3,201.7,,,25254,5054465.5,95,,
2026-08-20,DDBL,,849.9,831.4,849.9,,,8432,7111130.7,52,,
2026-08-20,DHEL,,595,575.3,585,,,14910,8690391.4,191,,
2026-08-20,DHPL,,284,276.1,283,,,624,174348.7,18,,
2026-08-20,DLBS,,1131,1081,1084,,,531,577083,15,,
2026-08-20,DOLTI,,311,305,308.9,,,20935,6434946.6,104,,
2026-08-20,DORDI,,249.2,246,249,,,10476,2594792.4,61,,
2026-08-20,EBL,,735.4,727,734.9,,,47132,34557414.9,222,,
2026-08-20,ECL,,1490,1400,1452,,,12723,18324198,548,,
2026-08-20,EHPL,,340,325,333,,,10364,3394946,49,,
2026-08-20,ENL,,818.5,790,818.5,,,40,32165,4,,
2026-08-20,FMDBL,,771.8,752,768.9,,,8680,6595034.4,95,,
2026-08-20,FOWAD,,925,910,915,,,5033,4620394.2,95,,
2026-08-20,GBIME,,249,245,247.5,,,103072,25417014.5,315,,
2026-08-20,GBLBS,,710.8,679,698,,,1539,1062295.5,31,,
2026-08-20,GCIL,,344.9,338,344.9,,,7927,2701691.5,142,,
2026-08-20,GFCL,,594,590,593.8,,,2429,1434554.5,26,,
2026-08-20,GHL,,240,230.6,234.9,,,70682,16496864.8,235,,
2026-08-20,GILB,,1129,1097,1100,,,1763,1948729.8,35,,
2026-08-20,GLBSL,,1743,1701,1710,,,391,666787.6,14,,
2026-08-20,GLH,,255,250.1,255,,,24874,6285985.9,133,,
2026-08-20,GMFBS,,1165,1150,1165,,,24,27614,3,,
2026-08-20,GMFIL,,445,440,440,,,12318,5438801.8,65,,
2026-08-20,GMLI,,1077,1016,1025.1,,,1101,1142046.7,40,,
2026-08-20,GUFL,,535,525.2,535,,,11894,6312071.9,102,,
2026-08-20,GVL,,484.9,469.8,482.3,,,14430,6927315.7,136,,
2026-08-20,HATHY,,606,580,581,,,22871,13471284.3,257,,
2026-08-20,HBL,,193,190,191.4,,,21684,4131584.1,383,,
2026-08-20,HDHPC,,210,205,209,,,49580,10243001.7,187,,
2026-08-20,HDL,,1184,1173,1177,,,11771,13866094.2,167,,
2026-08-20,HFIN,,679,669,674,,,15445,10386813.2,314,,
2026-08-20,HHL,,335,328.1,329.1,,,8910,2933064.6,68,,
2026-08-20,HIDCL,,253.8,249,253.8,,,17179,4321015.9,140,,
2026-08-20,HIMSTAR,,690,671,688.7,,,1570,1068939,58,,
2026-08-20,HLBSL,,875,850,874,,,1291,1107574.5,18,,
2026-08-20,HLI,,316,313.4,316,,,25393,7982623.2,222,,
2026-08-20,HPPL,,384,374,379.3,,,103853,39408918.1,241,,
2026-08-20,HRL,,574.7,560,570,,,32868,18727746.3,510,,
2026-08-20,HURJA,,238.5,233.3,237.9,,,18279,4305927.8,81,,
2026-08-20,ICFC,,597,590,597,,,6162,3652550.5,46,,
2026-08-20,IHL,,329,321.9,326,,,9482,3070913.6,36,,
2026-08-20,ILBS,,870,836,860,,,1619,1365736.2,25,,
2026-08-20,ILI,,417,410,415,,,7178,2973142.8,162,,
2026-08-20,JBLB,,1282,1262,1264.1,,,3407,4329077.3,63,,
2026-08-20,JFL,,385,377.5,381,,,2855,1086003.9,36,,
2026-08-20,JHAPA,,1050,1016.1,1040,,,5328,5501270.6,83,,
2026-08-20,JOSHI,,270,260,267.7,,,41056,10880138.2,200,,
2026-08-20,JSLBB,,968.9,950,968.9,,,78,74289,4,,
2026-08-20,KAHL,,549,536,540,,,22715,12285916.3,958,,
2026-08-20,KBL,,216,212.1,215.5,,,127383,27319681.1,339,,
2026-08-20,KBSH,,950,912.4,938.5,,,10051,9264971.7,130,,
2026-08-20,KDL,,770,760,764,,,895,682569,28,,
2026-08-20,KHPL,,786.9,772.1,785,,,4591,3575762.4,119,,
2026-08-20,KKHC,,295,274,278.8,,,255787,71811188.5,741,,
2026-08-20,KMCDB,,797.7,774,780,,,321,250049,12,,
2026-08-20,KPCL,,466,458,466,,,3577,1652783.3,36,,
2026-08-20,LEC,,223.5,219,221.7,,,102327,22604065.6,214,,
2026-08-20,LICN,,774.9,763,769,,,7404,5667517,73,,
2026-08-20,LLBS,,870,850,867,,,497,424035,11,,
2026-08-20,LSL,,220,216.8,219.3,,,69495,15223006,132,,
2026-08-20,MABEL,,617,590,607.5,,,4376,2606200,96,,
2026-08-20,MAKAR,,436.7,400,420,,,39703,16487977.7,189,,
2026-08-20,MANDU,,840,801,840,,,17075,14025272.9,243,,
2026-08-20,MATRI,,805,780,805,,,328,258673.3,14,,
2026-08-20,MBJC,,265,262.1,264,,,10282,2711373.4,148,,
2026-08-20,MBL,,251,244,251,,,138300,34267056.4,161,,
2026-08-20,MCHL,,280,274.3,280,,,3530,973290.5,22,,
2026-08-20,MEHL,,259,245.1,250,,,184863,46022521.9,651,,
2026-08-20,MEL,,208.9,203.7,205,,,24700,5047820.1,147,,
2026-08-20,MEN,,639.8,621.2,639,,,215289,136140702.1,731,,
2026-08-20,MEPDL,,797.6,728.2,797.6,,,28980,23097581,2854,,
2026-08-20,MERO,,648,640,641.5,,,4620,2967359.2,39,,
2026-08-20,MFIL,,754,735,748.8,,,21688,16157309.1,106,,
2026-08-20,MHCL,,305,296.1,303.1,,,2480,747106,45,,
2026-08-20,MHL,,468,458.2,468,,,1598,735803.8,33,,
2026-08-20,MHNL,,245,237,244.6,,,10655,2586676,55,,
2026-08-20,MKCL,,974,953.1,960,,,2120,2042948,50,,
2026-08-20,MKHC,,264,257.5,260.9,,,14335,3716668.5,96,,
2026-08-20,MKHL,,496.2,491.9,494.1,,,4543,2245313.4,30,,
2026-08-20,MKJC,,438,429.5,432.2,,,6109,2639665.6,40,,
2026-08-20,MLBBL,,1053.8,1011,1030,,,1233,1255336.5,33,,
2026-08-20,MLBS,,1060,1050,1050,,,246,259200,6,,
2026-08-20,MLBSL,,1225,1206.1,1219.9,,,1440,1745108.5,53,,
2026-08-20,MMKJL,,443,432,439,,,4919,2148251.3,49,,
2026-08-20,MPFL,,620.8,608,614,,,4737,2891215.2,49,,
2026-08-20,MSHL,,600,582,587,,,689,404500.6,18,,
2026-08-20,MSLB,,1240,1204.5,1237.9,,,520,636447,21,,
2026-08-20,NABIL,,552,547,548.5,,,27241,14937853.1,337,,
2026-08-20,NADEP,,711,696,709,,,575,402978,15,,
2026-08-20,NBL,,277.3,273,277,,,207413,57174207.2,313,,
2026-08-20,NESDO,,1411.9,1395,1395,,,315,441829.8,16,,
2026-08-20,NFS,,565,555,555,,,6697,3726746,66,,
2026-08-20,NGPL,,413,403.1,412,,,170242,69238323.7,363,,
2026-08-20,NHDL,,639,621,635.3,,,1457,921604.6,21,,
2026-08-20,NHPC,,272,260,272,,,193614,51231576.2,458,,
2026-08-20,NICA,,317,308,313.6,,,64478,20264162.6,238,,
2026-08-20,NICLBSL,,546.9,540,543.5,,,3698,2002372.5,76,,
2026-08-20,NIFRA,,244.8,242.1,244,,,37783,9199238.9,304,,
2026-08-20,NIMB,,188,186,187.5,,,85941,16042531.9,325,,
2026-08-20,NLIC,,722,709,717,,,32677,23307957.7,337,,
2026-08-20,NLICL,,575,560.09,563,,,14317,8065329.49,74,,
2026-08-20,NLO,,277.4,277.4,277.4,,,0,0,0,,
2026-08-20,NMB,,240.3,237.2,240,,,38559,9216763.7,128,,
2026-08-20,NMBMF,,600,592,599.8,,,1330,792488.3,12,,
2026-08-20,NMFBS,,1132,1105,1118,,,5949,6641378.2,64,,
2026-08-20,NMLBBL,,502,495.1,500,,,3977,1985653,38,,
2026-08-20,NRIC,,917.9,898.1,906,,,16137,14536309.8,166,,
2026-08-20,NRM,,305,299,300.1,,,4865,1462507.3,60,,
2026-08-20,NRN,,1393,1366.1,1390,,,27952,38577427.1,233,,
2026-08-20,NTC,,900,875.1,898.5,,,30738,27541664.7,294,,
2026-08-20,NUBL,,596,590,590,,,3064,1810722.7,39,,
2026-08-20,NWCL,,677,643,646.5,,,5613,3668228.5,71,,
2026-08-20,NYADI,,360,355.9,359,,,5237,1872236.2,50,,
2026-08-20,OHL,,654,641.1,652,,,766,494302.8,13,,
2026-08-20,OMPL,,901.9,880,901.9,,,1781,1582095,61,,
2026-08-20,PCBL,,240.9,238.1,240,,,16616,3975276.9,90,,
2026-08-20,PCIL,,630,615,622.9,,,25154,15638431.5,571,,
2026-08-20,PFL,,364,364,364,,,0,0,0,,
2026-08-20,PHCL,,305.5,298.2,303,,,94316,28624632,311,,
2026-08-20,PMHPL,,305,297.8,303.8,,,9764,2935182.1,66,,
2026-08-20,PMLI,,427,420,425,,,2617,1109252.8,78,,
2026-08-20,PPCL,,335,330.6,335,,,7340,2450675.5,37,,
2026-08-20,PPL,,316,299.3,314,,,18393,5719846.5,101,,
2026-08-20,PROFL,,409.9,400.5,409.9,,,3180,1288255.5,38,,
2026-08-20,PRVU,,184.5,180.3,183,,,92882,16924761.1,373,,
2026-08-20,PURE,,820,785,807,,,7110,5658455.9,93,,
2026-08-20,RADHI,,720,698.4,718,,,83477,59022608.5,215,,
2026-08-20,RAWA,,428.4,418,421,,,7135,2992557,59,,
2026-08-20,RFPL,,340,325,337,,,20195,6781530.8,130,,
2026-08-20,RHGCL,,255,250.3,254,,,6713,1694114.4,61,,
2026-08-20,RHPL,,252.8,248.4,248.4,,,27841,6949900.1,98,,
2026-08-20,RIDI,,365,356.1,364.8,,,258955,93755247.9,526,,
2026-08-20,RLEL,,925,867,925,,,29089,25768894.4,272,,
2026-08-20,RLFL,,441,425,436,,,11299,4869678.1,75,,
2026-08-20,RNLI,,428.9,420.4,428.9,,,10189,4314839,202,,
2026-08-20,RSDC,,634.9,621,626.7,,,903,564499,28,,
2026-08-20,RSML,,2830,2610.6,2784,,,110600,300479735.1,987,,
2026-08-20,RURU,,607,595,603,,,8453,5067145.5,39,,
2026-08-20,SAGAR,,1580.1,1540,1568.1,,,4434,6914090.1,83,,
2026-08-20,SAHAS,,711,693.9,709,,,236924,166967817.1,1310,,
2026-08-20,SAIL,,1050,1010,1046,,,24081,24729146.6,301,,
2026-08-20,SANIMA,,371.4,367.9,371,,,67237,24877378.1,216,,
2026-08-20,SANVI,,590,580,588.9,,,5230,3061554.2,92,,
2026-08-20,SAPIL,,693.6,621.2,693.6,,,180,123089,18,,
2026-08-20,SARBTM,,818.8,772,788.6,,,3778,2941198.7,53,,
2026-08-20,SBI,,404.9,393,404.9,,,12579,5041771.6,46,,
2026-08-20,SBL,,412.8,406.2,411.5,,,106139,43594161.4,164,,
2026-08-20,SCB,,654,647,650,,,5957,3867149.5,64,,
2026-08-20,SGHC,,305,296,299.7,,,57288,17155431.3,230,,
2026-08-20,SGHL,,538,528.1,534,,,58434,31086294.1,1518,,
2026-08-20,SHEL,,303,294.6,302,,,52751,15763302.9,206,,
2026-08-20,SHIVM,,633,625,631,,,28823,18148107,205,,
2026-08-20,SHL,,499.3,496,498,,,19847,9882598.4,41,,
2026-08-20,SHLB,,1390,1383,1384,,,69,95508,5,,
2026-08-20,SHPC,,516,489.2,514,,,156670,78845936.3,483,,
2026-08-20,SIFC,,500,491.6,497.9,,,3281,1620906.1,34,,
2026-08-20,SIKLES,,567.3,553,567,,,18583,10425261.5,85,,
2026-08-20,SIPD,,664.4,645.1,663,,,5783,3754552.3,230,,
2026-08-20,SJCL,,266,262.2,264,,,6728,1770311.5,61,,
2026-08-20,SJLIC,,410,404,410,,,13730,5564204.1,133,,
2026-08-20,SKBBL,,755,747.1,750,,,8931,6687330.5,76,,
2026-08-20,SKHEL,,960,932,960,,,971,911113,56,,
2026-08-20,SKHL,,841,767.6,817,,,16944,13607988.1,291,,
2026-08-20,SLBBL,,800,786.5,800,,,1513,1196567.7,26,,
2026-08-20,SLBSL,,933,888,918,,,1684,1511960.4,44,,
2026-08-20,SMATA,,712,700,710,,,3643,2565974.1,80,,
2026-08-20,SMB,,1769.9,1703,1759,,,311,541131.9,15,,
2026-08-20,SMFBS,,1486,1422,1422,,,384,559632.6,15,,
2026-08-20,SMH,,516,501,514,,,15544,7959662.5,137,,
2026-08-20,SMHL,,523.8,498.1,522.9,,,314263,162108163.6,1376,,
2026-08-20,SMJC,,431,428,428.1,,,8558,3676418,84,,
2026-08-20,SMPDA,,749.9,730.6,749.9,,,937,696559.5,26,,
2026-08-20,SNLI,,405,398.2,400.4,,,20441,8184093.3,235,,
2026-08-20,SNORL,,914,891.2,909,,,7387,6643330.8,273,,
2026-08-20,SOHL,,702,674.1,699,,,333263,229894094.4,1440,,
2026-08-20,SONA,,402.9,398,399.1,,,24184,9666040.6,222,,
2026-08-20,SOPL,,785,765.2,776,,,27619,21386183.8,648,,
2026-08-20,SPC,,420,409,416.6,,,4467,1853740,60,,
2026-08-20,SPDL,,365,360.2,365,,,23274,8425449.1,80,,
2026-08-20,SPHL,,545,500,530.9,,,10386,5389412.4,81,,
2026-08-20,SPL,,651.9,625.2,651.9,,,1275,803781.8,29,,
2026-08-20,SRLI,,369,365.1,367.1,,,7112,2609951.5,132,,
2026-08-20,SSHL,,201,198.4,200,,,56891,11360190.3,208,,
2026-08-20,STC,,5200,5100,5200,,,1097,5630532,15,,
2026-08-20,SWASTIK,,1988.8,1905.1,1988.8,,,1146,2221294.7,50,,
2026-08-20,SWBBL,,674,665.6,672.4,,,4896,3283795.1,39,,
2026-08-20,SWMF,,607.9,590.2,607.9,,,2678,1602886.5,36,,
2026-08-20,SYPNL,,1296,1207.5,1270,,,26575,33845566.6,356,,
2026-08-20,TAMOR,,482,460,481.8,,,314336,148392107.5,789,,
2026-08-20,TPC,,363.9,354,359,,,9830,3496295.7,53,,
2026-08-20,TPKHL,,564.9,534.8,556,,,22973,12775561.3,721,,
2026-08-20,TRH,,815,792,815,,,7205,5810710,33,,
2026-08-20,TSHL,,365,358.8,364.7,,,1367,494218,16,,
2026-08-20,TTL,,714,701,710,,,5078,3583455.3,149,,
2026-08-20,TVCL,,468,441.4,465,,,15545,7089906,49,,
2026-08-20,UHEWA,,629.1,601,620,,,143161,89092958.2,445,,
2026-08-20,ULBSL,,2625.9,2430,2548,,,3136,7855458.4,100,,
2026-08-20,ULHC,,349.6,332.1,338.4,,,10224,3442263.4,75,,
2026-08-20,UMHL,,615,580,582,,,98661,57790096.4,219,,
2026-08-20,UMRH,,530,519,530,,,5998,3132614.5,46,,
2026-08-20,UNHPL,,373,365.1,372,,,16180,5999115.7,62,,
2026-08-20,UNL,,46600,46600,46600,,,0,0,0,,
2026-08-20,UNLB,,1274.9,1213,1261.9,,,1454,1792178,27,,
2026-08-20,UPCL,,345,340.1,343,,,33262,11369826.8,111,,
2026-08-20,UPPER,,201,190,191,,,53394,10179588,293,,
2026-08-20,USHEC,,511,495.6,511,,,19508,9859129.5,127,,
2026-08-20,USHL,,539,529.5,535.9,,,3065,1627084.9,34,,
2026-08-20,USLB,,1100,1075,1094,,,1857,2039171,29,,
2026-08-20,VLBS,,663,646.2,650,,,2603,1688071,59,,
2026-08-20,VLUCL,,399,392.2,393.2,,,3010,1184861,31,,
2026-08-20,YMHL,,634,620,625,,,16310,10202501.9,431,,
2026-08-21,ACLBSL,,918,892,911,,,803,725099.6,22,,
2026-08-21,ADBL,,302.4,299,301,,,31051,9330234.1,118,,
2026-08-21,AHL,,404,395,396,,,1848,741989.8,23,,
2026-08-21,AHPC,,264.7,260,260.9,,,81447,21273593.9,249,,
2026-08-21,AKJCL,,357.9,347.9,348.9,,,303459,106777890.9,657,,
2026-08-21,AKPL,,252.3,247,249,,,51718,12896887.6,169,,
2026-08-21,ALBSL,,1110,1067,1079,,,4049,4389340.9,76,,
2026-08-21,ALICL,,420,415.1,415.2,,,8641,3599463.2,83,,
2026-08-21,ANLB,,5292,5000,5140,,,791,4004630.5,40,,
2026-08-21,APHL,,795,728,738,,,8515,6301515.8,187,,
2026-08-21,API,,337,332.3,335,,,127525,42635729.4,440,,
2026-08-21,AVYAN,,1066,1020.2,1040,,,3703,3898545,33,,
2026-08-21,BANDIPUR,,685,671.1,676.9,,,22401,15189111.3,268,,
2026-08-21,BARUN,,324,320,320.1,,,38157,12262108.6,177,,
2026-08-21,BBC,,4170,4022,4100,,,538,2207152.9,22,,
2026-08-21,BEDC,,312,306.1,308,,,16674,5137787.9,90,,
2026-08-21,BFC,,485,470,474,,,16843,8010803.7,108,,
2026-08-21,BGWT,,523,510.1,520.4,,,1919,998584.2,37,,
2026-08-21,BHCL,,564.2,540,541,,,78538,43054335.9,389,,
2026-08-21,BHDC,,443.9,425,425,,,16556,7095743.5,98,,
2026-08-21,BHL,,209.9,207,207,,,53988,11230574.4,206,,
2026-08-21,BHPL,,480,465,478,,,6701,3142944.6,58,,
2026-08-21,BJHL,,734.3,705.4,720,,,22624,16280991.4,229,,
2026-08-21,BNHC,,280,276.5,278.6,,,13953,3880237,84,,
2026-08-21,BNL,,14900,14500,14900,,,20,294000,2,,
2026-08-21,BNT,,11750,11700,11750,,,50,587000,4,,
2026-08-21,BPCL,,668,648,660,,,86126,56666385.9,256,,
2026-08-21,BUNGAL,,600,578,584,,,16715,9758385.2,203,,
2026-08-21,CBBL,,942,938,939.5,,,12260,11520854.9,149,,
2026-08-21,CFCL,,603.9,593.2,599,,,48090,28719915.3,238,,
2026-08-21,CGH,,781,771.5,772.3,,,16231,12635872,62,,
2026-08-21,CHCL,,494,480,484.4,,,23326,11373483.6,137,,
2026-08-21,CHDC,,2242,2192,2240,,,10637,23621860.3,157,,
2026-08-21,CHL,,272,265,266,,,16060,4280248.5,54,,
2026-08-21,CIT,,1700,1690,1695,,,4864,8231632.3,103,,
2026-08-21,CITY,,360,354.1,359,,,62667,22353440.1,280,,
2026-08-21,CKHL,,595.3,576,595.3,,,1815,1054277,21,,
2026-08-21,CLI,,462,429.4,430,,,16441,7119889.1,224,,
2026-08-21,CREST,,1177,1115,1140,,,4635,5224963,92,,
2026-08-21,CYCL,,1544.9,1382.3,1466,,,17878,26183416.4,163,,
2026-08-21,CZBIL,,203,198,201.6,,,40338,8090969.8,133,,
2026-08-21,DDBL,,847,836,839.5,,,8277,6949243.4,43,,
2026-08-21,DHEL,,595,575,579,,,15456,8961088,187,,
2026-08-21,DHPL,,281.2,271.3,280,,,7883,2196592.6,40,,
2026-08-21,DLBS,,1088,1023.6,1027,,,2990,3103536.4,62,,
2026-08-21,DOLTI,,311.9,306.1,306.1,,,19104,5882419.1,74,,
2026-08-21,DORDI,,255,246.7,246.7,,,20788,5185595.9,107,,
2026-08-21,EBL,,737.8,734.8,737,,,22824,16805838.2,218,,
2026-08-21,ECL,,1455,1400.1,1400.1,,,12129,17263450.3,375,,
2026-08-21,EHPL,,349.6,311.1,321.2,,,12112,3921224.1,110,,
2026-08-21,ENL,,840,814.6,820,,,345,284134,10,,
2026-08-21,FMDBL,,780,751,758,,,17445,13206020.1,93,,
2026-08-21,FOWAD,,920,906,918,,,2916,2657811.9,68,,
2026-08-21,GBIME,,249,245,246.2,,,162508,40067832,269,,
2026-08-21,GBLBS,,686.6,670,671,,,7437,5065210,100,,
2026-08-21,GCIL,,346,340.3,340.5,,,6378,2178783.3,99,,
2026-08-21,GFCL,,595,590,590,,,4575,2707817.6,40,,
2026-08-21,GHL,,237.9,231,231,,,123745,28927348.9,309,,
2026-08-21,GILB,,1130.9,1085.1,1090,,,5923,6499602.4,33,,
2026-08-21,GLBSL,,1730,1710,1730,,,283,486258.8,14,,
2026-08-21,GLH,,258.8,252,252.3,,,38536,9812070.1,152,,
2026-08-21,GMFBS,,1180,1127,1159,,,476,542117,20,,
2026-08-21,GMFIL,,448,440.8,440.8,,,3422,1518863.7,37,,
2026-08-21,GMLI,,1086,974,1025,,,2102,2138143.3,62,,
2026-08-21,GUFL,,540,518,520,,,36430,19210770,175,,
2026-08-21,GVL,,492,482,483,,,23230,11319353.5,112,,
2026-08-21,HATHY,,610,577,610,,,18238,10743599.9,238,,
2026-08-21,HBL,,192,188.5,191.4,,,59408,11299698.5,529,,
2026-08-21,HDHPC,,210,206.1,207.8,,,66065,13705746.3,217,,
2026-08-21,HDL,,1182,1172.5,1172.5,,,10688,12569950.8,241,,
2026-08-21,HFIN,,687,640.3,662,,,34171,22523848.7,468,,
2026-08-21,HHL,,338,325,334.8,,,23293,7659990.3,92,,
2026-08-21,HIDCL,,254.8,248.2,249,,,50980,12748799.6,189,,
2026-08-21,HIMSTAR,,699.9,670,670,,,3560,2424880.8,65,,
2026-08-21,HLBSL,,870,856,870,,,634,544949,15,,
2026-08-21,HLI,,321,313.8,314,,,27356,8606515.7,185,,
2026-08-21,HPPL,,384.9,370,380,,,115323,43765211.5,331,,
2026-08-21,HRL,,574.9,565,565,,,33333,18926962.4,425,,
2026-08-21,HURJA,,241.9,234.1,234.1,,,29860,7070587,111,,
2026-08-21,ICFC,,605,591,596,,,6122,3634567.4,52,,
2026-08-21,IHL,,329.8,321,325,,,3066,993417.4,46,,
2026-08-21,ILBS,,860,840,858.8,,,691,586887.2,9,,
2026-08-21,ILI,,415,409.3,413.3,,,4845,2002289,167,,
2026-08-21,JBLB,,1270,1252,1256.1,,,4817,6063041.5,107,,
2026-08-21,JFL,,380,378,380,,,3187,1206889,35,,
2026-08-21,JHAPA,,1039.9,1020,1035,,,4387,4513795,72,,
2026-08-21,JOSHI,,270,260,263,,,27734,7284143.8,128,,
2026-08-21,JSLBB,,967,940,967,,,294,278083,9,,
2026-08-21,KAHL,,545,522,527,,,49833,26454714.3,1172,,
2026-08-21,KBL,,217,214.3,215.4,,,112416,24202607.3,340,,
2026-08-21,KBSH,,966,900,911,,,10287,9439216.1,104,,
2026-08-21,KDL,,768,756,763.3,,,1365,1039218,24,,
2026-08-21,KHPL,,795,772,773,,,5444,4229141.3,113,,
2026-08-21,KKHC,,285.9,265.2,269.9,,,179537,49383659,659,,
2026-08-21,KMCDB,,784,766.1,774,,,2114,1651382.9,33,,
2026-08-21,KPCL,,476.9,463,464,,,5955,2785772.9,54,,
2026-08-21,LEC,,223,217.3,217.3,,,197561,43356890.4,374,,
2026-08-21,LICN,,770,762,770,,,9536,7289647.9,67,,
2026-08-21,LLBS,,877,857,877,,,174,150199.4,9,,
2026-08-21,LSL,,221.5,218.2,220,,,50702,11167829.3,102,,
2026-08-21,MABEL,,637.8,591.3,594,,,3631,2180565.2,87,,
2026-08-21,MAKAR,,419.7,414,416.5,,,12516,5211716.3,114,,
2026-08-21,MANDU,,765.1,755.5,763.9,,,4328,3281114.8,75,,
2026-08-21,MATRI,,810,788,788,,,524,415235.1,14,,
2026-08-21,MBJC,,272,262,267.4,,,58254,15682634.4,270,,
2026-08-21,MBL,,252.9,248.4,250,,,29083,7270561.4,73,,
2026-08-21,MCHL,,288,275,279,,,2449,685108.8,40,,
2026-08-21,MEHL,,259,230.2,244,,,167370,40968570.9,612,,
2026-08-21,MEL,,205,202.6,204,,,7910,1613729.8,100,,
2026-08-21,MEN,,647,626.3,626.3,,,179665,114645013.1,709,,
2026-08-21,MEPDL,,855,752,774,,,130560,102270420,12880,,
2026-08-21,MERO,,642,636,636,,,5609,3581490.7,65,,
2026-08-21,MFIL,,755,740,746.9,,,19708,14704547.9,134,,
2026-08-21,MHCL,,302,298,298.3,,,2295,687373,45,,
2026-08-21,MHL,,468,458,459,,,5507,2537644.3,56,,
2026-08-21,MHNL,,249.7,239,244,,,19873,4835035.5,72,,
2026-08-21,MKCL,,960,905,920,,,6399,5985599,111,,
2026-08-21,MKHC,,262,256,259,,,29006,7488659.3,121,,
2026-08-21,MKHL,,507.8,485,500,,,3695,1834086,54,,
2026-08-21,MKJC,,435,424,424.1,,,5526,2360401.6,34,,
2026-08-21,MLBBL,,1014.7,995,997,,,2761,2763282.8,59,,
2026-08-21,MLBS,,1081.5,1046,1070,,,60,64114,6,,
2026-08-21,MLBSL,,1215,1184.2,1184.2,,,1255,1504741.5,55,,
2026-08-21,MMKJL,,440,436.3,436.3,,,1110,487207,25,,
2026-08-21,MPFL,,621.9,606.5,610.8,,,2293,1397796,23,,
2026-08-21,MSHL,,604,575,575,,,730,425940,17,,
2026-08-21,MSLB,,1235,1214.2,1234,,,176,215388,10,,
2026-08-21,NABIL,,552,544.2,545,,,38251,20904592.3,416,,
2026-08-21,NADEP,,715,695.5,710.9,,,1762,1234032.5,26,,
2026-08-21,NBL,,278.8,275,276.8,,,138444,38234930,314,,
2026-08-21,NESDO,,1395,1385,1395,,,382,531421,12,,
2026-08-21,NFS,,561,550.1,550.1,,,6985,3876113.2,78,,
2026-08-21,NGPL,,412,407,407,,,114342,46755617.8,279,,
2026-08-21,NHDL,,635,630,635,,,3951,2497004,13,,
2026-08-21,NHPC,,273.9,265,265.8,,,200387,53808051.8,431,,
2026-08-21,NICA,,315.1,312.9,314,,,53856,16890721.4,230,,
2026-08-21,NICLBSL,,545,535,542.9,,,7211,3894979,102,,
2026-08-21,NIFRA,,249.3,232,242.2,,,38326,9331895.7,308,,
2026-08-21,NIMB,,188,186,187.5,,,68777,12858093.1,280,,
2026-08-21,NLIC,,718,710.1,717,,,22723,16261806.9,227,,
2026-08-21,NLICL,,570,560.09,562,,,14932,8423276.28,49,,
2026-08-21,NLO,,277.4,277.4,277.4,,,0,0,0,,
2026-08-21,NMB,,241,238.9,240.8,,,52872,12690867.8,135,,
2026-08-21,NMBMF,,600,589,600,,,710,423980,8,,
2026-08-21,NMFBS,,1129,1117,1117,,,5971,6688365.7,59,,
2026-08-21,NMLBBL,,500,491,494.5,,,4327,2148038,57,,
2026-08-21,NRIC,,912,897,902,,,17663,15921650.2,165,,
2026-08-21,NRM,,303,295,295.1,,,14926,4438512.4,133,,
2026-08-21,NRN,,1393.9,1355.1,1375,,,65821,90172031.9,319,,
2026-08-21,NTC,,900,880,885,,,8567,7598925.7,135,,
2026-08-21,NUBL,,590,585,587,,,5635,3303672.8,60,,
2026-08-21,NWCL,,664,641.2,644,,,3662,2358053.7,61,,
2026-08-21,NYADI,,366,356,356,,,3564,1279110.7,47,,
2026-08-21,OHL,,650,640.1,643.9,,,485,311069.1,15,,
2026-08-21,OMPL,,902,889,898,,,1669,1489706.3,53,,
2026-08-21,PCBL,,241,238,241,,,42617,10209942.7,138,,
2026-08-21,PCIL,,629.9,609.3,615,,,24622,15175692.9,641,,
2026-08-21,PFL,,364,364,364,,,0,0,0,,
2026-08-21,PHCL,,312,303,306.9,,,117073,36052829,457,,
2026-08-21,PMHPL,,345.9,295,345.9,,,14186,4451814.4,75,,
2026-08-21,PMLI,,425,421,422.7,,,2594,1097598.4,66,,
2026-08-21,PPCL,,344,328,329.1,,,9805,3235783,51,,
2026-08-21,PPL,,318.9,298.3,313,,,17528,5446986,124,,
2026-08-21,PROFL,,406,399,403,,,3474,1400215.7,37,,
2026-08-21,PRVU,,187.7,180.5,183,,,118235,21575790.2,347,,
2026-08-21,PURE,,805,783.4,797,,,14570,11644523.4,82,,
2026-08-21,RADHI,,723,705,715.4,,,29312,20961278.8,251,,
2026-08-21,RAWA,,426.9,418.2,418.4,,,11573,4870685,79,,
2026-08-21,RFPL,,345,331,337,,,31953,10845841.1,165,,
2026-08-21,RHGCL,,268,249,268,,,17134,4350920.5,117,,
2026-08-21,RHPL,,252,246.2,248.9,,,20492,5095287.6,134,,
2026-08-21,RIDI,,371.9,358,359.9,,,513142,186768012.2,796,,
2026-08-21,RLEL,,940,901,925.9,,,16181,14827300.7,344,,
2026-08-21,RLFL,,444.9,434.2,435,,,15773,6933728.5,89,,
2026-08-21,RNLI,,430,425,426.8,,,8950,3823344.9,157,,
2026-08-21,RSDC,,634.8,621,627,,,2516,1574775.9,28,,
2026-08-21,RSML,,2849,2768,2775,,,94674,263730636.8,705,,
2026-08-21,RURU,,604,600,600,,,4784,2879475.9,39,,
2026-08-21,SAGAR,,1589,1550,1557,,,3512,5467809,73,,
2026-08-21,SAHAS,,714.7,690.5,695,,,162254,113915780.7,924,,
2026-08-21,SAIL,,1055.7,1020.1,1025,,,10691,11040543,190,,
2026-08-21,SANIMA,,372.8,370,370.6,,,31631,11736503.2,136,,
2026-08-21,SANVI,,589,572,573,,,14119,8175977.9,189,,
2026-08-21,SAPIL,,797.6,714.4,797.6,,,400,317021,40,,
2026-08-21,SARBTM,,798,775.1,779,,,5070,3960892.2,57,,
2026-08-21,SBI,,404,396.4,402.9,,,25805,10291306.3,44,,
2026-08-21,SBL,,415,411.1,414,,,115661,47773206.2,193,,
2026-08-21,SCB,,655,648,650,,,2936,1911725.5,49,,
2026-08-21,SGHC,,308,302,303,,,29756,9049547.3,183,,
2026-08-21,SGHL,,541.9,521.3,522,,,70674,37545370.6,1880,,
2026-08-21,SHEL,,305,299,300,,,61465,18595383.1,216,,
2026-08-21,SHIVM,,639,630,633,,,50478,32013202.7,273,,
2026-08-21,SHL,,511,500,500.2,,,19907,10037288.7,55,,
2026-08-21,SHLB,,1397,1370.1,1397,,,139,191312.9,6,,
2026-08-21,SHPC,,537.9,509.8,527.2,,,348089,184144159.5,945,,
2026-08-21,SIFC,,505,494,497,,,3449,1722108.8,27,,
2026-08-21,SIKLES,,573,564.1,568,,,17792,10102040.7,90,,
2026-08-21,SIPD,,663,647,648,,,6048,3938310.4,196,,
2026-08-21,SJCL,,266,263,265.5,,,2271,601142.6,47,,
2026-08-21,SJLIC,,410,401.6,407,,,13659,5557600.7,86,,
2026-08-21,SKBBL,,754.9,750,751.5,,,11764,8844318.4,79,,
2026-08-21,SKHEL,,957,893,910,,,5616,5197259.8,95,,
2026-08-21,SKHL,,877.8,790,811.7,,,20938,17065166.5,251,,
2026-08-21,SLBBL,,799.9,790.4,798,,,3073,2436995.1,46,,
2026-08-21,SLBSL,,917.8,891,914,,,571,515761.2,16,,
2026-08-21,SMATA,,712,702.1,705,,,1898,1342532.2,45,,
2026-08-21,SMB,,1788,1750.1,1760,,,502,880659.1,11,,
2026-08-21,SMFBS,,1426,1402,1408,,,1157,1641764.3,18,,
2026-08-21,SMH,,514,508,510.2,,,5099,2602072.8,63,,
2026-08-21,SMHL,,531,515.5,517,,,167377,87836648.1,781,,
2026-08-21,SMJC,,444.9,428.1,437,,,15290,6629980,138,,
2026-08-21,SMPDA,,750,736.1,747.9,,,1756,1304238,35,,
2026-08-21,SNLI,,403,400,401,,,7044,2824964.7,177,,
2026-08-21,SNORL,,904.9,885.5,886,,,12290,11004208,247,,
2026-08-21,SOHL,,707,680,686,,,352814,245369420.7,1645,,
2026-08-21,SONA,,404,398,398,,,21349,8561486.2,248,,
2026-08-21,SOPL,,800,765.1,769.4,,,29006,22574154.2,661,,
2026-08-21,SPC,,416,404.4,414,,,5713,2343731.7,49,,
2026-08-21,SPDL,,367,359.5,361,,,38965,14109407.1,93,,
2026-08-21,SPHL,,529,515,527.9,,,3907,2037973.9,38,,
2026-08-21,SPL,,667.9,635.2,648.8,,,359,231688,11,,
2026-08-21,SRLI,,369.8,366,368.5,,,9011,3312368.2,111,,
2026-08-21,SSHL,,203,198,198,,,77267,15376483.1,262,,
2026-08-21,STC,,5190.6,5165,5184,,,1348,6968186,23,,
2026-08-21,SWASTIK,,1988,1951.4,1951.4,,,220,431496,19,,
2026-08-21,SWBBL,,677,667,672.9,,,8320,5569887.1,43,,
2026-08-21,SWMF,,609.7,592,604,,,2643,1570908.2,39,,
2026-08-21,SYPNL,,1299,1206.5,1260,,,20283,25736648.1,392,,
2026-08-21,TAMOR,,488.8,476,484.7,,,270640,130533921.7,721,,
2026-08-21,TPC,,365,355.2,356.3,,,9350,3354144.5,59,,
2026-08-21,TPKHL,,572.5,529.2,545,,,35665,19520358.7,804,,
2026-08-21,TRH,,835,805,812.1,,,6074,4985319,40,,
2026-08-21,TSHL,,369,357.1,357.1,,,3495,1256345.5,44,,
2026-08-21,TTL,,713.9,705,705,,,5896,4165720.3,171,,
2026-08-21,TVCL,,469.6,451.1,454.1,,,7766,3545439.1,53,,
2026-08-21,UHEWA,,650,601,607.3,,,85655,53045702.1,396,,
2026-08-21,ULBSL,,2575,2500,2525,,,1170,2938831.7,39,,
2026-08-21,ULHC,,342,330,330.1,,,19338,6454651,90,,
2026-08-21,UMHL,,592,560,579.9,,,65205,37841880.3,217,,
2026-08-21,UMRH,,527,523,527,,,1618,849401.7,15,,
2026-08-21,UNHPL,,375.5,365.5,367,,,16265,6004907,85,,
2026-08-21,UNL,,46600,46600,46600,,,0,0,0,,
2026-08-21,UNLB,,1259.9,1226,1259.9,,,20,24859,2,,
2026-08-21,UPCL,,347,341,341.1,,,35483,12196907,111,,
2026-08-21,UPPER,,192,190.1,190.2,,,90573,17266334.6,305,,
2026-08-21,USHEC,,514,501.4,505,,,43787,22252905.6,132,,
2026-08-21,USHL,,539,509.2,538.9,,,829,438007.8,42,,
2026-08-21,USLB,,1088.9,1065,1085,,,162,174209,14,,
2026-08-21,VLBS,,650.2,640.1,649.7,,,3485,2250039.9,81,,
2026-08-21,VLUCL,,409.9,392.1,397,,,5139,2030822.4,68,,
2026-08-21,YMHL,,625.1,610,614.5,,,22153,13689411.2,546,,
2026-08-24,ACLBSL,,911,895,909,,,500,448138.8,14,,
2026-08-24,ADBL,,302,298.2,299.5,,,22197,6649424.1,141,,
2026-08-24,AHL,,397.9,387,397.9,,,3338,1301002,46,,
2026-08-24,AHPC,,261.9,259,259.7,,,43548,11323554.4,181,,
2026-08-24,AKJCL,,352.9,345,346,,,156596,54541387,393,,
2026-08-24,AKPL,,249,245.3,247,,,42314,10453606.5,166,,
2026-08-24,ALBSL,,1103,1030,1100,,,2261,2448136.9,57,,
2026-08-24,ALICL,,415.2,411.1,413,,,6826,2815583.5,82,,
2026-08-24,ANLB,,5119,5000,5119,,,727,3662433,40,,
2026-08-24,APHL,,745,701,704.6,,,10595,7558068.5,242,,
2026-08-24,API,,335,329.1,331,,,137437,45477551.4,421,,
2026-08-24,AVYAN,,1031,1001,1031,,,5960,6061353,73,,
2026-08-24,BANDIPUR,,676,665.3,665.9,,,11753,7860563.4,248,,
2026-08-24,BARUN,,321,315,316.2,,,31105,9892095,95,,
2026-08-24,BBC,,4155,4025,4076,,,295,1205831,29,,
2026-08-24,BEDC,,312,299,302,,,22965,6941729.8,112,,
2026-08-24,BFC,,481,460,463.5,,,15215,7070726,89,,
2026-08-24,BGWT,,520,500,512,,,2059,1045432.1,30,,
2026-08-24,BHCL,,548,539.9,542.2,,,50571,27457952.5,363,,
2026-08-24,BHDC,,429,421.5,427.8,,,6778,2866424.1,63,,
2026-08-24,BHL,,207,203.4,205,,,142617,29186183.9,435,,
2026-08-24,BHPL,,501,461.1,470,,,4298,2006304.3,41,,
2026-08-24,BJHL,,735,707,720,,,14892,10766366,196,,
2026-08-24,BNHC,,283,272,276.7,,,11719,3230809.8,83,,
2026-08-24,BNL,,14900,14900,14900,,,0,0,0,,
2026-08-24,BNT,,11900,11890,11900,,,20,237900,2,,
2026-08-24,BPCL,,666.9,648,659.8,,,31735,20841841.9,105,,
2026-08-24,BUNGAL,,586,570,572,,,18772,10802261.8,211,,
2026-08-24,CBBL,,940,935.1,935.1,,,6757,6337248.3,122,,
2026-08-24,CFCL,,604.4,592,599.6,,,42409,25415938.3,183,,
2026-08-24,CGH,,780,769.1,775,,,12090,9345341.3,79,,
2026-08-24,CHCL,,496.2,478,478,,,18735,8996263.5,160,,
2026-08-24,CHDC,,2238,2200,2218,,,12370,27439183.5,152,,
2026-08-24,CHL,,266,263,266,,,16692,4410758.7,61,,
2026-08-24,CIT,,1694,1680,1681,,,8070,13590614.5,145,,
2026-08-24,CITY,,360,350,354,,,78994,28011663.3,298,,
2026-08-24,CKHL,,590.5,578,590.5,,,618,358386,23,,
2026-08-24,CLI,,432,426,426.5,,,5124,2190104.6,159,,
2026-08-24,CREST,,1148,1090,1090,,,5646,6216631.9,119,,
2026-08-24,CYCL,,1600,1392.7,1600,,,28021,42853288.2,352,,
2026-08-24,CZBIL,,200,196.3,197,,,48924,9664764,171,,
2026-08-24,DDBL,,843,832,832,,,1465,1227403.9,37,,
2026-08-24,DHEL,,578,565,570,,,13411,7654697.3,207,,
2026-08-24,DHPL,,281,272,272,,,3346,919239,27,,
2026-08-24,DLBS,,1180,996.2,1150,,,3008,3068422,60,,
2026-08-24,DOLTI,,310,300.5,304.9,,,18552,5624991.6,121,,
2026-08-24,DORDI,,247.5,244.8,247.2,,,11437,2821547.5,87,,
2026-08-24,EBL,,738,726,726.1,,,42165,30840253.3,469,,
2026-08-24,ECL,,1410,1330,1330,,,23235,31600884,668,,
2026-08-24,EHPL,,330,320.1,323,,,7659,2471439.4,80,,
2026-08-24,ENL,,830,775,817.9,,,915,721357,20,,
2026-08-24,FMDBL,,774.9,740.1,750,,,13813,10370164.9,104,,
2026-08-24,FOWAD,,915,900.1,905,,,2572,2329076.9,43,,
2026-08-24,GBIME,,249,244.5,244.5,,,61628,15124058.8,316,,
2026-08-24,GBLBS,,690,662.5,679.5,,,3985,2657434.7,63,,
2026-08-24,GCIL,,341,336,341,,,13377,4537160,108,,
2026-08-24,GFCL,,590,573.2,579.9,,,12610,7299342,106,,
2026-08-24,GHL,,233,227.4,228,,,135966,31149790.9,285,,
2026-08-24,GILB,,1090,1080.1,1085.8,,,1040,1129451.2,23,,
2026-08-24,GLBSL,,1720,1685,1720,,,163,275824.2,10,,
2026-08-24,GLH,,255,250,251,,,32377,8147947.8,155,,
2026-08-24,GMFBS,,1165,1125.1,1164.9,,,159,183451.9,9,,
2026-08-24,GMFIL,,447,428.2,435,,,13698,5952613,96,,
2026-08-24,GMLI,,1015,996,1000,,,802,806146.6,43,,
2026-08-24,GUFL,,525,510.1,515,,,18771,9706408.2,112,,
2026-08-24,GVL,,488,478,478,,,9417,4529279.2,89,,
2026-08-24,HATHY,,630.3,590.1,630.3,,,15298,9207729.1,168,,
2026-08-24,HBL,,192,188.5,189.8,,,36563,6924478,554,,
2026-08-24,HDHPC,,208.5,205,205.5,,,85141,17511846.4,284,,
2026-08-24,HDL,,1181,1169,1170.9,,,21859,25623991.5,309,,
2026-08-24,HFIN,,669,645.1,646,,,15132,9896115.7,378,,
2026-08-24,HHL,,333.9,326.3,332,,,53783,17755262.8,103,,
2026-08-24,HIDCL,,249.5,246.1,248,,,76586,18941530.9,299,,
2026-08-24,HIMSTAR,,675,652.1,655,,,6689,4444729.6,67,,
2026-08-24,HLBSL,,888.8,850,875.5,,,565,483279.1,7,,
2026-08-24,HLI,,315,310,311,,,55510,17285432.9,292,,
2026-08-24,HPPL,,380,373.7,379.9,,,63912,24062558.8,156,,
2026-08-24,HRL,,565,560,561,,,41925,23537228.6,581,,
2026-08-24,HURJA,,238,233,233.5,,,41095,9632998.1,120,,
2026-08-24,ICFC,,597,590.5,591,,,4101,2430267.2,43,,
2026-08-24,IHL,,325,311,315,,,11408,3628374,76,,
2026-08-24,ILBS,,860,840,859,,,1591,1339483.6,18,,
2026-08-24,ILI,,414,410.2,411,,,6424,2640649.9,186,,
2026-08-24,JBLB,,1255,1240,1249,,,4043,5042722,106,,
2026-08-24,JFL,,379,374,378,,,3363,1264268.9,33,,
2026-08-24,JHAPA,,1035,1022,1029.7,,,2361,2420702.4,45,,
2026-08-24,JOSHI,,267.8,259,259,,,18100,4733598.9,118,,
2026-08-24,JSLBB,,945,911.2,945,,,704,654674,19,,
2026-08-24,KAHL,,553.3,506,506,,,48136,24746993.6,1306,,
2026-08-24,KBL,,217,212,213.9,,,123980,26481854,349,,
2026-08-24,KBSH,,937,886,888.1,,,10659,9550666.5,181,,
2026-08-24,KDL,,760,746,754,,,1700,1276730,46,,
2026-08-24,KHPL,,779.9,730,737,,,11826,8896606.9,229,,
2026-08-24,KKHC,,282,265.1,278.9,,,168038,45743859.1,490,,
2026-08-24,KMCDB,,783.3,766.6,770,,,1976,1529261.4,15,,
2026-08-24,KPCL,,469.9,460,463,,,4456,2058148.5,46,,
2026-08-24,LEC,,220,213,213.9,,,167696,36051554,415,,
2026-08-24,LICN,,780,751.3,764,,,14247,10857525.5,111,,
2026-08-24,LLBS,,879.9,850,879.9,,,613,527707.8,21,,
2026-08-24,LSL,,220,215.3,218,,,59957,13009345.1,148,,
2026-08-24,MABEL,,599,585,599,,,4920,2896725.6,111,,
2026-08-24,MAKAR,,432.2,395.7,418.9,,,23561,9669327,108,,
2026-08-24,MANDU,,760,726,738,,,828,609300,34,,
2026-08-24,MATRI,,790,780,780,,,752,590157.1,14,,
2026-08-24,MBJC,,271.8,265.9,269.1,,,25690,6914861.2,245,,
2026-08-24,MBL,,251.8,246.3,249.9,,,28944,7213795.4,84,,
2026-08-24,MCHL,,286,272.1,274,,,2461,677666.7,44,,
2026-08-24,MEHL,,251,240,245,,,58223,14086885.9,265,,
2026-08-24,MEL,,210,200.7,202.8,,,12740,2572753.6,130,,
2026-08-24,MEN,,634,619.1,619.1,,,85608,53380039.2,400,,
2026-08-24,MEPDL,,774,704.1,713.9,,,76385,55903196.6,7425,,
2026-08-24,MERO,,641,627,630,,,4901,3109721,32,,
2026-08-24,MFIL,,745,737.1,740,,,27115,20056155.7,110,,
2026-08-24,MHCL,,300,295.3,296.5,,,3030,900699.1,50,,
2026-08-24,MHL,,462.8,455.1,462.8,,,2440,1118088.8,33,,
2026-08-24,MHNL,,244,239.1,241.8,,,13016,3150026.1,48,,
2026-08-24,MKCL,,929,890.1,895,,,4758,4263332.3,98,,
2026-08-24,MKHC,,258,250.2,254.9,,,22706,5744669.2,125,,
2026-08-24,MKHL,,496,490,496,,,420,207392,21,,
2026-08-24,MKJC,,432.9,409,413,,,20060,8284440.6,97,,
2026-08-24,MLBBL,,990,922.5,949.9,,,10940,10300948,121,,
2026-08-24,MLBS,,1071,1016.5,1071,,,361,374725.5,18,,
2026-08-24,MLBSL,,1198,1160.1,1180,,,1656,1952536.4,49,,
2026-08-24,MMKJL,,444.9,430,430,,,1545,666797.1,37,,
2026-08-24,MPFL,,615,603,608,,,6060,3686382,33,,
2026-08-24,MSHL,,571,566,570,,,640,363271,22,,
2026-08-24,MSLB,,1215.1,1211,1215,,,265,321444.2,11,,
2026-08-24,NABIL,,546,540,541.5,,,34780,18880824.9,412,,
2026-08-24,NADEP,,705,685,700,,,1118,774668.8,25,,
2026-08-24,NBL,,277,274.4,275,,,81835,22584037.7,283,,
2026-08-24,NESDO,,1390,1351.2,1355,,,879,1202594.6,31,,
2026-08-24,NFS,,560,542,544,,,11370,6223711.7,106,,
2026-08-24,NGPL,,411,402.9,403.2,,,105732,42777650.4,261,,
2026-08-24,NHDL,,630,621.4,624.4,,,3900,2439855.5,18,,
2026-08-24,NHPC,,265.9,260,261.6,,,108683,28438180.2,374,,
2026-08-24,NICA,,315,310.1,311,,,50912,15881671.5,261,,
2026-08-24,NICLBSL,,542.9,534,539,,,3384,1818556.3,63,,
2026-08-24,NIFRA,,245,240,241,,,58152,14011073.6,406,,
2026-08-24,NIMB,,188,185.1,186,,,117401,21850894,370,,
2026-08-24,NLIC,,717,711,713.8,,,8919,6359782.3,178,,
2026-08-24,NLICL,,562.8,560,562.8,,,4354,2444248.2,41,,
2026-08-24,NLO,,277.4,277.4,277.4,,,0,0,0,,
2026-08-24,NMB,,241,238.8,240,,,38854,9312044.8,138,,
2026-08-24,NMBMF,,597.8,582.1,597.8,,,2277,1339566.3,25,,
2026-08-24,NMFBS,,1117,1102.6,1116,,,3471,3851260.1,57,,
2026-08-24,NMLBBL,,494.5,488,492,,,10681,5229801.2,92,,
2026-08-24,NRIC,,902,890,893.8,,,28572,25495192.2,227,,
2026-08-24,NRM,,303,295.2,296,,,5160,1536791.6,92,,
2026-08-24,NRN,,1370.4,1363.1,1363.5,,,27743,37922455,214,,
2026-08-24,NTC,,890,880,880,,,4545,4008835.7,123,,
2026-08-24,NUBL,,592,586,586,,,4450,2614128.7,46,,
2026-08-24,NWCL,,646,630,646,,,750,478561.7,28,,
2026-08-24,NYADI,,358,352.5,358,,,2459,873847,54,,
2026-08-24,OHL,,640.5,624.6,630.3,,,2297,1448372.8,42,,
2026-08-24,OMPL,,900,871.1,893,,,2929,2578976.1,89,,
2026-08-24,PCBL,,242,237,239.7,,,50938,12172694.1,114,,
2026-08-24,PCIL,,623,600,607.9,,,23117,13972284.2,653,,
2026-08-24,PFL,,364,364,364,,,0,0,0,,
2026-08-24,PHCL,,308,300,302,,,64179,19427384.9,297,,
2026-08-24,PMHPL,,345.9,300,311.9,,,13487,4147402.1,95,,
2026-08-24,PMLI,,421,415,415,,,6294,2635061.1,121,,
2026-08-24,PPCL,,354,327.5,331,,,93288,32134313.9,101,,
2026-08-24,PPL,,314,305,309.9,,,14298,4400715.6,116,,
2026-08-24,PROFL,,403.1,392,395,,,6832,2721865.2,40,,
2026-08-24,PRVU,,183,180.6,181.1,,,86305,15621431.1,331,,
2026-08-24,PURE,,797,743,769.3,,,8386,6378306,129,,
2026-08-24,RADHI,,748.9,700.1,703.9,,,49818,35057562.2,181,,
2026-08-24,RAWA,,418,406.1,414,,,12059,4975778.6,87,,
2026-08-24,RFPL,,335,331.1,333.5,,,13461,4474604,99,,
2026-08-24,RHGCL,,265,252.1,254.9,,,13324,3403668.8,96,,
2026-08-24,RHPL,,248,243,243,,,38476,9422524.1,151,,
2026-08-24,RIDI,,361.9,356.5,357,,,262744,94037412.6,522,,
2026-08-24,RLEL,,993,880,910,,,29515,26575935.3,324,,
2026-08-24,RLFL,,442,432.5,433,,,34855,15180105.3,85,,
2026-08-24,RNLI,,435,422.5,423,,,9249,3928115.3,220,,
2026-08-24,RSDC,,625,619,619.1,,,2462,1530844,34,,
2026-08-24,RSML,,2800,2721,2728,,,46283,127282070.9,417,,
2026-08-24,RURU,,600,590,595,,,4361,2601038.5,41,,
2026-08-24,SAGAR,,1585,1537.3,1540,,,2203,3395778,73,,
2026-08-24,SAHAS,,693,681,684,,,154981,106521810.3,799,,
2026-08-24,SAIL,,1025,1000,1015,,,22819,22955315.4,268,,
2026-08-24,SANIMA,,372,368,370,,,80447,29771067.9,248,,
2026-08-24,SANVI,,592.2,565.2,576.8,,,4928,2824974.7,126,,
2026-08-24,SAPIL,,917.2,837,917.2,,,960,877235,96,,
2026-08-24,SARBTM,,806,775,775,,,8866,6915596.3,108,,
2026-08-24,SBI,,405,392.1,405,,,11934,4769353.4,57,,
2026-08-24,SBL,,414,409.7,412.8,,,76890,31576141.5,161,,
2026-08-24,SCB,,655,648.1,648.5,,,3942,2562401.2,66,,
2026-08-24,SGHC,,306.8,303,304.4,,,30763,9360158.9,178,,
2026-08-24,SGHL,,525,506.9,511,,,88635,45631273.3,2019,,
2026-08-24,SHEL,,304.8,295,297.5,,,88785,26418703.2,204,,
2026-08-24,SHIVM,,630.1,626.2,626.7,,,44336,27827973.4,253,,
2026-08-24,SHL,,515.2,495,509.9,,,52670,26818707.7,213,,
2026-08-24,SHLB,,1380,1366,1370,,,80,109660,4,,
2026-08-24,SHPC,,529.9,514.2,514.2,,,101396,52554171.8,290,,
2026-08-24,SIFC,,501.9,490,497.8,,,6325,3123896.5,42,,
2026-08-24,SIKLES,,568,560,566,,,7336,4142632.6,69,,
2026-08-24,SIPD,,650,620,621,,,11173,7053838.1,317,,
2026-08-24,SJCL,,266,262.1,263.8,,,9809,2579503.7,57,,
2026-08-24,SJLIC,,407,404,405,,,7592,3075745.3,113,,
2026-08-24,SKBBL,,750.1,745.1,746,,,6549,4894438.1,76,,
2026-08-24,SKHEL,,936.2,864.5,900.1,,,3411,3121828.8,85,,
2026-08-24,SKHL,,811.7,792,792.1,,,7395,5916564.9,191,,
2026-08-24,SLBBL,,803,786.1,790.1,,,7956,6310074.2,75,,
2026-08-24,SLBSL,,912.9,890,900,,,812,731321,19,,
2026-08-24,SMATA,,710,700,700.1,,,3605,2531407.8,66,,
2026-08-24,SMB,,1770,1733,1758,,,612,1068088,20,,
2026-08-24,SMFBS,,1408,1378.2,1378.2,,,983,1372698.8,18,,
2026-08-24,SMH,,512.9,505.1,508,,,2904,1474865.5,60,,
2026-08-24,SMHL,,525,500,513,,,52583,27076609.3,301,,
2026-08-24,SMJC,,435,424,435,,,10561,4524674.7,99,,
2026-08-24,SMPDA,,747.9,731.6,735,,,2188,1608884.5,21,,
2026-08-24,SNLI,,402,396.2,398,,,6030,2401218.1,204,,
2026-08-24,SNORL,,897,871,882,,,10345,9169026.5,286,,
2026-08-24,SOHL,,690,671.5,678.9,,,175007,118847526.5,1363,,
2026-08-24,SONA,,403,392,392.1,,,28905,11415859.4,280,,
2026-08-24,SOPL,,774.9,753,754.1,,,24219,18457899,726,,
2026-08-24,SPC,,414,400,408,,,7322,2961735.5,61,,
2026-08-24,SPDL,,379,358.2,360,,,25694,9246495.7,65,,
2026-08-24,SPHL,,572,510,561,,,10568,5523745,90,,
2026-08-24,SPL,,645,618.2,638,,,1706,1070281.6,30,,
2026-08-24,SRLI,,368,364,364.4,,,13943,5099185.9,148,,
2026-08-24,SSHL,,201,198,198.5,,,28237,5606873,175,,
2026-08-24,STC,,5195,5101.2,5195,,,404,2068827,18,,
2026-08-24,SWASTIK,,2000,1910.1,1987,,,615,1214391.5,28,,
2026-08-24,SWBBL,,674,664.1,667.5,,,11196,7453992.5,80,,
2026-08-24,SWMF,,609,588.1,590,,,4645,2752077.4,50,,
2026-08-24,SYPNL,,1286,1197,1244,,,23267,29127899.5,473,,
2026-08-24,TAMOR,,483.9,472.2,478,,,143846,68647086.9,401,,
2026-08-24,TPC,,363.6,351.1,356,,,6406,2294544.7,43,,
2026-08-24,TPKHL,,549,522.5,530,,,25532,13536077.7,853,,
2026-08-24,TRH,,820,801.1,802,,,1087,871569,11,,
2026-08-24,TSHL,,360,340.3,342,,,10102,3482005.3,85,,
2026-08-24,TTL,,708,696,697,,,6997,4900547.2,207,,
2026-08-24,TVCL,,457,447,454.9,,,1780,800337.6,27,,
2026-08-24,UHEWA,,625.4,580,600,,,65777,39572522.6,344,,
2026-08-24,ULBSL,,2525,2430,2455,,,297,732507.5,19,,
2026-08-24,ULHC,,335,321.2,321.7,,,11308,3668435.2,97,,
2026-08-24,UMHL,,580,568.1,572.9,,,21949,12554080.5,117,,
2026-08-24,UMRH,,528,518,520,,,631,328127.4,16,,
2026-08-24,UNHPL,,372,362.5,365.9,,,23968,8758003.1,68,,
2026-08-24,UNL,,47200,47200,47200,,,10,472000,1,,
2026-08-24,UNLB,,1263.9,1212.8,1254.9,,,461,570164,17,,
2026-08-24,UPCL,,347,340,341,,,48035,16368924.4,147,,
2026-08-24,UPPER,,192,189.4,189.4,,,88944,16891712.8,377,,
2026-08-24,USHEC,,505,500,500,,,3798,1909311,49,,
2026-08-24,USHL,,565.8,532,540,,,1684,911203.7,31,,
2026-08-24,USLB,,1085,1065,1065,,,574,614615,30,,
2026-08-24,VLBS,,650,633.1,645,,,2112,1354539.1,57,,
2026-08-24,VLUCL,,397,380.5,389.9,,,20365,7882519,105,,
2026-08-24,YMHL,,645,584.1,600,,,23049,13773806.1,617,,
2026-08-25,ACLBSL,,901,890.1,892,,,397,354808.1,14,,
2026-08-25,ADBL,,300,298.6,298.8,,,20967,6267011.3,115,,
2026-08-25,AHL,,398,387.4,398,,,2240,877081.4,31,,
2026-08-25,AHPC,,260,257.1,257.5,,,66248,17089668.4,221,,
2026-08-25,AKJCL,,355,344.6,347.1,,,280618,97961677.5,495,,
2026-08-25,AKPL,,258,245,247,,,40708,10019011.4,152,,
2026-08-25,ALBSL,,1130,1067,1100,,,10355,11339967.9,55,,
2026-08-25,ALICL,,418.5,409.1,410.6,,,19149,7876293,100,,
2026-08-25,ANLB,,5110,5000,5085,,,294,1481808,19,,
2026-08-25,APHL,,716,693,694,,,7496,5241325.6,192,,
2026-08-25,API,,332,328,329.8,,,95180,31396721.3,335,,
2026-08-25,AVYAN,,1025,1020,1020,,,960,982569,18,,
2026-08-25,BANDIPUR,,670,655.3,656,,,18955,12539280.6,300,,
2026-08-25,BARUN,,323.9,316.3,318,,,25425,8118214.5,115,,
2026-08-25,BBC,,4100,4052,4052,,,203,826895.2,13,,
2026-08-25,BEDC,,305,298,298,,,13742,4130918.2,100,,
2026-08-25,BFC,,474.5,455,455,,,16109,7432636.8,106,,
2026-08-25,BGWT,,512,497,500,,,1753,879545.6,32,,
2026-08-25,BHCL,,560,515.1,553,,,77615,43130889.7,361,,
2026-08-25,BHDC,,430,423,428,,,7600,3234566.7,52,,
2026-08-25,BHL,,207,195,204,,,169712,34429420.4,421,,
2026-08-25,BHPL,,479,460.1,476,,,5446,2531262.3,64,,
2026-08-25,BJHL,,757,685,710,,,8804,6224844.1,157,,
2026-08-25,BNHC,,276.7,270.3,272,,,7888,2151099.6,77,,
2026-08-25,BNL,,14900,14900,14900,,,0,0,0,,
2026-08-25,BNT,,11874,11625,11625,,,40,469630,4,,
2026-08-25,BPCL,,660,649,653,,,15893,10365794,64,,
2026-08-25,BUNGAL,,580,560,564.8,,,17363,9806441.4,216,,
2026-08-25,CBBL,,938,932,936,,,10369,9693743.1,122,,
2026-08-25,CFCL,,604,580,582.2,,,41479,24521254.9,190,,
2026-08-25,CGH,,779,770,775,,,100526,77419721.2,75,,
2026-08-25,CHCL,,489,475,475.1,,,21111,10066015.3,151,,
2026-08-25,CHDC,,2239.8,2184.2,2196.9,,,16323,35845695.2,142,,
2026-08-25,CHL,,265.4,262,265,,,8828,2328461.1,47,,
2026-08-25,CIT,,1689,1673,1680,,,4874,8192170.1,108,,
2026-08-25,CITY,,358,345.1,349.9,,,76545,26831014.4,318,,
2026-08-25,CKHL,,594.5,580,594.5,,,608,353454,14,,
2026-08-25,CLI,,439,424,426,,,8403,3591003.2,211,,
2026-08-25,CREST,,1253,1028.2,1253,,,17603,19025789.4,226,,
2026-08-25,CYCL,,1633,1520,1596,,,30200,47339916.7,317,,
2026-08-25,CZBIL,,198.1,195.1,196.9,,,38774,7597711.4,130,,
2026-08-25,DDBL,,838,826,838,,,10640,8831824,63,,
2026-08-25,DHEL,,580,567,574,,,6094,3480705.4,157,,
2026-08-25,DHPL,,284,258.4,275,,,5744,1594040.9,44,,
2026-08-25,DLBS,,1115.5,1034.2,1034.2,,,163,172807,11,,
2026-08-25,DOLTI,,305.9,298.1,299,,,33481,10053656.1,136,,
2026-08-25,DORDI,,250,245.2,245.6,,,13702,3369554.1,77,,
2026-08-25,EBL,,731.9,726.1,731.9,,,15310,11159698.4,160,,
2026-08-25,ECL,,1426.4,1313,1406,,,16866,23014527.6,549,,
2026-08-25,EHPL,,332.6,316,317,,,7473,2388593.3,85,,
2026-08-25,ENL,,833.9,833.9,833.9,,,10,8339,1,,
2026-08-25,FMDBL,,750,730.1,735,,,17516,12962871.9,130,,
2026-08-25,FOWAD,,905,893,896.1,,,3063,2750584.5,74,,
2026-08-25,GBIME,,247.9,244.5,244.8,,,118818,29123992.9,217,,
2026-08-25,GBLBS,,679.4,665,674,,,862,576886.2,20,,
2026-08-25,GCIL,,341,335,338,,,7116,2395024.4,105,,
2026-08-25,GFCL,,588.8,571.8,573,,,7490,4299993.4,69,,
2026-08-25,GHL,,233,227,228.9,,,57639,13256029.5,190,,
2026-08-25,GILB,,1095,1086.2,1086.6,,,1066,1160305.4,19,,
2026-08-25,GLBSL,,1715,1708,1712,,,305,521800,12,,
2026-08-25,GLH,,252.9,248,250,,,23395,5849053.9,119,,
2026-08-25,GMFBS,,1148,1100,1148,,,1227,1359603,23,,
2026-08-25,GMFIL,,437,424,424,,,17443,7441955.9,74,,
2026-08-25,GMLI,,1000,985.1,985.2,,,1157,1144501.5,45,,
2026-08-25,GUFL,,525,507.4,509.7,,,11948,6122735.6,102,,
2026-08-25,GVL,,483,474.3,478.9,,,3775,1800409.8,68,,
2026-08-25,HATHY,,633.4,600,633.4,,,18050,11130857.4,211,,
2026-08-25,HBL,,191,188,190,,,40866,7726820.5,478,,
2026-08-25,HDHPC,,207.5,204.1,204.1,,,44706,9164814.4,196,,
2026-08-25,HDL,,1177.9,1169,1169,,,12827,15024374.9,210,,
2026-08-25,HFIN,,653,625.7,633,,,30301,19332989.2,455,,
2026-08-25,HHL,,334,325,328,,,27990,9151441.2,101,,
2026-08-25,HIDCL,,249,244.6,247,,,65423,16142939.5,213,,
2026-08-25,HIMSTAR,,665,655,658,,,3400,2251033.5,52,,
2026-08-25,HLBSL,,871,857,871,,,523,448892,6,,
2026-08-25,HLI,,313,307,307,,,23966,7401691.8,246,,
2026-08-25,HPPL,,378,371,378,,,100522,37622589,175,,
2026-08-25,HRL,,566,557,559.4,,,33395,18692455.5,426,,
2026-08-25,HURJA,,236.9,231.1,233.5,,,31529,7335512.6,132,,
2026-08-25,ICFC,,599,588,590,,,4378,2578439.5,36,,
2026-08-25,IHL,,322,310,312.5,,,9223,2883352,67,,
2026-08-25,ILBS,,855,833,849.9,,,242,203921.9,18,,
2026-08-25,ILI,,416.9,410.1,411,,,5781,2375738,134,,
2026-08-25,JBLB,,1257,1241.1,1246.2,,,2853,3553548.7,76,,
2026-08-25,JFL,,380,374.1,379,,,3746,1416182.6,36,,
2026-08-25,JHAPA,,1035,1012,1028.5,,,2940,2992310,59,,
2026-08-25,JOSHI,,262,257,258,,,20145,5198247.6,91,,
2026-08-25,JSLBB,,959,940,940,,,105,99315,4,,
2026-08-25,KAHL,,517,498,503,,,33972,17143989.8,1035,,
2026-08-25,KBL,,216,213.3,214,,,143906,30791048.9,383,,
2026-08-25,KBSH,,910,881,910,,,6917,6185788.3,90,,
2026-08-25,KDL,,760,743.6,743.6,,,2429,1811786.1,54,,
2026-08-25,KHPL,,778,730,778,,,9385,6992116,187,,
2026-08-25,KKHC,,282.5,270.5,274,,,88154,24285009.7,287,,
2026-08-25,KMCDB,,783,761.5,783,,,1999,1543151.1,23,,
2026-08-25,KPCL,,465,459,465,,,2325,1074619.5,24,,
2026-08-25,LEC,,218,210,212.9,,,115597,24553159.8,294,,
2026-08-25,LICN,,778,760,765,,,6544,4997217.4,71,,
2026-08-25,LLBS,,886,863,886,,,222,194945.3,8,,
2026-08-25,LSL,,219,216.7,217,,,76286,16578740,110,,
2026-08-25,MABEL,,590,583,584,,,2537,1483639.9,83,,
2026-08-25,MAKAR,,447.9,405,439,,,2212363,900797028.2,1293,,
2026-08-25,MANDU,,734,711.1,711.2,,,3553,2533242.8,49,,
2026-08-25,MATRI,,789.8,767,770,,,992,769931.1,39,,
2026-08-25,MBJC,,271.6,266.6,268.6,,,15615,4209783.2,189,,
2026-08-25,MBL,,252,246.3,249.9,,,25388,6334214.3,81,,
2026-08-25,MCHL,,280,272,274.9,,,1100,301717.8,25,,
2026-08-25,MEHL,,250,235.1,236.9,,,76312,18228019.5,293,,
2026-08-25,MEL,,204,200.9,203,,,8367,1698574.6,105,,
2026-08-25,MEN,,623.4,617,620,,,47825,29623165.9,257,,
2026-08-25,MEPDL,,731,681.5,699,,,42665,29948667.6,3541,,
2026-08-25,MERO,,631,625,625,,,2060,1292855,31,,
2026-08-25,MFIL,,740,730,738,,,14765,10834190,99,,
2026-08-25,MHCL,,295,289,289.6,,,4438,1294766.1,49,,
2026-08-25,MHL,,463.9,455,463,,,1481,680647.8,29,,
2026-08-25,MHNL,,242.9,235,239,,,9875,2349702.5,55,,
2026-08-25,MKCL,,917.9,872.5,890,,,1935,1705371.6,41,,
2026-08-25,MKHC,,255.9,250.6,252.4,,,7651,1933639.6,68,,
2026-08-25,MKHL,,499.9,493.1,493.1,,,3134,1546381.1,24,,
2026-08-25,MKJC,,420,400,414.4,,,8554,3470881.5,63,,
2026-08-25,MLBBL,,956,937,953.5,,,1478,1400684,24,,
2026-08-25,MLBS,,1090,1083,1083,,,60,65050,2,,
2026-08-25,MLBSL,,1165,1150.2,1163,,,1789,2077534.5,35,,
2026-08-25,MMKJL,,429,423,424,,,1393,590619.5,27,,
2026-08-25,MPFL,,607,601,604,,,2069,1245868,27,,
2026-08-25,MSHL,,583,561.3,561.3,,,1491,843075.7,34,,
2026-08-25,MSLB,,1230,1201,1225,,,590,716653,21,,
2026-08-25,NABIL,,543,540,540.6,,,31533,17066663.4,371,,
2026-08-25,NADEP,,742,685,742,,,713,498642.5,20,,
2026-08-25,NBL,,277,273.2,274.8,,,57995,15951497.9,197,,
2026-08-25,NESDO,,1355,1330,1353,,,342,457745.5,15,,
2026-08-25,NFS,,547,537.1,539.8,,,5447,2950855.9,73,,
2026-08-25,NGPL,,407.9,400.2,404,,,125020,50271609.6,317,,
2026-08-25,NHDL,,625,622,622,,,2148,1339903.1,16,,
2026-08-25,NHPC,,266,258,258.8,,,127057,33067562.1,446,,
2026-08-25,NICA,,312.2,308,308.3,,,48486,15017585.7,284,,
2026-08-25,NICLBSL,,544.7,528,533,,,6746,3599392.3,79,,
2026-08-25,NIFRA,,244,240,241.8,,,36195,8710034.4,327,,
2026-08-25,NIMB,,187.5,185.1,186,,,58197,10827591.2,227,,
2026-08-25,NLIC,,717,703,706.9,,,31012,21928999.3,296,,
2026-08-25,NLICL,,566,560,563.9,,,11340,6369065.3,41,,
2026-08-25,NLO,,277.4,277.4,277.4,,,0,0,0,,
2026-08-25,NMB,,241,238.4,239,,,38691,9276741,109,,
2026-08-25,NMBMF,,595,585,594,,,999,585639.9,17,,
2026-08-25,NMFBS,,1116,1106,1110,,,1542,1710671.5,18,,
2026-08-25,NMLBBL,,499,488,491.9,,,6089,2986565.5,53,,
2026-08-25,NRIC,,899,887,887,,,11956,10634497.1,151,,
2026-08-25,NRM,,300,295,299,,,3605,1070660.9,66,,
2026-08-25,NRN,,1378,1352,1359,,,30750,41836681.3,211,,
2026-08-25,NTC,,895,880,883,,,2875,2547840.1,81,,
2026-08-25,NUBL,,586.2,576,586.2,,,7825,4522310.9,69,,
2026-08-25,NWCL,,635.1,622,631,,,4184,2634685.1,64,,
2026-08-25,NYADI,,364,350,350,,,3621,1279794.7,58,,
2026-08-25,OHL,,631,625,628,,,916,573399.8,16,,
2026-08-25,OMPL,,893,871,871,,,3151,2761264,87,,
2026-08-25,PCBL,,241.7,238,239,,,31052,7425767.7,69,,
2026-08-25,PCIL,,610,598,600,,,19968,12005439.2,610,,
2026-08-25,PFL,,364,364,364,,,0,0,0,,
2026-08-25,PHCL,,303,298.6,298.7,,,48345,14518463.2,229,,
2026-08-25,PMHPL,,321.2,296.4,311.7,,,2868,875772.6,41,,
2026-08-25,PMLI,,421.9,412,412.6,,,3674,1525608.6,84,,
2026-08-25,PPCL,,332.9,328,329.7,,,4346,1426439.2,33,,
2026-08-25,PPL,,313.9,300.1,309.5,,,21890,6632643.5,143,,
2026-08-25,PROFL,,405,386,386,,,6620,2591781.8,62,,
2026-08-25,PRVU,,183.4,180.5,180.7,,,104845,18979915.4,341,,
2026-08-25,PURE,,770,746.3,766,,,3109,2363613.3,54,,
2026-08-25,RADHI,,705.5,695,699,,,28168,19700354.9,145,,
2026-08-25,RAWA,,421,407,412.9,,,18261,7494180.4,120,,
2026-08-25,RFPL,,334,329,329,,,20092,6641608.3,131,,
2026-08-25,RHGCL,,258,249.9,251.9,,,17319,4349269.4,82,,
2026-08-25,RHPL,,246,240.7,241.4,,,11330,2744894.2,93,,
2026-08-25,RIDI,,360,350.1,351.9,,,344936,122513989.5,520,,
2026-08-25,RLEL,,896,850,874.9,,,21652,18758687.5,265,,
2026-08-25,RLFL,,439.9,428.8,431,,,7865,3392481.5,50,,
2026-08-25,RNLI,,430,420,420.6,,,7905,3331321.9,170,,
2026-08-25,RSDC,,637,618,619.1,,,1184,733324.4,27,,
2026-08-25,RSML,,2755,2712,2727,,,64986,177168694.1,501,,
2026-08-25,RURU,,595.1,592,594,,,5676,3369066.2,39,,
2026-08-25,SAGAR,,1550,1515,1549.9,,,3876,5961695.7,85,,
2026-08-25,SAHAS,,691,680.1,685,,,71955,49301264.6,461,,
2026-08-25,SAIL,,1019.7,982.2,983.1,,,11911,11915401,219,,
2026-08-25,SANIMA,,370.8,365,370.7,,,200121,73455482.7,403,,
2026-08-25,SANVI,,578,565,568.5,,,11125,6326017.1,134,,
2026-08-25,SAPIL,,1054.7,917,1054.7,,,1420,1493620,142,,
2026-08-25,SARBTM,,789,770.1,780,,,3681,2851821.6,62,,
2026-08-25,SBI,,404,399,404,,,28731,11549740.8,58,,
2026-08-25,SBL,,413.8,408,411.9,,,66770,27341010.5,142,,
2026-08-25,SCB,,653,642.2,651,,,6371,4119368.9,94,,
2026-08-25,SGHC,,306.2,300,300.2,,,25362,7661917.2,125,,
2026-08-25,SGHL,,517,505.1,511.8,,,58020,29502601.9,1766,,
2026-08-25,SHEL,,300,294.4,297,,,41658,12318751.9,156,,
2026-08-25,SHIVM,,629.7,620.5,621.4,,,81006,50583296.7,319,,
2026-08-25,SHL,,510,500,508.9,,,24876,12549227.8,61,,
2026-08-25,SHLB,,1355,1351,1352,,,90,121840,8,,
2026-08-25,SHPC,,522,510.7,514,,,69259,35662296.1,214,,
2026-08-25,SIFC,,495,490,495,,,3226,1586834.6,24,,
2026-08-25,SIKLES,,569,555.1,560.5,,,7030,3938712.8,56,,
2026-08-25,SIPD,,635,602.2,609,,,6493,4008365,239,,
2026-08-25,SJCL,,263.1,261,261.1,,,13486,3535880.9,64,,
2026-08-25,SJLIC,,406,400.6,404,,,8689,3498106.9,119,,
2026-08-25,SKBBL,,755.5,746,746,,,6480,4840106.4,67,,
2026-08-25,SKHEL,,960,892.2,903,,,2558,2303672.7,73,,
2026-08-25,SKHL,,797,773.1,776.8,,,13268,10336140,221,,
2026-08-25,SLBBL,,799,785.2,790,,,2245,1764326.6,31,,
2026-08-25,SLBSL,,900,879,896,,,862,766050,16,,
2026-08-25,SMATA,,700,687,687,,,3980,2753086.2,77,,
2026-08-25,SMB,,1759,1745,1759,,,230,401888,12,,
2026-08-25,SMFBS,,1459,1400.1,1400.1,,,1254,1793532.6,19,,
2026-08-25,SMH,,515,503,504.5,,,7516,3797583,83,,
2026-08-25,SMHL,,532,514,524.8,,,246169,128576467.3,1126,,
2026-08-25,SMJC,,438.2,425,430,,,9405,4030056.3,85,,
2026-08-25,SMPDA,,745,730.1,735,,,1382,1016714.2,27,,
2026-08-25,SNLI,,398,394.9,395.1,,,12085,4780576.6,213,,
2026-08-25,SNORL,,914,870.1,910,,,31859,28768839.2,634,,
2026-08-25,SOHL,,690,673.2,679,,,202485,137605652.2,1067,,
2026-08-25,SONA,,395,385.1,385.1,,,41551,16171505,289,,
2026-08-25,SOPL,,767.2,745,748,,,24448,18331426.5,661,,
2026-08-25,SPC,,411,399.5,404.9,,,6767,2711117,38,,
2026-08-25,SPDL,,362,352,359.5,,,15058,5378118.1,85,,
2026-08-25,SPHL,,600,505,580,,,15160,8181840.8,157,,
2026-08-25,SPL,,640,629,630,,,580,366940,10,,
2026-08-25,SRLI,,366.8,363.5,365.8,,,9916,3615109.8,174,,
2026-08-25,SSHL,,200.9,196.5,196.8,,,56951,11252739,201,,
2026-08-25,STC,,5215,5170,5170,,,346,1789482,15,,
2026-08-25,SWASTIK,,1999,1930,1930.2,,,465,903813.5,21,,
2026-08-25,SWBBL,,670.5,665,670.5,,,3659,2439337,48,,
2026-08-25,SWMF,,600,585,594.5,,,1770,1038745.3,29,,
2026-08-25,SYPNL,,1260,1230,1241.9,,,39000,48401085.7,436,,
2026-08-25,TAMOR,,482.6,473.5,480.4,,,161614,77296771,433,,
2026-08-25,TPC,,361.5,351,353,,,12565,4434302.5,60,,
2026-08-25,TPKHL,,542,517.1,529,,,23539,12321832.9,722,,
2026-08-25,TRH,,817,789.1,794,,,15119,12054499.1,55,,
2026-08-25,TSHL,,346,335,340.9,,,4087,1382672,59,,
2026-08-25,TTL,,705,695,697,,,5822,4059893.7,169,,
2026-08-25,TVCL,,464.9,446,448,,,5768,2584136.3,24,,
2026-08-25,UHEWA,,620,596,604,,,50458,30458420,259,,
2026-08-25,ULBSL,,2460,2350,2450,,,5199,12553435,48,,
2026-08-25,ULHC,,331.3,317,320,,,17522,5630196.1,101,,
2026-08-25,UMHL,,580,550,567.8,,,54235,30776478.8,154,,
2026-08-25,UMRH,,534.8,518,522,,,3000,1562060.5,29,,
2026-08-25,UNHPL,,370,360,362,,,9872,3561412.8,51,,
2026-08-25,UNL,,47200,47200,47200,,,0,0,0,,
2026-08-25,UNLB,,1292,1216,1249,,,690,848724.5,21,,
2026-08-25,UPCL,,345,337,338,,,36092,12247576.6,120,,
2026-08-25,UPPER,,192,188,189,,,52504,9940418.9,315,,
2026-08-25,USHEC,,505,497.2,498,,,3724,1858972.6,49,,
2026-08-25,USHL,,532,520,520,,,875,458197,15,,
2026-08-25,USLB,,1055,1000,1019.9,,,2726,2779823.8,77,,
2026-08-25,VLBS,,648,633.1,635.2,,,980,626327.7,58,,
2026-08-25,VLUCL,,395,383,384,,,2454,945496.4,49,,
2026-08-25,YMHL,,606,570,586,,,16145,9520488.7,474,,
2026-08-26,ACLBSL,,892,866.1,880,,,757,660835.7,32,,
2026-08-26,ADBL,,301,295.1,296,,,30400,9008129.2,152,,
2026-08-26,AHL,,400,382.2,395.5,,,1670,648968.8,27,,
2026-08-26,AHPC,,258,249.5,251.5,,,179592,45361085.5,498,,
2026-08-26,AKJCL,,364.4,337.1,338,,,270728,92353559.1,717,,
2026-08-26,AKPL,,245.1,240,241,,,114466,27655100.5,335,,
2026-08-26,ALBSL,,1130,1065,1086.5,,,15197,16435062.2,66,,
2026-08-26,ALICL,,410,399,404.8,,,34634,13897796.4,192,,
2026-08-26,ANLB,,5097,5001.5,5001.5,,,865,4331096.8,27,,
2026-08-26,APHL,,710,670,672.1,,,11600,7909758.7,217,,
2026-08-26,API,,332,325,327.5,,,168054,54811918.7,597,,
2026-08-26,AVYAN,,1022,1004,1010,,,1667,1681838,26,,
2026-08-26,BANDIPUR,,655,642.1,653.5,,,29564,19139031.7,372,,
2026-08-26,BARUN,,316.9,310,310,,,32146,10050428.5,151,,
2026-08-26,BBC,,4128,4030,4050,,,189,765695,11,,
2026-08-26,BEDC,,300,280.4,288.5,,,33606,9665059.6,239,,
2026-08-26,BFC,,460,445,454.9,,,22165,10004982.4,148,,
2026-08-26,BGWT,,514.6,485.1,489.9,,,4523,2220816.7,61,,
2026-08-26,BHCL,,560.9,540,552.8,,,65198,35753274.4,395,,
2026-08-26,BHDC,,424,416.2,417,,,13794,5811432.5,82,,
2026-08-26,BHL,,209.9,200,201,,,166255,33372890.4,540,,
2026-08-26,BHPL,,485,447.4,458.9,,,5272,2386153.7,73,,
2026-08-26,BJHL,,730,670.1,686.5,,,6088,4149559.8,95,,
2026-08-26,BNHC,,270,261,266.2,,,29940,7921077.5,136,,
2026-08-26,BNL,,14850,14600,14850,,,20,294500,2,,
2026-08-26,BNT,,11610,11505,11505,,,40,462250,4,,
2026-08-26,BPCL,,653,637,640,,,19420,12467607.4,120,,
2026-08-26,BUNGAL,,569,535,540,,,22032,12128577.3,279,,
2026-08-26,CBBL,,940,930,933,,,10111,9413610.6,127,,
2026-08-26,CFCL,,594.4,565.6,579,,,63426,36845184.6,233,,
2026-08-26,CGH,,773,765,770,,,14827,11388641.2,77,,
2026-08-26,CHCL,,475,410,427,,,480553,205686862.6,3058,,
2026-08-26,CHDC,,2192.9,2160,2184,,,13890,30122258.5,149,,
2026-08-26,CHL,,263.9,255,259,,,22799,5894977.3,109,,
2026-08-26,CIT,,1682,1658,1660,,,7117,11847267,203,,
2026-08-26,CITY,,353.9,340.1,343.9,,,67057,23073701.6,400,,
2026-08-26,CKHL,,593.5,577,577.5,,,540,313620,21,,
2026-08-26,CLI,,425,416.1,419,,,10136,4257974.7,170,,
2026-08-26,CREST,,1215.5,1065.1,1117,,,4429,4855551.5,115,,
2026-08-26,CYCL,,1650,1500,1609,,,20879,32370752.1,208,,
2026-08-26,CZBIL,,197.9,193.1,194.9,,,40896,7935474,149,,
2026-08-26,DDBL,,835,827.3,829.2,,,4532,3765562.3,53,,
2026-08-26,DHEL,,565.2,550.1,555,,,15773,8752059.7,206,,
2026-08-26,DHPL,,283.2,268,270,,,7792,2102474.6,42,,
2026-08-26,DLBS,,1034,997,1034,,,333,338725,16,,
2026-08-26,DOLTI,,299,286.6,288,,,23988,6989890.5,183,,
2026-08-26,DORDI,,247,235,239,,,50432,12068991.9,201,,
2026-08-26,EBL,,734,722.1,730,,,30910,22486161.6,215,,
2026-08-26,ECL,,1488,1385,1465,,,23427,33984884.9,548,,
2026-08-26,EHPL,,332.8,314.1,318,,,20697,6603836.5,176,,
2026-08-26,ENL,,833.9,833.9,833.9,,,10,8339,1,,
2026-08-26,FMDBL,,742,715.1,723,,,14554,10588636.1,98,,
2026-08-26,FOWAD,,900,887,887,,,4052,3620498.5,67,,
2026-08-26,GBIME,,246,242.3,243.1,,,102470,24936105.1,309,,
2026-08-26,GBLBS,,674,657.1,668,,,3947,2624356,38,,
2026-08-26,GCIL,,346,336.1,342,,,20586,7026703.1,166,,
2026-08-26,GFCL,,587.9,560,568,,,9269,5248428.7,71,,
2026-08-26,GHL,,230,223,226.8,,,86312,19432712,273,,
2026-08-26,GILB,,1087,1072.5,1072.5,,,1800,1935027,23,,
2026-08-26,GLBSL,,1700,1661,1675,,,584,974535.4,18,,
2026-08-26,GLH,,256.8,242,246.5,,,65375,16004397.6,207,,
2026-08-26,GMFBS,,1139.9,1113.6,1130,,,1070,1196754.4,6,,
2026-08-26,GMFIL,,421,400,410.9,,,37847,15415246.7,174,,
2026-08-26,GMLI,,999.9,942.9,977,,,1532,1477508.4,45,,
2026-08-26,GUFL,,513,494.5,500,,,17852,8926121,140,,
2026-08-26,GVL,,475,467.1,472.5,,,18176,8543593.6,136,,
2026-08-26,HATHY,,628,605,621,,,8858,5432046.8,123,,
2026-08-26,HBL,,190,186,189.5,,,37365,7021866.3,368,,
2026-08-26,HDHPC,,204.1,197,199.9,,,239107,47944034.7,587,,
2026-08-26,HDL,,1170,1155.2,1162,,,21254,24650184,321,,
2026-08-26,HFIN,,633,613,616,,,27117,16742832.4,427,,
2026-08-26,HHL,,325,316,325,,,50492,16155174.9,166,,
2026-08-26,HIDCL,,246.8,240.7,242,,,78589,19060335.7,328,,
2026-08-26,HIMSTAR,,658.9,641,655,,,2520,1629292,43,,
2026-08-26,HLBSL,,863,856.5,863,,,517,443967.2,9,,
2026-08-26,HLI,,310,304,305,,,25215,7708939.1,232,,
2026-08-26,HPPL,,375,366,375,,,92831,34359532.1,300,,
2026-08-26,HRL,,559,545.1,549,,,82424,45347565.2,787,,
2026-08-26,HURJA,,234.1,226.6,228,,,77058,17629150.6,216,,
2026-08-26,ICFC,,585.2,580,585.1,,,8938,5199982.8,96,,
2026-08-26,IHL,,320,298,300,,,12790,3865704,99,,
2026-08-26,ILBS,,850,830,844.9,,,1501,1248767.3,26,,
2026-08-26,ILI,,410,400.1,405.2,,,12430,5039187.4,231,,
2026-08-26,JBLB,,1279,1238.1,1242.2,,,2561,3196665.6,75,,
2026-08-26,JFL,,378.9,370,378.5,,,4771,1780970,33,,
2026-08-26,JHAPA,,1015,1000,1001.2,,,3811,3838113.2,98,,
2026-08-26,JOSHI,,260.9,251,251,,,21174,5390485,115,,
2026-08-26,JSLBB,,942,912,942,,,206,188653.5,9,,
2026-08-26,KAHL,,503,488.1,490.8,,,32048,15789035.4,777,,
2026-08-26,KBL,,215,212,212.5,,,189203,40265900.6,466,,
2026-08-26,KBSH,,954,871.1,897,,,11744,10365398.4,152,,
2026-08-26,KDL,,746,730.1,732,,,1832,1346144.4,33,,
2026-08-26,KHPL,,815.1,741,803,,,11605,8922329.2,201,,
2026-08-26,KKHC,,273,260,266.9,,,195594,51756748.4,474,,
2026-08-26,KMCDB,,780,762,778,,,2228,1706569,25,,
2026-08-26,KPCL,,462,450,457,,,14792,6703147,108,,
2026-08-26,LEC,,213,206.7,209.1,,,157840,33011468.8,381,,
2026-08-26,LICN,,780,752.1,764.9,,,6089,4612883.6,54,,
2026-08-26,LLBS,,899,851.8,885,,,90,79053.4,7,,
2026-08-26,LSL,,217.8,215,216.9,,,47922,10341224.9,115,,
2026-08-26,MABEL,,583,570.1,570.3,,,3402,1950103.5,66,,
2026-08-26,MAKAR,,445,418,426,,,46463,19819032.5,241,,
2026-08-26,MANDU,,732.4,670,732.4,,,7138,4937386.5,99,,
2026-08-26,MATRI,,770,753.1,754,,,159,121711.6,9,,
2026-08-26,MBJC,,263,251.2,256,,,109208,28066709.9,614,,
2026-08-26,MBL,,251,245.1,248,,,35090,8644030.2,136,,
2026-08-26,MCHL,,272,257.2,261,,,10078,2637571.8,86,,
2026-08-26,MEHL,,235,227.5,229.7,,,116943,26844164.4,444,,
2026-08-26,MEL,,202,198.1,201.5,,,26326,5253715.8,156,,
2026-08-26,MEN,,620,610,615,,,90791,55719252.2,424,,
2026-08-26,MEPDL,,700,661.2,666,,,34433,23224945.6,2193,,
2026-08-26,MERO,,625,597,605.6,,,8918,5445904.8,64,,
2026-08-26,MFIL,,740,720,728.9,,,20251,14650055.9,121,,
2026-08-26,MHCL,,287,272,282,,,18143,5068916.5,122,,
2026-08-26,MHL,,459,440,450,,,11337,5051295.2,78,,
2026-08-26,MHNL,,239.2,230.1,237.8,,,23992,5601073.7,82,,
2026-08-26,MKCL,,900,865.1,885.9,,,4285,3749052.1,52,,
2026-08-26,MKHC,,252,244,247.9,,,17930,4430877.5,132,,
2026-08-26,MKHL,,490,481,489,,,3077,1495962.6,39,,
2026-08-26,MKJC,,409,352.3,352.3,,,66903,24772758.7,426,,
2026-08-26,MLBBL,,960,930,954,,,779,727743,27,,
2026-08-26,MLBS,,1050.6,1000,1029,,,130,130987,4,,
2026-08-26,MLBSL,,1163,1115.5,1130,,,856,967950.4,36,,
2026-08-26,MMKJL,,415.1,360.4,375,,,22353,8520849.8,223,,
2026-08-26,MPFL,,600.1,580,599,,,10667,6280918.2,104,,
2026-08-26,MSHL,,563,549,550,,,1789,994020.4,34,,
2026-08-26,MSLB,,1225,1195.3,1224,,,474,569986,19,,
2026-08-26,NABIL,,542,534.9,536.8,,,42608,22894494.4,476,,
2026-08-26,NADEP,,730,690,710,,,2450,1700102.5,27,,
2026-08-26,NBL,,276.7,271.3,271.7,,,87211,23789811.3,283,,
2026-08-26,NESDO,,1349,1315,1349,,,542,722363,18,,
2026-08-26,NFS,,540,525,530.3,,,6500,3442568.2,92,,
2026-08-26,NGPL,,401,393.6,396.9,,,180724,71590913.5,507,,
2026-08-26,NHDL,,628,616,628,,,564,349128.3,12,,
2026-08-26,NHPC,,260,249,250,,,329656,83411632,887,,
2026-08-26,NICA,,310,306.1,308,,,62038,19056848.2,275,,
2026-08-26,NICLBSL,,534,510.1,527.2,,,9792,5074559.8,131,,
2026-08-26,NIFRA,,242.5,239,239.3,,,75226,18041334.6,341,,
2026-08-26,NIMB,,186.9,183.2,183.3,,,109066,20133328.4,374,,
2026-08-26,NLIC,,710,689,700,,,39396,27382703.7,402,,
2026-08-26,NLICL,,560.5,551.4,560,,,5300,2953323,49,,
2026-08-26,NLO,,277.4,277.4,277.4,,,0,0,0,,
2026-08-26,NMB,,240,236.6,237.5,,,27838,6600757.2,127,,
2026-08-26,NMBMF,,584,576.2,578,,,1863,1078866.6,18,,
2026-08-26,NMFBS,,1110,1101.3,1110,,,2423,2676190.5,31,,
2026-08-26,NMLBBL,,493,482.2,490,,,1895,926570.6,39,,
2026-08-26,NRIC,,895,865,869.8,,,43920,38379466.8,298,,
2026-08-26,NRM,,299,285.3,292.5,,,18241,5317320.7,102,,
2026-08-26,NRN,,1365,1342,1344,,,33244,44832574.8,279,,
2026-08-26,NTC,,885,874,875,,,7271,6384112,117,,
2026-08-26,NUBL,,588.9,572.1,575,,,5332,3059250.4,64,,
2026-08-26,NWCL,,630.7,610.6,615,,,3683,2286339.2,62,,
2026-08-26,NYADI,,353.6,343.1,344.5,,,5019,1742644.5,62,,
2026-08-26,OHL,,627,610,619,,,3028,1862431.5,41,,
2026-08-26,OMPL,,880,850,860,,,3981,3406065.3,73,,
2026-08-26,PCBL,,239,236.7,237.8,,,40466,9614408.7,131,,
2026-08-26,PCIL,,600,585,594.1,,,27688,16365319.8,519,,
2026-08-26,PFL,,364,364,364,,,0,0,0,,
2026-08-26,PHCL,,300,295,300,,,94678,28039276.7,313,,
2026-08-26,PMHPL,,321,299,304,,,7096,2136913.8,36,,
2026-08-26,PMLI,,412,402,404.1,,,5330,2167098.7,108,,
2026-08-26,PPCL,,332.5,325,327.7,,,9069,2959455,62,,
2026-08-26,PPL,,307.2,294.1,304,,,26131,7864340.8,124,,
2026-08-26,PROFL,,387,375.1,379.9,,,9595,3643859,62,,
2026-08-26,PRVU,,181.4,178,179,,,151945,27291977.2,543,,
2026-08-26,PURE,,764.9,736.8,759,,,5981,4475231,61,,
2026-08-26,RADHI,,700,684,688,,,95325,65529541,221,,
2026-08-26,RAWA,,414.9,400,405,,,18983,7644503.6,150,,
2026-08-26,RFPL,,333,325,331,,,27518,9025560.1,132,,
2026-08-26,RHGCL,,251.8,245,248,,,15280,3771506.8,107,,
2026-08-26,RHPL,,230,205.2,205.2,,,571997,118824706.8,2131,,
2026-08-26,RIDI,,354.9,341,343,,,348571,120287283.3,827,,
2026-08-26,RLEL,,908,829,853,,,17276,14515904,221,,
2026-08-26,RLFL,,436,421.5,427,,,20684,8811328.8,107,,
2026-08-26,RNLI,,420.5,410,413.1,,,37459,15530076.6,301,,
2026-08-26,RSDC,,627,610.1,613,,,2913,1794348.1,34,,
2026-08-26,RSML,,2741,2690,2706,,,24922,67542662.9,398,,
2026-08-26,RURU,,599,586,586,,,5675,3342879.5,63,,
2026-08-26,SAGAR,,1550,1494,1497,,,11396,17179802,135,,
2026-08-26,SAHAS,,689,672,681.9,,,238492,161366948.3,913,,
2026-08-26,SAIL,,1032.2,937,955,,,24112,23002814.5,329,,
2026-08-26,SANIMA,,370.3,363.5,365.5,,,114162,41715456.7,331,,
2026-08-26,SANVI,,570,551,564.7,,,11404,6364507.6,142,,
2026-08-26,SAPIL,,1212.9,1055,1212.9,,,1820,2202837,182,,
2026-08-26,SARBTM,,789.8,770,779,,,5082,3951461.8,62,,
2026-08-26,SBI,,404,393.6,399,,,43044,17041268,48,,
2026-08-26,SBL,,412.8,405,408.5,,,110122,44998937.5,191,,
2026-08-26,SCB,,651,642,644,,,4572,2944260.3,51,,
2026-08-26,SGHC,,300,286,290,,,54919,16055845.1,237,,
2026-08-26,SGHL,,510,491.5,492,,,71460,35793112.3,1355,,
2026-08-26,SHEL,,295,290.2,293.5,,,84510,24636233.1,333,,
2026-08-26,SHIVM,,626,618.1,624,,,107624,66863149.8,480,,
2026-08-26,SHL,,508.9,500,508,,,29027,14625505.1,72,,
2026-08-26,SHLB,,1350.2,1272,1350,,,582,766090.6,26,,
2026-08-26,SHPC,,516,495,499,,,143012,71582928.8,313,,
2026-08-26,SIFC,,495,481,482,,,9919,4806095,59,,
2026-08-26,SIKLES,,568.9,555,559,,,20603,11593071,111,,
2026-08-26,SIPD,,605,582,587,,,13727,8113770.5,228,,
2026-08-26,SJCL,,261,222,231.9,,,230441,53891256.3,891,,
2026-08-26,SJLIC,,403.8,398,400.1,,,13788,5525503.2,128,,
2026-08-26,SKBBL,,748,739.1,740,,,15050,11147602.3,154,,
2026-08-26,SKHEL,,885,860,885,,,2148,1863528.8,80,,
2026-08-26,SKHL,,780,749.1,751,,,18724,14100115.3,256,,
2026-08-26,SLBBL,,790,781,787.9,,,813,637897.4,15,,
2026-08-26,SLBSL,,895,850,889,,,498,432025.6,17,,
2026-08-26,SMATA,,707.6,689.1,690,,,3485,2416699.4,66,,
2026-08-26,SMB,,1770,1735,1735,,,505,877725.6,17,,
2026-08-26,SMFBS,,1439,1335,1430,,,113,157197,8,,
2026-08-26,SMH,,504,497,497,,,8848,4428563,106,,
2026-08-26,SMHL,,529.8,510.3,518,,,171944,89253483.8,805,,
2026-08-26,SMJC,,440,417,419.9,,,20913,8816553.2,136,,
2026-08-26,SMPDA,,741,731,733,,,803,589235.5,14,,
2026-08-26,SNLI,,395,379.1,379.8,,,40370,15571334.3,388,,
2026-08-26,SNORL,,910,870,889.9,,,14233,12574815.8,253,,
2026-08-26,SOHL,,683,650.3,663.9,,,238817,158312970.5,1118,,
2026-08-26,SONA,,395.8,385,388.4,,,34358,13386332.8,305,,
2026-08-26,SOPL,,748,727.1,729,,,25470,18804467.6,627,,
2026-08-26,SPC,,405,390.1,399,,,4377,1716424.2,39,,
2026-08-26,SPDL,,358.1,351,352,,,24777,8741961.6,111,,
2026-08-26,SPHL,,579,512,522,,,12515,6677472.6,138,,
2026-08-26,SPL,,648.9,598,648.9,,,3509,2152659.5,50,,
2026-08-26,SRLI,,364.1,355.3,357,,,40937,14681887.1,204,,
2026-08-26,SSHL,,198.9,192.1,193.1,,,119667,23252788.9,404,,
2026-08-26,STC,,5170,5112.1,5168,,,296,1524127,13,,
2026-08-26,SWASTIK,,1993,1927.1,1940,,,622,1216183,32,,
2026-08-26,SWBBL,,668,660.5,667,,,5761,3817145,58,,
2026-08-26,SWMF,,594.5,580,588.5,,,1904,1106670.9,42,,
2026-08-26,SYPNL,,1239,1200,1220,,,27607,33754252,474,,
2026-08-26,TAMOR,,484.9,473.1,480,,,406065,193282109.8,465,,
2026-08-26,TPC,,353,346,346.1,,,16786,5872936.3,77,,
2026-08-26,TPKHL,,527,500.1,500.1,,,32526,16524867.5,599,,
2026-08-26,TRH,,803,791,803,,,764,609280.8,14,,
2026-08-26,TSHL,,350.5,331,335,,,5655,1890398.9,61,,
2026-08-26,TTL,,700,680.1,688.9,,,9977,6876366.4,186,,
2026-08-26,TVCL,,448,384.4,390,,,80510,32608372.9,316,,
2026-08-26,UHEWA,,667,580,667,,,95365,57078959.9,396,,
2026-08-26,ULBSL,,2517,2381,2442,,,1828,4412298.4,35,,
2026-08-26,ULHC,,322,302.5,306,,,12837,3962476.4,113,,
2026-08-26,UMHL,,570,550,563,,,70162,39181982.1,226,,
2026-08-26,UMRH,,520,512,515,,,10237,5260378.3,52,,
2026-08-26,UNHPL,,365,349,355,,,25943,9139248,93,,
2026-08-26,UNL,,47200,47200,47200,,,0,0,0,,
2026-08-26,UNLB,,1246,1216,1242.9,,,120,148412,8,,
2026-08-26,UPCL,,339,330,331,,,43302,14371834.8,179,,
2026-08-26,UPPER,,190.8,183.1,184.5,,,176491,32702441.6,633,,
2026-08-26,USHEC,,497.1,480,492,,,13955,6793143.6,85,,
2026-08-26,USHL,,528,515.5,525,,,2257,1170409.6,38,,
2026-08-26,USLB,,1020,970,970,,,1457,1435526.7,46,,
2026-08-26,VLBS,,635,621,627.9,,,2231,1395613.7,54,,
2026-08-26,VLUCL,,386,374,374,,,5669,2148122,74,,
2026-08-26,YMHL,,594,558.4,589.9,,,21969,12552025.3,545,,
2026-08-27,ACLBSL,,900,860,900,,,389,348580,13,,
2026-08-27,ADBL,,299,290,299,,,47003,13947288.6,129,,
2026-08-27,AHL,,390,379,390,,,2010,765206.8,27,,
2026-08-27,AHPC,,255,246.5,252.7,,,76204,19165384.8,285,,
2026-08-27,AKJCL,,347,322,343,,,340803,116168313.7,633,,
2026-08-27,AKPL,,244.8,235.3,244,,,73271,17714817.5,216,,
2026-08-27,ALBSL,,1108,1060,1108,,,4224,4585955,82,,
2026-08-27,ALICL,,403.8,381.4,402.3,,,9411,3738556.2,72,,
2026-08-27,ANLB,,5462,4800,4920,,,1103,5491141,56,,
2026-08-27,APHL,,700,655.7,689,,,10791,7280726,207,,
2026-08-27,API,,328.9,320.1,325.9,,,177092,57620543.1,599,,
2026-08-27,AVYAN,,1020,991,1017.6,,,2454,2463350,40,,
2026-08-27,BANDIPUR,,673,636,657,,,13563,8921430.7,266,,
2026-08-27,BARUN,,316,304,313.9,,,32387,10087023.4,146,,
2026-08-27,BBC,,4080,3951,4050,,,423,1705631,21,,
2026-08-27,BEDC,,295,282.1,289,,,12811,3687990,105,,
2026-08-27,BFC,,465,445,459.7,,,17454,7960081.2,108,,
2026-08-27,BGWT,,513,475,513,,,1568,775198.6,30,,
2026-08-27,BHCL,,559,525.2,555,,,104157,57461951.4,305,,
2026-08-27,BHDC,,421.9,413.1,420,,,15954,6626754.5,64,,
2026-08-27,BHL,,203.9,195,199.7,,,129021,25729702.7,436,,
2026-08-27,BHPL,,460,446,458,,,1928,872629,42,,
2026-08-27,BJHL,,685,631,665,,,8596,5653847.6,150,,
2026-08-27,BNHC,,267.9,259,263.6,,,16010,4232049.4,88,,
2026-08-27,BNL,,14405,14405,14405,,,10,144050,1,,
2026-08-27,BNT,,11550.1,11510,11550.1,,,36,414761,2,,
2026-08-27,BPCL,,644,628,640,,,8262,5258894.7,72,,
2026-08-27,BUNGAL,,549,515,542.9,,,19450,10406838.5,257,,
2026-08-27,CBBL,,933,925,932,,,5994,5574648.4,105,,
2026-08-27,CFCL,,589,562.1,585.7,,,32748,18927803.7,160,,
2026-08-27,CGH,,782,754,770,,,6632,5111073,50,,
2026-08-27,CHCL,,409,378.3,405,,,407762,160738793.2,1981,,
2026-08-27,CHDC,,2199,2141.2,2183,,,6452,14014049.2,100,,
2026-08-27,CHL,,259,252,258.4,,,13267,3394134.3,64,,
2026-08-27,CIT,,1674,1650,1670,,,5804,9678428.2,91,,
2026-08-27,CITY,,351,341.5,347,,,44664,15475501.5,256,,
2026-08-27,CKHL,,575,560.5,575,,,210,118068,13,,
2026-08-27,CLI,,420,412.5,417.1,,,4575,1908039.4,132,,
2026-08-27,CREST,,1106.9,1060,1074.1,,,5051,5400492,115,,
2026-08-27,CYCL,,1650,1528.6,1612,,,14132,22302907.4,187,,
2026-08-27,CZBIL,,196,190.3,194.8,,,40593,7886237.5,128,,
2026-08-27,DDBL,,835,805,835,,,3078,2538389.8,42,,
2026-08-27,DHEL,,565,530,564,,,15783,8676333,247,,
2026-08-27,DHPL,,280,265.1,274.5,,,4139,1126822,30,,
2026-08-27,DLBS,,1037,1003,1007.1,,,513,521434.4,10,,
2026-08-27,DOLTI,,298.9,278,291.6,,,33990,9788267.3,170,,
2026-08-27,DORDI,,242.5,232.1,242,,,55038,13096109.8,99,,
2026-08-27,EBL,,734,723.2,729.5,,,16639,12129771.4,171,,
2026-08-27,ECL,,1464,1400,1400,,,13789,19645497.7,349,,
2026-08-27,EHPL,,321,311,313.9,,,21982,6886043.6,108,,
2026-08-27,ENL,,810,764,764,,,2398,1891098.5,51,,
2026-08-27,FMDBL,,740,718,728,,,7542,5475879.8,91,,
2026-08-27,FOWAD,,880,855,878,,,3029,2643508.8,49,,
2026-08-27,GBIME,,244.8,238,242,,,236991,56980264.7,499,,
2026-08-27,GBLBS,,670,650.1,666,,,2671,1773145,37,,
2026-08-27,GCIL,,374.9,339,370,,,149484,54447734.4,856,,
2026-08-27,GFCL,,578,556.1,570,,,4172,2373130.9,31,,
2026-08-27,GHL,,230,217.1,226.9,,,81589,18311545.6,247,,
2026-08-27,GILB,,1091,1045.1,1089.5,,,917,999054.6,19,,
2026-08-27,GLBSL,,1705,1690,1705,,,160,272480,6,,
2026-08-27,GLH,,252,240.2,247.5,,,47653,11672120,162,,
2026-08-27,GMFBS,,1146,1100.1,1146,,,1466,1620827.8,16,,
2026-08-27,GMFIL,,429,401.1,418.9,,,9007,3765414.2,54,,
2026-08-27,GMLI,,1006.3,921,958.4,,,722,696327.5,39,,
2026-08-27,GUFL,,525,490,494,,,13618,6803976.3,97,,
2026-08-27,GVL,,478.3,461,476.2,,,7835,3695940.3,74,,
2026-08-27,HATHY,,625.5,588,625.5,,,10850,6577799.6,125,,
2026-08-27,HBL,,190.9,185,188.7,,,43589,8189206.6,363,,
2026-08-27,HDHPC,,205,190.8,202,,,72503,14450103.8,312,,
2026-08-27,HDL,,1169,1151,1163,,,27280,31638026,315,,
2026-08-27,HFIN,,640,602,628,,,18504,11538036,427,,
2026-08-27,HHL,,329.9,316.1,326.8,,,9662,3121789.3,89,,
2026-08-27,HIDCL,,242,234,242,,,87588,20992299.9,342,,
2026-08-27,HIMSTAR,,665,628,659.9,,,4618,2996093.2,70,,
2026-08-27,HLBSL,,859.9,849,850,,,1520,1294692.5,18,,
2026-08-27,HLI,,305,295.9,300,,,34374,10344005.2,240,,
2026-08-27,HPPL,,373,365,369,,,92389,33905302,286,,
2026-08-27,HRL,,555,530,537.4,,,72553,39059112.1,720,,
2026-08-27,HURJA,,233,220,230,,,41082,9387696.1,142,,
2026-08-27,ICFC,,600,567.6,590,,,4898,2868618.5,61,,
2026-08-27,IHL,,304,282.5,300,,,7597,2248059.2,62,,
2026-08-27,ILBS,,840,820,838,,,1506,1240084,29,,
2026-08-27,ILI,,406,397.3,403.2,,,6097,2455458.5,142,,
2026-08-27,JBLB,,1258.6,1225,1249.2,,,2963,3682632.9,70,,
2026-08-27,JFL,,388.3,367.2,384.8,,,1773,667946.3,31,,
2026-08-27,JHAPA,,1059.8,980,1013,,,4079,4158106.9,101,,
2026-08-27,JOSHI,,260,245,259.8,,,18387,4652367.8,112,,
2026-08-27,JSLBB,,960,921,960,,,137,128150.8,7,,
2026-08-27,KAHL,,512,478,502.5,,,26809,13239439.8,874,,
2026-08-27,KBL,,214,207.1,212,,,230009,48553965.7,609,,
2026-08-27,KBSH,,897,866.1,880,,,6681,5862940,86,,
2026-08-27,KDL,,740,711,731.1,,,1796,1307601.3,32,,
2026-08-27,KHPL,,785,744.1,760,,,8615,6619038,157,,
2026-08-27,KKHC,,280.2,258,269,,,125700,33603905.5,360,,
2026-08-27,KMCDB,,775,763,774.6,,,382,293428.1,15,,
2026-08-27,KPCL,,457,444.1,454,,,3208,1442151.5,23,,
2026-08-27,LEC,,215,204,213,,,94705,19999713.1,248,,
2026-08-27,LICN,,764,755,761.5,,,10475,7969767.1,39,,
2026-08-27,LLBS,,895,882,882,,,97,85915,3,,
2026-08-27,LSL,,218.9,212,217,,,26219,5674154.2,95,,
2026-08-27,MABEL,,596,553,567.3,,,5846,3311035.1,99,,
2026-08-27,MAKAR,,432,400,401,,,176382,71660890.3,493,,
2026-08-27,MANDU,,720,695,700.1,,,741,522561.5,30,,
2026-08-27,MATRI,,776.6,755,760,,,1550,1174005.8,21,,
2026-08-27,MBJC,,262,248.5,257.1,,,46949,11962173.1,382,,
2026-08-27,MBL,,249.9,244,248,,,27224,6697453.1,84,,
2026-08-27,MCHL,,257,247,254,,,7893,1981405,58,,
2026-08-27,MEHL,,238.3,220,234.6,,,51237,11863444,225,,
2026-08-27,MEL,,201.9,196.3,201.9,,,10526,2098505.6,106,,
2026-08-27,MEN,,622,606,618,,,68663,42242986.1,275,,
2026-08-27,MEPDL,,681.5,645.1,675,,,28463,18754995.7,1634,,
2026-08-27,MERO,,622,600,616.9,,,2755,1688138,22,,
2026-08-27,MFIL,,735,700,735,,,28866,20871789.8,166,,
2026-08-27,MHCL,,282,265.5,275,,,4283,1180710.6,67,,
2026-08-27,MHL,,458.8,437,458.8,,,2338,1046892.6,37,,
2026-08-27,MHNL,,240,226.1,238.8,,,15056,3555061.1,66,,
2026-08-27,MKCL,,883,860,870,,,2553,2217180.4,69,,
2026-08-27,MKHC,,248,236.5,246.9,,,13055,3167843.1,105,,
2026-08-27,MKHL,,495,476,486.5,,,1805,882101.7,32,,
2026-08-27,MKJC,,339,302,325,,,78815,25025387.1,444,,
2026-08-27,MLBBL,,952.9,898,943,,,2637,2426372.1,51,,
2026-08-27,MLBS,,1020,1005,1020,,,180,181400,5,,
2026-08-27,MLBSL,,1117,1090,1096,,,1473,1617683.5,36,,
2026-08-27,MMKJL,,368,318.8,345,,,21103,6991768.6,213,,
2026-08-27,MPFL,,599.8,583.2,597.6,,,7085,4182834,43,,
2026-08-27,MSHL,,550,544,546,,,623,340390,12,,
2026-08-27,MSLB,,1224,1200,1214,,,216,259150.8,10,,
2026-08-27,NABIL,,542,530,540.2,,,36950,19878240.4,335,,
2026-08-27,NADEP,,714,685,714,,,662,458091,15,,
2026-08-27,NBL,,274.8,270,272.3,,,85643,23249184.6,273,,
2026-08-27,NESDO,,1359,1310,1345,,,1126,1486007.8,25,,
2026-08-27,NFS,,541,526,536.9,,,4113,2198646.6,44,,
2026-08-27,NGPL,,404,385.1,398,,,102967,40867558.8,332,,
2026-08-27,NHDL,,627,616,623,,,727,451662.8,18,,
2026-08-27,NHPC,,259,246,254.6,,,188666,47887069.5,527,,
2026-08-27,NICA,,310,305.2,308.1,,,36729,11322074.7,172,,
2026-08-27,NICLBSL,,535.9,512,528,,,3053,1598103.5,53,,
2026-08-27,NIFRA,,240.1,236.5,239,,,54380,12942199.4,295,,
2026-08-27,NIMB,,185,181,185,,,86645,15944217.9,262,,
2026-08-27,NLIC,,700,685,690.3,,,12855,8910650.7,192,,
2026-08-27,NLICL,,566.9,543.4,566.9,,,5126,2856623.2,33,,
2026-08-27,NLO,,277.4,277.4,277.4,,,0,0,0,,
2026-08-27,NMB,,237.9,235.5,236.8,,,22851,5414688.8,125,,
2026-08-27,NMBMF,,590,573,590,,,867,503034.8,10,,
2026-08-27,NMFBS,,1117.5,1082,1105.2,,,978,1080685.8,29,,
2026-08-27,NMLBBL,,497,475.4,490,,,6588,3179946.3,34,,
2026-08-27,NRIC,,869,845,851,,,18548,15918822.8,259,,
2026-08-27,NRM,,295,283.8,288.5,,,3975,1143825.9,75,,
2026-08-27,NRN,,1376.9,1336.1,1349.5,,,32407,43674760.8,227,,
2026-08-27,NTC,,883,865,875,,,4323,3770805.4,87,,
2026-08-27,NUBL,,583,568.1,574,,,3191,1840506.5,30,,
2026-08-27,NWCL,,611,599,603,,,2066,1243987.8,40,,
2026-08-27,NYADI,,368,337,350,,,3951,1360226.4,66,,
2026-08-27,OHL,,624,602,620,,,2612,1586440.4,34,,
2026-08-27,OMPL,,874,849,872,,,1392,1201723.5,55,,
2026-08-27,PCBL,,237.4,233.3,235.5,,,23140,5467453.9,107,,
2026-08-27,PCIL,,635,576.4,621,,,67638,41840318,1181,,
2026-08-27,PFL,,364,364,364,,,0,0,0,,
2026-08-27,PHCL,,300,290.2,297.6,,,32761,9761138.2,160,,
2026-08-27,PMHPL,,307.8,298,300,,,7634,2298181.2,36,,
2026-08-27,PMLI,,410.7,402.1,409.9,,,3000,1222767.6,67,,
2026-08-27,PPCL,,327,312.5,326.9,,,11377,3660133.8,57,,
2026-08-27,PPL,,308,287,308,,,16069,4826177.4,94,,
2026-08-27,PROFL,,391.4,368.1,384,,,8472,3232885.3,71,,
2026-08-27,PRVU,,180.2,175,178.6,,,115369,20606483.1,407,,
2026-08-27,PURE,,774.9,736.3,768,,,5411,4130294.1,64,,
2026-08-27,RADHI,,691,675,685,,,60072,41087876.1,209,,
2026-08-27,RAWA,,425.2,379,407.2,,,18698,7506864.6,99,,
2026-08-27,RFPL,,331,322,330,,,16059,5278339,95,,
2026-08-27,RHGCL,,253.9,241.1,249,,,13851,3443313.5,76,,
2026-08-27,RHPL,,195,175,188,,,420658,77014436.2,1996,,
2026-08-27,RIDI,,349.8,339,345.9,,,265159,91560895.4,569,,
2026-08-27,RLEL,,844,797,844,,,17401,14237842,230,,
2026-08-27,RLFL,,437,415,430,,,16321,6940469.6,85,,
2026-08-27,RNLI,,419.8,407,415,,,4954,2051901.5,128,,
2026-08-27,RSDC,,614,609.9,611.2,,,1229,753158.5,18,,
2026-08-27,RSML,,2764,2685,2728,,,40235,109722028.6,469,,
2026-08-27,RURU,,585,564,585,,,1455,841167.6,33,,
2026-08-27,SAGAR,,1536.7,1454,1522,,,3430,5225001.1,69,,
2026-08-27,SAHAS,,684,672.1,682,,,94363,64067269.2,497,,
2026-08-27,SAIL,,995,940.6,970.1,,,18103,17598027.8,234,,
2026-08-27,SANIMA,,371,363,369,,,95391,35158333,205,,
2026-08-27,SANVI,,580.7,543,579,,,13434,7592387.6,150,,
2026-08-27,SAPIL,,1394.8,1273.5,1394.8,,,4690,6535458,469,,
2026-08-27,SARBTM,,814.4,770.1,793,,,46652,37418839.5,329,,
2026-08-27,SBI,,403,393,400,,,413584,166609173,45,,
2026-08-27,SBL,,412,404.2,411,,,58300,23795333.3,118,,
2026-08-27,SCB,,650,640.7,645,,,8398,5423076.2,54,,
2026-08-27,SGHC,,298,283,290,,,18639,5449996.6,129,,
2026-08-27,SGHL,,510,480.1,493.8,,,62868,30983070.2,1411,,
2026-08-27,SHEL,,295,285.2,292.6,,,70837,20635634.8,177,,
2026-08-27,SHIVM,,661.2,620,650,,,335852,217591632.2,1682,,
2026-08-27,SHL,,508.7,495,508.7,,,12179,6138138.1,50,,
2026-08-27,SHLB,,1323.9,1273,1323.9,,,700,908425.5,19,,
2026-08-27,SHPC,,505,490,502,,,54573,27265327.2,168,,
2026-08-27,SIFC,,490,474.2,485.1,,,4744,2296909,33,,
2026-08-27,SIKLES,,565,540,565,,,12776,7115580.1,88,,
2026-08-27,SIPD,,599.8,560,596,,,13150,7689379.4,239,,
2026-08-27,SJCL,,235,214.2,227,,,115395,25625014.8,661,,
2026-08-27,SJLIC,,402.8,386,402.8,,,10237,4032962.7,110,,
2026-08-27,SKBBL,,745,739.1,742.5,,,2334,1731509.5,58,,
2026-08-27,SKHEL,,877,830,877,,,5023,4281326.3,93,,
2026-08-27,SKHL,,763.6,725.1,750.3,,,10744,8003866,203,,
2026-08-27,SLBBL,,790.1,780,790,,,1465,1149569.7,34,,
2026-08-27,SLBSL,,877.7,845,877,,,615,525405.9,13,,
2026-08-27,SMATA,,699.6,670,695,,,2766,1908421.1,51,,
2026-08-27,SMB,,1760,1701,1745,,,633,1110295,11,,
2026-08-27,SMFBS,,1392,1351.1,1369,,,425,587717.3,11,,
2026-08-27,SMH,,502.9,486,500,,,8984,4439258.1,97,,
2026-08-27,SMHL,,526.9,510,525,,,76086,39632958.3,431,,
2026-08-27,SMJC,,423,411,419,,,7841,3280126.8,61,,
2026-08-27,SMPDA,,745,712.1,740,,,898,647232.7,20,,
2026-08-27,SNLI,,395,376,390,,,9361,3599172.1,183,,
2026-08-27,SNORL,,890,851.2,866,,,7877,6882500.1,234,,
2026-08-27,SOHL,,674,652.1,660,,,160615,106615018.5,1104,,
2026-08-27,SONA,,418.8,387,408,,,154353,62793659.8,944,,
2026-08-27,SOPL,,758,705,758,,,35623,26044006.7,763,,
2026-08-27,SPC,,400,372,397,,,7096,2760309.6,80,,
2026-08-27,SPDL,,355,345.3,353,,,23695,8322556,89,,
2026-08-27,SPHL,,537,508,523,,,2683,1386289.2,57,,
2026-08-27,SPL,,665,611.2,640.9,,,1595,997533.5,23,,
2026-08-27,SRLI,,359.7,352.1,357.3,,,12826,4574181.1,127,,
2026-08-27,SSHL,,196.9,186.7,194,,,101350,19468210.8,338,,
2026-08-27,STC,,5190,5150,5170,,,256,1325917,12,,
2026-08-27,SWASTIK,,1910,1892,1904,,,473,899824,21,,
2026-08-27,SWBBL,,690,655,668,,,4617,3044947.7,75,,
2026-08-27,SWMF,,590,577,587,,,2162,1261655.8,25,,
2026-08-27,SYPNL,,1269.9,1200,1244.3,,,43645,53919082.7,577,,
2026-08-27,TAMOR,,484.5,472.6,482,,,123358,59125162.4,317,,
2026-08-27,TPC,,350,337,350,,,13402,4636851.9,72,,
2026-08-27,TPKHL,,518.5,490,509,,,23278,11772579.3,645,,
2026-08-27,TRH,,818,782.1,818,,,3953,3110521.6,31,,
2026-08-27,TSHL,,344,325,338,,,2038,687700.5,51,,
2026-08-27,TTL,,700,670.1,690,,,7942,5463429.1,175,,
2026-08-27,TVCL,,380,346,354,,,35333,12484708.1,250,,
2026-08-27,UHEWA,,633.7,570,604,,,35926,21796866.1,280,,
2026-08-27,ULBSL,,2500,2376,2408,,,1385,3301609.5,26,,
2026-08-27,ULHC,,305.5,297,301,,,9032,2715033,86,,
2026-08-27,UMHL,,564.8,551.5,559.9,,,19324,10741951,129,,
2026-08-27,UMRH,,528.9,507,519.7,,,1535,793531,26,,
2026-08-27,UNHPL,,361.3,345,358,,,8745,3098495.6,77,,
2026-08-27,UNL,,47200,47200,47200,,,10,472000,1,,
2026-08-27,UNLB,,1279,1221,1240,,,111,137866.6,6,,
2026-08-27,UPCL,,340,321.1,333,,,15766,5234711.7,93,,
2026-08-27,UPPER,,189,180.1,184,,,129011,23712457.9,494,,
2026-08-27,USHEC,,496,483,496,,,699,341394,28,,
2026-08-27,USHL,,551.2,487.3,533.7,,,2261,1161009.2,44,,
2026-08-27,USLB,,970,941,970,,,2224,2119805.8,35,,
2026-08-27,VLBS,,628.5,610.2,620,,,1533,954548.5,59,,
2026-08-27,VLUCL,,383.5,368,383.5,,,4663,1742766,56,,
2026-08-27,YMHL,,593.9,561.5,593.9,,,9782,5660017.6,402,,
2026-08-31,ACLBSL,,900,871,892.4,,,650,579557,17,,
2026-08-31,ADBL,,305,291.2,295.5,,,16748,4962800.7,139,,
2026-08-31,AHL,,380.1,369,369,,,1613,604540.9,44,,
2026-08-31,AHPC,,251.2,247.3,247.5,,,57393,14272649.6,245,,
2026-08-31,AKJCL,,345.3,335.1,336.9,,,136000,45798901,358,,
2026-08-31,AKPL,,241.8,238,241,,,83964,20179121.4,187,,
2026-08-31,ALBSL,,1084,1060.1,1084,,,1215,1298090.3,56,,
2026-08-31,ALICL,,398,390,393.9,,,9322,3656029.1,110,,
2026-08-31,ANLB,,4944,4800,4944,,,1294,6273184.9,41,,
2026-08-31,APHL,,680,651,670.6,,,11133,7439530.2,198,,
2026-08-31,API,,325.9,321.7,322.2,,,132043,42715521.6,486,,
2026-08-31,AVYAN,,1010,975,1000,,,3542,3515502,57,,
2026-08-31,BANDIPUR,,657,621,638.9,,,28076,17894148.8,376,,
2026-08-31,BARUN,,313,306,309,,,28623,8845810,114,,
2026-08-31,BBC,,4070,3942.1,4000,,,668,2683232,29,,
2026-08-31,BEDC,,289,272.7,278,,,23583,6551442.1,126,,
2026-08-31,BFC,,465,445,448.5,,,15468,6975191.5,103,,
2026-08-31,BGWT,,506,466,493,,,2067,992118.5,53,,
2026-08-31,BHCL,,558,528,545,,,47279,25630943.1,291,,
2026-08-31,BHDC,,417,405.1,406,,,13062,5351397.7,83,,
2026-08-31,BHL,,200,195.1,195.3,,,76883,15122729.5,373,,
2026-08-31,BHPL,,454.9,425,433,,,6093,2648895.2,67,,
2026-08-31,BJHL,,660,626,639,,,6320,4001603.9,137,,
2026-08-31,BNHC,,263,251,252,,,20722,5280586.2,138,,
2026-08-31,BNL,,14405,14405,14405,,,0,0,0,,
2026-08-31,BNT,,11600,11551,11570,,,50,578910,5,,
2026-08-31,BPCL,,636,626.2,627,,,20854,13109951.4,121,,
2026-08-31,BUNGAL,,540,510,510.1,,,20729,10769190.3,232,,
2026-08-31,CBBL,,934,921,921,,,10679,9887778.6,155,,
2026-08-31,CFCL,,587.7,560,580,,,45402,26108871.2,192,,
2026-08-31,CGH,,770,761,763.1,,,5167,3959368.5,44,,
2026-08-31,CHCL,,395,360,362.5,,,326757,120866483.8,2031,,
2026-08-31,CHDC,,2176.9,2135,2144.9,,,6712,14392409.4,128,,
2026-08-31,CHL,,258.4,235.9,244,,,47208,11572883.1,170,,
2026-08-31,CIT,,1670.1,1652.2,1652.2,,,5288,8764838.4,117,,
2026-08-31,CITY,,355,329.7,339,,,59505,20360900.7,329,,
2026-08-31,CKHL,,558.1,552.1,553.1,,,200,111375,14,,
2026-08-31,CLI,,417,412.3,412.3,,,6700,2773143.9,206,,
2026-08-31,CREST,,1100,1020,1044,,,6811,7011229.8,134,,
2026-08-31,CYCL,,1630,1512,1615,,,10510,16337279.8,135,,
2026-08-31,CZBIL,,194.7,192,192,,,16973,3272173.1,97,,
2026-08-31,DDBL,,835,822,822.1,,,3443,2836875.8,65,,
2026-08-31,DHEL,,554,542,543,,,8446,4599483.7,162,,
2026-08-31,DHPL,,274,264.1,269.8,,,4193,1119459.5,29,,
2026-08-31,DLBS,,999.8,985,990,,,168,166191.7,11,,
2026-08-31,DOLTI,,290,280,282,,,21538,6062097.5,110,,
2026-08-31,DORDI,,242,235,236.1,,,21125,4993592.1,127,,
2026-08-31,EBL,,726,691.5,711.9,,,47912,34013905.1,540,,
2026-08-31,ECL,,1400,1320,1320,,,19251,26073361.8,486,,
2026-08-31,EHPL,,329.5,295,300,,,13035,3948918,120,,
2026-08-31,ENL,,785,760,784,,,730,558640.5,27,,
2026-08-31,FMDBL,,725,700,720,,,6866,4903653,60,,
2026-08-31,FOWAD,,878,850,859,,,3569,3086275.3,88,,
2026-08-31,GBIME,,246,239.2,240,,,85641,20569333.5,316,,
2026-08-31,GBLBS,,660,651,660,,,2351,1538796.5,33,,
2026-08-31,GCIL,,399.4,375,398,,,173367,67748577.2,1352,,
2026-08-31,GFCL,,573.9,560,569,,,8718,4939211,48,,
2026-08-31,GHL,,230,217,220,,,78097,17130871.7,287,,
2026-08-31,GILB,,1089.8,1070,1070,,,6100,6622302.5,23,,
2026-08-31,GLBSL,,1679,1655,1679,,,71,118207,6,,
2026-08-31,GLH,,251.2,241,241.4,,,33674,8152355.1,152,,
2026-08-31,GMFBS,,1131,1095,1114,,,315,346368,13,,
2026-08-31,GMFIL,,415,410,410,,,3496,1439104.5,31,,
2026-08-31,GMLI,,950,917.1,933,,,828,768083,47,,
2026-08-31,GUFL,,495,485,495,,,11606,5680138.3,105,,
2026-08-31,GVL,,472,465.6,472,,,15776,7408424.3,112,,
2026-08-31,HATHY,,620,590,600,,,10350,6266812,88,,
2026-08-31,HBL,,188,185.4,186.8,,,43451,8085078.5,469,,
2026-08-31,HDHPC,,200,195,195.5,,,111889,22016468,401,,
2026-08-31,HDL,,1169.9,1150.2,1157,,,18704,21677022.1,298,,
2026-08-31,HFIN,,625,611.5,612,,,15409,9489195.9,408,,
2026-08-31,HHL,,324,315,317,,,15130,4788299.6,102,,
2026-08-31,HIDCL,,241,236.7,236.8,,,45104,10732861,228,,
2026-08-31,HIMSTAR,,650,625,640,,,4645,2963184.6,69,,
2026-08-31,HLBSL,,850,840,850,,,426,360014,7,,
2026-08-31,HLI,,301,284.3,287,,,48460,14185997,397,,
2026-08-31,HPPL,,372.2,354.1,358,,,51754,18518637.2,205,,
2026-08-31,HRL,,537.4,506,515,,,95707,49318241.6,1066,,
2026-08-31,HURJA,,231,225,226,,,45909,10396638.1,160,,
2026-08-31,ICFC,,589,580.5,580.5,,,3428,1996937.1,46,,
2026-08-31,IHL,,308.6,291,295,,,4452,1318121.3,44,,
2026-08-31,ILBS,,849,815.5,834.9,,,756,625660.8,15,,
2026-08-31,ILI,,403,397,399,,,11181,4462324.1,218,,
2026-08-31,JBLB,,1245,1236.1,1239,,,2045,2533561.2,86,,
2026-08-31,JFL,,375,371,372,,,2323,867860.6,32,,
2026-08-31,JHAPA,,1020,1000,1001.3,,,2291,2304813.1,57,,
2026-08-31,JOSHI,,263.5,250.1,255,,,10141,2577796.5,74,,
2026-08-31,JSLBB,,933,933,933,,,10,9330,1,,
2026-08-31,KAHL,,502.5,475.4,476,,,24009,11596718.5,1019,,
2026-08-31,KBL,,212,209.7,211,,,178540,37595910.4,449,,
2026-08-31,KBSH,,924,800,839,,,9031,7613587.5,151,,
2026-08-31,KDL,,729,711.1,715,,,2197,1575224.2,57,,
2026-08-31,KHPL,,751,735.1,741,,,3933,2918045,132,,
2026-08-31,KKHC,,270,260.4,263.3,,,76177,20136206.7,215,,
2026-08-31,KMCDB,,768,745.5,767,,,2055,1549768.4,29,,
2026-08-31,KPCL,,454,440.6,448,,,7654,3421621.5,68,,
2026-08-31,LEC,,213,207.1,208,,,75287,15730904.3,211,,
2026-08-31,LICN,,760.6,751,752.1,,,13018,9835003.1,70,,
2026-08-31,LLBS,,860,850,860,,,148,126170.4,7,,
2026-08-31,LSL,,217.5,215.1,217.1,,,63898,13827380.2,154,,
2026-08-31,MABEL,,558.1,553.1,553.3,,,5017,2782541.2,80,,
2026-08-31,MAKAR,,405,390.2,390.2,,,55437,21993995.9,301,,
2026-08-31,MANDU,,688,622,635,,,3851,2509176,74,,
2026-08-31,MATRI,,750,725,726,,,365,269762,12,,
2026-08-31,MBJC,,260,254,256.9,,,50127,12835684.9,326,,
2026-08-31,MBL,,250,241,245,,,62567,15289172.4,141,,
2026-08-31,MCHL,,249,233.1,238.8,,,9868,2336977.2,74,,
2026-08-31,MEHL,,234.9,222.6,234.9,,,82844,18918469.3,257,,
2026-08-31,MEL,,202,195,195,,,17134,3362074.5,122,,
2026-08-31,MEN,,618,608,614.4,,,72186,44182728.6,310,,
2026-08-31,MEPDL,,675,620.1,630,,,34393,21985929,1581,,
2026-08-31,MERO,,602.8,600,601,,,1662,998092.6,31,,
2026-08-31,MFIL,,730,705,723.9,,,12622,9121099.6,106,,
2026-08-31,MHCL,,275.5,261,274,,,3178,851592,56,,
2026-08-31,MHL,,450,437,447,,,3670,1617668.5,59,,
2026-08-31,MHNL,,236,226,233.9,,,8450,1938575.9,57,,
2026-08-31,MKCL,,884.9,810,820,,,3930,3269289.4,71,,
2026-08-31,MKHC,,244.9,232.9,233,,,14448,3444079,116,,
2026-08-31,MKHL,,485.9,467.1,471.6,,,1887,890220.7,41,,
2026-08-31,MKJC,,320,276.3,276.3,,,106702,30066033.9,533,,
2026-08-31,MLBBL,,937,894,915,,,4090,3712654.8,51,,
2026-08-31,MLBS,,1010,985,1000,,,140,138533.4,9,,
2026-08-31,MLBSL,,1128,1050,1050,,,2828,2992413,60,,
2026-08-31,MMKJL,,345,309,322.9,,,19330,6132574.8,212,,
2026-08-31,MPFL,,595,580,586,,,3609,2099433.4,42,,
2026-08-31,MSHL,,531.5,510.3,510.3,,,1760,920321.4,36,,
2026-08-31,MSLB,,1214,1191,1200,,,390,468707,13,,
2026-08-31,NABIL,,545,535.1,535.2,,,43318,23232512.6,383,,
2026-08-31,NADEP,,707,672.1,704,,,172,118395.7,7,,
2026-08-31,NBL,,272.1,270,270,,,52568,14221169.7,231,,
2026-08-31,NESDO,,1310.1,1300,1300,,,550,718448.5,22,,
2026-08-31,NFS,,535,525,525,,,5886,3105379.8,68,,
2026-08-31,NGPL,,399,387,390,,,97306,38130295.9,310,,
2026-08-31,NHDL,,620,606.2,619.5,,,2492,1530281.6,17,,
2026-08-31,NHPC,,254,245,248,,,129856,32331611.8,429,,
2026-08-31,NICA,,312,304,306,,,42554,13006322.5,235,,
2026-08-31,NICLBSL,,531,506,519,,,5419,2794972.5,88,,
2026-08-31,NIFRA,,245,238.7,240.1,,,76713,18428940,487,,
2026-08-31,NIMB,,190,181.2,182.7,,,71528,13025270.2,300,,
2026-08-31,NLIC,,700,685.1,685.9,,,18184,12504273.6,211,,
2026-08-31,NLICL,,564.9,538.4,538.4,,,12662,6968996.3,59,,
2026-08-31,NLO,,277.4,277.4,277.4,,,0,0,0,,
2026-08-31,NMB,,237,235,235.3,,,44597,10504083.3,170,,
2026-08-31,NMBMF,,590,572,589,,,2365,1353704.6,14,,
2026-08-31,NMFBS,,1110,1091.5,1108,,,1645,1800578.8,50,,
2026-08-31,NMLBBL,,485,470.6,477,,,3251,1547547,42,,
2026-08-31,NRIC,,851,788,793,,,55459,44840308,484,,
2026-08-31,NRM,,288,278,280,,,5610,1577620.1,88,,
2026-08-31,NRN,,1351,1332.4,1339,,,18536,24792340.5,164,,
2026-08-31,NTC,,880,870,870,,,4811,4192314.2,119,,
2026-08-31,NUBL,,574,570,571,,,1706,974950.2,28,,
2026-08-31,NWCL,,600,576,581,,,1722,1006891,47,,
2026-08-31,NYADI,,345,335.3,343.8,,,6849,2337793.1,53,,
2026-08-31,OHL,,606,590,595.1,,,1985,1192245.8,30,,
2026-08-31,OMPL,,861.6,846,855,,,2399,2049322.6,75,,
2026-08-31,PCBL,,236,232,233.5,,,33319,7773020.4,134,,
2026-08-31,PCIL,,654,615,646,,,105652,67659854,1787,,
2026-08-31,PFL,,364,364,364,,,0,0,0,,
2026-08-31,PHCL,,302,290.1,292,,,62526,18304913.5,266,,
2026-08-31,PMHPL,,295,291,295,,,6205,1816403.3,37,,
2026-08-31,PMLI,,405,400,400.1,,,2485,995029,96,,
2026-08-31,PPCL,,330,317.1,325.9,,,18337,5939726,55,,
2026-08-31,PPL,,305,293,295,,,24282,7147035.1,133,,
2026-08-31,PROFL,,386,374.1,375.1,,,3775,1434372,44,,
2026-08-31,PRVU,,183,169.7,175.5,,,88370,15569868.9,397,,
2026-08-31,PURE,,775,746.1,775,,,6232,4705069.3,71,,
2026-08-31,RADHI,,680.4,667,674,,,42630,28644274.5,194,,
2026-08-31,RAWA,,427.5,394.6,397.5,,,5545,2202128.2,82,,
2026-08-31,RFPL,,324.6,316,322,,,29050,9332525.7,133,,
2026-08-31,RHGCL,,249,239.8,242,,,15523,3747014.3,105,,
2026-08-31,RHPL,,185,163.9,165.9,,,379967,64077632.3,1739,,
2026-08-31,RIDI,,344.9,335.5,339.5,,,214321,72671163.8,463,,
2026-08-31,RLEL,,921,790,790,,,9255,7545910.6,179,,
2026-08-31,RLFL,,434.9,411.2,414.9,,,13700,5701715.3,95,,
2026-08-31,RNLI,,420,407,408,,,17767,7292673.1,259,,
2026-08-31,RSDC,,613,603.1,610,,,1674,1014371.2,31,,
2026-08-31,RSML,,2770,2696,2724,,,44684,121431587.8,556,,
2026-08-31,RURU,,582,570.1,572.1,,,656,375907.5,26,,
2026-08-31,SAGAR,,1505,1476,1476,,,6205,9251005.5,119,,
2026-08-31,SAHAS,,684,670,670.9,,,126626,85125527.5,682,,
2026-08-31,SAIL,,999,950,985,,,17724,17311351.7,267,,
2026-08-31,SANIMA,,363,358,359,,,166345,59822966.2,467,,
2026-08-31,SANVI,,570,555,560,,,3669,2052756.5,93,,
2026-08-31,SAPIL,,1604,1276,1276,,,115467,159195100.8,11182,,
2026-08-31,SARBTM,,814,793.2,813.9,,,34470,27770793,277,,
2026-08-31,SBI,,415,391.1,398.7,,,10366,4085594.1,53,,
2026-08-31,SBL,,413,406.1,411,,,47057,19262464.4,129,,
2026-08-31,SCB,,654.9,641.1,642.3,,,10921,7057043.5,90,,
2026-08-31,SGHC,,290,281.1,285,,,16888,4807200.2,114,,
2026-08-31,SGHL,,494,467,471.2,,,60004,28804918.9,1801,,
2026-08-31,SHEL,,290.8,287,289,,,52408,15146356.7,182,,
2026-08-31,SHIVM,,670,650,664,,,397552,263878882.5,1970,,
2026-08-31,SHL,,511,496,497.1,,,12590,6271106.7,54,,
2026-08-31,SHLB,,1289.1,1260,1262.5,,,380,484539.5,14,,
2026-08-31,SHPC,,500,492.2,495,,,50020,24761595.6,160,,
2026-08-31,SIFC,,495,475,482.4,,,4637,2240409.4,38,,
2026-08-31,SIKLES,,565,550.3,553.1,,,2868,1592108.4,58,,
2026-08-31,SIPD,,590,563,581,,,11039,6292129,316,,
2026-08-31,SJCL,,236,227,231.1,,,37981,8781073.2,348,,
2026-08-31,SJLIC,,400,390.1,390.2,,,12818,5023982.1,138,,
2026-08-31,SKBBL,,743.9,735,741.6,,,6986,5164589.5,74,,
2026-08-31,SKHEL,,885,800,815,,,7026,5828945.8,143,,
2026-08-31,SKHL,,750,707,709.1,,,12937,9410459.2,229,,
2026-08-31,SLBBL,,784.9,772,779,,,1128,878462.4,25,,
2026-08-31,SLBSL,,899.9,873,882.5,,,85,74699.5,6,,
2026-08-31,SMATA,,685,665.1,675,,,2353,1592622.6,51,,
2026-08-31,SMB,,1749,1705.1,1722,,,525,902204,19,,
2026-08-31,SMFBS,,1394,1305,1319,,,122,164137,9,,
2026-08-31,SMH,,500,490,490,,,8607,4243634.2,76,,
2026-08-31,SMHL,,527.9,520,525,,,92542,48487962.3,402,,
2026-08-31,SMJC,,415,394.1,400,,,15436,6216827.3,156,,
2026-08-31,SMPDA,,735,720,729,,,1161,839644.9,30,,
2026-08-31,SNLI,,391,375,387.6,,,10890,4210905.1,178,,
2026-08-31,SNORL,,864.9,840,850.1,,,11040,9432028,341,,
2026-08-31,SOHL,,664.8,645.9,648,,,75473,49150788.8,1095,,
2026-08-31,SONA,,425,403,416.9,,,188835,78494404.4,1035,,
2026-08-31,SOPL,,758,733,736,,,19391,14352472.9,705,,
2026-08-31,SPC,,408.9,377,382,,,9991,3805839.3,61,,
2026-08-31,SPDL,,359.9,345.1,349.7,,,32622,11343442.9,84,,
2026-08-31,SPHL,,540,495,540,,,8262,4211799.8,101,,
2026-08-31,SPL,,621.7,603.1,619.9,,,1204,728633,20,,
2026-08-31,SRLI,,358,350,354.7,,,20451,7218876.5,157,,
2026-08-31,SSHL,,192,188,188,,,80406,15274163.5,305,,
2026-08-31,STC,,5300,5150.1,5168,,,265,1369319.9,16,,
2026-08-31,SWASTIK,,1904,1807,1859.9,,,666,1241405.1,33,,
2026-08-31,SWBBL,,668,650.3,663.9,,,4323,2868848.5,43,,
2026-08-31,SWMF,,580,574,580,,,1379,793763.2,30,,
2026-08-31,SYPNL,,1319,1230.1,1293,,,85617,110549611.2,1167,,
2026-08-31,TAMOR,,480,475,480,,,91097,43445609.2,296,,
2026-08-31,TPC,,348,340.5,344,,,7928,2727660,42,,
2026-08-31,TPKHL,,505,488,488,,,18884,9306847.2,657,,
2026-08-31,TRH,,812,777,790,,,26643,20991442.5,49,,
2026-08-31,TSHL,,336,321.1,325,,,3321,1088587.5,71,,
2026-08-31,TTL,,685,670.2,670.2,,,8539,5773942.8,184,,
2026-08-31,TVCL,,345,300.9,344,,,26131,8314129.8,283,,
2026-08-31,UHEWA,,618,585,590,,,23268,13758831.9,246,,
2026-08-31,ULBSL,,2725,2310,2725,,,1952,4745739.4,54,,
2026-08-31,ULHC,,300,286,287.1,,,10586,3073817.5,91,,
2026-08-31,UMHL,,558,548,558,,,93138,51372671.2,158,,
2026-08-31,UMRH,,514.9,505.1,514.9,,,4276,2169292.7,36,,
2026-08-31,UNHPL,,358.8,340.1,349.8,,,19119,6643476.8,95,,
2026-08-31,UNL,,46300,46200,46200,,,20,925000,2,,
2026-08-31,UNLB,,1277,1198,1233.9,,,1017,1239551,24,,
2026-08-31,UPCL,,326,318.4,324,,,68824,22157182.1,196,,
2026-08-31,UPPER,,186,180.1,181.2,,,78180,14199295.8,455,,
2026-08-31,USHEC,,490,481.3,481.3,,,6455,3115551.9,70,,
2026-08-31,USHL,,520,511.1,520,,,412,212344.8,27,,
2026-08-31,USLB,,952,944,951,,,1314,1249229.3,25,,
2026-08-31,VLBS,,616.4,605,607.9,,,2289,1391885.6,88,,
2026-08-31,VLUCL,,387.5,363.3,368,,,2695,987225,53,,
2026-08-31,YMHL,,580,560,571,,,12681,7161876.2,534,,
