date,symbol,open,high,low,close,prev_close,vwap,volume,turnover,trades,week_52_high,week_52_low
2026-01-01,ACLBSL,,945,912.1,925,,,2106,1942736.5,46,,
2026-01-01,ADBL,,296.5,290,295,,,89799,26242678,194,,
2026-01-01,AHL,,550,535,543,,,10546,5697829.8,111,,
2026-01-01,AHPC,,278,273.6,273.9,,,143554,39457287.7,442,,
2026-01-01,AKJCL,,196,191.2,193,,,85837,16538937.4,268,,
2026-01-01,AKPL,,251,244.1,245.8,,,61915,15214843.5,186,,
2026-01-01,ALBSL,,1199.9,1162.3,1199.9,,,30682,36363390.6,246,,
2026-01-01,ALICL,,470,465,465.5,,,41624,19460423.3,211,,
2026-01-01,ANLB,,6085,6020,6079.9,,,135,814228.6,16,,
2026-01-01,API,,296,291,294,,,224858,65982660.4,553,,
2026-01-01,AVYAN,,935,906,920.6,,,3674,3362509.8,61,,
2026-01-01,BANDIPUR,,799,770,778.3,,,148443,116785246.3,2492,,
2026-01-01,BARUN,,320,313.1,313.9,,,64522,20320776.5,275,,
2026-01-01,BBC,,4869,4795,4818.9,,,417,2007328.4,27,,
2026-01-01,BEDC,,542.7,530,539,,,13156,7064911.1,96,,
2026-01-01,BFC,,468,456.2,456.2,,,8139,3746055.3,45,,
2026-01-01,BGWT,,780.3,760,765,,,927,710326.3,32,,
2026-01-01,BHCL,,505,487.4,497.4,,,86888,43405764.6,1210,,
2026-01-01,BHDC,,488,477.3,477.9,,,24444,11762567.4,158,,
2026-01-01,BHL,,179,177,177.1,,,44697,7925658.3,269,,
2026-01-01,BHPL,,530.4,513.1,516,,,67861,35196944.9,357,,
2026-01-01,BNHC,,447.5,437.1,439,,,5058,2226426.8,65,,
2026-01-01,BNL,,16250,16250,16250,,,20,325000,1,,
2026-01-01,BNT,,12240,11800,11800,,,50,602455,5,,
2026-01-01,BPCL,,755,727.1,745.1,,,164149,122385734.4,549,,
2026-01-01,BUNGAL,,644,587,620.3,,,188747,116656783.7,1828,,
2026-01-01,CBBL,,937,925.4,932,,,11892,11074209.8,187,,
2026-01-01,CFCL,,484,470,470,,,10110,4779911.5,58,,
2026-01-01,CGH,,870,848,859,,,11725,10079445,85,,
2026-01-01,CHCL,,478.1,464,471,,,40421,19064169.9,367,,
2026-01-01,CHDC,,2279,2236,2243,,,9113,20471930.2,142,,
2026-01-01,CHL,,264,254.8,256.7,,,37493,9617847.5,139,,
2026-01-01,CIT,,1848.9,1835,1835,,,5246,9647448.4,143,,
2026-01-01,CITY,,483.4,474,475.1,,,12239,5841890.7,113,,
2026-01-01,CKHL,,673,650,665,,,3966,2594669.1,49,,
2026-01-01,CLI,,473,464.2,467,,,38469,17936196,361,,
2026-01-01,CREST,,1222,1196,1197,,,7083,8545388.6,253,,
2026-01-01,CYCL,,1640,1527,1639,,,4101,6401307.6,96,,
2026-01-01,CZBIL,,198.8,193.1,198.8,,,29036,5696852.1,110,,
2026-01-01,DDBL,,804.5,799,800,,,6182,4950891.1,85,,
2026-01-01,DHEL,,589.9,560,584.9,,,73078,42297867.9,1245,,
2026-01-01,DHPL,,296,290,291.6,,,6370,1857563.3,38,,
2026-01-01,DLBS,,1339,1314.2,1314.2,,,974,1280926.6,22,,
2026-01-01,DOLTI,,517.8,508,508,,,8219,4193759,74,,
2026-01-01,DORDI,,264.9,254,254.5,,,61452,15778413.9,287,,
2026-01-01,EBL,,661.5,652,652,,,15716,10318718.2,144,,
2026-01-01,EHPL,,402.9,390,390,,,36417,14283773.1,207,,
2026-01-01,ENL,,900,886,900,,,80,71645,7,,
2026-01-01,FMDBL,,779.9,770,770.1,,,11624,8980619.7,96,,
2026-01-01,FOWAD,,1105,1070,1084.1,,,788,845771.1,26,,
2026-01-01,GBIME,,231,226.8,227,,,40289,9197167.2,189,,
2026-01-01,GBLBS,,821,787,787,,,7210,5729128.1,138,,
2026-01-01,GCIL,,417.9,412,412.1,,,7493,3107822.7,150,,
2026-01-01,GFCL,,591,578.2,590,,,29870,17523599.8,143,,
2026-01-01,GHL,,211.8,209,211.7,,,26214,5502471.7,114,,
2026-01-01,GILB,,1182,1160.1,1170,,,3982,4646681.7,64,,
2026-01-01,GLBSL,,1965,1935,1959.7,,,1480,2874960.2,29,,
2026-01-01,GLH,,249.5,243.7,249.5,,,20064,4911839.9,125,,
2026-01-01,GMFBS,,1524,1490.1,1524,,,229,342608.3,11,,
2026-01-01,GMFIL,,466,452,452.9,,,21150,9592968.2,116,,
2026-01-01,GMLI,,1727.9,1700.2,1720,,,1155,1982474,52,,
2026-01-01,GUFL,,514,495.1,500,,,4336,2181782.3,47,,
2026-01-01,GVL,,509.9,499.1,501,,,60355,30285490.7,307,,
2026-01-01,HATHY,,904,880,887,,,15079,13364650.9,190,,
2026-01-01,HBL,,190.6,187,190.5,,,87568,16571197.5,1467,,
2026-01-01,HDHPC,,180.5,173.4,175,,,42974,7537382.2,151,,
2026-01-01,HDL,,1170,1155,1156.1,,,35545,41208240.1,327,,
2026-01-01,HHL,,328.1,321.6,324,,,23358,7555682.7,157,,
2026-01-01,HIDCL,,262.2,256,258.9,,,114299,29477679.3,264,,
2026-01-01,HIMSTAR,,924,824.2,909,,,61540,54760254.9,916,,
2026-01-01,HLBSL,,938,926.8,930,,,4909,4567262.1,45,,
2026-01-01,HLI,,375,367.3,369.1,,,23436,8657338,279,,
2026-01-01,HPPL,,478,462,462.1,,,32947,15289128.6,193,,
2026-01-01,HRL,,863,838.1,838.7,,,114531,96704307.4,998,,
2026-01-01,HURJA,,227.9,221.1,221.1,,,21852,4872045.3,82,,
2026-01-01,ICFC,,635,625,627,,,50782,31914165.9,101,,
2026-01-01,IHL,,579,548.8,565.2,,,15551,8819613.5,184,,
2026-01-01,ILBS,,1035,945,971.9,,,16080,15537241.5,129,,
2026-01-01,ILI,,443,440,440,,,13774,6074296.5,258,,
2026-01-01,JBLB,,1480,1451,1470.1,,,8277,12158448,168,,
2026-01-01,JFL,,414.4,407,410.8,,,7459,3055253.6,48,,
2026-01-01,JHAPA,,1369,1275,1320,,,27353,36296977,583,,
2026-01-01,JOSHI,,285,280,281,,,43706,12290407.1,277,,
2026-01-01,JSLBB,,1178,1156,1178,,,164,189454.9,9,,
2026-01-01,KBL,,181,179,179.4,,,70313,12632478.9,249,,
2026-01-01,KBSH,,1700,1686.1,1690,,,156,264049.1,6,,
2026-01-01,KDL,,799.5,781,790,,,7795,6151393,126,,
2026-01-01,KKHC,,218.7,214,214.1,,,37784,8128406.1,157,,
2026-01-01,KMCDB,,1140,1042,1119,,,20959,22319773.5,226,,
2026-01-01,KPCL,,575,539.1,568,,,41716,22805008.7,201,,
2026-01-01,LEC,,199,194.2,195.5,,,42478,8352866,146,,
2026-01-01,LICN,,905,873,887,,,15341,13499734.3,151,,
2026-01-01,LLBS,,970,952,960,,,84,80853,4,,
2026-01-01,LSL,,214.9,212,212.9,,,38855,8253888.7,108,,
2026-01-01,MABEL,,722,685,717,,,93999,66949675,1287,,
2026-01-01,MAKAR,,554.8,542.1,545,,,7335,4008224.8,47,,
2026-01-01,MANDU,,800,783.1,793,,,2154,1703924,46,,
2026-01-01,MATRI,,1015,1000,1008,,,2314,2329202.9,41,,
2026-01-01,MBJC,,284,280,283,,,15075,4255943,203,,
2026-01-01,MBL,,229.2,215.7,222,,,25537,5663465.4,96,,
2026-01-01,MCHL,,439,424,431.5,,,8513,3672673.2,88,,
2026-01-01,MEHL,,437.8,424,427,,,17738,7589023.9,159,,
2026-01-01,MEL,,270,266,267.5,,,17464,4666972.1,155,,
2026-01-01,MEN,,570,560.1,565,,,42336,23812041.6,244,,
2026-01-01,MERO,,760,735,745.6,,,9292,6855159,82,,
2026-01-01,MFIL,,722.9,705,718,,,118773,85194353.8,267,,
2026-01-01,MHCL,,396.9,383.8,389,,,9675,3724516.7,88,,
2026-01-01,MHL,,493,480,486,,,11481,5575013.5,81,,
2026-01-01,MHNL,,250,240.1,241.1,,,11425,2763149.3,50,,
2026-01-01,MKCL,,1387,1358,1360,,,2394,3261817.4,38,,
2026-01-01,MKHC,,357,351,357,,,8785,3100652.3,90,,
2026-01-01,MKHL,,785,770.5,771.5,,,2944,2282823.8,64,,
2026-01-01,MKJC,,524,510.2,510.4,,,15753,8113085.4,93,,
2026-01-01,MLBBL,,1333,1312.1,1327,,,2776,3659880,50,,
2026-01-01,MLBS,,1450,1425,1450,,,1243,1782249.7,31,,
2026-01-01,MLBSL,,1980,1929.7,1955,,,491,950026.4,23,,
2026-01-01,MMKJL,,654,605,614.8,,,24698,15302043,228,,
2026-01-01,MPFL,,616,602,606.1,,,34355,21002719,194,,
2026-01-01,MSHL,,840,830,840,,,2141,1790640.8,37,,
2026-01-01,MSLB,,1310,1270,1272,,,3891,4981717.2,83,,
2026-01-01,NABIL,,496,490,492,,,35796,17621654.7,439,,
2026-01-01,NADEP,,826,800,820,,,4588,3697505.8,48,,
2026-01-01,NBL,,241.6,237,238,,,72740,17285763.2,218,,
2026-01-01,NESDO,,1524,1470,1491,,,633,938452.4,26,,
2026-01-01,NFS,,630,618,618,,,8455,5260963.1,97,,
2026-01-01,NGPL,,406,391,396.9,,,143323,56921407.1,434,,
2026-01-01,NHDL,,780,710,742,,,31787,23442146.2,136,,
2026-01-01,NHPC,,194.7,186.2,187.9,,,40388,7594733.1,125,,
2026-01-01,NICA,,332.9,322.2,324.8,,,25445,8274144.9,138,,
2026-01-01,NICLBSL,,565,547.6,555,,,12786,7067717.3,93,,
2026-01-01,NIFRA,,268.4,263.1,265,,,53643,14205538.1,350,,
2026-01-01,NIMB,,194.9,191.1,191.5,,,191570,37069906.5,203,,
2026-01-01,NLIC,,788,770,771,,,44825,34998012,185,,
2026-01-01,NLICL,,589.8,573.1,578,,,10575,6137541,102,,
2026-01-01,NLO,,254.1,254.1,254.1,,,0,0,0,,
2026-01-01,NMB,,242.9,237.1,238.8,,,28358,6742556.2,109,,
2026-01-01,NMBMF,,711,680,694,,,3074,2104728.8,46,,
2026-01-01,NMFBS,,1318.9,1296.2,1310,,,4193,5459246.9,53,,
2026-01-01,NMLBBL,,649,632.1,639.8,,,5171,3281004.9,49,,
2026-01-01,NRIC,,1270,1245.6,1262,,,39349,49211432.2,288,,
2026-01-01,NRM,,425,414.1,414.8,,,18564,7727294.5,173,,
2026-01-01,NRN,,1377,1351.1,1362.6,,,49788,68386016.5,84,,
2026-01-01,NTC,,909,902.2,905,,,74592,67568456.3,556,,
2026-01-01,NUBL,,720,705.2,705.4,,,5229,3715597.7,68,,
2026-01-01,NWCL,,834,793.9,810,,,7900,6412365.4,104,,
2026-01-01,NYADI,,435,415,417,,,88498,37539222,779,,
2026-01-01,OHL,,709,696,706.4,,,4825,3400372,25,,
2026-01-01,OMPL,,1300,1263,1276,,,20163,25919231.2,451,,
2026-01-01,PCBL,,264.9,260.7,261.6,,,126378,33232327.2,329,,
2026-01-01,PFL,,364,357,360,,,6228,2239450.5,55,,
2026-01-01,PHCL,,272,265,265,,,75170,20078486.1,280,,
2026-01-01,PMHPL,,323,313,315,,,23164,7283455.8,95,,
2026-01-01,PMLI,,504,494.1,497,,,10121,5032931.3,119,,
2026-01-01,PPCL,,351,341.2,348,,,30700,10619586.1,113,,
2026-01-01,PPL,,323,313,317,,,93484,29592562.4,293,,
2026-01-01,PROFL,,453.4,445,450,,,5485,2458036.5,44,,
2026-01-01,PRVU,,187.8,185,185.2,,,64352,11952841.9,245,,
2026-01-01,PURE,,1045,970,1025,,,82519,84169454.1,1114,,
2026-01-01,RADHI,,760,743,745,,,97829,73332803.5,324,,
2026-01-01,RAWA,,716,690,709,,,3648,2546013.5,63,,
2026-01-01,RFPL,,364.9,353,355.9,,,65861,23505164.7,323,,
2026-01-01,RHGCL,,249,242.8,243,,,36846,9044313.4,149,,
2026-01-01,RHPL,,274,269.2,272,,,15797,4289371.8,110,,
2026-01-01,RIDI,,225,221,221.9,,,40422,8980144.5,133,,
2026-01-01,RLFL,,428,415,417,,,7316,3046663.4,59,,
2026-01-01,RNLI,,480,474.1,475.9,,,42147,20030816.5,456,,
2026-01-01,RSDC,,643,630,643,,,12911,8166212.2,97,,
2026-01-01,RURU,,682,668,670.5,,,7364,4932114.2,82,,
2026-01-01,SAGAR,,1725,1650.5,1699.9,,,61283,104468595.2,1051,,
2026-01-01,SAHAS,,554,547,548,,,31871,17536529.4,276,,
2026-01-01,SAIL,,882,840,854,,,129484,112327193.6,2473,,
2026-01-01,SANIMA,,325,316.6,317.1,,,27907,8909743.4,142,,
2026-01-01,SANVI,,690,651.3,677.9,,,109174,73831023.8,1050,,
2026-01-01,SARBTM,,906,875.2,875.3,,,27665,24690940.3,98,,
2026-01-01,SBI,,407.5,399.5,405,,,36796,14744528.5,96,,
2026-01-01,SBL,,378.4,371,376.8,,,64976,24305381.2,194,,
2026-01-01,SCB,,638,627.1,632,,,24484,15414181.2,105,,
2026-01-01,SGHC,,429,388,390,,,74194,29166745,281,,
2026-01-01,SHEL,,275.6,270,272.7,,,66171,17974898.4,253,,
2026-01-01,SHIVM,,614,598,607.5,,,229077,138063631.1,798,,
2026-01-01,SHL,,494,480,487.9,,,14998,7316628.4,48,,
2026-01-01,SHLB,,1594,1564.4,1579,,,1778,2800402.8,54,,
2026-01-01,SHPC,,536,525,525,,,38453,20315594.7,193,,
2026-01-01,SIFC,,507.9,496.1,499.9,,,6235,3107517.9,63,,
2026-01-01,SIKLES,,574.8,560,568,,,12938,7376361.7,97,,
2026-01-01,SJCL,,290,285,286.6,,,8339,2389228.8,61,,
2026-01-01,SJLIC,,470,460,465.1,,,125699,58378984.2,389,,
2026-01-01,SKBBL,,784.9,774,776,,,6022,4675377.3,94,,
2026-01-01,SLBBL,,951,939,946,,,44479,41927836,489,,
2026-01-01,SLBSL,,1300,1275,1292,,,857,1111011,25,,
2026-01-01,SMATA,,806.9,795.4,803,,,3621,2899355.5,82,,
2026-01-01,SMB,,1760,1740,1745,,,1269,2218215.5,47,,
2026-01-01,SMFBS,,1700,1659.1,1700,,,651,1086565.1,16,,
2026-01-01,SMH,,710,693.8,710,,,2187,1526047.8,35,,
2026-01-01,SMHL,,571.2,548.8,560,,,43833,24392817.9,233,,
2026-01-01,SMJC,,502,485.1,492,,,11095,5419816.9,128,,
2026-01-01,SMPDA,,885,874,884,,,1953,1711786.4,53,,
2026-01-01,SNLI,,480,467.5,468,,,38828,18197650.7,354,,
2026-01-01,SONA,,427,420.1,421.4,,,18285,7743265.9,270,,
2026-01-01,SPC,,539,525,533,,,33703,17855394.3,164,,
2026-01-01,SPDL,,388,382,383,,,91375,35088996.3,354,,
2026-01-01,SPHL,,569.9,540.7,543,,,22865,12528960.6,160,,
2026-01-01,SPL,,839.2,820.2,827,,,1701,1411751,39,,
2026-01-01,SRLI,,395,390,392.5,,,28563,11237334.4,205,,
2026-01-01,SSHL,,155.5,152.5,152.7,,,88979,13637735.6,317,,
2026-01-01,STC,,5630,5500,5525,,,1595,8802308.8,52,,
2026-01-01,SWASTIK,,2830,2742.3,2770,,,5516,15369013.1,275,,
2026-01-01,SWBBL,,745.6,730.4,737,,,3682,2698663.5,38,,
2026-01-01,SWMF,,685,668,673,,,2636,1771951.7,39,,
2026-01-01,SYPNL,,1064.8,973,1056,,,226280,234111465.5,7561,,
2026-01-01,TAMOR,,448,441.6,444,,,15772,6989317.1,152,,
2026-01-01,TPC,,379,366,367.8,,,53117,19555882.2,219,,
2026-01-01,TRH,,710.9,704,710,,,1115,790956.9,18,,
2026-01-01,TSHL,,723.7,705.2,722.7,,,5575,3994617.2,68,,
2026-01-01,TTL,,810,767,787.8,,,84688,67272837,1214,,
2026-01-01,TVCL,,404,388.2,391.5,,,5958,2324779.8,79,,
2026-01-01,UHEWA,,555.1,544,548.9,,,18940,10389134.7,219,,
2026-01-01,ULBSL,,3575,3370,3480,,,916,3141979.5,33,,
2026-01-01,ULHC,,467,455.6,459,,,18870,8688471.1,130,,
2026-01-01,UMHL,,568.2,560.1,564,,,56094,31541620.3,158,,
2026-01-01,UMRH,,558.9,540.5,545,,,4920,2684036.6,72,,
2026-01-01,UNHPL,,489.6,472.3,475.7,,,114424,54776946.6,247,,
2026-01-01,UNL,,47199,47000,47000,,,66,3103990,4,,
2026-01-01,UNLB,,1900,1888,1889,,,274,518045,15,,
2026-01-01,UPCL,,365,359.5,361,,,73814,26647911.9,285,,
2026-01-01,UPPER,,175,173,173.9,,,56448,9824470.6,304,,
2026-01-01,USHEC,,471.1,455.5,460,,,7604,3502300.3,82,,
2026-01-01,USHL,,858,835,847.9,,,20188,17040047.2,91,,
2026-01-01,USLB,,1499.9,1450.2,1460,,,4844,7107960.7,86,,
2026-01-01,VLBS,,767,752,757,,,2232,1695126.7,37,,
2026-01-01,VLUCL,,575,554.5,564.5,,,5616,3187854.9,115,,
2026-01-04,ACLBSL,,930,915,920,,,591,542004.1,31,,
2026-01-04,ADBL,,295,288.3,292,,,43097,12521869.3,137,,
2026-01-04,AHL,,553.8,533,533.3,,,5955,3190561.8,93,,
2026-01-04,AHPC,,265,256,259,,,152539,39646787.5,532,,
2026-01-04,AKJCL,,195,190,190.8,,,71231,13623363.4,189,,
2026-01-04,AKPL,,247.8,242.1,242.5,,,39069,9507216.7,168,,
2026-01-04,ALBSL,,1224,1176,1222,,,27692,33590148.6,352,,
2026-01-04,ALICL,,464.7,460.2,461.9,,,30951,14310052.4,139,,
2026-01-04,ANLB,,6082,5961,6082,,,630,3790137.8,44,,
2026-01-04,API,,283.4,276,281.2,,,80581,22686786.2,398,,
2026-01-04,AVYAN,,929,906,928.8,,,1197,1100981.7,39,,
2026-01-04,BANDIPUR,,840,766,817,,,277313,221237434.5,4192,,
2026-01-04,BARUN,,316,312.5,313.7,,,64800,20361035,303,,
2026-01-04,BBC,,4848,4755,4839,,,135,648212,13,,
2026-01-04,BEDC,,537,530,532,,,8127,4335284.2,99,,
2026-01-04,BFC,,461,450,452,,,13592,6183583.6,90,,
2026-01-04,BGWT,,771,753.1,760,,,1327,1009698.1,34,,
2026-01-04,BHCL,,517.2,490,515,,,146419,74430143.3,1672,,
2026-01-04,BHDC,,485,470,472,,,45435,21480476,239,,
2026-01-04,BHL,,180.9,174,177,,,57352,10119309.2,325,,
2026-01-04,BHPL,,524,510,518.9,,,66686,34518455.8,308,,
2026-01-04,BNHC,,446,433.1,443,,,5046,2232218.4,61,,
2026-01-04,BNL,,16250,16250,16250,,,0,0,0,,
2026-01-04,BNT,,11850,11800,11801,,,81,956175,5,,
2026-01-04,BPCL,,748,725.5,729.7,,,83307,61345908.3,291,,
2026-01-04,BUNGAL,,643,616,640,,,111305,70562668,1798,,
2026-01-04,CBBL,,939,916,916,,,18007,16662986.3,272,,
2026-01-04,CFCL,,475,465.2,471.3,,,3631,1716341.4,31,,
2026-01-04,CGH,,869,852.1,855,,,4212,3608515.2,61,,
2026-01-04,CHCL,,473,469,470.5,,,69102,32540467.3,253,,
2026-01-04,CHDC,,2246.9,2227,2230,,,10378,23159900.2,124,,
2026-01-04,CHL,,260,252.9,254.2,,,10625,2706048,94,,
2026-01-04,CIT,,1849.5,1832,1840.8,,,14110,25938771.7,311,,
2026-01-04,CITY,,479,468.8,468.8,,,10743,5065091.4,114,,
2026-01-04,CKHL,,660,647,659,,,7903,5121261.3,71,,
2026-01-04,CLI,,470,461,464.8,,,23596,10944320.5,393,,
2026-01-04,CREST,,1228,1181.1,1225,,,15078,18172284,381,,
2026-01-04,CYCL,,1606.3,1547,1570,,,3981,6203114.4,66,,
2026-01-04,CZBIL,,198,195,196.5,,,30307,5937989.9,109,,
2026-01-04,DDBL,,804,794.5,797.4,,,4120,3283941.4,53,,
2026-01-04,DHEL,,608,575.1,608,,,108114,64301403,1865,,
2026-01-04,DHPL,,292.9,287.4,289,,,9127,2636344.6,57,,
2026-01-04,DLBS,,1320,1300,1315,,,1201,1570097.1,42,,
2026-01-04,DOLTI,,517.9,500,508,,,6924,3503157.5,98,,
2026-01-04,DORDI,,257,251,251.5,,,37782,9526305,195,,
2026-01-04,EBL,,653,645,650,,,17855,11625066.6,167,,
2026-01-04,EHPL,,396.4,386.5,391,,,37968,14866799.8,190,,
2026-01-04,ENL,,922,882,905,,,1051,950186.9,50,,
2026-01-04,FMDBL,,779.8,761.1,763.4,,,12669,9688668.2,112,,
2026-01-04,FOWAD,,1089.9,1070,1080,,,1164,1253497,33,,
2026-01-04,GBIME,,229.9,226.1,226.1,,,53394,12116344.1,250,,
2026-01-04,GBLBS,,788.6,767,775,,,10331,7993978.4,159,,
2026-01-04,GCIL,,415,405.3,410,,,15608,6402552.6,234,,
2026-01-04,GFCL,,595,582,588,,,21382,12604667.8,110,,
2026-01-04,GHL,,212,208,209.9,,,39909,8338352,123,,
2026-01-04,GILB,,1147.5,1117,1144.9,,,1515,1716816.3,42,,
2026-01-04,GLBSL,,1996.9,1923,1923,,,185,359185.8,13,,
2026-01-04,GLH,,251,245,246.7,,,14948,3670296,110,,
2026-01-04,GMFBS,,1510,1471,1510,,,802,1197712.5,20,,
2026-01-04,GMFIL,,460,445.2,447,,,22291,10016692.7,139,,
2026-01-04,GMLI,,1720,1694,1708,,,2391,4067694,110,,
2026-01-04,GUFL,,508.5,490,505,,,5481,2758472.3,57,,
2026-01-04,GVL,,500,495,499,,,12278,6102094,174,,
2026-01-04,HATHY,,898,876,879,,,10512,9252400.1,196,,
2026-01-04,HBL,,191.5,187.2,190.1,,,100490,19103101.8,2131,,
2026-01-04,HDHPC,,175.8,173.2,174.6,,,41546,7234195.2,189,,
2026-01-04,HDL,,1156,1136,1144,,,69641,79737617.8,831,,
2026-01-04,HHL,,323,319,321,,,13483,4323906.7,133,,
2026-01-04,HIDCL,,260,255.3,255.4,,,34111,8740946.1,225,,
2026-01-04,HIMSTAR,,909,878,902,,,32730,29223304.2,502,,
2026-01-04,HLBSL,,877,870,875,,,1861,1622169.4,29,,
2026-01-04,HLI,,370,366.1,369.9,,,29183,10741570.4,346,,
2026-01-04,HPPL,,466,460,461,,,30328,13984583.9,150,,
2026-01-04,HRL,,855,822,831.1,,,79995,66764526.4,834,,
2026-01-04,HURJA,,221.9,218.7,219.9,,,29391,6455176.8,112,,
2026-01-04,ICFC,,635,627,630,,,10986,6931465.3,78,,
2026-01-04,IHL,,574,545,565,,,26136,14465843.8,172,,
2026-01-04,ILBS,,1019,952.5,1011,,,11927,11755950.3,113,,
2026-01-04,ILI,,439.5,436.5,436.6,,,12888,5634045.7,349,,
2026-01-04,JBLB,,1495,1470,1480.1,,,28239,41836907.1,461,,
2026-01-04,JFL,,414.9,402,403,,,14340,5817751.1,121,,
2026-01-04,JHAPA,,1366,1300,1359,,,33460,44843209.8,704,,
2026-01-04,JOSHI,,285.5,279,280.8,,,24915,6985118.7,178,,
2026-01-04,JSLBB,,1178,1154.5,1177,,,471,545329,14,,
2026-01-04,KBL,,181,177.8,178.9,,,132583,23683814.6,397,,
2026-01-04,KBSH,,1670.5,1657,1662,,,381,634748,15,,
2026-01-04,KDL,,785,770,776,,,4910,3812392.3,109,,
2026-01-04,KKHC,,218.9,209.9,213.8,,,36397,7813816,160,,
2026-01-04,KMCDB,,1140,1045,1081,,,25895,27795706,309,,
2026-01-04,KPCL,,531,518,518.2,,,38263,19917051.6,201,,
2026-01-04,LEC,,196.8,193,194,,,52075,10109459.5,170,,
2026-01-04,LICN,,886,870,870.3,,,10245,8957097.6,106,,
2026-01-04,LLBS,,951.6,932.1,940,,,420,395740,15,,
2026-01-04,LSL,,213.8,209.2,213.8,,,34593,7282028.1,148,,
2026-01-04,MABEL,,750,712,750,,,66818,48672624.7,1202,,
2026-01-04,MAKAR,,540.1,530.1,535,,,8274,4440200.8,77,,
2026-01-04,MANDU,,800,785.2,793.5,,,1217,967613.2,46,,
2026-01-04,MATRI,,1024,994,995,,,1252,1250524.6,30,,
2026-01-04,MBJC,,285,280.1,281,,,7595,2138164.1,222,,
2026-01-04,MBL,,224.9,218.3,222,,,30653,6782048.2,109,,
2026-01-04,MCHL,,440.1,416.7,425,,,5855,2475381.5,75,,
2026-01-04,MEHL,,431.9,419.3,423,,,19732,8412497.9,231,,
2026-01-04,MEL,,270,264,265,,,8432,2237564.6,176,,
2026-01-04,MEN,,565,555,557.6,,,27887,15568703.3,233,,
2026-01-04,MERO,,726,706,711,,,8548,6073834,91,,
2026-01-04,MFIL,,724,710,722.7,,,202656,145977091.1,317,,
2026-01-04,MHCL,,399,377,386,,,13014,4966115.6,154,,
2026-01-04,MHL,,485.9,481,481.3,,,9172,4429072.9,75,,
2026-01-04,MHNL,,244,238.1,243,,,5945,1437713.6,38,,
2026-01-04,MKCL,,1381,1347,1355,,,6633,9050360.2,111,,
2026-01-04,MKHC,,359.5,343,350,,,8619,3022062,91,,
2026-01-04,MKHL,,794,756.6,793,,,1275,992604,63,,
2026-01-04,MKJC,,529.9,500,515,,,44351,22811373.3,127,,
2026-01-04,MLBBL,,1327,1300,1314,,,4846,6324928.7,70,,
2026-01-04,MLBS,,1458,1410,1450,,,1350,1931876.3,34,,
2026-01-04,MLBSL,,1950,1930,1931,,,898,1741186.9,26,,
2026-01-04,MMKJL,,619,594.3,606,,,25656,15400520.7,233,,
2026-01-04,MPFL,,624.9,595.1,615,,,60541,37404699.6,316,,
2026-01-04,MSHL,,863,830,830,,,1970,1653566,32,,
2026-01-04,MSLB,,1295,1263,1280,,,632,809984.4,35,,
2026-01-04,NABIL,,495,488.1,490.3,,,44294,21764273.6,461,,
2026-01-04,NADEP,,810,787.6,810,,,2951,2365068.6,54,,
2026-01-04,NBL,,240,236,238,,,50999,12126250.2,165,,
2026-01-04,NESDO,,1495,1475,1494.8,,,474,703966.6,24,,
2026-01-04,NFS,,626.9,610.2,618,,,16896,10458858.4,117,,
2026-01-04,NGPL,,397,390,393,,,212095,83320657.5,538,,
2026-01-04,NHDL,,727.2,695,710,,,44051,31045009.3,300,,
2026-01-04,NHPC,,188,185,186,,,14848,2762882.5,95,,
2026-01-04,NICA,,356,331,344,,,634749,219417898.3,2850,,
2026-01-04,NICLBSL,,562.9,550,554,,,12217,6792178.7,149,,
2026-01-04,NIFRA,,265,260,263.9,,,58595,15389960.5,465,,
2026-01-04,NIMB,,193.5,190.3,191.8,,,68376,13126235.8,255,,
2026-01-04,NLIC,,779,759,759,,,39526,30223598.5,317,,
2026-01-04,NLICL,,583,573,577.7,,,7861,4543278.8,67,,
2026-01-04,NLO,,254.1,254.1,254.1,,,0,0,0,,
2026-01-04,NMB,,242,235,235.1,,,44500,10533516.4,166,,
2026-01-04,NMBMF,,690,680.3,689.9,,,1317,901216,20,,
2026-01-04,NMFBS,,1317,1304,1310,,,3290,4320179,66,,
2026-01-04,NMLBBL,,649,628.1,636,,,1359,859722.9,32,,
2026-01-04,NRIC,,1277.9,1247,1253,,,53180,66806224.24,296,,
2026-01-04,NRM,,419,412,416,,,15508,6438069.5,191,,
2026-01-04,NRN,,1373,1350,1365,,,23430,31980198.1,155,,
2026-01-04,NTC,,895,848.5,868,,,23309,20215558.6,379,,
2026-01-04,NUBL,,710,698.2,698.2,,,5413,3798174.7,64,,
2026-01-04,NWCL,,832,796.3,832,,,8600,7041499.4,108,,
2026-01-04,NYADI,,417,395,399,,,36878,14983731.9,251,,
2026-01-04,OHL,,706,693,704,,,4016,2812699.9,22,,
2026-01-04,OMPL,,1333.1,1260,1330,,,40955,52805711,754,,
2026-01-04,PCBL,,263,258.5,258.9,,,216102,56181069.7,694,,
2026-01-04,PFL,,364,356.9,359.8,,,4453,1599959.5,61,,
2026-01-04,PHCL,,269,259,261,,,107995,28232736.1,451,,
2026-01-04,PMHPL,,317,306.1,311.6,,,21263,6602472.5,124,,
2026-01-04,PMLI,,505.9,494.1,500,,,15109,7507447.2,276,,
2026-01-04,PPCL,,354.9,342,350.5,,,42621,14885619.1,156,,
2026-01-04,PPL,,319.5,311.5,313,,,91595,28692209.7,312,,
2026-01-04,PROFL,,453.8,442.3,448,,,5973,2678244.2,27,,
2026-01-04,PRVU,,187,181.5,184.7,,,93732,17350634.7,316,,
2026-01-04,PURE,,1061.9,1003,1059.8,,,73974,76705754.5,1002,,
2026-01-04,RADHI,,750.8,730.4,733,,,57683,42585278.7,248,,
2026-01-04,RAWA,,700,686,700,,,2393,1659715.2,49,,
2026-01-04,RFPL,,357.9,350,354.8,,,47676,16836199.7,337,,
2026-01-04,RHGCL,,247.8,239,241.8,,,40400,9732641.9,198,,
2026-01-04,RHPL,,272,266.6,269.2,,,14306,3861469.5,133,,
2026-01-04,RIDI,,221,218.5,218.5,,,49856,10951389.7,160,,
2026-01-04,RLFL,,418,411,413.3,,,7013,2893056.8,67,,
2026-01-04,RNLI,,477,473,476,,,60619,28738665.1,631,,
2026-01-04,RSDC,,649.9,578.7,632.5,,,7405,4691606,88,,
2026-01-04,RURU,,678,665,670,,,11991,8050478.8,92,,
2026-01-04,SAGAR,,1849,1666,1833,,,105590,189252275.8,2067,,
2026-01-04,SAHAS,,550,543.1,544.9,,,61067,33262357.1,407,,
2026-01-04,SAIL,,939.4,837,939.4,,,253711,228805289.9,4348,,
2026-01-04,SANIMA,,321,315.7,318,,,28559,9093629.3,140,,
2026-01-04,SANVI,,740,671.1,740,,,164596,116101078.6,1724,,
2026-01-04,SARBTM,,892,872.1,880,,,11510,10096345.7,104,,
2026-01-04,SBI,,405,395,399,,,22284,8868524.8,74,,
2026-01-04,SBL,,379.7,369.3,372,,,45446,17013942.2,147,,
2026-01-04,SCB,,633,627,632,,,15776,9951809.5,113,,
2026-01-04,SGHC,,393,378,380.2,,,34605,13196238.6,229,,
2026-01-04,SHEL,,276,270,270.6,,,45116,12230899.2,230,,
2026-01-04,SHIVM,,605,596.3,605,,,165296,99497686.5,548,,
2026-01-04,SHL,,493,475,489,,,17633,8606685.6,76,,
2026-01-04,SHLB,,1599,1553,1599,,,1397,2195364,32,,
2026-01-04,SHPC,,529.3,523,523,,,29012,15239302.5,164,,
2026-01-04,SIFC,,500,492,494,,,3719,1834182,34,,
2026-01-04,SIKLES,,576,560,564.5,,,21671,12239644.4,108,,
2026-01-04,SJCL,,286.5,280.9,284,,,4225,1201687.5,75,,
2026-01-04,SJLIC,,455.8,446.2,446.3,,,42043,18878019.1,311,,
2026-01-04,SKBBL,,778,764,770.1,,,7558,5841482.8,131,,
2026-01-04,SLBBL,,844,828.1,842,,,11203,9352489.1,177,,
2026-01-04,SLBSL,,1300,1280.7,1282.3,,,1579,2035762.4,31,,
2026-01-04,SMATA,,790,765,775,,,5836,4533192.8,143,,
2026-01-04,SMB,,1760,1710.1,1750,,,1809,3139921.5,59,,
2026-01-04,SMFBS,,1670,1640,1640,,,1332,2218421,11,,
2026-01-04,SMH,,714.8,690,703,,,3839,2674906.4,66,,
2026-01-04,SMHL,,560,537.9,552.9,,,21146,11589160,235,,
2026-01-04,SMJC,,495,485,488,,,3910,1914053.1,113,,
2026-01-04,SMPDA,,880,868.2,869,,,5415,4713315.7,93,,
2026-01-04,SNLI,,468,461.5,465.1,,,31139,14508522.5,377,,
2026-01-04,SONA,,426,418.4,421,,,29265,12357797.3,389,,
2026-01-04,SPC,,533,524.1,524.1,,,15539,8198768.6,114,,
2026-01-04,SPDL,,384.9,380.3,383.9,,,48961,18713738.3,212,,
2026-01-04,SPHL,,558,540.1,558,,,12698,6948956.4,94,,
2026-01-04,SPL,,821,802.1,812,,,2290,1856304.2,40,,
2026-01-04,SRLI,,392,387.2,388.1,,,20173,7841525.6,263,,
2026-01-04,SSHL,,154.5,151.5,152.1,,,112178,17070369.1,406,,
2026-01-04,STC,,5535,5425,5500,,,2287,12557516.7,48,,
2026-01-04,SWASTIK,,2933.8,2736,2879,,,9435,26763312.5,467,,
2026-01-04,SWBBL,,751,730,739,,,4777,3494146.3,61,,
2026-01-04,SWMF,,675,662,673.5,,,3419,2292257.4,38,,
2026-01-04,SYPNL,,1144,995,1121,,,290504,306585076.9,9613,,
2026-01-04,TAMOR,,461.8,440,440.3,,,25201,11319133.1,215,,
2026-01-04,TPC,,374.9,360.2,362.5,,,71970,26250166,276,,
2026-01-04,TRH,,710,699,710,,,2126,1490392.1,26,,
2026-01-04,TSHL,,732,708,720,,,6934,4983818.6,69,,
2026-01-04,TTL,,830,772.2,825,,,106627,85643736.9,1765,,
2026-01-04,TVCL,,390.1,386.1,388,,,7774,3016045.9,78,,
2026-01-04,UHEWA,,548,538.1,542,,,17508,9465149.8,150,,
2026-01-04,ULBSL,,3672,3372,3480,,,1206,4156195.6,35,,
2026-01-04,ULHC,,462,455.1,460,,,9400,4295285.2,129,,
2026-01-04,UMHL,,566.8,558.3,563,,,32612,18283065,141,,
2026-01-04,UMRH,,565,529,559,,,81861,45023102.2,383,,
2026-01-04,UNHPL,,485.2,464.1,468.6,,,214642,100481866,546,,
2026-01-04,UNL,,47505,47000,47000.1,,,90,4235051,8,,
2026-01-04,UNLB,,1918,1871,1918,,,1429,2699674.7,31,,
2026-01-04,UPCL,,361.9,357.1,359,,,77831,27917166.3,245,,
2026-01-04,UPPER,,175,170.5,174,,,68037,11808309.5,369,,
2026-01-04,USHEC,,462.5,453.2,458.9,,,7570,3476233.6,119,,
2026-01-04,USHL,,874,814.4,848,,,14071,11702924.8,127,,
2026-01-04,USLB,,1488.9,1452,1465,,,2746,4025130.6,70,,
2026-01-04,VLBS,,767,750,765,,,902,688875.7,29,,
2026-01-04,VLUCL,,576,560,566,,,3322,1882032.6,85,,
2026-01-05,ACLBSL,,937,908,931,,,639,589233.1,27,,
2026-01-05,ADBL,,295,292.1,293,,,17448,5129810.8,136,,
2026-01-05,AHL,,561,532,560,,,14572,8013960.1,187,,
2026-01-05,AHPC,,261.6,258,260.5,,,63265,16469471.6,311,,
2026-01-05,AKJCL,,193.5,190,192.6,,,89437,17199884.3,228,,
2026-01-05,AKPL,,247,242,244.9,,,87311,21385496.9,228,,
2026-01-05,ALBSL,,1231.9,1197.6,1224,,,21836,26627505.9,229,,
2026-01-05,ALICL,,467,460.4,466,,,26018,12064440.6,178,,
2026-01-05,ANLB,,6085,6000,6083.9,,,238,1431135.3,21,,
2026-01-05,API,,285,281.2,284,,,79148,22469560,293,,
2026-01-05,AVYAN,,941,917.1,941,,,3154,2927646.3,66,,
2026-01-05,BANDIPUR,,898.7,820,898.7,,,242983,209121356.9,4441,,
2026-01-05,BARUN,,318,313,318,,,69500,21990557.3,312,,
2026-01-05,BBC,,4860,4766,4848,,,332,1597763.1,26,,
2026-01-05,BEDC,,547,530,532,,,24030,12925654.8,206,,
2026-01-05,BFC,,459.8,451.6,457,,,24278,11047396.2,123,,
2026-01-05,BGWT,,775,760,775,,,4934,3775216.7,51,,
2026-01-05,BHCL,,547.7,516.1,546,,,196474,105157283.4,2222,,
2026-01-05,BHDC,,479.2,470,477.9,,,67331,31940021.6,314,,
2026-01-05,BHL,,178.2,175.5,177.5,,,58747,10382858,320,,
2026-01-05,BHPL,,570.7,518.1,570.7,,,171894,94964125,1036,,
2026-01-05,BNHC,,470,442.1,465,,,26135,11941244.5,211,,
2026-01-05,BNL,,16000,16000,16000,,,10,160000,1,,
2026-01-05,BNT,,12037,12037,12037,,,20,240740,2,,
2026-01-05,BPCL,,745,726.8,745,,,88085,65026150.7,320,,
2026-01-05,BUNGAL,,695,640.2,694,,,103420,69159198.2,1442,,
2026-01-05,CBBL,,919,900,910.9,,,24298,22097340.1,289,,
2026-01-05,CFCL,,475,470,475,,,5931,2805824.8,56,,
2026-01-05,CGH,,869.2,850,860,,,13193,11382355.3,127,,
2026-01-05,CHCL,,473.9,468,470.2,,,23284,10942964.8,168,,
2026-01-05,CHDC,,2265,2223.3,2246.5,,,21715,48785107.5,205,,
2026-01-05,CHL,,259.2,252.2,257,,,27681,7088929.7,164,,
2026-01-05,CIT,,1809,1770.5,1770.5,,,14342,25538864.4,459,,
2026-01-05,CITY,,475.8,465.5,472.3,,,13451,6355496,142,,
2026-01-05,CKHL,,671,645.9,663.9,,,4900,3229560.3,90,,
2026-01-05,CLI,,468,461.4,467,,,32647,15178535.7,441,,
2026-01-05,CREST,,1275,1215,1274,,,36693,46159073.9,689,,
2026-01-05,CYCL,,1569,1519,1540,,,6210,9504547.4,116,,
2026-01-05,CZBIL,,200,192.6,200,,,68934,13611433.6,188,,
2026-01-05,DDBL,,802.9,797.2,802.9,,,6216,4962714.6,71,,
2026-01-05,DHEL,,666,605,666,,,194735,123725328.7,2493,,
2026-01-05,DHPL,,299.5,283.7,290.1,,,11788,3430815,64,,
2026-01-05,DLBS,,1339.8,1290,1339.8,,,487,638325.2,32,,
2026-01-05,DOLTI,,517.8,500,513.3,,,7932,4040484.2,116,,
2026-01-05,DORDI,,255.3,250,255,,,49131,12478473.8,253,,
2026-01-05,EBL,,660,645,654,,,28075,18264142.4,204,,
2026-01-05,EHPL,,417,391,414,,,63398,25728289.6,404,,
2026-01-05,ENL,,918,887,905,,,2473,2240139.5,37,,
2026-01-05,FMDBL,,785,765.2,780,,,28469,22145728.3,155,,
2026-01-05,FOWAD,,1085,1071.2,1084,,,1981,2132350.7,46,,
2026-01-05,GBIME,,230,224.9,230,,,141991,32084463.8,446,,
2026-01-05,GBLBS,,788,765.5,785,,,5380,4192026.8,116,,
2026-01-05,GCIL,,439,406,435.9,,,86876,37342115,694,,
2026-01-05,GFCL,,605,591.5,604.9,,,46675,28034503,272,,
2026-01-05,GHL,,211.7,207.4,211.4,,,23391,4902821,152,,
2026-01-05,GILB,,1159,1128,1150,,,1378,1578533,29,,
2026-01-05,GLBSL,,1975,1862.1,1937.2,,,2232,4251999.5,56,,
2026-01-05,GLH,,251.5,245,248,,,18032,4450890.8,131,,
2026-01-05,GMFBS,,1520,1480,1520,,,746,1110325.9,28,,
2026-01-05,GMFIL,,460,445,460,,,25336,11537694.6,141,,
2026-01-05,GMLI,,1751.3,1700,1750,,,2541,4409167,109,,
2026-01-05,GUFL,,510,500,507,,,18594,9383868.6,118,,
2026-01-05,GVL,,512,495,510,,,38671,19365141.4,317,,
2026-01-05,HATHY,,909,876,909,,,18990,16997990.3,261,,
2026-01-05,HBL,,192,186.3,190.8,,,54088,10278339.6,1915,,
2026-01-05,HDHPC,,177.1,174,177.1,,,69925,12273207.7,256,,
2026-01-05,HDL,,1169,1140,1160,,,71070,82313324.4,782,,
2026-01-05,HHL,,327,319.1,327,,,20939,6783591.4,155,,
2026-01-05,HIDCL,,258.9,255.1,258,,,73772,19006973.3,245,,
2026-01-05,HIMSTAR,,992,884,979,,,81879,78044316.6,956,,
2026-01-05,HLBSL,,889.9,868,887.5,,,3489,3057499.9,33,,
2026-01-05,HLI,,371,367,371,,,44697,16493573.8,403,,
2026-01-05,HPPL,,469,460,468,,,35668,16594263.6,180,,
2026-01-05,HRL,,845,825,839.5,,,116151,97182134.1,1145,,
2026-01-05,HURJA,,223,218.3,223,,,37302,8236960,116,,
2026-01-05,ICFC,,640,628.2,629.2,,,23087,14581255.8,91,,
2026-01-05,IHL,,595,553.7,589.5,,,27507,15495339.9,240,,
2026-01-05,ILBS,,1029,990.8,1025.1,,,11720,11885653.2,117,,
2026-01-05,ILI,,440,435.6,438.3,,,11990,5252949.7,365,,
2026-01-05,JBLB,,1324.2,1299,1324,,,14938,19707963.6,329,,
2026-01-05,JFL,,411,403,408,,,8997,3654626.3,77,,
2026-01-05,JHAPA,,1396,1331.9,1384,,,34752,47723067.4,552,,
2026-01-05,JOSHI,,286.5,279,286.5,,,48092,13643093,262,,
2026-01-05,JSLBB,,1185,1150,1173,,,923,1085652.5,21,,
2026-01-05,KBL,,182.4,178,179,,,70693,12642635.3,301,,
2026-01-05,KBSH,,1726,1680,1726,,,689,1184898.4,14,,
2026-01-05,KDL,,826.6,775,812,,,9276,7373308.6,150,,
2026-01-05,KKHC,,217,213,215.5,,,81069,17397703.3,278,,
2026-01-05,KMCDB,,1015,963.1,1000,,,11222,11174497.4,144,,
2026-01-05,KPCL,,570,519,560,,,73496,38397010.7,217,,
2026-01-05,LEC,,197.8,192.2,196.1,,,72499,14080318.6,228,,
2026-01-05,LICN,,875,860.2,861,,,24333,21034012.4,205,,
2026-01-05,LLBS,,966.9,930,945.2,,,438,417750.4,11,,
2026-01-05,LSL,,214,210.1,213.5,,,27729,5890265.7,124,,
2026-01-05,MABEL,,780,745,764.5,,,81778,62363308.8,1001,,
2026-01-05,MAKAR,,545.7,530,545,,,11408,6132868,88,,
2026-01-05,MANDU,,805.9,793,796,,,3650,2910777.8,66,,
2026-01-05,MATRI,,1010,976.1,1010,,,2527,2510579.8,57,,
2026-01-05,MBJC,,283,271.7,282,,,55962,15538454.8,418,,
2026-01-05,MBL,,229.5,218,225.5,,,52889,11792101.4,156,,
2026-01-05,MCHL,,433,416.1,419,,,8148,3432505.4,91,,
2026-01-05,MEHL,,443.8,422.6,441.9,,,30027,13017915.3,223,,
2026-01-05,MEL,,269.5,263.2,266.3,,,15811,4219022.1,240,,
2026-01-05,MEN,,564,557.1,561.9,,,36591,20516363.8,205,,
2026-01-05,MERO,,718.8,707,714.8,,,3224,2302697.4,31,,
2026-01-05,MFIL,,724.3,709,720,,,139188,100016876.4,246,,
2026-01-05,MHCL,,393,378.5,385.2,,,11546,4411621.5,124,,
2026-01-05,MHL,,497.8,480,497.8,,,22630,11118877.5,178,,
2026-01-05,MHNL,,247.6,239.3,244.3,,,22893,5529562.5,84,,
2026-01-05,MKCL,,1400,1355,1400,,,6550,9056158.8,159,,
2026-01-05,MKHC,,356.5,344,355,,,18311,6393981.6,163,,
2026-01-05,MKHL,,799.8,778.5,789,,,4620,3637520.5,55,,
2026-01-05,MKJC,,524.9,505,521,,,18954,9809970.8,109,,
2026-01-05,MLBBL,,1329.5,1300,1325,,,3278,4299579.5,47,,
2026-01-05,MLBS,,1477,1424,1468.8,,,718,1035295,25,,
2026-01-05,MLBSL,,1949,1910.5,1949,,,998,1923515.5,43,,
2026-01-05,MMKJL,,621.9,593.9,609,,,55313,33210074.2,369,,
2026-01-05,MPFL,,626.2,603.1,625.1,,,38173,23737544.2,234,,
2026-01-05,MSHL,,830,815,824,,,1215,995047,36,,
2026-01-05,MSLB,,1290,1269,1290,,,1671,2135581,45,,
2026-01-05,NABIL,,492,488.1,489.5,,,57630,28212967.3,557,,
2026-01-05,NADEP,,820,795,810,,,3953,3190320.5,33,,
2026-01-05,NBL,,239.9,235.7,239.4,,,45014,10715532.2,162,,
2026-01-05,NESDO,,1499,1480,1499,,,951,1416591.9,33,,
2026-01-05,NFS,,632,618,632,,,24366,15224679,172,,
2026-01-05,NGPL,,398,390.4,396.9,,,212498,83932655.4,553,,
2026-01-05,NHDL,,766,695.8,705,,,65309,46281561.1,335,,
2026-01-05,NHPC,,189,182.3,188.8,,,42321,7939163,138,,
2026-01-05,NICA,,355.5,344.2,352.3,,,226433,79107162.8,980,,
2026-01-05,NICLBSL,,561.9,546.3,561,,,10765,6014617.8,156,,
2026-01-05,NIFRA,,265.7,261.1,265,,,65143,17215809.8,521,,
2026-01-05,NIMB,,193.9,191.5,192.4,,,72599,13999474.3,255,,
2026-01-05,NLIC,,774.1,761,767,,,44186,33849235.1,253,,
2026-01-05,NLICL,,585.9,574.4,583.7,,,8911,5161375.7,52,,
2026-01-05,NLO,,254.1,254.1,254.1,,,0,0,0,,
2026-01-05,NMB,,238.9,235,236.1,,,34799,8239372.9,126,,
2026-01-05,NMBMF,,730,671,692,,,12640,8866574.2,94,,
2026-01-05,NMFBS,,1329,1299,1305,,,31925,41825629.8,324,,
2026-01-05,NMLBBL,,647.1,633,633.1,,,3417,2176349.2,49,,
2026-01-05,NRIC,,1288,1255,1273.9,,,71747,91215877.5,428,,
2026-01-05,NRM,,440,413.1,435,,,85320,36644786.1,461,,
2026-01-05,NRN,,1417,1360,1412,,,81530,113434525.5,546,,
2026-01-05,NTC,,864,856,857.5,,,12136,10422554.8,267,,
2026-01-05,NUBL,,712.1,687,700.1,,,6387,4455680.5,58,,
2026-01-05,NWCL,,885,839,885,,,24060,20931605.3,342,,
2026-01-05,NYADI,,407,392,400,,,29689,11900478,229,,
2026-01-05,OHL,,709,691,708.7,,,2474,1733727.8,36,,
2026-01-05,OMPL,,1377,1320,1370,,,82025,110346653.5,1107,,
2026-01-05,PCBL,,240,237,238.5,,,57737,13759971.3,227,,
2026-01-05,PFL,,363,354,355,,,28825,10259104.8,209,,
2026-01-05,PHCL,,267,258.8,263.6,,,95663,25148481.4,462,,
2026-01-05,PMHPL,,324,305.4,317,,,18089,5677493.5,89,,
2026-01-05,PMLI,,495,480,495,,,13360,6501953.8,201,,
2026-01-05,PPCL,,356.9,350,353,,,45768,16122804.4,202,,
2026-01-05,PPL,,320,311.5,317.9,,,71883,22672319.9,335,,
2026-01-05,PROFL,,456,442,453,,,7697,3462268.6,84,,
2026-01-05,PRVU,,186.6,184.1,185.2,,,101996,18888200.7,320,,
2026-01-05,PURE,,1097,1040,1055.4,,,64997,69172184.2,801,,
2026-01-05,RADHI,,754.9,731.2,750,,,124857,92854321.6,412,,
2026-01-05,RAWA,,709.8,686.3,703,,,3268,2304236.5,41,,
2026-01-05,RFPL,,365.1,350,361,,,124557,44661522.5,522,,
2026-01-05,RHGCL,,249.2,238.1,249,,,41488,10189060.2,193,,
2026-01-05,RHPL,,272,268,272,,,26653,7180228.5,182,,
2026-01-05,RIDI,,221.7,218,219.1,,,82683,18135454.3,188,,
2026-01-05,RLFL,,417.4,410.5,416.3,,,10689,4431873.2,73,,
2026-01-05,RNLI,,466.5,457.2,465.4,,,66915,30938073.9,642,,
2026-01-05,RSDC,,643,627.2,639.8,,,19280,12169402.1,136,,
2026-01-05,RURU,,737,661,737,,,31821,21585929,163,,
2026-01-05,SAGAR,,2016.3,1833,2016.3,,,81032,156892528.1,1864,,
2026-01-05,SAHAS,,548.5,540.1,543,,,122473,66606846.5,515,,
2026-01-05,SAIL,,1033.3,941.1,1033.3,,,160424,161433910.5,3152,,
2026-01-05,SANIMA,,327,315.7,327,,,105874,34214268.7,310,,
2026-01-05,SANVI,,786.9,740,784,,,151257,116276766.3,1812,,
2026-01-05,SARBTM,,904,880,899,,,66720,59816893.2,321,,
2026-01-05,SBI,,404,396,399,,,46176,18387927.5,68,,
2026-01-05,SBL,,390,370,380,,,133269,50747725.2,341,,
2026-01-05,SCB,,636,628.2,631.9,,,19360,12202998.4,133,,
2026-01-05,SGHC,,395,381,384.8,,,29506,11364200.2,165,,
2026-01-05,SHEL,,274.1,270,273,,,52847,14394026.6,258,,
2026-01-05,SHIVM,,630,600,628.8,,,622840,386950347.3,2053,,
2026-01-05,SHL,,496,485,494,,,42684,21019331.8,116,,
2026-01-05,SHLB,,1600,1540.2,1595,,,1505,2351038,38,,
2026-01-05,SHPC,,531,522,526,,,71987,37895134.9,252,,
2026-01-05,SIFC,,501.4,492.5,500,,,11643,5801475.6,67,,
2026-01-05,SIKLES,,585.4,557.2,585.4,,,40377,23245431.5,254,,
2026-01-05,SJCL,,288,281.5,286,,,8809,2513120,103,,
2026-01-05,SJLIC,,451,445,445.8,,,54252,24279603.6,296,,
2026-01-05,SKBBL,,771,762.3,771,,,13901,10680945.8,142,,
2026-01-05,SLBBL,,840,815,834.8,,,11561,9571040.9,165,,
2026-01-05,SLBSL,,1300,1282,1300,,,1860,2403708.2,40,,
2026-01-05,SMATA,,787,770.1,780.1,,,10048,7811774.7,143,,
2026-01-05,SMB,,1799,1750,1799,,,2320,4124962.9,51,,
2026-01-05,SMFBS,,1670,1639,1640,,,1589,2609380.2,19,,
2026-01-05,SMH,,714,691.1,708,,,2485,1749269.4,54,,
2026-01-05,SMHL,,586,541.9,563.9,,,86244,48219684.9,379,,
2026-01-05,SMJC,,496,479,495,,,16338,8020053.6,157,,
2026-01-05,SMPDA,,879.8,865,876,,,6680,5814618.5,98,,
2026-01-05,SNLI,,467.9,462,462.6,,,48089,22297649.6,461,,
2026-01-05,SONA,,446,420.1,437.6,,,124068,54488322.8,907,,
2026-01-05,SPC,,570,522.6,554.9,,,104779,57123521.7,534,,
2026-01-05,SPDL,,392.6,382,388.3,,,64846,25128068.1,255,,
2026-01-05,SPHL,,569,547.5,565,,,25154,14131760.2,162,,
2026-01-05,SPL,,822.9,798.3,819,,,1369,1107381,36,,
2026-01-05,SRLI,,391.6,387.2,390.9,,,27095,10563113.7,326,,
2026-01-05,SSHL,,153.6,151.2,153,,,103516,15779163.7,421,,
2026-01-05,STC,,5535,5460,5535,,,1221,6720282.5,48,,
2026-01-05,SWASTIK,,3139,2840.1,3088.9,,,11487,34294877.3,483,,
2026-01-05,SWBBL,,742,728,739,,,1874,1380872.9,32,,
2026-01-05,SWMF,,680,669,676,,,1560,1047044.9,34,,
2026-01-05,SYPNL,,1233.1,1098.6,1233.1,,,146092,175140756.1,3926,,
2026-01-05,TAMOR,,460.1,437,460.1,,,18870,8514635.1,259,,
2026-01-05,TPC,,377,360,374,,,95169,35255765,360,,
2026-01-05,TRH,,717.8,702.4,715,,,3571,2552698.5,30,,
2026-01-05,TSHL,,716,698,713.9,,,8241,5801943.5,89,,
2026-01-05,TTL,,900,808.5,895,,,135938,116605626.7,2310,,
2026-01-05,TVCL,,394,381,394,,,11708,4540974,96,,
2026-01-05,UHEWA,,548,532.1,539.8,,,29017,15531288.6,170,,
2026-01-05,ULBSL,,3498.9,3420,3490,,,645,2215971,20,,
2026-01-05,ULHC,,467,456.3,466,,,13679,6326727.1,132,,
2026-01-05,UMHL,,569.59,560,565,,,96953,54485240.6,279,,
2026-01-05,UMRH,,587.8,561.2,585,,,66978,38566011.1,342,,
2026-01-05,UNHPL,,474,458,470,,,202707,94577924.6,574,,
2026-01-05,UNL,,47000.1,47000.1,47000.1,,,0,0,0,,
2026-01-05,UNLB,,1918,1881,1915,,,263,498720.5,26,,
2026-01-05,UPCL,,365,358,361.1,,,106510,38491958.6,305,,
2026-01-05,UPPER,,175.6,172,174,,,58281,10118945,364,,
2026-01-05,USHEC,,464.9,450,460,,,23135,10558517.5,143,,
2026-01-05,USHL,,840,816,838,,,11807,9797518.9,135,,
2026-01-05,USLB,,1481,1452,1467,,,5100,7460315.7,129,,
2026-01-05,VLBS,,780,758,770,,,3668,2818046.3,83,,
2026-01-05,VLUCL,,577,563.1,568.1,,,7275,4140502.3,130,,
2026-01-06,ACLBSL,,944,917.1,930,,,1124,1040199.2,33,,
2026-01-06,ADBL,,297.4,292.6,297.4,,,43501,12857015.3,180,,
2026-01-06,AHL,,572.9,555,565,,,10691,6044731.7,132,,
2026-01-06,AHPC,,263.1,258,258.4,,,143661,37307863.6,397,,
2026-01-06,AKJCL,,199.8,193.1,197,,,215922,42510795.7,600,,
2026-01-06,AKPL,,250.3,245,248,,,157115,39013908.7,354,,
2026-01-06,ALBSL,,1242,1199.6,1220,,,14427,17556144,161,,
2026-01-06,ALICL,,469,465,465,,,47973,22390768.4,224,,
2026-01-06,ANLB,,6455,6005,6025,,,833,5048544.6,55,,
2026-01-06,API,,289,283.2,284,,,203231,58219457.5,362,,
2026-01-06,AVYAN,,980,922.2,957,,,2158,2047524.5,58,,
2026-01-06,BANDIPUR,,984,840,850,,,239193,215553820.6,4674,,
2026-01-06,BARUN,,322.8,318.6,320.8,,,144180,46148865.3,440,,
2026-01-06,BBC,,4879.9,4779,4877.9,,,497,2416617,32,,
2026-01-06,BEDC,,542,522,534,,,9341,4997314.2,120,,
2026-01-06,BFC,,480,456.2,470.5,,,86180,40321392.3,353,,
2026-01-06,BGWT,,782.5,767,778,,,2742,2127314,44,,
2026-01-06,BHCL,,570,520.6,530,,,180534,98132950.8,2013,,
2026-01-06,BHDC,,472,460.6,465.7,,,31058,14446892.7,247,,
2026-01-06,BHL,,179,176.3,176.9,,,62785,11131266.6,351,,
2026-01-06,BHPL,,604.6,545,560,,,123987,71366607.5,750,,
2026-01-06,BNHC,,473,458.3,462,,,15599,7254277.1,134,,
2026-01-06,BNL,,16000,16000,16000,,,0,0,0,,
2026-01-06,BNT,,12150,12100,12150,,,30,362785,3,,
2026-01-06,BPCL,,780.2,730.2,770,,,307299,236708919.1,1017,,
2026-01-06,BUNGAL,,729.3,643.9,666,,,67157,46435075.6,1177,,
2026-01-06,CBBL,,919,911,915,,,27702,25352385.5,208,,
2026-01-06,CFCL,,489.5,475,486.8,,,27550,13335775.1,179,,
2026-01-06,CGH,,877,860,864,,,8774,7590169.4,89,,
2026-01-06,CHCL,,473,469,470.9,,,24897,11717578.3,222,,
2026-01-06,CHDC,,2290,2240.1,2240.1,,,19610,44193693.2,208,,
2026-01-06,CHL,,263,253,253,,,45721,11793545.5,184,,
2026-01-06,CIT,,1780,1769,1770,,,6494,11509091.5,219,,
2026-01-06,CITY,,485,473,477,,,16965,8158281.3,184,,
2026-01-06,CKHL,,674,651,662.3,,,10877,7241335.9,105,,
2026-01-06,CLI,,476,464,473.9,,,42620,20141483.8,453,,
2026-01-06,CREST,,1297,1252,1252,,,21383,27330660.3,392,,
2026-01-06,CYCL,,1549.9,1520,1522,,,1860,2846328.8,72,,
2026-01-06,CZBIL,,201,198,200.8,,,61630,12321992.1,224,,
2026-01-06,DDBL,,810,800,804.5,,,8959,7217041.7,78,,
2026-01-06,DHEL,,708,642.1,654,,,133901,89622919.4,2018,,
2026-01-06,DHPL,,295.9,290.5,292.2,,,8710,2562436.6,46,,
2026-01-06,DLBS,,1347,1314,1327,,,341,453627,20,,
2026-01-06,DOLTI,,519.8,510,513,,,5668,2910085.4,93,,
2026-01-06,DORDI,,258,252,254.2,,,71900,18329699.4,315,,
2026-01-06,EBL,,663,654,656,,,19136,12591664,188,,
2026-01-06,EHPL,,422.2,405.9,411,,,43285,17868692.7,302,,
2026-01-06,ENL,,938,905.2,914.9,,,937,856866.4,24,,
2026-01-06,FMDBL,,795,780.1,788.6,,,19772,15552762.2,161,,
2026-01-06,FOWAD,,1099.9,1070,1083,,,2313,2490199.8,42,,
2026-01-06,GBIME,,231,228,228.5,,,55124,12679169.4,305,,
2026-01-06,GBLBS,,800,770,777,,,9881,7699569.9,119,,
2026-01-06,GCIL,,443.6,427,428.1,,,30281,13163427.4,345,,
2026-01-06,GFCL,,648.7,606,637.9,,,73056,46221637.4,486,,
2026-01-06,GHL,,216.3,210.3,213.3,,,66798,14300163.1,218,,
2026-01-06,GILB,,1173,1139,1163.9,,,2511,2915390,42,,
2026-01-06,GLBSL,,1950,1906.5,1920,,,888,1715081.8,34,,
2026-01-06,GLH,,250.8,246.6,249,,,19426,4833085.5,144,,
2026-01-06,GMFBS,,1521.5,1492,1521.5,,,509,762947.9,13,,
2026-01-06,GMFIL,,477,457.1,470,,,50164,23546975.3,262,,
2026-01-06,GMLI,,1785,1740,1740,,,1469,2578268.1,82,,
2026-01-06,GUFL,,526,510,523,,,21225,11049668.1,173,,
2026-01-06,GVL,,517,499,514,,,64465,32610394.9,250,,
2026-01-06,HATHY,,927.1,900,905,,,11367,10350841.6,193,,
2026-01-06,HBL,,193.7,188,190.7,,,114369,21737103.7,1972,,
2026-01-06,HDHPC,,179.4,175.3,175.9,,,57996,10275361.4,229,,
2026-01-06,HDL,,1206,1160,1165.2,,,137438,161288227.9,927,,
2026-01-06,HHL,,330,323,323,,,25360,8256806.2,166,,
2026-01-06,HIDCL,,263.5,259,263,,,119456,31249614.9,409,,
2026-01-06,HIMSTAR,,1005,924,935.3,,,41564,39428139.9,612,,
2026-01-06,HLBSL,,905,876,881,,,1887,1658343,22,,
2026-01-06,HLI,,376,369,370,,,35765,13276490.1,326,,
2026-01-06,HPPL,,473.1,460.1,466.5,,,61712,28803732.4,262,,
2026-01-06,HRL,,856.2,839,845,,,146436,123763725.7,1171,,
2026-01-06,HURJA,,224.6,220,222.8,,,48330,10738795.9,163,,
2026-01-06,ICFC,,652,629.2,651,,,78242,50323786,328,,
2026-01-06,IHL,,588.9,562.1,578.7,,,21669,12349890.7,159,,
2026-01-06,ILBS,,1064,1004.6,1048,,,17458,18029594,116,,
2026-01-06,ILI,,445,438.3,441.3,,,25297,11160859.3,370,,
2026-01-06,JBLB,,1456,1320,1456,,,34353,46278023.3,380,,
2026-01-06,JFL,,435,400.1,431.8,,,54804,23534313.2,441,,
2026-01-06,JHAPA,,1475,1363,1368,,,30695,43105937.3,556,,
2026-01-06,JOSHI,,294,284,289,,,59631,17198771.1,354,,
2026-01-06,JSLBB,,1189,1143,1180,,,876,1013255,27,,
2026-01-06,KBL,,182.5,179.1,179.4,,,141904,25609744.6,391,,
2026-01-06,KBSH,,1759.9,1700,1700,,,455,787041.8,22,,
2026-01-06,KDL,,829.9,811.1,814,,,5572,4566000.7,95,,
2026-01-06,KKHC,,220.9,215,215.2,,,56167,12230071.2,265,,
2026-01-06,KMCDB,,1080,980,1000,,,6392,6355380.4,87,,
2026-01-06,KPCL,,548.8,520,541,,,46759,25006722.3,255,,
2026-01-06,LEC,,203.6,195,200.2,,,238406,47634885.7,714,,
2026-01-06,LICN,,880,864,866.1,,,7196,6246521.2,66,,
2026-01-06,LLBS,,983,953,970,,,1327,1270669,14,,
2026-01-06,LSL,,214.4,212.1,214.2,,,71212,15202311.5,162,,
2026-01-06,MABEL,,805,725.2,736,,,68886,52025525.4,987,,
2026-01-06,MAKAR,,549,535.1,545,,,5719,3092607,54,,
2026-01-06,MANDU,,812,795.7,805,,,4236,3384080.2,73,,
2026-01-06,MATRI,,1011,1000,1011,,,2550,2568657,37,,
2026-01-06,MBJC,,287.6,276.4,281.5,,,31305,8799844,326,,
2026-01-06,MBL,,226.4,223,223.7,,,63719,14330141.4,146,,
2026-01-06,MCHL,,436,412.5,430,,,14713,6320038.2,149,,
2026-01-06,MEHL,,447.7,433,434,,,14140,6230260.1,150,,
2026-01-06,MEL,,279.9,267.8,273,,,37029,10181941.3,406,,
2026-01-06,MEN,,569,560.2,563.5,,,28813,16281725.1,241,,
2026-01-06,MERO,,720,706,712.1,,,12982,9236783.9,87,,
2026-01-06,MFIL,,743,709,741,,,272058,198105207.8,640,,
2026-01-06,MHCL,,400.7,380,391,,,7014,2716600.3,106,,
2026-01-06,MHL,,506,490.1,496.9,,,24930,12442488.5,192,,
2026-01-06,MHNL,,246.6,240.4,244.8,,,8918,2166066.8,63,,
2026-01-06,MKCL,,1455,1400,1425,,,8769,12476008.5,206,,
2026-01-06,MKHC,,360,349.2,354,,,12753,4490907.1,124,,
2026-01-06,MKHL,,821.1,762.1,800,,,4967,3946076.3,100,,
2026-01-06,MKJC,,528,516,516.1,,,29953,15655288.5,137,,
2026-01-06,MLBBL,,1344.4,1307,1343.5,,,2137,2836530.6,40,,
2026-01-06,MLBS,,1467,1430,1450,,,1535,2213263.6,34,,
2026-01-06,MLBSL,,1968,1923,1923,,,1049,2027276,39,,
2026-01-06,MMKJL,,620.8,597,600,,,19184,11548069.8,167,,
2026-01-06,MPFL,,647,612.9,641,,,42048,26860843.1,253,,
2026-01-06,MSHL,,825,817.1,825,,,1600,1311926.4,27,,
2026-01-06,MSLB,,1300,1273,1300,,,1633,2102288.1,47,,
2026-01-06,NABIL,,492,489,489.5,,,47593,23337901.1,514,,
2026-01-06,NADEP,,817,801,811,,,2374,1918578,40,,
2026-01-06,NBL,,241.2,239,240.6,,,64710,15549020.5,225,,
2026-01-06,NESDO,,1519,1483,1519,,,1132,1698729.8,40,,
2026-01-06,NFS,,644,633.2,639,,,33362,21315952.9,268,,
2026-01-06,NGPL,,401,393.4,395.2,,,229292,91030168.9,640,,
2026-01-06,NHDL,,733,692,700,,,38196,26890557.2,202,,
2026-01-06,NHPC,,190.5,187,188,,,56190,10599730.5,133,,
2026-01-06,NICA,,359,351,353.1,,,147211,52224391.8,560,,
2026-01-06,NICLBSL,,568,560,560.4,,,9224,5205846.8,167,,
2026-01-06,NIFRA,,268,264.1,266.5,,,98795,26313537.1,540,,
2026-01-06,NIMB,,197.4,192.3,193,,,108737,21167261.3,269,,
2026-01-06,NLIC,,779.9,765,766.1,,,36711,28333844.7,258,,
2026-01-06,NLICL,,583.7,577.1,578,,,9177,5316100.6,77,,
2026-01-06,NLO,,254.1,254.1,254.1,,,0,0,0,,
2026-01-06,NMB,,240.6,235.3,240,,,61193,14668473.5,167,,
2026-01-06,NMBMF,,715,686.7,689,,,1132,781828.3,23,,
2026-01-06,NMFBS,,1173,1150.1,1150.1,,,6053,7006432.6,128,,
2026-01-06,NMLBBL,,645,635.1,639.9,,,6888,4394328.4,62,,
2026-01-06,NRIC,,1312,1277,1297.1,,,98406,127477680.5,633,,
2026-01-06,NRM,,469,430,458,,,167235,76430914.1,1162,,
2026-01-06,NRN,,1426,1391,1393,,,47029,66075854.2,310,,
2026-01-06,NTC,,864.9,856,859,,,14097,12107928,252,,
2026-01-06,NUBL,,710.6,696,707,,,3897,2745866.7,39,,
2026-01-06,NWCL,,902.7,853,865,,,6141,5314092,138,,
2026-01-06,NYADI,,406,388,392,,,26663,10497479.3,207,,
2026-01-06,OHL,,712,702,712,,,3350,2360100,36,,
2026-01-06,OMPL,,1405,1311,1320,,,42489,57473625.5,801,,
2026-01-06,PCBL,,241,238,239,,,73824,17662139,209,,
2026-01-06,PFL,,365,355,363,,,20422,7373936.4,146,,
2026-01-06,PHCL,,271,260,262,,,93916,25010035.4,429,,
2026-01-06,PMHPL,,327,310.7,322,,,42248,13614142.4,174,,
2026-01-06,PMLI,,499,487,492,,,8617,4235269.5,135,,
2026-01-06,PPCL,,357.9,348.4,350,,,27922,9817276.4,146,,
2026-01-06,PPL,,335,317,332,,,283062,92588914.2,922,,
2026-01-06,PROFL,,467.5,447.1,462,,,20947,9650064.5,146,,
2026-01-06,PRVU,,190.6,185,186,,,167707,31390111.5,428,,
2026-01-06,PURE,,1102,1006,1032,,,91194,95747220.6,739,,
2026-01-06,RADHI,,771,750.5,764.7,,,231496,176737594.1,710,,
2026-01-06,RAWA,,729,689,715,,,2829,2013929.8,64,,
2026-01-06,RFPL,,379.2,354,370,,,208080,77683346.3,966,,
2026-01-06,RHGCL,,253,246.2,250,,,47631,11882145.3,236,,
2026-01-06,RHPL,,277.6,268.1,274.5,,,33788,9266652.7,209,,
2026-01-06,RIDI,,224.9,219.2,223,,,48148,10697489.9,162,,
2026-01-06,RLFL,,433,422,430,,,42235,18117646.7,200,,
2026-01-06,RNLI,,470,462.4,466,,,28158,13130017.5,432,,
2026-01-06,RSDC,,649,630,637.9,,,17306,10959668.1,123,,
2026-01-06,RURU,,722.3,663.3,675,,,140080,95021786.3,651,,
2026-01-06,SAGAR,,2060,1931.7,1932,,,93360,184563766.2,2036,,
2026-01-06,SAHAS,,552,543,550.5,,,161680,88472058,508,,
2026-01-06,SAIL,,1119.9,976.1,980,,,169345,176564369.7,4078,,
2026-01-06,SANIMA,,335,326,333.8,,,376792,124660947.9,621,,
2026-01-06,SANVI,,800,740,740,,,84441,64422109.8,1247,,
2026-01-06,SARBTM,,905,885.1,889,,,26235,23534549.9,174,,
2026-01-06,SBI,,404,395,399,,,19467,7733048.1,76,,
2026-01-06,SBL,,416,378.6,389.1,,,423212,165577430.8,697,,
2026-01-06,SCB,,639.9,628.4,635,,,54373,34492099.3,138,,
2026-01-06,SGHC,,390,376.2,380,,,27765,10612635.5,187,,
2026-01-06,SHEL,,277.3,273,275,,,71979,19801193.2,271,,
2026-01-06,SHIVM,,639.9,621.1,623,,,373304,234705802.6,1267,,
2026-01-06,SHL,,510,490,499.9,,,58331,29179110.6,204,,
2026-01-06,SHLB,,1620,1565.5,1582,,,343,539827.5,18,,
2026-01-06,SHPC,,537,516,532,,,76816,40887109.9,276,,
2026-01-06,SIFC,,515.1,500,512,,,28739,14628221.8,159,,
2026-01-06,SIKLES,,600,578.7,589,,,118959,69837454.2,503,,
2026-01-06,SJCL,,290,282,284.5,,,14282,4068963.2,132,,
2026-01-06,SJLIC,,454,441,445,,,17653,7916340,209,,
2026-01-06,SKBBL,,780,770.1,772,,,10709,8312773.6,115,,
2026-01-06,SLBBL,,847,826,826.4,,,6170,5135108.2,102,,
2026-01-06,SLBSL,,1326,1287.1,1304,,,2593,3358529.4,42,,
2026-01-06,SMATA,,795.7,780,785.9,,,5871,4613155.7,80,,
2026-01-06,SMB,,1834,1785,1813,,,6591,11852138.8,66,,
2026-01-06,SMFBS,,1688.1,1640,1656,,,1359,2253719.6,27,,
2026-01-06,SMH,,717,700.4,710,,,2575,1812312.5,43,,
2026-01-06,SMHL,,564,549,558.8,,,28386,15717985.2,245,,
2026-01-06,SMJC,,499,486.1,496.8,,,5394,2657179,116,,
2026-01-06,SMPDA,,905,866,883.2,,,5239,4627997.8,83,,
2026-01-06,SNLI,,470.9,461.2,468,,,27327,12779833.2,437,,
2026-01-06,SONA,,446.3,431.5,436,,,52973,23130266.9,493,,
2026-01-06,SPC,,565,540.1,540.1,,,30837,17039030.2,235,,
2026-01-06,SPDL,,396,383.2,385,,,63846,24807253.7,251,,
2026-01-06,SPHL,,585,568,574.9,,,34598,19919444.3,200,,
2026-01-06,SPL,,863.1,803,823,,,4000,3309163,56,,
2026-01-06,SRLI,,396.8,390.9,392.3,,,20149,7945097.2,264,,
2026-01-06,SSHL,,156,153,155.9,,,139567,21602589.4,446,,
2026-01-06,STC,,5625,5426,5520,,,1745,9620464.6,48,,
2026-01-06,SWASTIK,,3195,2961,2999,,,7992,24270547.9,364,,
2026-01-06,SWBBL,,745,736,739.4,,,5773,4267792.9,44,,
2026-01-06,SWMF,,695,664.1,678.8,,,1935,1306379.3,38,,
2026-01-06,SYPNL,,1356.4,1255,1300,,,188305,248836986.7,6087,,
2026-01-06,TAMOR,,460,450,454,,,17777,8109716.4,155,,
2026-01-06,TPC,,380,371,373.5,,,92379,34662060,302,,
2026-01-06,TRH,,729.9,719,720,,,3533,2550289.3,45,,
2026-01-06,TSHL,,785.2,702.2,782,,,47149,36230203,429,,
2026-01-06,TTL,,904,836,839,,,100281,86757800.3,1936,,
2026-01-06,TVCL,,399,386.6,393,,,5940,2313132.5,92,,
2026-01-06,UHEWA,,555,541,549.9,,,29300,16117081.9,151,,
2026-01-06,ULBSL,,3499,3420.2,3472.8,,,757,2599504.4,24,,
2026-01-06,ULHC,,480,461,469,,,18000,8494844.6,159,,
2026-01-06,UMHL,,569.59,555.1,564.8,,,59301,33400271.1,241,,
2026-01-06,UMRH,,620,569,570,,,24339,14044080.3,110,,
2026-01-06,UNHPL,,482,462,465,,,201925,94770482.6,490,,
2026-01-06,UNL,,47400,47000,47300,,,50,2359000,4,,
2026-01-06,UNLB,,1923,1892,1920,,,360,684251,22,,
2026-01-06,UPCL,,366.4,360,361,,,93509,33869663.1,326,,
2026-01-06,UPPER,,175,172.7,174,,,77345,13450877,366,,
2026-01-06,USHEC,,465,458,464,,,16465,7616998.5,134,,
2026-01-06,USHL,,852,805,840,,,11682,9759174,155,,
2026-01-06,USLB,,1484.9,1460,1477,,,4562,6697906.2,81,,
2026-01-06,VLBS,,785,754,769,,,4175,3192033.1,58,,
2026-01-06,VLUCL,,575,566.2,568.3,,,3227,1841831.1,97,,
2026-01-07,ACLBSL,,935,920,935,,,1399,1297817.3,36,,
2026-01-07,ADBL,,300,294,299.7,,,29448,8748832.2,139,,
2026-01-07,AHL,,572,555,563.9,,,6549,3678749.1,95,,
2026-01-07,AHPC,,261,256,256.9,,,84299,21659037.6,352,,
2026-01-07,AKJCL,,202.1,196.9,198.2,,,218322,43578352,661,,
2026-01-07,AKPL,,250.9,246,246.9,,,137565,34271865.8,290,,
2026-01-07,ALBSL,,1222,1200,1205,,,27373,33120318.4,192,,
2026-01-07,ALICL,,468.8,461.3,465,,,26585,12338934.9,139,,
2026-01-07,ANLB,,6391,6015,6100,,,640,3900129.1,42,,
2026-01-07,API,,287,282,285.9,,,102029,29047212.6,268,,
2026-01-07,AVYAN,,958,940,945,,,3236,3056762,47,,
2026-01-07,BANDIPUR,,873,814,820,,,138243,115570906.2,2964,,
2026-01-07,BARUN,,327.2,316.1,319.6,,,56133,17912021.8,253,,
2026-01-07,BBC,,4888.7,4785.1,4880,,,280,1358062,23,,
2026-01-07,BEDC,,539.9,528,533.2,,,10485,5585702.8,114,,
2026-01-07,BFC,,479,463,467,,,30196,14215411.6,179,,
2026-01-07,BGWT,,779,760,767.5,,,3080,2360619,46,,
2026-01-07,BHCL,,539.9,510,513,,,106998,55547861.8,1268,,
2026-01-07,BHDC,,470,460.6,468.7,,,38336,17936713.4,244,,
2026-01-07,BHL,,177.8,174,176.4,,,184821,32477383,481,,
2026-01-07,BHPL,,572,538,541,,,65579,36054385.8,401,,
2026-01-07,BNHC,,464,450,455,,,13090,5947885.2,116,,
2026-01-07,BNL,,16000,16000,16000,,,0,0,0,,
2026-01-07,BNT,,11910,11800,11800,,,217,2569365,15,,
2026-01-07,BPCL,,777,752.1,756.9,,,163605,124230959.3,472,,
2026-01-07,BUNGAL,,693.5,646,650.1,,,68663,45684574.8,973,,
2026-01-07,CBBL,,933,915.2,919,,,8951,8226694.3,126,,
2026-01-07,CFCL,,506.8,488,495.2,,,81059,40619622.8,578,,
2026-01-07,CGH,,881.2,852,852,,,14919,12775742.5,146,,
2026-01-07,CHCL,,473,470,471,,,27147,12788086.8,147,,
2026-01-07,CHDC,,2260,2233,2244.7,,,17168,38488487,172,,
2026-01-07,CHL,,260.9,252,254.8,,,21628,5522152.5,125,,
2026-01-07,CIT,,1785,1770,1780,,,12273,21817646.5,154,,
2026-01-07,CITY,,484.9,472.4,474,,,11609,5542795.5,115,,
2026-01-07,CKHL,,669.3,649.5,651.1,,,6307,4175259.6,65,,
2026-01-07,CLI,,480,468.3,479.9,,,40390,19194010.9,403,,
2026-01-07,CREST,,1270,1230,1247.7,,,19756,24756182.6,306,,
2026-01-07,CYCL,,1530.3,1515,1515,,,2242,3408882.6,64,,
2026-01-07,CZBIL,,202,196.8,198.9,,,44995,8991080.5,141,,
2026-01-07,DDBL,,820,805,815,,,11876,9661137.2,95,,
2026-01-07,DHEL,,664,620,627,,,98577,63049931.1,1485,,
2026-01-07,DHPL,,292,288,291,,,6479,1885557.3,53,,
2026-01-07,DLBS,,1337,1305.2,1337,,,572,754969.4,20,,
2026-01-07,DOLTI,,512.9,507,511.9,,,2520,1282924.1,63,,
2026-01-07,DORDI,,255.9,250,253,,,77718,19584555.2,242,,
2026-01-07,EBL,,662,652,658,,,32918,21654361.3,203,,
2026-01-07,EHPL,,419.2,402,402,,,29109,11857840.6,188,,
2026-01-07,ENL,,905,888,903,,,2342,2101012,37,,
2026-01-07,FMDBL,,836,784,815,,,80619,65941807.7,624,,
2026-01-07,FOWAD,,1090,1070,1081,,,953,1024467.7,31,,
2026-01-07,GBIME,,230,226.6,228,,,55204,12571199,230,,
2026-01-07,GBLBS,,789.9,767.1,772.2,,,5560,4322623.7,87,,
2026-01-07,GCIL,,436.6,420.6,424.8,,,14871,6323826,214,,
2026-01-07,GFCL,,650.6,627,638,,,57024,36451084.5,354,,
2026-01-07,GHL,,214,210,210.9,,,36846,7793315.6,104,,
2026-01-07,GILB,,1177,1140,1158,,,2184,2505715,38,,
2026-01-07,GLBSL,,1949.9,1911,1911.1,,,515,987513.1,24,,
2026-01-07,GLH,,250,244.2,244.5,,,23477,5783355.3,154,,
2026-01-07,GMFBS,,1518.9,1500,1518.9,,,397,595689,6,,
2026-01-07,GMFIL,,479.9,462,464,,,51369,24175536.5,196,,
2026-01-07,GMLI,,1774,1712,1715,,,1560,2714526,70,,
2026-01-07,GUFL,,532,512,512,,,16242,8464093.6,134,,
2026-01-07,GVL,,511.4,497.5,503.9,,,54437,27271555.3,348,,
2026-01-07,HATHY,,910,895.1,895.1,,,5148,4632261.1,96,,
2026-01-07,HBL,,191.6,186.9,189.8,,,47883,9081643,1523,,
2026-01-07,HDHPC,,177.7,173.7,175,,,36125,6319651.9,156,,
2026-01-07,HDL,,1179.7,1155,1155.5,,,39284,45572291.6,436,,
2026-01-07,HHL,,326,321.3,324.9,,,15885,5155645.4,137,,
2026-01-07,HIDCL,,262,257,258,,,84259,21797318.1,223,,
2026-01-07,HIMSTAR,,949,899,944,,,24634,22700450.6,440,,
2026-01-07,HLBSL,,900,881,900,,,1986,1776503,24,,
2026-01-07,HLI,,373,368,370,,,28978,10723669.1,302,,
2026-01-07,HPPL,,469.7,460.3,461.4,,,35679,16546842.8,137,,
2026-01-07,HRL,,861.9,833,834,,,59371,49791438.2,784,,
2026-01-07,HURJA,,227,220.2,221,,,33621,7435199.3,118,,
2026-01-07,ICFC,,665,645,651.9,,,71798,47142509,371,,
2026-01-07,IHL,,588.9,558,564,,,8909,5009373.2,102,,
2026-01-07,ILBS,,1047,996,1020,,,11959,12240541.4,123,,
2026-01-07,ILI,,443,435.2,440.2,,,7889,3476459.7,312,,
2026-01-07,JBLB,,1426.9,1344,1360,,,38021,51575314,453,,
2026-01-07,JFL,,437.9,423,433.5,,,20922,9001084.2,170,,
2026-01-07,JHAPA,,1389,1340.7,1380,,,21373,28984160.2,462,,
2026-01-07,JOSHI,,290.2,283,284,,,20376,5826576,169,,
2026-01-07,JSLBB,,1186,1134,1180,,,1926,2216876.2,37,,
2026-01-07,KBL,,181,178.6,179.1,,,105328,18923422.9,274,,
2026-01-07,KBSH,,1734,1675,1708,,,78,132884,5,,
2026-01-07,KDL,,813.9,790,791,,,2669,2128333.1,69,,
2026-01-07,KKHC,,219.5,214.1,215.9,,,60158,13029424.6,238,,
2026-01-07,KMCDB,,995,969,993,,,7662,7523155,111,,
2026-01-07,KPCL,,540,527,527.7,,,6138,3249843.6,57,,
2026-01-07,LEC,,206,200,202,,,125070,25371775.3,457,,
2026-01-07,LICN,,878.8,855.1,858.4,,,18132,15601801.8,109,,
2026-01-07,LLBS,,955,951.1,951.1,,,164,156194,6,,
2026-01-07,LSL,,216.5,212.2,213.7,,,35425,7600398.7,131,,
2026-01-07,MABEL,,745,711,719,,,27353,19851384.5,610,,
2026-01-07,MAKAR,,540,534.1,540,,,5629,3019688.9,58,,
2026-01-07,MANDU,,800,795,800,,,4045,3226056,37,,
2026-01-07,MATRI,,1031,990.8,1000,,,570,568548.2,36,,
2026-01-07,MBJC,,287,277.1,278.1,,,29160,8141925.3,260,,
2026-01-07,MBL,,226,222.5,223.6,,,53545,12010343.5,143,,
2026-01-07,MCHL,,437.9,421,422.1,,,4187,1790190,75,,
2026-01-07,MEHL,,435,427.2,430,,,12016,5182834.9,113,,
2026-01-07,MEL,,272.9,267,269,,,16095,4342597.9,234,,
2026-01-07,MEN,,571,557,567.6,,,31566,17884403.2,186,,
2026-01-07,MERO,,734.5,701.2,730.1,,,12908,9325972.6,120,,
2026-01-07,MFIL,,763,727,760,,,271938,204773604,881,,
2026-01-07,MHCL,,397.5,384.1,389.9,,,3754,1463440.7,60,,
2026-01-07,MHL,,496,487.5,491.8,,,11974,5876908.3,81,,
2026-01-07,MHNL,,245.9,240,242.7,,,9383,2259939.9,69,,
2026-01-07,MKCL,,1440,1398.1,1400,,,6812,9604153.6,92,,
2026-01-07,MKHC,,352,342.2,349.8,,,15907,5510736.9,142,,
2026-01-07,MKHL,,816,770,783.6,,,2656,2106992.4,68,,
2026-01-07,MKJC,,525,512,518,,,19591,10207058.7,116,,
2026-01-07,MLBBL,,1354,1317,1330,,,5458,7322323.5,48,,
2026-01-07,MLBS,,1470.9,1435,1448,,,426,616503,15,,
2026-01-07,MLBSL,,1960,1900.2,1945,,,1638,3178665.4,37,,
2026-01-07,MMKJL,,600,588,597.5,,,15674,9292485.7,171,,
2026-01-07,MPFL,,656.5,628.2,642,,,72004,46366654.1,374,,
2026-01-07,MSHL,,841,815,816.2,,,1123,926222,29,,
2026-01-07,MSLB,,1300,1280.3,1298,,,1172,1509623.7,52,,
2026-01-07,NABIL,,493.9,489,489,,,38590,18897060.9,373,,
2026-01-07,NADEP,,814.9,800.1,810,,,1479,1189726,31,,
2026-01-07,NBL,,242.8,238.3,239.6,,,46008,11017188.8,126,,
2026-01-07,NESDO,,1547,1493.3,1510,,,800,1204427.3,23,,
2026-01-07,NFS,,650,632.1,636.1,,,32523,20921608,253,,
2026-01-07,NGPL,,398.3,391.3,393.5,,,143112,56404255.5,453,,
2026-01-07,NHDL,,712,668,682,,,90636,62264895.6,280,,
2026-01-07,NHPC,,189.9,185,185.3,,,67441,12543745.6,181,,
2026-01-07,NICA,,354,343.8,343.8,,,135639,46927978.8,531,,
2026-01-07,NICLBSL,,564,550.5,559.5,,,8780,4910674.3,128,,
2026-01-07,NIFRA,,265.6,262.2,263,,,53034,13994154.2,385,,
2026-01-07,NIMB,,195,191.4,192,,,62613,12022614.1,231,,
2026-01-07,NLIC,,776.5,765.1,766.9,,,22720,17458968.4,174,,
2026-01-07,NLICL,,582.5,575,579.3,,,12718,7327180.7,77,,
2026-01-07,NLO,,254.1,254.1,254.1,,,0,0,0,,
2026-01-07,NMB,,241,235.6,237.2,,,28233,6715851.4,112,,
2026-01-07,NMBMF,,702.7,684,684,,,2608,1787902.7,29,,
2026-01-07,NMFBS,,1158,1143.2,1147.8,,,5298,6093826.9,66,,
2026-01-07,NMLBBL,,659,630.5,640,,,5578,3616025.7,57,,
2026-01-07,NRIC,,1310,1280.1,1294,,,53005,68659397.5,405,,
2026-01-07,NRM,,460,437,440,,,52182,23257678.1,458,,
2026-01-07,NRN,,1395,1372.1,1386,,,20564,28416608.4,162,,
2026-01-07,NTC,,864.5,856.6,858,,,6012,5160363.4,131,,
2026-01-07,NUBL,,713,700,705,,,1152,814116.6,20,,
2026-01-07,NWCL,,865,836,848,,,6081,5149413.2,83,,
2026-01-07,NYADI,,399.8,386,389.9,,,4893,1909230.4,102,,
2026-01-07,OHL,,713,691.1,702.9,,,3078,2158308.8,35,,
2026-01-07,OMPL,,1329.9,1280.4,1280.6,,,26625,34557010.7,485,,
2026-01-07,PCBL,,240,236.1,236.2,,,38625,9165422,164,,
2026-01-07,PFL,,370,358,365,,,14169,5172098.7,109,,
2026-01-07,PHCL,,269,260,263.8,,,60333,15889877.6,290,,
2026-01-07,PMHPL,,327,316,317,,,13458,4300000.2,85,,
2026-01-07,PMLI,,492,483,492,,,1920,938232.8,99,,
2026-01-07,PPCL,,354.9,345,345,,,16681,5797770.4,91,,
2026-01-07,PPL,,338,323,323,,,187952,62021915.3,687,,
2026-01-07,PROFL,,475,460,460,,,22328,10427710.6,149,,
2026-01-07,PRVU,,187.5,185.2,186,,,56242,10466446.8,244,,
2026-01-07,PURE,,1079,1016.3,1040,,,71883,75167662.6,746,,
2026-01-07,RADHI,,779.9,753.5,753.5,,,132986,101316974.3,431,,
2026-01-07,RAWA,,722.9,702.4,709,,,1484,1053095.4,34,,
2026-01-07,RFPL,,383,362.6,379,,,193176,73075889,841,,
2026-01-07,RHGCL,,250,244,247,,,27603,6808599.4,161,,
2026-01-07,RHPL,,277.7,268,270,,,19966,5389233.1,174,,
2026-01-07,RIDI,,223,220,220.1,,,23896,5264563.3,113,,
2026-01-07,RLFL,,438.6,426,429,,,24130,10424467,119,,
2026-01-07,RNLI,,475.3,460,461.1,,,41260,19080787.4,441,,
2026-01-07,RSDC,,645.2,628.2,640,,,10090,6444848.5,82,,
2026-01-07,RURU,,680,665,670,,,18198,12165474.1,152,,
2026-01-07,SAGAR,,2009,1915,1969,,,79760,156867977.3,1460,,
2026-01-07,SAHAS,,551.9,543.3,548,,,62955,34443265.2,307,,
2026-01-07,SAIL,,1027.1,952.8,970.1,,,238563,235565668.9,3418,,
2026-01-07,SANIMA,,336,330,335.5,,,99167,33112412.7,301,,
2026-01-07,SANVI,,755,715,735,,,199155,146164937.6,1478,,
2026-01-07,SARBTM,,906.7,881,883,,,12484,11062027.1,99,,
2026-01-07,SBI,,407.9,394,399,,,63389,25469779.8,122,,
2026-01-07,SBL,,396.8,382,391.1,,,104536,40815313.6,353,,
2026-01-07,SCB,,641.9,630.2,638,,,45060,28801862.2,170,,
2026-01-07,SGHC,,409,373,375,,,17366,6562219.5,139,,
2026-01-07,SHEL,,277,271,271.6,,,46538,12691245.98,206,,
2026-01-07,SHIVM,,626,613.6,617.5,,,260554,161022176.9,894,,
2026-01-07,SHL,,500,490,495,,,14764,7335405.5,102,,
2026-01-07,SHLB,,1585,1560,1581.9,,,1269,1994947.5,37,,
2026-01-07,SHPC,,535,528,529,,,59078,31282097.8,196,,
2026-01-07,SIFC,,518.9,505,508,,,19332,9903001.7,113,,
2026-01-07,SIKLES,,591,579,583,,,55277,32281228.8,216,,
2026-01-07,SJCL,,288.9,281.6,284,,,8448,2395943.8,123,,
2026-01-07,SJLIC,,452,440.5,444,,,15081,6709846.6,169,,
2026-01-07,SKBBL,,779,769.1,773.6,,,9007,6977394,82,,
2026-01-07,SLBBL,,838,822.5,823.2,,,2874,2369085.2,69,,
2026-01-07,SLBSL,,1317.8,1287.9,1307,,,3747,4907146.3,26,,
2026-01-07,SMATA,,790,780,781.5,,,4073,3188663.8,77,,
2026-01-07,SMB,,1810,1785,1790,,,1335,2399648,54,,
2026-01-07,SMFBS,,1689,1611,1668,,,1612,2636264.5,26,,
2026-01-07,SMH,,745,705.2,725.1,,,6874,5001136.8,100,,
2026-01-07,SMHL,,560,520,539,,,32376,17590531.5,231,,
2026-01-07,SMJC,,515,486.9,488.6,,,7901,3884395.5,118,,
2026-01-07,SMPDA,,895,870,882,,,7131,6280052.6,96,,
2026-01-07,SNLI,,473,464,472,,,26857,12536082.3,372,,
2026-01-07,SONA,,440,428.2,431,,,29190,12647698.8,332,,
2026-01-07,SPC,,550,527.3,535,,,36606,19714498.9,241,,
2026-01-07,SPDL,,392.7,381.6,383.9,,,40374,15521404.3,176,,
2026-01-07,SPHL,,603.9,575,590,,,50938,29965578.3,301,,
2026-01-07,SPL,,870,807,845,,,3174,2684977.6,78,,
2026-01-07,SRLI,,395,390.2,393,,,11887,4664263.6,215,,
2026-01-07,SSHL,,158.8,153.8,155.1,,,83605,12963232.4,293,,
2026-01-07,STC,,5550,5465.2,5498,,,725,3985741.6,18,,
2026-01-07,SWASTIK,,3000,2870,2894,,,7166,21062485.4,263,,
2026-01-07,SWBBL,,745,735,736,,,3229,2383281.7,55,,
2026-01-07,SWMF,,680,673,680,,,2698,1827679,31,,
2026-01-07,SYPNL,,1326,1190,1190.1,,,217502,269497282.7,10154,,
2026-01-07,TAMOR,,463,445.3,447,,,10921,4974718.3,125,,
2026-01-07,TPC,,380,364,369.7,,,60008,22086359.2,190,,
2026-01-07,TRH,,730,720,720,,,3160,2287915.4,38,,
2026-01-07,TSHL,,797,757.6,766.1,,,22136,17172678.4,204,,
2026-01-07,TTL,,841.8,800,800.1,,,116330,95453875.4,1609,,
2026-01-07,TVCL,,394.9,385.4,388.9,,,9118,3528518,93,,
2026-01-07,UHEWA,,556.9,537.3,538.3,,,23207,12621377.8,149,,
2026-01-07,ULBSL,,3493.5,3361,3493.5,,,4076,13895617.7,50,,
2026-01-07,ULHC,,478,457.1,464,,,7886,3667384.6,94,,
2026-01-07,UMHL,,566.4,562,565,,,49238,27703052.7,154,,
2026-01-07,UMRH,,591.9,560.2,560.5,,,19981,11424343.3,84,,
2026-01-07,UNHPL,,472,457.2,461,,,88976,41264930.2,366,,
2026-01-07,UNL,,47000,47000,47000,,,10,470000,1,,
2026-01-07,UNLB,,1918,1881.6,1888,,,665,1256579,32,,
2026-01-07,UPCL,,363,353.8,359,,,89343,32102599.6,278,,
2026-01-07,UPPER,,175.5,172.6,173.9,,,70354,12194761.9,316,,
2026-01-07,USHEC,,465.2,458.5,460,,,8214,3794610.5,87,,
2026-01-07,USHL,,854.9,822,834,,,4916,4075287.5,84,,
2026-01-07,USLB,,1489,1466,1484,,,5835,8635142.3,101,,
2026-01-07,VLBS,,784.9,765,765,,,2394,1853285.6,59,,
2026-01-07,VLUCL,,580,560.1,564.1,,,5150,2935677.6,102,,
2026-01-08,ACLBSL,,944,918,936,,,775,722181.7,21,,
2026-01-08,ADBL,,303,294.3,300,,,39057,11691238.4,195,,
2026-01-08,AHL,,569.3,550,551,,,7287,4049782,76,,
2026-01-08,AHPC,,262,255,257.1,,,82839,21264929.3,297,,
2026-01-08,AKJCL,,209.9,199.3,205.9,,,297985,60861885.2,1039,,
2026-01-08,AKPL,,249.9,245.5,249.5,,,77940,19324263.4,250,,
2026-01-08,ALBSL,,1206,1180.9,1196.1,,,11834,14093521.7,159,,
2026-01-08,ALICL,,471.9,462.5,471.9,,,50286,23458012.8,197,,
2026-01-08,ANLB,,6198,6099.9,6100,,,2169,13325749,30,,
2026-01-08,API,,289,284.2,285.5,,,74785,21397572.3,249,,
2026-01-08,AVYAN,,950,932.1,946,,,3803,3592791.3,38,,
2026-01-08,BANDIPUR,,837,800,833,,,214428,176060188.5,3007,,
2026-01-08,BARUN,,325,316,318.5,,,82091,26168002.1,303,,
2026-01-08,BBC,,4890,4806,4865,,,390,1896872.8,20,,
2026-01-08,BEDC,,539.8,523,539.8,,,6117,3256324.2,84,,
2026-01-08,BFC,,470,461.1,465,,,9555,4442583.1,62,,
2026-01-08,BGWT,,770,762,762.1,,,2118,1617944.3,38,,
2026-01-08,BHCL,,534,509.2,533,,,113701,59644763.2,1409,,
2026-01-08,BHDC,,468,461.2,467,,,15777,7333683,154,,
2026-01-08,BHL,,182,174.4,180.8,,,151089,26965151.8,534,,
2026-01-08,BHPL,,561,530.2,555,,,211257,113890974,558,,
2026-01-08,BNHC,,454,447.6,450,,,10527,4729711.8,93,,
2026-01-08,BNL,,16000,16000,16000,,,0,0,0,,
2026-01-08,BNT,,11999.9,11780,11999.9,,,210,2496850,10,,
2026-01-08,BPCL,,765,746.9,764,,,116648,88558618.9,334,,
2026-01-08,BUNGAL,,656,625.3,637.5,,,150364,95599814.2,1406,,
2026-01-08,CBBL,,925,912.4,918,,,15537,14227994.3,140,,
2026-01-08,CFCL,,502.6,490,501.8,,,26423,13166859,201,,
2026-01-08,CGH,,859.7,850.5,852,,,7288,6222783.5,95,,
2026-01-08,CHCL,,473,467,470.9,,,51571,24246067.8,212,,
2026-01-08,CHDC,,2249.9,2230,2244,,,12804,28661422.8,142,,
2026-01-08,CHL,,262.4,250,259,,,60322,15610511.5,227,,
2026-01-08,CIT,,1785,1770,1779,,,3923,6966326.3,137,,
2026-01-08,CITY,,480,470,472,,,8899,4217214.2,94,,
2026-01-08,CKHL,,677,644.1,666,,,7920,5205180,75,,
2026-01-08,CLI,,483,472.4,479,,,33195,15847818,372,,
2026-01-08,CREST,,1240,1221.1,1226,,,9157,11263204.2,266,,
2026-01-08,CYCL,,1530,1510.5,1527.9,,,1089,1651451.5,52,,
2026-01-08,CZBIL,,200,196.2,197.4,,,12427,2448766.6,67,,
2026-01-08,DDBL,,819,806.1,818.8,,,9117,7441963,59,,
2026-01-08,DHEL,,650,611.1,649.8,,,85496,54272103,1381,,
2026-01-08,DHPL,,296.7,285.2,294,,,11235,3264565.5,57,,
2026-01-08,DLBS,,1335,1315.1,1321,,,267,351732.7,20,,
2026-01-08,DOLTI,,510,503,509.9,,,4901,2480950.8,55,,
2026-01-08,DORDI,,255,251,254.3,,,43541,11014421.1,216,,
2026-01-08,EBL,,664,653,661,,,24336,16017783.1,181,,
2026-01-08,EHPL,,410,400,406,,,32623,13191711.2,189,,
2026-01-08,ENL,,903,886,903,,,1070,952971.3,25,,
2026-01-08,FMDBL,,819,798,803,,,57214,46040412.9,232,,
2026-01-08,FOWAD,,1092,1065,1090,,,2847,3066103.2,50,,
2026-01-08,GBIME,,230,225.5,228,,,60878,13813139.5,302,,
2026-01-08,GBLBS,,784,768,769,,,7224,5573408.7,108,,
2026-01-08,GCIL,,425,417.6,420,,,26830,11294326.7,253,,
2026-01-08,GFCL,,647.5,624.5,624.9,,,46772,29602461.2,226,,
2026-01-08,GHL,,213.8,208.2,211.6,,,62160,13149134,161,,
2026-01-08,GILB,,1157,1135.2,1150,,,1679,1921889.3,33,,
2026-01-08,GLBSL,,1987.9,1891,1920.1,,,1153,2237480.5,37,,
2026-01-08,GLH,,249.2,239.7,246,,,17731,4363969,144,,
2026-01-08,GMFBS,,1524,1480.2,1480.4,,,759,1141900.6,18,,
2026-01-08,GMFIL,,472,463.2,464,,,7255,3370885.8,58,,
2026-01-08,GMLI,,1740,1706,1711.1,,,1386,2376875.7,74,,
2026-01-08,GUFL,,520,506,511.9,,,10937,5563661.9,84,,
2026-01-08,GVL,,505,497,498,,,43591,21795063.7,253,,
2026-01-08,HATHY,,900,885,891,,,7483,6675799.8,135,,
2026-01-08,HBL,,191,187.7,190.1,,,96293,18193921.1,1642,,
2026-01-08,HDHPC,,188,173.1,180,,,185607,33140487.4,468,,
2026-01-08,HDL,,1170,1149,1152,,,48898,56302034.3,591,,
2026-01-08,HHL,,325.5,318.5,324,,,18756,6084347.5,122,,
2026-01-08,HIDCL,,258,256,257.9,,,76408,19609363.5,277,,
2026-01-08,HIMSTAR,,1000,913,947,,,37445,34851745.6,427,,
2026-01-08,HLBSL,,903,886,902.7,,,648,577720.7,19,,
2026-01-08,HLI,,372.9,368,371.1,,,16784,6225156.9,291,,
2026-01-08,HPPL,,470.6,458.2,461.5,,,47766,22043404.5,207,,
2026-01-08,HRL,,839.8,830,838,,,59321,49499142,755,,
2026-01-08,HURJA,,224,219.7,223.5,,,91038,20202470.9,214,,
2026-01-08,ICFC,,652.8,648,649,,,17446,11328287.5,112,,
2026-01-08,IHL,,562,543,548.7,,,34045,18748746.8,238,,
2026-01-08,ILBS,,1025,999,1014,,,10135,10181128.1,92,,
2026-01-08,ILI,,443.8,437.2,442,,,20254,8898234.9,357,,
2026-01-08,JBLB,,1367,1340,1343,,,5533,7462947,163,,
2026-01-08,JFL,,438.5,424,435,,,17142,7422385.8,127,,
2026-01-08,JHAPA,,1401,1353,1400,,,14467,20095988.5,407,,
2026-01-08,JOSHI,,287,281.5,282.7,,,28391,8059392.4,173,,
2026-01-08,JSLBB,,1184.9,1156,1184.9,,,574,667488,15,,
2026-01-08,KBL,,180.1,178.2,179,,,79005,14122357.5,294,,
2026-01-08,KBSH,,1692,1691,1691,,,20,33830,2,,
2026-01-08,KDL,,799,784,797.9,,,2425,1912446.6,42,,
2026-01-08,KKHC,,235,213,225.9,,,413228,91825999.6,941,,
2026-01-08,KMCDB,,992,970,988,,,4657,4530405.5,70,,
2026-01-08,KPCL,,530,521,524,,,10946,5749976.4,93,,
2026-01-08,LEC,,205.9,199,202,,,197024,39596603.8,426,,
2026-01-08,LICN,,865,841.3,863.9,,,12245,10522078,108,,
2026-01-08,LLBS,,970,932.1,970,,,3421,3239907.3,19,,
2026-01-08,LSL,,216.5,209.5,214.2,,,27228,5798633,109,,
2026-01-08,MABEL,,741,708.1,735,,,35313,25784856.1,713,,
2026-01-08,MAKAR,,539.8,530.1,538,,,4367,2342562,62,,
2026-01-08,MANDU,,805,795.1,800,,,2973,2384751,63,,
2026-01-08,MATRI,,1000,981,999,,,1307,1285586.9,26,,
2026-01-08,MBJC,,284,273.3,281.2,,,20181,5669805.8,323,,
2026-01-08,MBL,,227.9,221,224.9,,,36812,8240472.1,101,,
2026-01-08,MCHL,,429.8,418.1,423.9,,,1814,765005.8,45,,
2026-01-08,MEHL,,431,422,428,,,17523,7504250.6,118,,
2026-01-08,MEL,,273.9,266,268.7,,,9631,2586346.4,190,,
2026-01-08,MEN,,571,561.1,567,,,45164,25663693,229,,
2026-01-08,MERO,,740,727,740,,,5440,4003205.4,72,,
2026-01-08,MFIL,,765,745,763,,,175214,132643246.9,509,,
2026-01-08,MHCL,,388.9,384,384.4,,,4470,1723219.1,77,,
2026-01-08,MHL,,521,482.5,498,,,11176,5515328,106,,
2026-01-08,MHNL,,244,239.1,244,,,10487,2534227.1,72,,
2026-01-08,MKCL,,1425,1375.1,1410,,,5500,7729706.7,101,,
2026-01-08,MKHC,,350,340,350,,,11133,3843447.5,111,,
2026-01-08,MKHL,,800,754.1,800,,,7895,6192895,65,,
2026-01-08,MKJC,,525.8,507.9,523.3,,,61431,31868845,170,,
2026-01-08,MLBBL,,1330,1305,1329.9,,,374,494196.3,20,,
2026-01-08,MLBS,,1476.9,1425,1451,,,573,826956,24,,
2026-01-08,MLBSL,,1947.1,1908.2,1930,,,2262,4334646.3,50,,
2026-01-08,MMKJL,,623.2,588,600,,,40733,24316694,205,,
2026-01-08,MPFL,,654.8,636.1,640,,,25498,16333356.4,186,,
2026-01-08,MSHL,,830,807,830,,,856,701572,32,,
2026-01-08,MSLB,,1296,1264.1,1278.5,,,1780,2273110.8,36,,
2026-01-08,NABIL,,492,486.5,489,,,35678,17440255.3,409,,
2026-01-08,NADEP,,812,796,808,,,5098,4095531.5,65,,
2026-01-08,NBL,,241,239.1,241,,,35293,8477887.4,148,,
2026-01-08,NESDO,,1500,1481,1499.9,,,737,1096190.5,31,,
2026-01-08,NFS,,642,626.8,630,,,23575,15005361.5,167,,
2026-01-08,NGPL,,395,391.2,392,,,239917,94114301.7,563,,
2026-01-08,NHDL,,694,666,666,,,21018,14117339,181,,
2026-01-08,NHPC,,191.8,185,190.3,,,97147,18384240,301,,
2026-01-08,NICA,,349,337,345.9,,,92775,32145834.8,295,,
2026-01-08,NICLBSL,,560,550.8,560,,,6488,3585548.5,95,,
2026-01-08,NIFRA,,264,261.5,262.1,,,79864,20943902.3,480,,
2026-01-08,NIMB,,193.8,190,192,,,63496,12126408,244,,
2026-01-08,NLIC,,773,756.7,770,,,35706,27427578.8,254,,
2026-01-08,NLICL,,584.9,569.1,584.9,,,14633,8419061.4,76,,
2026-01-08,NLO,,254.1,254.1,254.1,,,0,0,0,,
2026-01-08,NMB,,239.6,237,239,,,36916,8799140.6,105,,
2026-01-08,NMBMF,,691.9,680,685,,,3035,2067122.3,48,,
2026-01-08,NMFBS,,1150,1111,1136.9,,,9377,10635628.9,128,,
2026-01-08,NMLBBL,,652.6,628.1,634.2,,,4372,2783921.2,58,,
2026-01-08,NRIC,,1300,1281,1286,,,31889,41079572.9,247,,
2026-01-08,NRM,,448,438,446.9,,,22579,10039825.2,263,,
2026-01-08,NRN,,1390,1363,1371,,,30746,42246294.1,191,,
2026-01-08,NTC,,860,850,858,,,9482,8122071.3,131,,
2026-01-08,NUBL,,712,701,710,,,4857,3436786.9,39,,
2026-01-08,NWCL,,846,829.1,831.1,,,4397,3656541,82,,
2026-01-08,NYADI,,391,384,390,,,6408,2473252,119,,
2026-01-08,OHL,,702,690.2,696,,,2032,1413522.1,33,,
2026-01-08,OMPL,,1302,1272.3,1302,,,17008,21870697.4,386,,
2026-01-08,PCBL,,239,235,237,,,38576,9096936.2,157,,
2026-01-08,PFL,,368,355.8,360.1,,,18518,6677229.3,110,,
2026-01-08,PHCL,,264,259,261.9,,,83992,21912101.1,329,,
2026-01-08,PMHPL,,323,315,315,,,21812,6924048.7,100,,
2026-01-08,PMLI,,496.5,483,485.2,,,4715,2295181,89,,
2026-01-08,PPCL,,349.7,343,349.6,,,21892,7583606.1,117,,
2026-01-08,PPL,,328.7,323,326.7,,,65788,21368852.4,327,,
2026-01-08,PROFL,,468.8,455,455,,,2255,1031863.4,35,,
2026-01-08,PRVU,,186.1,184.9,185.9,,,49431,9161674.9,245,,
2026-01-08,PURE,,1050,1021,1038.9,,,38536,39907234.3,440,,
2026-01-08,RADHI,,770,750.3,763,,,151349,115377549.7,449,,
2026-01-08,RAWA,,707,695.2,706,,,719,503618.3,32,,
2026-01-08,RFPL,,380,372,372.6,,,122478,46049691.6,498,,
2026-01-08,RHGCL,,247,243.7,246.9,,,23894,5871698.5,132,,
2026-01-08,RHPL,,271,267.3,270.9,,,18965,5106413.4,130,,
2026-01-08,RIDI,,223,219,220.5,,,39774,8794738.7,141,,
2026-01-08,RLFL,,428,420.5,427,,,12190,5164531.5,84,,
2026-01-08,RNLI,,467.8,451.9,467,,,50532,23395827.8,450,,
2026-01-08,RSDC,,650,633,642,,,14461,9289334.8,103,,
2026-01-08,RURU,,680,658,668,,,9636,6410775.4,104,,
2026-01-08,SAGAR,,2038.8,1955,1980,,,75232,150347504.9,1571,,
2026-01-08,SAHAS,,551,543.5,544,,,76969,42018393,355,,
2026-01-08,SAIL,,1019,952,1013,,,133885,133165515.1,2977,,
2026-01-08,SANIMA,,342.7,332.2,340,,,170446,57446241,486,,
2026-01-08,SANVI,,800,721,795,,,205667,158958116.7,1991,,
2026-01-08,SARBTM,,890,875,877.1,,,21397,18794518.2,128,,
2026-01-08,SBI,,405,397.1,398,,,36828,14715838.7,90,,
2026-01-08,SBL,,398.9,390,397.9,,,188567,74415780.8,556,,
2026-01-08,SCB,,642.4,638,640,,,25322,16213254.7,144,,
2026-01-08,SGHC,,406,370,373.1,,,37229,14086851,165,,
2026-01-08,SHEL,,278,273.5,277.5,,,102640,28331294.3,431,,
2026-01-08,SHIVM,,625,610.7,625,,,241681,148926997.6,810,,
2026-01-08,SHL,,500,491.1,497,,,11547,5714462,58,,
2026-01-08,SHLB,,1585,1560.1,1580.9,,,903,1422263.3,21,,
2026-01-08,SHPC,,530,525,529.8,,,37212,19662425.5,158,,
2026-01-08,SIFC,,511.1,503,505,,,13754,6949707.3,75,,
2026-01-08,SIKLES,,594.6,581,587.9,,,40710,23835751.3,199,,
2026-01-08,SJCL,,284,281.2,284,,,6974,1968200.4,107,,
2026-01-08,SJLIC,,449,440.5,441.9,,,21773,9638767.5,215,,
2026-01-08,SKBBL,,781,765,781,,,11767,9122069.5,130,,
2026-01-08,SLBBL,,837,823.2,825.2,,,7262,6019133.9,85,,
2026-01-08,SLBSL,,1307.9,1284.1,1307,,,2277,2940381.2,40,,
2026-01-08,SMATA,,794.9,775,785,,,3553,2775732.9,82,,
2026-01-08,SMB,,1817,1790,1790,,,2713,4873841.9,54,,
2026-01-08,SMFBS,,1698,1645,1698,,,556,923118,11,,
2026-01-08,SMH,,738,716.1,728,,,3326,2413334.7,36,,
2026-01-08,SMHL,,539,510.6,518,,,46337,24127460.5,416,,
2026-01-08,SMJC,,497,486.2,486.2,,,9741,4759458,138,,
2026-01-08,SMPDA,,898.9,865,879,,,2291,2005017.7,51,,
2026-01-08,SNLI,,475.9,465.5,475,,,39066,18419179.4,343,,
2026-01-08,SONA,,439,424,428,,,33393,14324384,333,,
2026-01-08,SPC,,543.9,528,532.9,,,18212,9657509.3,140,,
2026-01-08,SPDL,,383.1,379.1,382.9,,,69376,26417880,267,,
2026-01-08,SPHL,,596,585.6,594.5,,,24382,14374544.3,161,,
2026-01-08,SPL,,900,828.7,867.1,,,4349,3716954.7,97,,
2026-01-08,SRLI,,395,390.1,395,,,18813,7408068,234,,
2026-01-08,SSHL,,162.5,153,160.5,,,559013,88728029,895,,
2026-01-08,STC,,5589,5480,5539,,,1269,7017384,38,,
2026-01-08,SWASTIK,,2929.5,2866.1,2886,,,5527,15987185.5,219,,
2026-01-08,SWBBL,,743,734.6,740,,,9578,7078290.4,53,,
2026-01-08,SWMF,,680,666.4,676.1,,,1898,1278598.7,44,,
2026-01-08,SYPNL,,1295,1169,1258,,,161155,200632769.5,8305,,
2026-01-08,TAMOR,,450,440.2,448,,,7936,3528967.5,130,,
2026-01-08,TPC,,384.5,363.5,384,,,77340,28515782.7,238,,
2026-01-08,TRH,,727.9,708.1,723,,,1721,1244158,20,,
2026-01-08,TSHL,,768,751.1,752,,,6450,4878510.1,91,,
2026-01-08,TTL,,833,785.6,826,,,82825,68034729.9,1350,,
2026-01-08,TVCL,,391.8,382,387.9,,,9980,3845321.2,88,,
2026-01-08,UHEWA,,547,537,539,,,20671,11163653.1,157,,
2026-01-08,ULBSL,,3467.1,3368.1,3450,,,1009,3420373.9,31,,
2026-01-08,ULHC,,466,456,460,,,13361,6146447,101,,
2026-01-08,UMHL,,565,555,564.1,,,54028,30225070.2,202,,
2026-01-08,UMRH,,580,551.1,568,,,12167,6885954.5,63,,
2026-01-08,UNHPL,,470.2,455.7,467,,,100577,46684748.5,238,,
2026-01-08,UNL,,47000,46800.1,46800.1,,,72,3376303.1,6,,
2026-01-08,UNLB,,1888,1853,1875,,,1241,2321897.8,38,,
2026-01-08,UPCL,,363.7,357,358.1,,,96667,34691940.5,302,,
2026-01-08,UPPER,,175,173,175,,,73734,12824389.2,321,,
2026-01-08,USHEC,,464,455,457.1,,,9631,4398125.6,107,,
2026-01-08,USHL,,833,811,829,,,13864,11354886.4,95,,
2026-01-08,USLB,,1485,1461.5,1480,,,3101,4572342.2,68,,
2026-01-08,VLBS,,777,760.1,762.1,,,1544,1188823,40,,
2026-01-08,VLUCL,,570,560,566.5,,,3150,1783021,67,,
2026-01-12,ACLBSL,,965,921,965,,,4566,4295130.1,61,,
2026-01-12,ADBL,,302,298,299.5,,,36804,11038917.3,136,,
2026-01-12,AHL,,556,545.5,546.3,,,2193,1202423.9,52,,
2026-01-12,AHPC,,259.8,254,254,,,88049,22496658.3,327,,
2026-01-12,AKJCL,,210,198.1,200,,,166196,33355354.9,521,,
2026-01-12,AKPL,,249.5,245,246.2,,,56646,13996449.8,194,,
2026-01-12,ALBSL,,1198.9,1172.2,1184.1,,,33387,39317508,214,,
2026-01-12,ALICL,,476.7,469.5,472,,,40918,19378830.1,211,,
2026-01-12,ANLB,,6119.8,6060.1,6119.8,,,164,996483.4,20,,
2026-01-12,API,,289,284.5,288.8,,,152308,43735111.3,352,,
2026-01-12,AVYAN,,950,928,949.5,,,3439,3232488.6,47,,
2026-01-12,BANDIPUR,,888.8,827,864,,,216989,186764345.3,3491,,
2026-01-12,BARUN,,321.9,316,317,,,98589,31362895.1,285,,
2026-01-12,BBC,,4874.3,4769,4800,,,853,4098568,51,,
2026-01-12,BEDC,,547,530,537,,,4964,2649916,83,,
2026-01-12,BFC,,474,465,468.9,,,38046,17884345.4,218,,
2026-01-12,BGWT,,774,762,763,,,3775,2893954.1,50,,
2026-01-12,BHCL,,560,530,550,,,192393,105517584.8,2090,,
2026-01-12,BHDC,,476.3,456,464,,,37042,17104744.1,239,,
2026-01-12,BHL,,184.4,178.4,179.9,,,95741,17261911.4,436,,
2026-01-12,BHPL,,570,541,548,,,53932,29718965.4,304,,
2026-01-12,BNHC,,456.9,445.3,447,,,5778,2594695.5,86,,
2026-01-12,BNL,,15680,15680,15680,,,20,313600,2,,
2026-01-12,BNT,,11820,11565.1,11565.1,,,74,870723,6,,
2026-01-12,BPCL,,777.7,756.3,758,,,215721,164812606.3,598,,
2026-01-12,BUNGAL,,673,632,672,,,99233,65160540.1,1282,,
2026-01-12,CBBL,,927,915,915,,,15559,14326929.4,175,,
2026-01-12,CFCL,,510,494,498,,,24834,12506655.6,203,,
2026-01-12,CGH,,869,850.3,850.3,,,15632,13323003.6,118,,
2026-01-12,CHCL,,480.3,465.1,470,,,41479,19403503.5,271,,
2026-01-12,CHDC,,2280,2220,2259,,,26741,60356315.1,260,,
2026-01-12,CHL,,267.3,256.2,256.8,,,19695,5095838.8,118,,
2026-01-12,CIT,,1780,1770,1774,,,5719,10154150.4,138,,
2026-01-12,CITY,,475,467,470,,,4605,2168346.7,88,,
2026-01-12,CKHL,,671.1,652.7,652.7,,,3051,2008104.3,54,,
2026-01-12,CLI,,480,471.1,475.5,,,47799,22769497.2,415,,
2026-01-12,CREST,,1252.9,1216,1240,,,20400,25270360,408,,
2026-01-12,CYCL,,1545,1513,1545,,,2032,3083084.4,61,,
2026-01-12,CZBIL,,199,194.1,196.6,,,53277,10437939.5,122,,
2026-01-12,DDBL,,826,806,822.1,,,9766,8029536.9,89,,
2026-01-12,DHEL,,673.2,639.1,663,,,135533,89595828.9,1681,,
2026-01-12,DHPL,,297.9,285,285,,,9864,2856242,82,,
2026-01-12,DLBS,,1326,1300,1313,,,328,431488,21,,
2026-01-12,DOLTI,,515.9,503.2,507.7,,,3830,1943283.3,79,,
2026-01-12,DORDI,,258,253.3,256,,,90257,23027802.8,311,,
2026-01-12,EBL,,664.8,658,660.4,,,24488,16189460.4,178,,
2026-01-12,EHPL,,413,397.9,402,,,53976,21936532.2,225,,
2026-01-12,ENL,,900,885.5,900,,,341,304160,24,,
2026-01-12,FMDBL,,809,790.5,793,,,24866,19785357.5,171,,
2026-01-12,FOWAD,,1095,1076,1076,,,725,786990.4,31,,
2026-01-12,GBIME,,232.5,225,228,,,125875,28544612.8,415,,
2026-01-12,GBLBS,,778.2,763,768,,,5790,4466432.7,82,,
2026-01-12,GCIL,,437.5,419,437.5,,,60158,26005888,465,,
2026-01-12,GFCL,,642,625,632,,,50818,32233095.4,251,,
2026-01-12,GHL,,214.6,209,210,,,56515,11980906.1,168,,
2026-01-12,GILB,,1167,1145,1145,,,3428,3936855.1,44,,
2026-01-12,GLBSL,,1980,1920.2,1925,,,2154,4207857,55,,
2026-01-12,GLH,,248,244.1,247,,,26156,6429779.8,153,,
2026-01-12,GMFBS,,1525,1486,1500,,,504,761194,13,,
2026-01-12,GMFIL,,470,456.1,457,,,25977,11993475.4,130,,
2026-01-12,GMLI,,1725,1700.2,1719.9,,,2474,4248417.8,105,,
2026-01-12,GUFL,,521.5,508,509.5,,,12932,6597906.2,90,,
2026-01-12,GVL,,502,492,495,,,59275,29401680.5,263,,
2026-01-12,HATHY,,895,880,884,,,13643,12046600.8,182,,
2026-01-12,HBL,,193.8,187.6,190,,,120983,22909425.4,1872,,
2026-01-12,HDHPC,,182.5,176.4,176.8,,,46478,8257904.6,230,,
2026-01-12,HDL,,1160,1142.9,1145.9,,,77408,88849150.6,721,,
2026-01-12,HHL,,330,320.2,321,,,20353,6557557.7,141,,
2026-01-12,HIDCL,,259.9,255.6,255.9,,,87905,22545901.9,281,,
2026-01-12,HIMSTAR,,972,910,935,,,46198,43335829.1,627,,
2026-01-12,HLBSL,,943,888.1,900,,,4260,3884687.2,67,,
2026-01-12,HLI,,369,366,366.3,,,54953,20174268.8,524,,
2026-01-12,HPPL,,465,456.5,457,,,39288,18067449.1,223,,
2026-01-12,HRL,,846,833,838,,,106238,89241174.4,1091,,
2026-01-12,HURJA,,224.6,221.1,223,,,18840,4183806.1,85,,
2026-01-12,ICFC,,656,641.9,644,,,26321,17002301.1,140,,
2026-01-12,IHL,,559,530,535,,,26772,14363843.7,248,,
2026-01-12,ILBS,,1014,981.4,996,,,6979,6950077.2,93,,
2026-01-12,ILI,,444,440,441,,,10113,4462520.2,348,,
2026-01-12,JBLB,,1446,1331,1332.1,,,6018,8094861.8,171,,
2026-01-12,JFL,,452.5,418,430,,,11407,4956893.5,115,,
2026-01-12,JHAPA,,1507,1386.1,1470,,,31391,45924028.6,729,,
2026-01-12,JOSHI,,288.2,280,281.9,,,25023,7046879.8,198,,
2026-01-12,JSLBB,,1177.9,1146,1164.9,,,1369,1580465.4,28,,
2026-01-12,KBL,,180.9,178.5,179.3,,,112093,20112242.8,333,,
2026-01-12,KBSH,,1723,1691,1692,,,142,241183,8,,
2026-01-12,KDL,,798,783,790,,,2397,1895818,48,,
2026-01-12,KKHC,,229.9,221.2,223.5,,,37221,8390073.6,201,,
2026-01-12,KMCDB,,988,950,950,,,15901,15265760.8,157,,
2026-01-12,KPCL,,527,515,515,,,36873,19136133.9,194,,
2026-01-12,LEC,,206,196.6,198.8,,,69141,13781436.7,300,,
2026-01-12,LICN,,874.8,855.1,855.1,,,7881,6768313.6,111,,
2026-01-12,LLBS,,951.4,951,951.3,,,195,185487,6,,
2026-01-12,LSL,,217.5,213,214.9,,,59133,12727084.3,172,,
2026-01-12,MABEL,,768.2,731.3,759.8,,,45889,34566261.3,832,,
2026-01-12,MAKAR,,545,530,533.9,,,9178,4937025.6,77,,
2026-01-12,MANDU,,811.8,792.5,800,,,2632,2109827.4,66,,
2026-01-12,MATRI,,1000,980,985,,,468,461790,18,,
2026-01-12,MBJC,,282,278.8,280.8,,,19646,5509315.3,280,,
2026-01-12,MBL,,229.3,223.2,227.7,,,74470,16930631,184,,
2026-01-12,MCHL,,426,415,417,,,4610,1926553.3,82,,
2026-01-12,MEHL,,432,421.2,423.2,,,18960,8057028.7,150,,
2026-01-12,MEL,,272.8,263.4,265.6,,,9498,2550013.3,204,,
2026-01-12,MEN,,573,564,572,,,36315,20675471.9,216,,
2026-01-12,MERO,,748.7,726,728,,,8370,6147914.9,83,,
2026-01-12,MFIL,,774.7,748,765,,,364403,278131905.8,651,,
2026-01-12,MHCL,,384.9,378,382.9,,,8964,3410522.1,99,,
2026-01-12,MHL,,500,490,496,,,11845,5864718,117,,
2026-01-12,MHNL,,244.4,232,242,,,26053,6214850.5,101,,
2026-01-12,MKCL,,1410,1391.1,1401.1,,,3409,4785433.2,86,,
2026-01-12,MKHC,,354,337,337,,,9781,3353734.3,137,,
2026-01-12,MKHL,,810.5,771,796,,,8112,6400555,94,,
2026-01-12,MKJC,,526,515,519.7,,,14395,7442697,110,,
2026-01-12,MLBBL,,1326,1285,1324,,,6071,7865007.9,48,,
2026-01-12,MLBS,,1444,1422,1444,,,1149,1640616.1,30,,
2026-01-12,MLBSL,,1920,1895,1900,,,2390,4550976.7,56,,
2026-01-12,MMKJL,,609,588,595,,,24982,14757137.6,146,,
2026-01-12,MPFL,,645,627.2,632.1,,,31424,19984483.2,197,,
2026-01-12,MSHL,,828,814,828,,,2005,1635615,28,,
2026-01-12,MSLB,,1288,1263,1271,,,2578,3301993,43,,
2026-01-12,NABIL,,495,487,487,,,40413,19756468,514,,
2026-01-12,NADEP,,816,800,803,,,1678,1350859,31,,
2026-01-12,NBL,,242.9,241,242.3,,,52644,12741520.5,172,,
2026-01-12,NESDO,,1492,1480.1,1482,,,541,803009.7,25,,
2026-01-12,NFS,,642.4,623.1,628,,,21925,13839461.9,191,,
2026-01-12,NGPL,,395,388.5,389,,,234100,91503811.1,549,,
2026-01-12,NHDL,,679,658,663,,,29098,19351099.1,178,,
2026-01-12,NHPC,,191.9,187,188,,,20728,3910295,112,,
2026-01-12,NICA,,348.9,339,339.1,,,63530,21718026.4,321,,
2026-01-12,NICLBSL,,564,551,560,,,9669,5390349.2,153,,
2026-01-12,NIFRA,,264,259.1,259.9,,,205975,53615492.7,806,,
2026-01-12,NIMB,,193,190.6,192,,,52278,10040281.9,226,,
2026-01-12,NLIC,,780,770,779,,,33197,25738878.9,299,,
2026-01-12,NLICL,,594.7,577,583.5,,,50455,29430781.7,74,,
2026-01-12,NLO,,254.1,254.1,254.1,,,0,0,0,,
2026-01-12,NMB,,243.7,239,239.9,,,31489,7542354.1,141,,
2026-01-12,NMBMF,,698.7,680,683.9,,,3394,2313518.3,30,,
2026-01-12,NMFBS,,1140,1125,1137,,,3780,4287206,26,,
2026-01-12,NMLBBL,,640,630,634,,,9231,5830912.2,80,,
2026-01-12,NRIC,,1304.8,1275,1279,,,42004,54124868.4,306,,
2026-01-12,NRM,,448.4,431,433,,,76062,33368948.3,470,,
2026-01-12,NRN,,1395,1345,1372,,,39992,54750624.2,217,,
2026-01-12,NTC,,863,850,851.4,,,16784,14316781.8,242,,
2026-01-12,NUBL,,714.5,702,709,,,12123,8594012,43,,
2026-01-12,NWCL,,863.9,831.2,841.9,,,4509,3799685,97,,
2026-01-12,NYADI,,389.9,383.1,388,,,12835,4944092,142,,
2026-01-12,OHL,,702,692.1,698,,,1256,874275.6,17,,
2026-01-12,OMPL,,1395,1294.6,1354.9,,,34324,45920530,704,,
2026-01-12,PCBL,,240,235.2,237.1,,,54810,13034724.2,162,,
2026-01-12,PFL,,367,356.1,357.9,,,6389,2290536.7,60,,
2026-01-12,PHCL,,262,251,254.5,,,189527,48427968,561,,
2026-01-12,PMHPL,,320,310.2,311.6,,,16477,5148832.9,112,,
2026-01-12,PMLI,,489.8,478.2,486,,,3242,1569156.5,123,,
2026-01-12,PPCL,,351,344.1,344.1,,,21228,7357875.2,108,,
2026-01-12,PPL,,331.9,318.9,322.7,,,105268,34104549.6,456,,
2026-01-12,PROFL,,464,447,447.1,,,13352,6092303.6,87,,
2026-01-12,PRVU,,187.9,184,184,,,112579,20838084.9,334,,
2026-01-12,PURE,,1110,1020,1073,,,66094,70746809.5,777,,
2026-01-12,RADHI,,789.9,769,788,,,405871,315796832.3,1191,,
2026-01-12,RAWA,,720,693,709.9,,,1062,743872,37,,
2026-01-12,RFPL,,380,366,367,,,121005,45032940,540,,
2026-01-12,RHGCL,,246.5,242.6,244,,,26552,6485337.8,155,,
2026-01-12,RHPL,,296,268.1,294,,,59995,16290068.7,226,,
2026-01-12,RIDI,,222,219,221,,,31135,6863508.1,133,,
2026-01-12,RLFL,,430,420.1,423.3,,,9491,4023727.8,60,,
2026-01-12,RNLI,,467.5,460.2,464,,,28756,13344694.8,419,,
2026-01-12,RSDC,,641,631.3,635,,,7937,5024336.7,74,,
2026-01-12,RURU,,681.3,656,656,,,23160,15391808.1,183,,
2026-01-12,SAGAR,,2047,1980,2001,,,92460,186314527.6,1618,,
2026-01-12,SAHAS,,552,542.6,548,,,110355,60149109.6,438,,
2026-01-12,SAIL,,1114.3,1000,1114.3,,,236576,255217158.8,3871,,
2026-01-12,SANIMA,,353,335.5,336,,,153731,52409752.7,503,,
2026-01-12,SANVI,,850,785.1,830,,,247910,203820456,2352,,
2026-01-12,SARBTM,,893.1,875.3,880,,,15154,13378378.7,112,,
2026-01-12,SBI,,410,400,403.7,,,146728,59174777.7,151,,
2026-01-12,SBL,,400.1,390.6,390.6,,,113557,44922329.9,434,,
2026-01-12,SCB,,641.9,636,636,,,12219,7810962,110,,
2026-01-12,SGHC,,380,365,369.9,,,35107,12981673.4,188,,
2026-01-12,SHEL,,279.4,274.8,275.1,,,82161,22648211.6,274,,
2026-01-12,SHIVM,,639,619,620.8,,,391092,245884371.5,1267,,
2026-01-12,SHL,,498.9,483.2,493,,,62815,30884732.1,105,,
2026-01-12,SHLB,,1580,1561,1574,,,477,751405.7,18,,
2026-01-12,SHPC,,532.5,525.1,526.7,,,53250,28063428,222,,
2026-01-12,SIFC,,510,493,499,,,18407,9192817.2,83,,
2026-01-12,SIKLES,,619,583.1,619,,,75960,45532764.2,394,,
2026-01-12,SJCL,,284,280.4,281.3,,,4360,1232466,96,,
2026-01-12,SJLIC,,446,436.2,437.5,,,30540,13431628.3,292,,
2026-01-12,SKBBL,,789,768.3,771.1,,,11662,9036555.8,128,,
2026-01-12,SLBBL,,835.8,820.8,824.9,,,3388,2791219.1,85,,
2026-01-12,SLBSL,,1308,1286,1300,,,1738,2240384.6,35,,
2026-01-12,SMATA,,790,775,777.1,,,4412,3450347.2,75,,
2026-01-12,SMB,,1805,1740,1780,,,1529,2698977.3,41,,
2026-01-12,SMFBS,,1700,1635.7,1635.9,,,2506,4160952.9,27,,
2026-01-12,SMH,,740,713.7,725,,,2724,1961442,58,,
2026-01-12,SMHL,,525,490.1,496,,,52785,26620628.6,550,,
2026-01-12,SMJC,,490.1,480.1,484,,,10716,5183167.5,144,,
2026-01-12,SMPDA,,885,868,878,,,6057,5280542.6,82,,
2026-01-12,SNLI,,478,470,472,,,38142,18041887.8,396,,
2026-01-12,SONA,,445,426.2,431.4,,,35648,15567598.9,486,,
2026-01-12,SPC,,543.5,522.5,534,,,21408,11435301.2,170,,
2026-01-12,SPDL,,389,380,384,,,56625,21738844,184,,
2026-01-12,SPHL,,595,575,579,,,22560,13102671,148,,
2026-01-12,SPL,,864,840.3,848.2,,,1519,1298760.4,45,,
2026-01-12,SRLI,,398,391.5,393.9,,,16564,6534985.1,276,,
2026-01-12,SSHL,,163.7,156.9,158.6,,,161383,25756030.3,452,,
2026-01-12,STC,,5580,5525,5580,,,3259,18072005.9,63,,
2026-01-12,SWASTIK,,2930,2851,2885,,,4683,13594514.9,225,,
2026-01-12,SWBBL,,742.5,730.1,730.1,,,7149,5267053.3,54,,
2026-01-12,SWMF,,680,665,676.8,,,3771,2522781.2,53,,
2026-01-12,SYPNL,,1383.8,1209,1383.8,,,318411,422248843.7,7485,,
2026-01-12,TAMOR,,454,440,443,,,7182,3188960,170,,
2026-01-12,TPC,,391.6,366,371.1,,,84404,31412816.1,395,,
2026-01-12,TRH,,720.1,715.1,715.5,,,2638,1892498.5,20,,
2026-01-12,TSHL,,761,746,756,,,12390,9313012.5,99,,
2026-01-12,TTL,,893,824.1,869.8,,,164917,142582638.8,2199,,
2026-01-12,TVCL,,389,381.5,383,,,13718,5264340.3,98,,
2026-01-12,UHEWA,,554.5,536.1,553,,,30974,16989016.6,212,,
2026-01-12,ULBSL,,3450,3322,3450,,,2582,8723782.9,65,,
2026-01-12,ULHC,,469,451.1,456,,,9067,4171659.1,100,,
2026-01-12,UMHL,,567,553.6,565.7,,,76580,43089210.1,184,,
2026-01-12,UMRH,,578.8,552,559,,,23352,12976240.4,118,,
2026-01-12,UNHPL,,474,460.1,461,,,133790,62278212,346,,
2026-01-12,UNL,,47200,46600.1,46600.1,,,47,2207433.3,10,,
2026-01-12,UNLB,,1855.1,1846,1850,,,534,989664,24,,
2026-01-12,UPCL,,363.4,352.6,353,,,105672,37528146.5,402,,
2026-01-12,UPPER,,176,173.5,173.7,,,73988,12905376.8,424,,
2026-01-12,USHEC,,462,455.1,459.9,,,7400,3386575.3,95,,
2026-01-12,USHL,,832,811.2,811.2,,,6781,5536261.3,89,,
2026-01-12,USLB,,1504,1440,1445,,,10454,15215628.6,161,,
2026-01-12,VLBS,,787,750,751,,,4786,3626500.3,92,,
2026-01-12,VLUCL,,577,558,560,,,8650,4861431.7,122,,
2026-01-13,ACLBSL,,960,910,960,,,2421,2295532.2,56,,
2026-01-13,ADBL,,302,296.3,298,,,11348,3391541.1,104,,
2026-01-13,AHL,,555.9,538,540.3,,,7605,4126007.2,83,,
2026-01-13,AHPC,,257,250.1,257,,,107332,27334329,312,,
2026-01-13,AKJCL,,203,200,201.9,,,145948,29364227.7,320,,
2026-01-13,AKPL,,249.8,245.1,248,,,88201,21810316.8,223,,
2026-01-13,ALBSL,,1203.4,1160.5,1182,,,11706,13837880.4,137,,
2026-01-13,ALICL,,481,472,476,,,70183,33544935.6,326,,
2026-01-13,ANLB,,6100,6001,6100,,,261,1576339,20,,
2026-01-13,API,,292,287,289.4,,,51673,14914405,244,,
2026-01-13,AVYAN,,950,925,946,,,3301,3078087.5,64,,
2026-01-13,BANDIPUR,,880.9,831,833,,,189613,160925235.1,2689,,
2026-01-13,BARUN,,324,315,321,,,113255,36328837.4,453,,
2026-01-13,BBC,,4880,4800,4850,,,540,2600670,29,,
2026-01-13,BEDC,,537,514,530,,,66857,34851711.3,348,,
2026-01-13,BFC,,472,459.6,464.9,,,20215,9384730.4,112,,
2026-01-13,BGWT,,775,760,775,,,1067,817597.5,31,,
2026-01-13,BHCL,,574.8,537,543,,,232119,129240456.3,2090,,
2026-01-13,BHDC,,475,456.2,474,,,47659,22398884,248,,
2026-01-13,BHL,,181.9,178.4,179.5,,,82778,14871567.5,347,,
2026-01-13,BHPL,,552,534,549.9,,,67974,37056058,326,,
2026-01-13,BNHC,,452,440,450.8,,,7412,3322271.7,109,,
2026-01-13,BNL,,15400,15370,15370,,,50,768810,3,,
2026-01-13,BNT,,12031.9,11792,11792,,,136,1611958,14,,
2026-01-13,BPCL,,795,745,785,,,359095,281344720.6,1118,,
2026-01-13,BUNGAL,,681,646,647,,,77131,50613187.3,989,,
2026-01-13,CBBL,,924,911.5,922,,,15124,13908033.2,108,,
2026-01-13,CFCL,,505.9,488.1,494,,,12190,6002864.5,106,,
2026-01-13,CGH,,860,845,849.3,,,22760,19370538.2,136,,
2026-01-13,CHCL,,479,465,474,,,40095,18947345.8,209,,
2026-01-13,CHDC,,2343,2265.1,2314,,,33890,78083263.2,362,,
2026-01-13,CHL,,265,257,264.9,,,82602,21712408.4,304,,
2026-01-13,CIT,,1790,1752,1775,,,8562,15188486.7,179,,
2026-01-13,CITY,,475,468,470,,,4838,2269534.8,113,,
2026-01-13,CKHL,,665,645,660,,,5678,3705052.7,68,,
2026-01-13,CLI,,475,471,475,,,30707,14544815.3,338,,
2026-01-13,CREST,,1257.9,1227,1235,,,13639,16940576.3,266,,
2026-01-13,CYCL,,1535,1505.2,1510.3,,,930,1410443,39,,
2026-01-13,CZBIL,,197.5,191.5,196,,,37144,7204590.4,142,,
2026-01-13,DDBL,,832,818.2,820,,,3440,2823781.4,46,,
2026-01-13,DHEL,,679.8,650,656,,,106947,71229818.6,1187,,
2026-01-13,DHPL,,291,285,285,,,9057,2606106.4,57,,
2026-01-13,DLBS,,1310,1292,1300.1,,,584,756374.8,28,,
2026-01-13,DOLTI,,510,500,508,,,4546,2312584,60,,
2026-01-13,DORDI,,281.6,251.7,280,,,940424,258260448,2428,,
2026-01-13,EBL,,665,660,661,,,9271,6136938,120,,
2026-01-13,EHPL,,410,402.7,407.9,,,39435,16026835,208,,
2026-01-13,ENL,,915,892,892.2,,,790,711383.4,29,,
2026-01-13,FMDBL,,800,788,795,,,20932,16561675.3,133,,
2026-01-13,FOWAD,,1075,1057.2,1070,,,2746,2924558,55,,
2026-01-13,GBIME,,229.8,225.3,226.9,,,52290,11849172.6,275,,
2026-01-13,GBLBS,,779.8,760.5,773.9,,,6480,4954149,107,,
2026-01-13,GCIL,,437,427,430,,,21370,9203593.1,260,,
2026-01-13,GFCL,,639.8,625,628,,,24583,15454349,139,,
2026-01-13,GHL,,212,209,210.1,,,54177,11389308.6,166,,
2026-01-13,GILB,,1167.9,1140,1151,,,2249,2580842.2,33,,
2026-01-13,GLBSL,,1963.5,1924,1924,,,1346,2595155,18,,
2026-01-13,GLH,,249,245,249,,,20381,5035461,133,,
2026-01-13,GMFBS,,1508,1485.1,1495,,,974,1452965.4,24,,
2026-01-13,GMFIL,,466,450,456,,,32728,14801910.5,166,,
2026-01-13,GMLI,,1720,1705.5,1706.1,,,2601,4452883.9,100,,
2026-01-13,GUFL,,519.6,505,507,,,5865,2978679.4,51,,
2026-01-13,GVL,,505,490.1,497.8,,,73111,36599807.8,305,,
2026-01-13,HATHY,,893,875.5,877.2,,,11694,10297191.1,184,,
2026-01-13,HBL,,191.6,187.1,190,,,83806,15831049.5,1428,,
2026-01-13,HDHPC,,178.9,175.5,176,,,74780,13196470,205,,
2026-01-13,HDL,,1157,1140,1143,,,48165,55084655,556,,
2026-01-13,HHL,,325.9,320.3,325,,,32599,10547512.2,169,,
2026-01-13,HIDCL,,257.9,254.8,256.7,,,90995,23293670.8,301,,
2026-01-13,HIMSTAR,,957,905,913,,,42562,39297269.1,493,,
2026-01-13,HLBSL,,905,886,893.5,,,1154,1039691,16,,
2026-01-13,HLI,,373.6,363.1,367,,,24355,8919761.4,326,,
2026-01-13,HPPL,,477,458,474,,,121159,56855592.8,376,,
2026-01-13,HRL,,850,821.3,842,,,131035,110406585.3,969,,
2026-01-13,HURJA,,224.1,219.1,221.1,,,46908,10395103.2,130,,
2026-01-13,ICFC,,651,642.6,642.8,,,21173,13638090.4,102,,
2026-01-13,IHL,,543.9,524.3,533.8,,,27288,14448085.8,243,,
2026-01-13,ILBS,,999.5,976.1,994,,,5924,5849805,84,,
2026-01-13,ILI,,443,439.3,439.5,,,19811,8718595.9,343,,
2026-01-13,JBLB,,1345,1321,1322,,,5545,7344135.4,139,,
2026-01-13,JFL,,430,413,430,,,12142,5182259.4,78,,
2026-01-13,JHAPA,,1495,1397,1425,,,41790,60366813,694,,
2026-01-13,JOSHI,,287,279.2,285,,,29585,8355726.6,188,,
2026-01-13,JSLBB,,1167.9,1143.2,1158,,,563,645737,25,,
2026-01-13,KBL,,182.2,179,179.1,,,99770,17906096.5,318,,
2026-01-13,KBSH,,1720,1658.2,1658.2,,,281,473033.6,21,,
2026-01-13,KDL,,794,775.6,786.6,,,2502,1975280.5,38,,
2026-01-13,KKHC,,222.9,219.1,221.9,,,76155,16790965.9,312,,
2026-01-13,KMCDB,,964,921.3,945,,,10428,9763901.2,148,,
2026-01-13,KPCL,,523.1,517,520,,,13683,7126847.1,91,,
2026-01-13,LEC,,202,196,200,,,101628,20214289.4,264,,
2026-01-13,LICN,,860,852.1,852.4,,,12213,10432815.8,87,,
2026-01-13,LLBS,,951.6,921,927,,,5733,5328627.1,59,,
2026-01-13,LSL,,216.2,212.4,215,,,46963,10048961.6,126,,
2026-01-13,MABEL,,774,730,732.6,,,34028,25365185.1,667,,
2026-01-13,MAKAR,,544,520,533,,,9530,5047085.2,101,,
2026-01-13,MANDU,,804.5,795.1,800,,,2154,1721838.2,31,,
2026-01-13,MATRI,,999,970.2,980,,,791,769491.1,31,,
2026-01-13,MBJC,,286.4,280,285,,,32228,9136099.8,377,,
2026-01-13,MBL,,229,225,228,,,24103,5475351.1,96,,
2026-01-13,MCHL,,426,413,426,,,9347,3922663.7,111,,
2026-01-13,MEHL,,434.8,420,431.9,,,17131,7394025.2,143,,
2026-01-13,MEL,,270.9,265,267.8,,,13952,3721977.4,199,,
2026-01-13,MEN,,584,562,582,,,51476,29775252.8,330,,
2026-01-13,MERO,,742,721,742,,,7790,5664047.1,82,,
2026-01-13,MFIL,,781,751.1,767,,,194808,148419614,351,,
2026-01-13,MHCL,,389,373,378,,,10507,3949295.8,106,,
2026-01-13,MHL,,501.1,491.1,498,,,18049,8987814.1,122,,
2026-01-13,MHNL,,243.9,238,240,,,5882,1416912.1,50,,
2026-01-13,MKCL,,1410,1395,1398,,,2219,3113550.8,50,,
2026-01-13,MKHC,,340,332.2,340,,,20807,6981092,168,,
2026-01-13,MKHL,,795,773.1,774,,,6350,4933393.8,55,,
2026-01-13,MKJC,,525,512.1,519.8,,,44485,23090751.7,147,,
2026-01-13,MLBBL,,1324.9,1300,1320,,,1560,2032320.5,35,,
2026-01-13,MLBS,,1447,1416,1430,,,1976,2814358,43,,
2026-01-13,MLBSL,,1900,1870,1885,,,843,1591436.2,40,,
2026-01-13,MMKJL,,606,583.2,600,,,20149,11869319.9,170,,
2026-01-13,MPFL,,634.9,618,622.1,,,45413,28285918.9,217,,
2026-01-13,MSHL,,832,813,832,,,1923,1583452,33,,
2026-01-13,MSLB,,1280,1262.1,1274,,,2071,2630317.9,59,,
2026-01-13,NABIL,,496,485,488.1,,,60812,29667983.9,574,,
2026-01-13,NADEP,,801,787,787,,,1482,1172968.8,34,,
2026-01-13,NBL,,242.1,239.5,241,,,33165,7990387.2,159,,
2026-01-13,NESDO,,1504,1476,1500,,,3299,4941313.2,51,,
2026-01-13,NFS,,628,620.1,625.5,,,17189,10718855.7,140,,
2026-01-13,NGPL,,404.4,381.3,400,,,590347,236196061.5,1336,,
2026-01-13,NHDL,,663,650.2,662.9,,,16607,10912875.5,110,,
2026-01-13,NHPC,,191.5,186.6,190.4,,,56630,10713112.5,234,,
2026-01-13,NICA,,373,332.4,338,,,142207,48110679.2,495,,
2026-01-13,NICLBSL,,563,555.1,558.8,,,4692,2618220.1,105,,
2026-01-13,NIFRA,,263.5,257,258,,,219246,56885492.4,775,,
2026-01-13,NIMB,,211,188.2,192,,,82637,15886000.7,255,,
2026-01-13,NLIC,,784,772,774,,,15684,12147220.9,171,,
2026-01-13,NLICL,,594.5,575,575.5,,,6576,3794910,78,,
2026-01-13,NLO,,254.1,254.1,254.1,,,0,0,0,,
2026-01-13,NMB,,240,237,239,,,35305,8421264,133,,
2026-01-13,NMBMF,,687,673.7,681,,,1510,1033244.2,21,,
2026-01-13,NMFBS,,1137,1094,1115,,,8859,9798391,50,,
2026-01-13,NMLBBL,,645,622.1,626,,,7645,4785321.8,87,,
2026-01-13,NRIC,,1315,1272,1312,,,97787,126772793.8,608,,
2026-01-13,NRM,,453.9,424.4,447.9,,,76294,33894261,522,,
2026-01-13,NRN,,1394,1366,1370.5,,,37888,52162408.2,206,,
2026-01-13,NTC,,858,845.5,846,,,10718,9086945.6,215,,
2026-01-13,NUBL,,720,706,707.5,,,7597,5371972.9,48,,
2026-01-13,NWCL,,866.9,825.1,859.9,,,6699,5686624.7,131,,
2026-01-13,NYADI,,398,380.5,395,,,20434,8030111.6,168,,
2026-01-13,OHL,,704,693.1,695.1,,,951,661189.4,21,,
2026-01-13,OMPL,,1380,1310,1325,,,25562,34271747.1,398,,
2026-01-13,PCBL,,240.7,236.7,239.9,,,38664,9250343.1,128,,
2026-01-13,PFL,,363.8,352.8,355.2,,,12061,4292053.3,97,,
2026-01-13,PHCL,,260.5,249.7,257.5,,,226200,58024570.8,694,,
2026-01-13,PMHPL,,322,308.7,320,,,31998,10087719.1,157,,
2026-01-13,PMLI,,495,481.5,481.5,,,4974,2407236.4,120,,
2026-01-13,PPCL,,350,341,347,,,21814,7537685.6,118,,
2026-01-13,PPL,,326,319.2,324.8,,,124610,40207914.7,325,,
2026-01-13,PROFL,,465.1,448,453,,,11888,5359113.1,82,,
2026-01-13,PRVU,,187.5,182,183.5,,,139237,25599368.5,380,,
2026-01-13,PURE,,1138,1025,1049,,,52864,56959861,545,,
2026-01-13,RADHI,,820,790.1,819,,,674600,546566813.5,2324,,
2026-01-13,RAWA,,720,697.3,718.9,,,2021,1427982.9,64,,
2026-01-13,RFPL,,375,359.7,365.1,,,165850,61038512.5,539,,
2026-01-13,RHGCL,,263,241.3,257.8,,,175304,44699867.3,613,,
2026-01-13,RHPL,,288.2,271,276.1,,,50927,14057072.6,295,,
2026-01-13,RIDI,,222,219,220.1,,,36972,8146667.5,135,,
2026-01-13,RLFL,,425,418,425,,,11414,4786112.6,76,,
2026-01-13,RNLI,,470,462.5,463.7,,,46595,21648161.7,447,,
2026-01-13,RSDC,,645.9,628.2,635,,,10951,6907230.2,94,,
2026-01-13,RURU,,668,656,657,,,12019,7943207.4,113,,
2026-01-13,SAGAR,,2020,1960,1966,,,75443,150017921.5,1151,,
2026-01-13,SAHAS,,555,543,549,,,98773,54176921.8,530,,
2026-01-13,SAIL,,1182,1079,1125,,,235297,265722384.3,3583,,
2026-01-13,SANIMA,,346.4,330,335,,,59492,19875083.6,226,,
2026-01-13,SANVI,,845,806,835,,,182364,150688486.3,1541,,
2026-01-13,SARBTM,,888,873,875.1,,,20838,18255012.2,109,,
2026-01-13,SBI,,407,399.5,404.9,,,26219,10581795.2,70,,
2026-01-13,SBL,,398,384,385.1,,,146541,56644217.6,272,,
2026-01-13,SCB,,699,625,633.1,,,15863,10075954.4,134,,
2026-01-13,SGHC,,382.7,361,370,,,32242,12005060.2,210,,
2026-01-13,SHEL,,278,274,276.9,,,90250,24888536.4,273,,
2026-01-13,SHIVM,,626.3,618,619,,,273911,170167064.5,823,,
2026-01-13,SHL,,497.9,486,495.7,,,16894,8375052.3,61,,
2026-01-13,SHLB,,1635,1546,1580.1,,,785,1241015,24,,
2026-01-13,SHPC,,555,523.1,552,,,207894,112826677.3,796,,
2026-01-13,SIFC,,501,494,495,,,8627,4293627,53,,
2026-01-13,SIKLES,,655,619.5,646,,,134696,86967516.4,786,,
2026-01-13,SJCL,,287,278.7,284.9,,,5136,1461548.2,97,,
2026-01-13,SJLIC,,443.9,437,438.5,,,19823,8729393.6,228,,
2026-01-13,SKBBL,,775,768.1,773,,,9089,7011857,110,,
2026-01-13,SLBBL,,825,818.2,818.5,,,5041,4135260.3,94,,
2026-01-13,SLBSL,,1300,1280,1284,,,910,1167849.6,24,,
2026-01-13,SMATA,,781,770,773,,,5808,4506377.1,92,,
2026-01-13,SMB,,1784.9,1745,1784.9,,,1556,2729258.4,42,,
2026-01-13,SMFBS,,1668,1616,1616,,,230,373303,8,,
2026-01-13,SMH,,735,685.1,722,,,21076,14712060.1,53,,
2026-01-13,SMHL,,541,492,541,,,81184,42358874.3,645,,
2026-01-13,SMJC,,490,480,487.4,,,6641,3223831.8,133,,
2026-01-13,SMPDA,,883.8,852.1,873,,,6188,5361234.2,93,,
2026-01-13,SNLI,,479.4,468,475.3,,,42633,20267845.8,430,,
2026-01-13,SONA,,440,425,427.9,,,40248,17348963.7,425,,
2026-01-13,SPC,,544.4,525,529.3,,,22581,11956787.8,174,,
2026-01-13,SPDL,,390,376.4,388,,,57957,22386974.4,224,,
2026-01-13,SPHL,,588.8,566.9,578.3,,,12893,7416463.7,83,,
2026-01-13,SPL,,854,836.3,845,,,1142,964908.1,32,,
2026-01-13,SRLI,,402,390,402,,,34726,13786170.1,357,,
2026-01-13,SSHL,,161.7,156,157.9,,,173531,27429980.9,453,,
2026-01-13,STC,,5599,5540,5599,,,1362,7588827,48,,
2026-01-13,SWASTIK,,2920,2871,2890,,,5018,14540429.1,195,,
2026-01-13,SWBBL,,735,726.1,735,,,4812,3501904.5,53,,
2026-01-13,SWMF,,679,666.2,678,,,1545,1036010.4,32,,
2026-01-13,SYPNL,,1502,1377.9,1410.1,,,242010,348154526.1,5800,,
2026-01-13,TAMOR,,450,441.2,449,,,7504,3343840.3,130,,
2026-01-13,TPC,,375,364,368.5,,,63438,23505067.2,242,,
2026-01-13,TRH,,722.9,710,713.5,,,1835,1311908,17,,
2026-01-13,TSHL,,831.6,741.1,831.6,,,78900,63312278.4,505,,
2026-01-13,TTL,,889,840,847,,,106035,91239240.4,1399,,
2026-01-13,TVCL,,384.7,377.6,383.9,,,10267,3917660.8,102,,
2026-01-13,UHEWA,,575,550,572.9,,,34844,19773989.1,338,,
2026-01-13,ULBSL,,3450,3325,3419.8,,,1583,5317684,40,,
2026-01-13,ULHC,,465,451.6,453.1,,,11889,5417008.5,127,,
2026-01-13,UMHL,,569,563,567.9,,,60460,34154512.8,179,,
2026-01-13,UMRH,,565,553.7,561.8,,,27242,15239002.7,119,,
2026-01-13,UNHPL,,469,452,460,,,165223,76113269.9,399,,
2026-01-13,UNL,,47532,47100,47100,,,25,1183980,2,,
2026-01-13,UNLB,,1924,1835,1840,,,648,1199275.1,22,,
2026-01-13,UPCL,,367,351,363.2,,,210426,76340867.1,693,,
2026-01-13,UPPER,,174.9,172.1,174,,,38737,6717617.8,305,,
2026-01-13,USHEC,,464,455.1,462,,,12270,5634020,100,,
2026-01-13,USHL,,828,795,816,,,15846,12896651.9,136,,
2026-01-13,USLB,,1450,1425,1425,,,6590,9451799.6,146,,
2026-01-13,VLBS,,777.9,758,758,,,2368,1808311.7,47,,
2026-01-13,VLUCL,,563,556.2,560,,,6283,3510985.9,96,,
2026-01-14,ACLBSL,,990,940.8,969.2,,,1028,987341.1,43,,
2026-01-14,ADBL,,300,288.4,300,,,39336,11668639.3,150,,
2026-01-14,AHL,,549.5,539.1,542,,,5395,2932338.9,70,,
2026-01-14,AHPC,,260,255,258.5,,,43036,11079131.8,225,,
2026-01-14,AKJCL,,203.5,200,202.8,,,113795,22924069.5,284,,
2026-01-14,AKPL,,250,245.1,246,,,61791,15212417.5,185,,
2026-01-14,ALBSL,,1190,1153,1165,,,16486,19219216.17,155,,
2026-01-14,ALICL,,485,473.6,473.7,,,87084,41680207.9,432,,
2026-01-14,ANLB,,6190,6016,6020,,,345,2084233.7,22,,
2026-01-14,API,,291,287,289.3,,,50519,14604516.9,227,,
2026-01-14,AVYAN,,935.5,925,934,,,2536,2356105.2,41,,
2026-01-14,BANDIPUR,,847.9,818,830,,,107926,89439555.9,1953,,
2026-01-14,BARUN,,329.6,314.6,323.2,,,120089,39102871.6,516,,
2026-01-14,BBC,,4899.8,4800,4886,,,340,1639220,26,,
2026-01-14,BEDC,,556,530.1,531,,,43261,23357323.4,298,,
2026-01-14,BFC,,479.9,462.3,470,,,50770,23947715.2,287,,
2026-01-14,BGWT,,778.3,762,777,,,3275,2522485.4,44,,
2026-01-14,BHCL,,551,532,532,,,78218,42112011.8,1018,,
2026-01-14,BHDC,,478.8,465,465,,,53423,25150481.9,294,,
2026-01-14,BHL,,181,177.1,178.6,,,81935,14713579.4,386,,
2026-01-14,BHPL,,560,540,556.9,,,60345,33203426.7,358,,
2026-01-14,BNHC,,460,448,454.8,,,9788,4439525.9,99,,
2026-01-14,BNL,,15370,15370,15370,,,0,0,0,,
2026-01-14,BNT,,11800,11700,11700,,,30,352920,3,,
2026-01-14,BPCL,,814,770,786,,,233851,185734448.8,827,,
2026-01-14,BUNGAL,,659.9,635.1,637.2,,,35411,22699624.5,665,,
2026-01-14,CBBL,,925,918.3,919.9,,,18468,16990549.8,176,,
2026-01-14,CFCL,,517,484.2,510,,,60792,30933419.5,325,,
2026-01-14,CGH,,855,847,851,,,17338,14732995.6,117,,
2026-01-14,CHCL,,479,470,470,,,41135,19383522.3,196,,
2026-01-14,CHDC,,2354,2295,2305,,,33211,76837345.7,242,,
2026-01-14,CHL,,277,264.6,269.2,,,128761,35058679.1,543,,
2026-01-14,CIT,,1790,1770,1774,,,3522,6251939.5,125,,
2026-01-14,CITY,,474.8,461,470,,,5366,2528383.2,78,,
2026-01-14,CKHL,,660,647.3,654,,,6673,4368495.7,71,,
2026-01-14,CLI,,480,471.5,474,,,25644,12154295.4,308,,
2026-01-14,CREST,,1284.8,1222,1230.9,,,10168,12524322.1,244,,
2026-01-14,CYCL,,1528,1505,1527,,,1351,2045237.9,50,,
2026-01-14,CZBIL,,195,192.3,193,,,19709,3814367.7,103,,
2026-01-14,DDBL,,829.5,819.1,826,,,3227,2655531.9,61,,
2026-01-14,DHEL,,679,642,648,,,45157,29464711.9,901,,
2026-01-14,DHPL,,295.9,289,289.5,,,13022,3808685.7,76,,
2026-01-14,DLBS,,1308.9,1296,1308.9,,,477,619009.4,24,,
2026-01-14,DOLTI,,512,500.6,511.8,,,3853,1963777,65,,
2026-01-14,DORDI,,296.9,280,284.9,,,671118,193032472.4,2159,,
2026-01-14,EBL,,665,658,660,,,26659,17620601.8,176,,
2026-01-14,EHPL,,420,406,417,,,65757,27200004,356,,
2026-01-14,ENL,,901.1,890,901,,,688,617946,16,,
2026-01-14,FMDBL,,812,795,801.1,,,26587,21351968.2,150,,
2026-01-14,FOWAD,,1082,1062,1082,,,1922,2051433.1,50,,
2026-01-14,GBIME,,228,225,226,,,81854,18501568.9,365,,
2026-01-14,GBLBS,,773,755.5,755.5,,,6369,4863707.9,104,,
2026-01-14,GCIL,,433.5,425,428,,,22832,9786542.5,251,,
2026-01-14,GFCL,,673,628,664,,,95147,62639076,729,,
2026-01-14,GHL,,213,209,211,,,87235,18334137.6,180,,
2026-01-14,GILB,,1163,1151,1163,,,878,1016541.3,19,,
2026-01-14,GLBSL,,1930,1923,1930,,,40,76773.4,13,,
2026-01-14,GLH,,253.9,247,250,,,40550,10184618.4,246,,
2026-01-14,GMFBS,,1498.9,1470,1498.9,,,1170,1728408.5,31,,
2026-01-14,GMFIL,,469.6,450.5,463.9,,,36227,16791552.9,166,,
2026-01-14,GMLI,,1729.9,1695,1701,,,2103,3585837.6,82,,
2026-01-14,GUFL,,521,506,511,,,21964,11314320.8,161,,
2026-01-14,GVL,,504.6,490,502.8,,,184300,92009509.1,475,,
2026-01-14,HATHY,,890,878,884,,,10963,9694419.7,159,,
2026-01-14,HBL,,193,187.5,190,,,52988,9975069.5,1190,,
2026-01-14,HDHPC,,179.4,175.4,176,,,93752,16555409,255,,
2026-01-14,HDL,,1150,1135,1139,,,75998,86550513.5,847,,
2026-01-14,HHL,,338,323,330,,,84649,28059568.2,340,,
2026-01-14,HIDCL,,258,252,255.2,,,83682,21475252.8,289,,
2026-01-14,HIMSTAR,,919,891,899,,,21208,19068536.3,355,,
2026-01-14,HLBSL,,888.2,884,888.1,,,523,464229.9,11,,
2026-01-14,HLI,,369.7,361.6,364.9,,,85359,31047337.2,545,,
2026-01-14,HPPL,,489.3,471,478.5,,,126745,60783256.3,482,,
2026-01-14,HRL,,855,825.2,840.5,,,115863,97959742.5,1127,,
2026-01-14,HURJA,,224,220.7,222,,,53330,11813526.4,155,,
2026-01-14,ICFC,,667,640.1,660,,,82524,54550295.3,423,,
2026-01-14,IHL,,554.3,529.2,547,,,21955,11982313.2,204,,
2026-01-14,ILBS,,993.6,974.2,980.1,,,4955,4857989.2,45,,
2026-01-14,ILI,,449.8,438.2,445.1,,,18724,8321890.4,414,,
2026-01-14,JBLB,,1330,1300,1313,,,10079,13239533.6,224,,
2026-01-14,JFL,,440,423,437,,,32419,14030848.5,197,,
2026-01-14,JHAPA,,1450,1404,1422,,,15101,21422678.5,385,,
2026-01-14,JOSHI,,288.6,280.8,284,,,46156,13146401.5,242,,
2026-01-14,JSLBB,,1159,1136.2,1159,,,2042,2326991.3,28,,
2026-01-14,KBL,,180,178,179,,,123698,22091356,325,,
2026-01-14,KBSH,,1662,1650,1650,,,422,698009,15,,
2026-01-14,KDL,,795.6,780,786,,,2405,1887273.1,71,,
2026-01-14,KKHC,,224.3,217.5,219.9,,,53456,11833516.1,224,,
2026-01-14,KMCDB,,955,924,953,,,5995,5606190.5,91,,
2026-01-14,KPCL,,530.4,518,523.5,,,19932,10362778.5,143,,
2026-01-14,LEC,,202,196.8,197.9,,,62589,12395561.4,229,,
2026-01-14,LICN,,868,851,853.4,,,12189,10461303.5,111,,
2026-01-14,LLBS,,948.6,908.5,933,,,547,511758.7,26,,
2026-01-14,LSL,,217,212.7,216.5,,,93032,19973763.1,155,,
2026-01-14,MABEL,,745,716.3,725,,,29212,21261015.7,515,,
2026-01-14,MAKAR,,536,519.2,519.2,,,7138,3762469,83,,
2026-01-14,MANDU,,812,795,807,,,5994,4853879.9,67,,
2026-01-14,MATRI,,980,965.1,975,,,295,285796.9,16,,
2026-01-14,MBJC,,288,281.8,285,,,29789,8506550.6,300,,
2026-01-14,MBL,,232,225,227.8,,,37204,8425195.3,92,,
2026-01-14,MCHL,,434,416,424,,,13365,5645003.5,95,,
2026-01-14,MEHL,,432.9,416.5,426,,,58105,24503968,277,,
2026-01-14,MEL,,272,265,267,,,13827,3715125.8,187,,
2026-01-14,MEN,,590,571,576,,,41217,23902901.5,257,,
2026-01-14,MERO,,750,728,731,,,5759,4220307,50,,
2026-01-14,MFIL,,800,752.2,799,,,271093,213861698.2,938,,
2026-01-14,MHCL,,382.9,375,379.9,,,7706,2904237.7,116,,
2026-01-14,MHL,,504,495,495.2,,,37564,18794447.7,230,,
2026-01-14,MHNL,,247,239,239,,,10180,2453940.8,69,,
2026-01-14,MKCL,,1398,1368,1368,,,3977,5503628.1,99,,
2026-01-14,MKHC,,345.9,335,345.9,,,9968,3391533.1,118,,
2026-01-14,MKHL,,834.3,759.2,795,,,11016,8736278.5,130,,
2026-01-14,MKJC,,523.8,512.8,515,,,35649,18361455.4,183,,
2026-01-14,MLBBL,,1330,1295,1315,,,3105,4074639.9,40,,
2026-01-14,MLBS,,1445,1410,1410,,,1161,1646685.8,35,,
2026-01-14,MLBSL,,1900,1876,1900,,,1147,2168380.3,39,,
2026-01-14,MMKJL,,611,585,587,,,20011,11971175.9,149,,
2026-01-14,MPFL,,658,610,652,,,142779,92701767,449,,
2026-01-14,MSHL,,830,815.1,830,,,1244,1023383.8,24,,
2026-01-14,MSLB,,1293.9,1268,1290,,,1940,2476518,46,,
2026-01-14,NABIL,,490,487,487.5,,,44542,21754316.3,524,,
2026-01-14,NADEP,,810,782,795.2,,,406,320543,13,,
2026-01-14,NBL,,241.7,238.2,241,,,34952,8364761,139,,
2026-01-14,NESDO,,1507,1481.3,1507,,,1025,1526790.7,37,,
2026-01-14,NFS,,639.9,623.3,630,,,30244,19100653.7,208,,
2026-01-14,NGPL,,407,397,397,,,243624,97747452.8,695,,
2026-01-14,NHDL,,673.9,660,660,,,23012,15252192.8,145,,
2026-01-14,NHPC,,194.2,187.2,187.8,,,53912,10194279.9,169,,
2026-01-14,NICA,,342,331.3,334.2,,,87141,29278769.1,371,,
2026-01-14,NICLBSL,,561,555,558.9,,,5302,2956088.1,95,,
2026-01-14,NIFRA,,260.5,255.9,260,,,118274,30565032.9,623,,
2026-01-14,NIMB,,193.5,190.8,190.9,,,52883,10130238.7,198,,
2026-01-14,NLIC,,778.4,762.5,769,,,28008,21643537.4,224,,
2026-01-14,NLICL,,586,574,577,,,9750,5614913.9,84,,
2026-01-14,NLO,,259.1,259.1,259.1,,,10,2591,1,,
2026-01-14,NMB,,240,237.2,239,,,21475,5131967.9,104,,
2026-01-14,NMBMF,,731,675.5,731,,,4384,3002004.5,49,,
2026-01-14,NMFBS,,1129,1096.1,1096.2,,,5930,6559001.6,101,,
2026-01-14,NMLBBL,,632,620,629.5,,,8667,5411790.6,69,,
2026-01-14,NRIC,,1336,1299,1311,,,45213,59548061.1,465,,
2026-01-14,NRM,,453,434,438.5,,,36805,16162089.2,371,,
2026-01-14,NRN,,1395,1368,1382.5,,,34816,48030016.5,262,,
2026-01-14,NTC,,850,845.1,847,,,10928,9252017.4,188,,
2026-01-14,NUBL,,714,700,708,,,7529,5304228.3,59,,
2026-01-14,NWCL,,876.7,842.8,850,,,6548,5652329.8,111,,
2026-01-14,NYADI,,402.7,390.1,394.9,,,11159,4401560.4,121,,
2026-01-14,OHL,,704,693.6,704,,,5131,3572845.2,36,,
2026-01-14,OMPL,,1328,1285,1298,,,22333,29017269,413,,
2026-01-14,PCBL,,240.8,239,239,,,45991,11030497.6,131,,
2026-01-14,PFL,,366,355,359.9,,,12549,4522316.6,95,,
2026-01-14,PHCL,,272,260,266,,,209519,55973590.4,982,,
2026-01-14,PMHPL,,324,313.7,318.8,,,34399,10919672,113,,
2026-01-14,PMLI,,498.7,480,490,,,9176,4507067.2,164,,
2026-01-14,PPCL,,353,341.2,347.5,,,22857,7915610.9,114,,
2026-01-14,PPL,,330,318.4,322.5,,,92422,29910249.7,359,,
2026-01-14,PROFL,,480,449.5,463.9,,,30551,14101715.3,174,,
2026-01-14,PRVU,,185,183,183.3,,,67153,12344268.5,249,,
2026-01-14,PURE,,1050,1021,1048,,,32964,34237806.2,365,,
2026-01-14,RADHI,,833,796,802,,,324761,262404184.4,1254,,
2026-01-14,RAWA,,725,713,721.9,,,2400,1726760,41,,
2026-01-14,RFPL,,377,357.8,368.9,,,91937,33700172.1,379,,
2026-01-14,RHGCL,,266,255,258,,,75397,19675794.7,369,,
2026-01-14,RHPL,,275,269.5,270,,,42160,11457971.6,204,,
2026-01-14,RIDI,,221.4,219,220.8,,,69129,15203872.8,219,,
2026-01-14,RLFL,,438,418.2,429.5,,,32770,14095098,174,,
2026-01-14,RNLI,,466,462,463.6,,,28405,13175634.5,334,,
2026-01-14,RSDC,,698.5,626,639.9,,,7484,4766194.7,99,,
2026-01-14,RURU,,670,657,660,,,11062,7320884.4,110,,
2026-01-14,SAGAR,,2019.6,1960,2005,,,54968,109379702.2,983,,
2026-01-14,SAHAS,,557,547.2,547.9,,,67358,37108884.5,477,,
2026-01-14,SAIL,,1142.19,1095.3,1100,,,104597,116933771.6,2164,,
2026-01-14,SANIMA,,338.6,328.3,337,,,74474,25032944.2,244,,
2026-01-14,SANVI,,855,812,825,,,116172,96925158.3,1189,,
2026-01-14,SARBTM,,884.4,867.1,874,,,33701,29477275.7,170,,
2026-01-14,SBI,,412,401.2,410,,,86052,34789802,121,,
2026-01-14,SBL,,399,380,385.8,,,79807,30886084.6,218,,
2026-01-14,SCB,,639.9,630.1,631.4,,,14973,9467543,91,,
2026-01-14,SGHC,,390.5,375,375.5,,,44509,16990166.2,279,,
2026-01-14,SHEL,,280,275.5,277,,,75847,20994179.3,227,,
2026-01-14,SHIVM,,624.9,615,615,,,165940,102789091.2,620,,
2026-01-14,SHL,,503,487.7,498,,,46757,23218898.2,105,,
2026-01-14,SHLB,,1603.9,1566.6,1590,,,1094,1748034,23,,
2026-01-14,SHPC,,562.3,549,551.5,,,236554,131756652.8,705,,
2026-01-14,SIFC,,514,496.1,511,,,32198,16384127.7,213,,
2026-01-14,SIKLES,,670,633.1,647,,,83135,54422165.6,558,,
2026-01-14,SJCL,,285,282.6,284,,,4460,1264988,85,,
2026-01-14,SJLIC,,446.9,438,441.5,,,25123,11094077,223,,
2026-01-14,SKBBL,,781,765.4,771,,,12054,9284513.1,110,,
2026-01-14,SLBBL,,820,815.1,817.1,,,6207,5076271.3,100,,
2026-01-14,SLBSL,,1285.1,1275,1279,,,1571,2009427.4,31,,
2026-01-14,SMATA,,790,770,775,,,5051,3927932.6,96,,
2026-01-14,SMB,,1790,1755,1783,,,782,1386132,33,,
2026-01-14,SMFBS,,1680,1602,1680,,,3040,4969206,40,,
2026-01-14,SMH,,731.8,712,716,,,3485,2511611.5,69,,
2026-01-14,SMHL,,595.1,540.9,594.8,,,108566,63283118.32,1037,,
2026-01-14,SMJC,,494,483,494,,,11196,5456282.7,148,,
2026-01-14,SMPDA,,870,850,867,,,20054,17216030.6,195,,
2026-01-14,SNLI,,481.9,470,474.2,,,20313,9643799.5,345,,
2026-01-14,SONA,,436,424,427,,,31388,13415971.6,412,,
2026-01-14,SPC,,545,524,544,,,40725,21920777.7,258,,
2026-01-14,SPDL,,393,380.3,387.8,,,88704,34262898.6,227,,
2026-01-14,SPHL,,578,561,573,,,14740,8373730.3,113,,
2026-01-14,SPL,,875,815.1,856.9,,,2902,2448037.4,50,,
2026-01-14,SRLI,,401,395.2,399.9,,,40921,16331422.7,311,,
2026-01-14,SSHL,,160.9,154.8,157.2,,,105337,16592005.5,343,,
2026-01-14,STC,,5629,5550,5595.9,,,1813,10096020.7,44,,
2026-01-14,SWASTIK,,2927.9,2846,2846,,,4876,13957759,197,,
2026-01-14,SWBBL,,736,724.8,734,,,6329,4611136,62,,
2026-01-14,SWMF,,675,664.5,675,,,2698,1802234.7,39,,
2026-01-14,SYPNL,,1439.9,1365,1385,,,157437,220185276.1,5293,,
2026-01-14,TAMOR,,453,441.3,449,,,8540,3797133,132,,
2026-01-14,TPC,,390,364.2,369,,,76621,28203142.9,277,,
2026-01-14,TRH,,720,710.1,720,,,3660,2607419.8,29,,
2026-01-14,TSHL,,900,805.3,900,,,32203,26866792.6,370,,
2026-01-14,TTL,,855,825,835.2,,,48797,40893729.4,832,,
2026-01-14,TVCL,,384,377.7,378.4,,,8974,3409849.7,68,,
2026-01-14,UHEWA,,576.9,561.4,566.9,,,18579,10540616,154,,
2026-01-14,ULBSL,,3415,3331.1,3400,,,712,2387207,22,,
2026-01-14,ULHC,,460.9,450.1,450.3,,,9855,4471871.7,96,,
2026-01-14,UMHL,,600,560.1,583.9,,,286222,164837888.3,758,,
2026-01-14,UMRH,,569,550.6,557,,,58051,32253825.5,177,,
2026-01-14,UNHPL,,489,460,475,,,486429,232672660.1,1219,,
2026-01-14,UNL,,47100,46500.1,47100,,,22,1032043,4,,
2026-01-14,UNLB,,1860.4,1824,1858,,,299,551534.1,23,,
2026-01-14,UPCL,,367.1,360,360.1,,,136153,49622387.2,419,,
2026-01-14,UPPER,,177,173,174,,,69499,12071404.1,322,,
2026-01-14,USHEC,,468,460,460.1,,,12229,5647207.8,88,,
2026-01-14,USHL,,824.9,801.6,817,,,13667,11108019.3,129,,
2026-01-14,USLB,,1434,1407,1414,,,8225,11679413.5,131,,
2026-01-14,VLBS,,771,750.1,755,,,1757,1339375.3,30,,
2026-01-14,VLUCL,,568.9,555,559,,,9351,5246083.9,99,,
2026-01-18,ACLBSL,,987.9,949.9,958,,,6822,6577168.5,82,,
2026-01-18,ADBL,,304.8,299,304.8,,,88350,26762909.1,246,,
2026-01-18,AHL,,554,543,550,,,5302,2911402.4,90,,
2026-01-18,AHPC,,266.1,258.1,264,,,125046,32947379.1,436,,
2026-01-18,AKJCL,,211.5,201.1,209.1,,,404482,84153092,975,,
2026-01-18,AKPL,,250.9,246.1,247.1,,,114201,28381017.4,310,,
2026-01-18,ALBSL,,1189,1160,1168,,,20631,24249951.7,200,,
2026-01-18,ALICL,,481.9,474.9,480.7,,,54787,26214122.8,276,,
2026-01-18,ANLB,,6100,6081,6100,,,95,578329,9,,
2026-01-18,API,,295,288,290,,,68116,19744960.5,354,,
2026-01-18,AVYAN,,964,940,955,,,3132,2980769.1,74,,
2026-01-18,BANDIPUR,,894,821,892,,,295254,258397494.6,3966,,
2026-01-18,BARUN,,330,320,325,,,86031,28100323.5,395,,
2026-01-18,BBC,,4920,4796,4914,,,649,3173934.1,39,,
2026-01-18,BEDC,,540,525.1,529,,,17309,9165669.3,228,,
2026-01-18,BFC,,495.5,478.1,492,,,73077,35536095.4,473,,
2026-01-18,BGWT,,780,770.1,778,,,1947,1510259.6,58,,
2026-01-18,BHCL,,553,531.2,549.8,,,92643,50472618.5,1410,,
2026-01-18,BHDC,,476.8,466.1,468.6,,,46229,21755243.9,240,,
2026-01-18,BHL,,182.1,179,180,,,98159,17672437.6,437,,
2026-01-18,BHPL,,560,546,559.9,,,73707,40805374.5,335,,
2026-01-18,BNHC,,462,455,460.2,,,15983,7337435.9,147,,
2026-01-18,BNL,,15980,15670,15980,,,20,316500,2,,
2026-01-18,BNT,,12030,11800,11999,,,122,1456618,12,,
2026-01-18,BPCL,,800,775.1,777,,,198894,156732173.9,622,,
2026-01-18,BUNGAL,,683.9,628.1,677,,,119975,79998205.9,1392,,
2026-01-18,CBBL,,934,920,923.1,,,16777,15581473.4,180,,
2026-01-18,CFCL,,556,519,555.3,,,122358,66280642.4,764,,
2026-01-18,CGH,,870,850.5,870,,,50874,43787112.8,209,,
2026-01-18,CHCL,,474.9,470,473,,,28576,13480526.7,216,,
2026-01-18,CHDC,,2370,2300,2336.2,,,32310,75561191.8,290,,
2026-01-18,CHL,,275.9,267.7,268,,,60456,16394554.7,238,,
2026-01-18,CIT,,1785,1765.2,1766.1,,,11569,20508592.1,251,,
2026-01-18,CITY,,479.4,470,478.9,,,15158,7224281.1,155,,
2026-01-18,CKHL,,681,641.5,670,,,19413,12983093,133,,
2026-01-18,CLI,,480,471.5,476.9,,,29464,14005880.1,467,,
2026-01-18,CREST,,1259.9,1223.3,1250,,,15011,18696816.3,388,,
2026-01-18,CYCL,,1615,1506,1564.9,,,3718,5771873.1,136,,
2026-01-18,CZBIL,,196.8,192,196.8,,,28565,5571446.9,129,,
2026-01-18,DDBL,,835,826,828.1,,,6311,5245962.6,81,,
2026-01-18,DHEL,,670.1,641,669,,,110938,73525950.6,1374,,
2026-01-18,DHPL,,295,290.1,295,,,8020,2349474.5,62,,
2026-01-18,DLBS,,1386,1309,1347,,,1204,1610547.2,43,,
2026-01-18,DOLTI,,514,502.1,509,,,5081,2581199.6,84,,
2026-01-18,DORDI,,293,283,288.7,,,468780,135155586.6,1092,,
2026-01-18,EBL,,667,660,665.2,,,27585,18338376.8,210,,
2026-01-18,EHPL,,425.3,414,417.5,,,52997,22162131.4,324,,
2026-01-18,ENL,,916,900.1,915,,,532,483820,19,,
2026-01-18,FMDBL,,822.6,800.7,809.7,,,25747,20806926.7,134,,
2026-01-18,FOWAD,,1094,1076,1083,,,1719,1860245,47,,
2026-01-18,GBIME,,228.5,225,228.2,,,111936,25460818.6,399,,
2026-01-18,GBLBS,,780.1,762.4,777.1,,,7853,6084349.3,117,,
2026-01-18,GCIL,,435,425,434,,,34385,14824296.5,341,,
2026-01-18,GFCL,,712,660,710,,,109933,76296091,730,,
2026-01-18,GHL,,213.4,210.3,212,,,62923,13334924.9,209,,
2026-01-18,GILB,,1183.5,1164,1170,,,2920,3404465.5,42,,
2026-01-18,GLBSL,,2101,1950,2101,,,5522,11105338.3,129,,
2026-01-18,GLH,,252.7,248.1,252,,,42541,10693685.3,207,,
2026-01-18,GMFBS,,1525,1493.5,1519,,,786,1187466,27,,
2026-01-18,GMFIL,,506,454.7,488,,,104242,50103130.3,510,,
2026-01-18,GMLI,,1755,1710,1730,,,2829,4928825,116,,
2026-01-18,GUFL,,562.1,521.2,562.1,,,94746,51732055.1,541,,
2026-01-18,GVL,,506.7,495,504,,,106299,53167610.1,417,,
2026-01-18,HATHY,,899.8,889.1,896,,,7992,7148416.2,163,,
2026-01-18,HBL,,192,188,192,,,78760,14996488.7,2062,,
2026-01-18,HDHPC,,184,177,183.5,,,211269,38225702.1,568,,
2026-01-18,HDL,,1158,1135,1139,,,103115,118115051.7,958,,
2026-01-18,HHL,,335,330,332,,,28548,9507223.5,226,,
2026-01-18,HIDCL,,263,258,259.2,,,92708,24086422.2,304,,
2026-01-18,HIMSTAR,,930,882,919,,,26544,24300895.3,433,,
2026-01-18,HLBSL,,914.5,900,913,,,2485,2253405.7,33,,
2026-01-18,HLI,,370,362.5,367.8,,,117425,42923626.4,575,,
2026-01-18,HPPL,,488,472.2,484,,,163636,78893308.5,403,,
2026-01-18,HRL,,852,835,850.8,,,125287,106173294.6,1285,,
2026-01-18,HURJA,,228,221.5,225.8,,,63070,14218893.8,228,,
2026-01-18,ICFC,,700.1,661.1,696,,,141531,97297756.5,759,,
2026-01-18,IHL,,553.8,540,541,,,12684,6895541.7,173,,
2026-01-18,ILBS,,1000,983.2,995,,,9032,8926875.6,84,,
2026-01-18,ILI,,451.5,440.5,451.5,,,29163,12996585.3,544,,
2026-01-18,JBLB,,1339,1313,1335,,,7160,9520072.2,203,,
2026-01-18,JFL,,468,431.3,455,,,69276,30827727.6,409,,
2026-01-18,JHAPA,,1486,1407,1444,,,24476,35520207.3,485,,
2026-01-18,JOSHI,,288.9,283,285,,,34018,9695909,192,,
2026-01-18,JSLBB,,1191.1,1165,1184,,,1220,1442191.6,32,,
2026-01-18,KBL,,185.5,179.2,184.5,,,356981,65494991.4,709,,
2026-01-18,KBSH,,1683,1650.5,1651,,,546,904885,13,,
2026-01-18,KDL,,800,775,798,,,4132,3259908.4,86,,
2026-01-18,KKHC,,224.9,215.6,222,,,40357,8947402.1,224,,
2026-01-18,KMCDB,,984.8,937.1,965,,,5219,5038104.1,73,,
2026-01-18,KPCL,,539.9,524.9,534.9,,,35986,19218343.2,225,,
2026-01-18,LEC,,201.8,198,200,,,110180,21964579.1,294,,
2026-01-18,LICN,,887,856,866.5,,,41911,36281951.9,147,,
2026-01-18,LLBS,,968.9,940.1,940.6,,,3210,3042895,38,,
2026-01-18,LSL,,218.4,213.5,217,,,84325,18219938.9,183,,
2026-01-18,MABEL,,755.1,710.5,736,,,40703,30218339.2,659,,
2026-01-18,MAKAR,,547.9,515,535,,,12552,6699554.8,169,,
2026-01-18,MANDU,,832.3,793,817.9,,,4737,3884188.6,91,,
2026-01-18,MATRI,,994,963.6,975.1,,,679,663819,30,,
2026-01-18,MBJC,,292.7,281.2,289,,,34923,10037001.1,423,,
2026-01-18,MBL,,229,224.5,229,,,88932,20151451.4,185,,
2026-01-18,MCHL,,431,419,427,,,8720,3692262.9,123,,
2026-01-18,MEHL,,434.8,423,428.9,,,23194,9929143.9,238,,
2026-01-18,MEL,,271,265.1,267.5,,,13063,3500711.9,256,,
2026-01-18,MEN,,590,578.1,588,,,53400,31106094.8,271,,
2026-01-18,MERO,,756,733,750,,,12034,8979157.6,101,,
2026-01-18,MFIL,,851.8,785.4,849.9,,,649834,531653828.6,1653,,
2026-01-18,MHCL,,382,375,379.8,,,8693,3276237.3,127,,
2026-01-18,MHL,,515,494,510.1,,,32655,16615841.3,213,,
2026-01-18,MHNL,,246,240.1,246,,,15237,3695394.4,67,,
2026-01-18,MKCL,,1414,1369.2,1399,,,4933,6879765.4,115,,
2026-01-18,MKHC,,352.8,336,347,,,23157,7924860.8,184,,
2026-01-18,MKHL,,808,771.3,800.1,,,7961,6363373.2,122,,
2026-01-18,MKJC,,522,510.1,520,,,42563,22002302.3,193,,
2026-01-18,MLBBL,,1367,1336,1348,,,4626,6233007.7,74,,
2026-01-18,MLBS,,1495,1437,1437,,,1786,2584873.6,34,,
2026-01-18,MLBSL,,1937.9,1900,1931.9,,,330,632821,27,,
2026-01-18,MMKJL,,597,588,593,,,15014,8852624.3,126,,
2026-01-18,MPFL,,677.8,645,675,,,99598,66173973.1,467,,
2026-01-18,MSHL,,843.5,815,830,,,436,361366.2,29,,
2026-01-18,MSLB,,1315.8,1295,1308,,,3841,5017836.4,69,,
2026-01-18,NABIL,,492,487.7,490.8,,,71435,34993592.4,650,,
2026-01-18,NADEP,,820,801.1,816.9,,,4371,3530463.3,73,,
2026-01-18,NBL,,245.6,239,244,,,105664,25598512,293,,
2026-01-18,NESDO,,1537,1505,1534.8,,,4442,6771914.4,87,,
2026-01-18,NFS,,666.3,635,658.1,,,81414,53443992.5,590,,
2026-01-18,NGPL,,408.9,397,403.4,,,430999,174347511.6,995,,
2026-01-18,NHDL,,672,658.6,664,,,15192,10074003.1,136,,
2026-01-18,NHPC,,192.9,188,190,,,65807,12533727.3,205,,
2026-01-18,NICA,,347,335,339,,,163190,55502172.6,445,,
2026-01-18,NICLBSL,,576,562,570,,,18980,10813391.7,252,,
2026-01-18,NIFRA,,264.9,260,262.8,,,91052,23954338.5,733,,
2026-01-18,NIMB,,194.5,191,194.5,,,92372,17827358.1,323,,
2026-01-18,NLIC,,782,773.1,780,,,27049,21013328.7,265,,
2026-01-18,NLICL,,584.9,577,584,,,15853,9211898.6,75,,
2026-01-18,NLO,,259.1,259.1,259.1,,,0,0,0,,
2026-01-18,NMB,,240.9,237,238.8,,,51713,12313325.4,212,,
2026-01-18,NMBMF,,745.6,690.6,709,,,21075,14713487.4,147,,
2026-01-18,NMFBS,,1118.1,1086,1092,,,11469,12572318.3,155,,
2026-01-18,NMLBBL,,640,622.2,640,,,4811,3061838.2,67,,
2026-01-18,NRIC,,1324,1295,1305,,,64519,84428280,507,,
2026-01-18,NRM,,452,440,448,,,42209,18854956,336,,
2026-01-18,NRN,,1463.7,1381,1448,,,111404,159469846.4,731,,
2026-01-18,NTC,,858,845,852,,,11299,9610727.3,212,,
2026-01-18,NUBL,,715,710,714,,,3935,2807339.7,46,,
2026-01-18,NWCL,,870,833,864.9,,,5718,4913431,139,,
2026-01-18,NYADI,,402.9,391.1,399,,,12012,4780412,165,,
2026-01-18,OHL,,714,704,711,,,5824,4124322.6,32,,
2026-01-18,OMPL,,1328,1280,1309,,,15243,19952076,369,,
2026-01-18,PCBL,,243.5,239,240,,,39906,9599807,156,,
2026-01-18,PFL,,383,360,379,,,37934,14060555.4,248,,
2026-01-18,PHCL,,271,262.9,264.9,,,128615,34234215.7,636,,
2026-01-18,PMHPL,,323.7,315,320,,,17571,5610016.6,92,,
2026-01-18,PMLI,,501,485.3,501,,,14358,7119179.3,230,,
2026-01-18,PPCL,,352.9,346.3,351.8,,,29820,10451168.1,133,,
2026-01-18,PPL,,328,321.2,324,,,100365,32469908.3,326,,
2026-01-18,PROFL,,487.9,467,487.8,,,95078,45438503.4,419,,
2026-01-18,PRVU,,186.8,179.9,186.3,,,127534,23653817.9,361,,
2026-01-18,PURE,,1095,1030,1068,,,51240,54616530.1,590,,
2026-01-18,RADHI,,814,792.6,792.7,,,310404,249480894.9,1120,,
2026-01-18,RAWA,,730,710,730,,,1943,1399089.1,60,,
2026-01-18,RFPL,,379.7,361.6,373.6,,,107237,40129355.7,505,,
2026-01-18,RHGCL,,272.3,255.9,267,,,142897,37985370.6,468,,
2026-01-18,RHPL,,276,270.3,273,,,31975,8722384.3,208,,
2026-01-18,RIDI,,224.5,219.2,224.4,,,111924,24892396.6,249,,
2026-01-18,RLFL,,452,425.7,446.4,,,60268,26771005.5,309,,
2026-01-18,RNLI,,469,462.3,466,,,57801,26901369.9,562,,
2026-01-18,RSDC,,650,635,645,,,15687,10056392.4,123,,
2026-01-18,RURU,,673,660,665,,,13344,8873825.9,97,,
2026-01-18,SAGAR,,2205.5,2020,2205.5,,,115153,246989458.4,2265,,
2026-01-18,SAHAS,,555,545,551,,,54790,30227381.1,453,,
2026-01-18,SAIL,,1210,1078,1210,,,242443,284573620.2,3615,,
2026-01-18,SANIMA,,341,335,337,,,81137,27430286.1,279,,
2026-01-18,SANVI,,850.6,815,827,,,176620,147263723.2,1454,,
2026-01-18,SARBTM,,885,875,880,,,32902,28873421.3,141,,
2026-01-18,SBI,,408,402.2,403.3,,,23433,9469353.2,102,,
2026-01-18,SBL,,393,385.6,388.9,,,69431,26910803,191,,
2026-01-18,SCB,,636,631.4,633.1,,,11893,7529962.5,113,,
2026-01-18,SGHC,,382,370.3,377,,,16893,6402486.5,155,,
2026-01-18,SHEL,,282.9,278,282.9,,,106460,29899576.8,404,,
2026-01-18,SHIVM,,632,616,624,,,221954,138745356.8,839,,
2026-01-18,SHL,,502,497.3,498,,,29400,14676960.5,107,,
2026-01-18,SHLB,,1683,1621.8,1670,,,2540,4238635.2,63,,
2026-01-18,SHPC,,561.5,549,555,,,167503,93233995.9,505,,
2026-01-18,SIFC,,544,515,544,,,88259,46717019.4,448,,
2026-01-18,SIKLES,,657,627,635,,,86205,54844614.8,537,,
2026-01-18,SJCL,,289,283.8,285,,,9732,2778655.8,108,,
2026-01-18,SJLIC,,451,441,450,,,30016,13428619,349,,
2026-01-18,SKBBL,,786.4,776.1,779,,,13139,10246420,110,,
2026-01-18,SLBBL,,840,822.1,839.5,,,8658,7233689.2,112,,
2026-01-18,SLBSL,,1320,1283.1,1319.9,,,4220,5504156.4,60,,
2026-01-18,SMATA,,815,790,796,,,19361,15595339.7,280,,
2026-01-18,SMB,,1815,1781.2,1797,,,1574,2834324,44,,
2026-01-18,SMFBS,,1770,1705.2,1751,,,3747,6477339.8,57,,
2026-01-18,SMH,,770,702,730,,,21157,15936305.7,55,,
2026-01-18,SMHL,,612,567.1,583,,,81480,48228906.9,868,,
2026-01-18,SMJC,,498,485,492,,,8922,4397626.4,179,,
2026-01-18,SMPDA,,890,870,880.3,,,6824,6031384.7,112,,
2026-01-18,SNLI,,514,470,478.1,,,40848,19611536.7,574,,
2026-01-18,SONA,,438,427,435,,,33035,14376717.5,567,,
2026-01-18,SPC,,577,539,561,,,96171,53343357.7,416,,
2026-01-18,SPDL,,392.8,380.1,386,,,64257,24992770.7,213,,
2026-01-18,SPHL,,581,565,569,,,9666,5500214.3,103,,
2026-01-18,SPL,,858,840.5,850.1,,,670,568347.4,37,,
2026-01-18,SRLI,,404,398,400.5,,,19709,7886615.7,355,,
2026-01-18,SSHL,,162.4,156,161,,,213721,34362735.1,631,,
2026-01-18,STC,,5609,5580,5606,,,972,5441249,35,,
2026-01-18,SWASTIK,,2965,2867,2930,,,6876,20161270.9,302,,
2026-01-18,SWBBL,,748,736,747,,,10907,8089929.3,70,,
2026-01-18,SWMF,,686.2,677.6,685,,,3653,2494280.7,46,,
2026-01-18,SYPNL,,1500,1370,1480,,,258416,373962149.6,6461,,
2026-01-18,TAMOR,,450,442.1,447,,,12753,5693484.1,195,,
2026-01-18,TPC,,390.6,365,370,,,65391,24240110.9,293,,
2026-01-18,TRH,,736.3,720,736.3,,,5820,4240191.3,75,,
2026-01-18,TSHL,,882,810,821,,,56424,46514928.1,515,,
2026-01-18,TTL,,872.9,835.6,860,,,93813,80722944.7,1439,,
2026-01-18,TVCL,,385,380,384,,,8578,3281723.5,106,,
2026-01-18,UHEWA,,571,560,564,,,22546,12730927.7,174,,
2026-01-18,ULBSL,,3439.9,3265.4,3400,,,622,2098012,29,,
2026-01-18,ULHC,,459.2,444.5,451.1,,,8616,3896258.1,135,,
2026-01-18,UMHL,,615,580.1,597,,,191434,112890400.2,704,,
2026-01-18,UMRH,,563,552,552.5,,,24692,13676874.1,155,,
2026-01-18,UNHPL,,483,470.2,471.5,,,144325,68450198.5,450,,
2026-01-18,UNL,,47000,46750,47000,,,50,2347500,3,,
2026-01-18,UNLB,,1932,1858.1,1900,,,1006,1909475,29,,
2026-01-18,UPCL,,372.1,363,367,,,153554,56422730.9,476,,
2026-01-18,UPPER,,175,173.5,174.9,,,112088,19546848.3,481,,
2026-01-18,USHEC,,467.9,450.5,463.1,,,43750,20163719.2,192,,
2026-01-18,USHL,,825,801,820.8,,,10160,8280620.8,144,,
2026-01-18,USLB,,1555.4,1432,1555.4,,,20379,30853779,312,,
2026-01-18,VLBS,,772,757,767,,,3475,2669628.8,70,,
2026-01-18,VLUCL,,570,547.9,563.9,,,10911,6158046.2,111,,
2026-01-20,ACLBSL,,980,960.1,970,,,1783,1738706.2,46,,
2026-01-20,ADBL,,310.7,302,307.9,,,51596,15901946.3,252,,
2026-01-20,AHL,,569.9,552.3,553,,,9680,5397461.6,109,,
2026-01-20,AHPC,,270,266,268.4,,,186761,50068046.1,578,,
2026-01-20,AKJCL,,229.5,210.2,226.1,,,1149972,253721330.6,2581,,
2026-01-20,AKPL,,256,250,254.5,,,248194,62953361.8,690,,
2026-01-20,ALBSL,,1188.9,1160,1173.1,,,11743,13751331.2,148,,
2026-01-20,ALICL,,495,485.8,490,,,75878,37183421.6,369,,
2026-01-20,ANLB,,6098.5,6020,6096.9,,,244,1471409.2,20,,
2026-01-20,API,,299.9,290.3,299.9,,,295108,87465380.4,726,,
2026-01-20,AVYAN,,970,956,958.7,,,4178,4015570.3,102,,
2026-01-20,BANDIPUR,,959.9,895,933,,,286502,268443735.4,4051,,
2026-01-20,BARUN,,337,329,331.7,,,144792,48235822,595,,
2026-01-20,BBC,,4951,4850,4934,,,733,3594982,39,,
2026-01-20,BEDC,,542.9,529,532,,,22259,11936668.7,183,,
2026-01-20,BFC,,502,482.4,485.5,,,80481,39730783.8,523,,
2026-01-20,BGWT,,802.5,759,800,,,9577,7526075.6,146,,
2026-01-20,BHCL,,571,550,552.5,,,169106,94814941.8,1437,,
2026-01-20,BHDC,,479,470,472.5,,,45814,21746867.4,272,,
2026-01-20,BHL,,187.5,181,187,,,288256,53391553.3,1108,,
2026-01-20,BHPL,,569,550.8,559.9,,,109431,61047171.3,552,,
2026-01-20,BNHC,,479.5,461.1,473,,,21332,10087058.5,175,,
2026-01-20,BNL,,15981,15980,15980,,,51,815010,3,,
2026-01-20,BNT,,12100,11900,11900,,,123,1472261,14,,
2026-01-20,BPCL,,800.7,762,798,,,304872,240687837,797,,
2026-01-20,BUNGAL,,723,677.3,700.2,,,120617,84503451.5,1343,,
2026-01-20,CBBL,,950,930,942,,,20078,18941504.7,254,,
2026-01-20,CFCL,,565.5,540.4,550.1,,,110212,61036011.8,635,,
2026-01-20,CGH,,895,872,881,,,25380,22451578,224,,
2026-01-20,CHCL,,480,474.2,475.4,,,50804,24193690.3,287,,
2026-01-20,CHDC,,2456,2352.1,2448,,,57562,139046039.4,573,,
2026-01-20,CHL,,277,270.5,273.9,,,84550,23119289.7,312,,
2026-01-20,CIT,,1800,1769.3,1775,,,10948,19500579.6,231,,
2026-01-20,CITY,,491.8,481,486,,,23961,11661713.9,223,,
2026-01-20,CKHL,,682.9,667,677,,,14559,9831545.2,119,,
2026-01-20,CLI,,486.4,478,480.5,,,59499,28648034.9,603,,
2026-01-20,CREST,,1295,1250,1290,,,27780,35597334.5,575,,
2026-01-20,CYCL,,1584,1536.2,1580,,,2361,3686239.4,76,,
2026-01-20,CZBIL,,200,195,197.7,,,40692,8091538.8,169,,
2026-01-20,DDBL,,844,830,839.5,,,13200,11079224.6,109,,
2026-01-20,DHEL,,680.3,662,665,,,81375,54666241.5,1146,,
2026-01-20,DHPL,,308,293,302,,,26705,8045554.6,141,,
2026-01-20,DLBS,,1400,1350,1378,,,1009,1380392.8,53,,
2026-01-20,DOLTI,,519,511.5,518,,,16076,8278551.3,154,,
2026-01-20,DORDI,,304,289.1,295,,,611613,180879545.7,1420,,
2026-01-20,EBL,,682,665,677,,,35963,24352280.6,234,,
2026-01-20,EHPL,,423.8,414,416.1,,,67651,28286974.1,330,,
2026-01-20,ENL,,936.3,900.1,921,,,6581,6087371.1,62,,
2026-01-20,FMDBL,,845,812,828,,,59340,49411444.9,346,,
2026-01-20,FOWAD,,1105,1085,1097,,,5533,6087813.9,73,,
2026-01-20,GBIME,,234.1,228,230,,,389051,89620290.2,699,,
2026-01-20,GBLBS,,806.9,777.1,795,,,18212,14533717.1,188,,
2026-01-20,GCIL,,450.6,438,440,,,43112,19073905.8,420,,
2026-01-20,GFCL,,738,691.4,700.1,,,98589,69955391.4,675,,
2026-01-20,GHL,,222.2,214,221.8,,,177134,38807925.4,523,,
2026-01-20,GILB,,1198.9,1173,1183,,,2701,3201524.5,36,,
2026-01-20,GLBSL,,2222,2022.2,2222,,,8954,18584376.4,158,,
2026-01-20,GLH,,258,253.9,255.8,,,39105,10029641.5,243,,
2026-01-20,GMFBS,,1534.8,1492.1,1524,,,4390,6669900.6,48,,
2026-01-20,GMFIL,,499,478,487,,,84613,41465109.3,415,,
2026-01-20,GMLI,,1780,1707,1758,,,4467,7854495.5,129,,
2026-01-20,GUFL,,618.3,573.3,618.3,,,186583,113270724.9,1373,,
2026-01-20,GVL,,530,500,524.8,,,594345,301376764.4,1093,,
2026-01-20,HATHY,,928.2,897,928,,,29411,26988555.4,377,,
2026-01-20,HBL,,195,191.1,194.6,,,128298,24878183.3,2081,,
2026-01-20,HDHPC,,193.8,183,191.4,,,323700,61214587.3,989,,
2026-01-20,HDL,,1168.5,1149,1161.9,,,124358,144037115.2,1029,,
2026-01-20,HHL,,339.9,332,337,,,54090,18200554.7,295,,
2026-01-20,HIDCL,,268.2,262,266.7,,,237371,63070183.4,597,,
2026-01-20,HIMSTAR,,936,902,919,,,32744,30059126.3,429,,
2026-01-20,HLBSL,,940,906,932,,,2569,2395696.5,30,,
2026-01-20,HLI,,380.9,370,378.4,,,107711,40619994.4,671,,
2026-01-20,HPPL,,493,479.3,480.1,,,150196,72883941.8,435,,
2026-01-20,HRL,,880,850.8,877.5,,,274826,239290348.9,2110,,
2026-01-20,HURJA,,233,226.1,231.5,,,129625,29857660,388,,
2026-01-20,ICFC,,715,695,698.4,,,147123,103677206.3,672,,
2026-01-20,IHL,,551.8,542.4,547,,,17118,9345500.4,146,,
2026-01-20,ILBS,,1025,995,1013,,,12649,12838786.5,131,,
2026-01-20,ILI,,463,453,457.2,,,39315,18006558.6,541,,
2026-01-20,JBLB,,1359.8,1328,1340,,,12560,16827049.8,233,,
2026-01-20,JFL,,492,452.8,459,,,46697,21436136.8,294,,
2026-01-20,JHAPA,,1510,1415.2,1499.9,,,36403,54135334.2,506,,
2026-01-20,JOSHI,,294,285.9,290,,,67493,19616235.1,356,,
2026-01-20,JSLBB,,1207,1170,1180,,,1065,1267350.9,23,,
2026-01-20,KBL,,190,184,186.6,,,235250,44157348.8,671,,
2026-01-20,KBSH,,1700,1665.2,1685,,,359,606839.6,19,,
2026-01-20,KDL,,819.9,796.3,808,,,4891,3955590.2,107,,
2026-01-20,KKHC,,230.9,222,226.7,,,280093,62934754.7,475,,
2026-01-20,KMCDB,,979.9,951.6,954,,,5114,4916519.6,71,,
2026-01-20,KPCL,,572,543,569.9,,,244297,136154359.9,704,,
2026-01-20,LEC,,210,202,207,,,248430,51221983.1,772,,
2026-01-20,LICN,,883.8,867.1,878,,,36874,32416844.9,179,,
2026-01-20,LLBS,,992,941,992,,,3193,3084428.7,35,,
2026-01-20,LSL,,222,217.5,221,,,164154,36039066.8,305,,
2026-01-20,MABEL,,761,735,741,,,43808,32690661.9,618,,
2026-01-20,MAKAR,,555,540,554,,,14828,8145127,124,,
2026-01-20,MANDU,,830,801.6,830,,,5014,4098769.8,96,,
2026-01-20,MATRI,,994,974.5,980.1,,,1876,1846244.4,47,,
2026-01-20,MBJC,,297.5,288.3,294,,,81264,23821266.6,479,,
2026-01-20,MBL,,235,229,231,,,65083,15076243.7,176,,
2026-01-20,MCHL,,431,416.5,425.6,,,13399,5718934.3,101,,
2026-01-20,MEHL,,446.2,430,441,,,69504,30578761.3,420,,
2026-01-20,MEL,,278.3,269,274.5,,,35641,9767860.7,345,,
2026-01-20,MEN,,606,590,599,,,129919,77840140.9,546,,
2026-01-20,MERO,,775,753.7,770,,,21676,16605892,169,,
2026-01-20,MFIL,,873,824.3,859.9,,,434373,370765244.3,1497,,
2026-01-20,MHCL,,394.9,379.8,382,,,21454,8207276.4,178,,
2026-01-20,MHL,,531.8,513.2,522.5,,,71609,37450848.5,370,,
2026-01-20,MHNL,,251,242,251,,,22062,5501916.1,138,,
2026-01-20,MKCL,,1428,1405,1415,,,2559,3625110.7,83,,
2026-01-20,MKHC,,353,342.1,347,,,23910,8261974.5,212,,
2026-01-20,MKHL,,821.1,784.1,800,,,5527,4423338.5,103,,
2026-01-20,MKJC,,531,522.1,528.8,,,40046,21126686.5,173,,
2026-01-20,MLBBL,,1369,1344,1366,,,7025,9499250.3,74,,
2026-01-20,MLBS,,1470,1442,1464,,,1450,2103615.4,44,,
2026-01-20,MLBSL,,1967.5,1915,1921,,,694,1341281.5,35,,
2026-01-20,MMKJL,,605,592.6,593.1,,,14789,8828251.2,157,,
2026-01-20,MPFL,,685,658,668,,,79351,53148653.6,434,,
2026-01-20,MSHL,,833,820,820,,,4814,3959603,49,,
2026-01-20,MSLB,,1356.6,1287.1,1326,,,2976,3938463.9,70,,
2026-01-20,NABIL,,500,490.8,496.5,,,72522,36046488.1,620,,
2026-01-20,NADEP,,831,816.2,828.9,,,2686,2213468.8,36,,
2026-01-20,NBL,,248.9,243.4,247.3,,,122022,30119224.6,375,,
2026-01-20,NESDO,,1558,1530,1557.9,,,8058,12417720.8,73,,
2026-01-20,NFS,,682,660,667,,,66994,44933010.1,495,,
2026-01-20,NGPL,,416.2,396,409,,,599844,246699942.5,1290,,
2026-01-20,NHDL,,688,667.2,685,,,16236,11039173,122,,
2026-01-20,NHPC,,204,191.3,203.9,,,331894,66216832.9,939,,
2026-01-20,NICA,,350,332.5,346,,,141100,48859694.4,436,,
2026-01-20,NICLBSL,,584,573,578.9,,,18619,10784325,207,,
2026-01-20,NIFRA,,272.5,265.1,271,,,233146,62819287.2,1111,,
2026-01-20,NIMB,,198,194.1,195.8,,,134396,26366649.6,425,,
2026-01-20,NLIC,,800,782,790,,,45351,35865870.7,345,,
2026-01-20,NLICL,,610,585.9,594.1,,,41803,25138531.5,120,,
2026-01-20,NLO,,259.1,259.1,259.1,,,0,0,0,,
2026-01-20,NMB,,244,237.2,240.5,,,67016,16131921,253,,
2026-01-20,NMBMF,,714.5,701,706.2,,,5952,4207686.3,54,,
2026-01-20,NMFBS,,1136,1113.8,1130.8,,,5115,5739608.9,79,,
2026-01-20,NMLBBL,,651.5,628,644,,,14557,9403473.2,91,,
2026-01-20,NRIC,,1345,1300,1313.2,,,119056,157469340.4,741,,
2026-01-20,NRM,,460,447,456.9,,,54557,24835915.5,405,,
2026-01-20,NRN,,1573.9,1430,1550,,,269679,407925632,1495,,
2026-01-20,NTC,,867.9,852,859.9,,,14049,12048765.6,256,,
2026-01-20,NUBL,,732,720,732,,,8896,6457104.7,61,,
2026-01-20,NWCL,,886,851,869,,,10937,9510745.5,166,,
2026-01-20,NYADI,,410.8,396,405.9,,,22573,9157826,195,,
2026-01-20,OHL,,740,710.1,730,,,27369,20049176.3,141,,
2026-01-20,OMPL,,1380,1320,1350.1,,,46037,62345820.3,645,,
2026-01-20,PCBL,,249.6,241.2,245.6,,,48091,11807027.7,199,,
2026-01-20,PFL,,395,374.4,384,,,34828,13481561,246,,
2026-01-20,PHCL,,270,263,264,,,144302,38485015.2,599,,
2026-01-20,PMHPL,,330.3,320,327,,,68445,22276702.5,210,,
2026-01-20,PMLI,,527.9,510,521.9,,,92309,48058084.3,609,,
2026-01-20,PPCL,,359.9,354,357.8,,,47156,16802706.2,182,,
2026-01-20,PPL,,334,324,327,,,164033,54056033.1,614,,
2026-01-20,PROFL,,503,485,487,,,44758,22094537.6,255,,
2026-01-20,PRVU,,192,187,189,,,207600,39433208,593,,
2026-01-20,PURE,,1159,1047.5,1136,,,99536,111146983.1,926,,
2026-01-20,RADHI,,825,802,820.5,,,477973,390346319.1,1293,,
2026-01-20,RAWA,,739,717.2,730,,,2229,1623876.8,47,,
2026-01-20,RFPL,,382,366.2,378,,,203155,76889522.7,608,,
2026-01-20,RHGCL,,293.7,268,288,,,432319,122975393.8,1300,,
2026-01-20,RHPL,,283,273.2,276.7,,,75944,21259254.9,364,,
2026-01-20,RIDI,,241.7,226.1,233.8,,,227803,53094677.5,618,,
2026-01-20,RLFL,,464,449,452.3,,,68203,31077406,361,,
2026-01-20,RNLI,,477.8,466,476.8,,,85579,40716721.1,614,,
2026-01-20,RSDC,,665,642.3,651.9,,,50111,32753107.6,273,,
2026-01-20,RURU,,678,667.1,669,,,22592,15214416.3,173,,
2026-01-20,SAGAR,,2320,2191.5,2235,,,56353,127408151.6,1123,,
2026-01-20,SAHAS,,565,551,560,,,121694,68255750.2,652,,
2026-01-20,SAIL,,1331,1216,1282.2,,,161975,207103094.7,2412,,
2026-01-20,SANIMA,,343.9,339.8,342,,,72447,24753316.5,287,,
2026-01-20,SANVI,,848,820,824,,,215879,180078199,1344,,
2026-01-20,SARBTM,,900,880,894,,,66106,58381299.3,123,,
2026-01-20,SBI,,410,405,408,,,131572,53384614.1,94,,
2026-01-20,SBL,,394.5,389,391,,,81925,32074577.7,251,,
2026-01-20,SCB,,642,630,640.6,,,20233,12937771.7,140,,
2026-01-20,SGHC,,402.5,371.1,394.7,,,49092,19233185.5,244,,
2026-01-20,SHEL,,289.9,285.5,288,,,121525,34948885.3,491,,
2026-01-20,SHIVM,,637.7,625,629.6,,,338399,213825170.1,1243,,
2026-01-20,SHL,,515.2,499,515,,,99453,50724250.1,246,,
2026-01-20,SHLB,,1705,1660,1702,,,2391,4033762.2,53,,
2026-01-20,SHPC,,565,544,559,,,202907,113759357.3,619,,
2026-01-20,SIFC,,566.1,542,561,,,89979,49868949.1,435,,
2026-01-20,SIKLES,,647.7,625,626.1,,,77119,48734851.6,496,,
2026-01-20,SJCL,,300,285.1,291,,,16754,4903210.3,172,,
2026-01-20,SJLIC,,460,448.3,454.5,,,78349,35604018.6,398,,
2026-01-20,SKBBL,,799.8,785,790,,,23822,18925661.5,177,,
2026-01-20,SLBBL,,852,840,848,,,14202,12022567.4,133,,
2026-01-20,SLBSL,,1400,1325.1,1376,,,7389,10054548.7,137,,
2026-01-20,SMATA,,820,805,805.6,,,8755,7116130.6,128,,
2026-01-20,SMB,,1875,1805.5,1858,,,3876,7163190.7,84,,
2026-01-20,SMFBS,,1770,1731,1770,,,1555,2739417.5,29,,
2026-01-20,SMH,,749,720.2,733,,,2776,2032074.7,55,,
2026-01-20,SMHL,,590,555,563,,,61370,34872715.8,626,,
2026-01-20,SMJC,,504.9,490.1,497,,,17748,8798816.9,221,,
2026-01-20,SMPDA,,905.1,870,899.8,,,5254,4716540.6,91,,
2026-01-20,SNLI,,494.6,482.2,489.5,,,57628,28166434.2,625,,
2026-01-20,SONA,,449.9,440,443.5,,,70705,31400600.7,675,,
2026-01-20,SPC,,574,542,545.2,,,59483,33267967.9,360,,
2026-01-20,SPDL,,398,388,392,,,92987,36427461.9,288,,
2026-01-20,SPHL,,580,569,575,,,14959,8577261.9,132,,
2026-01-20,SPL,,851.1,834.5,848,,,1779,1501634.9,24,,
2026-01-20,SRLI,,411,403.1,408.5,,,72604,29565321.8,528,,
2026-01-20,SSHL,,167.9,163,165.1,,,365725,60503455.8,991,,
2026-01-20,STC,,5655,5580,5610,,,1462,8189614,46,,
2026-01-20,SWASTIK,,3039.8,2968,3005,,,6691,20092493.2,284,,
2026-01-20,SWBBL,,761.9,744,753,,,6455,4857125.8,88,,
2026-01-20,SWMF,,710,686,702,,,8298,5807970.6,97,,
2026-01-20,SYPNL,,1588,1509.5,1560,,,172385,268728600.7,4307,,
2026-01-20,TAMOR,,455.9,443.2,454.9,,,28704,12955859.8,286,,
2026-01-20,TPC,,382,367,375,,,158562,59442133.6,410,,
2026-01-20,TRH,,783.9,742.5,783,,,12659,9665176,144,,
2026-01-20,TSHL,,832.2,785,803.9,,,29515,23598526.1,379,,
2026-01-20,TTL,,917,873.1,894,,,172099,154407774.4,2249,,
2026-01-20,TVCL,,395,387,388.1,,,11298,4431283.7,113,,
2026-01-20,UHEWA,,574,563,569.9,,,27642,15688692.2,195,,
2026-01-20,ULBSL,,3414.9,3350,3362,,,651,2194700.7,30,,
2026-01-20,ULHC,,464,450,450,,,21895,9967056.4,156,,
2026-01-20,UMHL,,610,585.1,607.4,,,414604,247081134.2,1009,,
2026-01-20,UMRH,,571,552,563,,,73776,41511017.4,320,,
2026-01-20,UNHPL,,487.3,469.3,472,,,425319,202104894,931,,
2026-01-20,UNL,,47100,46300.5,46300.5,,,23,1072906.5,2,,
2026-01-20,UNLB,,1938,1900,1929,,,450,864781,22,,
2026-01-20,UPCL,,377,367.1,371,,,197347,73485272.4,591,,
2026-01-20,UPPER,,183.6,176,181.9,,,281865,50897361.3,1046,,
2026-01-20,USHEC,,476,458.5,469.9,,,95497,44534289.2,287,,
2026-01-20,USHL,,874.6,804.4,849,,,35932,30610434.8,321,,
2026-01-20,USLB,,1649.9,1582,1585,,,20842,33607491.2,380,,
2026-01-20,VLBS,,790,775,775,,,2617,2052848.9,73,,
2026-01-20,VLUCL,,579.9,559.1,566,,,15530,8862636.6,166,,
2026-01-21,ACLBSL,,970,956.1,960,,,1392,1337023.6,39,,
2026-01-21,ADBL,,313,303.1,306.9,,,34955,10705633.1,170,,
2026-01-21,AHL,,562.5,546.2,546.2,,,5407,2995885.5,77,,
2026-01-21,AHPC,,270.9,265.4,266.7,,,108567,29014631.8,366,,
2026-01-21,AKJCL,,241,230,232.1,,,1840454,433636413.8,4202,,
2026-01-21,AKPL,,258.8,252,254.6,,,325470,83238644.2,568,,
2026-01-21,ALBSL,,1184.3,1149.7,1178,,,25750,30290959.5,175,,
2026-01-21,ALICL,,494.4,486.2,487.7,,,42229,20625729.8,266,,
2026-01-21,ANLB,,6101.9,6021,6021,,,279,1686371.5,25,,
2026-01-21,API,,301.4,293.2,295.9,,,213242,63336737.2,566,,
2026-01-21,AVYAN,,969,925,959,,,1795,1700112,60,,
2026-01-21,BANDIPUR,,945,903.1,905,,,159689,147067596.2,2591,,
2026-01-21,BARUN,,336,328.3,331,,,129777,43007564.2,428,,
2026-01-21,BBC,,4966.7,4860,4860,,,277,1354956,20,,
2026-01-21,BEDC,,539.9,528.5,530,,,11527,6125663.7,128,,
2026-01-21,BFC,,493.9,479,484,,,41449,20080309.3,278,,
2026-01-21,BGWT,,810,777,785,,,5126,4062287.9,72,,
2026-01-21,BHCL,,582,552,580,,,213417,121489982.2,1908,,
2026-01-21,BHDC,,477,468.6,469,,,39516,18648526,238,,
2026-01-21,BHL,,190.7,185,185.5,,,202038,37775735.9,703,,
2026-01-21,BHPL,,571,550,558,,,72851,40450992.3,350,,
2026-01-21,BNHC,,494,475.2,482.7,,,41365,19881594.2,275,,
2026-01-21,BNL,,15980,15980,15980,,,0,0,0,,
2026-01-21,BNT,,12050,11840,12050,,,30,357300,2,,
2026-01-21,BPCL,,819,798,806,,,322054,260301163.4,857,,
2026-01-21,BUNGAL,,714.2,687.8,689.2,,,66185,46145798,875,,
2026-01-21,CBBL,,954.7,925.1,945,,,29963,28274978.2,175,,
2026-01-21,CFCL,,559.8,531.4,543.9,,,54808,29756133,271,,
2026-01-21,CGH,,894,871,878.9,,,13880,12202560.2,132,,
2026-01-21,CHCL,,484.9,473,476.8,,,37350,17799797.7,223,,
2026-01-21,CHDC,,2551.7,2430.5,2440,,,40813,100634250.5,399,,
2026-01-21,CHL,,282.5,274.5,277,,,128073,35729521.3,437,,
2026-01-21,CIT,,1800,1770,1776.9,,,5599,9951255,164,,
2026-01-21,CITY,,492,482,485,,,9188,4476630.3,144,,
2026-01-21,CKHL,,681,661,673,,,6449,4332862.1,75,,
2026-01-21,CLI,,490,474,474.6,,,32863,15710904.6,383,,
2026-01-21,CREST,,1341.3,1264.2,1305,,,35025,45685007.3,598,,
2026-01-21,CYCL,,1582,1535,1541,,,3083,4763346.8,96,,
2026-01-21,CZBIL,,200,196,198,,,42383,8380557,123,,
2026-01-21,DDBL,,856,838.9,841.3,,,14197,12028143.2,121,,
2026-01-21,DHEL,,678,652,659,,,58017,38320454.3,887,,
2026-01-21,DHPL,,305,298,301,,,15662,4726314.5,80,,
2026-01-21,DLBS,,1400,1327,1359.9,,,856,1156932.6,26,,
2026-01-21,DOLTI,,520,512,514,,,4969,2560387.2,86,,
2026-01-21,DORDI,,301,283.3,285.4,,,397873,115422591.3,782,,
2026-01-21,EBL,,680,671,673,,,13721,9236861.1,156,,
2026-01-21,EHPL,,424,407,410,,,59883,24664081.2,300,,
2026-01-21,ENL,,929.9,905.2,910.3,,,3030,2769422,40,,
2026-01-21,FMDBL,,843.9,825,835,,,76946,64167223.6,314,,
2026-01-21,FOWAD,,1109,1088,1099.9,,,1639,1791509.6,41,,
2026-01-21,GBIME,,234.9,227,228.9,,,207746,47512746.5,497,,
2026-01-21,GBLBS,,810.9,789,800,,,6740,5369305.5,113,,
2026-01-21,GCIL,,444.9,430,434,,,20825,9087329.9,299,,
2026-01-21,GFCL,,708,676.3,685,,,46315,31830250.5,347,,
2026-01-21,GHL,,234,219.1,230,,,332915,75862548.3,998,,
2026-01-21,GILB,,1205,1161.5,1179,,,974,1135295.9,29,,
2026-01-21,GLBSL,,2177.6,2009,2091.2,,,2385,5023007.2,68,,
2026-01-21,GLH,,259,255.1,258,,,48777,12536346.5,221,,
2026-01-21,GMFBS,,1550.8,1495,1510,,,849,1285944.4,18,,
2026-01-21,GMFIL,,496.7,473,478,,,31815,15312701.6,153,,
2026-01-21,GMLI,,1767.9,1730,1757.8,,,1665,2901632.3,82,,
2026-01-21,GUFL,,636,591.5,619.9,,,108340,67268218.2,841,,
2026-01-21,GVL,,527.5,512.2,516,,,51919,26882854.8,360,,
2026-01-21,HATHY,,939,910.1,916,,,15881,14609810.3,222,,
2026-01-21,HBL,,197,192,193.9,,,85335,16521004.2,1521,,
2026-01-21,HDHPC,,194.8,186.5,187,,,213970,40732344.5,673,,
2026-01-21,HDL,,1179,1150.2,1158,,,83212,96566511.8,715,,
2026-01-21,HHL,,341,334,336,,,30321,10190953.3,200,,
2026-01-21,HIDCL,,270,263.2,264.1,,,187219,49882216.6,387,,
2026-01-21,HIMSTAR,,925,895,900,,,23726,21522813.6,330,,
2026-01-21,HLBSL,,940,913.5,913.7,,,2026,1865433,27,,
2026-01-21,HLI,,382.9,375.1,376,,,42993,16192606.6,352,,
2026-01-21,HPPL,,488,475,475.1,,,89167,42765855.8,267,,
2026-01-21,HRL,,909.5,870.6,889.9,,,372212,332364585.4,2727,,
2026-01-21,HURJA,,234.9,228.7,229.9,,,98683,22826752.4,261,,
2026-01-21,ICFC,,700,680,691,,,52858,36413067.4,297,,
2026-01-21,IHL,,555,540,548,,,14851,8100377.2,162,,
2026-01-21,ILBS,,1015,995,1010,,,3591,3599507.7,75,,
2026-01-21,ILI,,464.6,451,453,,,26284,11922500.8,342,,
2026-01-21,JBLB,,1359,1327,1332,,,4897,6533861.4,136,,
2026-01-21,JFL,,468.1,442,451,,,40246,18314845.8,221,,
2026-01-21,JHAPA,,1518,1455,1475,,,17270,25519527,293,,
2026-01-21,JOSHI,,294,285.6,286.7,,,50257,14507044.6,225,,
2026-01-21,JSLBB,,1200,1165,1179,,,722,844457,16,,
2026-01-21,KBL,,189,184,185.9,,,150261,27890725.8,390,,
2026-01-21,KBSH,,1700,1671,1671,,,300,504510,10,,
2026-01-21,KDL,,805,790,799.9,,,2402,1911312.9,69,,
2026-01-21,KKHC,,231.2,223,227.8,,,140962,32085265.5,415,,
2026-01-21,KMCDB,,968,952,952,,,6382,6098306.3,59,,
2026-01-21,KPCL,,626,550,626,,,274301,154241439.7,509,,
2026-01-21,LEC,,210,205.4,206.9,,,211279,43844552.4,632,,
2026-01-21,LICN,,884,867.2,870.2,,,10314,9032123.7,95,,
2026-01-21,LLBS,,993.5,955,992.9,,,772,759857.8,21,,
2026-01-21,LSL,,222,217,219,,,111044,24322868,171,,
2026-01-21,MABEL,,753.8,727,736,,,30294,22286225.4,504,,
2026-01-21,MAKAR,,553.5,545.1,549,,,6489,3556288.5,62,,
2026-01-21,MANDU,,909,813.4,868,,,13035,11292730.1,251,,
2026-01-21,MATRI,,993,974,993,,,1113,1091397.9,28,,
2026-01-21,MBJC,,294,289.1,291,,,26174,7626978.6,288,,
2026-01-21,MBL,,235,227,230,,,80526,18506179.7,140,,
2026-01-21,MCHL,,431,419.4,427.8,,,8780,3741985.1,91,,
2026-01-21,MEHL,,448.8,435,440,,,35630,15721726,252,,
2026-01-21,MEL,,279.9,272,278.9,,,25748,7114835.8,268,,
2026-01-21,MEN,,610.9,590.1,601.3,,,91025,54675774.3,365,,
2026-01-21,MERO,,764.8,755.2,761,,,4787,3632518.5,52,,
2026-01-21,MFIL,,859,820,820,,,282105,233928865.8,1012,,
2026-01-21,MHCL,,389,375.5,384.7,,,22644,8634011.7,157,,
2026-01-21,MHL,,547,520,530,,,92587,49179824.6,509,,
2026-01-21,MHNL,,254.9,248,252.5,,,31787,7987003.7,101,,
2026-01-21,MKCL,,1425,1399,1418,,,4239,5962166.9,97,,
2026-01-21,MKHC,,352.4,337.1,337.2,,,32046,10934237.2,233,,
2026-01-21,MKHL,,816,784.5,806.4,,,2932,2328282.1,81,,
2026-01-21,MKJC,,535,526.1,527.3,,,58597,31074302.5,213,,
2026-01-21,MLBBL,,1385,1345,1350,,,4651,6364736.7,46,,
2026-01-21,MLBS,,1460,1434.8,1455,,,1900,2734240.7,38,,
2026-01-21,MLBSL,,1954.9,1901,1954.9,,,601,1159908.5,30,,
2026-01-21,MMKJL,,600,585.7,586,,,19080,11250900.8,143,,
2026-01-21,MPFL,,671,645,650.4,,,55583,36400747.4,300,,
2026-01-21,MSHL,,836,815,819.1,,,2805,2306502,36,,
2026-01-21,MSLB,,1331.5,1306.1,1315,,,4657,6124448.2,52,,
2026-01-21,NABIL,,504,493,496.1,,,44079,21895053.7,423,,
2026-01-21,NADEP,,829,813.2,818.3,,,503,412177.3,18,,
2026-01-21,NBL,,252.2,245.2,249,,,81152,20099131,224,,
2026-01-21,NESDO,,1585.5,1526.8,1565,,,872,1358140,44,,
2026-01-21,NFS,,678,655,659.9,,,32446,21471920.4,245,,
2026-01-21,NGPL,,424.5,400.9,406.5,,,471864,192762881.1,855,,
2026-01-21,NHDL,,700,685,689,,,33402,23013276,159,,
2026-01-21,NHPC,,211.1,202.2,205.1,,,276853,57356760.7,795,,
2026-01-21,NICA,,348,340,342,,,91181,31278407.9,311,,
2026-01-21,NICLBSL,,580.4,571.1,575,,,7467,4310596.8,107,,
2026-01-21,NIFRA,,273,264.1,266,,,163436,43585785.6,795,,
2026-01-21,NIMB,,197,193,195,,,87940,17120032.9,323,,
2026-01-21,NLIC,,797,785,788.9,,,38520,30434231.7,272,,
2026-01-21,NLICL,,614,594,599,,,27941,16729713.7,168,,
2026-01-21,NLO,,259.1,259.1,259.1,,,0,0,0,,
2026-01-21,NMB,,242.5,238,242.5,,,65927,15910667.3,166,,
2026-01-21,NMBMF,,719.7,696,696,,,2095,1462898.4,35,,
2026-01-21,NMFBS,,1147.9,1125.2,1131,,,2451,2767796.9,39,,
2026-01-21,NMLBBL,,653,632.1,648,,,10963,7105840.4,73,,
2026-01-21,NRIC,,1331.5,1305,1313,,,70734,93221753.5,579,,
2026-01-21,NRM,,462,442.1,442.1,,,48402,21744517,368,,
2026-01-21,NRN,,1590,1511,1548,,,226783,350591731.5,1116,,
2026-01-21,NTC,,866,855.1,862.9,,,8255,7129293.3,154,,
2026-01-21,NUBL,,738.9,728,729,,,13352,9741599.5,51,,
2026-01-21,NWCL,,885,843.1,860,,,3860,3309477.2,89,,
2026-01-21,NYADI,,414,401.1,401.1,,,15597,6305393,131,,
2026-01-21,OHL,,738,716,719,,,4833,3495215,40,,
2026-01-21,OMPL,,1373.9,1333,1343,,,20713,27862234.7,343,,
2026-01-21,PCBL,,248,243,246.4,,,32317,7947808.4,120,,
2026-01-21,PFL,,391,373.1,377,,,21465,8165728.1,141,,
2026-01-21,PHCL,,270,263,265.9,,,151267,40291637.9,512,,
2026-01-21,PMHPL,,331,321.4,328.9,,,43176,14138808.1,151,,
2026-01-21,PMLI,,528,511.5,516.5,,,32749,16932448.6,285,,
2026-01-21,PPCL,,374,354.3,368,,,69019,25104859.2,268,,
2026-01-21,PPL,,350,323.4,339,,,293339,99127985.9,1098,,
2026-01-21,PROFL,,491,475.8,482.9,,,26091,12617483.1,181,,
2026-01-21,PRVU,,192.7,186.8,187,,,96988,18314252,331,,
2026-01-21,PURE,,1152,1100,1111,,,42218,47217854.2,495,,
2026-01-21,RADHI,,836,810,815,,,344026,282509974,913,,
2026-01-21,RAWA,,735,718,733,,,3191,2311689.8,58,,
2026-01-21,RFPL,,405.9,370.5,398.8,,,396172,156105313.8,1697,,
2026-01-21,RHGCL,,292,281.1,284,,,174260,49848862.7,530,,
2026-01-21,RHPL,,284.9,271.2,279,,,48869,13626381,239,,
2026-01-21,RIDI,,240,230.3,235.5,,,146437,34478805.5,419,,
2026-01-21,RLFL,,461,440,447.8,,,61242,27608221.1,226,,
2026-01-21,RNLI,,482.8,474.5,476,,,40538,19291179.8,400,,
2026-01-21,RSDC,,664.9,645.2,655,,,40590,26531248.9,198,,
2026-01-21,RURU,,676,665,668,,,11114,7434679,102,,
2026-01-21,SAGAR,,2268.9,2171,2190,,,45786,101113463,970,,
2026-01-21,SAHAS,,571,558.3,560,,,87745,49327164.3,577,,
2026-01-21,SAIL,,1307.8,1250,1271,,,120977,154339471.7,2227,,
2026-01-21,SANIMA,,346,340,344,,,129480,44519613.3,343,,
2026-01-21,SANVI,,833,817,824.9,,,92929,76621893,933,,
2026-01-21,SARBTM,,911.8,881,882.6,,,30795,27327041.7,117,,
2026-01-21,SBI,,440,401,415.1,,,86404,35614123.2,187,,
2026-01-21,SBL,,395,387,392,,,76577,29853856.6,171,,
2026-01-21,SCB,,642,636,638,,,20013,12744320.4,115,,
2026-01-21,SGHC,,398,385.2,385.6,,,33933,13249898.6,128,,
2026-01-21,SHEL,,291.9,284.5,285.5,,,108564,31033138.9,312,,
2026-01-21,SHIVM,,636,620,620.6,,,200183,125277857.1,839,,
2026-01-21,SHL,,512,500,502,,,31970,16162396.1,122,,
2026-01-21,SHLB,,1680,1651,1651,,,788,1320811.6,16,,
2026-01-21,SHPC,,563,548,551,,,110196,61207702.5,436,,
2026-01-21,SIFC,,567.1,550,555.3,,,93094,51959483.7,354,,
2026-01-21,SIKLES,,635,618,621,,,31304,19528475.7,263,,
2026-01-21,SJCL,,296.8,288.2,289.3,,,8610,2504840.2,118,,
2026-01-21,SJLIC,,460,445.5,457,,,95391,43539379,327,,
2026-01-21,SKBBL,,795,781.2,791,,,19326,15297379.4,104,,
2026-01-21,SLBBL,,857.9,835.1,845,,,13025,11014070.9,131,,
2026-01-21,SLBSL,,1398,1350,1369,,,3577,4909502.7,58,,
2026-01-21,SMATA,,821.7,800,802,,,9092,7327922.2,116,,
2026-01-21,SMB,,1879.9,1840,1859.9,,,1545,2858192.7,42,,
2026-01-21,SMFBS,,1750,1716,1740,,,393,675917.5,10,,
2026-01-21,SMH,,745,720.7,728,,,2136,1548725.2,37,,
2026-01-21,SMHL,,574,546,554.9,,,40898,22604630.1,378,,
2026-01-21,SMJC,,505,481.2,500,,,34825,17227831.6,260,,
2026-01-21,SMPDA,,910.9,885.2,891,,,2834,2525325.4,61,,
2026-01-21,SNLI,,491,485.4,486.3,,,33197,16158779.8,390,,
2026-01-21,SONA,,448,434.7,436,,,42471,18690870.6,438,,
2026-01-21,SPC,,556,535.5,537,,,39093,21194477.1,223,,
2026-01-21,SPDL,,397.6,384.2,392,,,67168,26354760,211,,
2026-01-21,SPHL,,581,567.1,568.7,,,9615,5493443,75,,
2026-01-21,SPL,,869.5,831.5,869.5,,,4642,3964694,65,,
2026-01-21,SRLI,,413.2,406.1,406.2,,,41409,16867947,300,,
2026-01-21,SSHL,,172.5,166,169.9,,,511870,87031443.2,1545,,
2026-01-21,STC,,5678,5575,5618,,,1433,8006885,29,,
2026-01-21,SWASTIK,,3030,2945.1,2972,,,5281,15703402,182,,
2026-01-21,SWBBL,,757,747,754,,,3290,2471133.9,46,,
2026-01-21,SWMF,,713.9,694,695,,,4455,3113625.8,43,,
2026-01-21,SYPNL,,1588,1525,1555,,,151540,235428594.7,4277,,
2026-01-21,TAMOR,,463,448.2,449.1,,,21147,9594134.5,184,,
2026-01-21,TPC,,379.9,367.3,368.5,,,87635,32488214.1,305,,
2026-01-21,TRH,,780,767.4,773,,,4463,3433009.1,74,,
2026-01-21,TSHL,,819.6,787.9,810,,,9704,7800975.2,113,,
2026-01-21,TTL,,910,867.3,876.5,,,76951,67960880.7,1113,,
2026-01-21,TVCL,,394.9,385.3,387,,,9650,3756961,97,,
2026-01-21,UHEWA,,579.9,562.1,570.6,,,25390,14521400.9,196,,
2026-01-21,ULBSL,,3382.9,3350.5,3350.5,,,310,1039710.4,14,,
2026-01-21,ULHC,,468,454,468,,,27792,12865881.1,293,,
2026-01-21,UMHL,,620,600.1,619,,,476052,289735397.2,1149,,
2026-01-21,UMRH,,575,561.4,568,,,54217,30785353.6,228,,
2026-01-21,UNHPL,,478,462,465.9,,,154034,71727258.6,539,,
2026-01-21,UNL,,47090,46505.2,47090,,,55,2578752.9,10,,
2026-01-21,UNLB,,1920,1897,1902.4,,,901,1711272.5,22,,
2026-01-21,UPCL,,378.9,370.2,373.9,,,211513,79123133.6,528,,
2026-01-21,UPPER,,184.8,180,180.2,,,152385,27593042.5,551,,
2026-01-21,USHEC,,475,462,468.9,,,42516,19855641.2,137,,
2026-01-21,USHL,,865,821,822.4,,,17163,14261892.5,162,,
2026-01-21,USLB,,1600,1545.2,1549,,,8649,13506868,176,,
2026-01-21,VLBS,,790.4,770,770,,,2740,2123970.3,75,,
2026-01-21,VLUCL,,581.5,557,563,,,50866,28638141.1,291,,
2026-01-22,ACLBSL,,956.9,947,951.5,,,3238,3081005.9,62,,
2026-01-22,ADBL,,310,300.1,304,,,28495,8635838,126,,
2026-01-22,AHL,,561,536,552,,,6755,3743808.2,88,,
2026-01-22,AHPC,,268,262,267,,,90545,24011505.3,337,,
2026-01-22,AKJCL,,244.5,232.1,244,,,1694796,408256845.8,3545,,
2026-01-22,AKPL,,255,251.1,255,,,139766,35394541.8,403,,
2026-01-22,ALBSL,,1209.4,1165,1207.9,,,33812,40487304.1,322,,
2026-01-22,ALICL,,490,483.5,488,,,34582,16779321,235,,
2026-01-22,ANLB,,6110,6020,6020,,,194,1173791.6,12,,
2026-01-22,API,,300.5,292,298,,,216291,64396082.2,491,,
2026-01-22,AVYAN,,965,942,963,,,5793,5503099.8,85,,
2026-01-22,BANDIPUR,,988,895,980,,,301445,282726029.1,3557,,
2026-01-22,BARUN,,344.8,329.7,342,,,313975,106586394.4,1026,,
2026-01-22,BBC,,4932,4801,4801,,,1078,5222173,72,,
2026-01-22,BEDC,,535.9,526,528.5,,,22141,11693988.5,171,,
2026-01-22,BFC,,499,474.4,497.2,,,50215,24524852.8,375,,
2026-01-22,BGWT,,791,775,775,,,7519,5851733.4,48,,
2026-01-22,BHCL,,592,570.1,589.8,,,138314,80553128.1,1494,,
2026-01-22,BHDC,,479,466.1,479,,,43874,20723877.1,244,,
2026-01-22,BHL,,192,184.6,191.5,,,257754,48746191.4,876,,
2026-01-22,BHPL,,558,547.3,557.9,,,51535,28554342.2,318,,
2026-01-22,BNHC,,506.1,483,506.1,,,49458,24670480.3,356,,
2026-01-22,BNL,,15700,15661.2,15661.2,,,30,470225,3,,
2026-01-22,BNT,,11900,11831,11900,,,59,698750,5,,
2026-01-22,BPCL,,814.5,790,795,,,187348,149989095.3,565,,
2026-01-22,BUNGAL,,736,680.2,710,,,135587,95539160.8,1366,,
2026-01-22,CBBL,,959,937,959,,,15234,14409809.8,177,,
2026-01-22,CFCL,,575,535,570,,,102757,56620992.3,504,,
2026-01-22,CGH,,896.4,870,877.5,,,24594,21597011.8,151,,
2026-01-22,CHCL,,476.8,473.1,473.1,,,28659,13596067.3,207,,
2026-01-22,CHDC,,2450,2376.5,2435,,,34003,81748789.6,415,,
2026-01-22,CHL,,283.4,275.1,279.5,,,60951,17018675.3,274,,
2026-01-22,CIT,,1785,1770,1775,,,6255,11096949.8,164,,
2026-01-22,CITY,,492,477.1,481,,,11589,5579878.9,125,,
2026-01-22,CKHL,,677,660.4,677,,,5672,3797365,63,,
2026-01-22,CLI,,477,470,476,,,19471,9228536.8,388,,
2026-01-22,CREST,,1362,1307,1360,,,50958,68036723.8,932,,
2026-01-22,CYCL,,1575,1530,1573.9,,,7271,11412462.3,113,,
2026-01-22,CZBIL,,198.5,194.3,198,,,16514,3238822.4,101,,
2026-01-22,DDBL,,850,841.3,850,,,4282,3622446,59,,
2026-01-22,DHEL,,700,652,689.9,,,118951,80555293.7,1446,,
2026-01-22,DHPL,,306,300,305.5,,,21697,6576159.4,108,,
2026-01-22,DLBS,,1356.6,1330,1356.6,,,1115,1492292.6,34,,
2026-01-22,DOLTI,,518.7,509,514,,,4551,2336251,87,,
2026-01-22,DORDI,,293.7,285.3,289.1,,,247766,71682212,590,,
2026-01-22,EBL,,675,668,671,,,19126,12853004.6,157,,
2026-01-22,EHPL,,417.8,408,411,,,52174,21418890.7,236,,
2026-01-22,ENL,,917,901.2,917,,,3635,3312793.8,30,,
2026-01-22,FMDBL,,837,815.5,816.1,,,41537,34227347.1,262,,
2026-01-22,FOWAD,,1119.5,1094.7,1117,,,6138,6828962.6,70,,
2026-01-22,GBIME,,229.7,227.1,228,,,69966,15952999.6,323,,
2026-01-22,GBLBS,,816,786,790,,,7279,5758927.4,105,,
2026-01-22,GCIL,,435,426,435,,,27926,12011067,333,,
2026-01-22,GFCL,,724,684.5,722,,,86514,61007830.1,650,,
2026-01-22,GHL,,235.6,229,234,,,174514,40562359.2,554,,
2026-01-22,GILB,,1180,1160.1,1180,,,4296,5002406.9,47,,
2026-01-22,GLBSL,,2110,2010,2059,,,3418,6959236.3,78,,
2026-01-22,GLH,,264.9,253.5,264.9,,,54841,14296468.2,322,,
2026-01-22,GMFBS,,1510,1480,1510,,,2144,3193593.8,56,,
2026-01-22,GMFIL,,496,470.3,489.9,,,49350,23869593.7,241,,
2026-01-22,GMLI,,1778,1727,1774,,,4217,7349428.2,131,,
2026-01-22,GUFL,,644,578,606,,,138626,83250849.3,819,,
2026-01-22,GVL,,522,504,515,,,139871,71036599,487,,
2026-01-22,HATHY,,930,907,920,,,12579,11477048.3,180,,
2026-01-22,HBL,,194,191,193.8,,,57526,11059987.9,1378,,
2026-01-22,HDHPC,,194.9,185.6,194.8,,,331753,63655876,765,,
2026-01-22,HDL,,1164,1148,1152.2,,,71904,82855323.5,711,,
2026-01-22,HHL,,340,332.5,336.9,,,26303,8844318.4,169,,
2026-01-22,HIDCL,,266,262,265.3,,,110713,29226505.2,333,,
2026-01-22,HIMSTAR,,955,891,950,,,63128,58805087.5,647,,
2026-01-22,HLBSL,,922,910,915,,,845,776895,7,,
2026-01-22,HLI,,376,371,375,,,57181,21348136.9,405,,
2026-01-22,HPPL,,484,470.1,477.1,,,62608,29899311.8,235,,
2026-01-22,HRL,,899.9,873,894.9,,,145601,129082391.7,1363,,
2026-01-22,HURJA,,237.6,228.6,237.5,,,199696,46849590.1,633,,
2026-01-22,ICFC,,703,680.2,695,,,103245,71345952.4,404,,
2026-01-22,IHL,,550,538,545,,,18513,10080933.4,163,,
2026-01-22,ILBS,,1005.5,989,1001,,,9919,9869850.9,81,,
2026-01-22,ILI,,453.9,445,451,,,14404,6502444.1,314,,
2026-01-22,JBLB,,1339,1305.6,1321,,,10892,14382302.9,215,,
2026-01-22,JFL,,466,442,458,,,23206,10598788.5,227,,
2026-01-22,JHAPA,,1622,1464,1599.9,,,48436,73512519.8,616,,
2026-01-22,JOSHI,,300,285,300,,,123773,36540130,604,,
2026-01-22,JSLBB,,1188,1162.1,1188,,,570,666136.6,12,,
2026-01-22,KBL,,188,181.5,184.8,,,139385,25683703.1,407,,
2026-01-22,KBSH,,1713.6,1671,1713.6,,,315,532769,16,,
2026-01-22,KDL,,800,790,799,,,4627,3674599,96,,
2026-01-22,KKHC,,233,223.3,230.2,,,141855,32663568.9,443,,
2026-01-22,KMCDB,,964,933.1,960.2,,,9323,8797503.6,126,,
2026-01-22,KPCL,,613.5,565,586.9,,,194616,112233206.4,870,,
2026-01-22,LEC,,220.3,206.8,219.9,,,798119,171299860.9,1750,,
2026-01-22,LICN,,874.9,862,874.9,,,12287,10656564.2,109,,
2026-01-22,LLBS,,1012.7,965.4,1008,,,1675,1672004.4,29,,
2026-01-22,LSL,,223.3,217.7,219.5,,,50893,11133293.5,111,,
2026-01-22,MABEL,,767,728,756,,,45011,33534881.6,739,,
2026-01-22,MAKAR,,549.2,535.4,540,,,4091,2211997.9,63,,
2026-01-22,MANDU,,880,834,852.1,,,5425,4635018.5,81,,
2026-01-22,MATRI,,996,973.5,995,,,971,958337.8,35,,
2026-01-22,MBJC,,296.8,289,292,,,15692,4565275.4,261,,
2026-01-22,MBL,,234.6,226.4,230,,,38213,8749232.4,126,,
2026-01-22,MCHL,,428.4,420.1,422,,,10322,4370294.5,94,,
2026-01-22,MEHL,,449,436.2,449,,,25395,11246288.9,235,,
2026-01-22,MEL,,283,274,280.1,,,37359,10404981.9,284,,
2026-01-22,MEN,,608,596,605,,,89865,53989911.8,462,,
2026-01-22,MERO,,804,752,775,,,14711,11256657,107,,
2026-01-22,MFIL,,834,803.6,834,,,439358,359469015.3,972,,
2026-01-22,MHCL,,390,377.6,390,,,11097,4273730.5,133,,
2026-01-22,MHL,,549.8,532.5,540,,,60920,33040221.8,349,,
2026-01-22,MHNL,,269.9,250,268.9,,,70480,18237862.9,300,,
2026-01-22,MKCL,,1417,1392.2,1417,,,3322,4670146.5,75,,
2026-01-22,MKHC,,343.9,335,343.9,,,18063,6139732.4,183,,
2026-01-22,MKHL,,807.4,767,792,,,21515,16798510,157,,
2026-01-22,MKJC,,534,515,515.4,,,55446,28936586.8,224,,
2026-01-22,MLBBL,,1350,1332,1335,,,4502,6020530.1,67,,
2026-01-22,MLBS,,1465.8,1430,1450,,,2568,3721427.5,59,,
2026-01-22,MLBSL,,1960,1926,1959,,,1540,2991767.9,41,,
2026-01-22,MMKJL,,596,579,580.3,,,79031,45918891.5,384,,
2026-01-22,MPFL,,674,639,673.7,,,72481,48070939.8,351,,
2026-01-22,MSHL,,830,815,825,,,3682,3031057.8,42,,
2026-01-22,MSLB,,1326,1300,1326,,,1537,2008326,58,,
2026-01-22,NABIL,,498,492.3,493.1,,,63230,31254327.7,531,,
2026-01-22,NADEP,,820,805.1,820,,,4552,3710405.1,32,,
2026-01-22,NBL,,250,245.1,246.9,,,48404,11919409.5,171,,
2026-01-22,NESDO,,1591,1550,1570,,,2672,4228645,51,,
2026-01-22,NFS,,683,647,675.8,,,66136,44527424.8,453,,
2026-01-22,NGPL,,411,405.6,408,,,253707,103318778.3,571,,
2026-01-22,NHDL,,695,678.1,695,,,9663,6648039.3,77,,
2026-01-22,NHPC,,215,207.2,214.1,,,343468,72940707.8,922,,
2026-01-22,NICA,,347.9,337,341.9,,,71540,24282898.9,305,,
2026-01-22,NICLBSL,,574,565,573,,,7424,4244212.1,146,,
2026-01-22,NIFRA,,266.9,262,266,,,156183,41222660.6,754,,
2026-01-22,NIMB,,198,192.2,196,,,65476,12688771.3,255,,
2026-01-22,NLIC,,795,780,790,,,40242,31563164.5,291,,
2026-01-22,NLICL,,599.9,590.1,596,,,17586,10444595.8,84,,
2026-01-22,NLO,,259.1,259.1,259.1,,,0,0,0,,
2026-01-22,NMB,,243,240,241.5,,,31063,7482045.6,143,,
2026-01-22,NMBMF,,699.9,680,684.1,,,7053,4862337.7,72,,
2026-01-22,NMFBS,,1143.5,1115,1130,,,4149,4662590.7,67,,
2026-01-22,NMLBBL,,669.9,636,669.9,,,65392,42571185.6,221,,
2026-01-22,NRIC,,1322,1305,1314,,,42882,56148073.9,457,,
2026-01-22,NRM,,451.2,438,445,,,57377,25558438.6,349,,
2026-01-22,NRN,,1550,1524,1550,,,113847,174407652.6,537,,
2026-01-22,NTC,,867.7,856.1,860,,,12001,10323849.7,163,,
2026-01-22,NUBL,,730,716,730,,,7166,5159858.7,44,,
2026-01-22,NWCL,,874,845.5,874,,,6633,5750833.3,99,,
2026-01-22,NYADI,,405,397,402,,,8257,3296252.1,99,,
2026-01-22,OHL,,732,710.5,731.8,,,5912,4282288,40,,
2026-01-22,OMPL,,1415,1322,1401.9,,,45660,62983780,716,,
2026-01-22,PCBL,,247.8,244,245,,,57855,14204210.8,117,,
2026-01-22,PFL,,387,375,386,,,12862,4903048.6,115,,
2026-01-22,PHCL,,271,264.1,266.5,,,137598,36697454.1,468,,
2026-01-22,PMHPL,,335,327.2,333,,,38489,12776140.3,170,,
2026-01-22,PMLI,,519.8,510.1,515,,,14572,7509954.2,200,,
2026-01-22,PPCL,,371,364,368.5,,,44597,16331531.8,138,,
2026-01-22,PPL,,345.7,334.1,341,,,201143,68526017.1,573,,
2026-01-22,PROFL,,495,472.5,495,,,44817,21576202.8,262,,
2026-01-22,PRVU,,188,185.2,188,,,103997,19354825,301,,
2026-01-22,PURE,,1206,1092.1,1168,,,151872,170714095,995,,
2026-01-22,RADHI,,823,801.1,805,,,211263,170427052,758,,
2026-01-22,RAWA,,806,718.4,799,,,13718,10425076.4,236,,
2026-01-22,RFPL,,404,387,397,,,177856,70303946.8,755,,
2026-01-22,RHGCL,,288.6,278.5,284.3,,,154794,43814079.2,400,,
2026-01-22,RHPL,,282.6,276,281.1,,,34649,9685523.5,201,,
2026-01-22,RIDI,,239.7,232,237.5,,,102852,24316472.2,321,,
2026-01-22,RLFL,,461,442,452.2,,,47651,21522846.8,226,,
2026-01-22,RNLI,,477,472,475,,,33963,16128769.1,387,,
2026-01-22,RSDC,,675,650,665,,,47006,31177664,274,,
2026-01-22,RURU,,676,667,675,,,12444,8356928.5,119,,
2026-01-22,SAGAR,,2299.9,2168.2,2298,,,62021,138897515.3,1146,,
2026-01-22,SAHAS,,565.8,560.1,565.8,,,87463,49168747.1,529,,
2026-01-22,SAIL,,1398.1,1251,1398.1,,,185329,249750826.6,2950,,
2026-01-22,SANIMA,,344.5,341,341.1,,,47778,16348372.7,178,,
2026-01-22,SANVI,,875,816,863,,,220656,185718138.7,1508,,
2026-01-22,SARBTM,,890,878.2,878.6,,,40636,35905249.1,120,,
2026-01-22,SBI,,415,407.9,415,,,22387,9189204.4,72,,
2026-01-22,SBL,,399,387.2,392,,,80907,31580671.1,146,,
2026-01-22,SCB,,642.5,628,631,,,54460,34356032.7,174,,
2026-01-22,SGHC,,401,380,393,,,28406,11085592.7,185,,
2026-01-22,SHEL,,292,283.5,291,,,133049,38333653.2,414,,
2026-01-22,SHIVM,,627,615,625,,,248358,154130578.3,783,,
2026-01-22,SHL,,510,495,501.8,,,17717,8889773.6,72,,
2026-01-22,SHLB,,1679.9,1621,1679.9,,,865,1427473.4,30,,
2026-01-22,SHPC,,554,543,553.9,,,107617,58953298,413,,
2026-01-22,SIFC,,608,546,598,,,111833,63932588,429,,
2026-01-22,SIKLES,,633,617,627.8,,,46001,28873163.5,282,,
2026-01-22,SJCL,,295.9,287.2,295,,,15002,4412074.9,159,,
2026-01-22,SJLIC,,466.1,451.5,454,,,52443,23818538.4,256,,
2026-01-22,SKBBL,,800,784,793,,,11059,8729923.2,120,,
2026-01-22,SLBBL,,849,832.6,836.6,,,4459,3734476.3,83,,
2026-01-22,SLBSL,,1359,1343.1,1359,,,1055,1422997,28,,
2026-01-22,SMATA,,809,795,809,,,6496,5189669.2,108,,
2026-01-22,SMB,,1878,1851,1864,,,1019,1891248,36,,
2026-01-22,SMFBS,,1740,1672.1,1740,,,3681,6190027,24,,
2026-01-22,SMH,,739,719,728,,,1326,962798.6,38,,
2026-01-22,SMHL,,560,535,546,,,40082,21766135.4,345,,
2026-01-22,SMJC,,509.9,492.1,497,,,7308,3618051.6,129,,
2026-01-22,SMPDA,,896,881.2,891.9,,,5986,5296605.7,82,,
2026-01-22,SNLI,,486,480.3,482,,,35049,16897196.1,364,,
2026-01-22,SONA,,440.8,431.1,436,,,49348,21526680.7,383,,
2026-01-22,SPC,,568,526.3,540,,,29436,15960175.6,199,,
2026-01-22,SPDL,,399.8,389,391,,,140393,54923058.4,311,,
2026-01-22,SPHL,,578,563,574,,,15772,8959813.8,116,,
2026-01-22,SPL,,917,852.2,893.5,,,7793,6776372.2,74,,
2026-01-22,SRLI,,406.5,403.2,406.4,,,20563,8323686.5,289,,
2026-01-22,SSHL,,175.4,169,175.4,,,413685,71487098.1,1075,,
2026-01-22,STC,,5640,5580,5580,,,2564,14352001,64,,
2026-01-22,SWASTIK,,3000,2935.4,3000,,,4507,13414396.4,186,,
2026-01-22,SWBBL,,757,735,747,,,9050,6729457.9,90,,
2026-01-22,SWMF,,700,671.1,699,,,3405,2350852,61,,
2026-01-22,SYPNL,,1710.5,1540,1710.5,,,202436,329578570.7,5127,,
2026-01-22,TAMOR,,455.9,447,455.7,,,14409,6495371.9,188,,
2026-01-22,TPC,,373,365.1,366.8,,,67193,24750294.3,268,,
2026-01-22,TRH,,762,746.1,758,,,4363,3295234.5,60,,
2026-01-22,TSHL,,808.8,790,798,,,7276,5793265.9,121,,
2026-01-22,TTL,,957,866.1,942.3,,,153601,140278293,2203,,
2026-01-22,TVCL,,425.7,382,425.7,,,104831,43059496.1,430,,
2026-01-22,UHEWA,,579,572,572.5,,,21120,12146002.2,180,,
2026-01-22,ULBSL,,3397.9,3335,3373,,,1313,4405816.4,40,,
2026-01-22,ULHC,,469,459,462.5,,,8432,3891561.7,104,,
2026-01-22,UMHL,,632,612.1,631,,,283306,175795683.5,746,,
2026-01-22,UMRH,,576,563.7,576,,,37676,21528488.2,173,,
2026-01-22,UNHPL,,475,459,461.6,,,167897,77472978.9,506,,
2026-01-22,UNL,,47091,46801,47020,,,38,1781469.2,7,,
2026-01-22,UNLB,,1920,1867,1919,,,929,1761186.8,39,,
2026-01-22,UPCL,,382,373.9,377,,,190983,72066542.8,555,,
2026-01-22,UPPER,,186.2,179.5,185.1,,,225861,41294299.4,752,,
2026-01-22,USHEC,,478,462.2,471,,,27819,13072319.2,166,,
2026-01-22,USHL,,830,783,825,,,9432,7713611.5,135,,
2026-01-22,USLB,,1578,1500,1560,,,9142,13916343,201,,
2026-01-22,VLBS,,781,767,777,,,1991,1538897.6,56,,
2026-01-22,VLUCL,,572,551.8,563,,,15084,8451814.9,146,,
2026-01-25,ACLBSL,,1028,947.3,980,,,5507,5350032.2,71,,
2026-01-25,ADBL,,309.9,302,307.5,,,46807,14282934.5,245,,
2026-01-25,AHL,,570,541,565.9,,,18538,10428545.4,205,,
2026-01-25,AHPC,,279,268,279,,,220235,60481510.8,693,,
2026-01-25,AKJCL,,268.4,245,268.4,,,1668005,435933162.6,4100,,
2026-01-25,AKPL,,264.5,256.5,264,,,255297,66847453.2,794,,
2026-01-25,ALBSL,,1250,1185,1210,,,20272,24517467.4,247,,
2026-01-25,ALICL,,495,488,491.5,,,82218,40368928.7,356,,
2026-01-25,ANLB,,6139.9,6050,6050,,,245,1487491.8,14,,
2026-01-25,API,,309.5,299.5,308,,,603653,184148587.5,1517,,
2026-01-25,AVYAN,,1041,944,973,,,8737,8580945.8,150,,
2026-01-25,BANDIPUR,,1078,982,1078,,,276746,290681931.7,3835,,
2026-01-25,BARUN,,376.2,335.2,375,,,508925,182129613.9,1531,,
2026-01-25,BBC,,4890,4805,4878.3,,,661,3191698.9,45,,
2026-01-25,BEDC,,538.9,527,536,,,21079,11290718.7,238,,
2026-01-25,BFC,,522,488,513,,,102849,52911749.8,598,,
2026-01-25,BGWT,,806,768,792,,,4781,3808730.2,85,,
2026-01-25,BHCL,,618,585,596,,,222400,133744505.1,1959,,
2026-01-25,BHDC,,502,474.2,498,,,85147,41960796.5,464,,
2026-01-25,BHL,,208,187.7,207.5,,,557069,112546358.6,2136,,
2026-01-25,BHPL,,574,555.1,567.9,,,115412,65592650.4,561,,
2026-01-25,BNHC,,525,507.3,524.8,,,70069,36373572.1,328,,
2026-01-25,BNL,,15974.4,15551,15551,,,78,1223616,6,,
2026-01-25,BNT,,12100,11851.1,12025,,,433,5197318,26,,
2026-01-25,BPCL,,805.9,780,790,,,237903,189282688.4,716,,
2026-01-25,BUNGAL,,770,710,752,,,117900,88059025,1377,,
2026-01-25,CBBL,,972,955,970,,,26121,25267687.5,215,,
2026-01-25,CFCL,,583,567,577.9,,,108309,62261858.5,432,,
2026-01-25,CGH,,915,880,909.5,,,47040,42280633,339,,
2026-01-25,CHCL,,486,475,486,,,61423,29553355.2,327,,
2026-01-25,CHDC,,2475,2395,2453,,,36768,90217721.8,385,,
2026-01-25,CHL,,294,280,288.9,,,96741,27807054.3,472,,
2026-01-25,CIT,,1800,1775,1796.9,,,14842,26540156.5,303,,
2026-01-25,CITY,,502,480.2,498.3,,,25449,12501451.3,279,,
2026-01-25,CKHL,,719,664.6,716.4,,,35790,24885505,241,,
2026-01-25,CLI,,484,473.2,482,,,57147,27457966.1,581,,
2026-01-25,CREST,,1496,1333,1495,,,81679,118477911.1,1421,,
2026-01-25,CYCL,,1611,1567,1600,,,9507,15136818.1,145,,
2026-01-25,CZBIL,,203,196,203,,,106781,21342509.9,300,,
2026-01-25,DDBL,,860,841,848.3,,,9836,8368373.2,112,,
2026-01-25,DHEL,,753,689,739.9,,,130833,95101832.9,1531,,
2026-01-25,DHPL,,316,306.1,314.9,,,35811,11188008.7,151,,
2026-01-25,DLBS,,1383.5,1332,1383.5,,,2478,3382858.2,63,,
2026-01-25,DOLTI,,535.9,510,525,,,16830,8853725.8,179,,
2026-01-25,DORDI,,301,290,294,,,400516,118982863.8,1026,,
2026-01-25,EBL,,683.5,670.1,674,,,42047,28265125.4,291,,
2026-01-25,EHPL,,424,410,422,,,101184,42511369.3,444,,
2026-01-25,ENL,,993,915,992,,,6044,5765335.1,111,,
2026-01-25,FMDBL,,852,820,843.5,,,49375,41524056.8,269,,
2026-01-25,FOWAD,,1156.5,1115,1135,,,7254,8230972.8,112,,
2026-01-25,GBIME,,233.5,229,233,,,245949,56811271,655,,
2026-01-25,GBLBS,,816,790.1,808.1,,,11466,9267279.3,137,,
2026-01-25,GCIL,,450,435,443,,,42813,18965672.9,474,,
2026-01-25,GFCL,,730,700,704,,,56739,40564800,441,,
2026-01-25,GHL,,239.3,229.4,236.5,,,305734,72227024.6,623,,
2026-01-25,GILB,,1219,1180,1204.8,,,3824,4579214.5,49,,
2026-01-25,GLBSL,,2080,2003,2060,,,2112,4342613.6,65,,
2026-01-25,GLH,,272,265,271,,,77694,20938541.9,422,,
2026-01-25,GMFBS,,1565,1452,1520,,,1760,2662532.4,37,,
2026-01-25,GMFIL,,512,496.1,506.5,,,102555,51919554.8,460,,
2026-01-25,GMLI,,1935,1776,1929.9,,,8402,15542229.7,262,,
2026-01-25,GUFL,,610,590,598,,,96180,57754826.3,595,,
2026-01-25,GVL,,564,505,536,,,769160,397750505.5,1697,,
2026-01-25,HATHY,,994,914,990,,,40903,38917782.4,471,,
2026-01-25,HBL,,198.5,192,198.5,,,113192,22215096.4,2014,,
2026-01-25,HDHPC,,206,196,202,,,500550,101377272.9,1331,,
2026-01-25,HDL,,1175.2,1155,1164,,,109081,126539897.2,1085,,
2026-01-25,HHL,,348,339,344.2,,,63526,21923086.9,336,,
2026-01-25,HIDCL,,275.3,265,275,,,264830,71676189.3,774,,
2026-01-25,HIMSTAR,,1045,931,1045,,,96219,96938120.9,891,,
2026-01-25,HLBSL,,939.8,922,939.4,,,3686,3441971,29,,
2026-01-25,HLI,,384,376,383.2,,,128998,49110825.7,696,,
2026-01-25,HPPL,,492,480,485,,,142491,69373278.9,452,,
2026-01-25,HRL,,920,899,909.9,,,295352,268718651.7,2212,,
2026-01-25,HURJA,,247.7,239,246,,,212365,51798135.3,685,,
2026-01-25,ICFC,,714,697,702.9,,,126730,89211142.7,535,,
2026-01-25,IHL,,568,540,562,,,28072,15545764.2,253,,
2026-01-25,ILBS,,1019,1000.2,1007,,,11061,11100195.7,96,,
2026-01-25,ILI,,460.9,451,458.4,,,29917,13696843.4,586,,
2026-01-25,JBLB,,1350,1322.1,1349.4,,,9893,13224926.8,202,,
2026-01-25,JFL,,489,460,472,,,67040,32031189.7,439,,
2026-01-25,JHAPA,,1749,1590,1680,,,26056,43558848.7,587,,
2026-01-25,JOSHI,,320,295,313,,,147817,46021518.7,749,,
2026-01-25,JSLBB,,1208,1181.3,1208,,,1920,2297026,31,,
2026-01-25,KBL,,196,186,195,,,515634,98598730.9,1069,,
2026-01-25,KBSH,,1743,1700,1720,,,212,366128,12,,
2026-01-25,KDL,,824,790.2,820,,,10710,8705388.7,197,,
2026-01-25,KKHC,,240.6,225.9,239,,,159183,37717056.9,586,,
2026-01-25,KMCDB,,970,950,960.1,,,7785,7488007.4,102,,
2026-01-25,KPCL,,633.4,565,575,,,222018,128106342.7,720,,
2026-01-25,LEC,,227.6,220,226.5,,,438489,98600683.4,1215,,
2026-01-25,LICN,,897.8,871,888,,,30118,26659764.4,221,,
2026-01-25,LLBS,,1048,988,1048,,,1490,1535287.3,46,,
2026-01-25,LSL,,223.9,218,223,,,102628,22757473.2,273,,
2026-01-25,MABEL,,831.6,758,831.6,,,92708,74617262.2,1191,,
2026-01-25,MAKAR,,555,535.1,548,,,5158,2816300,86,,
2026-01-25,MANDU,,862,843,858,,,3105,2640387,79,,
2026-01-25,MATRI,,1015,976,1015,,,4893,4928877.9,77,,
2026-01-25,MBJC,,303,286.1,295,,,200395,59155112.4,715,,
2026-01-25,MBL,,242.3,230.5,242,,,348710,81655788.2,482,,
2026-01-25,MCHL,,450,420.7,449.8,,,30530,13438053.9,275,,
2026-01-25,MEHL,,460,441,455,,,41698,19006368.6,325,,
2026-01-25,MEL,,300,275,289.5,,,42523,12232014.6,412,,
2026-01-25,MEN,,613.8,598.1,612,,,127680,77279478.7,443,,
2026-01-25,MERO,,805,764,805,,,24669,19383779.2,156,,
2026-01-25,MFIL,,850,820,839,,,201171,169078545.5,601,,
2026-01-25,MHCL,,404,390,402,,,33908,13513589.6,261,,
2026-01-25,MHL,,550,534,536,,,51308,27709330.3,330,,
2026-01-25,MHNL,,269,264,269,,,35548,9483907.1,181,,
2026-01-25,MKCL,,1502.4,1415,1480,,,16067,23503859,268,,
2026-01-25,MKHC,,350,343.5,350,,,38547,13407318.4,263,,
2026-01-25,MKHL,,820,780,819.9,,,25808,20857598.1,202,,
2026-01-25,MKJC,,530,520,520,,,98205,51533663.9,326,,
2026-01-25,MLBBL,,1398,1350,1390,,,7389,10171315,74,,
2026-01-25,MLBS,,1509,1450,1470,,,4501,6672162.2,83,,
2026-01-25,MLBSL,,2020,1960.1,1978.1,,,2652,5286694,75,,
2026-01-25,MMKJL,,593,577,593,,,72746,42317927.5,370,,
2026-01-25,MPFL,,686,661.1,680,,,40611,27506002.4,200,,
2026-01-25,MSHL,,850,821,840,,,2880,2415776.1,44,,
2026-01-25,MSLB,,1350,1315.1,1331.2,,,4123,5503760.8,77,,
2026-01-25,NABIL,,499,492,497.2,,,104063,51522824.2,718,,
2026-01-25,NADEP,,844.9,826,844.9,,,3129,2602475.7,54,,
2026-01-25,NBL,,253.8,246,251.9,,,94796,23685588.8,404,,
2026-01-25,NESDO,,1600,1540.1,1600,,,2757,4363153.3,85,,
2026-01-25,NFS,,696,662.3,680.3,,,53434,36762298.3,388,,
2026-01-25,NGPL,,418,400,415,,,518749,214686365.5,1130,,
2026-01-25,NHDL,,704.9,687,693,,,19932,13858456.9,134,,
2026-01-25,NHPC,,223.1,213,220.9,,,379609,83177070,871,,
2026-01-25,NICA,,355,340,351.2,,,164488,57106724.3,581,,
2026-01-25,NICLBSL,,596,575,595,,,24443,14313601.5,327,,
2026-01-25,NIFRA,,274.9,265,274,,,325511,88830279.2,1284,,
2026-01-25,NIMB,,201,195.1,200.9,,,213039,42270891,628,,
2026-01-25,NLIC,,804.9,785,802,,,82388,65767926,424,,
2026-01-25,NLICL,,607.9,584.1,604,,,26237,15820869.7,216,,
2026-01-25,NLO,,259.1,259.1,259.1,,,0,0,0,,
2026-01-25,NMB,,246.7,240,246.4,,,56349,13701367.3,257,,
2026-01-25,NMBMF,,714,688,704,,,8696,6071145.5,74,,
2026-01-25,NMFBS,,1145,1120,1135,,,6548,7439845.7,84,,
2026-01-25,NMLBBL,,683,660,675,,,20071,13506209.8,133,,
2026-01-25,NRIC,,1346,1303,1329,,,76666,101757301,632,,
2026-01-25,NRM,,462.7,436.5,458,,,74678,33969859.6,471,,
2026-01-25,NRN,,1626,1550,1605,,,161484,256897016.3,840,,
2026-01-25,NTC,,874,860,868.7,,,37318,32356768.1,294,,
2026-01-25,NUBL,,744.6,731,740,,,13542,10023532.5,79,,
2026-01-25,NWCL,,961.4,874.1,960,,,27347,25591494,345,,
2026-01-25,NYADI,,425,403,424.9,,,32395,13363837.7,276,,
2026-01-25,OHL,,744,720,739.8,,,7093,5233166.9,73,,
2026-01-25,OMPL,,1537.6,1405,1500,,,77349,115558752.1,1197,,
2026-01-25,PCBL,,248.9,243.1,246.2,,,363868,88967934.9,293,,
2026-01-25,PFL,,405,381.1,400,,,78677,31112031.3,402,,
2026-01-25,PHCL,,293.1,266.5,289.6,,,532218,150481041.9,1877,,
2026-01-25,PMHPL,,342,332.1,342,,,59101,20066259,220,,
2026-01-25,PMLI,,535,511,533,,,65867,34675165.1,452,,
2026-01-25,PPCL,,374,365,367.9,,,46621,17142241,207,,
2026-01-25,PPL,,350,337,348,,,201939,69764767.4,715,,
2026-01-25,PROFL,,522,500,510,,,112417,57628787.9,527,,
2026-01-25,PRVU,,196.3,188,195.9,,,258029,49896456.1,787,,
2026-01-25,PURE,,1224,1144.7,1182,,,103401,122259989.9,934,,
2026-01-25,RADHI,,820,804.1,811,,,317426,257699788,935,,
2026-01-25,RAWA,,830,753.1,801.9,,,7435,5895123.3,124,,
2026-01-25,RFPL,,404.5,387,397.9,,,215390,85605010.1,805,,
2026-01-25,RHGCL,,299,287.5,290.1,,,311327,91397300.8,742,,
2026-01-25,RHPL,,292,280,291,,,82032,23680702.9,426,,
2026-01-25,RIDI,,248,237,245,,,242110,59207435.5,629,,
2026-01-25,RLFL,,497.4,461.2,497.4,,,161415,79409937.8,846,,
2026-01-25,RNLI,,485.1,465.6,483,,,42615,20450022.6,612,,
2026-01-25,RSDC,,700.7,666,689,,,47011,32315306.3,322,,
2026-01-25,RURU,,687,675,683,,,13941,9508744.1,148,,
2026-01-25,SAGAR,,2439,2280,2360,,,76416,182604351.5,1128,,
2026-01-25,SAHAS,,581.4,565,579.9,,,127114,73430210,782,,
2026-01-25,SAIL,,1537.9,1416,1537.9,,,155279,235254478.9,2193,,
2026-01-25,SANIMA,,346,336,343.9,,,68083,23253545.9,275,,
2026-01-25,SANVI,,924.9,861.2,888,,,216421,193651038.7,1730,,
2026-01-25,SARBTM,,904,884,904,,,64106,57710390.2,297,,
2026-01-25,SBI,,417.8,408.1,415,,,40887,16907598.6,143,,
2026-01-25,SBL,,396,388.4,396,,,110791,43447344,242,,
2026-01-25,SCB,,642,631.5,637.2,,,17448,11106823.2,151,,
2026-01-25,SGHC,,415,395,413,,,109144,44496881.5,488,,
2026-01-25,SHEL,,299,291,295,,,213714,63151817,567,,
2026-01-25,SHIVM,,648,626,643,,,500453,320060025.1,1846,,
2026-01-25,SHL,,515.2,495,508.5,,,40572,20664383,157,,
2026-01-25,SHLB,,1710,1626.1,1683.3,,,983,1650300.4,34,,
2026-01-25,SHPC,,560,550,557.6,,,187413,104225788.1,609,,
2026-01-25,SIFC,,605,586,600,,,112934,67068153,452,,
2026-01-25,SIKLES,,648,620,640,,,88915,56967303.2,337,,
2026-01-25,SJCL,,303,296.1,299.3,,,36052,10808755.3,261,,
2026-01-25,SJLIC,,463,455.1,456.6,,,74967,34267437.6,385,,
2026-01-25,SKBBL,,804,790,796,,,17265,13718508.5,163,,
2026-01-25,SLBBL,,857.8,833,854,,,23616,20059622.6,156,,
2026-01-25,SLBSL,,1450,1305.4,1450,,,4673,6510801.2,124,,
2026-01-25,SMATA,,832,809.2,826.3,,,15244,12505426.9,171,,
2026-01-25,SMB,,1914,1835,1914,,,3144,5949112,42,,
2026-01-25,SMFBS,,1742.9,1690,1742.9,,,1893,3218000,22,,
2026-01-25,SMH,,732,718.9,725,,,3316,2405085.1,79,,
2026-01-25,SMHL,,581,532,565,,,61125,33109149.2,527,,
2026-01-25,SMJC,,505.8,490.3,504,,,22128,11079380.6,287,,
2026-01-25,SMPDA,,907,889,907,,,9357,8444254.3,121,,
2026-01-25,SNLI,,491.5,480.2,491.3,,,48593,23565984.2,633,,
2026-01-25,SONA,,454,436,449,,,138539,62181933.5,922,,
2026-01-25,SPC,,560,530,540.9,,,74004,39971131.5,390,,
2026-01-25,SPDL,,405,396,399,,,148075,59218110.8,450,,
2026-01-25,SPHL,,587.9,571.2,581,,,23193,13439743.7,164,,
2026-01-25,SPL,,929,840.5,890,,,7020,6155035.3,110,,
2026-01-25,SRLI,,410.1,403.1,409.7,,,49708,20263283.2,495,,
2026-01-25,SSHL,,190.8,176,190.5,,,646926,120934812,2154,,
2026-01-25,STC,,5680,5580.1,5610,,,2753,15475115.2,79,,
2026-01-25,SWASTIK,,3299.9,3000,3270.1,,,9114,28686968.7,402,,
2026-01-25,SWBBL,,761,747,761,,,15511,11727510.6,113,,
2026-01-25,SWMF,,722,697,719,,,8796,6242750.9,102,,
2026-01-25,SYPNL,,1881.5,1744.7,1881.5,,,128089,237396362.7,2878,,
2026-01-25,TAMOR,,461,451.5,459.8,,,45903,20940125.9,311,,
2026-01-25,TPC,,389,366.8,379,,,266115,99901265.6,708,,
2026-01-25,TRH,,778,760,760.1,,,4420,3394820.6,63,,
2026-01-25,TSHL,,823.9,783.1,800.5,,,16577,13311013.4,205,,
2026-01-25,TTL,,1025,942.3,1016,,,207697,208083695.5,2996,,
2026-01-25,TVCL,,468.2,434,468.2,,,122273,56446325.5,635,,
2026-01-25,UHEWA,,594,575.1,583.1,,,32652,19115249.5,242,,
2026-01-25,ULBSL,,3400,3351,3360,,,673,2266687.6,44,,
2026-01-25,ULHC,,474.9,457,472,,,19758,9277529.2,180,,
2026-01-25,UMHL,,648,622.2,648,,,477867,301479808.4,950,,
2026-01-25,UMRH,,596,578,584,,,55072,32066062.8,237,,
2026-01-25,UNHPL,,470.8,455.8,460.1,,,214416,99229529.3,662,,
2026-01-25,UNL,,47501,47500,47500,,,76,3610299,8,,
2026-01-25,UNLB,,1957,1920,1957,,,1085,2095524,42,,
2026-01-25,UPCL,,386,378.1,379.2,,,294594,112676046.4,718,,
2026-01-25,UPPER,,195,186,194.4,,,390453,74833286.4,1461,,
2026-01-25,USHEC,,485,467,478,,,160167,76152974,443,,
2026-01-25,USHL,,840,808,820,,,13821,11295514.3,150,,
2026-01-25,USLB,,1589.9,1499.5,1569.5,,,14889,23081806.4,218,,
2026-01-25,VLBS,,792,765,791.9,,,9286,7244505,159,,
2026-01-25,VLUCL,,580,565,580,,,18537,10600080.2,204,,
2026-01-26,ACLBSL,,980,967.3,980,,,849,828374.3,37,,
2026-01-26,ADBL,,310,305.7,307,,,67671,20831850.6,257,,
2026-01-26,AHL,,565,555,563,,,11459,6445367.3,109,,
2026-01-26,AHPC,,282,273,273.6,,,184642,51039172.3,659,,
2026-01-26,AKJCL,,291,269,282.2,,,2013923,561638267,4656,,
2026-01-26,AKPL,,274,259,272.9,,,895590,238408105.1,1665,,
2026-01-26,ALBSL,,1212,1185,1209,,,31527,37610999.6,233,,
2026-01-26,ALICL,,492,483,488.4,,,65001,31732330,378,,
2026-01-26,ANLB,,6100,6010,6100,,,323,1962014.8,31,,
2026-01-26,API,,312,300,306.8,,,604511,184560613.6,1444,,
2026-01-26,AVYAN,,1015,960.4,990,,,12601,12349937.6,139,,
2026-01-26,BANDIPUR,,1180,1081,1165,,,357245,405545293.7,5145,,
2026-01-26,BARUN,,385,365,377,,,539022,201896593.4,1904,,
2026-01-26,BBC,,4965,4816,4878,,,492,2391261,39,,
2026-01-26,BEDC,,550.4,537,546,,,32125,17475418.4,312,,
2026-01-26,BFC,,518,495.1,505,,,70801,35619625.4,481,,
2026-01-26,BGWT,,804,780.2,783,,,3081,2422616.3,77,,
2026-01-26,BHCL,,644.9,581.2,640,,,288807,175453943.1,2179,,
2026-01-26,BHDC,,505,486.1,492.4,,,97827,48165899.6,456,,
2026-01-26,BHL,,213,200.3,206,,,604579,124753779.5,2175,,
2026-01-26,BHPL,,579.2,557,578.3,,,124690,71220280.8,616,,
2026-01-26,BNHC,,528,515.1,528,,,64914,33843379.1,325,,
2026-01-26,BNL,,15862,15862,15862,,,10,158620,1,,
2026-01-26,BNT,,12248.9,11810,11810,,,70,833109,6,,
2026-01-26,BPCL,,800,774.2,776,,,224746,175709979,701,,
2026-01-26,BUNGAL,,803,714,780,,,215586,160115318.3,1975,,
2026-01-26,CBBL,,976.8,951,960,,,103242,99092388.1,312,,
2026-01-26,CFCL,,595,561,572.1,,,132013,76156210.9,497,,
2026-01-26,CGH,,920,891.1,897.9,,,52333,47027740,232,,
2026-01-26,CHCL,,490,480,483.9,,,59858,28925023.9,347,,
2026-01-26,CHDC,,2545,2466.1,2521,,,109837,274303934.4,821,,
2026-01-26,CHL,,294.6,282.1,286,,,119421,34304006.6,411,,
2026-01-26,CIT,,1818.1,1780,1789,,,16632,29851106,287,,
2026-01-26,CITY,,500,487,493.3,,,17860,8833794.3,216,,
2026-01-26,CKHL,,734.8,695.1,732.5,,,20151,14427351.4,228,,
2026-01-26,CLI,,493,480.2,486,,,62452,30372701.4,591,,
2026-01-26,CREST,,1520,1440,1490,,,81257,120567331.8,1289,,
2026-01-26,CYCL,,1599,1577.1,1580,,,3152,4979127.8,69,,
2026-01-26,CZBIL,,205,200,200,,,48878,9874125.1,227,,
2026-01-26,DDBL,,865,841.2,845,,,9989,8477267.2,95,,
2026-01-26,DHEL,,813.8,717,785,,,169437,127422478,1936,,
2026-01-26,DHPL,,321,308.7,313.4,,,20867,6525403.5,143,,
2026-01-26,DLBS,,1409,1371.3,1395,,,1244,1721942.4,47,,
2026-01-26,DOLTI,,565,525,555,,,51077,27997876.6,472,,
2026-01-26,DORDI,,298,289.2,292.6,,,302877,88350418.6,728,,
2026-01-26,EBL,,677.6,671.2,677.3,,,44613,30119185.7,264,,
2026-01-26,EHPL,,430,419,427,,,129822,55060496.7,592,,
2026-01-26,ENL,,990,952.8,979,,,5301,5126185.3,88,,
2026-01-26,FMDBL,,860.3,830,840,,,65782,55519062.6,359,,
2026-01-26,FOWAD,,1180,1115,1122,,,4265,4822204.7,79,,
2026-01-26,GBIME,,238,231.3,232.9,,,192953,45143155.5,663,,
2026-01-26,GBLBS,,816,799,799,,,13754,11074507,165,,
2026-01-26,GCIL,,448.6,436,440,,,50937,22474133.4,423,,
2026-01-26,GFCL,,709.5,685,695.8,,,81674,56871199.8,556,,
2026-01-26,GHL,,238.2,227.1,230.1,,,286891,66926015.5,622,,
2026-01-26,GILB,,1224,1190,1197,,,2632,3147828.5,34,,
2026-01-26,GLBSL,,2099,2025,2025,,,2893,5981457.4,62,,
2026-01-26,GLH,,271,262,268,,,78864,20997380.5,367,,
2026-01-26,GMFBS,,1528.9,1490,1513,,,2627,3935143.1,45,,
2026-01-26,GMFIL,,508,490,492.4,,,59115,29288453.7,321,,
2026-01-26,GMLI,,1949,1886.5,1919,,,9404,17979493.9,262,,
2026-01-26,GUFL,,602.8,575,591,,,80983,47659204,553,,
2026-01-26,GVL,,538,519,530,,,163280,85513387.7,777,,
2026-01-26,HATHY,,1008,962,976,,,42501,41593295.2,502,,
2026-01-26,HBL,,202.3,195.5,198,,,177144,35156450.1,2284,,
2026-01-26,HDHPC,,206,196,200,,,657766,132119331.8,1070,,
2026-01-26,HDL,,1180,1162,1169,,,119682,139974975.2,1131,,
2026-01-26,HHL,,352,341.1,349.8,,,85862,29788395.4,386,,
2026-01-26,HIDCL,,279,266,270,,,291578,79245786.2,688,,
2026-01-26,HIMSTAR,,1149.5,1045,1149.5,,,82463,93441378.5,827,,
2026-01-26,HLBSL,,943,926.2,938.9,,,4832,4533036.1,48,,
2026-01-26,HLI,,385,378,381,,,97084,36979214.8,679,,
2026-01-26,HPPL,,523,460.1,505,,,1378983,659330960.8,2056,,
2026-01-26,HRL,,928,891.9,896.1,,,240244,216982608.2,2038,,
2026-01-26,HURJA,,247.5,239,242.9,,,255299,61744346,670,,
2026-01-26,ICFC,,707,685,700,,,74157,51484998.8,423,,
2026-01-26,IHL,,573.2,555,558,,,29472,16543832.1,225,,
2026-01-26,ILBS,,1018,990,1015,,,14800,14845147.4,122,,
2026-01-26,ILI,,461.8,453.2,457.7,,,29993,13713128,456,,
2026-01-26,JBLB,,1370,1330.2,1343,,,11152,14938592.2,232,,
2026-01-26,JFL,,475,456.2,469.2,,,39792,18485346,267,,
2026-01-26,JHAPA,,1705,1600,1648,,,35321,58276039.1,623,,
2026-01-26,JOSHI,,316.7,300.1,305,,,143099,43783060.3,682,,
2026-01-26,JSLBB,,1208,1161,1205,,,1489,1764996.9,40,,
2026-01-26,KBL,,198.1,190,194.4,,,383435,74101206.3,914,,
2026-01-26,KBSH,,1720,1686.1,1720,,,943,1606484.7,31,,
2026-01-26,KDL,,830,805.6,817,,,10505,8630669.4,163,,
2026-01-26,KKHC,,245,231.1,236.6,,,140361,33313387.7,533,,
2026-01-26,KMCDB,,971.9,948,960,,,8047,7714175.1,87,,
2026-01-26,KPCL,,621,558,558,,,152959,86910724.6,574,,
2026-01-26,LEC,,231,217,222,,,365931,81048393.6,984,,
2026-01-26,LICN,,900,875,877.6,,,42388,37591945.1,252,,
2026-01-26,LLBS,,1068,1005.3,1030,,,2037,2068639.4,29,,
2026-01-26,LSL,,225,220,220.6,,,104028,23014360.6,212,,
2026-01-26,MABEL,,897,821.3,880,,,108598,92651353.8,1376,,
2026-01-26,MAKAR,,574.2,541.2,568,,,21567,12006050.7,207,,
2026-01-26,MANDU,,860,835,836,,,5083,4285550.1,96,,
2026-01-26,MATRI,,1028,1002.6,1015,,,1856,1881411.7,69,,
2026-01-26,MBJC,,298,282,288,,,315635,90833940.9,891,,
2026-01-26,MBL,,246.8,236.1,237,,,105883,25207845.8,285,,
2026-01-26,MCHL,,449,437,442,,,10668,4707325.1,125,,
2026-01-26,MEHL,,457,442,454,,,50209,22590333.8,320,,
2026-01-26,MEL,,305,282.6,290,,,47589,13701481.5,417,,
2026-01-26,MEN,,610,599.1,599.5,,,104112,62759381.1,492,,
2026-01-26,MERO,,821.1,780,795,,,11820,9314573.2,111,,
2026-01-26,MFIL,,866.9,822.3,860,,,616598,523271735.4,1305,,
2026-01-26,MHCL,,406,394.1,398.9,,,33189,13229837.1,183,,
2026-01-26,MHL,,545,517,525,,,87725,46124901.1,441,,
2026-01-26,MHNL,,295.9,260.1,295.9,,,198740,56059157.4,553,,
2026-01-26,MKCL,,1500,1451.1,1480,,,9388,13830265.8,159,,
2026-01-26,MKHC,,357,340.1,347,,,21202,7373233,221,,
2026-01-26,MKHL,,836,788.6,819,,,43955,35813164,216,,
2026-01-26,MKJC,,551,520,544,,,89146,47466649.8,429,,
2026-01-26,MLBBL,,1425,1376,1425,,,6460,9027429.4,95,,
2026-01-26,MLBS,,1500,1460,1460,,,1936,2861304,55,,
2026-01-26,MLBSL,,2016.9,1960,1996.6,,,1780,3525180.6,55,,
2026-01-26,MMKJL,,596,583,595,,,37860,22303991.9,267,,
2026-01-26,MPFL,,680,667,675.8,,,49791,33447636.7,255,,
2026-01-26,MSHL,,840,825,833,,,1295,1074022,24,,
2026-01-26,MSLB,,1406,1336.3,1370,,,8304,11383780,110,,
2026-01-26,NABIL,,504,496,497,,,109372,54595184.2,745,,
2026-01-26,NADEP,,850,825,850,,,3882,3239663,49,,
2026-01-26,NBL,,255,246.9,252.5,,,77835,19542485.2,305,,
2026-01-26,NESDO,,1625,1568,1580,,,2053,3240191.8,73,,
2026-01-26,NFS,,693,661.5,676,,,44522,29981428.4,339,,
2026-01-26,NGPL,,423.9,410.1,421,,,783015,327110632,1545,,
2026-01-26,NHDL,,705.9,678,678,,,20807,14243081.1,158,,
2026-01-26,NHPC,,224.8,212,214,,,333794,72616084.3,848,,
2026-01-26,NICA,,365,347.7,356,,,250861,88805399.9,679,,
2026-01-26,NICLBSL,,603,588,593.9,,,28890,17184886.5,321,,
2026-01-26,NIFRA,,277,269,271,,,252322,68545408.9,1154,,
2026-01-26,NIMB,,204.8,198,199,,,163831,32825457.5,484,,
2026-01-26,NLIC,,809,792,796,,,67178,53645960.9,465,,
2026-01-26,NLICL,,604,595,599.9,,,21820,13090160.7,148,,
2026-01-26,NLO,,259.1,259.1,259.1,,,0,0,0,,
2026-01-26,NMB,,247.9,242.7,244,,,45281,11093505.4,200,,
2026-01-26,NMBMF,,718,691,692.1,,,7023,4928244.8,91,,
2026-01-26,NMFBS,,1150,1135.2,1136.1,,,6885,7867223.8,88,,
2026-01-26,NMLBBL,,677,665,665,,,18273,12211003.3,136,,
2026-01-26,NRIC,,1348,1305,1312,,,62396,82440323.7,543,,
2026-01-26,NRM,,463,444,452.9,,,65749,29729954.9,469,,
2026-01-26,NRN,,1657,1611,1625,,,213131,347410445,1185,,
2026-01-26,NTC,,879.8,860,869,,,18503,16065357.4,250,,
2026-01-26,NUBL,,740.6,726,728,,,16871,12318717,78,,
2026-01-26,NWCL,,1039.2,940,1020,,,80780,79424498.3,706,,
2026-01-26,NYADI,,425,409,418,,,26472,11014677.5,225,,
2026-01-26,OHL,,745,716,733,,,13657,9917785.8,119,,
2026-01-26,OMPL,,1550.4,1441,1545,,,87220,130790367.9,1163,,
2026-01-26,PCBL,,251.2,244.7,247,,,63219,15636605,229,,
2026-01-26,PFL,,403.9,387.1,394,,,31703,12425821.4,211,,
2026-01-26,PHCL,,297,284,289,,,345166,99880048.5,1302,,
2026-01-26,PMHPL,,342,330.1,335.9,,,65526,21974676.5,224,,
2026-01-26,PMLI,,536,519,533,,,52514,27876709.5,373,,
2026-01-26,PPCL,,377,365,375,,,97946,36126347.1,323,,
2026-01-26,PPL,,354.9,341.1,349,,,328319,114117283.6,875,,
2026-01-26,PROFL,,510.1,492,498.9,,,67304,33628737.9,335,,
2026-01-26,PRVU,,199.8,192,193,,,188844,36746295.9,614,,
2026-01-26,PURE,,1244.9,1134,1220,,,140284,166447474.9,1206,,
2026-01-26,RADHI,,824.3,805.1,810,,,361837,294696283,927,,
2026-01-26,RAWA,,833,770,792,,,11839,9288888.7,128,,
2026-01-26,RFPL,,412,392.2,408.9,,,322935,129231564.1,1183,,
2026-01-26,RHGCL,,299.5,287.1,292.9,,,301107,88073469.5,731,,
2026-01-26,RHPL,,294,283.6,289.9,,,74347,21490413.7,335,,
2026-01-26,RIDI,,246,239,244,,,200443,48588126.2,494,,
2026-01-26,RLFL,,507,478,487.3,,,110082,53403299.3,579,,
2026-01-26,RNLI,,485,475.1,481,,,52313,25051788.2,528,,
2026-01-26,RSDC,,695,665.2,676,,,40007,27077458.8,254,,
2026-01-26,RURU,,689.9,673,682,,,27394,18636306.8,185,,
2026-01-26,SAGAR,,2395,2286,2354,,,77305,180652816.9,1223,,
2026-01-26,SAHAS,,584.9,574,574.9,,,168958,97605621.8,733,,
2026-01-26,SAIL,,1690,1476.9,1555,,,231776,365785732.5,3943,,
2026-01-26,SANIMA,,350.5,342,346,,,123594,42913847.8,343,,
2026-01-26,SANVI,,976.8,870.5,976.8,,,374180,347699530.4,2729,,
2026-01-26,SARBTM,,905.9,887.5,890,,,26267,23525313.4,169,,
2026-01-26,SBI,,418,411,417.9,,,82589,34303961.5,141,,
2026-01-26,SBL,,405.9,396,398,,,119138,47500046.2,358,,
2026-01-26,SCB,,640,632.1,635,,,24899,15861576.6,164,,
2026-01-26,SGHC,,451,411.6,440.1,,,262575,113442232.4,1123,,
2026-01-26,SHEL,,300,290.1,292,,,188914,55392441.7,570,,
2026-01-26,SHIVM,,650,630.1,632.1,,,370914,236141506.3,1475,,
2026-01-26,SHL,,514.4,498.5,513,,,33023,16844456.1,137,,
2026-01-26,SHLB,,1715,1661,1693,,,929,1561974.5,27,,
2026-01-26,SHPC,,564.1,548,558,,,253479,140773495,727,,
2026-01-26,SIFC,,616,580.2,616,,,194914,116250043.8,528,,
2026-01-26,SIKLES,,644,630,630.5,,,59007,37523036.3,352,,
2026-01-26,SJCL,,302.8,294.1,296.5,,,24357,7248481.3,189,,
2026-01-26,SJLIC,,466,457,457.5,,,161364,74474473.4,515,,
2026-01-26,SKBBL,,800,792,792,,,11596,9216006,149,,
2026-01-26,SLBBL,,865,848.1,852,,,12931,11030426.4,129,,
2026-01-26,SLBSL,,1465,1395,1425,,,4480,6352387.2,94,,
2026-01-26,SMATA,,839,810,821,,,23743,19605666.2,253,,
2026-01-26,SMB,,1949,1900.1,1940,,,1012,1940466.6,44,,
2026-01-26,SMFBS,,1725,1679,1714,,,1737,2937865,24,,
2026-01-26,SMH,,725,720,722,,,2754,1989129.6,50,,
2026-01-26,SMHL,,570,542,553,,,32851,18097577.4,294,,
2026-01-26,SMJC,,507,494,500,,,17518,8727449.5,204,,
2026-01-26,SMPDA,,922,901,922,,,13169,12019295.5,171,,
2026-01-26,SNLI,,495,484,487,,,46102,22429482.7,580,,
2026-01-26,SONA,,458.8,445,445.5,,,115995,52234228.1,842,,
2026-01-26,SPC,,544,525,533,,,55973,29757028.7,432,,
2026-01-26,SPDL,,436,395,423,,,474705,198711552.2,1283,,
2026-01-26,SPHL,,586,572,575,,,18157,10468844.7,127,,
2026-01-26,SPL,,961,855,918,,,11111,9803957.8,115,,
2026-01-26,SRLI,,414.9,403.6,405,,,45204,18348642.8,431,,
2026-01-26,SSHL,,194.3,181.6,185.6,,,735020,137606189.4,1921,,
2026-01-26,STC,,5699,5586,5600,,,1952,10975835.1,59,,
2026-01-26,SWASTIK,,3300,3160,3180,,,9085,29359732,406,,
2026-01-26,SWBBL,,775,761,770,,,10800,8292762,122,,
2026-01-26,SWMF,,721.2,706,708,,,9798,6967356.5,75,,
2026-01-26,SYPNL,,2069.6,1881.5,2069.6,,,251200,501708813.6,6283,,
2026-01-26,TAMOR,,475,452.3,463.8,,,85376,39404620.6,360,,
2026-01-26,TPC,,384,370.1,372,,,115825,43313192,369,,
2026-01-26,TRH,,774,754,758,,,5480,4176140.7,73,,
2026-01-26,TSHL,,846,784.5,839.9,,,51194,42454438.1,420,,
2026-01-26,TTL,,1115,980,1110,,,277486,289789950.1,3671,,
2026-01-26,TVCL,,515,464.1,510,,,135169,66542375.4,991,,
2026-01-26,UHEWA,,594,577.2,580,,,22877,13282392.4,176,,
2026-01-26,ULBSL,,3399.9,3322.3,3336.1,,,1050,3515441.7,44,,
2026-01-26,ULHC,,476.7,466,476,,,17220,8122538,192,,
2026-01-26,UMHL,,679,648,666.8,,,398255,262192647.6,1191,,
2026-01-26,UMRH,,586,570,575,,,55256,31866538,279,,
2026-01-26,UNHPL,,476,450.9,469.2,,,296037,139203634.7,711,,
2026-01-26,UNL,,47500,46900.1,46900.2,,,135,6348460.2,18,,
2026-01-26,UNLB,,1977,1920,1959,,,626,1219477,25,,
2026-01-26,UPCL,,386.7,375.4,383,,,291373,110974855,760,,
2026-01-26,UPPER,,198,189,193,,,301541,57835009.6,1186,,
2026-01-26,USHEC,,490,475.1,485,,,84630,40829809.4,436,,
2026-01-26,USHL,,865,810,840,,,30052,24863099.9,237,,
2026-01-26,USLB,,1550,1505.3,1530,,,16995,25865520.2,318,,
2026-01-26,VLBS,,807,773,785,,,5125,4039554.5,132,,
2026-01-26,VLUCL,,604.1,575,598.8,,,40186,23622573.6,328,,
2026-01-27,ACLBSL,,981,955,955,,,4030,3889483.3,72,,
2026-01-27,ADBL,,312,303.2,304.5,,,56138,17275314.9,216,,
2026-01-27,AHL,,574,560,561,,,12492,7099460.3,124,,
2026-01-27,AHPC,,280,265.6,269,,,275716,75446481.8,778,,
2026-01-27,AKJCL,,300,277,277,,,1780888,514367844.9,3905,,
2026-01-27,AKPL,,279.5,265,269,,,773282,210855216.6,1437,,
2026-01-27,ALBSL,,1209,1173,1189,,,8729,10352879.4,121,,
2026-01-27,ALICL,,489.9,479.5,480.2,,,58492,28278113.1,399,,
2026-01-27,ANLB,,6160,6000,6129.9,,,299,1810247,27,,
2026-01-27,API,,308.9,297.4,297.5,,,423362,128095043.4,1018,,
2026-01-27,AVYAN,,1009.8,956,972,,,9812,9583803.4,128,,
2026-01-27,BANDIPUR,,1233,1110,1115,,,317966,373137253,4752,,
2026-01-27,BARUN,,380,362.1,362.1,,,329126,120869002.9,1135,,
2026-01-27,BBC,,4895,4809,4854,,,312,1510439,21,,
2026-01-27,BEDC,,555,537,538,,,33545,18420798.4,317,,
2026-01-27,BFC,,514,480,487,,,62013,30571360.6,361,,
2026-01-27,BGWT,,806,783,788,,,12535,9972618.3,142,,
2026-01-27,BHCL,,699,630.1,641,,,239515,159568616.7,2602,,
2026-01-27,BHDC,,499.7,477.1,479,,,68383,33245640,355,,
2026-01-27,BHL,,210,196.6,197,,,375868,75622541.4,1337,,
2026-01-27,BHPL,,614,580,590,,,156449,92963099.1,916,,
2026-01-27,BNHC,,542,520,541,,,79174,42344865,427,,
2026-01-27,BNL,,15661,15650.1,15650.1,,,20,313111,2,,
2026-01-27,BNT,,12000,11800.1,11820,,,100,1190501,10,,
2026-01-27,BPCL,,803.8,769,770,,,314177,247217229.5,922,,
2026-01-27,BUNGAL,,822,755,762,,,82827,65437019.7,1409,,
2026-01-27,CBBL,,962,943,943,,,39235,37227261.3,296,,
2026-01-27,CFCL,,602,572,579.9,,,240939,142296195.8,1006,,
2026-01-27,CGH,,930,882,896.7,,,121304,110438245.8,568,,
2026-01-27,CHCL,,487,470,470.4,,,75032,35757362,392,,
2026-01-27,CHDC,,2571,2455,2456,,,51262,127882518.3,482,,
2026-01-27,CHL,,295,277.1,279,,,153123,43739384.9,492,,
2026-01-27,CIT,,1798,1775,1782,,,13637,24356939.3,172,,
2026-01-27,CITY,,503.3,485,488,,,28583,14153169.5,238,,
2026-01-27,CKHL,,735,704,726.5,,,33607,24478146.2,234,,
2026-01-27,CLI,,490,477,479.8,,,44867,21644739.7,522,,
2026-01-27,CREST,,1566,1382,1490,,,72463,108218609,1317,,
2026-01-27,CYCL,,1590,1565,1565,,,2998,4709533,77,,
2026-01-27,CZBIL,,200,197.1,197.1,,,43882,8719731.1,145,,
2026-01-27,DDBL,,851,830.2,830.2,,,14837,12465934,125,,
2026-01-27,DHEL,,860,775,851,,,141936,116672838.6,2175,,
2026-01-27,DHPL,,318,299,304,,,27233,8355462.7,142,,
2026-01-27,DLBS,,1420,1350,1393.8,,,1684,2316868.1,57,,
2026-01-27,DOLTI,,560,542.1,543,,,21130,11635809,191,,
2026-01-27,DORDI,,294.7,280,283.9,,,282244,81183495.5,707,,
2026-01-27,EBL,,676.9,670.3,670.3,,,38432,25870689.1,201,,
2026-01-27,EHPL,,439,423,423.5,,,155434,67135131.6,722,,
2026-01-27,ENL,,978,945,945,,,4153,3979783.1,85,,
2026-01-27,FMDBL,,849.9,815.2,824,,,43707,36355930.7,262,,
2026-01-27,FOWAD,,1137,1098.1,1100,,,5603,6183404.2,90,,
2026-01-27,GBIME,,234.9,229.6,229.6,,,130359,30182879.6,411,,
2026-01-27,GBLBS,,814.5,785,786,,,9343,7425272.4,105,,
2026-01-27,GCIL,,445,427,430.5,,,42933,18627443.7,398,,
2026-01-27,GFCL,,699,665,666.8,,,67612,46263525.8,509,,
2026-01-27,GHL,,234.9,224,226,,,217899,49856994.2,556,,
2026-01-27,GILB,,1197,1170,1180,,,5630,6639339,47,,
2026-01-27,GLBSL,,2079,2020,2050,,,2417,4956611.4,64,,
2026-01-27,GLH,,272.1,259.1,262,,,133895,35656137.5,537,,
2026-01-27,GMFBS,,1510,1483,1508,,,2440,3636557.6,50,,
2026-01-27,GMFIL,,502.8,482.7,488.9,,,61340,30149803.8,197,,
2026-01-27,GMLI,,1948.9,1815.2,1825.5,,,8017,15010037.1,209,,
2026-01-27,GUFL,,600,569,569.2,,,52505,30473742,373,,
2026-01-27,GVL,,533.8,508,510.1,,,118436,61426980.6,565,,
2026-01-27,HATHY,,990,933,940,,,23931,22817024.3,345,,
2026-01-27,HBL,,200.2,193.6,193.7,,,105271,20650949.5,1901,,
2026-01-27,HDHPC,,202,192.1,194.1,,,349220,69056176.5,768,,
2026-01-27,HDL,,1178.9,1145.7,1152,,,87901,102054341.5,943,,
2026-01-27,HHL,,353.1,339.1,340,,,91464,31608068.6,354,,
2026-01-27,HIDCL,,273.9,262.7,263,,,165589,44119822.2,576,,
2026-01-27,HIMSTAR,,1264,1158,1171,,,63815,78061898,1213,,
2026-01-27,HLBSL,,935,922,925,,,4918,4559891.8,52,,
2026-01-27,HLI,,383,368.5,372,,,68289,25582278.4,578,,
2026-01-27,HPPL,,512,488,488,,,140522,70003550.8,667,,
2026-01-27,HRL,,900,872.1,873,,,254686,225073850.1,2018,,
2026-01-27,HURJA,,247.1,233.5,234.2,,,177624,42319351.3,535,,
2026-01-27,ICFC,,700,684,684.1,,,56524,38953842.7,252,,
2026-01-27,IHL,,566,551.4,561,,,23057,12892739,202,,
2026-01-27,ILBS,,1019,986,999,,,13003,12996547.9,111,,
2026-01-27,ILI,,459.7,451.1,452,,,37020,16789364.5,463,,
2026-01-27,JBLB,,1350,1316.6,1330,,,10791,14368547.4,225,,
2026-01-27,JFL,,471,454.2,457,,,25725,11844541.1,193,,
2026-01-27,JHAPA,,1665,1535,1545,,,32137,51038177.2,653,,
2026-01-27,JOSHI,,315,293,295,,,136486,41184047.7,616,,
2026-01-27,JSLBB,,1229,1170,1180,,,905,1079641,29,,
2026-01-27,KBL,,195.4,186.5,188.1,,,226088,42846337.5,705,,
2026-01-27,KBSH,,1722,1695,1700,,,1207,2058271.9,35,,
2026-01-27,KDL,,831,810,817,,,8265,6806522,164,,
2026-01-27,KKHC,,240.7,227.9,228.1,,,132338,30741010.5,526,,
2026-01-27,KMCDB,,970,942,943,,,5391,5105939.2,96,,
2026-01-27,KPCL,,567,546.7,546.7,,,92053,51070886.5,445,,
2026-01-27,LEC,,223,210,212.2,,,356404,76878397.25,963,,
2026-01-27,LICN,,888.3,864.4,864.7,,,36268,31685318.8,209,,
2026-01-27,LLBS,,1020,990.3,1020,,,1396,1401800.7,28,,
2026-01-27,LSL,,221,217,218.5,,,72805,15942434.2,209,,
2026-01-27,MABEL,,927,850.1,851.1,,,71930,63577043.7,1017,,
2026-01-27,MAKAR,,585,555,555,,,9440,5368067.8,131,,
2026-01-27,MANDU,,852,824,830,,,7725,6461156.1,119,,
2026-01-27,MATRI,,1015,990,998,,,1773,1772761.3,41,,
2026-01-27,MBJC,,295.7,284.5,287,,,100388,29153914.4,562,,
2026-01-27,MBL,,239.9,230.5,231.5,,,69963,16316081.2,221,,
2026-01-27,MCHL,,449.9,429.1,431,,,13046,5670333.5,111,,
2026-01-27,MEHL,,458,436.2,439.5,,,51847,23244059.9,299,,
2026-01-27,MEL,,294.7,278,280.9,,,38162,10790914.8,321,,
2026-01-27,MEN,,606,588,595,,,129836,77691879,645,,
2026-01-27,MERO,,795,759.7,774.8,,,15099,11767596.5,152,,
2026-01-27,MFIL,,869,842.8,849.9,,,282996,242426301.9,788,,
2026-01-27,MHCL,,404.9,389,394.9,,,16833,6670546.8,147,,
2026-01-27,MHL,,540,515.1,522.5,,,64340,33872088.3,322,,
2026-01-27,MHNL,,307,272,280,,,141038,41638419,723,,
2026-01-27,MKCL,,1501,1440.1,1445,,,17576,25750092.7,209,,
2026-01-27,MKHC,,381,341.1,376,,,68232,24621775.2,524,,
2026-01-27,MKHL,,837,803.5,836.9,,,31068,25797541.6,217,,
2026-01-27,MKJC,,554.7,530,534,,,119872,65272683.8,444,,
2026-01-27,MLBBL,,1449,1385,1438.2,,,8842,12564704.7,129,,
2026-01-27,MLBS,,1489,1423.1,1451,,,1854,2690085.5,49,,
2026-01-27,MLBSL,,1995,1935.3,1971,,,1584,3114091.7,44,,
2026-01-27,MMKJL,,615,595,595.1,,,49429,29867007.5,413,,
2026-01-27,MPFL,,686,642,644,,,76813,51392792.6,368,,
2026-01-27,MSHL,,836,823,824,,,2130,1763533,54,,
2026-01-27,MSLB,,1382,1318,1349,,,4328,5840344,90,,
2026-01-27,NABIL,,500,492.1,494.9,,,72291,35899477.5,527,,
2026-01-27,NADEP,,860,812,825,,,12786,10546611.8,67,,
2026-01-27,NBL,,255,244.2,247.8,,,70598,17432858,340,,
2026-01-27,NESDO,,1580,1548,1568,,,2685,4176541.2,52,,
2026-01-27,NFS,,688.5,655,657,,,42506,28296723.7,361,,
2026-01-27,NGPL,,435.2,415,419,,,918424,390327251.7,2253,,
2026-01-27,NHDL,,689,665,666,,,22556,15189658.25,154,,
2026-01-27,NHPC,,219,206.1,207,,,357375,76080804.4,747,,
2026-01-27,NICA,,362,346,347,,,108099,38057967.9,512,,
2026-01-27,NICLBSL,,595,570,573,,,19678,11498777.1,237,,
2026-01-27,NIFRA,,273.9,264,267.7,,,236928,63365273.4,1016,,
2026-01-27,NIMB,,202,195,195.5,,,133110,26240406.8,395,,
2026-01-27,NLIC,,800.7,776.6,780,,,66067,51862883.4,436,,
2026-01-27,NLICL,,605.9,587.2,594,,,15231,9013661.9,111,,
2026-01-27,NLO,,259.1,259.1,259.1,,,0,0,0,,
2026-01-27,NMB,,245,240,240.1,,,62320,15083198.9,217,,
2026-01-27,NMBMF,,705.9,684.1,685.6,,,11879,8239246.3,81,,
2026-01-27,NMFBS,,1143,1113.5,1117.2,,,5180,5833986,86,,
2026-01-27,NMLBBL,,674,653,658.9,,,12929,8522460.6,113,,
2026-01-27,NRIC,,1320,1280.1,1281,,,87770,114140000.8,673,,
2026-01-27,NRM,,458.9,438,444,,,63421,28421305.6,435,,
2026-01-27,NRN,,1649,1575,1577,,,92872,148748296.7,718,,
2026-01-27,NTC,,875,861,863,,,8502,7355735.9,193,,
2026-01-27,NUBL,,740.9,725.2,727,,,18753,13746021.6,93,,
2026-01-27,NWCL,,1045,977,996.5,,,46583,47255389.5,538,,
2026-01-27,NYADI,,422.2,402,406,,,33897,13881520.2,183,,
2026-01-27,OHL,,739,710,719.7,,,10809,7784527.6,79,,
2026-01-27,OMPL,,1575.9,1426.2,1438,,,69419,103520197,1013,,
2026-01-27,PCBL,,248,242,243,,,36048,8791105.3,186,,
2026-01-27,PFL,,400,381,383,,,23035,8909012,155,,
2026-01-27,PHCL,,296.5,280,283,,,309288,89616870.6,1115,,
2026-01-27,PMHPL,,341,322,324,,,39837,13166098.5,188,,
2026-01-27,PMLI,,543.6,510,519.7,,,38408,20080051,323,,
2026-01-27,PPCL,,376.3,353,362,,,114736,41927467,342,,
2026-01-27,PPL,,368,344.5,346.1,,,462803,166034751.2,1426,,
2026-01-27,PROFL,,504.8,481,485.8,,,29424,14421813.6,200,,
2026-01-27,PRVU,,196,188.1,189,,,161477,30743596.4,541,,
2026-01-27,PURE,,1262,1187,1199,,,88767,108748798.2,911,,
2026-01-27,RADHI,,854.9,815,827,,,687523,578516077.1,2344,,
2026-01-27,RAWA,,807.8,760,769.9,,,5642,4328393.8,99,,
2026-01-27,RFPL,,437,400.8,425,,,656245,278705057,2681,,
2026-01-27,RHGCL,,311,290.5,297,,,293931,88849526.9,991,,
2026-01-27,RHPL,,299,281.3,284,,,75361,21828652.1,399,,
2026-01-27,RIDI,,246.9,234.1,237,,,215388,51931026.6,526,,
2026-01-27,RLFL,,496,463.8,467,,,66053,31450835,427,,
2026-01-27,RNLI,,481,469,470,,,68256,32324501.8,616,,
2026-01-27,RSDC,,685,645.9,657,,,49033,32670043.2,259,,
2026-01-27,RURU,,684,670,670,,,13955,9428660.9,132,,
2026-01-27,SAGAR,,2400,2240,2300,,,77794,181330696.9,1128,,
2026-01-27,SAHAS,,585,565,565,,,108922,62163569.6,748,,
2026-01-27,SAIL,,1688,1400,1515,,,220225,341656392.6,3868,,
2026-01-27,SANIMA,,346.5,338,338,,,130093,44310205.9,320,,
2026-01-27,SANVI,,1060,990,995,,,191610,196466648.9,2632,,
2026-01-27,SARBTM,,900,877,877.3,,,28165,24894294.2,180,,
2026-01-27,SBI,,422,406.1,416,,,15993,6583812.5,78,,
2026-01-27,SBL,,396.1,387,387,,,73856,28934999.7,221,,
2026-01-27,SCB,,640,630.2,633.2,,,18551,11760664.7,134,,
2026-01-27,SGHC,,448,417.1,427.5,,,89220,38323016.9,522,,
2026-01-27,SHEL,,297.8,284.7,284.7,,,210340,60775849.6,540,,
2026-01-27,SHIVM,,640,620,621.1,,,360901,226747249.9,1169,,
2026-01-27,SHL,,523,499.2,507,,,62156,31757447.6,181,,
2026-01-27,SHLB,,1726.8,1667,1667,,,1234,2078789.3,35,,
2026-01-27,SHPC,,564,547,552,,,249853,138693450.1,685,,
2026-01-27,SIFC,,628,596,607,,,150925,91648777.3,528,,
2026-01-27,SIKLES,,647.8,620,622,,,46299,29236211.4,342,,
2026-01-27,SJCL,,313,299.1,299.1,,,59937,18263087.6,357,,
2026-01-27,SJLIC,,466.6,448.5,450.2,,,42023,19063874.5,337,,
2026-01-27,SKBBL,,797,783,783,,,18800,14861059.6,179,,
2026-01-27,SLBBL,,856,830,846,,,11669,9821088.1,139,,
2026-01-27,SLBSL,,1428.1,1300,1389.9,,,6667,9212453.7,112,,
2026-01-27,SMATA,,820,805,806,,,15954,12944253.5,155,,
2026-01-27,SMB,,2134,1975,2033,,,9747,20064878,232,,
2026-01-27,SMFBS,,1709,1675,1700,,,3232,5439503.7,41,,
2026-01-27,SMH,,769,716,750,,,13637,10060898,171,,
2026-01-27,SMHL,,555,530,530,,,40227,21640600.1,439,,
2026-01-27,SMJC,,508,492,494,,,23964,11911451.7,195,,
2026-01-27,SMPDA,,930,892.1,899,,,15773,14387285.3,192,,
2026-01-27,SNLI,,490,475.6,477,,,45447,21856828,531,,
2026-01-27,SONA,,450,437,439.7,,,74963,33196978.4,644,,
2026-01-27,SPC,,540,515.1,528,,,58207,30712149,381,,
2026-01-27,SPDL,,439,415,420,,,326568,138715924.8,867,,
2026-01-27,SPHL,,591,565,577,,,24854,14378206.9,160,,
2026-01-27,SPL,,901.5,866.7,880,,,2640,2321807,58,,
2026-01-27,SRLI,,408.7,396.4,397,,,46702,18702651.4,434,,
2026-01-27,SSHL,,188.8,176.2,177.9,,,517211,93971073.1,1566,,
2026-01-27,STC,,5600,5550,5557,,,2561,14279598.7,56,,
2026-01-27,SWASTIK,,3240,3032,3032,,,9364,29268077,338,,
2026-01-27,SWBBL,,778,748,762,,,10981,8371602.6,111,,
2026-01-27,SWMF,,714,690,690.1,,,10563,7370313.2,78,,
2026-01-27,SYPNL,,2255.9,1881,2015,,,274221,576838791.9,7800,,
2026-01-27,TAMOR,,467,450.2,457.8,,,34686,15896099.5,237,,
2026-01-27,TPC,,377,364,368,,,125545,46459039.2,409,,
2026-01-27,TRH,,772,740,742.1,,,5374,4052399.4,78,,
2026-01-27,TSHL,,839,790,790,,,13207,10724152,162,,
2026-01-27,TTL,,1173,1032,1036.1,,,232871,257889518.3,3857,,
2026-01-27,TVCL,,521.2,489.6,498,,,65391,33060659.6,484,,
2026-01-27,UHEWA,,580,560,564,,,41382,23568785.6,268,,
2026-01-27,ULBSL,,3355,3225,3225,,,1700,5599481.4,63,,
2026-01-27,ULHC,,500,468.3,485.2,,,55557,26976507.4,344,,
2026-01-27,UMHL,,674,654,669.9,,,221944,146636639,872,,
2026-01-27,UMRH,,584,563,563,,,37009,21119095.5,190,,
2026-01-27,UNHPL,,482,464,464,,,326992,155328565.2,1000,,
2026-01-27,UNL,,47700,47700,47700,,,10,477000,1,,
2026-01-27,UNLB,,1950,1920,1920,,,1566,3027809.9,41,,
2026-01-27,UPCL,,405,381,389.9,,,538440,212416980.6,1474,,
2026-01-27,UPPER,,194.8,186,186.9,,,220724,41710119.1,908,,
2026-01-27,USHEC,,494.7,474.5,479,,,69963,33761489.3,347,,
2026-01-27,USHL,,856.8,823.2,847,,,29354,24649001.5,246,,
2026-01-27,USLB,,1525,1499.4,1505,,,10718,16173504.8,193,,
2026-01-27,VLBS,,800.7,778,783,,,5363,4242005.6,132,,
2026-01-27,VLUCL,,652,587.2,620.9,,,107022,67310143.1,754,,
2026-01-28,ACLBSL,,974,940,958,,,1919,1840303,47,,
2026-01-28,ADBL,,305,298.9,304,,,23915,7226797.6,159,,
2026-01-28,AHL,,601,551.5,597.9,,,22893,13237403.9,235,,
2026-01-28,AHPC,,270,263.7,268.5,,,81947,21893089,362,,
2026-01-28,AKJCL,,304.7,268.3,304.7,,,2919410,835751328.3,6083,,
2026-01-28,AKPL,,281,264.5,267,,,448218,120606732.5,877,,
2026-01-28,ALBSL,,1212,1147,1175,,,27501,32059360.8,206,,
2026-01-28,ALICL,,484.8,476,477,,,48862,23361623.1,309,,
2026-01-28,ANLB,,6126,6009,6126,,,98,589133.8,16,,
2026-01-28,API,,301,291,298,,,334494,98624792.2,749,,
2026-01-28,AVYAN,,991.4,941,984,,,7807,7548922.4,103,,
2026-01-28,BANDIPUR,,1169,1081.2,1135,,,251510,282582347.3,4860,,
2026-01-28,BARUN,,375,355.1,369.5,,,315592,115292320.2,1150,,
2026-01-28,BBC,,4878,4781,4856.6,,,254,1224819,16,,
2026-01-28,BEDC,,548.5,535,543,,,28880,15649675.5,194,,
2026-01-28,BFC,,501,477.3,490.1,,,55139,27106047.2,299,,
2026-01-28,BGWT,,794,780,793.7,,,3214,2532817,69,,
2026-01-28,BHCL,,698,628.2,669,,,199880,130920800,2176,,
2026-01-28,BHDC,,488.5,477,486,,,54826,26455570.3,337,,
2026-01-28,BHL,,199.7,193,198,,,259574,50939702.8,1019,,
2026-01-28,BHPL,,604,579,604,,,141571,84207858.9,641,,
2026-01-28,BNHC,,594.7,535,589.9,,,186260,105816249.2,1016,,
2026-01-28,BNL,,15601.1,15601,15601,,,30,468031,3,,
2026-01-28,BNT,,11880,11800,11800,,,100,1182210,9,,
2026-01-28,BPCL,,795,755,773,,,179013,138942869.3,526,,
2026-01-28,BUNGAL,,780,731.1,772,,,90583,68321128.7,1360,,
2026-01-28,CBBL,,953,940,940,,,11778,11100503.1,168,,
2026-01-28,CFCL,,596.5,570,592,,,96023,56089843.8,382,,
2026-01-28,CGH,,901,882,896,,,30292,26925778.7,207,,
2026-01-28,CHCL,,479,470,474.5,,,55505,26266520.3,272,,
2026-01-28,CHDC,,2499,2430,2466,,,31964,78579884.7,304,,
2026-01-28,CHL,,286.9,275.4,282.9,,,84154,23601104.7,360,,
2026-01-28,CIT,,1797.9,1770,1783,,,10328,18378911.8,169,,
2026-01-28,CITY,,493.6,481.4,486,,,10748,5212177.6,124,,
2026-01-28,CKHL,,748,706,730,,,17057,12329118.7,198,,
2026-01-28,CLI,,482,475,477.3,,,29616,14181353.7,443,,
2026-01-28,CREST,,1519.8,1426,1485,,,65991,96097510.5,952,,
2026-01-28,CYCL,,1606,1549,1606,,,4563,7221109.3,95,,
2026-01-28,CZBIL,,201,192,198,,,86255,16791535.2,257,,
2026-01-28,DDBL,,849.9,832.1,835.1,,,7518,6291065.1,79,,
2026-01-28,DHEL,,918.9,794,842,,,144499,120058539.9,2126,,
2026-01-28,DHPL,,308,298.1,302,,,11644,3511426,87,,
2026-01-28,DLBS,,1398.6,1345,1389.9,,,584,797812.3,26,,
2026-01-28,DOLTI,,546,536,544,,,6624,3580533.1,93,,
2026-01-28,DORDI,,286.5,279.2,282,,,293769,82933856.5,639,,
2026-01-28,EBL,,683,670,674,,,49392,33185392.6,233,,
2026-01-28,EHPL,,443.1,420,441.9,,,106573,45892097.6,527,,
2026-01-28,ENL,,940,920,938,,,4301,4018752.2,41,,
2026-01-28,FMDBL,,825,812,823.3,,,32493,26579411.7,181,,
2026-01-28,FOWAD,,1100,1085.2,1096.1,,,1507,1651360,40,,
2026-01-28,GBIME,,229.8,225,228.5,,,156966,35716117.2,523,,
2026-01-28,GBLBS,,799.8,771,781,,,6104,4787522.8,108,,
2026-01-28,GCIL,,434,425,433,,,21178,9088090.3,323,,
2026-01-28,GFCL,,691,670,689.8,,,58487,39677968,377,,
2026-01-28,GHL,,228.8,222,228,,,136294,30761419.1,349,,
2026-01-28,GILB,,1227,1172,1185,,,4304,5137205.7,57,,
2026-01-28,GLBSL,,2071.8,2040,2061,,,3262,6700324.3,57,,
2026-01-28,GLH,,264,257.3,261,,,40386,10479287.9,194,,
2026-01-28,GMFBS,,1514,1478,1500,,,5266,7860900.3,57,,
2026-01-28,GMFIL,,494.9,480.2,485.1,,,23365,11374005.2,129,,
2026-01-28,GMLI,,1828,1780.2,1805,,,2875,5170209,135,,
2026-01-28,GUFL,,586,563,577,,,62941,36204740,352,,
2026-01-28,GVL,,540,499.9,506.6,,,183514,93570508.4,701,,
2026-01-28,HATHY,,950.1,930,942,,,15314,14394219.9,233,,
2026-01-28,HBL,,197.8,190.3,193,,,82923,15957957.2,1786,,
2026-01-28,HDHPC,,198.8,188.8,195,,,254986,49183602.9,710,,
2026-01-28,HDL,,1161,1146,1155,,,77360,89028432.3,854,,
2026-01-28,HHL,,346,336.1,344,,,55952,19100500.5,294,,
2026-01-28,HIDCL,,267.5,258.1,260.5,,,233329,60982882.9,484,,
2026-01-28,HIMSTAR,,1213,1061.8,1150,,,63226,72286916.7,1047,,
2026-01-28,HLBSL,,938,921.5,921.5,,,4115,3801027,39,,
2026-01-28,HLI,,374.5,368.5,371.2,,,55058,20434561.6,436,,
2026-01-28,HPPL,,492,473,475,,,180238,86375487.7,585,,
2026-01-28,HRL,,885,864,877.2,,,161861,141368133.9,1630,,
2026-01-28,HURJA,,238.8,230.6,237,,,100584,23561229.7,347,,
2026-01-28,ICFC,,693.8,670,685.6,,,47133,32112677.6,276,,
2026-01-28,IHL,,575,550,575,,,48767,27320091.7,333,,
2026-01-28,ILBS,,1045,979.1,1036,,,28952,29513642.9,194,,
2026-01-28,ILI,,452,445,452,,,28301,12664520.9,450,,
2026-01-28,JBLB,,1344.9,1318.1,1326.1,,,8068,10668346.5,198,,
2026-01-28,JFL,,465,441,457,,,32362,14679580.2,229,,
2026-01-28,JHAPA,,1580,1490.1,1554,,,12947,19890077.4,438,,
2026-01-28,JOSHI,,302,290,300,,,93792,27780950.3,400,,
2026-01-28,JSLBB,,1185,1170,1184,,,1293,1518644.6,27,,
2026-01-28,KBL,,189,185,188,,,202968,37816060.1,506,,
2026-01-28,KBSH,,1690,1671.6,1690,,,203,342867.6,6,,
2026-01-28,KDL,,817,802.1,812,,,6336,5119415.1,109,,
2026-01-28,KKHC,,232.5,223.6,231.1,,,100231,22853021.7,444,,
2026-01-28,KMCDB,,961.8,935,961.8,,,11456,10750226.5,109,,
2026-01-28,KPCL,,555,543,553,,,91951,50350975,285,,
2026-01-28,LEC,,218,210,217.8,,,244817,52422063.1,706,,
2026-01-28,LICN,,870,857,868,,,34167,29438509.5,192,,
2026-01-28,LLBS,,1030,982,1030,,,474,473344.9,17,,
2026-01-28,LSL,,221,216,219.9,,,41714,9078803.8,171,,
2026-01-28,MABEL,,890,833,884.8,,,83358,71357110.1,1216,,
2026-01-28,MAKAR,,570,545.1,569.8,,,15292,8530468,130,,
2026-01-28,MANDU,,844.9,815,820,,,5543,4568124,70,,
2026-01-28,MATRI,,997,985,997,,,2238,2217839,49,,
2026-01-28,MBJC,,294,283.4,290,,,50865,14778880.4,472,,
2026-01-28,MBL,,233.6,228,230.5,,,48357,11154920.1,168,,
2026-01-28,MCHL,,448,423.2,441.5,,,25270,11008350.6,172,,
2026-01-28,MEHL,,478,431,471.3,,,91698,42152542.9,604,,
2026-01-28,MEL,,303.9,272.3,283,,,39934,11276010.7,357,,
2026-01-28,MEN,,601.8,588.6,600,,,91787,54671794.1,332,,
2026-01-28,MERO,,768,745,767,,,8391,6378456,81,,
2026-01-28,MFIL,,855,833,840,,,236342,199503979.3,595,,
2026-01-28,MHCL,,402.5,387.5,399.5,,,16135,6373721.5,161,,
2026-01-28,MHL,,527,511,520,,,21641,11179903.3,217,,
2026-01-28,MHNL,,288.7,274.3,286,,,83587,23642621.4,358,,
2026-01-28,MKCL,,1460,1419.1,1440,,,8684,12482991.9,143,,
2026-01-28,MKHC,,380,368,372.9,,,33876,12645843.9,262,,
2026-01-28,MKHL,,864,807.1,826,,,25560,21121911,216,,
2026-01-28,MKJC,,542,528,540,,,52485,28139545.1,274,,
2026-01-28,MLBBL,,1582,1398,1575,,,16965,24258078.3,135,,
2026-01-28,MLBS,,1460,1430,1440,,,1128,1628585,29,,
2026-01-28,MLBSL,,1970,1931.1,1958,,,596,1157184.9,31,,
2026-01-28,MMKJL,,612.8,591,608.9,,,61960,37318667.9,359,,
2026-01-28,MPFL,,673.2,640,665,,,39605,26037923,289,,
2026-01-28,MSHL,,829,815,829,,,1110,909938,25,,
2026-01-28,MSLB,,1340,1305.1,1321,,,1362,1802430.9,55,,
2026-01-28,NABIL,,495,490.1,492,,,48841,24022794.9,486,,
2026-01-28,NADEP,,826,800.1,826,,,3091,2540693.9,31,,
2026-01-28,NBL,,250,243,246.8,,,77834,19116790,259,,
2026-01-28,NESDO,,1564,1540,1564,,,503,780076.2,29,,
2026-01-28,NFS,,679.2,643.9,666,,,50784,33591349.5,325,,
2026-01-28,NGPL,,424,413.4,420,,,463642,193873607.8,1030,,
2026-01-28,NHDL,,679.3,668,671.2,,,11623,7804100.3,94,,
2026-01-28,NHPC,,209.1,204,206,,,161950,33483702.6,469,,
2026-01-28,NICA,,350,344,345.9,,,75584,26161201,306,,
2026-01-28,NICLBSL,,582,563.1,578.9,,,10987,6301622.5,160,,
2026-01-28,NIFRA,,268.5,261.6,267,,,159506,42102006.9,890,,
2026-01-28,NIMB,,195.4,191.4,193,,,138773,26726105.3,464,,
2026-01-28,NLIC,,788.9,772.1,780,,,32861,25506503.3,304,,
2026-01-28,NLICL,,600,584,588.2,,,10671,6304255.5,92,,
2026-01-28,NLO,,259.1,259.1,259.1,,,0,0,0,,
2026-01-28,NMB,,244,240,240.1,,,46367,11169575.7,188,,
2026-01-28,NMBMF,,699,683.1,687.1,,,1689,1161337.8,34,,
2026-01-28,NMFBS,,1131.8,1117.2,1126,,,1093,1232922.2,37,,
2026-01-28,NMLBBL,,669.9,646,654,,,5322,3472074,54,,
2026-01-28,NRIC,,1308,1271.1,1290,,,54427,70257490.4,573,,
2026-01-28,NRM,,452,438,446.2,,,36375,16161026,301,,
2026-01-28,NRN,,1600,1560,1575,,,93435,147739656.3,492,,
2026-01-28,NTC,,865,858.3,860,,,15099,12985881.6,162,,
2026-01-28,NUBL,,729,716.1,722,,,8896,6408358.8,56,,
2026-01-28,NWCL,,1016.4,962,981.5,,,23405,23195542.5,279,,
2026-01-28,NYADI,,414,394.3,407.9,,,14634,5895350.2,142,,
2026-01-28,OHL,,719.7,706,711.3,,,3400,2418694.3,37,,
2026-01-28,OMPL,,1480,1410,1470,,,51705,75026552.3,849,,
2026-01-28,PCBL,,243,239.1,241,,,55480,13320583.6,204,,
2026-01-28,PFL,,385.5,372,376,,,32401,12288564.9,196,,
2026-01-28,PHCL,,294.7,279,290,,,267885,76602698.8,916,,
2026-01-28,PMHPL,,335.5,321,335.2,,,56470,18581445.7,240,,
2026-01-28,PMLI,,534.9,511.5,526.1,,,56360,29615130.2,310,,
2026-01-28,PPCL,,382,349,380,,,137408,50735788.2,425,,
2026-01-28,PPL,,379.3,350.9,378,,,747162,274301840,2350,,
2026-01-28,PROFL,,498,476.3,485.3,,,34011,16461848.2,195,,
2026-01-28,PRVU,,188.4,184.9,186.1,,,220851,41026971.3,611,,
2026-01-28,PURE,,1219.9,1163,1190,,,58518,69516324.9,829,,
2026-01-28,RADHI,,869,834.9,863,,,639015,543607945.9,2059,,
2026-01-28,RAWA,,777,744.8,777,,,3897,2969110.6,98,,
2026-01-28,RFPL,,457,425,455.1,,,684355,307331760.1,2940,,
2026-01-28,RHGCL,,306.9,291.1,298,,,266864,79828684.9,671,,
2026-01-28,RHPL,,289,275,289,,,109632,30781132.6,402,,
2026-01-28,RIDI,,240.1,232,239,,,117415,27817143.7,339,,
2026-01-28,RLFL,,485.5,462,477.1,,,64337,30315568.4,311,,
2026-01-28,RNLI,,471,463.1,469.5,,,23002,10759690.3,504,,
2026-01-28,RSDC,,672,643.9,656.4,,,19513,12841652.1,148,,
2026-01-28,RURU,,680,661,676,,,9992,6708297.6,106,,
2026-01-28,SAGAR,,2376,2230,2265,,,64783,147495968.7,1011,,
2026-01-28,SAHAS,,571,560.1,568.4,,,91266,51705178.1,578,,
2026-01-28,SAIL,,1579.8,1441,1515,,,172053,260107271.5,3752,,
2026-01-28,SANIMA,,341.7,336.5,339,,,55251,18708754.6,196,,
2026-01-28,SANVI,,1030,981,1015,,,169028,170152394,2139,,
2026-01-28,SARBTM,,894.5,871,880,,,33397,29298441.4,133,,
2026-01-28,SBI,,422,406.6,422,,,46184,19125567,122,,
2026-01-28,SBL,,394,388.1,391.7,,,128404,50061381.4,194,,
2026-01-28,SCB,,639,630.1,634.7,,,15258,9645667.3,107,,
2026-01-28,SGHC,,433.5,417,420,,,55518,23554603.7,337,,
2026-01-28,SHEL,,290.3,280.2,286.7,,,96727,27419994.9,389,,
2026-01-28,SHIVM,,629,615,622.5,,,291115,180356565.6,958,,
2026-01-28,SHL,,507.1,493,503.1,,,22435,11276366.1,94,,
2026-01-28,SHLB,,1694.9,1642.5,1694.9,,,375,619903,15,,
2026-01-28,SHPC,,555,543,546,,,74068,40576259.9,388,,
2026-01-28,SIFC,,667,593,658,,,152844,94812244.6,606,,
2026-01-28,SIKLES,,635,620,631.1,,,25194,15821350.5,203,,
2026-01-28,SJCL,,314.9,296.1,303.9,,,34997,10629455.1,276,,
2026-01-28,SJLIC,,454.5,445.1,454.5,,,48160,21570678,291,,
2026-01-28,SKBBL,,788,772,775,,,10476,8154274.3,162,,
2026-01-28,SLBBL,,849.7,833.1,835,,,3394,2834700.8,68,,
2026-01-28,SLBSL,,1397.4,1345,1355,,,3344,4580889.4,72,,
2026-01-28,SMATA,,805,796,801,,,9408,7538100,139,,
2026-01-28,SMB,,2029,1980,2000,,,4063,8096704.7,84,,
2026-01-28,SMFBS,,1734,1648,1694.7,,,1195,1995085.5,16,,
2026-01-28,SMH,,758,738,753,,,4219,3164568.3,59,,
2026-01-28,SMHL,,537,517,536,,,30799,16204384.3,354,,
2026-01-28,SMJC,,500,487.2,495,,,20209,9987318.8,180,,
2026-01-28,SMPDA,,915,882.1,894.1,,,3816,3432144.5,78,,
2026-01-28,SNLI,,480,471,474.2,,,34572,16373398.1,525,,
2026-01-28,SONA,,444,434,441,,,45231,19843370.8,542,,
2026-01-28,SPC,,536,519,522,,,34461,18167606.4,233,,
2026-01-28,SPDL,,425,410,416.8,,,215138,89288790.4,519,,
2026-01-28,SPHL,,619,566,618,,,45668,27087234.6,314,,
2026-01-28,SPL,,865,850,862,,,1676,1435395.1,43,,
2026-01-28,SRLI,,400,394.2,396,,,35720,14122600.8,353,,
2026-01-28,SSHL,,181.8,174.4,179.5,,,331649,59016728.2,1144,,
2026-01-28,STC,,5712,5525,5673,,,5210,29386983.3,143,,
2026-01-28,SWASTIK,,3089,3000,3070,,,5486,16702818,203,,
2026-01-28,SWBBL,,760,745,752,,,9602,7215789.5,85,,
2026-01-28,SWMF,,697.9,680.1,695,,,2296,1580224.2,42,,
2026-01-28,SYPNL,,2159.9,2022.7,2132,,,237756,498804873.3,9422,,
2026-01-28,TAMOR,,465,449.2,463,,,29318,13416152.8,241,,
2026-01-28,TPC,,374,361,369,,,83500,30822453.7,273,,
2026-01-28,TRH,,754.9,736.1,753.9,,,2213,1644442.5,38,,
2026-01-28,TSHL,,810.9,793,804,,,12578,10080820,157,,
2026-01-28,TTL,,1110,1021,1095,,,210891,223270515.4,3526,,
2026-01-28,TVCL,,540,492,535,,,101123,52532653,803,,
2026-01-28,UHEWA,,572,555.7,562,,,24789,13953988.4,175,,
2026-01-28,ULBSL,,3400,3255,3290,,,825,2732898.4,42,,
2026-01-28,ULHC,,517,486,506,,,83479,42029085.2,640,,
2026-01-28,UMHL,,705,650.1,655.2,,,742385,487856508,1395,,
2026-01-28,UMRH,,579,560.5,570,,,26820,15214686.3,170,,
2026-01-28,UNHPL,,468,461.9,465,,,106220,49292559.2,407,,
2026-01-28,UNL,,47150,47000,47150,,,32,1508380,4,,
2026-01-28,UNLB,,1922,1892.1,1912,,,201,384164,18,,
2026-01-28,UPCL,,398,382.2,395,,,338745,132327139.7,911,,
2026-01-28,UPPER,,190.6,182,184.7,,,156674,28842607.4,628,,
2026-01-28,USHEC,,483,466.3,478,,,55176,26201777.3,263,,
2026-01-28,USHL,,850,795,825,,,26000,21311572.3,160,,
2026-01-28,USLB,,1515,1485,1500.1,,,7432,11096033.4,124,,
2026-01-28,VLBS,,788,770.1,770.1,,,1560,1208158.1,44,,
2026-01-28,VLUCL,,627.3,608.5,616,,,24812,15328635.3,284,,
2026-01-29,ACLBSL,,965,947.2,951,,,2466,2347514.5,45,,
2026-01-29,ADBL,,304,297,300,,,29200,8770395.8,216,,
2026-01-29,AHL,,608.9,576,579,,,15247,9028024.8,190,,
2026-01-29,AHPC,,278.9,269.5,272,,,312612,85905008.9,803,,
2026-01-29,AKJCL,,321,300,312,,,1254601,394771445.1,3193,,
2026-01-29,AKPL,,278,269,271,,,820426,224404814,1469,,
2026-01-29,ALBSL,,1192,1134,1155,,,20330,23426548.1,227,,
2026-01-29,ALICL,,485,473,477,,,48689,23275359.2,296,,
2026-01-29,ANLB,,6124,6004,6051,,,108,652960.4,13,,
2026-01-29,API,,305,294,299.7,,,318879,95825008.2,793,,
2026-01-29,AVYAN,,980,945.2,968,,,4895,4688021.9,77,,
2026-01-29,BANDIPUR,,1160,1079,1080,,,211122,233239732.1,3342,,
2026-01-29,BARUN,,380,370,371,,,393269,147577683.9,1221,,
2026-01-29,BBC,,4878,4808.1,4848.9,,,275,1329898.4,23,,
2026-01-29,BEDC,,554.5,545,550,,,43787,24136366.8,358,,
2026-01-29,BFC,,501.9,480.3,484,,,60856,29960320.3,270,,
2026-01-29,BGWT,,803,790,793,,,7306,5818179.6,88,,
2026-01-29,BHCL,,681,617.5,618,,,186062,119397964.6,1899,,
2026-01-29,BHDC,,495,480.6,481,,,60139,29286956.1,319,,
2026-01-29,BHL,,214,198,207.5,,,1237374,258547452.9,3575,,
2026-01-29,BHPL,,626,584,595,,,99235,60287469,645,,
2026-01-29,BNHC,,595,556,571,,,72419,41581880.9,381,,
2026-01-29,BNL,,15589,15289,15589,,,90,1382276,6,,
2026-01-29,BNT,,11944,11566,11705.2,,,160,1882725,14,,
2026-01-29,BPCL,,800,773.2,781.8,,,209261,164779274,623,,
2026-01-29,BUNGAL,,772,720,720,,,103510,76416272.5,1269,,
2026-01-29,CBBL,,946,935,936,,,16279,15288486.3,176,,
2026-01-29,CFCL,,608.5,575,580,,,94204,56099165.3,437,,
2026-01-29,CGH,,913,883,884,,,32888,29280615.3,174,,
2026-01-29,CHCL,,482,471.1,474,,,58347,27804164.9,292,,
2026-01-29,CHDC,,2493,2425.1,2455,,,37692,92917357.4,327,,
2026-01-29,CHL,,297.8,285.1,287,,,195608,57218138,685,,
2026-01-29,CIT,,1783,1771,1773,,,8369,14855948.1,202,,
2026-01-29,CITY,,495.5,484.1,485,,,13170,6427620.5,162,,
2026-01-29,CKHL,,792,716,749.7,,,26116,19320435,317,,
2026-01-29,CLI,,483,472.8,474.1,,,31671,15088313.2,458,,
2026-01-29,CREST,,1515,1422,1450,,,66852,98900277.6,742,,
2026-01-29,CYCL,,1647,1561,1580,,,19937,31768590.9,119,,
2026-01-29,CZBIL,,200,193.4,198.9,,,76507,14941561.7,258,,
2026-01-29,DDBL,,850,831,840,,,14190,11947821.3,94,,
2026-01-29,DHEL,,840,760,763,,,128908,100974400.2,1863,,
2026-01-29,DHPL,,317.9,302,305.3,,,41455,12900842.7,218,,
2026-01-29,DLBS,,1375,1337.7,1375,,,665,896446.2,33,,
2026-01-29,DOLTI,,550,536.5,544.9,,,18024,9752667.8,130,,
2026-01-29,DORDI,,297,281,284,,,369230,107570179.8,945,,
2026-01-29,EBL,,679,673,673.3,,,34896,23573674.1,197,,
2026-01-29,EHPL,,474,441,449.8,,,195251,89555155.8,1090,,
2026-01-29,ENL,,956.5,925.1,950,,,3279,3067900.5,58,,
2026-01-29,FMDBL,,828.9,805,815,,,33067,26971445.6,161,,
2026-01-29,FOWAD,,1109.9,1085,1095,,,3660,3988666,72,,
2026-01-29,GBIME,,231,225.8,226.6,,,151135,34474808.5,536,,
2026-01-29,GBLBS,,796.5,778,778.2,,,9449,7414526.5,116,,
2026-01-29,GCIL,,437.9,427,427,,,27432,11808800,356,,
2026-01-29,GFCL,,706,666,675,,,55630,38243551.1,310,,
2026-01-29,GHL,,247.8,230.7,238.8,,,610724,147737690.1,1808,,
2026-01-29,GILB,,1193,1176.1,1185.2,,,1660,1968423.2,29,,
2026-01-29,GLBSL,,2077,2030,2064,,,858,1765584.1,29,,
2026-01-29,GLH,,279,260,264,,,180605,48727018.7,646,,
2026-01-29,GMFBS,,1529,1470.2,1498,,,2858,4240697,55,,
2026-01-29,GMFIL,,499.7,475.4,493,,,42030,20705030.4,202,,
2026-01-29,GMLI,,1826,1769,1780,,,4476,7984391,129,,
2026-01-29,GUFL,,593,565,570,,,46361,26657053.3,313,,
2026-01-29,GVL,,514.9,504,507,,,145066,73712160.3,572,,
2026-01-29,HATHY,,949.9,932,932.6,,,16547,15533167,205,,
2026-01-29,HBL,,195,190.1,193.9,,,112991,21739550.4,1757,,
2026-01-29,HDHPC,,214.5,198,213,,,1462951,310717765.4,2867,,
2026-01-29,HDL,,1161.1,1150.4,1151,,,81821,94526250.9,715,,
2026-01-29,HHL,,355,341,346,,,100416,35238198.6,441,,
2026-01-29,HIDCL,,275,261.5,266.6,,,311455,83851466.5,802,,
2026-01-29,HIMSTAR,,1174,1035,1050,,,67887,73173027.9,843,,
2026-01-29,HLBSL,,929,916,918.1,,,3120,2868291,39,,
2026-01-29,HLI,,374.9,368,370,,,81108,30143631.6,566,,
2026-01-29,HPPL,,483,471,473,,,325567,154932728.9,764,,
2026-01-29,HRL,,886,865.1,866,,,136022,118638758.1,1312,,
2026-01-29,HURJA,,256.4,234.8,248,,,596962,148880274.6,1568,,
2026-01-29,ICFC,,688.9,670,672,,,36291,24553375.5,228,,
2026-01-29,IHL,,594,563.6,587,,,35796,20936190.3,339,,
2026-01-29,ILBS,,1046,1001,1013,,,10657,10790144.7,109,,
2026-01-29,ILI,,460,446.3,447.1,,,13933,6271759.8,396,,
2026-01-29,JBLB,,1344.7,1319.1,1322.1,,,8941,11830080.5,195,,
2026-01-29,JFL,,465.8,442,443,,,26389,11864669.3,197,,
2026-01-29,JHAPA,,1581,1450,1473,,,17499,26275446.9,430,,
2026-01-29,JOSHI,,310,300,304,,,134687,41248768.7,527,,
2026-01-29,JSLBB,,1195,1161,1189.9,,,1165,1374466.4,27,,
2026-01-29,KBL,,193.8,187,189,,,517347,98612345.6,1173,,
2026-01-29,KBSH,,1705.4,1661,1680,,,332,559155.5,16,,
2026-01-29,KDL,,822.9,800,802.4,,,9518,7657397.8,121,,
2026-01-29,KKHC,,248.9,231.1,240,,,334651,80995783.4,1091,,
2026-01-29,KMCDB,,961.8,943.4,951,,,6144,5865866.4,64,,
2026-01-29,KPCL,,608,550,599,,,125553,69930947.6,352,,
2026-01-29,LEC,,233,218.3,222,,,653857,149067742,1747,,
2026-01-29,LICN,,870,860,860,,,25574,22117399.3,166,,
2026-01-29,LLBS,,1015,990,991,,,752,748494.8,24,,
2026-01-29,LSL,,216.8,212,215.8,,,162275,34707842.4,454,,
2026-01-29,MABEL,,900,835,838,,,79872,68405042.8,970,,
2026-01-29,MAKAR,,575,558,558,,,20475,11626933,112,,
2026-01-29,MANDU,,835,811.1,820,,,2913,2381741.5,78,,
2026-01-29,MATRI,,999,983,985.1,,,1384,1365868.5,29,,
2026-01-29,MBJC,,299.1,288.1,295.3,,,108034,31903615.5,667,,
2026-01-29,MBL,,234.5,229,231.9,,,75300,17468986.4,221,,
2026-01-29,MCHL,,465,440,449,,,21123,9524033.1,172,,
2026-01-29,MEHL,,479.9,449,454,,,47239,22023941.4,391,,
2026-01-29,MEL,,293.7,278.2,285,,,52996,15296716.2,412,,
2026-01-29,MEN,,608,589,590.5,,,99680,59206051.7,337,,
2026-01-29,MERO,,781.9,745,750.3,,,16878,12767721.6,133,,
2026-01-29,MFIL,,854,815,815,,,230708,192639819.7,623,,
2026-01-29,MHCL,,412,399.9,400,,,42010,17050712.4,267,,
2026-01-29,MHL,,539.8,520,521.2,,,49574,26377322.2,313,,
2026-01-29,MHNL,,295.7,265.1,273,,,119793,34489137.7,429,,
2026-01-29,MKCL,,1468.8,1410.1,1410.1,,,5228,7466780.9,92,,
2026-01-29,MKHC,,381.5,357.8,364,,,40862,15130222.4,296,,
2026-01-29,MKHL,,881,811,838,,,9778,8196044.7,139,,
2026-01-29,MKJC,,557,536,536.1,,,94078,51521512.7,439,,
2026-01-29,MLBBL,,1543.5,1417.5,1417.5,,,40178,56972834.3,401,,
2026-01-29,MLBS,,1468,1426.1,1450,,,3914,5640113.3,60,,
2026-01-29,MLBSL,,1949,1916,1916,,,2883,5550290.7,79,,
2026-01-29,MMKJL,,621,602,604.5,,,41366,25434612.7,296,,
2026-01-29,MPFL,,672.9,634.1,639.9,,,47141,30932414.5,212,,
2026-01-29,MSHL,,877,820,830,,,3154,2648131.5,63,,
2026-01-29,MSLB,,1335,1306,1330,,,2426,3201490.5,79,,
2026-01-29,NABIL,,508,493,497,,,132087,65706865.4,791,,
2026-01-29,NADEP,,842.5,810,810,,,2133,1754648.4,42,,
2026-01-29,NBL,,250.8,241.9,245.5,,,102913,25342220.1,362,,
2026-01-29,NESDO,,1550,1520,1539,,,2363,3609620.7,61,,
2026-01-29,NFS,,673,653,653.5,,,37124,24589443.5,251,,
2026-01-29,NGPL,,439.4,420,430,,,1389420,599914445.3,2856,,
2026-01-29,NHDL,,689,670,671.1,,,21273,14403302.1,149,,
2026-01-29,NHPC,,225.5,210,216.9,,,883953,195242022.3,1976,,
2026-01-29,NICA,,343,337,337.3,,,106393,36152038.9,580,,
2026-01-29,NICLBSL,,579.9,565.1,569.8,,,12918,7366004.9,201,,
2026-01-29,NIFRA,,274.9,263,268.5,,,358322,97042985.4,1341,,
2026-01-29,NIMB,,195.9,190.5,195,,,249119,48069637.4,630,,
2026-01-29,NLIC,,785,772.6,776.9,,,41258,32063890.5,255,,
2026-01-29,NLICL,,597,584.2,590.5,,,13276,7860980.7,75,,
2026-01-29,NLO,,259.1,259.1,259.1,,,0,0,0,,
2026-01-29,NMB,,241.9,239.2,239.5,,,53461,12824266.6,178,,
2026-01-29,NMBMF,,697,681.6,681.6,,,5095,3515160.3,50,,
2026-01-29,NMFBS,,1121,1103.2,1105.1,,,3430,3814539.9,75,,
2026-01-29,NMLBBL,,665,645,657.5,,,18386,12059320.6,89,,
2026-01-29,NRIC,,1309.9,1275,1277,,,50699,64967783.1,406,,
2026-01-29,NRM,,460,441.7,442.2,,,57756,26023981.3,423,,
2026-01-29,NRN,,1630,1545,1545,,,61468,96778573.7,416,,
2026-01-29,NTC,,870,857.4,858.5,,,11566,9950119.9,165,,
2026-01-29,NUBL,,735,720,723,,,15050,10914289.8,79,,
2026-01-29,NWCL,,1014.9,965.3,965.3,,,25751,25460737.4,272,,
2026-01-29,NYADI,,420,406.1,410,,,24647,10122727.6,183,,
2026-01-29,OHL,,725,710,718,,,6983,4982505.4,57,,
2026-01-29,OMPL,,1499,1412.1,1415,,,56012,81632179.9,828,,
2026-01-29,PCBL,,242,238.8,239.1,,,73422,17588884.6,232,,
2026-01-29,PFL,,390.9,368.5,375.5,,,30254,11601641.7,187,,
2026-01-29,PHCL,,310,290,299,,,524557,157689282.4,1908,,
2026-01-29,PMHPL,,350,335.5,345,,,136836,47182849.9,469,,
2026-01-29,PMLI,,540.6,519,519.5,,,44818,23605341.2,271,,
2026-01-29,PPCL,,393,379,384,,,147778,57092938.2,468,,
2026-01-29,PPL,,394.6,381.5,384,,,584538,226232973.7,1521,,
2026-01-29,PROFL,,495,472,480,,,35875,17364694.1,187,,
2026-01-29,PRVU,,194,185,186,,,249754,46841233.9,707,,
2026-01-29,PURE,,1230,1105.1,1112,,,80301,92729477.7,760,,
2026-01-29,RADHI,,889,848,860,,,497203,433033436.3,1624,,
2026-01-29,RAWA,,837,750.1,835,,,6626,5148308.2,109,,
2026-01-29,RFPL,,464.2,432.2,436,,,370756,164941282.1,1667,,
2026-01-29,RHGCL,,317.9,300,303,,,384423,118416040.2,1059,,
2026-01-29,RHPL,,304.9,287.3,292,,,204562,60680280.8,822,,
2026-01-29,RIDI,,255,240,246.5,,,416129,103827720.8,1085,,
2026-01-29,RLFL,,484.5,460,464.9,,,48980,23010319.7,262,,
2026-01-29,RNLI,,470,464.2,466,,,47967,22366344.8,502,,
2026-01-29,RSDC,,664,650.1,657.9,,,28029,18447648,129,,
2026-01-29,RURU,,681,667,668.5,,,26026,17561363.6,168,,
2026-01-29,SAGAR,,2299,2103,2130,,,37182,82062707.2,857,,
2026-01-29,SAHAS,,572,564.1,564.9,,,56423,31985705.1,433,,
2026-01-29,SAIL,,1535,1365,1390,,,125796,181391335.4,2894,,
2026-01-29,SANIMA,,345,333,333.2,,,162087,54374743.4,321,,
2026-01-29,SANVI,,1015,915,915,,,214100,205434950.7,1959,,
2026-01-29,SARBTM,,885,873,879.9,,,16284,14272535.4,128,,
2026-01-29,SBI,,419.9,408,408,,,24069,9883727.8,88,,
2026-01-29,SBL,,399,388,388,,,136451,53438807.5,221,,
2026-01-29,SCB,,633,628.1,630,,,39369,24802606.4,211,,
2026-01-29,SGHC,,462,411.6,433,,,148789,65618286.9,720,,
2026-01-29,SHEL,,298,285,289,,,267142,78351800.3,832,,
2026-01-29,SHIVM,,628.3,616.1,618.9,,,204191,126906769.5,659,,
2026-01-29,SHL,,513,499,501.5,,,27785,13980637,102,,
2026-01-29,SHLB,,1679.9,1645.1,1678,,,880,1456325,24,,
2026-01-29,SHPC,,561,544,547.6,,,164969,91363910.3,535,,
2026-01-29,SIFC,,650,624.3,648,,,146345,93159445.7,418,,
2026-01-29,SIKLES,,640,625,625.1,,,23612,14928993.2,176,,
2026-01-29,SJCL,,315,300,300,,,89384,27541046.2,350,,
2026-01-29,SJLIC,,455,445,448.9,,,48868,22027721.1,293,,
2026-01-29,SKBBL,,785,773,782,,,7992,6233957.2,108,,
2026-01-29,SLBBL,,850,828,838,,,10337,8600750.2,93,,
2026-01-29,SLBSL,,1388,1330,1340,,,3660,4962523.4,84,,
2026-01-29,SMATA,,810,797,802,,,8316,6676272.6,132,,
2026-01-29,SMB,,2040,1951,1951,,,2875,5675386,73,,
2026-01-29,SMFBS,,1694.7,1631,1673.8,,,972,1604256.2,24,,
2026-01-29,SMH,,765,731,747.9,,,1215,899990,17,,
2026-01-29,SMHL,,545,522,525,,,29875,15834172.7,271,,
2026-01-29,SMJC,,508,492.2,493.6,,,26928,13455853.3,284,,
2026-01-29,SMPDA,,904.7,877.3,885,,,10281,9147529.8,124,,
2026-01-29,SNLI,,478,471.5,472.3,,,19909,9436277.8,449,,
2026-01-29,SONA,,448.1,435.1,436.1,,,64836,28548128.3,587,,
2026-01-29,SPC,,535,520,525.6,,,53055,27859927.9,295,,
2026-01-29,SPDL,,431,412,422.9,,,228522,96569306.7,616,,
2026-01-29,SPHL,,630.3,599,600.1,,,44646,27505940.1,303,,
2026-01-29,SPL,,913,845,913,,,5061,4381508.4,103,,
2026-01-29,SRLI,,401,393.8,394,,,48106,19053640.9,443,,
2026-01-29,SSHL,,197.4,180.1,196,,,1949336,380110673.4,3581,,
2026-01-29,STC,,5750,5600,5650,,,2343,13282244,69,,
2026-01-29,SWASTIK,,3110,3000,3031,,,6008,18314198.2,193,,
2026-01-29,SWBBL,,753,743.1,752,,,8498,6358940.6,84,,
2026-01-29,SWMF,,690,682.1,688,,,2872,1971394.7,38,,
2026-01-29,SYPNL,,2210,1940,1940,,,254144,522954989,7031,,
2026-01-29,TAMOR,,469,453,458,,,50065,22994034.3,271,,
2026-01-29,TPC,,390,361.7,379,,,300830,114799383.3,857,,
2026-01-29,TRH,,773,752,754,,,3828,2901249,44,,
2026-01-29,TSHL,,812,792,800,,,10305,8226517.4,127,,
2026-01-29,TTL,,1127,1003.1,1004,,,167219,176549451.8,2441,,
2026-01-29,TVCL,,561,535,548,,,100153,55085983.1,648,,
2026-01-29,UHEWA,,577.3,563,563.1,,,51481,29387095.8,223,,
2026-01-29,ULBSL,,3349,3252,3300,,,817,2675120.2,39,,
2026-01-29,ULHC,,516,492,493,,,32215,16219830.9,269,,
2026-01-29,UMHL,,706,657.3,687,,,696210,466402282,1403,,
2026-01-29,UMRH,,581.8,567.1,570,,,31976,18407781.3,205,,
2026-01-29,UNHPL,,502,465.2,490,,,918125,446285292,2095,,
2026-01-29,UNL,,47000,46214,47000,,,30,1397140,3,,
2026-01-29,UNLB,,1924,1883,1900.1,,,771,1465700.8,30,,
2026-01-29,UPCL,,409.7,387.1,391,,,504046,201213322.2,1213,,
2026-01-29,UPPER,,195,183,191.5,,,622010,120054568,1901,,
2026-01-29,USHEC,,495,482,483.1,,,92175,45069048.8,463,,
2026-01-29,USHL,,824.6,780,804.9,,,23939,19143823,176,,
2026-01-29,USLB,,1514,1475,1489,,,7425,11016396.7,133,,
2026-01-29,VLBS,,785.5,770.4,770.4,,,5450,4231643.6,83,,
2026-01-29,VLUCL,,628.4,596,596.1,,,29311,17827388,240,,
