date,symbol,open,high,low,close,prev_close,vwap,volume,turnover,trades,week_52_high,week_52_low
2026-03-01,ACLBSL,,970,955.2,960,,,863,829618.4,27,,
2026-03-01,ADBL,,305,291.1,302.6,,,64794,19514957.4,326,,
2026-03-01,AHL,,499.9,483.2,499.8,,,6358,3139394.5,116,,
2026-03-01,AHPC,,282,269,279,,,191835,53470820.4,526,,
2026-03-01,AKJCL,,362.8,345,361.5,,,742035,265366527.9,1242,,
2026-03-01,AKPL,,267.5,259.1,267.5,,,209735,55385926.3,539,,
2026-03-01,ALBSL,,1113,1057,1095,,,8837,9667783.8,117,,
2026-03-01,ALICL,,451,438,448,,,32164,14391311.2,181,,
2026-03-01,ANLB,,6390,6315.1,6350,,,1355,8563605.1,19,,
2026-03-01,API,,321,308,316,,,1049844,332175622.1,3054,,
2026-03-01,AVYAN,,975,933.1,975,,,5539,5330807.8,82,,
2026-03-01,BANDIPUR,,951,902,940,,,59901,55921868.7,925,,
2026-03-01,BARUN,,347.5,339,346.8,,,81308,27945886.5,288,,
2026-03-01,BBC,,4696.5,4582,4668,,,301,1400594,25,,
2026-03-01,BEDC,,517.9,510,517.9,,,5407,2771995.1,78,,
2026-03-01,BFC,,471.3,457,470.9,,,21806,10190345,116,,
2026-03-01,BGWT,,760,742,760,,,495,372400,21,,
2026-03-01,BHCL,,583,569.4,582,,,29941,17288704.1,405,,
2026-03-01,BHDC,,475,462,472,,,19346,9092341.3,142,,
2026-03-01,BHL,,200,193.3,199.5,,,126204,24976684.6,489,,
2026-03-01,BHPL,,586,538.1,586,,,23927,13202315.6,177,,
2026-03-01,BNHC,,340,326,336.6,,,13974,4689974,150,,
2026-03-01,BNL,,15400,15200,15200,,,30,459990,3,,
2026-03-01,BNT,,11840,11780,11780,,,40,471800,3,,
2026-03-01,BPCL,,718,699,715,,,33235,23664766.3,193,,
2026-03-01,BUNGAL,,643.8,629.2,638.5,,,16757,10671648.9,299,,
2026-03-01,CBBL,,948.6,900,920,,,36248,33434756.3,272,,
2026-03-01,CFCL,,540,510,537,,,28477,15047062.5,175,,
2026-03-01,CGH,,828,815.2,827.8,,,13329,10991219.5,117,,
2026-03-01,CHCL,,475,463,469,,,42208,19841902.9,228,,
2026-03-01,CHDC,,2519,2461.3,2519,,,19880,49749570.9,210,,
2026-03-01,CHL,,286,277.1,284.1,,,37223,10535068.8,165,,
2026-03-01,CIT,,1798,1745,1789.5,,,10523,18718353.3,190,,
2026-03-01,CITY,,474.9,467,472,,,12423,5841062.2,89,,
2026-03-01,CKHL,,699.9,663,683,,,3742,2517166.4,70,,
2026-03-01,CLI,,474.5,453,469,,,20615,9650637.7,276,,
2026-03-01,CREST,,1402.8,1322.1,1337.2,,,24741,33088719.1,295,,
2026-03-01,CYCL,,1577.8,1543.1,1573,,,4365,6849642.4,68,,
2026-03-01,CZBIL,,193.5,187.2,193.3,,,34012,6509109.3,194,,
2026-03-01,DDBL,,860,823.1,843,,,12919,10901951.9,128,,
2026-03-01,DHEL,,730,687,725,,,29714,21246352.3,389,,
2026-03-01,DHPL,,302,293.1,302,,,9240,2750316,47,,
2026-03-01,DLBS,,1334,1284,1334,,,638,840926,30,,
2026-03-01,DOLTI,,508.5,500,508,,,2779,1402683.8,47,,
2026-03-01,DORDI,,275.4,270.1,273.6,,,35779,9779047.2,179,,
2026-03-01,EBL,,675,668,673.9,,,39292,26446189.8,189,,
2026-03-01,EHPL,,412.9,402,412,,,18925,7733650.4,124,,
2026-03-01,ENL,,918,900,906.5,,,708,641562.6,17,,
2026-03-01,FMDBL,,799.5,789,795,,,8414,6683114.9,77,,
2026-03-01,FOWAD,,1062,1040.3,1057,,,2190,2303104.4,34,,
2026-03-01,GBIME,,231.2,224.5,228,,,115599,26259520,373,,
2026-03-01,GBLBS,,768.9,727.1,762,,,4111,3107900.3,60,,
2026-03-01,GCIL,,420,409,419,,,9075,3750683.9,136,,
2026-03-01,GFCL,,670,611.3,658,,,38588,25239193.7,279,,
2026-03-01,GHL,,239.5,231.4,238,,,73959,17523157.2,206,,
2026-03-01,GILB,,1133.4,1106,1121,,,1054,1178457.2,14,,
2026-03-01,GLBSL,,1923,1882.1,1923,,,718,1361570.1,49,,
2026-03-01,GLH,,265,258.2,264.8,,,48794,12785255,201,,
2026-03-01,GMFBS,,1445,1386.1,1400,,,1000,1403977.9,17,,
2026-03-01,GMFIL,,469,449.1,465.5,,,14109,6533246.2,91,,
2026-03-01,GMLI,,1760,1714.3,1760,,,1755,3047448,46,,
2026-03-01,GUFL,,564,527,554,,,21241,11611300.8,151,,
2026-03-01,GVL,,489.5,480,486,,,45641,22128515.7,228,,
2026-03-01,HATHY,,907,890,904,,,7202,6475220,106,,
2026-03-01,HBL,,191.7,186,191.4,,,83135,15792846,796,,
2026-03-01,HDHPC,,195,188,194.1,,,147733,28500043.8,483,,
2026-03-01,HDL,,1163.9,1130,1144,,,71379,81360159.9,667,,
2026-03-01,HHL,,338.6,330,335.2,,,21041,7061726.3,166,,
2026-03-01,HIDCL,,266.4,255,261.9,,,93456,24350345,288,,
2026-03-01,HIMSTAR,,1038.8,960.4,1015.9,,,25784,25744338.8,451,,
2026-03-01,HLBSL,,920,903.3,920,,,3087,2820095.5,30,,
2026-03-01,HLI,,367.9,360,367.5,,,32625,11894953.2,262,,
2026-03-01,HPPL,,466.1,454,465,,,64699,29835575.9,233,,
2026-03-01,HRL,,850,822.2,845,,,61655,51752395.7,654,,
2026-03-01,HURJA,,264.9,247,260.3,,,197710,50625615.7,457,,
2026-03-01,ICFC,,660,633,654.1,,,12001,7805662.4,88,,
2026-03-01,IHL,,514,499,509.9,,,6026,3057520.5,52,,
2026-03-01,ILBS,,934,891,929,,,1976,1822208,46,,
2026-03-01,ILI,,444.9,435,442,,,13801,6079161.8,213,,
2026-03-01,JBLB,,1321.5,1300,1321,,,6173,8104864.8,124,,
2026-03-01,JFL,,434,412,430,,,13805,5878717.9,122,,
2026-03-01,JHAPA,,1500,1398.1,1480,,,13699,19705294.1,184,,
2026-03-01,JOSHI,,296,280,295,,,39879,11584878.2,210,,
2026-03-01,JSLBB,,1122,1100,1116,,,424,473143.3,17,,
2026-03-01,KBL,,192,184,191.8,,,459668,87246436.5,1288,,
2026-03-01,KBSH,,1657,1656,1656,,,88,145686,6,,
2026-03-01,KDL,,905,863,887.6,,,3641,3252391.5,58,,
2026-03-01,KKHC,,280.9,269.2,279.9,,,122759,34038383.4,447,,
2026-03-01,KMCDB,,924,899.1,917,,,1776,1622998.1,24,,
2026-03-01,KPCL,,523,515,522,,,27846,14471180.7,123,,
2026-03-01,LEC,,218,212,217.8,,,176836,38043091.3,423,,
2026-03-01,LICN,,836,815.1,836,,,8953,7382992.5,92,,
2026-03-01,LLBS,,963.9,925,939.7,,,817,760746.1,13,,
2026-03-01,LSL,,214,206,210,,,90432,18978795.4,241,,
2026-03-01,MABEL,,750,726.3,740.2,,,11832,8772004.7,199,,
2026-03-01,MAKAR,,540,525,539,,,2097,1129456.4,30,,
2026-03-01,MANDU,,810,791,810,,,1676,1344590.5,43,,
2026-03-01,MATRI,,940,904,940,,,1782,1667767.3,47,,
2026-03-01,MBJC,,289.2,283.3,289.2,,,17807,5103529.9,214,,
2026-03-01,MBL,,233,218,232.6,,,104085,23984966.8,207,,
2026-03-01,MCHL,,415.8,400.2,415.8,,,6125,2496198.2,65,,
2026-03-01,MEHL,,438,428,438,,,23561,10201770,128,,
2026-03-01,MEL,,284,274,283,,,14922,4154471,135,,
2026-03-01,MEN,,597,575,597,,,55667,32794568.3,268,,
2026-03-01,MERO,,724.5,716,716.1,,,8540,6140063.7,70,,
2026-03-01,MFIL,,838.9,790,831,,,344783,282079857.1,812,,
2026-03-01,MHCL,,353.9,335,340,,,28801,9857881.3,241,,
2026-03-01,MHL,,521,507.7,520,,,9137,4707489.2,82,,
2026-03-01,MHNL,,259.9,254,256.7,,,13790,3548391.9,77,,
2026-03-01,MKCL,,1373,1346,1360,,,2154,2943069.7,40,,
2026-03-01,MKHC,,319.5,313,319.4,,,23844,7573930.7,154,,
2026-03-01,MKHL,,790.5,760,790.5,,,640,497740,34,,
2026-03-01,MKJC,,542,512,528.8,,,13404,7044591,80,,
2026-03-01,MLBBL,,1353,1308,1346,,,2449,3282635.5,39,,
2026-03-01,MLBS,,1439.9,1400,1439.9,,,1278,1814769,26,,
2026-03-01,MLBSL,,1864.9,1830,1858,,,373,686585.2,19,,
2026-03-01,MMKJL,,565,544.1,565,,,11387,6379268,91,,
2026-03-01,MPFL,,639,610,637.8,,,30649,19351739.1,187,,
2026-03-01,MSHL,,798.9,789,791,,,1035,821662.5,23,,
2026-03-01,MSLB,,1333,1288.8,1314.9,,,755,982839,28,,
2026-03-01,NABIL,,500,494,499,,,58125,28963339.1,486,,
2026-03-01,NADEP,,760.9,736.1,760.9,,,4649,3452007,26,,
2026-03-01,NBL,,246.4,240,244,,,85338,20815189,239,,
2026-03-01,NESDO,,1553.9,1514.4,1541,,,1407,2168728.7,31,,
2026-03-01,NFS,,638,615,637.9,,,19480,12256150.7,180,,
2026-03-01,NGPL,,429,417.1,427,,,422360,179598592.7,655,,
2026-03-01,NHDL,,652,633.1,643,,,3698,2392321.6,43,,
2026-03-01,NHPC,,224,215.7,222.1,,,146344,32324851.2,383,,
2026-03-01,NICA,,329.5,322,329.5,,,42373,13845220,188,,
2026-03-01,NICLBSL,,561.9,548.1,560.8,,,5850,3273330.8,70,,
2026-03-01,NIFRA,,262.8,256.8,262.8,,,105143,27326229.6,483,,
2026-03-01,NIMB,,191.5,184.2,191,,,98897,18647729.6,340,,
2026-03-01,NLIC,,777,756.7,775,,,39001,30041267.2,269,,
2026-03-01,NLICL,,588.9,568,588,,,8191,4763528.4,51,,
2026-03-01,NLO,,269.4,269.4,269.4,,,0,0,0,,
2026-03-01,NMB,,238.8,234.1,238.8,,,39746,9406032.3,122,,
2026-03-01,NMBMF,,660,645,660,,,2855,1861703.9,29,,
2026-03-01,NMFBS,,1130,1115,1130,,,1537,1726872.43,31,,
2026-03-01,NMLBBL,,620,603,620,,,8420,5178162.7,91,,
2026-03-01,NRIC,,1246.4,1205.4,1227,,,32541,39772899.5,326,,
2026-03-01,NRM,,420,411.7,420,,,15601,6523514.2,118,,
2026-03-01,NRN,,1524.9,1475,1489,,,37543,55882481.7,233,,
2026-03-01,NTC,,876,850,876,,,18793,16174861.7,217,,
2026-03-01,NUBL,,700.1,667.5,668,,,17797,12097735.4,112,,
2026-03-01,NWCL,,870,841,865.2,,,2529,2181351,51,,
2026-03-01,NYADI,,400.9,389.1,394.4,,,5976,2366300.6,66,,
2026-03-01,OHL,,709.7,693.1,709.7,,,2936,2056019.8,33,,
2026-03-01,OMPL,,1305,1260,1303,,,7596,9788480.4,180,,
2026-03-01,PCBL,,239.4,230,236.3,,,72292,17031328.9,200,,
2026-03-01,PFL,,387,373,384,,,21925,8384592.6,155,,
2026-03-01,PHCL,,288,280,286.5,,,67156,19106879.4,350,,
2026-03-01,PMHPL,,355,338.3,354,,,24878,8686959.5,101,,
2026-03-01,PMLI,,495,485,494,,,5436,2664509.9,90,,
2026-03-01,PPCL,,376,366.2,376,,,20069,7473042.5,81,,
2026-03-01,PPL,,384,367,381.9,,,107645,40813290.2,329,,
2026-03-01,PROFL,,464,446,463,,,8693,3990893.7,98,,
2026-03-01,PRVU,,187.1,180.7,186.8,,,170444,31440566,479,,
2026-03-01,PURE,,976,941,972.9,,,27883,26723280,224,,
2026-03-01,RADHI,,857,838.3,856.9,,,424938,360503140.5,536,,
2026-03-01,RAWA,,714,695,705.1,,,645,452906.5,17,,
2026-03-01,RFPL,,392,383,390,,,56219,21771614.1,324,,
2026-03-01,RHGCL,,276.7,262.6,273,,,30978,8376411.6,146,,
2026-03-01,RHPL,,286.8,280,281,,,51045,14463226.3,220,,
2026-03-01,RIDI,,302,285,301,,,655403,193047110.2,1213,,
2026-03-01,RLFL,,458.6,444,455,,,25584,11589400.1,136,,
2026-03-01,RNLI,,472.5,457,471,,,38574,18084598.1,312,,
2026-03-01,RSDC,,672,628.3,658.9,,,10373,6781364.8,82,,
2026-03-01,RSML,,624.2,561.9,624.2,,,110,66647,8,,
2026-03-01,RURU,,665,644.5,660,,,6572,4326310.2,70,,
2026-03-01,SAGAR,,2020,1913,2000,,,18573,36468885.4,324,,
2026-03-01,SAHAS,,581,555,579,,,231003,132538645.9,1096,,
2026-03-01,SAIL,,1345,1293.6,1329,,,60926,80012480.3,881,,
2026-03-01,SANIMA,,338.7,328,335,,,71245,23864542.7,214,,
2026-03-01,SANVI,,829,783.4,810,,,37820,30636629.9,324,,
2026-03-01,SARBTM,,880,850,880,,,11225,9785352.5,93,,
2026-03-01,SBI,,408.5,396,408.5,,,11118,4478154.6,57,,
2026-03-01,SBL,,390,370.5,381.8,,,67247,25631978.4,196,,
2026-03-01,SCB,,651,641.1,647.2,,,14211,9201778.3,112,,
2026-03-01,SGHC,,397.8,384.3,396,,,14816,5844972.9,101,,
2026-03-01,SHEL,,301.5,284.5,300,,,174683,52165058.5,551,,
2026-03-01,SHIVM,,624,606,622.5,,,260828,160753365.3,724,,
2026-03-01,SHL,,498,485,496,,,16267,8045874.5,63,,
2026-03-01,SHLB,,1587,1535.1,1579.9,,,80,125470,8,,
2026-03-01,SHPC,,545.7,521.1,533.1,,,63431,33730896.6,241,,
2026-03-01,SIFC,,602.5,573.3,600,,,43510,25842406.1,189,,
2026-03-01,SIKLES,,610,590,608,,,10365,6241156.4,74,,
2026-03-01,SJCL,,299,291.1,298.8,,,6293,1850996.3,67,,
2026-03-01,SJLIC,,455.7,434.9,451,,,47074,21136126.6,282,,
2026-03-01,SKBBL,,786,756,765,,,23243,17839948.9,129,,
2026-03-01,SLBBL,,820,812,819,,,4910,4014994.7,61,,
2026-03-01,SLBSL,,1310,1285,1299,,,2741,3561788.5,25,,
2026-03-01,SMATA,,795,760,790.1,,,5435,4243668.5,81,,
2026-03-01,SMB,,1903,1850,1900,,,1583,2967560,39,,
2026-03-01,SMFBS,,1665,1646.1,1665,,,1782,2947272.3,31,,
2026-03-01,SMH,,626,612.5,626,,,9111,5664336.1,159,,
2026-03-01,SMHL,,464.7,452.3,461,,,99906,45769241.4,424,,
2026-03-01,SMJC,,476,464,468,,,23911,11148857.7,211,,
2026-03-01,SMPDA,,872,856,871.9,,,2434,2104658.5,55,,
2026-03-01,SNLI,,468,452.8,464,,,10457,4827709.5,274,,
2026-03-01,SONA,,434,418.2,431,,,23303,9941137.3,282,,
2026-03-01,SPC,,496.6,484.2,490,,,6334,3094781.1,66,,
2026-03-01,SPDL,,400,389.1,400,,,17218,6811067.2,103,,
2026-03-01,SPHL,,542,532,540,,,5792,3122835,54,,
2026-03-01,SPL,,739,705.1,726,,,1615,1174339.7,28,,
2026-03-01,SRLI,,395.4,388.2,395,,,17223,6762515.6,173,,
2026-03-01,SSHL,,189.7,181.3,187.9,,,141859,26460196.5,566,,
2026-03-01,STC,,6089.8,5835,6070,,,10656,64036307.5,259,,
2026-03-01,SWASTIK,,2820,2752,2809.9,,,1629,4554334,71,,
2026-03-01,SWBBL,,738.5,718,735,,,4455,3242374,54,,
2026-03-01,SWMF,,666,645,663,,,1083,714157.8,24,,
2026-03-01,SYPNL,,1860,1807,1840.4,,,120554,221071633.3,1858,,
2026-03-01,TAMOR,,420.9,410,416.7,,,5892,2439669.5,118,,
2026-03-01,TPC,,386.8,377,385,,,65041,24906164,247,,
2026-03-01,TRH,,763,741.3,763,,,2350,1761033.5,25,,
2026-03-01,TSHL,,744.4,711,742,,,3815,2799074,69,,
2026-03-01,TTL,,900,860.1,896,,,41881,36949745.1,557,,
2026-03-01,TVCL,,655,619.5,639,,,84462,53122336.2,279,,
2026-03-01,UHEWA,,562,553,561.5,,,16504,9186600.9,87,,
2026-03-01,ULBSL,,3190,3090,3178,,,460,1435176.5,22,,
2026-03-01,ULHC,,561,544,551.9,,,22044,12125534.8,224,,
2026-03-01,UMHL,,627.5,618.7,622,,,42324,26289878.4,157,,
2026-03-01,UMRH,,551,541,551,,,21970,11968488.5,75,,
2026-03-01,UNHPL,,499.9,486.2,495.2,,,106944,52950945.7,256,,
2026-03-01,UNL,,46950,46300,46300,,,50,2333500,5,,
2026-03-01,UNLB,,1888,1815,1887.9,,,470,868405.6,25,,
2026-03-01,UPCL,,374.5,360.5,367.9,,,60291,22051068.9,192,,
2026-03-01,UPPER,,188.5,180,185.7,,,120196,22078113.2,461,,
2026-03-01,USHEC,,477.8,466.1,476,,,27616,13049228.1,145,,
2026-03-01,USHL,,720,701,703,,,5632,3985412.1,59,,
2026-03-01,USLB,,1425,1393,1423,,,3930,5543382.7,90,,
2026-03-01,VLBS,,752.9,740.2,748,,,2189,1640556.1,31,,
2026-03-01,VLUCL,,566.1,548,566.1,,,3427,1917827.9,70,,
2026-03-03,ACLBSL,,1045,956,969,,,4000,3885633.3,55,,
2026-03-03,ADBL,,308.6,297.1,305,,,47965,14601174.9,209,,
2026-03-03,AHL,,509,495,504.9,,,4763,2392576.5,90,,
2026-03-03,AHPC,,288.5,275,287.4,,,320466,91428355.9,799,,
2026-03-03,AKJCL,,374.2,360,371.9,,,936347,346530379.2,1479,,
2026-03-03,AKPL,,274.8,257.4,272.9,,,253442,68672041.8,640,,
2026-03-03,ALBSL,,1133,1073.1,1122,,,7491,8279191.1,159,,
2026-03-03,ALICL,,454.5,445.3,452,,,33671,15191675.1,184,,
2026-03-03,ANLB,,6460,6350,6400,,,925,5906003.6,37,,
2026-03-03,API,,319,312.2,317,,,483492,152908907.9,1427,,
2026-03-03,AVYAN,,980,960,979.8,,,4729,4596367.5,67,,
2026-03-03,BANDIPUR,,968.2,931.2,965,,,75394,72268426,974,,
2026-03-03,BARUN,,358,342.9,356,,,110562,39043646.9,607,,
2026-03-03,BBC,,4748.9,4581.4,4621,,,1051,4912041,81,,
2026-03-03,BEDC,,525,500,522.9,,,4326,2239218.3,77,,
2026-03-03,BFC,,480,470,478.9,,,15485,7377116.4,86,,
2026-03-03,BGWT,,769.9,750,766,,,1636,1231385.8,34,,
2026-03-03,BHCL,,595,573,592,,,38987,23032745.1,411,,
2026-03-03,BHDC,,484,470.5,484,,,12698,6110644,88,,
2026-03-03,BHL,,205,199,204.9,,,147889,30051786.8,514,,
2026-03-03,BHPL,,586,560,579.8,,,31155,17809226.2,278,,
2026-03-03,BNHC,,351.5,332,350,,,30119,10392444.2,211,,
2026-03-03,BNL,,15350,15200,15350,,,30,457500,2,,
2026-03-03,BNT,,11799.9,11600,11799.9,,,255,2967349,15,,
2026-03-03,BPCL,,734,700.9,733,,,68318,49652445.1,265,,
2026-03-03,BUNGAL,,659.9,635.2,658.9,,,22141,14470364.3,399,,
2026-03-03,CBBL,,937.9,920,937.9,,,24899,22991960.3,200,,
2026-03-03,CFCL,,541.7,530,538,,,18628,10017366,115,,
2026-03-03,CGH,,843.1,820,837,,,10599,8847141.3,124,,
2026-03-03,CHCL,,481,468.8,479.9,,,39111,18705269.5,248,,
2026-03-03,CHDC,,2545,2500,2534.9,,,14747,37256524.8,235,,
2026-03-03,CHL,,292,283,289.9,,,44798,12924128.5,208,,
2026-03-03,CIT,,1805,1778,1803,,,8293,14896261.5,202,,
2026-03-03,CITY,,488.5,465,487.9,,,9217,4448148.1,114,,
2026-03-03,CKHL,,723,668.2,723,,,6212,4270070.3,79,,
2026-03-03,CLI,,474.9,462.1,473.8,,,15877,7486164.7,202,,
2026-03-03,CREST,,1418,1311.1,1418,,,25803,34881686.4,340,,
2026-03-03,CYCL,,1599,1560,1597,,,638,1012195,31,,
2026-03-03,CZBIL,,200,189.5,199,,,122507,24217396,398,,
2026-03-03,DDBL,,860,845,859,,,20521,17496724.9,120,,
2026-03-03,DHEL,,740,717.1,735.9,,,50814,37185778.4,408,,
2026-03-03,DHPL,,307,300,306,,,8650,2643260,51,,
2026-03-03,DLBS,,1355,1334,1350,,,159,212926.2,11,,
2026-03-03,DOLTI,,510,500,510,,,3317,1675079.5,52,,
2026-03-03,DORDI,,284.5,273,283,,,68350,19223014.6,269,,
2026-03-03,EBL,,680,671,679,,,28577,19349946.8,218,,
2026-03-03,EHPL,,420,408,419,,,29633,12377871.6,143,,
2026-03-03,ENL,,935,912.9,935,,,870,806162.3,21,,
2026-03-03,FMDBL,,809,795,801,,,8852,7105925,74,,
2026-03-03,FOWAD,,1078,1057,1066,,,594,631510.4,11,,
2026-03-03,GBIME,,232.5,221.5,231,,,118156,27244851.3,419,,
2026-03-03,GBLBS,,776.8,760,776.8,,,5124,3927588,53,,
2026-03-03,GCIL,,426,411.7,425.5,,,14505,6122955.1,187,,
2026-03-03,GFCL,,674.6,650,674.6,,,20087,13363420.2,176,,
2026-03-03,GHL,,245,237.2,241.5,,,206793,50136456,368,,
2026-03-03,GILB,,1150,1112,1150,,,1182,1337440,26,,
2026-03-03,GLBSL,,1940,1890,1940,,,7941,15387065.3,41,,
2026-03-03,GLH,,273.1,262.7,270,,,114594,30960214,248,,
2026-03-03,GMFBS,,1428,1400.5,1420,,,822,1160058.3,23,,
2026-03-03,GMFIL,,475.5,457,474,,,7118,3366053.1,59,,
2026-03-03,GMLI,,1778,1725.1,1768.8,,,1046,1837156.8,44,,
2026-03-03,GUFL,,569,552,569,,,21678,12174419.3,146,,
2026-03-03,GVL,,496,484,494.8,,,30488,14992153.6,209,,
2026-03-03,HATHY,,920,900.1,919,,,5297,4839127.3,110,,
2026-03-03,HBL,,197.6,188,196.1,,,96785,18887076.2,1000,,
2026-03-03,HDHPC,,203,193,201.9,,,170346,34171051.3,558,,
2026-03-03,HDL,,1166.8,1140,1158.8,,,52058,60037478.8,506,,
2026-03-03,HHL,,343,332.2,342.9,,,22239,7585450.4,146,,
2026-03-03,HIDCL,,267.1,260.5,266.4,,,88409,23392426.5,310,,
2026-03-03,HIMSTAR,,1044,976.1,1016,,,32609,32735579.9,378,,
2026-03-03,HLBSL,,930,911.4,930,,,1852,1710448.2,18,,
2026-03-03,HLI,,374.8,364,373,,,41127,15257934.8,292,,
2026-03-03,HPPL,,478.9,455.7,478.9,,,56334,26509179.9,249,,
2026-03-03,HRL,,861.9,830,858.9,,,106558,90803044.1,759,,
2026-03-03,HURJA,,269.9,256,266.8,,,232691,61620604.4,596,,
2026-03-03,ICFC,,666,652,664.4,,,12682,8400834.9,103,,
2026-03-03,IHL,,528.8,510,526,,,6457,3376778.9,91,,
2026-03-03,ILBS,,943,925,930.2,,,2696,2515681.7,21,,
2026-03-03,ILI,,450.8,439,447,,,20483,9089456.3,254,,
2026-03-03,JBLB,,1344.9,1321,1339,,,5850,7810148.6,128,,
2026-03-03,JFL,,436,428,435,,,6435,2784082.6,63,,
2026-03-03,JHAPA,,1500,1431,1470,,,6862,10084835.9,140,,
2026-03-03,JOSHI,,301.9,290,301,,,62296,18588374.8,229,,
2026-03-03,JSLBB,,1133,1112.1,1133,,,214,239517.5,13,,
2026-03-03,KBL,,204.9,190.1,199.8,,,796857,158006519.8,1837,,
2026-03-03,KBSH,,1684,1625,1684,,,226,371003.6,14,,
2026-03-03,KDL,,918,873,901,,,3125,2813458.7,73,,
2026-03-03,KKHC,,300,275,294.7,,,445693,129485768.5,1269,,
2026-03-03,KMCDB,,930.9,907,924.5,,,2558,2357727.5,37,,
2026-03-03,KPCL,,534.9,518,532,,,19025,10095647.3,128,,
2026-03-03,LEC,,224.9,215,221.6,,,286497,63627649.4,605,,
2026-03-03,LICN,,850,820,837,,,7272,6079710.1,65,,
2026-03-03,LLBS,,996.9,925,996.9,,,2304,2225424.7,38,,
2026-03-03,LSL,,214.2,210,214,,,91404,19444644.7,207,,
2026-03-03,MABEL,,770,725.4,770,,,20005,15131812.1,266,,
2026-03-03,MAKAR,,547.9,531.2,542,,,4699,2536252.1,55,,
2026-03-03,MANDU,,829.9,801.1,816,,,1049,858521.1,35,,
2026-03-03,MATRI,,957.5,935,949,,,4226,3967193.8,50,,
2026-03-03,MBJC,,294.9,284.1,294.4,,,31855,9306853.9,247,,
2026-03-03,MBL,,237.2,230,236.2,,,154788,36331731.9,232,,
2026-03-03,MCHL,,424,410,421.5,,,4878,2039903.4,58,,
2026-03-03,MEHL,,446.7,435,445,,,5857,2586357.8,86,,
2026-03-03,MEL,,290,279.3,289.9,,,30887,8821509.4,220,,
2026-03-03,MEN,,603.8,588.1,599,,,47420,28375849.5,249,,
2026-03-03,MERO,,740,728.1,735,,,3685,2695235,39,,
2026-03-03,MFIL,,858,815,845,,,267126,226012091,824,,
2026-03-03,MHCL,,367.1,345,361,,,39396,14057569.7,327,,
2026-03-03,MHL,,525.8,509.6,525.6,,,19202,10029266.6,123,,
2026-03-03,MHNL,,272,259.7,266.8,,,24587,6494773.9,86,,
2026-03-03,MKCL,,1398.9,1360,1394.9,,,4108,5700504.4,58,,
2026-03-03,MKHC,,333,319,333,,,35263,11517791.55,212,,
2026-03-03,MKHL,,800,759.7,800,,,1683,1320971.1,50,,
2026-03-03,MKJC,,538,519,538,,,15561,8282724.7,82,,
2026-03-03,MLBBL,,1357,1319.1,1356,,,2097,2800406.4,39,,
2026-03-03,MLBS,,1468,1420,1468,,,170,247279,5,,
2026-03-03,MLBSL,,1870,1821,1869.9,,,762,1405335.1,32,,
2026-03-03,MMKJL,,579,568,579,,,5617,3219233.5,80,,
2026-03-03,MPFL,,672,634,648,,,32436,20984289.1,184,,
2026-03-03,MSHL,,799,785,790,,,1520,1203201,34,,
2026-03-03,MSLB,,1325,1289,1316.9,,,2919,3783946.5,44,,
2026-03-03,NABIL,,508.9,497,504,,,53465,26848394.6,480,,
2026-03-03,NADEP,,775.2,745,775.2,,,6983,5251224.1,78,,
2026-03-03,NBL,,251.9,244,251,,,111846,27874502.5,314,,
2026-03-03,NESDO,,1560,1530,1545,,,448,687670.1,19,,
2026-03-03,NFS,,649,630.1,644,,,11221,7188637.8,123,,
2026-03-03,NGPL,,435,423,433.9,,,484087,209054345.8,862,,
2026-03-03,NHDL,,667,640,656.9,,,11216,7316051.2,86,,
2026-03-03,NHPC,,227.4,219,226.6,,,261553,58951672.4,534,,
2026-03-03,NICA,,338,327.5,334.9,,,55876,18709202.9,301,,
2026-03-03,NICLBSL,,569,555.1,566.7,,,7724,4368405.4,99,,
2026-03-03,NIFRA,,268.2,257.6,267.8,,,151034,39998519.8,612,,
2026-03-03,NIMB,,195,189.3,194.9,,,169998,32860161.2,465,,
2026-03-03,NLIC,,790.5,770,781,,,27741,21631432.1,199,,
2026-03-03,NLICL,,599.7,581.3,590,,,11928,7054629,48,,
2026-03-03,NLO,,269.4,269.4,269.4,,,0,0,0,,
2026-03-03,NMB,,243.5,235.4,241.9,,,31533,7592467.4,150,,
2026-03-03,NMBMF,,680,657,675,,,3041,2035940,33,,
2026-03-03,NMFBS,,1145,1126,1145,,,2310,2625234,37,,
2026-03-03,NMLBBL,,625.7,618,625.7,,,12295,7663150.7,91,,
2026-03-03,NRIC,,1251.5,1227,1250,,,23948,29731998.6,248,,
2026-03-03,NRM,,432,418,428,,,11897,5055872.1,124,,
2026-03-03,NRN,,1552,1473,1552,,,36156,55046559.1,279,,
2026-03-03,NTC,,893.5,862,872,,,12203,10616496.9,178,,
2026-03-03,NUBL,,703.8,675,692,,,11561,8027119,88,,
2026-03-03,NWCL,,888.5,863,888.5,,,2551,2255217.9,57,,
2026-03-03,NYADI,,405,393,405,,,12115,4868016.2,77,,
2026-03-03,OHL,,715,700,715,,,2290,1628924.5,25,,
2026-03-03,OMPL,,1344,1302,1340,,,9708,12905600.1,189,,
2026-03-03,PCBL,,242.2,236.4,242.2,,,116670,28056204.7,239,,
2026-03-03,PFL,,388.3,384,388,,,10264,3971352.5,103,,
2026-03-03,PHCL,,301.5,283,299,,,156298,46332087.6,701,,
2026-03-03,PMHPL,,389,347,389,,,74492,26930955.8,279,,
2026-03-03,PMLI,,502.7,490.1,501,,,9946,4981441.7,141,,
2026-03-03,PPCL,,387.5,375.5,387.5,,,50054,19137870.5,131,,
2026-03-03,PPL,,394,377.1,392,,,110866,43097024.7,385,,
2026-03-03,PROFL,,471,462,471,,,10579,4929512.3,88,,
2026-03-03,PRVU,,195,184,194,,,390743,74610874.9,885,,
2026-03-03,PURE,,998,954,996,,,18742,18415875.4,230,,
2026-03-03,RADHI,,880,846.2,873.5,,,239141,207806346.6,616,,
2026-03-03,RAWA,,722,705.1,722,,,1390,990283,24,,
2026-03-03,RFPL,,400,390,400,,,77265,30693192.9,360,,
2026-03-03,RHGCL,,286.9,268,286,,,75962,21439198.3,266,,
2026-03-03,RHPL,,293,282,292.7,,,59675,17179288.9,280,,
2026-03-03,RIDI,,315,300,311.3,,,892830,277497422.7,1985,,
2026-03-03,RLFL,,467,455,460,,,25175,11634231.8,116,,
2026-03-03,RNLI,,482,464,481,,,53285,25376765.1,390,,
2026-03-03,RSDC,,672,650.1,670,,,18352,12196252.6,92,,
2026-03-03,RSML,,685.5,621.1,685.5,,,60,39173,6,,
2026-03-03,RURU,,673,656.2,668.9,,,5521,3678401.6,51,,
2026-03-03,SAGAR,,2040,1962,2009,,,21402,42962021.9,349,,
2026-03-03,SAHAS,,594.8,577,589,,,234606,138095977.7,1079,,
2026-03-03,SAIL,,1384,1303,1335,,,69411,93036846.3,775,,
2026-03-03,SANIMA,,341,335,341,,,53698,18182155,220,,
2026-03-03,SANVI,,842,803,839,,,51813,42664147.1,360,,
2026-03-03,SARBTM,,897.6,864,889,,,25689,22797048.8,113,,
2026-03-03,SBI,,409.9,404,409,,,7799,3184387.4,63,,
2026-03-03,SBL,,389.4,381.8,386.4,,,90817,34818531.7,140,,
2026-03-03,SCB,,652,642.1,650,,,9794,6356859.7,88,,
2026-03-03,SGHC,,403.9,391.2,400.5,,,17106,6820008.5,107,,
2026-03-03,SHEL,,307,294,305.4,,,146230,44568247,515,,
2026-03-03,SHIVM,,634.2,611.1,632,,,220239,138649069.9,927,,
2026-03-03,SHL,,505,495,501.8,,,19351,9677405.6,67,,
2026-03-03,SHLB,,1607,1570,1605,,,282,450434,11,,
2026-03-03,SHPC,,548,534,546,,,81124,43946813.4,305,,
2026-03-03,SIFC,,610,588,604.7,,,16638,10035263.1,98,,
2026-03-03,SIKLES,,618,601.1,616,,,17365,10664175.3,118,,
2026-03-03,SJCL,,312,294.2,304.9,,,22526,6811071.1,118,,
2026-03-03,SJLIC,,460,442,457,,,48442,22018606.1,258,,
2026-03-03,SKBBL,,785,759,781,,,26587,20568244,176,,
2026-03-03,SLBBL,,839.9,818,839.9,,,12082,9994915.1,86,,
2026-03-03,SLBSL,,1313.3,1288,1310,,,648,844780.7,25,,
2026-03-03,SMATA,,805.9,785.2,799.9,,,12167,9753859.4,76,,
2026-03-03,SMB,,1912.9,1865,1912.9,,,1422,2673901.7,28,,
2026-03-03,SMFBS,,1684,1631.8,1684,,,1415,2334083.3,31,,
2026-03-03,SMH,,635,622.3,635,,,10407,6557122.3,144,,
2026-03-03,SMHL,,468.9,455,468.5,,,151488,70753129.5,588,,
2026-03-03,SMJC,,476,467,474,,,7138,3367371.1,100,,
2026-03-03,SMPDA,,882.9,873,875,,,3610,3166284.6,49,,
2026-03-03,SNLI,,473,460,469.9,,,14309,6720232.7,239,,
2026-03-03,SONA,,438.8,429,436,,,21060,9143701.3,254,,
2026-03-03,SPC,,502.5,488,500.5,,,14090,6977987.8,78,,
2026-03-03,SPDL,,404.8,399.5,403,,,59635,24013148.1,151,,
2026-03-03,SPHL,,552.9,537,550,,,6488,3566587,69,,
2026-03-03,SPL,,753,707.6,707.6,,,9449,6807867.6,96,,
2026-03-03,SRLI,,397.9,390,396.2,,,24915,9855554.5,211,,
2026-03-03,SSHL,,194.8,188,194,,,243749,46980213.6,839,,
2026-03-03,STC,,6134.8,6003.1,6090,,,2323,14102420.6,74,,
2026-03-03,SWASTIK,,2875,2809,2875,,,1535,4379033.9,60,,
2026-03-03,SWBBL,,749.7,733.1,746.9,,,7517,5568564.6,61,,
2026-03-03,SWMF,,673.8,660,670,,,2173,1452670.6,38,,
2026-03-03,SYPNL,,1895,1815,1885,,,132134,246753378,1634,,
2026-03-03,TAMOR,,433.9,417,429,,,9331,3986702.7,137,,
2026-03-03,TPC,,393.7,383,391,,,112201,43823341.7,352,,
2026-03-03,TRH,,777,754,769.7,,,753,578195,12,,
2026-03-03,TSHL,,767.9,727.2,756,,,2895,2171172.9,51,,
2026-03-03,TTL,,926.6,886.1,917,,,50192,45875156.4,747,,
2026-03-03,TVCL,,657.9,627,650,,,64851,42142788.5,226,,
2026-03-03,UHEWA,,570,559,570,,,22645,12817387.5,109,,
2026-03-03,ULBSL,,3225,3121,3205,,,665,2102549.4,23,,
2026-03-03,ULHC,,565.9,543.5,564.8,,,33914,18996030.1,226,,
2026-03-03,UMHL,,633.9,622.2,630.5,,,49745,31297831.6,199,,
2026-03-03,UMRH,,570,545,570,,,20436,11471582.7,93,,
2026-03-03,UNHPL,,500.5,490.1,496,,,122438,60984101,248,,
2026-03-03,UNL,,46300,46300,46300,,,5,231819,5,,
2026-03-03,UNLB,,1890,1863,1890,,,329,616027.6,15,,
2026-03-03,UPCL,,380.3,360.7,378.5,,,111888,42168187.9,322,,
2026-03-03,UPPER,,189.8,185,189.7,,,159485,30097530.6,549,,
2026-03-03,USHEC,,482,468.7,480.3,,,14660,7025697.5,111,,
2026-03-03,USHL,,744.9,706.1,729.8,,,4161,2986186.1,77,,
2026-03-03,USLB,,1447.8,1419.9,1445,,,2519,3594547.9,46,,
2026-03-03,VLBS,,760,750,757.3,,,3015,2273510,52,,
2026-03-03,VLUCL,,574.8,555.2,567.8,,,1914,1085082.9,66,,
2026-03-09,ACLBSL,,969,969,969,,,0,0,0,,
2026-03-09,ADBL,,327.7,311,327.7,,,776,246280.8,11,,
2026-03-09,AHL,,525.1,514.9,525.1,,,20,10400,2,,
2026-03-09,AHPC,,316.1,293.1,310,,,42929,13378291.1,103,,
2026-03-09,AKJCL,,409,379.3,394,,,40898,16316840.5,75,,
2026-03-09,AKPL,,300,278.3,299,,,13810,4078465,32,,
2026-03-09,ALBSL,,1190.5,1144.4,1190.5,,,1707,1966369.9,16,,
2026-03-09,ALICL,,488.9,461,480,,,3038,1470063.8,18,,
2026-03-09,ANLB,,6528,6528,6528,,,10,65280,1,,
2026-03-09,API,,345,323,340,,,47031,16036439.2,115,,
2026-03-09,AVYAN,,1039.5,999.3,1039.5,,,30,30580,3,,
2026-03-09,BANDIPUR,,1050,984.3,1038,,,6402,6625037,58,,
2026-03-09,BARUN,,391.6,363.1,389,,,9867,3826761.5,33,,
2026-03-09,BBC,,5000,4713,5000,,,70,340357,7,,
2026-03-09,BEDC,,543.9,533.3,543.9,,,20,10772,2,,
2026-03-09,BFC,,507.6,488,497.7,,,1220,611281,7,,
2026-03-09,BGWT,,796,781,796,,,74,58454,3,,
2026-03-09,BHCL,,651.2,603.8,639,,,500,319462,14,,
2026-03-09,BHDC,,520,493.6,513.4,,,2250,1148008,14,,
2026-03-09,BHL,,225.3,208.9,225.3,,,10410,2243045.2,28,,
2026-03-09,BHPL,,615,591.3,614,,,9790,6014349,32,,
2026-03-09,BNHC,,364.1,357,364.1,,,100,36191,7,,
2026-03-09,BNL,,15657,15657,15657,,,10,156570,1,,
2026-03-09,BNT,,12276.5,12035.8,12276.5,,,20,243123,2,,
2026-03-09,BPCL,,800,747.6,800,,,3815,2946966,16,,
2026-03-09,BUNGAL,,713,672,713,,,891,628308,23,,
2026-03-09,CBBL,,975.7,956.6,975.7,,,240,230348,4,,
2026-03-09,CFCL,,559.6,548.7,559.6,,,470,258107,4,,
2026-03-09,CGH,,900,853.7,900,,,1763,1521357.3,9,,
2026-03-09,CHCL,,509,489.4,509,,,30,14975,3,,
2026-03-09,CHDC,,2708,2585.5,2708,,,1545,4069152,19,,
2026-03-09,CHL,,307.5,295.6,307.5,,,30,9046,3,,
2026-03-09,CIT,,1875.7,1839,1875.7,,,50,92317,3,,
2026-03-09,CITY,,536.6,497.6,536.6,,,990,493607,13,,
2026-03-09,CKHL,,766,737,766,,,680,509814,13,,
2026-03-09,CLI,,492.8,483.2,492.8,,,1010,488128,6,,
2026-03-09,CREST,,1533,1417.9,1532.9,,,5839,8678863.7,58,,
2026-03-09,CYCL,,1661,1628.9,1661,,,40,65477,3,,
2026-03-09,CZBIL,,215.3,202.9,215.3,,,6371,1315165.7,17,,
2026-03-09,DDBL,,910,876.1,910,,,54,47823.4,4,,
2026-03-09,DHEL,,795.9,750.6,795.9,,,1360,1041030,23,,
2026-03-09,DHPL,,324,312.1,324,,,80,25744,4,,
2026-03-09,DLBS,,1377,1377,1377,,,10,13770,1,,
2026-03-09,DOLTI,,530.6,520.2,530,,,204,108016.4,8,,
2026-03-09,DORDI,,306.1,288.6,305,,,2680,798058,17,,
2026-03-09,EBL,,705.8,692,705.8,,,110,76258,2,,
2026-03-09,EHPL,,436,427.3,436,,,90,38888,9,,
2026-03-09,ENL,,972.7,953.7,955.1,,,30,28815,3,,
2026-03-09,FMDBL,,881,817,880,,,7785,6726380,15,,
2026-03-09,FOWAD,,1131.1,1087.3,1131.1,,,183,200998,3,,
2026-03-09,GBIME,,250,235.6,250,,,2979,710698.4,11,,
2026-03-09,GBLBS,,792.3,792.3,792.3,,,10,7923,1,,
2026-03-09,GCIL,,460.4,434,460.4,,,894,395816,10,,
2026-03-09,GFCL,,715.7,688,715.7,,,220,157037,5,,
2026-03-09,GHL,,263.1,246.3,263.1,,,19879,5146201.4,22,,
2026-03-09,GILB,,1173,1173,1173,,,20,23460,2,,
2026-03-09,GLBSL,,1978,1978,1978,,,20,39560,2,,
2026-03-09,GLH,,286,275.4,286,,,3880,1087170,8,,
2026-03-09,GMFBS,,1536,1448.4,1536,,,70,103698,5,,
2026-03-09,GMFIL,,502,483.4,493,,,40,19713,4,,
2026-03-09,GMLI,,1875,1803,1875,,,90,166590,4,,
2026-03-09,GUFL,,603.7,580.3,603.5,,,2429,1465154.8,15,,
2026-03-09,GVL,,535,504.6,535,,,198,102234.8,8,,
2026-03-09,HATHY,,994.5,937,994.5,,,385,368637.5,5,,
2026-03-09,HBL,,212.1,200,212,,,2792,573398,21,,
2026-03-09,HDHPC,,222,205.9,221.9,,,21708,4795680.3,56,,
2026-03-09,HDL,,1274,1181.9,1270,,,2492,3118944,23,,
2026-03-09,HHL,,356.6,349.7,356.6,,,350,122533,5,,
2026-03-09,HIDCL,,292,271.7,292,,,2844,808413.5,12,,
2026-03-09,HIMSTAR,,1117,1036.3,1117,,,1605,1753183,22,,
2026-03-09,HLBSL,,948.6,948.6,948.6,,,10,9486,1,,
2026-03-09,HLI,,397.8,380.4,397.8,,,1622,637971.6,16,,
2026-03-09,HPPL,,510,488.4,505,,,13424,6764360,39,,
2026-03-09,HRL,,944.7,876,944.7,,,8620,8023848,80,,
2026-03-09,HURJA,,292,272.1,282.5,,,22772,6602205,37,,
2026-03-09,ICFC,,691.1,677.6,691.1,,,40,27239,4,,
2026-03-09,IHL,,547.2,536.5,547.2,,,20,10837,2,,
2026-03-09,ILBS,,987,948.8,987,,,631,611292.5,6,,
2026-03-09,ILI,,474.3,447,465,,,2164,1001540.8,8,,
2026-03-09,JBLB,,1419,1365,1419,,,145,199680,5,,
2026-03-09,JFL,,443.7,443.7,443.7,,,10,4437,1,,
2026-03-09,JHAPA,,1559.5,1499.4,1529,,,830,1245699.6,10,,
2026-03-09,JOSHI,,325.3,307,322,,,1745,556409,8,,
2026-03-09,JSLBB,,1133,1133,1133,,,0,0,0,,
2026-03-09,KBL,,219.7,203.7,216.1,,,25478,5448426,51,,
2026-03-09,KBSH,,1717.6,1717.6,1717.6,,,10,17176,1,,
2026-03-09,KDL,,919,919,919,,,10,9190,1,,
2026-03-09,KKHC,,323,300.5,321,,,27428,8746644.5,76,,
2026-03-09,KMCDB,,942.9,942.9,942.9,,,310,292299,5,,
2026-03-09,KPCL,,564.4,542.6,564,,,170,94622,8,,
2026-03-09,LEC,,243.7,226,243,,,7171,1697497.1,30,,
2026-03-09,LICN,,870.7,853.7,853.7,,,2170,1855291.5,23,,
2026-03-09,LLBS,,1057,1016.8,1055,,,846,874192,8,,
2026-03-09,LSL,,227,218.2,226,,,3550,790680,10,,
2026-03-09,MABEL,,832.3,785.4,816,,,1842,1501672,13,,
2026-03-09,MAKAR,,575,552.8,575,,,40,22444,4,,
2026-03-09,MANDU,,848.6,832,848.6,,,160,133286,2,,
2026-03-09,MATRI,,987.2,967.9,987.2,,,20,19551,2,,
2026-03-09,MBJC,,323,300.2,321.9,,,3964,1237305.8,24,,
2026-03-09,MBL,,255.6,240.9,255.6,,,2460,598504,14,,
2026-03-09,MCHL,,447.1,429.9,447.1,,,210,91981,4,,
2026-03-09,MEHL,,481,453.9,481,,,2470,1160887,14,,
2026-03-09,MEL,,314,295.6,314,,,2290,702525,19,,
2026-03-09,MEN,,648.1,610.9,648.1,,,3182,1970415.8,14,,
2026-03-09,MERO,,764.6,749.7,764.6,,,70,53343,3,,
2026-03-09,MFIL,,918,845,900,,,7203,6473613.6,33,,
2026-03-09,MHCL,,382.9,368,382,,,5366,2049443.8,20,,
2026-03-09,MHL,,567.1,536.1,556,,,1820,1002242,11,,
2026-03-09,MHNL,,277.5,272.1,277.5,,,40,11046,4,,
2026-03-09,MKCL,,1422.7,1422.7,1422.7,,,40,56908,3,,
2026-03-09,MKHC,,346.3,339.6,346.3,,,1280,434755,4,,
2026-03-09,MKHL,,832.3,816,832.3,,,140,116193,6,,
2026-03-09,MKJC,,580.3,548.7,580.3,,,14460,8139752.8,32,,
2026-03-09,MLBBL,,1410,1383.1,1410,,,50,69424,4,,
2026-03-09,MLBS,,1468,1468,1468,,,0,0,0,,
2026-03-09,MLBSL,,1945.3,1907.2,1945.3,,,20,38525,2,,
2026-03-09,MMKJL,,613,590.5,613,,,1106,654916.5,7,,
2026-03-09,MPFL,,700,648,700,,,60,40439,6,,
2026-03-09,MSHL,,805.8,805.8,805.8,,,10,8058,1,,
2026-03-09,MSLB,,1343.2,1343.2,1343.2,,,10,13432,1,,
2026-03-09,NABIL,,550,514,545,,,4906,2569979.4,32,,
2026-03-09,NADEP,,790.7,790.7,790.7,,,10,7907,1,,
2026-03-09,NBL,,276.1,256,276,,,11113,3017048,38,,
2026-03-09,NESDO,,1607.4,1575.9,1607.4,,,20,31833,2,,
2026-03-09,NFS,,696,656.8,695,,,1120,770391,10,,
2026-03-09,NGPL,,477,442.5,455,,,50610,23384185.5,100,,
2026-03-09,NHDL,,670,670,670,,,110,73700,3,,
2026-03-09,NHPC,,249.2,231,241,,,18680,4593514,39,,
2026-03-09,NICA,,355.2,341.5,355.2,,,690,239937,9,,
2026-03-09,NICLBSL,,589.5,578,589.5,,,210,121495,2,,
2026-03-09,NIFRA,,294.5,273.1,294.5,,,13492,3882047.5,39,,
2026-03-09,NIMB,,214.3,198.7,214.3,,,16013,3411081.1,29,,
2026-03-09,NLIC,,828.7,796.6,812.9,,,2136,1734792,12,,
2026-03-09,NLICL,,590,590,590,,,0,0,0,,
2026-03-09,NLO,,269.4,269.4,269.4,,,0,0,0,,
2026-03-09,NMB,,251.6,246.7,246.7,,,5010,1256203,10,,
2026-03-09,NMBMF,,701,688,701,,,260,179530,4,,
2026-03-09,NMFBS,,1167.9,1167.9,1167.9,,,10,11679,1,,
2026-03-09,NMLBBL,,651.7,638.2,651.7,,,390,249749,7,,
2026-03-09,NRIC,,1352,1275,1340,,,12865,17017405,59,,
2026-03-09,NRM,,470,436,470,,,4570,2099635,20,,
2026-03-09,NRN,,1680,1583,1680,,,3818,6297809,18,,
2026-03-09,NTC,,924,880,880,,,9298,8373842.8,65,,
2026-03-09,NUBL,,692,692,692,,,0,0,0,,
2026-03-09,NWCL,,958.8,905.9,958.8,,,85,79093,5,,
2026-03-09,NYADI,,429.4,405,429,,,300,126828,9,,
2026-03-09,OHL,,743.8,729.3,743.8,,,110,80368,2,,
2026-03-09,OMPL,,1394.1,1366.8,1394.1,,,30,41550,3,,
2026-03-09,PCBL,,256.9,247,256.9,,,370,92938,6,,
2026-03-09,PFL,,403.6,395.7,403.6,,,898,356128.6,6,,
2026-03-09,PHCL,,328.9,304,327,,,32195,10536327.6,63,,
2026-03-09,PMHPL,,400,395,399.9,,,17065,6787696.5,50,,
2026-03-09,PMLI,,531,511,531,,,151,77863,7,,
2026-03-09,PPCL,,403.9,395.2,403.9,,,1120,450967,5,,
2026-03-09,PPL,,424,399.8,424,,,23619,9974962,28,,
2026-03-09,PROFL,,508.9,480,508,,,1687,844242,19,,
2026-03-09,PRVU,,213,197.8,213,,,5262,1059685.2,27,,
2026-03-09,PURE,,1090,1015.9,1090,,,426,441334.5,17,,
2026-03-09,RADHI,,940,890.9,920,,,24345,22419807,47,,
2026-03-09,RAWA,,740,736.4,740,,,30,22128,3,,
2026-03-09,RFPL,,428.4,408,428.4,,,70,29333,7,,
2026-03-09,RHGCL,,309.4,291.7,309.4,,,1690,511112,6,,
2026-03-09,RHPL,,321,298.5,316,,,4968,1581758,16,,
2026-03-09,RIDI,,342.4,317.5,342,,,54168,18420668.5,75,,
2026-03-09,RLFL,,503,469.2,495,,,583,288236,7,,
2026-03-09,RNLI,,520.2,490.6,520.2,,,3443,1699436,29,,
2026-03-09,RSDC,,710,683.4,710,,,50,34572,5,,
2026-03-09,RSML,,675.3,675.3,675.3,,,10,6753,1,,
2026-03-09,RURU,,709.5,682.2,709.5,,,276,193823.2,5,,
2026-03-09,SAGAR,,2172,2049.1,2172,,,1120,2422994,13,,
2026-03-09,SAHAS,,624.9,600.7,624.9,,,3820,2327145.6,23,,
2026-03-09,SAIL,,1468,1361.7,1466,,,10775,15242797,65,,
2026-03-09,SANIMA,,353.9,347,353.9,,,1100,388600,6,,
2026-03-09,SANVI,,907,855.7,892,,,9040,8016997,30,,
2026-03-09,SARBTM,,942,906.7,924,,,1551,1436039,12,,
2026-03-09,SBI,,441,417.1,440,,,1330,577633,11,,
2026-03-09,SBL,,400,394.1,400,,,60,23882,3,,
2026-03-09,SCB,,698.7,663,698.7,,,460,313169,7,,
2026-03-09,SGHC,,440.2,400.5,440,,,2558,1096717.6,12,,
2026-03-09,SHEL,,330,311.5,330,,,16180,5309595,49,,
2026-03-09,SHIVM,,695.2,644.6,675,,,42874,28903245.6,129,,
2026-03-09,SHL,,532,511.8,530,,,2165,1132747,15,,
2026-03-09,SHLB,,1637.1,1637.1,1637.1,,,10,16371,1,,
2026-03-09,SHPC,,579.3,556.9,579,,,4016,2302260.5,20,,
2026-03-09,SIFC,,641.5,616.7,641.5,,,676,427128,5,,
2026-03-09,SIKLES,,640.8,628.3,640.8,,,210,134443,5,,
2026-03-09,SJCL,,323,310.9,323,,,605,193306.5,7,,
2026-03-09,SJLIC,,484.9,466.1,484.9,,,1258,593402.8,7,,
2026-03-09,SKBBL,,812,796.6,812,,,564,451500,7,,
2026-03-09,SLBBL,,891.1,856.6,891.1,,,240,206445,6,,
2026-03-09,SLBSL,,1336.2,1336.2,1336.2,,,20,26724,2,,
2026-03-09,SMATA,,852.7,815,852.7,,,300,245986,7,,
2026-03-09,SMB,,1990.1,1951.1,1990.1,,,277,540844.7,4,,
2026-03-09,SMFBS,,1717.6,1717.6,1717.6,,,20,34352,2,,
2026-03-09,SMH,,660,647,660,,,150,97696,6,,
2026-03-09,SMHL,,515,477.8,509,,,20969,10444486,78,,
2026-03-09,SMJC,,493,483.4,493,,,20,9764,2,,
2026-03-09,SMPDA,,910.3,892.5,910.3,,,20,18028,2,,
2026-03-09,SNLI,,495,479.2,495,,,735,360541,7,,
2026-03-09,SONA,,471.7,444.7,465,,,920,422352,8,,
2026-03-09,SPC,,530,510.5,530,,,187,96305.5,6,,
2026-03-09,SPDL,,434.5,411,430,,,865,371311.5,10,,
2026-03-09,SPHL,,561,561,561,,,10,5610,1,,
2026-03-09,SPL,,778,721,778,,,50,37460,5,,
2026-03-09,SRLI,,420.3,404.1,420,,,2611,1088346.1,20,,
2026-03-09,SSHL,,213.4,197.8,213.4,,,17905,3694841.1,34,,
2026-03-09,STC,,6335.9,6171,6294,,,138,864022.4,9,,
2026-03-09,SWASTIK,,3050.9,2932.5,3050.9,,,30,89745,3,,
2026-03-09,SWBBL,,792,761,792,,,303,232720,6,,
2026-03-09,SWMF,,683,683,683,,,200,136600,2,,
2026-03-09,SYPNL,,2040,1922.7,2030,,,14261,28682723,105,,
2026-03-09,TAMOR,,455.1,437.5,446.2,,,542,239998,10,,
2026-03-09,TPC,,423,398.8,408,,,2385,983937,15,,
2026-03-09,TRH,,785,770,770,,,290,224425,5,,
2026-03-09,TSHL,,802.2,771.1,802.2,,,120,92997,5,,
2026-03-09,TTL,,1008.7,935.3,999,,,2717,2707406,34,,
2026-03-09,TVCL,,676,663,676,,,2040,1366780,5,,
2026-03-09,UHEWA,,604.8,581.4,604.8,,,130,76976,4,,
2026-03-09,ULBSL,,3400,3269.1,3400,,,70,233393,5,,
2026-03-09,ULHC,,587.5,576,587.5,,,710,413675,6,,
2026-03-09,UMHL,,680,643.1,669,,,980,656200,13,,
2026-03-09,UMRH,,610,581.4,610,,,330,200724,6,,
2026-03-09,UNHPL,,536,505,525,,,10332,5269313.8,33,,
2026-03-09,UNL,,46300,46300,46300,,,0,0,0,,
2026-03-09,UNLB,,1927.8,1927.8,1927.8,,,60,115668,3,,
2026-03-09,UPCL,,416,386,414.8,,,5257,2154250.6,31,,
2026-03-09,UPPER,,208.6,193.4,208.6,,,23326,4848167.7,65,,
2026-03-09,USHEC,,490,489.9,490,,,30,14698,3,,
2026-03-09,USHL,,789,744.3,789,,,220,167457,14,,
2026-03-09,USLB,,1531,1473,1531,,,300,456165,11,,
2026-03-09,VLBS,,757.3,757.3,757.3,,,0,0,0,,
2026-03-09,VLUCL,,590,579,590,,,60,35180,3,,
2026-03-10,ACLBSL,,1023,988,997,,,9390,9411719.5,145,,
2026-03-10,ADBL,,330,310,317,,,163883,51997527.1,834,,
2026-03-10,AHL,,550,530,540,,,26899,14545899.5,321,,
2026-03-10,AHPC,,315,290.3,303,,,1020752,308551616.9,2795,,
2026-03-10,AKJCL,,394,373.4,377.8,,,1834065,696438395.4,2346,,
2026-03-10,AKPL,,304,283.6,289,,,1022629,296325358,2689,,
2026-03-10,ALBSL,,1191,1119.2,1167.5,,,25883,29696503.7,280,,
2026-03-10,ALICL,,489.6,462,480,,,122617,58592295.7,597,,
2026-03-10,ANLB,,6600,6341.1,6341.1,,,107,695776.2,9,,
2026-03-10,API,,347,323,341,,,1842222,616847194.8,5336,,
2026-03-10,AVYAN,,1060,995,1039,,,23583,24226479.7,296,,
2026-03-10,BANDIPUR,,1058,1000,1017,,,168640,172871614.6,2360,,
2026-03-10,BARUN,,390,367.9,374,,,392373,146832632.3,1736,,
2026-03-10,BBC,,5050,4793,4890,,,1394,6773288.9,92,,
2026-03-10,BEDC,,555.6,515,541,,,35598,19176908.8,253,,
2026-03-10,BFC,,507.6,490,497.2,,,56492,28198029.6,478,,
2026-03-10,BGWT,,828,770.1,789,,,8932,7070547.9,152,,
2026-03-10,BHCL,,651,605,617,,,97238,60332865.7,1014,,
2026-03-10,BHDC,,522,489.1,505,,,87403,43901487.4,451,,
2026-03-10,BHL,,238,212,222,,,1133814,251415550.7,4177,,
2026-03-10,BHPL,,620,585,588,,,74998,44418549.8,545,,
2026-03-10,BNHC,,381,357,380,,,104979,39005412,706,,
2026-03-10,BNL,,15700,15657,15657,,,40,626750,4,,
2026-03-10,BNT,,12522,11900,11900,,,268,3242731,26,,
2026-03-10,BPCL,,800,750,769,,,218668,167140293.3,995,,
2026-03-10,BUNGAL,,727,680,689.9,,,42165,29354253.8,655,,
2026-03-10,CBBL,,1015.1,950,975,,,56660,54994482.8,571,,
2026-03-10,CFCL,,570,549,558,,,51162,28547286.5,322,,
2026-03-10,CGH,,918,864,877,,,86634,76170888.4,581,,
2026-03-10,CHCL,,525,492,500.1,,,154523,77555082.7,911,,
2026-03-10,CHDC,,2717,2585,2624,,,54268,142160361.8,583,,
2026-03-10,CHL,,324.3,301,313.1,,,322318,100759170.2,1487,,
2026-03-10,CIT,,1913,1800,1868,,,31528,59307411.8,628,,
2026-03-10,CITY,,540,500,512,,,43948,22565508.9,508,,
2026-03-10,CKHL,,780,711.1,728,,,21611,15644866.6,203,,
2026-03-10,CLI,,502,483,495,,,86553,42576347.8,718,,
2026-03-10,CREST,,1532.9,1445,1489,,,58270,86035698.5,696,,
2026-03-10,CYCL,,1665,1580,1609.9,,,5686,9105255.9,120,,
2026-03-10,CZBIL,,219,200,212,,,214007,45072965.2,790,,
2026-03-10,DDBL,,918,882,894,,,46619,41894412.1,270,,
2026-03-10,DHEL,,810,750,768,,,94315,72366483.2,881,,
2026-03-10,DHPL,,330.4,311.3,322.8,,,55455,17766447.8,238,,
2026-03-10,DLBS,,1400,1351,1389.9,,,2909,3996124.1,66,,
2026-03-10,DOLTI,,552,519.4,530,,,17911,9560222.7,166,,
2026-03-10,DORDI,,310,291.1,295,,,278636,82820495.4,957,,
2026-03-10,EBL,,734,705.9,711,,,94294,67056043.2,644,,
2026-03-10,EHPL,,453.5,426,436,,,97230,42373117.4,535,,
2026-03-10,ENL,,982,925,971.5,,,7384,7106883.8,108,,
2026-03-10,FMDBL,,880,825,844.4,,,75234,63097205.1,473,,
2026-03-10,FOWAD,,1149,1060,1100,,,12125,13370381.1,187,,
2026-03-10,GBIME,,255,240.1,245.6,,,461869,113436884.9,1653,,
2026-03-10,GBLBS,,823,792.3,800,,,24294,19471351.1,272,,
2026-03-10,GCIL,,460.4,431.5,447.7,,,95438,42519359,769,,
2026-03-10,GFCL,,725,688,700,,,95271,66916604.4,668,,
2026-03-10,GHL,,268,249,256,,,453102,116593886.3,1179,,
2026-03-10,GILB,,1214.9,1185,1214.9,,,10646,12795151.8,147,,
2026-03-10,GLBSL,,2080,1990,2009,,,4665,9472122,144,,
2026-03-10,GLH,,291,276,284.2,,,234860,66777817.9,857,,
2026-03-10,GMFBS,,1527.5,1451,1454,,,4652,6892927,67,,
2026-03-10,GMFIL,,500,485,485.3,,,42295,20773442.8,224,,
2026-03-10,GMLI,,1900,1770,1820,,,4617,8298989.2,141,,
2026-03-10,GUFL,,614,575.2,590,,,70916,42017418.1,501,,
2026-03-10,GVL,,540,500.1,518.6,,,361048,183894209.9,845,,
2026-03-10,HATHY,,1005,949.7,972,,,40680,39535993.8,529,,
2026-03-10,HBL,,220.5,206,212.8,,,497301,105116250.7,4448,,
2026-03-10,HDHPC,,226,208.4,216,,,852972,184483353.3,2454,,
2026-03-10,HDL,,1292,1198,1225,,,269114,330298436.1,2948,,
2026-03-10,HHL,,377,350,363,,,163589,58990390.4,819,,
2026-03-10,HIDCL,,296,278,291,,,717710,204514688.9,2103,,
2026-03-10,HIMSTAR,,1117,1029,1046,,,39493,41610787.7,540,,
2026-03-10,HLBSL,,970,930,950,,,9030,8523939.9,89,,
2026-03-10,HLI,,405,382,396,,,208688,81462566.9,1244,,
2026-03-10,HPPL,,527,495,523,,,608028,310277389.2,2075,,
2026-03-10,HRL,,950,885,906,,,506231,461393535.8,3376,,
2026-03-10,HURJA,,291.9,274.5,285.1,,,761115,215683326.6,1723,,
2026-03-10,ICFC,,704,670,679.9,,,51856,35384830.1,352,,
2026-03-10,IHL,,569.2,526,530,,,19805,10760735.3,226,,
2026-03-10,ILBS,,1000,935.1,986.7,,,16162,15582256.8,157,,
2026-03-10,ILI,,474,456,462.2,,,83945,38863470.7,831,,
2026-03-10,JBLB,,1476.2,1380,1393,,,22381,31455148,421,,
2026-03-10,JFL,,470,449,458,,,58423,26734520.3,462,,
2026-03-10,JHAPA,,1550,1460,1550,,,19718,29365843.8,268,,
2026-03-10,JOSHI,,328,309,311.9,,,177996,56148702.7,744,,
2026-03-10,JSLBB,,1200,1155,1174.9,,,3080,3631048.1,62,,
2026-03-10,KBL,,220.4,206,213.8,,,1974270,422817066,4440,,
2026-03-10,KBSH,,1753,1683,1725,,,877,1509151.7,38,,
2026-03-10,KDL,,969,925,945,,,28323,26633186.1,332,,
2026-03-10,KKHC,,340.5,302,309.8,,,659887,205032666,1864,,
2026-03-10,KMCDB,,998.5,945.1,977,,,12942,12394750.7,167,,
2026-03-10,KPCL,,615,534.4,614,,,126432,70604428.5,500,,
2026-03-10,LEC,,247,229,237,,,669648,157800046.9,1700,,
2026-03-10,LICN,,910,855,900,,,155079,135794036.7,766,,
2026-03-10,LLBS,,1072,970.2,1010,,,2500,2512218.5,38,,
2026-03-10,LSL,,230.5,212,222.9,,,318545,71123313.2,763,,
2026-03-10,MABEL,,821,764,798.6,,,38159,30330144.7,505,,
2026-03-10,MAKAR,,586,546,555,,,14249,7930540.1,138,,
2026-03-10,MANDU,,882,833,850,,,8008,6804311.5,115,,
2026-03-10,MATRI,,1006.9,966,985,,,3419,3368646.8,69,,
2026-03-10,MBJC,,321.9,301.1,307.3,,,198476,60976319.5,961,,
2026-03-10,MBL,,258,242,246.1,,,271247,67181162.5,749,,
2026-03-10,MCHL,,454.9,420,438,,,16206,6996481.8,139,,
2026-03-10,MEHL,,488.5,451,468,,,46877,21789741.7,270,,
2026-03-10,MEL,,320,296,302,,,82418,24997583.1,585,,
2026-03-10,MEN,,655,621,633,,,225802,142963517.8,867,,
2026-03-10,MERO,,779.8,744.4,762,,,27012,20500545.8,200,,
2026-03-10,MFIL,,917.8,836,849,,,254865,221559697.7,932,,
2026-03-10,MHCL,,398,368.5,392,,,79017,30473552.9,536,,
2026-03-10,MHL,,556,531,537,,,74293,40231987.4,385,,
2026-03-10,MHNL,,294,271.3,278.9,,,113457,31627333.8,360,,
2026-03-10,MKCL,,1509,1408.2,1428,,,9440,13582831.8,185,,
2026-03-10,MKHC,,360,334.2,341.2,,,104622,35985083.8,581,,
2026-03-10,MKHL,,848,802,830,,,4570,3742373.2,94,,
2026-03-10,MKJC,,582,543,547,,,119941,66045807.5,586,,
2026-03-10,MLBBL,,1438.2,1379,1389,,,6850,9577912.4,123,,
2026-03-10,MLBS,,1540,1460,1494,,,1884,2812987,53,,
2026-03-10,MLBSL,,2031,1945.3,2016,,,11501,23077606.8,148,,
2026-03-10,MMKJL,,615,585,587,,,16150,9537193.5,157,,
2026-03-10,MPFL,,713,652.7,668,,,70931,47445424,488,,
2026-03-10,MSHL,,825,804.6,821,,,6568,5372812.3,74,,
2026-03-10,MSLB,,1369,1304.1,1330,,,5082,6768672.1,90,,
2026-03-10,NABIL,,555,528,534.8,,,271844,146203278.7,2313,,
2026-03-10,NADEP,,830,789,804.8,,,10727,8658861.1,133,,
2026-03-10,NBL,,281,266.2,271,,,377088,102596919.2,1401,,
2026-03-10,NESDO,,1671,1575,1600,,,3505,5631021.5,91,,
2026-03-10,NFS,,708,666.6,671,,,53356,36277119,532,,
2026-03-10,NGPL,,476.2,441,471,,,2409989,1097355157.2,4363,,
2026-03-10,NHDL,,696.9,675,690,,,44376,30393157.4,287,,
2026-03-10,NHPC,,244.2,230.5,239.9,,,794521,188865326.1,1875,,
2026-03-10,NICA,,360,339,349.7,,,338163,116970808.6,1106,,
2026-03-10,NICLBSL,,603,577.8,593,,,43121,25497013.9,417,,
2026-03-10,NIFRA,,299,276,285.2,,,1019341,289327832.3,3393,,
2026-03-10,NIMB,,218.5,205,209,,,675786,141983665.2,1904,,
2026-03-10,NLIC,,829,797,824,,,158831,129707375.6,1100,,
2026-03-10,NLICL,,617,600,614.9,,,66102,40302851.1,400,,
2026-03-10,NLO,,269.4,269.4,269.4,,,0,0,0,,
2026-03-10,NMB,,265.2,249.9,253.1,,,296164,75183115,1020,,
2026-03-10,NMBMF,,715,688,688,,,13961,9693211.9,132,,
2026-03-10,NMFBS,,1214.9,1180,1187,,,14402,17178828.7,161,,
2026-03-10,NMLBBL,,669,640,669,,,68382,44883937.5,286,,
2026-03-10,NRIC,,1340,1280,1299,,,101100,131517382.4,890,,
2026-03-10,NRM,,470,440,446,,,79858,35948570,549,,
2026-03-10,NRN,,1690,1576,1600.1,,,152439,245263447.3,902,,
2026-03-10,NTC,,942.5,880,900,,,96225,86579936.6,1162,,
2026-03-10,NUBL,,733,705.8,722,,,29057,20878976.1,216,,
2026-03-10,NWCL,,977.9,900,926,,,17795,16433591.4,209,,
2026-03-10,NYADI,,435,413,420,,,52898,22331219.6,331,,
2026-03-10,OHL,,785,717.2,760,,,33844,25185490.1,245,,
2026-03-10,OMPL,,1450,1362,1398,,,24764,34523805.8,425,,
2026-03-10,PCBL,,265.1,246,255,,,223749,57086601.4,660,,
2026-03-10,PFL,,427,401,408.2,,,81331,33237324.7,605,,
2026-03-10,PHCL,,333,306,320,,,555493,175584652.2,2120,,
2026-03-10,PMHPL,,416,377,416,,,201187,77634680.6,626,,
2026-03-10,PMLI,,535,509.6,517.9,,,27881,14409763.5,282,,
2026-03-10,PPCL,,415,391.1,411,,,194692,78606834.1,485,,
2026-03-10,PPL,,425,400,403,,,367272,149651670.8,1141,,
2026-03-10,PROFL,,515,481,494,,,50473,24960302.6,321,,
2026-03-10,PRVU,,224,204,209,,,951258,201671819.6,2956,,
2026-03-10,PURE,,1111.8,1010.3,1047,,,40907,42645771.6,522,,
2026-03-10,RADHI,,922,883.6,897,,,511932,459075618.2,1270,,
2026-03-10,RAWA,,769,730,752,,,6441,4785919,97,,
2026-03-10,RFPL,,435,413,418,,,242660,102316392.7,1068,,
2026-03-10,RHGCL,,315,289,299.5,,,177931,53181263.8,729,,
2026-03-10,RHPL,,318,299.1,301.5,,,208899,63409360,820,,
2026-03-10,RIDI,,340,324,332,,,1810745,598742805,3351,,
2026-03-10,RLFL,,499.8,471,487,,,79610,38421708.5,473,,
2026-03-10,RNLI,,520,492,503.1,,,157164,79265933.9,957,,
2026-03-10,RSDC,,724.2,680,689,,,57251,39740485.1,281,,
2026-03-10,RSML,,742.8,688.8,742.8,,,80,56478,7,,
2026-03-10,RURU,,715,682.1,690,,,18968,13174862.4,220,,
2026-03-10,SAGAR,,2180,2040,2059,,,49300,102292424.3,666,,
2026-03-10,SAHAS,,650,610,625.1,,,391060,245366825.2,2237,,
2026-03-10,SAIL,,1470,1375,1400,,,117827,166248118.4,1635,,
2026-03-10,SANIMA,,368,350,357,,,291198,103592054,968,,
2026-03-10,SANVI,,909,845,859,,,98825,85605427.5,813,,
2026-03-10,SARBTM,,942.4,880,911,,,71555,65093837.8,338,,
2026-03-10,SBI,,440,412.7,422,,,96072,40319155.9,323,,
2026-03-10,SBL,,405,391.1,398.9,,,256460,102129758.7,522,,
2026-03-10,SCB,,712.6,653.3,685,,,82493,55706040.7,483,,
2026-03-10,SGHC,,440,407.3,421,,,79102,33258178.7,406,,
2026-03-10,SHEL,,335,312.7,318,,,614943,196680470.6,1841,,
2026-03-10,SHIVM,,680,647.1,670,,,726890,480060568.6,2923,,
2026-03-10,SHL,,530,503,515,,,137995,71292162.5,472,,
2026-03-10,SHLB,,1700,1643,1656,,,1997,3305993,46,,
2026-03-10,SHPC,,584,551,569,,,204581,115680584.6,892,,
2026-03-10,SIFC,,641.5,604.8,620,,,48104,29792971.3,243,,
2026-03-10,SIKLES,,665,615.1,648.3,,,94053,60692253.8,474,,
2026-03-10,SJCL,,323,304.8,313.9,,,94325,29195668.1,394,,
2026-03-10,SJLIC,,485,456.5,481,,,159925,75674127.7,619,,
2026-03-10,SKBBL,,828,795,810,,,65247,52632542.9,376,,
2026-03-10,SLBBL,,897,850,886.5,,,19353,16822355.4,191,,
2026-03-10,SLBSL,,1390,1337,1385,,,8248,11286870.8,137,,
2026-03-10,SMATA,,869.6,808.8,834.9,,,19521,16379877,284,,
2026-03-10,SMB,,2029.9,1950,1980,,,3922,7765668.5,76,,
2026-03-10,SMFBS,,1751.9,1640,1697,,,4739,7901616.6,79,,
2026-03-10,SMH,,686.2,652,660,,,56694,37656300.2,453,,
2026-03-10,SMHL,,514,482,495,,,491459,242956265.6,2296,,
2026-03-10,SMJC,,512.8,484.1,499,,,47135,23514592.9,372,,
2026-03-10,SMPDA,,928,893.3,903,,,6327,5726424.3,120,,
2026-03-10,SNLI,,503.5,480.2,500,,,113710,56009813,948,,
2026-03-10,SONA,,468,444.3,451,,,165208,74321840.2,964,,
2026-03-10,SPC,,536,506,518.9,,,24854,12855721,222,,
2026-03-10,SPDL,,438,408.1,416,,,157238,65493958.8,515,,
2026-03-10,SPHL,,583.6,560,563.5,,,33932,19348635.1,250,,
2026-03-10,SPL,,779,736.7,745,,,34131,25773498.3,225,,
2026-03-10,SRLI,,426,405,412,,,133543,55049711.7,734,,
2026-03-10,SSHL,,225,205,215,,,1741673,373741546,5138,,
2026-03-10,STC,,6295,6060,6204.9,,,5582,34532974.4,157,,
2026-03-10,SWASTIK,,3100,2945,2987,,,4895,14654173.1,193,,
2026-03-10,SWBBL,,792,763,777,,,28888,22430526,203,,
2026-03-10,SWMF,,710,686,698.4,,,21219,14772871.9,162,,
2026-03-10,SYPNL,,2060,1930.6,1940,,,206056,407594908.4,3421,,
2026-03-10,TAMOR,,455,433,440,,,48603,21561452.7,338,,
2026-03-10,TPC,,416.1,398,405,,,332774,134929798.9,941,,
2026-03-10,TRH,,800,775,783.4,,,15332,12024310.9,159,,
2026-03-10,TSHL,,875,763,875,,,41097,33391843.9,304,,
2026-03-10,TTL,,1018,963,979.8,,,115728,113943480.2,1505,,
2026-03-10,TVCL,,689,612.5,643,,,55974,35707330.3,233,,
2026-03-10,UHEWA,,641,585.5,596.9,,,43176,25874706.1,311,,
2026-03-10,ULBSL,,3468,3207,3345,,,1618,5304753.6,67,,
2026-03-10,ULHC,,599,566.1,570,,,51881,29709633.5,357,,
2026-03-10,UMHL,,669,632,642,,,122827,79158634.9,518,,
2026-03-10,UMRH,,622,573,589,,,57199,33495434.2,314,,
2026-03-10,UNHPL,,525,495.1,497,,,404926,203649811.2,960,,
2026-03-10,UNL,,46300,46300,46300,,,0,0,0,,
2026-03-10,UNLB,,1966.3,1911,1915,,,1553,3010442.7,38,,
2026-03-10,UPCL,,414.8,390,399,,,451461,179498300.5,1304,,
2026-03-10,UPPER,,217,204.9,216,,,2114315,447848503.5,6923,,
2026-03-10,USHEC,,519,492,500,,,168374,84591708.4,820,,
2026-03-10,USHL,,804,735,768.9,,,13868,10496461.2,152,,
2026-03-10,USLB,,1600,1498,1520,,,10166,15558566.9,223,,
2026-03-10,VLBS,,795,770,789.9,,,14164,11076129.1,208,,
2026-03-10,VLUCL,,600,575.1,583.1,,,10046,5882467.7,156,,
2026-03-11,ACLBSL,,1016,980,981.1,,,3897,3859240.8,57,,
2026-03-11,ADBL,,320,310,311.2,,,43238,13574913.5,274,,
2026-03-11,AHL,,545,532,541,,,7662,4144688.6,121,,
2026-03-11,AHPC,,314.7,299.1,301,,,724925,223169675.2,2003,,
2026-03-11,AKJCL,,389.6,375,379.6,,,1342506,512986542.5,1754,,
2026-03-11,AKPL,,298.5,286,286,,,581995,169209357.1,1395,,
2026-03-11,ALBSL,,1190,1123,1142,,,5939,6851009.2,185,,
2026-03-11,ALICL,,490,472,476,,,44239,21281003.2,263,,
2026-03-11,ANLB,,6477,6350,6439.9,,,802,5098860.2,18,,
2026-03-11,API,,355,336.2,340,,,1303521,449882585.3,4014,,
2026-03-11,AVYAN,,1045,1002,1029,,,11811,12116950,138,,
2026-03-11,BANDIPUR,,1037,980.1,984,,,62790,62596197.5,1175,,
2026-03-11,BARUN,,381.3,367,369,,,220773,82734739.3,949,,
2026-03-11,BBC,,4886.9,4710,4715.9,,,815,3891825,42,,
2026-03-11,BEDC,,539,520.4,521,,,11828,6235954.5,118,,
2026-03-11,BFC,,501.2,487,488,,,23125,11384132.9,177,,
2026-03-11,BGWT,,785,770,773,,,2066,1604917.1,58,,
2026-03-11,BHCL,,620,598,600,,,62249,37795403.4,687,,
2026-03-11,BHDC,,514,489,495,,,108497,53834134.9,403,,
2026-03-11,BHL,,226.9,218.7,223,,,559848,124976738.6,1991,,
2026-03-11,BHPL,,598.9,579.2,581.4,,,61944,36260929.3,291,,
2026-03-11,BNHC,,387,365.1,368,,,35922,13553622.9,285,,
2026-03-11,BNL,,15345,15054,15054,,,20,303990,2,,
2026-03-11,BNT,,11900,11780,11780,,,55,652700,3,,
2026-03-11,BPCL,,784.3,740,755,,,89857,67766946.6,443,,
2026-03-11,BUNGAL,,694,666.5,666.6,,,23470,15942479.2,354,,
2026-03-11,CBBL,,979.9,948,948,,,33189,31952481.1,284,,
2026-03-11,CFCL,,559,541,545,,,26742,14688033.8,200,,
2026-03-11,CGH,,887,867,867.1,,,18412,16045260.8,186,,
2026-03-11,CHCL,,518,495,503,,,117369,59554416.5,586,,
2026-03-11,CHDC,,2615,2508.8,2564,,,52156,133778858.4,406,,
2026-03-11,CHL,,318,310,310.5,,,110091,34558474.9,455,,
2026-03-11,CIT,,1888,1817,1833,,,12067,22276296.4,262,,
2026-03-11,CITY,,517,499,500.5,,,23422,11805531,197,,
2026-03-11,CKHL,,734.4,705,718,,,10889,7794547.3,103,,
2026-03-11,CLI,,497.3,484,486,,,25020,12259283.6,357,,
2026-03-11,CREST,,1500,1435,1438,,,14910,21643800.9,302,,
2026-03-11,CYCL,,1615,1586,1600,,,3136,5032325.2,83,,
2026-03-11,CZBIL,,214.8,206.1,211.1,,,117836,24712862.5,424,,
2026-03-11,DDBL,,894,870.1,870.1,,,17495,15404196.7,113,,
2026-03-11,DHEL,,788,735.3,740,,,70389,52961216.2,635,,
2026-03-11,DHPL,,325.9,313,319,,,20771,6643312.4,127,,
2026-03-11,DLBS,,1415,1359,1366,,,353,483375,25,,
2026-03-11,DOLTI,,539.9,520,525,,,5558,2921590,73,,
2026-03-11,DORDI,,300.9,293,293,,,301515,89410650.1,632,,
2026-03-11,EBL,,716,700,700,,,79166,56096467.3,377,,
2026-03-11,EHPL,,444.7,428,429,,,47279,20474422.5,302,,
2026-03-11,ENL,,983.3,956.5,965,,,1445,1397777.1,39,,
2026-03-11,FMDBL,,842,821,821,,,30017,24896453.7,170,,
2026-03-11,FOWAD,,1110,1085,1094.9,,,2769,3038519.6,58,,
2026-03-11,GBIME,,250,239.5,239.7,,,125179,30266789.7,633,,
2026-03-11,GBLBS,,808,787,800,,,8397,6679046.4,85,,
2026-03-11,GCIL,,448.7,435.5,439.9,,,33608,14863090,372,,
2026-03-11,GFCL,,708,675,682,,,32128,21940930.9,219,,
2026-03-11,GHL,,268,252,264,,,649945,171165380.2,1472,,
2026-03-11,GILB,,1239.1,1173.1,1193.9,,,2853,3408257.6,48,,
2026-03-11,GLBSL,,2009,1935,1970,,,2276,4452649.6,55,,
2026-03-11,GLH,,293,280,283.4,,,184113,52714992.4,574,,
2026-03-11,GMFBS,,1483,1440.1,1455.5,,,1120,1638812,23,,
2026-03-11,GMFIL,,494,475,475,,,32065,15524615.5,116,,
2026-03-11,GMLI,,1810.7,1762,1780,,,3592,6403872.3,85,,
2026-03-11,GUFL,,595,571,575,,,34378,19967202.4,205,,
2026-03-11,GVL,,525,510,510,,,66265,34155530.3,359,,
2026-03-11,HATHY,,977.9,945,946,,,17657,16876920.2,268,,
2026-03-11,HBL,,214.9,205.9,207,,,180713,37917465.5,1773,,
2026-03-11,HDHPC,,233,213,224,,,1310408,294494974.1,2929,,
2026-03-11,HDL,,1249.5,1194,1195,,,93653,113266818.1,1122,,
2026-03-11,HHL,,370.2,354.1,356.5,,,54839,19738643.4,282,,
2026-03-11,HIDCL,,297.5,287,288.1,,,634950,186004782.5,1408,,
2026-03-11,HIMSTAR,,1050,990,1014,,,36524,37057346,404,,
2026-03-11,HLBSL,,950,931,944,,,3163,2969346.1,58,,
2026-03-11,HLI,,396,381.9,383,,,86907,33638366.2,555,,
2026-03-11,HPPL,,529.8,515,516,,,221900,115880017.7,765,,
2026-03-11,HRL,,909,885.1,886,,,189772,170193204.4,1452,,
2026-03-11,HURJA,,297,281,286.4,,,691898,201568909.7,1579,,
2026-03-11,ICFC,,684,670,670,,,28013,18936178.3,165,,
2026-03-11,IHL,,540.6,525,540,,,9708,5194625.6,114,,
2026-03-11,ILBS,,986.6,951,963.9,,,10349,10042591,76,,
2026-03-11,ILI,,466,456.3,456.3,,,35020,16154610.9,408,,
2026-03-11,JBLB,,1390,1365,1365.5,,,12256,16839757.3,183,,
2026-03-11,JFL,,467,450,450,,,20162,9168972.3,119,,
2026-03-11,JHAPA,,1600,1470.1,1498,,,7023,10527572.1,168,,
2026-03-11,JOSHI,,318,308.1,310,,,91991,28857623.7,381,,
2026-03-11,JSLBB,,1184,1167,1170,,,2063,2423427,18,,
2026-03-11,KBL,,218,207.3,211,,,1190389,251756710.2,2471,,
2026-03-11,KBSH,,1740,1710,1710,,,503,863045.8,10,,
2026-03-11,KDL,,963.9,930,938.9,,,2589,2435161,78,,
2026-03-11,KKHC,,317.9,305,312,,,388579,120856529.3,1062,,
2026-03-11,KMCDB,,980,947.8,950.2,,,5399,5168338.8,68,,
2026-03-11,KPCL,,601.8,552.6,562,,,417474,233447248,1594,,
2026-03-11,LEC,,244.8,232.9,236.7,,,727073,173789518.4,1408,,
2026-03-11,LICN,,910,873.1,873.3,,,42855,38001334.8,262,,
2026-03-11,LLBS,,1020,965,993,,,2093,2042767.6,29,,
2026-03-11,LSL,,224,216.8,218.1,,,103742,22700463.3,301,,
2026-03-11,MABEL,,800,770.1,780,,,23572,18454801.7,295,,
2026-03-11,MAKAR,,572.5,551,561.9,,,33102,18603458.6,198,,
2026-03-11,MANDU,,866,835,845,,,3507,2959035.3,60,,
2026-03-11,MATRI,,1004.7,965,990,,,2967,2898799.5,58,,
2026-03-11,MBJC,,313.5,302.3,306,,,70878,21822301.2,535,,
2026-03-11,MBL,,252,242,244,,,293106,72546724.9,451,,
2026-03-11,MCHL,,435,429.3,430.1,,,7894,3399452.1,57,,
2026-03-11,MEHL,,474,460,462,,,32860,15386435.5,160,,
2026-03-11,MEL,,307,295,297.5,,,51166,15308763.6,341,,
2026-03-11,MEN,,640,615,620.9,,,68072,42594693.1,379,,
2026-03-11,MERO,,765,745,746,,,15316,11492183.2,101,,
2026-03-11,MFIL,,858,827,827,,,123359,103595514.6,602,,
2026-03-11,MHCL,,395,380.3,380.6,,,36622,14107388.1,245,,
2026-03-11,MHL,,546,532,535.9,,,28164,15169638.9,199,,
2026-03-11,MHNL,,289.6,274.2,280.5,,,53949,15124225.9,232,,
2026-03-11,MKCL,,1450,1364.8,1399,,,5505,7712466.1,95,,
2026-03-11,MKHC,,348,331.4,337.7,,,59340,20001879.5,332,,
2026-03-11,MKHL,,862,799,862,,,10280,8414256,94,,
2026-03-11,MKJC,,551.1,538.2,542,,,55346,30080198.6,251,,
2026-03-11,MLBBL,,1400,1340,1364,,,4351,5922582,72,,
2026-03-11,MLBS,,1490,1464.5,1490,,,688,1010681.5,26,,
2026-03-11,MLBSL,,1980,1952,1978,,,1430,2818034.9,30,,
2026-03-11,MMKJL,,590,571,577,,,12406,7220952.1,135,,
2026-03-11,MPFL,,680.2,660.1,672,,,56183,37588994.3,204,,
2026-03-11,MSHL,,825,804.6,825,,,1626,1334737,29,,
2026-03-11,MSLB,,1336.2,1302,1302,,,1323,1740392.4,48,,
2026-03-11,NABIL,,539,525,527,,,78574,41602142.1,748,,
2026-03-11,NADEP,,820.8,790.1,801,,,4047,3235726,58,,
2026-03-11,NBL,,276,260.2,260.5,,,157597,41714650.6,567,,
2026-03-11,NESDO,,1625,1581.3,1598,,,677,1084747.6,34,,
2026-03-11,NFS,,679,653,657.9,,,22557,14950055,223,,
2026-03-11,NGPL,,479.2,459,460,,,882831,413246821.8,2287,,
2026-03-11,NHDL,,690,670.2,689.9,,,25893,17615613.1,117,,
2026-03-11,NHPC,,263.8,237,263.8,,,1901186,495724328.8,2898,,
2026-03-11,NICA,,352,341,344,,,110266,38016131.3,370,,
2026-03-11,NICLBSL,,594,579,583.5,,,18413,10767555.5,156,,
2026-03-11,NIFRA,,288,279.5,279.5,,,368281,104210110.9,1391,,
2026-03-11,NIMB,,211,205,206.9,,,276854,57457102.3,789,,
2026-03-11,NLIC,,840.4,805,807,,,54439,44422293.9,459,,
2026-03-11,NLICL,,627.1,602.4,614,,,21660,13363401.1,138,,
2026-03-11,NLO,,269.4,269.4,269.4,,,0,0,0,,
2026-03-11,NMB,,255,250,252.7,,,88823,22344853.5,286,,
2026-03-11,NMBMF,,700,685,690,,,9268,6452409.5,67,,
2026-03-11,NMFBS,,1200,1181,1183,,,8599,10236417.1,63,,
2026-03-11,NMLBBL,,682.3,648.4,654.6,,,26630,17544384.8,141,,
2026-03-11,NRIC,,1310,1261,1273,,,39529,50602726.2,420,,
2026-03-11,NRM,,454,438.2,439.8,,,32736,14507734.6,288,,
2026-03-11,NRN,,1609,1544,1555,,,64336,100672203.6,432,,
2026-03-11,NTC,,908,890,890.5,,,21122,18952770.6,305,,
2026-03-11,NUBL,,729,700.1,701.6,,,44528,31463622.7,126,,
2026-03-11,NWCL,,929,891.1,892.1,,,7651,6925449.6,105,,
2026-03-11,NYADI,,425.9,413,419,,,14038,5887227.1,123,,
2026-03-11,OHL,,770,741,741,,,7864,5921793,90,,
2026-03-11,OMPL,,1400,1353,1353,,,8142,11158502.2,189,,
2026-03-11,PCBL,,256,246,248,,,121184,30331971.6,319,,
2026-03-11,PFL,,410,396.5,399,,,37974,15252764.2,235,,
2026-03-11,PHCL,,329,313.2,316,,,269420,86141411.3,1072,,
2026-03-11,PMHPL,,407.7,385,392,,,96197,37845653.7,407,,
2026-03-11,PMLI,,517.9,510,510,,,8378,4296410.2,138,,
2026-03-11,PPCL,,424,407,412,,,161968,66999715.8,392,,
2026-03-11,PPL,,416,400,404,,,230838,94232910.9,788,,
2026-03-11,PROFL,,497,480.5,480.5,,,17596,8599198.9,118,,
2026-03-11,PRVU,,211.4,204,204.9,,,492547,101832162.5,1212,,
2026-03-11,PURE,,1043.9,1000,1005,,,21313,21654834.2,268,,
2026-03-11,RADHI,,914.9,875,875,,,283579,252509116.6,748,,
2026-03-11,RAWA,,751.7,734.1,747,,,1670,1238325,31,,
2026-03-11,RFPL,,425.5,408,410,,,141276,58633504.5,588,,
2026-03-11,RHGCL,,302,294,294,,,108064,32200687.5,333,,
2026-03-11,RHPL,,307,297,301,,,82776,25171480,348,,
2026-03-11,RIDI,,365.2,327,351,,,2437330,859450394.6,4490,,
2026-03-11,RLFL,,489,469,473,,,27649,13111341.3,201,,
2026-03-11,RNLI,,513,489,498,,,76551,37807257.2,517,,
2026-03-11,RSDC,,692,670.1,675.3,,,13826,9380144.1,120,,
2026-03-11,RSML,,812.1,735.6,812.1,,,60,46401,6,,
2026-03-11,RURU,,703.8,673.3,675,,,14319,9768245.7,122,,
2026-03-11,SAGAR,,2074.2,1985,1988,,,25513,51503953.8,371,,
2026-03-11,SAHAS,,633,607,616,,,352570,219616320,1267,,
2026-03-11,SAIL,,1424,1350,1368,,,70459,96892398.1,906,,
2026-03-11,SANIMA,,363,347,347.1,,,102797,36147977.6,358,,
2026-03-11,SANVI,,860,834,856,,,51235,43425215.1,383,,
2026-03-11,SARBTM,,920,901,907.1,,,60923,55683272.8,212,,
2026-03-11,SBI,,423,412,412,,,15747,6531474,99,,
2026-03-11,SBL,,405.9,393.2,395.9,,,84292,33632799.9,209,,
2026-03-11,SCB,,698.1,665,665,,,12196,8163602.4,150,,
2026-03-11,SGHC,,429,412,414,,,38948,16158522.4,194,,
2026-03-11,SHEL,,331,315,329,,,950424,309044564.2,1915,,
2026-03-11,SHIVM,,676,655,655,,,299285,197887939.4,1280,,
2026-03-11,SHL,,525,500.9,510,,,65828,33691728.6,182,,
2026-03-11,SHLB,,1686,1642,1642,,,676,1120124.6,27,,
2026-03-11,SHPC,,580.3,556,558,,,123074,69225573.9,432,,
2026-03-11,SIFC,,628.9,600,604.9,,,18181,11062542.9,110,,
2026-03-11,SIKLES,,663,635.1,653.9,,,82429,53942883.9,369,,
2026-03-11,SJCL,,316,307.3,307.4,,,41907,12994581.5,205,,
2026-03-11,SJLIC,,478.8,463.1,463.4,,,64858,30574550.3,278,,
2026-03-11,SKBBL,,814,794,797,,,15006,12035221.7,162,,
2026-03-11,SLBBL,,890,852.4,861.1,,,8365,7238148.2,89,,
2026-03-11,SLBSL,,1384,1350,1362,,,1909,2614762.1,40,,
2026-03-11,SMATA,,835,810,814,,,9125,7492969.9,139,,
2026-03-11,SMB,,1980,1940.4,1959,,,652,1269448.2,22,,
2026-03-11,SMFBS,,1683,1620.1,1683,,,2877,4742337.2,54,,
2026-03-11,SMH,,667,615.5,647,,,78314,50562731,386,,
2026-03-11,SMHL,,518,493.6,513.8,,,633879,324899817.3,2211,,
2026-03-11,SMJC,,504.5,497,499,,,26115,13080205.1,194,,
2026-03-11,SMPDA,,912,885,886,,,5476,4901350.2,67,,
2026-03-11,SNLI,,500,485.1,488,,,56945,27975537.6,466,,
2026-03-11,SONA,,462,445,446.9,,,69297,31431155.1,544,,
2026-03-11,SPC,,529,505,511,,,13920,7126559.9,145,,
2026-03-11,SPDL,,453.9,413.6,429.5,,,350009,150511868,800,,
2026-03-11,SPHL,,575,565,569,,,13384,7642104.8,119,,
2026-03-11,SPL,,775,731.8,749,,,9305,6977422.5,102,,
2026-03-11,SRLI,,420,406.8,408,,,35350,14510834,310,,
2026-03-11,SSHL,,223,212.8,215,,,809513,176084414.9,2309,,
2026-03-11,STC,,6229.9,6011,6087.2,,,2651,16220417.8,94,,
2026-03-11,SWASTIK,,3025.3,2941,2942,,,1290,3836093,75,,
2026-03-11,SWBBL,,780,765,765,,,8366,6468805.8,103,,
2026-03-11,SWMF,,700,688.1,696,,,4486,3099818.9,52,,
2026-03-11,SYPNL,,1978,1883,1891.1,,,142698,273212607.8,1944,,
2026-03-11,TAMOR,,445,432,432,,,22061,9665670.9,198,,
2026-03-11,TPC,,420,402,417.8,,,214905,88633700,636,,
2026-03-11,TRH,,790,771,780,,,6348,4955921.8,41,,
2026-03-11,TSHL,,857.5,808,828,,,13182,10949393,164,,
2026-03-11,TTL,,989.9,936,936,,,66328,63205564.8,875,,
2026-03-11,TVCL,,641,619,633,,,49630,31375908.8,131,,
2026-03-11,UHEWA,,607,579.4,581.6,,,42605,25057447.3,180,,
2026-03-11,ULBSL,,3300,3212.6,3288,,,1069,3470425,48,,
2026-03-11,ULHC,,578.9,551.3,551.8,,,30497,17143229.7,227,,
2026-03-11,UMHL,,645,631,631.6,,,70843,45113245.3,288,,
2026-03-11,UMRH,,600,570,576,,,32641,18861274.7,180,,
2026-03-11,UNHPL,,499.9,490,491.8,,,177391,87566586.4,547,,
2026-03-11,UNL,,46650,46000,46000,,,360,16626690,29,,
2026-03-11,UNLB,,1945,1911.1,1936.9,,,260,501461,17,,
2026-03-11,UPCL,,406,392,396.1,,,284611,113877831.6,823,,
2026-03-11,UPPER,,225,213,215.5,,,989655,217060814.8,3471,,
2026-03-11,USHEC,,508,488.2,488.2,,,64241,31892700.9,306,,
2026-03-11,USHL,,783.3,740,759.8,,,5677,4320014,75,,
2026-03-11,USLB,,1545,1465,1479,,,5716,8498107.8,119,,
2026-03-11,VLBS,,805.6,781.5,783,,,2429,1909841,42,,
2026-03-11,VLUCL,,594.6,571.5,584,,,6176,3610219.1,115,,
2026-03-12,ACLBSL,,1000,978.3,985.2,,,5413,5334873,64,,
2026-03-12,ADBL,,318.9,308.7,316,,,65807,20735416.9,339,,
2026-03-12,AHL,,547.9,540,543,,,5600,3032481,99,,
2026-03-12,AHPC,,309.7,296.4,306,,,451036,138119293.6,1312,,
2026-03-12,AKJCL,,384,367.1,368.1,,,913618,341220984,1517,,
2026-03-12,AKPL,,297.5,282,295,,,985982,289479838.6,2010,,
2026-03-12,ALBSL,,1187,1120,1162,,,31172,35677981.7,232,,
2026-03-12,ALICL,,485,471.1,481.2,,,40262,19250449.7,242,,
2026-03-12,ANLB,,6524.8,6400,6410.1,,,239,1532287.3,11,,
2026-03-12,API,,345,335.3,336.3,,,719166,244144589.6,2255,,
2026-03-12,AVYAN,,1046,1008.5,1035,,,7772,8030783.1,122,,
2026-03-12,BANDIPUR,,1003,959.9,965,,,85676,83557913.4,1190,,
2026-03-12,BARUN,,377.3,367,375,,,206664,77173169.4,863,,
2026-03-12,BBC,,4789.9,4701,4726,,,378,1796973,37,,
2026-03-12,BEDC,,531.4,520,528,,,16744,8825918.8,160,,
2026-03-12,BFC,,495.1,483,495,,,32069,15742948.2,206,,
2026-03-12,BGWT,,780,760.5,771.1,,,1875,1453109.6,61,,
2026-03-12,BHCL,,606.5,590,591,,,50533,30137065.5,653,,
2026-03-12,BHDC,,504,485.5,496,,,74658,36891063.1,266,,
2026-03-12,BHL,,241,221,237.3,,,1707230,397043172.8,4764,,
2026-03-12,BHPL,,590,580,581,,,34711,20275249.3,221,,
2026-03-12,BNHC,,375,368,370,,,37568,13929626,227,,
2026-03-12,BNL,,15355,15000,15355,,,80,1203560,5,,
2026-03-12,BNT,,11995,11899.9,11899.9,,,30,357949,3,,
2026-03-12,BPCL,,756,737.8,743.9,,,72684,54068537.2,436,,
2026-03-12,BUNGAL,,679,654,665,,,21212,14130670.2,398,,
2026-03-12,CBBL,,960,940,948,,,27762,26364023.4,346,,
2026-03-12,CFCL,,555.5,542,550,,,39882,21975702.5,177,,
2026-03-12,CGH,,882,860,870,,,29015,25248244.9,210,,
2026-03-12,CHCL,,510,500,510,,,68795,34611628,360,,
2026-03-12,CHDC,,2588,2542,2560,,,40682,104168025.9,298,,
2026-03-12,CHL,,322,308.3,318,,,98840,31385749.5,467,,
2026-03-12,CIT,,1860,1801,1844,,,6032,11082881.9,182,,
2026-03-12,CITY,,504,500,504,,,18741,9403888,155,,
2026-03-12,CKHL,,750,700,722,,,4576,3291181.2,74,,
2026-03-12,CLI,,492,480,485.1,,,19593,9529206.9,354,,
2026-03-12,CREST,,1459,1419,1425.9,,,25219,36260263.5,359,,
2026-03-12,CYCL,,1632,1580.4,1608,,,19632,31393277.2,90,,
2026-03-12,CZBIL,,220.3,205,216.7,,,293827,62927769.4,689,,
2026-03-12,DDBL,,885,863,874,,,8570,7515492.8,86,,
2026-03-12,DHEL,,813,718.1,810,,,136276,100548075.3,1050,,
2026-03-12,DHPL,,325.5,315,323,,,16427,5280805.9,105,,
2026-03-12,DLBS,,1362.6,1342,1362.6,,,1139,1540630.1,28,,
2026-03-12,DOLTI,,535,515,528,,,13397,6993324.9,93,,
2026-03-12,DORDI,,317.2,293,311,,,714960,218898120.2,1861,,
2026-03-12,EBL,,710,699,706,,,36695,25910437,231,,
2026-03-12,EHPL,,436.8,429,431.5,,,41232,17818036.2,240,,
2026-03-12,ENL,,973,946,950,,,1596,1526091,49,,
2026-03-12,FMDBL,,837.4,812.1,830,,,21443,17725069.6,129,,
2026-03-12,FOWAD,,1098,1077,1094,,,3184,3464013,60,,
2026-03-12,GBIME,,248,236,244.3,,,274074,66657378.5,730,,
2026-03-12,GBLBS,,810,790.1,804,,,9977,8020319.3,100,,
2026-03-12,GCIL,,448,433,448,,,54297,23972342.6,468,,
2026-03-12,GFCL,,695,676.1,682.3,,,25692,17577333.6,176,,
2026-03-12,GHL,,275,262.8,273,,,636517,172643944.9,1538,,
2026-03-12,GILB,,1219.9,1175,1200,,,4554,5481986.9,46,,
2026-03-12,GLBSL,,1975,1895,1975,,,4370,8435765.5,95,,
2026-03-12,GLH,,297.7,281.2,293.8,,,262021,76785909.6,1006,,
2026-03-12,GMFBS,,1469,1431,1455.5,,,1229,1789086.9,24,,
2026-03-12,GMFIL,,493.3,475,489,,,37113,18019610.1,181,,
2026-03-12,GMLI,,1785,1745.1,1757.2,,,1352,2392002,62,,
2026-03-12,GUFL,,586.5,570,580,,,28221,16333983.4,193,,
2026-03-12,GVL,,516.9,507,514.9,,,71439,36634103.3,383,,
2026-03-12,HATHY,,964,929,950,,,10370,9852281.9,154,,
2026-03-12,HBL,,217,205,216.3,,,311114,66238573.9,2675,,
2026-03-12,HDHPC,,243.5,225,240,,,1842076,440076875.9,4565,,
2026-03-12,HDL,,1208,1190,1200,,,76166,91399998.4,874,,
2026-03-12,HFIN,,111.8,101.7,111.8,,,150,16468,15,,
2026-03-12,HHL,,374,351.5,371,,,195376,71803907.1,840,,
2026-03-12,HIDCL,,303,288,298.5,,,651160,194177953.3,1665,,
2026-03-12,HIMSTAR,,1028,977,999,,,25383,25269926,313,,
2026-03-12,HLBSL,,953.9,929,950,,,33591,31733529.3,35,,
2026-03-12,HLI,,388,378,386.5,,,92659,35696625.9,512,,
2026-03-12,HPPL,,522,510,518,,,292661,150841664.2,646,,
2026-03-12,HRL,,903.7,876,888,,,128475,114367077.9,1176,,
2026-03-12,HURJA,,310,285,302,,,989760,294516565.8,2246,,
2026-03-12,ICFC,,680,657,675,,,21870,14705151.7,113,,
2026-03-12,IHL,,550,526.3,538.9,,,13227,7026397.6,125,,
2026-03-12,ILBS,,999,950,967,,,5682,5478244.8,89,,
2026-03-12,ILI,,462,451,461,,,24078,11041809.7,466,,
2026-03-12,JBLB,,1370,1340,1370,,,6908,9425164.6,158,,
2026-03-12,JFL,,459,449.1,452,,,12383,5606277.3,99,,
2026-03-12,JHAPA,,1527,1455,1464,,,7086,10369967.1,133,,
2026-03-12,JOSHI,,319.9,310,315.1,,,87084,27494440.7,412,,
2026-03-12,JSLBB,,1184.9,1162,1177,,,2262,2674304,17,,
2026-03-12,KBL,,224,208.1,223,,,2044894,447659469.8,3364,,
2026-03-12,KBSH,,1710,1679,1700,,,365,620149,12,,
2026-03-12,KDL,,957.6,918,918,,,7186,6661214.5,127,,
2026-03-12,KKHC,,329.7,298,309,,,585098,180517612.77,1539,,
2026-03-12,KMCDB,,969,938,958.5,,,1914,1827637.1,47,,
2026-03-12,KPCL,,559.2,545,548.1,,,188634,103861720.3,573,,
2026-03-12,LEC,,254,238,251.5,,,1542945,383380237.4,3542,,
2026-03-12,LICN,,889.9,867,881.7,,,26266,22988806.2,143,,
2026-03-12,LLBS,,1005,973,1005,,,891,874332.8,16,,
2026-03-12,LSL,,227,216,224.7,,,239401,53212005.6,532,,
2026-03-12,MABEL,,787,764.4,780,,,21246,16401430,307,,
2026-03-12,MAKAR,,567,555.9,565,,,9707,5453803.2,92,,
2026-03-12,MANDU,,859,838,849,,,1890,1596008,44,,
2026-03-12,MATRI,,985,971.3,977.9,,,5435,5301271.3,46,,
2026-03-12,MBJC,,315.1,302.5,311,,,113871,35446459.5,708,,
2026-03-12,MBL,,252.9,237.2,250.5,,,201453,49571692.5,439,,
2026-03-12,MCHL,,437,420.1,421,,,8599,3653197.5,101,,
2026-03-12,MEHL,,479,452.9,479,,,33702,15909146.2,273,,
2026-03-12,MEL,,306,293,300.5,,,53963,16150349.9,383,,
2026-03-12,MEN,,625.7,609,624.7,,,98750,61135373.8,457,,
2026-03-12,MERO,,752,740,741,,,15507,11575530,113,,
2026-03-12,MFIL,,857,810.5,854,,,242964,205401147.9,623,,
2026-03-12,MHCL,,397.7,376,383,,,27187,10423980.6,228,,
2026-03-12,MHL,,549,526.6,548.5,,,45197,24505348.4,246,,
2026-03-12,MHNL,,290.7,277,287.1,,,65417,18777435.2,282,,
2026-03-12,MKCL,,1411,1375,1407,,,5358,7510690,109,,
2026-03-12,MKHC,,360,335,353,,,113395,39518443.3,621,,
2026-03-12,MKHL,,860,805,860,,,7584,6294932.9,92,,
2026-03-12,MKJC,,547.9,531.2,547.9,,,56694,30714011.1,276,,
2026-03-12,MLBBL,,1370,1341,1370,,,2265,3079582.5,45,,
2026-03-12,MLBS,,1490,1462.1,1465,,,180,264112.5,9,,
2026-03-12,MLBSL,,1974,1939,1974,,,786,1540854.9,21,,
2026-03-12,MMKJL,,587.9,572,579,,,11229,6476308,114,,
2026-03-12,MPFL,,692,661.1,691,,,64719,44064729,346,,
2026-03-12,MSHL,,823.9,810,823.9,,,1760,1428875.5,32,,
2026-03-12,MSLB,,1340,1290.1,1330,,,1823,2419392.3,43,,
2026-03-12,NABIL,,531.7,522,529,,,81850,43235313.7,706,,
2026-03-12,NADEP,,800,785,790,,,5949,4682061,57,,
2026-03-12,NBL,,267.9,259,266,,,103064,27232262.6,455,,
2026-03-12,NESDO,,1625,1570,1597,,,1652,2614995.9,37,,
2026-03-12,NFS,,666,644.8,659,,,19066,12565430.6,192,,
2026-03-12,NGPL,,468.7,454,460,,,838345,385555960.2,1649,,
2026-03-12,NHDL,,694,683,694,,,14629,10052648.8,72,,
2026-03-12,NHPC,,290.1,269,290.1,,,2354251,677943588.2,5011,,
2026-03-12,NICA,,356.4,338.2,349.7,,,179017,62568382.9,529,,
2026-03-12,NICLBSL,,596.7,578,592,,,24960,14668374.8,204,,
2026-03-12,NIFRA,,287.9,276.1,285.1,,,416511,118552650.1,1616,,
2026-03-12,NIMB,,218.2,204.1,215.1,,,560750,119206268.7,1265,,
2026-03-12,NLIC,,815,805,812,,,43568,35245744.8,365,,
2026-03-12,NLICL,,619,607,612,,,22192,13562642.1,128,,
2026-03-12,NLO,,269.4,269.4,269.4,,,0,0,0,,
2026-03-12,NMB,,259.9,249,257,,,106910,27158415.9,415,,
2026-03-12,NMBMF,,700,677.1,696,,,9181,6383153.5,62,,
2026-03-12,NMFBS,,1198,1178,1183,,,1348,1596965.7,36,,
2026-03-12,NMLBBL,,655,643,654.9,,,14661,9543694.2,100,,
2026-03-12,NRIC,,1284.8,1240,1251,,,104262,130944680.6,630,,
2026-03-12,NRM,,447,435.3,445,,,36028,15909456.6,285,,
2026-03-12,NRN,,1575,1520,1522,,,100821,154532190,659,,
2026-03-12,NTC,,895,876,887,,,14394,12785535.9,271,,
2026-03-12,NUBL,,725,702.2,712.1,,,9751,6965512.4,70,,
2026-03-12,NWCL,,920,870,898,,,4109,3649399,94,,
2026-03-12,NYADI,,422,412.1,419,,,13739,5734067.4,133,,
2026-03-12,OHL,,750,737,745,,,3459,2566919,32,,
2026-03-12,OMPL,,1377,1340,1359,,,9212,12477791.3,217,,
2026-03-12,PCBL,,256,245.2,253,,,141893,35697236.9,296,,
2026-03-12,PFL,,404.9,396,403,,,30123,12118323.4,174,,
2026-03-12,PHCL,,323.8,314,320,,,282498,90465995.5,1001,,
2026-03-12,PMHPL,,393,384.1,386,,,104672,40628696.2,328,,
2026-03-12,PMLI,,515,500,511.8,,,12389,6312304.9,203,,
2026-03-12,PPCL,,426.5,410,424.9,,,175706,73579842.8,390,,
2026-03-12,PPL,,412,396,405.9,,,203882,82756376.9,655,,
2026-03-12,PROFL,,493.5,478.5,490,,,17340,8402324.5,157,,
2026-03-12,PRVU,,216.1,201.5,213.2,,,776828,164499697.7,1604,,
2026-03-12,PURE,,1016,985.1,989,,,25415,25297822,290,,
2026-03-12,RADHI,,887.9,874.5,874.5,,,276580,242880852.1,552,,
2026-03-12,RAWA,,750,734,740,,,2579,1905549,36,,
2026-03-12,RFPL,,419,407,412.8,,,122304,50497464.3,581,,
2026-03-12,RHGCL,,306,294,305,,,199972,60306015.4,630,,
2026-03-12,RHPL,,309.7,299,307.9,,,77972,23904072.6,372,,
2026-03-12,RIDI,,369,348,350,,,1093570,390365781.8,2502,,
2026-03-12,RLFL,,482,464.1,478,,,29916,14252280,172,,
2026-03-12,RNLI,,499.9,488.1,499,,,53453,26404286,506,,
2026-03-12,RSDC,,724,662,679.9,,,25126,16951836,161,,
2026-03-12,RSML,,893.3,802.1,893.3,,,160,136911,8,,
2026-03-12,RURU,,699,670.6,699,,,16487,11301906.3,127,,
2026-03-12,SAGAR,,2050,1950,1965,,,42768,84812164.7,388,,
2026-03-12,SAHAS,,622,610.1,616,,,172092,105895724.1,915,,
2026-03-12,SAIL,,1387,1330,1360,,,88145,119603092.8,1074,,
2026-03-12,SANIMA,,354.5,343,351.5,,,106735,37290613,380,,
2026-03-12,SANVI,,873.1,825,835,,,51378,42877020.6,527,,
2026-03-12,SARBTM,,906,894,902,,,54203,48742092.4,369,,
2026-03-12,SBI,,420.2,410.1,419,,,62572,25949587.9,190,,
2026-03-12,SBL,,402.9,394.4,398,,,141558,56495756,324,,
2026-03-12,SCB,,669,660.1,668,,,21163,14103834,134,,
2026-03-12,SGHC,,435,408.1,414.1,,,61095,25667361.7,296,,
2026-03-12,SHEL,,350,328,337.5,,,984607,334281119.8,2651,,
2026-03-12,SHIVM,,665,646.5,659,,,260351,171082093.3,1219,,
2026-03-12,SHL,,515,498.9,511,,,43826,22350149,193,,
2026-03-12,SHLB,,1650,1622,1645,,,540,882656.3,15,,
2026-03-12,SHPC,,565,551.1,558.7,,,156723,87449902.6,600,,
2026-03-12,SIFC,,614,594.1,605,,,38433,23218098.9,164,,
2026-03-12,SIKLES,,693,648,692.9,,,145049,97339126.7,563,,
2026-03-12,SJCL,,317,302,315,,,34027,10645688.7,233,,
2026-03-12,SJLIC,,470,458,462,,,46553,21547154.4,294,,
2026-03-12,SKBBL,,806,792,798,,,17844,14270225.3,139,,
2026-03-12,SLBBL,,872,846.2,864,,,5211,4504457.2,83,,
2026-03-12,SLBSL,,1368,1342,1354.9,,,1548,2095852,40,,
2026-03-12,SMATA,,836.4,810,818.1,,,17352,14280338.1,164,,
2026-03-12,SMB,,1950,1920,1922.2,,,1730,3334943.8,44,,
2026-03-12,SMFBS,,1700,1635.1,1660,,,1229,2035132,24,,
2026-03-12,SMH,,657,614.5,639,,,119637,75207687.2,546,,
2026-03-12,SMHL,,530,513.8,527,,,272911,143278208.5,1406,,
2026-03-12,SMJC,,504,489.1,490.1,,,29778,14621867.9,236,,
2026-03-12,SMPDA,,899.1,887,890,,,7352,6563268.3,94,,
2026-03-12,SNLI,,493,478.7,490,,,37695,18346687.2,426,,
2026-03-12,SONA,,455.9,444,452.4,,,59002,26623896.8,583,,
2026-03-12,SPC,,518.9,507,513.8,,,12778,6548309.1,117,,
2026-03-12,SPDL,,446,432.2,436.8,,,322188,141984110.6,831,,
2026-03-12,SPHL,,574,560,571.9,,,14879,8421237.1,95,,
2026-03-12,SPL,,750,736.2,746.1,,,10173,7592090.8,102,,
2026-03-12,SRLI,,411,402,408,,,54362,22217915.7,426,,
2026-03-12,SSHL,,233,214.1,229.8,,,1732032,390344897.5,4657,,
2026-03-12,STC,,6150.4,6051,6057,,,3247,19762929.6,87,,
2026-03-12,SWASTIK,,2983,2891,2892.4,,,1894,5512075.4,95,,
2026-03-12,SWBBL,,775,755,773.5,,,7298,5597559.6,68,,
2026-03-12,SWMF,,696,683,688,,,7783,5375349.4,59,,
2026-03-12,SYPNL,,1917.9,1840,1850,,,158269,297495043.9,1941,,
2026-03-12,TAMOR,,436,426.2,432.1,,,26078,11249775,234,,
2026-03-12,TPC,,434,417,425,,,335824,142300144.6,761,,
2026-03-12,TRH,,784,768.9,771.1,,,2446,1886850.4,33,,
2026-03-12,TSHL,,843.9,803.6,811.1,,,4377,3568765.8,73,,
2026-03-12,TTL,,955,929,935,,,48338,45424224,673,,
2026-03-12,TVCL,,645,613.1,613.1,,,43141,26756408.5,142,,
2026-03-12,UHEWA,,596,582.3,582.3,,,24180,14225045.9,129,,
2026-03-12,ULBSL,,3278,3177,3270,,,465,1495860,26,,
2026-03-12,ULHC,,560,542.5,555,,,31600,17437986,173,,
2026-03-12,UMHL,,644,625,626.9,,,65132,41094858.5,314,,
2026-03-12,UMRH,,582.5,572,576,,,22191,12801797.1,121,,
2026-03-12,UNHPL,,495,488,490.8,,,172113,84457956,533,,
2026-03-12,UNL,,46300,46051,46300,,,60,2768660,5,,
2026-03-12,UNLB,,1937.8,1890.1,1918,,,198,379720.1,14,,
2026-03-12,UPCL,,408.8,394,403,,,480620,193406498.8,1112,,
2026-03-12,UPPER,,224,212,218,,,1087302,239322919.2,3172,,
2026-03-12,USHEC,,504,488.3,498,,,49073,24409927.1,271,,
2026-03-12,USHL,,765,736,753.9,,,5271,3943799.5,74,,
2026-03-12,USLB,,1490,1461,1471,,,4076,6010581.1,83,,
2026-03-12,VLBS,,790,770,777,,,2102,1644471.3,41,,
2026-03-12,VLUCL,,624,572.4,588,,,8709,5106158.6,114,,
2026-03-15,ACLBSL,,1000,985.2,1000,,,3830,3798684,61,,
2026-03-15,ADBL,,319,313,317,,,58743,18655257.6,316,,
2026-03-15,AHL,,549.9,531,536,,,6336,3393867.5,114,,
2026-03-15,AHPC,,312.1,305.1,308,,,595886,183743933,1416,,
2026-03-15,AKJCL,,379.8,362,377.8,,,948320,352978499.9,1578,,
2026-03-15,AKPL,,300,290,293,,,562706,165535857.6,1171,,
2026-03-15,ALBSL,,1203,1140,1154,,,10090,11583828.6,190,,
2026-03-15,ALICL,,485,475.2,476.4,,,30850,14755147.2,184,,
2026-03-15,ANLB,,6478.9,6400,6478.9,,,282,1805622.2,19,,
2026-03-15,API,,343,335.2,339.8,,,922715,312284449.3,2026,,
2026-03-15,AVYAN,,1101,1030,1090,,,39625,42687277.8,433,,
2026-03-15,BANDIPUR,,969,926.1,939.8,,,108492,102120541.8,1385,,
2026-03-15,BARUN,,380,370,373.7,,,146108,54692376.6,596,,
2026-03-15,BBC,,5187,4701,4867,,,1802,8669062.2,113,,
2026-03-15,BEDC,,541,526.2,540,,,23188,12381504.3,217,,
2026-03-15,BFC,,504.9,486.1,487,,,25980,12819206.4,181,,
2026-03-15,BGWT,,778,760,761.2,,,4518,3460643.2,89,,
2026-03-15,BHCL,,601.8,579.2,587,,,45760,26860053.8,569,,
2026-03-15,BHDC,,508,499,506,,,73635,36987594.8,382,,
2026-03-15,BHL,,248,237.3,245,,,1308783,317645089.3,4415,,
2026-03-15,BHPL,,592.6,580.1,581,,,32171,18771864.1,227,,
2026-03-15,BNHC,,377,367.6,369,,,33920,12621310.7,228,,
2026-03-15,BNL,,15355,15355,15355,,,10,153550,1,,
2026-03-15,BNT,,11992,11900,11900,,,40,478730,4,,
2026-03-15,BPCL,,755,730,738,,,91758,67650894.7,399,,
2026-03-15,BUNGAL,,677.5,650,655.2,,,20702,13612637,369,,
2026-03-15,CBBL,,964,930,944,,,51257,48228459.8,381,,
2026-03-15,CFCL,,557.9,546.1,557.8,,,44580,24687281.4,184,,
2026-03-15,CGH,,879,857,859,,,39777,34379703.8,303,,
2026-03-15,CHCL,,520,500,508.6,,,41296,20913443,296,,
2026-03-15,CHDC,,2590,2541,2548,,,21353,54428648.2,286,,
2026-03-15,CHL,,329.8,312,318.8,,,106185,33740014.64,374,,
2026-03-15,CIT,,1855,1840,1843.9,,,5249,9685925.1,169,,
2026-03-15,CITY,,512,495,495,,,10775,5384473.3,128,,
2026-03-15,CKHL,,749,700,708.5,,,12257,8773483.1,103,,
2026-03-15,CLI,,490,481,484.2,,,20602,10019254.3,341,,
2026-03-15,CREST,,1450,1400,1425,,,24015,34014062.2,283,,
2026-03-15,CYCL,,1640,1591.1,1610,,,1910,3062573.3,53,,
2026-03-15,CZBIL,,221.9,214.5,215.5,,,211717,45923840.6,474,,
2026-03-15,DDBL,,889.9,877,886,,,14242,12591073.9,127,,
2026-03-15,DHEL,,810,729,729,,,144193,106037559.4,1341,,
2026-03-15,DHPL,,327,320,324.5,,,21732,7030619.2,102,,
2026-03-15,DLBS,,1360,1345,1350,,,765,1033036.8,28,,
2026-03-15,DOLTI,,525,513,525,,,5516,2857955.6,85,,
2026-03-15,DORDI,,322,307.6,311.1,,,399511,124582101.1,1210,,
2026-03-15,EBL,,719,707,709,,,30323,21522072.3,219,,
2026-03-15,EHPL,,445,422.9,439.8,,,90584,39703923.3,459,,
2026-03-15,ENL,,950,933.2,936,,,575,539080,18,,
2026-03-15,FMDBL,,837.9,820.5,823,,,21381,17666074.3,114,,
2026-03-15,FOWAD,,1115,1086,1090,,,6539,7144977.5,70,,
2026-03-15,GBIME,,249,243.6,244.3,,,220578,54453730,773,,
2026-03-15,GBLBS,,810,790,796,,,8783,7008129.9,95,,
2026-03-15,GCIL,,445.5,439.1,441,,,25818,11417373,359,,
2026-03-15,GFCL,,690,677,686.9,,,29227,19908369.3,173,,
2026-03-15,GHL,,278.4,267,272,,,489402,133033603.3,1186,,
2026-03-15,GILB,,1210,1182.3,1210,,,2475,2941085.3,47,,
2026-03-15,GLBSL,,1976,1900.1,1959.9,,,3717,7242157.4,48,,
2026-03-15,GLH,,322.4,274.4,321.8,,,2721980,810121201.3,4053,,
2026-03-15,GMFBS,,1450,1450,1450,,,60,87000,2,,
2026-03-15,GMFIL,,498.7,480,487.1,,,35932,17534160.1,150,,
2026-03-15,GMLI,,1760,1736,1759.9,,,2029,3547445.7,85,,
2026-03-15,GUFL,,588.9,575,582,,,27717,16113534.7,216,,
2026-03-15,GVL,,566.1,505,513,,,247620,126489193.7,703,,
2026-03-15,HATHY,,958,936,940,,,11734,11126789.8,154,,
2026-03-15,HBL,,219.9,214,217,,,308398,66916719.9,2218,,
2026-03-15,HDHPC,,255,240,249,,,2233382,551318781.6,4722,,
2026-03-15,HDL,,1210,1195,1200,,,69070,82914873.4,775,,
2026-03-15,HFIN,,122.9,110.7,122.9,,,140,16688,14,,
2026-03-15,HHL,,388,366.7,387,,,203741,76685435.9,921,,
2026-03-15,HIDCL,,304.4,293,294.9,,,425094,126442827.5,1145,,
2026-03-15,HIMSTAR,,1018,963,966,,,21244,20713305.4,280,,
2026-03-15,HLBSL,,955,935,940.1,,,6338,5977784.7,42,,
2026-03-15,HLI,,392,383.6,387,,,70977,27517039.3,481,,
2026-03-15,HPPL,,528.3,516,517,,,264655,137778039.3,1157,,
2026-03-15,HRL,,899.1,880,882,,,119343,105676205.2,1052,,
2026-03-15,HURJA,,308,297,304.7,,,592671,179506546.5,1481,,
2026-03-15,ICFC,,680,667.3,672.2,,,14914,10075376.4,109,,
2026-03-15,IHL,,542.5,530,536,,,15004,8031634.4,129,,
2026-03-15,ILBS,,991,947.7,970,,,14175,13752729.5,128,,
2026-03-15,ILI,,469.8,456.5,458,,,18521,8518001.1,343,,
2026-03-15,JBLB,,1390.1,1370,1377,,,8744,12046803,226,,
2026-03-15,JFL,,461,449,450,,,11451,5177559.6,100,,
2026-03-15,JHAPA,,1508,1411.3,1508,,,17919,25649631.3,275,,
2026-03-15,JOSHI,,321,312,316.8,,,60047,18968325.9,309,,
2026-03-15,JSLBB,,1194,1168.1,1193.5,,,1601,1899757.7,22,,
2026-03-15,KBL,,231,220.5,222.9,,,1408284,316690210.1,3239,,
2026-03-15,KBSH,,1710,1680,1709,,,689,1167368,18,,
2026-03-15,KDL,,936,910,917,,,3052,2799836.8,83,,
2026-03-15,KKHC,,304.8,292,293,,,767961,227798402.5,2295,,
2026-03-15,KMCDB,,970,938,950,,,6359,6013120.8,86,,
2026-03-15,KPCL,,602.9,538,547,,,182490,100272508.4,573,,
2026-03-15,LEC,,255,245.2,251,,,785608,196269109.3,1830,,
2026-03-15,LICN,,885,850.1,872.6,,,91803,79193631,311,,
2026-03-15,LLBS,,1019,980,1017,,,4784,4780468.4,61,,
2026-03-15,LSL,,228,221.2,224,,,230724,51631327.9,460,,
2026-03-15,MABEL,,780,760,768,,,14306,10974784,242,,
2026-03-15,MAKAR,,563.1,545,552,,,18450,10247139,105,,
2026-03-15,MANDU,,845,828.6,828.6,,,3448,2875193,87,,
2026-03-15,MATRI,,995,977,978.1,,,1303,1278910.9,33,,
2026-03-15,MBJC,,315,310,311.1,,,84911,26461412.3,524,,
2026-03-15,MBL,,256,249.9,255.5,,,303559,77005793.1,488,,
2026-03-15,MCHL,,432,418,427,,,7775,3309177,108,,
2026-03-15,MEHL,,486,475,478.8,,,33843,16266675,242,,
2026-03-15,MEL,,306,294.5,296,,,45737,13648526.8,325,,
2026-03-15,MEN,,631,618,621.9,,,69621,43380872.2,317,,
2026-03-15,MERO,,755,739,739,,,27206,20210917,125,,
2026-03-15,MFIL,,860.8,837,855.9,,,194273,165554587.6,428,,
2026-03-15,MHCL,,390.6,380,386,,,25471,9779941.5,212,,
2026-03-15,MHL,,559.4,545,545.3,,,27246,14905268.6,180,,
2026-03-15,MHNL,,301.1,287,297,,,173370,51225414.4,554,,
2026-03-15,MKCL,,1414,1391,1395,,,3244,4540860.1,78,,
2026-03-15,MKHC,,367,353.5,363.9,,,108932,39374447.8,552,,
2026-03-15,MKHL,,850,799.7,850,,,4046,3285479,94,,
2026-03-15,MKJC,,555,541.6,546,,,43131,23585844.1,200,,
2026-03-15,MLBBL,,1388,1360.4,1370,,,2271,3118343.2,46,,
2026-03-15,MLBS,,1490,1460,1466,,,934,1373479,28,,
2026-03-15,MLBSL,,1974.9,1925.1,1940,,,1368,2660334.3,41,,
2026-03-15,MMKJL,,585,570,578,,,6777,3913906.7,78,,
2026-03-15,MPFL,,725,678,725,,,151044,107352687.3,755,,
2026-03-15,MSHL,,818.9,803.2,817.5,,,421,341946.6,25,,
2026-03-15,MSLB,,1384.8,1305,1336.6,,,1547,2070683.2,50,,
2026-03-15,NABIL,,539,528.5,530.5,,,92278,49151174.8,786,,
2026-03-15,NADEP,,809.9,780,809.9,,,3865,3080971.8,60,,
2026-03-15,NBL,,270,262.5,264,,,141845,37766597.2,461,,
2026-03-15,NESDO,,1625,1578,1595,,,2420,3854651,49,,
2026-03-15,NFS,,671,650,656,,,13877,9159475.3,162,,
2026-03-15,NGPL,,465.9,454,457,,,749982,344065571.8,1419,,
2026-03-15,NHDL,,692,678.1,681,,,10581,7211400.3,85,,
2026-03-15,NHPC,,295,277,281.9,,,2200661,625523964.4,4641,,
2026-03-15,NICA,,354.7,345,348.5,,,100898,35128683.3,419,,
2026-03-15,NICLBSL,,599.8,585,593.9,,,14135,8345807.1,175,,
2026-03-15,NIFRA,,288.7,283,285.1,,,336315,95906934.4,1322,,
2026-03-15,NIMB,,219.4,212.6,216,,,341669,73601330.9,888,,
2026-03-15,NLIC,,820,805,808.4,,,45568,36934166.1,270,,
2026-03-15,NLICL,,614,605.1,610,,,21090,12879877.5,92,,
2026-03-15,NLO,,269.4,269.4,269.4,,,0,0,0,,
2026-03-15,NMB,,259,253.1,256,,,53671,13668409.9,241,,
2026-03-15,NMBMF,,704,691.4,700,,,9835,6863614.6,63,,
2026-03-15,NMFBS,,1190,1183,1185,,,3073,3643048.7,40,,
2026-03-15,NMLBBL,,651,645.2,650,,,7154,4635670.4,91,,
2026-03-15,NRIC,,1272,1250,1257,,,34883,43748730.5,374,,
2026-03-15,NRM,,448,437,438.1,,,28531,12562082.2,233,,
2026-03-15,NRN,,1530,1488.1,1495,,,74071,111031116.8,625,,
2026-03-15,NTC,,898,887,887.9,,,13675,12151932.6,254,,
2026-03-15,NUBL,,719,705,714.5,,,7093,5048353.6,50,,
2026-03-15,NWCL,,899.9,872.3,887,,,4970,4380893.9,90,,
2026-03-15,NYADI,,428,416.1,427,,,24960,10541351.5,253,,
2026-03-15,OHL,,756,741,747.9,,,7238,5431292.4,57,,
2026-03-15,OMPL,,1377,1320.3,1320.4,,,9431,12607819.5,198,,
2026-03-15,PCBL,,258,250.2,252,,,148169,37510882.4,359,,
2026-03-15,PFL,,415,404,406.5,,,26654,10856914.1,163,,
2026-03-15,PHCL,,326.3,314,321.1,,,253337,81251729.1,912,,
2026-03-15,PMHPL,,393.7,379,387.9,,,68505,26343677.9,259,,
2026-03-15,PMLI,,517.1,506.1,514,,,13412,6868060.6,284,,
2026-03-15,PPCL,,432.9,408.2,431,,,169089,71802954.1,384,,
2026-03-15,PPL,,412,398,400,,,152361,61413501,705,,
2026-03-15,PROFL,,498.9,480.2,488,,,18975,9272017.9,137,,
2026-03-15,PRVU,,221,214.6,219,,,898091,195787015,1715,,
2026-03-15,PURE,,1005,976,988.7,,,21067,20725378,222,,
2026-03-15,RADHI,,905,857.1,900,,,510800,457604975.1,1123,,
2026-03-15,RAWA,,740,715,721.5,,,5935,4289314.7,64,,
2026-03-15,RFPL,,420.1,404.6,414.9,,,130532,54163270.2,545,,
2026-03-15,RHGCL,,318,306,311,,,158416,49219685.5,707,,
2026-03-15,RHPL,,312.8,305,306.2,,,93644,28850133.7,410,,
2026-03-15,RIDI,,370,345.1,360.8,,,1906230,679643348.2,3373,,
2026-03-15,RLFL,,487,475,481,,,32753,15740009.9,184,,
2026-03-15,RNLI,,508.9,489,490,,,36467,17918835.4,418,,
2026-03-15,RSDC,,691.5,666.4,683,,,11614,7870832.5,90,,
2026-03-15,RSML,,939.3,885.2,939.3,,,80,72599,4,,
2026-03-15,RURU,,705,683,698,,,5823,4021912.2,74,,
2026-03-15,SAGAR,,1980.1,1900,1925,,,35305,68084276.3,467,,
2026-03-15,SAHAS,,624.9,610,619,,,159072,98606180.8,917,,
2026-03-15,SAIL,,1380,1317.2,1336,,,48612,64622658.3,819,,
2026-03-15,SANIMA,,358.5,350,353,,,153078,53800695,369,,
2026-03-15,SANVI,,848,818,829.9,,,25651,21172604,378,,
2026-03-15,SARBTM,,907,900,902.1,,,24514,22155017.1,166,,
2026-03-15,SBI,,425,412.1,419,,,170988,71121698.3,196,,
2026-03-15,SBL,,405.9,397,399.5,,,123044,49099765,273,,
2026-03-15,SCB,,675,663,667,,,13467,8986504.2,149,,
2026-03-15,SGHC,,422,410.7,415,,,26313,10949238.6,172,,
2026-03-15,SHEL,,345,327.1,332.9,,,601766,201570822.8,1471,,
2026-03-15,SHIVM,,669,655,661.9,,,331799,219846967.2,1136,,
2026-03-15,SHL,,522.2,499.8,511.6,,,47014,24030889.7,183,,
2026-03-15,SHLB,,1670,1613,1613,,,838,1369541,22,,
2026-03-15,SHPC,,555.8,541,552,,,221048,121617394.5,823,,
2026-03-15,SIFC,,616.9,595.3,603,,,27518,16646529.5,143,,
2026-03-15,SIKLES,,706,660,676.5,,,149978,100930532.6,803,,
2026-03-15,SJCL,,321.3,312,317,,,24736,7793895.3,228,,
2026-03-15,SJLIC,,465,457.5,461.9,,,28405,13091043,267,,
2026-03-15,SKBBL,,805,795,798.6,,,12821,10229636.4,121,,
2026-03-15,SLBBL,,872,855.2,869,,,7589,6574716.7,92,,
2026-03-15,SLBSL,,1359.8,1331,1357,,,1207,1626433.8,30,,
2026-03-15,SMATA,,834,812,831.8,,,10337,8528942.8,155,,
2026-03-15,SMB,,1921,1870,1890,,,2007,3809685,51,,
2026-03-15,SMFBS,,1669.8,1638,1669.8,,,2688,4451889.3,29,,
2026-03-15,SMH,,650,636,637.1,,,26341,16899584.3,208,,
2026-03-15,SMHL,,535,515.5,525,,,316929,165705072.8,1545,,
2026-03-15,SMJC,,509,486,494,,,26842,13262875.1,244,,
2026-03-15,SMPDA,,902,877.1,899.9,,,6162,5513449.8,73,,
2026-03-15,SNLI,,499,482,485,,,26085,12716802.9,390,,
2026-03-15,SOHL,,330,300,330,,,860,278710,83,,
2026-03-15,SONA,,459.9,448,457.1,,,65856,29862929.7,604,,
2026-03-15,SPC,,529,513.7,518,,,46449,24082060.6,182,,
2026-03-15,SPDL,,445,428.1,435,,,209219,91061591,495,,
2026-03-15,SPHL,,575.5,564.5,566.3,,,8812,5017605.4,99,,
2026-03-15,SPL,,750,735,736,,,9733,7195039.5,121,,
2026-03-15,SRLI,,413,406,409,,,51410,21015402.5,401,,
2026-03-15,SSHL,,234,223,226.9,,,831253,188968177,2506,,
2026-03-15,STC,,6140,6051,6140,,,1829,11154241.1,57,,
2026-03-15,SWASTIK,,2920,2845,2850.1,,,2868,8226663.5,95,,
2026-03-15,SWBBL,,788,761,770,,,6471,4967938.7,89,,
2026-03-15,SWMF,,700.9,688,700.9,,,9064,6297339.9,100,,
2026-03-15,SYPNL,,1887,1825,1833,,,82835,152440958.9,1938,,
2026-03-15,TAMOR,,438,427,429,,,19525,8416801.6,203,,
2026-03-15,TPC,,450,412.6,427,,,484678,206776340.3,1056,,
2026-03-15,TRH,,786,766.5,766.5,,,1867,1440859.3,38,,
2026-03-15,TSHL,,842,774.2,783.9,,,5925,4721380.7,94,,
2026-03-15,TTL,,940,918,923.1,,,39409,36546110.5,685,,
2026-03-15,TVCL,,645,607,640,,,71877,45702894.2,272,,
2026-03-15,UHEWA,,599,584,587.1,,,25345,14967921.2,162,,
2026-03-15,ULBSL,,3465,3157,3300,,,2169,7023581.6,81,,
2026-03-15,ULHC,,565,545,546.2,,,36764,20230500.7,211,,
2026-03-15,UMHL,,632.9,624,627,,,59685,37412796.3,255,,
2026-03-15,UMRH,,579,566.4,574.8,,,43770,24987257.7,199,,
2026-03-15,UNHPL,,495.8,489,491,,,81896,40223781.4,424,,
2026-03-15,UNL,,47100,46300,47100,,,35,1628501,3,,
2026-03-15,UNLB,,1909.9,1890,1892,,,249,471905.2,14,,
2026-03-15,UPCL,,422,404,422,,,785267,326051202.6,1957,,
2026-03-15,UPPER,,221,215,218.9,,,725559,158094286,2160,,
2026-03-15,USHEC,,503,490,499.1,,,51222,25550365.8,255,,
2026-03-15,USHL,,759.9,725,742.3,,,8889,6532027,92,,
2026-03-15,USLB,,1495,1460,1474,,,3328,4897812.9,72,,
2026-03-15,VLBS,,789.7,777,778.1,,,1475,1151484.6,44,,
2026-03-15,VLUCL,,588,576.3,588,,,6441,3748001.4,127,,
2026-03-16,ACLBSL,,1000,981.2,985,,,1117,1100443.4,39,,
2026-03-16,ADBL,,319,310.7,313.1,,,46720,14665725.3,247,,
2026-03-16,AHL,,540.5,532,537,,,22393,11992934.5,99,,
2026-03-16,AHPC,,310.5,300,300.9,,,299605,90981668.7,979,,
2026-03-16,AKJCL,,400,371,396,,,1768702,687724761.9,2558,,
2026-03-16,AKPL,,294.1,284.2,289.9,,,414888,119383845.6,1060,,
2026-03-16,ALBSL,,1190,1130.1,1143.9,,,10529,12062731.4,130,,
2026-03-16,ALICL,,476,465.3,469.5,,,32109,15091374.2,209,,
2026-03-16,ANLB,,6450,6401.1,6450,,,246,1578224.4,21,,
2026-03-16,API,,343.9,331,333,,,566324,189748159.2,1814,,
2026-03-16,AVYAN,,1110,1071.1,1078,,,20694,22523966.4,239,,
2026-03-16,BANDIPUR,,962,925.3,943,,,55222,52005484.1,931,,
2026-03-16,BARUN,,379.9,366.3,366.5,,,224006,82843875.3,768,,
2026-03-16,BBC,,4890,4792.2,4858.6,,,470,2264822.8,33,,
2026-03-16,BEDC,,545.4,529,532,,,6037,3231293.1,91,,
2026-03-16,BFC,,494.7,481.1,484,,,19786,9610066.1,133,,
2026-03-16,BGWT,,770,760,769,,,5073,3871250.7,76,,
2026-03-16,BHCL,,594.3,580,588,,,38658,22639425.5,520,,
2026-03-16,BHDC,,509.9,497,500,,,67748,33957018.8,260,,
2026-03-16,BHL,,245,237.5,242.5,,,1117971,270226926.3,3134,,
2026-03-16,BHPL,,597,583,594,,,99611,58931291.7,562,,
2026-03-16,BNHC,,375,365.6,370,,,27406,10166485.1,235,,
2026-03-16,BNL,,15355,15355,15355,,,0,0,0,,
2026-03-16,BNT,,11990,11800,11800,,,80,946302,6,,
2026-03-16,BPCL,,752.7,725,727,,,110189,80363291.9,355,,
2026-03-16,BUNGAL,,667.4,640,648,,,26699,17331084.3,396,,
2026-03-16,CBBL,,945,930.1,941,,,43821,41054873.1,384,,
2026-03-16,CFCL,,570,554,557,,,49815,28007802.2,246,,
2026-03-16,CGH,,860,850,853.9,,,22110,18863358.4,186,,
2026-03-16,CHCL,,508.6,496.9,496.9,,,72601,36302782.9,344,,
2026-03-16,CHDC,,2560,2512,2515,,,36539,92250159.3,302,,
2026-03-16,CHL,,317,309.1,311,,,81352,25398416.1,293,,
2026-03-16,CIT,,1858,1820,1821,,,8471,15467970.7,204,,
2026-03-16,CITY,,499.2,488.8,488.8,,,9783,4805392.8,98,,
2026-03-16,CKHL,,745,695.2,738,,,8724,6301830.9,109,,
2026-03-16,CLI,,484.9,473.5,480,,,32513,15527733.9,359,,
2026-03-16,CREST,,1479,1368.1,1404,,,28592,40022599,309,,
2026-03-16,CYCL,,1620,1580,1604,,,6977,11137900.6,60,,
2026-03-16,CZBIL,,219.8,208.5,210,,,177258,37668314.2,398,,
2026-03-16,DDBL,,888,877.1,880,,,6372,5609860,71,,
2026-03-16,DHEL,,725,704.1,710,,,64393,45849369.3,824,,
2026-03-16,DHPL,,322,315,316,,,19734,6279810.5,96,,
2026-03-16,DLBS,,1350,1335,1349,,,1530,2060615,30,,
2026-03-16,DOLTI,,531,521,528.9,,,7149,3751847,70,,
2026-03-16,DORDI,,312,301.1,302.5,,,281516,85839868.3,798,,
2026-03-16,EBL,,708,695,707.8,,,29192,20609658.4,188,,
2026-03-16,EHPL,,453,438.5,447,,,120165,53722101.4,700,,
2026-03-16,ENL,,936,926.2,935,,,1190,1105907.5,19,,
2026-03-16,FMDBL,,830,810.1,815,,,36468,29779411.1,124,,
2026-03-16,FOWAD,,1099.9,1077.1,1092,,,7486,8113234,102,,
2026-03-16,GBIME,,244.3,238.4,239,,,107705,25946042.9,503,,
2026-03-16,GBLBS,,802,783.2,789,,,8518,6725660.3,78,,
2026-03-16,GCIL,,449,435,440,,,61569,27413222.6,523,,
2026-03-16,GFCL,,689.9,670.3,673.3,,,12032,8148554.9,130,,
2026-03-16,GHL,,274.5,265,267.9,,,271711,72551145.1,747,,
2026-03-16,GILB,,1199.5,1178.2,1190,,,4277,5073220.2,24,,
2026-03-16,GLBSL,,1959.9,1920,1930,,,2533,4922905.8,53,,
2026-03-16,GLH,,328.2,305.8,309,,,409051,127713435.5,1722,,
2026-03-16,GMFBS,,1468,1438,1468,,,1334,1937654,26,,
2026-03-16,GMFIL,,495,482,485,,,25002,12205800.7,119,,
2026-03-16,GMLI,,1758,1700,1735,,,3595,6221868.2,107,,
2026-03-16,GUFL,,586,567.6,573,,,15388,8865178.3,114,,
2026-03-16,GVL,,521.9,507.3,510.5,,,53090,27155352.5,264,,
2026-03-16,HATHY,,949,930.1,933,,,6574,6137126.2,131,,
2026-03-16,HBL,,216,210,211.9,,,121248,25715470.2,1392,,
2026-03-16,HDHPC,,253,238.4,241.5,,,1262453,309829352.2,2737,,
2026-03-16,HDL,,1210,1188,1190,,,54304,64867441.5,649,,
2026-03-16,HFIN,,135.1,121.7,135.1,,,150,19828,15,,
2026-03-16,HHL,,392,375.5,376,,,134777,51385226.5,619,,
2026-03-16,HIDCL,,300,284.7,287.3,,,419979,122216755.1,976,,
2026-03-16,HIMSTAR,,971,941,941,,,14001,13346886.7,231,,
2026-03-16,HLBSL,,950,930.2,946,,,2732,2576720.3,44,,
2026-03-16,HLI,,387,380,382.7,,,85362,32745862.7,424,,
2026-03-16,HPPL,,557,510,510.1,,,288627,148847254.9,1017,,
2026-03-16,HRL,,899,875,878,,,112801,99122631,853,,
2026-03-16,HURJA,,306.2,293,294.3,,,450009,134473433.2,1146,,
2026-03-16,ICFC,,674.2,661,669.9,,,20313,13527216.9,124,,
2026-03-16,IHL,,534.9,524.3,525,,,8845,4650138.9,98,,
2026-03-16,ILBS,,980,951.6,970.5,,,4147,4010560.9,59,,
2026-03-16,ILI,,458,451.6,453,,,22016,9995946.4,306,,
2026-03-16,JBLB,,1379,1365,1365,,,4070,5571309.6,101,,
2026-03-16,JFL,,455,438.1,442,,,15728,6982123.4,128,,
2026-03-16,JHAPA,,1477.9,1419.5,1450,,,4853,6963964.3,118,,
2026-03-16,JOSHI,,322.3,310,311,,,77568,24329104.6,311,,
2026-03-16,JSLBB,,1214.9,1170,1171,,,758,901765.7,16,,
2026-03-16,KBL,,227.3,214.5,215.9,,,1038884,226085717.8,2012,,
2026-03-16,KBSH,,1725,1676,1700,,,313,532942.9,16,,
2026-03-16,KDL,,935,890,890,,,5518,4979670.5,95,,
2026-03-16,KKHC,,295,281.6,292,,,351484,100728683.3,1277,,
2026-03-16,KMCDB,,950,934,949.7,,,1970,1863316.9,32,,
2026-03-16,KPCL,,595,540,547,,,232321,127204784.6,447,,
2026-03-16,LEC,,256,242.4,244.5,,,532320,130808119.5,1239,,
2026-03-16,LICN,,870,854.1,865,,,21041,18048640.6,186,,
2026-03-16,LLBS,,1005,976.8,1005,,,2536,2506426.4,23,,
2026-03-16,LSL,,228.4,219,220.7,,,98869,21795093.9,273,,
2026-03-16,MABEL,,770,752.7,753.4,,,6325,4783097.7,179,,
2026-03-16,MAKAR,,550,541,547.9,,,5056,2755250.2,60,,
2026-03-16,MANDU,,833.1,821.2,828,,,1383,1143859,40,,
2026-03-16,MATRI,,990,975,976,,,1859,1814982.6,32,,
2026-03-16,MBJC,,311,307.1,308.8,,,58391,18022513.5,395,,
2026-03-16,MBL,,260.6,249,250,,,128703,32279262.8,294,,
2026-03-16,MCHL,,435,422,422,,,4943,2104591.5,59,,
2026-03-16,MEHL,,485,465.2,475,,,31057,14618076.1,194,,
2026-03-16,MEL,,300,291,292.9,,,41138,12118924.6,290,,
2026-03-16,MEN,,623.5,613.3,615.9,,,47092,29058012.5,215,,
2026-03-16,MERO,,753,731,735,,,10534,7756679.4,97,,
2026-03-16,MFIL,,916,839,860,,,324528,277232359.5,933,,
2026-03-16,MHCL,,389,380,383,,,25898,9909345,156,,
2026-03-16,MHL,,580,535,562,,,130183,72997820.5,757,,
2026-03-16,MHNL,,300,288.1,293.7,,,64373,18808661.3,267,,
2026-03-16,MKCL,,1406,1376,1385,,,3763,5217082.9,88,,
2026-03-16,MKHC,,371.1,350,354,,,54398,19429853.4,288,,
2026-03-16,MKHL,,834.5,802,817,,,8127,6563093.5,82,,
2026-03-16,MKJC,,556.3,535.1,544.1,,,36590,19946207.4,144,,
2026-03-16,MLBBL,,1380,1341,1354,,,3420,4609644.2,49,,
2026-03-16,MLBS,,1460,1450,1451.1,,,620,900454,16,,
2026-03-16,MLBSL,,1975,1862.5,1890,,,6896,12955406.4,120,,
2026-03-16,MMKJL,,580,571,575,,,9956,5701256.2,91,,
2026-03-16,MPFL,,730,711,725,,,93748,67552713.7,531,,
2026-03-16,MSHL,,817.3,790.1,795.1,,,3625,2916420.5,48,,
2026-03-16,MSLB,,1330,1295,1305,,,1801,2358538.4,53,,
2026-03-16,NABIL,,532,523,523,,,67561,35531577.9,684,,
2026-03-16,NADEP,,826,785.1,797,,,2941,2333684.4,33,,
2026-03-16,NBL,,266,260,261.9,,,92428,24187331.9,315,,
2026-03-16,NESDO,,1619.8,1547,1589.4,,,8783,13646127,75,,
2026-03-16,NFS,,664.9,645,653.9,,,10933,7150142.2,134,,
2026-03-16,NGPL,,466,446,446.5,,,538983,242759607.5,1297,,
2026-03-16,NHDL,,681.9,660,678,,,6968,4662742.7,69,,
2026-03-16,NHPC,,303.5,279.4,297,,,2272245,661461323.8,4136,,
2026-03-16,NICA,,347,341.6,342.6,,,70422,24237238.7,275,,
2026-03-16,NICLBSL,,595,580,584.8,,,16887,9844973.2,145,,
2026-03-16,NIFRA,,285.1,277.5,277.8,,,230041,64488456.7,1070,,
2026-03-16,NIMB,,220,210.1,210.3,,,172702,36508794.4,572,,
2026-03-16,NLIC,,824.5,800,802.8,,,43478,34913650.2,238,,
2026-03-16,NLICL,,610,602,610,,,15113,9155953.6,106,,
2026-03-16,NLO,,269.4,269.4,269.4,,,0,0,0,,
2026-03-16,NMB,,255,251.2,253,,,57351,14494104,197,,
2026-03-16,NMBMF,,699,682.3,690,,,6283,4362948.6,39,,
2026-03-16,NMFBS,,1185,1177,1180,,,4709,5562399,36,,
2026-03-16,NMLBBL,,657,642.5,646,,,16611,10794930.1,74,,
2026-03-16,NRIC,,1269,1238.1,1242,,,76151,94866435.8,473,,
2026-03-16,NRM,,445.8,430,430.3,,,30690,13374827.9,222,,
2026-03-16,NRN,,1509.6,1460.2,1509.6,,,66536,98367722,679,,
2026-03-16,NTC,,893.8,870,877,,,16799,14782587,279,,
2026-03-16,NUBL,,719,706,715,,,6266,4464038.5,57,,
2026-03-16,NWCL,,904,869,870,,,3673,3223755.3,90,,
2026-03-16,NYADI,,428,420.1,423.9,,,13106,5561057.1,140,,
2026-03-16,OHL,,758.9,730,745,,,9680,7220993.1,65,,
2026-03-16,OMPL,,1332,1308,1314.5,,,7341,9686620.7,187,,
2026-03-16,PCBL,,252.8,247,249,,,69617,17397464.2,227,,
2026-03-16,PFL,,406,395,398.3,,,18761,7525919.4,139,,
2026-03-16,PHCL,,345.7,318.5,342,,,912697,306585481,2822,,
2026-03-16,PMHPL,,390,376,382,,,66459,25325880,239,,
2026-03-16,PMLI,,524.2,505,513,,,17561,8961662.4,187,,
2026-03-16,PPCL,,438.5,422.4,431,,,111907,48323186.2,346,,
2026-03-16,PPL,,408,392,393,,,135259,53593644.8,521,,
2026-03-16,PROFL,,497.7,476.2,478.1,,,12339,5946095.4,83,,
2026-03-16,PRVU,,221,210.8,211.8,,,313914,67054735,921,,
2026-03-16,PURE,,989,968.5,972,,,11347,11083636.5,175,,
2026-03-16,RADHI,,909.8,880,888,,,182681,162561699.2,473,,
2026-03-16,RAWA,,723.6,707.1,716,,,3051,2179979.3,51,,
2026-03-16,RFPL,,419.8,406.7,410,,,95567,39392326.5,482,,
2026-03-16,RHGCL,,317.2,300,304.9,,,116564,35553530.8,424,,
2026-03-16,RHPL,,308,303.5,305,,,87240,26623873.1,333,,
2026-03-16,RIDI,,368.2,353,364,,,987176,356531889.3,1861,,
2026-03-16,RLFL,,481.9,470,474,,,32473,15432253.7,175,,
2026-03-16,RNLI,,498.8,479,480,,,46300,22438351.8,383,,
2026-03-16,RSDC,,682,671.2,674,,,18633,12573395.3,91,,
2026-03-16,RSML,,1033.2,921.2,1033.2,,,170,168970,11,,
2026-03-16,RURU,,695,676,689,,,10233,6980326.1,103,,
2026-03-16,SAGAR,,1960,1910,1955,,,14950,28965621.2,285,,
2026-03-16,SAHAS,,619.4,610.1,611.9,,,106587,65440037.7,739,,
2026-03-16,SAIL,,1388,1309.3,1340,,,80779,108258105.1,1190,,
2026-03-16,SANIMA,,354.9,348.1,349,,,95513,33481680.3,292,,
2026-03-16,SANVI,,846.4,815,818,,,33056,27192042.5,328,,
2026-03-16,SARBTM,,902,886.1,890.3,,,29683,26437719.6,224,,
2026-03-16,SBI,,424,412,413.5,,,37342,15487102.2,105,,
2026-03-16,SBL,,401.7,392,397.7,,,116064,46023438,230,,
2026-03-16,SCB,,669,653.7,658,,,20686,13689100.6,142,,
2026-03-16,SGHC,,420,409.9,410,,,26130,10858770.4,218,,
2026-03-16,SHEL,,339,325.4,330.9,,,663599,218460803.6,1219,,
2026-03-16,SHIVM,,666,652,652,,,222072,145741469.9,818,,
2026-03-16,SHL,,520,500,508.9,,,37910,19289849.1,143,,
2026-03-16,SHLB,,1630,1600,1630,,,1085,1756452,19,,
2026-03-16,SHPC,,563,540,544.9,,,107011,58503893.7,453,,
2026-03-16,SIFC,,613,597.4,600,,,33137,19970647.4,145,,
2026-03-16,SIKLES,,684.5,650,656,,,45181,29649639.9,324,,
2026-03-16,SJCL,,323.3,309.9,313,,,20339,6338249.5,177,,
2026-03-16,SJLIC,,463,456.1,456.5,,,18250,8376621.6,180,,
2026-03-16,SKBBL,,798,792.5,792.6,,,17836,14165861,139,,
2026-03-16,SLBBL,,873,856.1,856.2,,,11296,9698752.8,141,,
2026-03-16,SLBSL,,1357,1336,1346.9,,,858,1151539,18,,
2026-03-16,SMATA,,845,810.1,815,,,6267,5115939.7,89,,
2026-03-16,SMB,,1905,1870,1904.9,,,1769,3333861.2,37,,
2026-03-16,SMFBS,,1673,1648.3,1673,,,670,1111111.2,13,,
2026-03-16,SMH,,639,630,632,,,17732,11223098.7,167,,
2026-03-16,SMHL,,527,515,516,,,268843,139650428,1149,,
2026-03-16,SMJC,,503,486.1,493,,,9482,4640221.8,104,,
2026-03-16,SMPDA,,900,882,883,,,5290,4701530.9,56,,
2026-03-16,SNLI,,485,475.3,477.1,,,30867,14786502.4,422,,
2026-03-16,SOHL,,363,336.6,363,,,790,285065,76,,
2026-03-16,SONA,,468.1,455,458,,,159549,73784131.4,999,,
2026-03-16,SPC,,534,507.7,524,,,34219,18047007.5,230,,
2026-03-16,SPDL,,443.4,426.3,433,,,373357,162704316.8,647,,
2026-03-16,SPHL,,575,560.2,569.9,,,10686,6063173.5,100,,
2026-03-16,SPL,,754,737.1,752.9,,,18162,13553410.2,134,,
2026-03-16,SRLI,,409.5,405.2,406,,,29834,12131663,251,,
2026-03-16,SSHL,,230,219.7,220.9,,,794133,176461106.7,2088,,
2026-03-16,STC,,6150,6052.1,6102,,,864,5285090.4,26,,
2026-03-16,SWASTIK,,2900,2832,2837,,,1394,3966364.5,63,,
2026-03-16,SWBBL,,785.3,760,763,,,7494,5742337.3,93,,
2026-03-16,SWMF,,700,690.1,694,,,5751,3990394.3,53,,
2026-03-16,SYPNL,,1897,1812,1866,,,200933,372330968,2564,,
2026-03-16,TAMOR,,430,417.1,422,,,40313,16963985.5,289,,
2026-03-16,TPC,,444,413.6,422,,,329149,141312742.8,894,,
2026-03-16,TRH,,771,765.3,770,,,2240,1716488.5,15,,
2026-03-16,TSHL,,789.9,768.3,769,,,5046,3899015,84,,
2026-03-16,TTL,,941.5,904.3,911,,,38360,35065887.5,647,,
2026-03-16,TVCL,,645,622.1,629.5,,,68750,43406104.8,156,,
2026-03-16,UHEWA,,645.8,590,645.8,,,682935,415048752.2,867,,
2026-03-16,ULBSL,,3430,3170.1,3289,,,1168,3731088.7,43,,
2026-03-16,ULHC,,549,540,548,,,45431,24689522.5,254,,
2026-03-16,UMHL,,633,623.1,625,,,50194,31510905.7,177,,
2026-03-16,UMRH,,589.9,570,582.8,,,57333,33356511.8,262,,
2026-03-16,UNHPL,,502.8,485.1,498.7,,,191244,94248421.4,527,,
2026-03-16,UNL,,47199,47100,47199,,,15,704836,3,,
2026-03-16,UNLB,,1900,1855,1855,,,627,1175454,24,,
2026-03-16,UPCL,,430.4,411.1,411.1,,,466142,195009127.3,1301,,
2026-03-16,UPPER,,221,211,213,,,643694,137787296.3,1893,,
2026-03-16,USHEC,,504.9,495,504.9,,,69306,34638408.7,288,,
2026-03-16,USHL,,754.7,720,729.9,,,7360,5359724.1,106,,
2026-03-16,USLB,,1475,1451.9,1464,,,1393,2039143.5,43,,
2026-03-16,VLBS,,778.2,766,766.3,,,2576,1983656.2,50,,
2026-03-16,VLUCL,,610,575,578.1,,,3105,1796302.8,74,,
2026-03-17,ACLBSL,,991,975,990,,,817,805665.7,16,,
2026-03-17,ADBL,,316.3,310,316.3,,,57612,18124920.1,227,,
2026-03-17,AHL,,545,526.5,529,,,7287,3865699.3,87,,
2026-03-17,AHPC,,312,296.3,310,,,609368,187283253,1531,,
2026-03-17,AKJCL,,417.8,400,411.7,,,1258864,517593382.9,2608,,
2026-03-17,AKPL,,300,284.5,299.5,,,1250967,371841361,2231,,
2026-03-17,ALBSL,,1144.4,1118,1140,,,13350,15077456.8,181,,
2026-03-17,ALICL,,472,464.2,470,,,25076,11749095.4,185,,
2026-03-17,ANLB,,6500,6420,6500,,,202,1302823.2,17,,
2026-03-17,API,,343.7,331,341,,,768540,259644576.8,1927,,
2026-03-17,AVYAN,,1092,1058.4,1087.9,,,7731,8340086.6,125,,
2026-03-17,BANDIPUR,,950,926,939,,,45505,42443501.9,782,,
2026-03-17,BARUN,,376.3,363,376,,,191406,71211991.9,743,,
2026-03-17,BBC,,4918,4773,4843,,,222,1069431.2,21,,
2026-03-17,BEDC,,540,525,538.5,,,14882,7898396.7,128,,
2026-03-17,BFC,,489,475,486,,,15398,7433987.8,108,,
2026-03-17,BGWT,,772.5,761.1,770,,,4648,3555835.4,53,,
2026-03-17,BHCL,,595,577,586,,,50256,29185322.1,581,,
2026-03-17,BHDC,,510,496,501.1,,,31863,15971302.6,185,,
2026-03-17,BHL,,254.3,235.6,254,,,1557641,385639992.7,4701,,
2026-03-17,BHPL,,605.8,587,598,,,42144,25070965.5,314,,
2026-03-17,BNHC,,374,365,370.8,,,20669,7642172.6,189,,
2026-03-17,BNL,,15355,15355,15355,,,0,0,0,,
2026-03-17,BNT,,12036,11999,12036,,,141,1694430,10,,
2026-03-17,BPCL,,741.5,715,726,,,69063,49892455.4,372,,
2026-03-17,BUNGAL,,655,637.2,638.2,,,13955,8991713.5,308,,
2026-03-17,CBBL,,941.8,927,931,,,31184,29087828.8,347,,
2026-03-17,CFCL,,560,548.2,557,,,23673,13087995.8,110,,
2026-03-17,CGH,,855.5,845,851.2,,,16638,14157224.1,131,,
2026-03-17,CHCL,,499.9,492.1,497.1,,,29246,14535637.6,215,,
2026-03-17,CHDC,,2565,2500,2509,,,24310,60942989.3,263,,
2026-03-17,CHL,,317.9,305.3,317,,,70603,22202916.1,337,,
2026-03-17,CIT,,1830,1815,1825,,,5260,9572296.3,132,,
2026-03-17,CITY,,498,484,491,,,13607,6632570,160,,
2026-03-17,CKHL,,752,700,723.8,,,7904,5704849.3,80,,
2026-03-17,CLI,,479.9,475,478.7,,,12040,5752301.9,252,,
2026-03-17,CREST,,1432,1380.1,1385,,,6756,9390838.5,141,,
2026-03-17,CYCL,,1607.5,1580,1600,,,1244,1982026,44,,
2026-03-17,CZBIL,,214.5,205.8,214.5,,,121742,25655419.2,301,,
2026-03-17,DDBL,,886.9,870.1,870.1,,,15015,13194555.2,67,,
2026-03-17,DHEL,,711,695,704,,,52110,36517621.9,731,,
2026-03-17,DHPL,,332,314,332,,,43176,13966672,188,,
2026-03-17,DLBS,,1350,1330,1349,,,1037,1384816,31,,
2026-03-17,DOLTI,,525,508.7,519.9,,,8231,4246284.3,98,,
2026-03-17,DORDI,,316.9,296.5,314.9,,,558493,172354385.5,1426,,
2026-03-17,EBL,,709.9,702,706,,,25254,17795906.7,159,,
2026-03-17,EHPL,,456.7,445.2,455.9,,,108417,48914159.4,537,,
2026-03-17,ENL,,931,918,929,,,1710,1581849,15,,
2026-03-17,FMDBL,,820,802.1,816,,,23977,19475246,110,,
2026-03-17,FOWAD,,1100,1082,1092,,,4237,4639992.8,68,,
2026-03-17,GBIME,,241,237.7,241,,,100120,23953612.2,471,,
2026-03-17,GBLBS,,789,777,785,,,1816,1418051.6,41,,
2026-03-17,GCIL,,445,435.1,440.1,,,24229,10660425.8,323,,
2026-03-17,GFCL,,680,660,671,,,14810,9908493.2,135,,
2026-03-17,GHL,,285.6,263,283.2,,,987533,275512369.2,2169,,
2026-03-17,GILB,,1190,1170,1174.4,,,229,268413.7,9,,
2026-03-17,GLBSL,,1948,1920,1926,,,1481,2856981.3,58,,
2026-03-17,GLH,,316.9,300,310,,,598202,184005491.6,1608,,
2026-03-17,GMFBS,,1478.9,1440.1,1446.9,,,811,1179494.6,19,,
2026-03-17,GMFIL,,489,477,483.8,,,5781,2784866,57,,
2026-03-17,GMLI,,1750,1720,1745,,,1028,1780319.6,55,,
2026-03-17,GUFL,,573,564.2,570,,,13396,7625548.5,104,,
2026-03-17,GVL,,511,499.3,510,,,87618,44281981.4,450,,
2026-03-17,HATHY,,938.5,920.1,926,,,6693,6203855.3,111,,
2026-03-17,HBL,,218.8,206,217,,,182724,38578653.3,1590,,
2026-03-17,HDHPC,,258,235.9,255,,,1843233,463375698.6,3933,,
2026-03-17,HDL,,1197,1180.1,1182,,,49794,58961293.7,610,,
2026-03-17,HFIN,,148.6,137.8,148.6,,,90,13107,9,,
2026-03-17,HHL,,385,370,383.1,,,96461,36531180,459,,
2026-03-17,HIDCL,,292.7,282,292.5,,,297248,85938577.7,875,,
2026-03-17,HIMSTAR,,995,943,967.9,,,9350,8962787.3,186,,
2026-03-17,HLBSL,,947.5,930.2,947.5,,,1552,1458377.7,23,,
2026-03-17,HLI,,386,378,385,,,51348,19595833.2,357,,
2026-03-17,HPPL,,514,499.5,508,,,264029,133373459.4,985,,
2026-03-17,HRL,,895.5,869.1,870,,,104162,90873316.4,995,,
2026-03-17,HURJA,,305,290,302.7,,,471775,141149328.5,1067,,
2026-03-17,ICFC,,670,655,662.9,,,19197,12686118.8,109,,
2026-03-17,IHL,,524.9,515,523.5,,,10143,5256810.7,97,,
2026-03-17,ILBS,,985,951.1,969.9,,,4069,3911243.3,72,,
2026-03-17,ILI,,454,448,452,,,15015,6759541.6,333,,
2026-03-17,JBLB,,1370,1360,1366,,,5658,7710059.8,123,,
2026-03-17,JFL,,448,434.1,444.7,,,12155,5376463.1,104,,
2026-03-17,JHAPA,,1525,1415.6,1419.2,,,11531,16548642.3,156,,
2026-03-17,JOSHI,,316.1,305.2,316,,,62061,19382250.4,280,,
2026-03-17,JSLBB,,1171,1150.1,1165,,,780,904255.4,21,,
2026-03-17,KBL,,221.9,213.1,220.9,,,1091641,237095788.5,1708,,
2026-03-17,KBSH,,1708.5,1670,1700,,,301,508471,10,,
2026-03-17,KDL,,907.2,867.8,890,,,13160,11632645,160,,
2026-03-17,KKHC,,303.6,285,294,,,308681,91042377.8,952,,
2026-03-17,KMCDB,,955,935.9,946,,,2273,2152272.5,33,,
2026-03-17,KPCL,,557.9,533.1,541,,,72352,38984297.3,348,,
2026-03-17,LEC,,265.9,240,262.9,,,1470969,379876825.6,3614,,
2026-03-17,LICN,,865,851.2,852.1,,,17647,15063069.7,172,,
2026-03-17,LLBS,,1010,965.3,1010,,,3156,3124305.7,35,,
2026-03-17,LSL,,223,218,222,,,107885,23752983.8,237,,
2026-03-17,MABEL,,755,736,745,,,19844,14750645.1,240,,
2026-03-17,MAKAR,,547.2,540,544.9,,,9802,5315631.7,95,,
2026-03-17,MANDU,,844.5,819.1,821.6,,,1192,983696,35,,
2026-03-17,MATRI,,984,960.1,968.1,,,896,868747.3,26,,
2026-03-17,MBJC,,311.9,306.1,309.8,,,55245,17075192.4,437,,
2026-03-17,MBL,,255.3,245,252.5,,,177907,44851148.9,305,,
2026-03-17,MCHL,,425.9,418.1,422,,,10134,4275219.5,77,,
2026-03-17,MEHL,,487.5,470.5,482,,,55280,26409419.6,275,,
2026-03-17,MEL,,301.7,290,300,,,45875,13686980.4,356,,
2026-03-17,MEN,,619,611.2,616,,,38215,23511737.7,190,,
2026-03-17,MERO,,736.9,729.1,730.1,,,13606,9953154.6,94,,
2026-03-17,MFIL,,888,840,855,,,90195,76542223.3,500,,
2026-03-17,MHCL,,388,377,383,,,28954,11024481.2,192,,
2026-03-17,MHL,,565,553.1,562.9,,,39910,22353502.6,238,,
2026-03-17,MHNL,,307.7,288,307.7,,,85623,25535386.3,323,,
2026-03-17,MKCL,,1405,1380.3,1382,,,3547,4933720.3,62,,
2026-03-17,MKHC,,355,347,354,,,40015,14101883,263,,
2026-03-17,MKHL,,825,792,813,,,3425,2775583,81,,
2026-03-17,MKJC,,553.8,533.3,547.8,,,19678,10697160.2,101,,
2026-03-17,MLBBL,,1370,1337,1337.2,,,4411,5906543.2,53,,
2026-03-17,MLBS,,1465,1439.1,1465,,,1149,1668337.2,39,,
2026-03-17,MLBSL,,1910,1842.4,1907,,,2391,4444205.6,58,,
2026-03-17,MMKJL,,575,563.5,573,,,6405,3654045.3,85,,
2026-03-17,MPFL,,730,700,728.5,,,116837,83127092.6,448,,
2026-03-17,MSHL,,815,796,807.1,,,2384,1926677.9,43,,
2026-03-17,MSLB,,1390,1293.1,1389,,,2389,3139614.2,72,,
2026-03-17,NABIL,,530,523,525.8,,,47099,24719828.7,455,,
2026-03-17,NADEP,,792,782,792,,,1517,1189478.9,27,,
2026-03-17,NBL,,265,259,263.9,,,70518,18454432.9,238,,
2026-03-17,NESDO,,1590,1550,1575,,,370,579116.8,21,,
2026-03-17,NFS,,657,640.9,653.9,,,13128,8548185.4,132,,
2026-03-17,NGPL,,459,437.6,459,,,587552,266615039.9,1260,,
2026-03-17,NHDL,,677.6,665.1,671,,,4323,2896789.1,60,,
2026-03-17,NHPC,,313.9,297,299.2,,,1577627,480537096,3340,,
2026-03-17,NICA,,347,338,345,,,64570,22052790.6,242,,
2026-03-17,NICLBSL,,585,575.5,585,,,10701,6208850,139,,
2026-03-17,NIFRA,,283.3,274,281.9,,,287913,79933230.2,1073,,
2026-03-17,NIMB,,213.8,206.2,213.1,,,169046,35515688.6,535,,
2026-03-17,NLIC,,809,795,802,,,36253,28991591.2,263,,
2026-03-17,NLICL,,609.9,602,608.6,,,15796,9580470.5,62,,
2026-03-17,NLO,,269.4,269.4,269.4,,,0,0,0,,
2026-03-17,NMB,,254.7,248.1,254,,,36068,9114391.2,169,,
2026-03-17,NMBMF,,687,682.1,687,,,1590,1088068.1,19,,
2026-03-17,NMFBS,,1192,1175.1,1185,,,3444,4061997.5,33,,
2026-03-17,NMLBBL,,654,641,643,,,5590,3592005.6,61,,
2026-03-17,NRIC,,1266,1235,1243.9,,,44740,55551302.2,417,,
2026-03-17,NRM,,437.9,430.6,435.1,,,20477,8908212,196,,
2026-03-17,NRN,,1508,1477,1508,,,59208,87896902.7,504,,
2026-03-17,NTC,,886,870,879.2,,,8196,7196499.8,146,,
2026-03-17,NUBL,,725.8,702.1,713,,,4192,2968809.8,55,,
2026-03-17,NWCL,,889.9,860,861,,,5271,4562111.9,100,,
2026-03-17,NYADI,,455,419,450,,,83097,36646425.2,549,,
2026-03-17,OHL,,739,730,730.1,,,4595,3364343,55,,
2026-03-17,OMPL,,1324,1300,1321,,,9725,12735767.8,162,,
2026-03-17,PCBL,,251.7,247.5,251.7,,,73975,18469357.2,157,,
2026-03-17,PFL,,402.5,390.4,398,,,19698,7776588.5,138,,
2026-03-17,PHCL,,348.8,333,344.9,,,312293,106429506.5,1298,,
2026-03-17,PMHPL,,389,375,387,,,71014,27147625.4,192,,
2026-03-17,PMLI,,510,499.8,508,,,16417,8258712.7,200,,
2026-03-17,PPCL,,435,423,425,,,126288,53683678.5,274,,
2026-03-17,PPL,,402.2,390.1,400,,,121234,48232122.3,434,,
2026-03-17,PROFL,,480.8,472.1,479,,,8582,4080541.5,78,,
2026-03-17,PRVU,,215.2,206.6,215.2,,,548416,116411925.6,913,,
2026-03-17,PURE,,985,953,965,,,20778,19998509.7,196,,
2026-03-17,RADHI,,896,873,882,,,155640,136792478.4,407,,
2026-03-17,RAWA,,724,711.1,720,,,872,628173,32,,
2026-03-17,RFPL,,417.9,401.8,411,,,140278,57611681.1,460,,
2026-03-17,RHGCL,,323.6,298,323,,,368531,115629981.1,1096,,
2026-03-17,RHPL,,306,299,304.8,,,217780,65584890.9,460,,
2026-03-17,RIDI,,380.1,360,370,,,1517486,563761725.8,2659,,
2026-03-17,RLFL,,474,467.1,472,,,17173,8086700.8,119,,
2026-03-17,RNLI,,485,479.2,480,,,60823,29333945.9,430,,
2026-03-17,RSDC,,675,669,670,,,10680,7182147.2,85,,
2026-03-17,RSML,,1136.5,1017.8,1136.5,,,250,270821,13,,
2026-03-17,RURU,,686.9,675.3,680,,,6929,4716686.8,81,,
2026-03-17,SAGAR,,1985,1901.9,1920,,,20229,38818449.3,281,,
2026-03-17,SAHAS,,619,607,616,,,67239,41270978.5,568,,
2026-03-17,SAIL,,1360,1313.2,1329,,,48335,63881414.1,733,,
2026-03-17,SANIMA,,350,343,349.5,,,57443,20019111.7,214,,
2026-03-17,SANVI,,822.9,809,819.5,,,18926,15472085.4,223,,
2026-03-17,SARBTM,,901,873,889,,,22741,20033136,150,,
2026-03-17,SBI,,418,410,413.4,,,6619,2742131.4,64,,
2026-03-17,SBL,,403,395.1,400,,,83319,33250932.5,205,,
2026-03-17,SCB,,664.9,655,663,,,9078,5995516.2,108,,
2026-03-17,SGHC,,418,410,416,,,33655,13922138.3,177,,
2026-03-17,SHEL,,339,320,338,,,756427,252286409.4,1368,,
2026-03-17,SHIVM,,655,645,651,,,192652,125247334.6,774,,
2026-03-17,SHL,,514,500,507.8,,,57512,29268094.1,136,,
2026-03-17,SHLB,,1653.5,1602,1621,,,150,243635,10,,
2026-03-17,SHPC,,549.2,540.6,544,,,67357,36635907.8,334,,
2026-03-17,SIFC,,605,590.5,598.5,,,21925,13091614.5,91,,
2026-03-17,SIKLES,,672,650,662.8,,,30993,20419853.7,258,,
2026-03-17,SJCL,,316,309,313.9,,,20920,6522924.9,161,,
2026-03-17,SJLIC,,457,450,451,,,38796,17524284,219,,
2026-03-17,SKBBL,,795,785,789,,,16009,12648106.9,132,,
2026-03-17,SLBBL,,856,838.6,838.7,,,17214,14599454.6,126,,
2026-03-17,SLBSL,,1344.8,1318,1344.8,,,3455,4572439.5,65,,
2026-03-17,SMATA,,820,800.2,811.3,,,8215,6686136.6,131,,
2026-03-17,SMB,,1905,1876.3,1900,,,346,655844.5,16,,
2026-03-17,SMFBS,,1664,1649.1,1664,,,461,763463,16,,
2026-03-17,SMH,,638,620,630,,,23583,14848911.8,203,,
2026-03-17,SMHL,,530,511,527,,,237742,123311223.8,1139,,
2026-03-17,SMJC,,502.8,478.4,498.5,,,69986,34420886.1,330,,
2026-03-17,SMPDA,,891.4,871,891.4,,,5817,5102433.8,73,,
2026-03-17,SNLI,,482,471.1,479.1,,,26006,12424733.3,390,,
2026-03-17,SOHL,,399.3,367.7,399.3,,,840,334579,83,,
2026-03-17,SONA,,460,451,456,,,68128,31005588.4,479,,
2026-03-17,SPC,,530,513.6,524.8,,,12860,6726114.6,91,,
2026-03-17,SPDL,,454.7,430,450.1,,,523881,233836092.2,1343,,
2026-03-17,SPHL,,586.5,564,579.8,,,17865,10252439.5,131,,
2026-03-17,SPL,,764.6,737,745,,,16031,11940213.5,127,,
2026-03-17,SRLI,,407,401,404.8,,,43273,17530962.9,274,,
2026-03-17,SSHL,,239,216,238.8,,,1923074,445924443,4514,,
2026-03-17,STC,,6165.9,6070.3,6150,,,1455,8925524.8,44,,
2026-03-17,SWASTIK,,2877.3,2800.2,2817,,,1279,3615130,62,,
2026-03-17,SWBBL,,778,756,757,,,4913,3740942.8,90,,
2026-03-17,SWMF,,694,681,694,,,4686,3204383.1,59,,
2026-03-17,SYPNL,,1889.9,1830,1838.1,,,100790,186183957.9,1377,,
2026-03-17,TAMOR,,426.3,413.6,424,,,35263,14749890.1,338,,
2026-03-17,TPC,,430,419,419.5,,,125496,52999625.6,442,,
2026-03-17,TRH,,775,761.3,763,,,1513,1160726.7,23,,
2026-03-17,TSHL,,777.7,760,774.9,,,5931,4558505.2,82,,
2026-03-17,TTL,,913,900.1,906,,,32022,29007753,532,,
2026-03-17,TVCL,,642,620,624,,,65420,40878693.9,115,,
2026-03-17,UHEWA,,658,627,631.2,,,42375,26871343.7,329,,
2026-03-17,ULBSL,,3340,3160,3248,,,515,1651807.6,26,,
2026-03-17,ULHC,,582,541,571.4,,,207373,115507722.6,488,,
2026-03-17,UMHL,,631,620,630,,,81165,50519969,293,,
2026-03-17,UMRH,,585,575,583,,,33535,19462997.4,162,,
2026-03-17,UNHPL,,508.6,494,500,,,166293,82832771,381,,
2026-03-17,UNL,,47199,47199,47199,,,0,0,0,,
2026-03-17,UNLB,,1890,1827.1,1889,,,160,296868,15,,
2026-03-17,UPCL,,418,405.2,415.2,,,406464,167016845.5,1108,,
2026-03-17,UPPER,,219.9,209.1,219.1,,,915030,197904365.1,2313,,
2026-03-17,USHEC,,527,501,524.2,,,110355,57135630.8,711,,
2026-03-17,USHL,,744.4,708,725,,,10688,7664318.1,115,,
2026-03-17,USLB,,1469.9,1455,1467,,,1718,2505206,40,,
2026-03-17,VLBS,,781,761,771,,,1799,1378853,35,,
2026-03-17,VLUCL,,597,570.1,587.5,,,7652,4424679.9,107,,
2026-03-19,ACLBSL,,1004,990,998.5,,,5849,5831410.5,97,,
2026-03-19,ADBL,,327.9,310,326.5,,,251474,81118236.4,791,,
2026-03-19,AHL,,535.3,523.4,535,,,15642,8343622.1,159,,
2026-03-19,AHPC,,323.3,312,312.7,,,1029656,326769598.4,2505,,
2026-03-19,AKJCL,,431.8,412,414.1,,,1412159,595711095.9,2455,,
2026-03-19,AKPL,,317,301.2,310,,,1694102,530651916.6,4661,,
2026-03-19,ALBSL,,1174,1117.2,1160,,,34337,39616483.8,337,,
2026-03-19,ALICL,,485.5,470.9,483.7,,,87150,41745789.1,411,,
2026-03-19,ANLB,,6599,6266.1,6500,,,710,4589409.8,55,,
2026-03-19,API,,353.9,342.2,344.4,,,1528471,533836737.1,3408,,
2026-03-19,AVYAN,,1122,1070,1098,,,31275,34621203.9,347,,
2026-03-19,BANDIPUR,,954,930,943,,,109303,102881817.2,1497,,
2026-03-19,BARUN,,401.5,377.2,393,,,580488,227916490.4,2343,,
2026-03-19,BBC,,4910,4794,4858,,,872,4211288,48,,
2026-03-19,BEDC,,545.7,526,533.5,,,30241,16199507.9,269,,
2026-03-19,BFC,,504,480,502,,,60059,29924503.9,331,,
2026-03-19,BGWT,,783,767,770.1,,,5041,3906106.2,95,,
2026-03-19,BHCL,,597.7,580,593,,,66263,39093840.7,861,,
2026-03-19,BHDC,,510.5,501,508,,,79138,40268485.7,475,,
2026-03-19,BHL,,264.4,256,257.7,,,1477841,385690359.9,4887,,
2026-03-19,BHPL,,620,586.1,607,,,106402,64446317.4,638,,
2026-03-19,BNHC,,379,372,377,,,46917,17659977.8,330,,
2026-03-19,BNL,,15348.9,15048,15348.9,,,20,303969,2,,
2026-03-19,BNT,,12011,11950,12000,,,197,2362637,20,,
2026-03-19,BPCL,,774.1,711.5,752,,,161981,121427952.5,731,,
2026-03-19,BUNGAL,,657,632.1,645,,,33530,21711793.4,577,,
2026-03-19,CBBL,,950,931.1,935,,,57682,54161662.5,564,,
2026-03-19,CFCL,,575,557,573.3,,,49887,28270081.9,277,,
2026-03-19,CGH,,875,851.3,858.5,,,57623,49802092.7,334,,
2026-03-19,CHCL,,515,499.1,509.7,,,110706,56201022.9,560,,
2026-03-19,CHDC,,2538,2506,2530,,,46339,117032648.2,414,,
2026-03-19,CHL,,330,318,326,,,256804,83742131.3,855,,
2026-03-19,CIT,,1850,1822,1840,,,15716,28870771.7,310,,
2026-03-19,CITY,,515,490,514,,,51472,25650921.4,390,,
2026-03-19,CKHL,,783,700,744,,,15714,11497820.1,179,,
2026-03-19,CLI,,491.9,475,490,,,55838,27246449.6,688,,
2026-03-19,CREST,,1432,1385,1429.5,,,25911,36660845.4,512,,
2026-03-19,CYCL,,1606,1581,1605,,,2186,3488463.7,75,,
2026-03-19,CZBIL,,231,210.3,227,,,622383,139226478.2,1441,,
2026-03-19,DDBL,,887,870.2,885,,,15824,13984172,132,,
2026-03-19,DHEL,,717.2,698.1,705.1,,,57051,40343840.5,922,,
2026-03-19,DHPL,,340,328.5,339,,,37562,12701329.4,235,,
2026-03-19,DLBS,,1368.9,1349,1352.1,,,897,1217265,38,,
2026-03-19,DOLTI,,524.8,515,520,,,20589,10680002.9,220,,
2026-03-19,DORDI,,327.4,318.3,319.5,,,520092,167626999.4,1941,,
2026-03-19,EBL,,716.5,704,714,,,51308,36471065.1,367,,
2026-03-19,EHPL,,470,456,456.1,,,122335,56713431.4,629,,
2026-03-19,ENL,,967,920.2,959.7,,,3681,3512056,71,,
2026-03-19,FMDBL,,842,817,842,,,72283,60015732.6,282,,
2026-03-19,FOWAD,,1108,1088,1108,,,7378,8118480.3,111,,
2026-03-19,GBIME,,251,237,249,,,413913,102623647.5,1167,,
2026-03-19,GBLBS,,799.8,782.2,796.9,,,10374,8208298.9,142,,
2026-03-19,GCIL,,456,440,451.1,,,79979,35970998.3,720,,
2026-03-19,GFCL,,685,662,682,,,33851,23015525.6,227,,
2026-03-19,GHL,,290,280.3,283.4,,,835647,239532762.5,1813,,
2026-03-19,GILB,,1199,1156,1188,,,3192,3784662.7,60,,
2026-03-19,GLBSL,,1957.8,1900,1937.3,,,3735,7210058.3,93,,
2026-03-19,GLH,,318,304.2,308.1,,,975850,305495130.8,2039,,
2026-03-19,GMFBS,,1472.5,1447,1460,,,2479,3616016,29,,
2026-03-19,GMFIL,,500.6,485.5,498,,,58397,28884657.3,196,,
2026-03-19,GMLI,,1769.9,1745,1755,,,4198,7363935.3,163,,
2026-03-19,GUFL,,596.5,579.7,592,,,40355,23729312.5,289,,
2026-03-19,GVL,,517,510,511.5,,,144633,74311333.1,629,,
2026-03-19,HATHY,,960,930,951,,,17944,17051467.1,254,,
2026-03-19,HBL,,230.4,217,225.8,,,543241,121330322.8,4270,,
2026-03-19,HDHPC,,264,252,253.4,,,1822131,471502184.3,3634,,
2026-03-19,HDL,,1198.9,1182,1195,,,98089,117302490.2,931,,
2026-03-19,HFIN,,163.4,147,163.4,,,190,30506,19,,
2026-03-19,HHL,,400,383.5,389,,,243831,95459651.9,1085,,
2026-03-19,HIDCL,,300,292.5,299,,,677725,202218388.3,1691,,
2026-03-19,HIMSTAR,,985,956,970,,,11510,11176144.4,268,,
2026-03-19,HLBSL,,955,931.2,950,,,3859,3657792.3,63,,
2026-03-19,HLI,,396,386,396,,,204604,80324808.3,1096,,
2026-03-19,HPPL,,521,498,510,,,326016,168045013.1,1086,,
2026-03-19,HRL,,894.9,870,887.9,,,201643,178791549.4,1817,,
2026-03-19,HURJA,,312.1,297,305,,,619385,191399774.7,1582,,
2026-03-19,ICFC,,680,658.1,675,,,34873,23499928.6,169,,
2026-03-19,IHL,,544,520.5,530,,,19052,10056360.2,213,,
2026-03-19,ILBS,,986,952,971.1,,,7155,6936087.5,109,,
2026-03-19,ILI,,465.1,451,463.9,,,44887,20711998.3,787,,
2026-03-19,JBLB,,1390,1366,1371.5,,,9794,13458690.9,229,,
2026-03-19,JFL,,462,450,455,,,23826,10852273,175,,
2026-03-19,JHAPA,,1447,1400.1,1417,,,8468,12028885.1,192,,
2026-03-19,JOSHI,,332.5,316.1,325,,,249220,81155799.3,1018,,
2026-03-19,JSLBB,,1200,1156.2,1197,,,979,1155111.7,31,,
2026-03-19,KBL,,239,221.5,232,,,2381631,544851092.7,4315,,
2026-03-19,KBSH,,1768,1700.1,1700.1,,,485,829649,17,,
2026-03-19,KDL,,907.8,880.2,898,,,12969,11566391.3,170,,
2026-03-19,KKHC,,302,294,296,,,409372,122081131,1294,,
2026-03-19,KMCDB,,970,936.1,965,,,8053,7754120.9,87,,
2026-03-19,KPCL,,552,541.1,545,,,124572,68223759.9,467,,
2026-03-19,LEC,,275,262.9,265.3,,,1173131,316728276.7,2965,,
2026-03-19,LICN,,884.3,857,880,,,70857,61472539.8,319,,
2026-03-19,LLBS,,1023,990,1021,,,7167,7194856.4,71,,
2026-03-19,LSL,,231,223.1,231,,,462620,105316792.5,885,,
2026-03-19,MABEL,,764,740,753,,,25650,19174319.9,432,,
2026-03-19,MAKAR,,555,544,548.1,,,15417,8476035.6,149,,
2026-03-19,MANDU,,840,818,831.9,,,2819,2333840.2,88,,
2026-03-19,MATRI,,989,965,989,,,2102,2060528.8,78,,
2026-03-19,MBJC,,332.1,311,320,,,233722,75397073.2,1358,,
2026-03-19,MBL,,268,247.5,266.6,,,641203,167585766.6,1180,,
2026-03-19,MCHL,,432,414,426,,,18719,8037797,174,,
2026-03-19,MEHL,,491.6,477.2,480,,,37372,18120855.9,336,,
2026-03-19,MEL,,312,303,307,,,110550,34151341.4,795,,
2026-03-19,MEN,,629,615,629,,,92106,57578899.9,442,,
2026-03-19,MERO,,769,727,745,,,42165,31492701.4,222,,
2026-03-19,MFIL,,870,838,854,,,120563,102228838.4,474,,
2026-03-19,MHCL,,397,380,393.2,,,63786,25003977,389,,
2026-03-19,MHL,,574,558.9,561,,,45042,25425162.2,267,,
2026-03-19,MHNL,,324,302.2,323.5,,,216889,68638713.6,773,,
2026-03-19,MKCL,,1404,1383,1387,,,5047,7024781.6,101,,
2026-03-19,MKHC,,367.1,358,361.1,,,104969,38194566.1,558,,
2026-03-19,MKHL,,826,797.5,825,,,5894,4805854.5,116,,
2026-03-19,MKJC,,555.9,536.9,547,,,72319,39753485.2,322,,
2026-03-19,MLBBL,,1368.9,1335,1357,,,3814,5155167.4,58,,
2026-03-19,MLBS,,1500,1453,1500,,,1626,2406341.4,36,,
2026-03-19,MLBSL,,1920,1848,1919.9,,,2336,4395464.7,82,,
2026-03-19,MMKJL,,595,564,585,,,12887,7488526.5,144,,
2026-03-19,MPFL,,728.5,700,725,,,59952,43101416.4,280,,
2026-03-19,MSHL,,820,798,808,,,5759,4648316.5,68,,
2026-03-19,MSLB,,1361.3,1335,1347.8,,,4444,5983997.8,104,,
2026-03-19,NABIL,,536,527,535.2,,,151867,80762017,1007,,
2026-03-19,NADEP,,813,788.3,801.3,,,4176,3347240.3,61,,
2026-03-19,NBL,,275.2,259,274.7,,,299889,81334813,886,,
2026-03-19,NESDO,,1600,1556.5,1600,,,3322,5281554.8,90,,
2026-03-19,NFS,,668,655,663,,,29626,19669488.6,256,,
2026-03-19,NGPL,,478,459,474,,,1426082,671616536.7,3383,,
2026-03-19,NHDL,,684,671.1,677.5,,,16961,11467944.8,105,,
2026-03-19,NHPC,,327.4,296,312,,,2169302,669064469.9,4290,,
2026-03-19,NICA,,367,346,366,,,326932,116860750.4,1117,,
2026-03-19,NICLBSL,,610,588.2,610,,,50717,30467862.2,525,,
2026-03-19,NIFRA,,292.4,281,292,,,778529,225638720.5,2926,,
2026-03-19,NIMB,,226.7,213.1,223,,,812852,178797852.3,2009,,
2026-03-19,NLIC,,829,800.2,828,,,176072,144305887.7,775,,
2026-03-19,NLICL,,631,589,620,,,71173,43818198,232,,
2026-03-19,NLO,,269.4,269.4,269.4,,,0,0,0,,
2026-03-19,NMB,,262.9,249,260.9,,,221234,57349524.8,601,,
2026-03-19,NMBMF,,704,684.1,696.1,,,6021,4205536.8,64,,
2026-03-19,NMFBS,,1197,1169.1,1190,,,6481,7679658.8,77,,
2026-03-19,NMLBBL,,654.9,645,653.8,,,23157,15075117.6,148,,
2026-03-19,NRIC,,1286,1243.9,1279.8,,,83791,106590734.6,838,,
2026-03-19,NRM,,448,436,447.4,,,62669,27784351,513,,
2026-03-19,NRN,,1524,1419.1,1515,,,312708,470632611.4,1510,,
2026-03-19,NTC,,890,881,889,,,28123,24900160.6,312,,
2026-03-19,NUBL,,727,712.2,724,,,25167,18093441.7,147,,
2026-03-19,NWCL,,895.5,863,875,,,7820,6846367.2,148,,
2026-03-19,NYADI,,482,455,456.2,,,109064,50890823.3,758,,
2026-03-19,OHL,,750,732.4,740,,,13877,10261691.3,78,,
2026-03-19,OMPL,,1346.9,1321,1334,,,14980,19928032.3,270,,
2026-03-19,PCBL,,261.5,252,260,,,382563,98280621.7,686,,
2026-03-19,PFL,,411,398,409.9,,,45393,18505018,289,,
2026-03-19,PHCL,,355,341.1,345,,,348922,121808520,1596,,
2026-03-19,PMHPL,,401,380,398,,,150929,59697169.8,537,,
2026-03-19,PMLI,,519.7,501.5,515,,,30220,15573492.1,382,,
2026-03-19,PPCL,,439,416.5,434,,,207273,89377998.9,336,,
2026-03-19,PPL,,413,401,406,,,258948,105324624.7,925,,
2026-03-19,PROFL,,494.9,480,489,,,27404,13343672,191,,
2026-03-19,PRVU,,235,211,223.3,,,1111074,245963145,2363,,
2026-03-19,PURE,,1009.8,960.1,999,,,33422,32835428.7,372,,
2026-03-19,RADHI,,897,875,884.5,,,316006,279239855.7,733,,
2026-03-19,RAWA,,727.9,708.6,722,,,10709,7681936.2,93,,
2026-03-19,RFPL,,428.8,402.8,423,,,452416,190292132.3,1487,,
2026-03-19,RHGCL,,353,326,338.1,,,562902,191938826,1962,,
2026-03-19,RHPL,,324,304,318,,,344619,109839861,1325,,
2026-03-19,RIDI,,377,362.5,364,,,1696461,626000668.1,3459,,
2026-03-19,RLFL,,488,477.8,487,,,36363,17567843.6,252,,
2026-03-19,RNLI,,496,480,495,,,59072,28962625.8,858,,
2026-03-19,RSDC,,688.5,668,687,,,36401,24776862.3,227,,
2026-03-19,RSML,,1250.1,1120.5,1250.1,,,770,946644,21,,
2026-03-19,RURU,,692.8,680,680.2,,,19942,13610485.4,154,,
2026-03-19,SAGAR,,1949,1915.3,1934,,,23738,45845681.1,370,,
2026-03-19,SAHAS,,627,615,625,,,232389,145129817.7,1202,,
2026-03-19,SAIL,,1421,1311,1350,,,101642,135944644,1004,,
2026-03-19,SANIMA,,361,351,357.1,,,164580,58676373.3,522,,
2026-03-19,SANVI,,840,815,822,,,49171,40614563.9,585,,
2026-03-19,SARBTM,,906,877,904,,,44785,40232913.5,309,,
2026-03-19,SBI,,437,411.1,425.8,,,97260,41131588.9,310,,
2026-03-19,SBL,,415,392,407.2,,,211253,86024682.8,576,,
2026-03-19,SCB,,673,663.8,667.4,,,40079,26856802.4,237,,
2026-03-19,SGHC,,430,407.9,418,,,78152,32844302.9,383,,
2026-03-19,SHEL,,347,337,338.7,,,796798,272946043.8,2011,,
2026-03-19,SHIVM,,672,654.8,671.9,,,560219,372434447.6,1703,,
2026-03-19,SHL,,525,502,516,,,107712,55482424,365,,
2026-03-19,SHLB,,1644.4,1625,1644,,,911,1487448,28,,
2026-03-19,SHPC,,563.9,533.2,557,,,250240,139670650.3,832,,
2026-03-19,SIFC,,614,592,614,,,34230,20769710.5,179,,
2026-03-19,SIKLES,,680,658,667,,,57708,38527985.4,370,,
2026-03-19,SJCL,,344.6,315,339,,,286529,95422211.2,1157,,
2026-03-19,SJLIC,,472,455,472,,,64297,29894926,579,,
2026-03-19,SKBBL,,810,793,799,,,19249,15413312.5,193,,
2026-03-19,SLBBL,,862,843.2,859,,,18156,15514083,196,,
2026-03-19,SLBSL,,1369.9,1332.5,1369.9,,,4318,5818714.4,77,,
2026-03-19,SMATA,,839,815,827.9,,,15860,13092011.1,198,,
2026-03-19,SMB,,1924,1880,1921.9,,,3562,6778670.8,68,,
2026-03-19,SMFBS,,1678,1647,1678,,,1594,2652072.6,34,,
2026-03-19,SMH,,642,630,640,,,54899,34919903.5,358,,
2026-03-19,SMHL,,552.5,527,545.2,,,519901,281863441.9,2062,,
2026-03-19,SMJC,,508.4,493,494,,,50045,24887195.6,377,,
2026-03-19,SMPDA,,904,885,900,,,10331,9247383,138,,
2026-03-19,SNLI,,495,479,489,,,68796,33592174.1,869,,
2026-03-19,SOHL,,439.2,405.5,439.2,,,1850,810055,173,,
2026-03-19,SONA,,475,456,473.9,,,147325,69081125.8,1168,,
2026-03-19,SPC,,534,520,526,,,49699,26286876.4,319,,
2026-03-19,SPDL,,458,443,444,,,387433,174708103.2,822,,
2026-03-19,SPHL,,602.9,575,580,,,32734,19061031.2,194,,
2026-03-19,SPL,,773,732,754,,,39953,29723719.1,259,,
2026-03-19,SRLI,,421,404.9,416.9,,,110714,46010342.3,872,,
2026-03-19,SSHL,,250,240,242,,,1619903,398410779.5,4686,,
2026-03-19,STC,,6150,6055.1,6061.2,,,4738,28841367.7,82,,
2026-03-19,SWASTIK,,2890,2808,2862,,,1134,3246110,61,,
2026-03-19,SWBBL,,775,759,768,,,15488,11864393.7,156,,
2026-03-19,SWMF,,707.9,685.1,704,,,13698,9593934.5,125,,
2026-03-19,SYPNL,,1912,1802,1855,,,184387,341768539.9,2225,,
2026-03-19,TAMOR,,430,418,421,,,76200,32433598,587,,
2026-03-19,TPC,,432,422,422,,,183141,78103015.5,630,,
2026-03-19,TRH,,790.5,775,776,,,2877,2241158,47,,
2026-03-19,TSHL,,783,751,763,,,24790,18910328.4,308,,
2026-03-19,TTL,,930,905,915.1,,,43361,39755408.4,820,,
2026-03-19,TVCL,,636.4,613.1,620,,,36503,22667227.7,180,,
2026-03-19,UHEWA,,649.6,623.3,627,,,51580,32871966.1,337,,
2026-03-19,ULBSL,,3269,3119.5,3245,,,500,1612687.9,33,,
2026-03-19,ULHC,,582,565.1,565.1,,,83634,47678362.1,314,,
2026-03-19,UMHL,,639.5,620,630,,,189026,118846722.1,527,,
2026-03-19,UMRH,,594,580,584.6,,,60802,35719386.3,367,,
2026-03-19,UNHPL,,519.5,499,518,,,345245,176603255.9,916,,
2026-03-19,UNL,,47290,47199,47290,,,21,993941.9,3,,
2026-03-19,UNLB,,1900,1857,1890,,,1168,2187328.5,36,,
2026-03-19,UPCL,,424.9,413,417,,,459472,192523619.6,1135,,
2026-03-19,UPPER,,239.5,222,235.6,,,2548271,593305735,8188,,
2026-03-19,USHEC,,538.5,520,525,,,105342,55861409.2,584,,
2026-03-19,USHL,,738.6,710,732,,,10201,7392130.1,112,,
2026-03-19,USLB,,1492.9,1467,1483.9,,,4410,6509982.2,74,,
2026-03-19,VLBS,,782.4,740.5,773.1,,,17814,13680206.1,1326,,
2026-03-19,VLUCL,,600,576.1,590,,,10098,5945163.6,191,,
2026-03-22,ACLBSL,,1095,996.7,1068,,,13491,14256380.8,258,,
2026-03-22,ADBL,,335,326,330,,,188185,61850589.8,683,,
2026-03-22,AHL,,539,524.3,529,,,21982,11602944.5,184,,
2026-03-22,AHPC,,316,306.2,312.5,,,831577,258663946.6,1968,,
2026-03-22,AKJCL,,420,404.9,409,,,1720824,707239427.4,2463,,
2026-03-22,AKPL,,315,300.1,305.1,,,1073297,328699357,2697,,
2026-03-22,ALBSL,,1198,1136.8,1190,,,54012,63301940.6,373,,
2026-03-22,ALICL,,505,484,499,,,172859,85788710,709,,
2026-03-22,ANLB,,6624,6370,6580,,,314,2042614.2,31,,
2026-03-22,API,,351.2,339.2,343.5,,,1005619,346177240.6,2510,,
2026-03-22,AVYAN,,1207.8,1098,1207.8,,,57648,67692954.1,668,,
2026-03-22,BANDIPUR,,973.9,943,959,,,121031,115914247.4,1513,,
2026-03-22,BARUN,,400,383,390,,,370739,144458955.6,1655,,
2026-03-22,BBC,,4900,4851.1,4851.1,,,594,2895610,44,,
2026-03-22,BEDC,,544,525,537.4,,,29570,15701751.7,234,,
2026-03-22,BFC,,519,501,518.8,,,76231,39024984.2,426,,
2026-03-22,BGWT,,783,767,767,,,9100,7021012.8,152,,
2026-03-22,BHCL,,595,585,588,,,55472,32660858.4,747,,
2026-03-22,BHDC,,515,502.1,507,,,69186,35022315.7,397,,
2026-03-22,BHL,,260,249,254,,,1621398,410523344.3,5197,,
2026-03-22,BHPL,,619.1,592.1,604,,,86460,52038650.8,521,,
2026-03-22,BJHL,,297.1,270.1,297.1,,,80,22698,8,,
2026-03-22,BNHC,,384.5,372,372.2,,,54080,20390798.8,423,,
2026-03-22,BNL,,15500,15500,15500,,,10,155000,1,,
2026-03-22,BNT,,12000,11900,12000,,,141,1684117,15,,
2026-03-22,BPCL,,767,742,749.9,,,64906,48479171.4,417,,
2026-03-22,BUNGAL,,657.9,645,650,,,28819,18705285.6,497,,
2026-03-22,CBBL,,972,940,969,,,102139,98194186.7,941,,
2026-03-22,CFCL,,584,570,573,,,49092,28380279.8,286,,
2026-03-22,CGH,,901,862.2,901,,,60469,53397046.9,470,,
2026-03-22,CHCL,,517,507.3,508,,,135827,69351199.3,577,,
2026-03-22,CHDC,,2580,2515,2530,,,32428,82491858.9,357,,
2026-03-22,CHL,,332.5,317,320,,,197362,63714513.4,692,,
2026-03-22,CIT,,1864,1826,1856.1,,,22089,40986994.9,327,,
2026-03-22,CITY,,524.2,505,519,,,33732,17444855.5,358,,
2026-03-22,CKHL,,744,701.8,730,,,11665,8437900.9,137,,
2026-03-22,CLI,,502.4,488,502,,,73644,36672522.9,866,,
2026-03-22,CREST,,1440,1416,1418.5,,,25999,37008782.5,349,,
2026-03-22,CYCL,,1650,1606.5,1649,,,7476,12218060.3,199,,
2026-03-22,CZBIL,,238.6,228,235,,,399699,93101719.5,1220,,
2026-03-22,DDBL,,915,885,914.9,,,70242,63744788.6,346,,
2026-03-22,DHEL,,716,701,707,,,41639,29410004.7,723,,
2026-03-22,DHPL,,345,323,332,,,35600,11806746.5,211,,
2026-03-22,DLBS,,1417.8,1357,1405,,,2845,3982999.3,117,,
2026-03-22,DOLTI,,529,514.1,519,,,12608,6540265.7,131,,
2026-03-22,DORDI,,320,310,314,,,384596,120742124.8,1326,,
2026-03-22,EBL,,719.9,714,717.8,,,84538,60565457,388,,
2026-03-22,EHPL,,465.2,446.1,449,,,148421,67023810.3,770,,
2026-03-22,ENL,,995,950,976,,,5256,5126235.6,102,,
2026-03-22,FMDBL,,902.7,842,893,,,196627,172495867.9,786,,
2026-03-22,FOWAD,,1152,1090,1151,,,13821,15774598.7,216,,
2026-03-22,GBIME,,258.2,250,256.9,,,790003,201763951.5,1829,,
2026-03-22,GBLBS,,843.8,800,835.9,,,33922,27999309.3,372,,
2026-03-22,GCIL,,475,451,470,,,127382,59402542.1,965,,
2026-03-22,GFCL,,706,685.1,702,,,59281,41423996.2,349,,
2026-03-22,GHL,,289,272,276,,,673229,185992411.1,1598,,
2026-03-22,GILB,,1249,1169,1237.9,,,9637,11720017.9,118,,
2026-03-22,GLBSL,,2004,1940,1985,,,3183,6287703,110,,
2026-03-22,GLH,,316.2,302.8,312.2,,,631887,194800326.5,1842,,
2026-03-22,GMFBS,,1526,1465,1519,,,2783,4193603.5,56,,
2026-03-22,GMFIL,,518,500,512,,,95923,49001867.5,381,,
2026-03-22,GMLI,,1783,1748,1759,,,6755,11886897.3,163,,
2026-03-22,GUFL,,610,595,605,,,58335,35218893.9,374,,
2026-03-22,GVL,,520,511,517.5,,,114311,58991669.5,553,,
2026-03-22,HATHY,,974.1,945,971.5,,,24777,23851898.4,336,,
2026-03-22,HBL,,237,229,234.2,,,568194,132864455.6,3758,,
2026-03-22,HDHPC,,274,250.2,265,,,2729307,710461548.1,5007,,
2026-03-22,HDL,,1220,1201,1215.5,,,129587,157314556.9,1272,,
2026-03-22,HFIN,,179.7,166.5,179.7,,,300,53185,30,,
2026-03-22,HHL,,396.1,379.3,381,,,139087,53226847.9,673,,
2026-03-22,HIDCL,,304.5,296.1,298.9,,,583067,174485966.6,1582,,
2026-03-22,HIMSTAR,,985,950.7,962,,,15667,15089400.8,260,,
2026-03-22,HLBSL,,998.9,955.2,970.1,,,14686,14436351.4,176,,
2026-03-22,HLI,,409.2,397,409,,,302510,122207767,1488,,
2026-03-22,HPPL,,520,509,513.9,,,476637,244492237.8,1260,,
2026-03-22,HRL,,920,887.9,910,,,261691,237132695.5,2357,,
2026-03-22,HURJA,,311,295,299,,,887634,265596546.7,1785,,
2026-03-22,ICFC,,690,676.2,687,,,32298,22153777.2,222,,
2026-03-22,IHL,,531,521.3,524,,,20607,10799617.3,190,,
2026-03-22,ILBS,,1050,955,1038,,,44498,45786348.7,513,,
2026-03-22,ILI,,483,465,480,,,112150,53290128.8,1123,,
2026-03-22,JBLB,,1425.9,1379,1416,,,22181,31293206.1,383,,
2026-03-22,JFL,,470,458,470,,,53839,25030117.4,316,,
2026-03-22,JHAPA,,1500,1388.7,1417,,,18953,26928998.6,290,,
2026-03-22,JOSHI,,330,315,320.9,,,115825,37015173.3,599,,
2026-03-22,JSLBB,,1285,1200,1280,,,3633,4526022.6,91,,
2026-03-22,KBL,,245.8,235,243.2,,,3546853,859615683,6357,,
2026-03-22,KBSH,,1767,1701,1711.3,,,1204,2081760.8,42,,
2026-03-22,KDL,,925,882.2,915,,,7595,6935638.4,152,,
2026-03-22,KKHC,,299,289,292.3,,,352118,103457088.8,1242,,
2026-03-22,KMCDB,,1012,965.1,1001.9,,,21930,21787620.5,219,,
2026-03-22,KPCL,,554,544,545,,,86572,47374804,393,,
2026-03-22,LEC,,269,255,261,,,1182568,307506198.7,2919,,
2026-03-22,LICN,,904,883,896,,,149258,133575570.2,538,,
2026-03-22,LLBS,,1081.9,1022.9,1059,,,7677,8082060.3,114,,
2026-03-22,LSL,,239.5,231,237,,,507275,119917139.3,943,,
2026-03-22,MABEL,,763,747,747.1,,,15905,11943160.1,297,,
2026-03-22,MAKAR,,551,543.2,547,,,16609,9065084.2,164,,
2026-03-22,MANDU,,843,822.2,835,,,6077,5041855.8,135,,
2026-03-22,MATRI,,1048.5,990.1,1029.9,,,8713,8885310.2,136,,
2026-03-22,MBJC,,325,312,320,,,164848,52492185.4,920,,
2026-03-22,MBL,,280,264,276,,,957510,261817057.6,1664,,
2026-03-22,MCHL,,434.4,421.5,427,,,10822,4606291.8,120,,
2026-03-22,MEHL,,488,464,472,,,42956,20224583.3,312,,
2026-03-22,MEL,,311,300,302.1,,,82554,25089907.3,599,,
2026-03-22,MEN,,647.6,623.1,630,,,82732,51995905.1,419,,
2026-03-22,MERO,,802,756,795,,,62352,49039636.3,616,,
2026-03-22,MFIL,,861.2,838,851.9,,,332480,282215531.6,788,,
2026-03-22,MHCL,,398,390,394,,,30515,12002698.1,279,,
2026-03-22,MHL,,572,552,554.8,,,61723,34294696.8,368,,
2026-03-22,MHNL,,324,304.6,317.9,,,147712,46270935.6,610,,
2026-03-22,MKCL,,1428,1390.3,1427,,,10261,14485347.5,200,,
2026-03-22,MKHC,,368.3,350,358,,,102849,36630927.9,434,,
2026-03-22,MKHL,,842,795,818,,,9680,7819961.1,144,,
2026-03-22,MKJC,,550,536.1,542.1,,,58236,31697248.6,323,,
2026-03-22,MLBBL,,1411,1360,1395,,,14210,19687581.3,186,,
2026-03-22,MLBS,,1571,1490,1550,,,3929,6024988.5,99,,
2026-03-22,MLBSL,,1960,1895,1960,,,3312,6441377.4,90,,
2026-03-22,MMKJL,,604.4,573.3,582.5,,,18260,10639982.3,140,,
2026-03-22,MPFL,,735,711,725,,,99793,71858321.1,341,,
2026-03-22,MSHL,,824,800,800,,,5503,4427105.2,75,,
2026-03-22,MSLB,,1391,1325,1386,,,9945,13651662,161,,
2026-03-22,NABIL,,545.9,537,542.1,,,178526,96882442,1249,,
2026-03-22,NADEP,,871,805,864.7,,,20768,17699003.9,210,,
2026-03-22,NBL,,285,278,282.6,,,366175,103102825.8,1234,,
2026-03-22,NESDO,,1658,1586,1645,,,5236,8553310.4,123,,
2026-03-22,NFS,,684,665.1,684,,,50988,34534905.4,436,,
2026-03-22,NGPL,,484.9,467,484,,,1533718,729842909.4,2894,,
2026-03-22,NHDL,,690,677,680,,,9662,6576513.5,99,,
2026-03-22,NHPC,,325.3,305,315,,,2477027,778773370.3,4272,,
2026-03-22,NICA,,390,367.1,389,,,515134,194808254.9,1637,,
2026-03-22,NICLBSL,,671,616,666,,,134401,88511599.9,1339,,
2026-03-22,NIFRA,,297.8,292,295,,,662537,195451953.3,2240,,
2026-03-22,NIMB,,231,223.1,227,,,714388,162998944.8,2127,,
2026-03-22,NLIC,,848,828,840.1,,,181028,152192094.3,798,,
2026-03-22,NLICL,,637.5,620,632,,,58600,36967105.5,228,,
2026-03-22,NLO,,269.4,269.4,269.4,,,0,0,0,,
2026-03-22,NMB,,271.4,261,269.8,,,290873,77669038.6,827,,
2026-03-22,NMBMF,,748.9,700,738.8,,,32163,23444438.1,263,,
2026-03-22,NMFBS,,1230,1167,1215,,,22022,26725101.1,147,,
2026-03-22,NMLBBL,,694.9,658,688.9,,,140163,96010579.4,746,,
2026-03-22,NRIC,,1300,1275,1288,,,71116,91622487,687,,
2026-03-22,NRM,,459,446,454,,,74078,33667284.2,558,,
2026-03-22,NRN,,1540,1500,1529,,,130726,198350199.9,1039,,
2026-03-22,NTC,,909.9,895,909.9,,,67464,60960093.9,610,,
2026-03-22,NUBL,,760,720,749,,,70049,52238954.2,373,,
2026-03-22,NWCL,,918.7,889.9,914,,,22945,20823329.5,284,,
2026-03-22,NYADI,,464,437,458.5,,,67392,30317124,507,,
2026-03-22,OHL,,769,740,764,,,12572,9476038.8,109,,
2026-03-22,OMPL,,1380,1334,1352.1,,,14891,20195853.1,351,,
2026-03-22,PCBL,,271,261.3,269,,,428251,113781537.6,889,,
2026-03-22,PFL,,436.4,409.9,436,,,113179,48404078.5,691,,
2026-03-22,PHCL,,349,330.1,335.9,,,421086,141509584.7,1762,,
2026-03-22,PMHPL,,405.9,390,393.9,,,142386,56216899.1,662,,
2026-03-22,PMLI,,528.8,515,526,,,36469,19133839.5,410,,
2026-03-22,PPCL,,442,420.2,423.5,,,147626,62928096.5,346,,
2026-03-22,PPL,,409,397,397,,,154341,61849906.9,602,,
2026-03-22,PROFL,,512,488,505,,,72612,36086397.4,375,,
2026-03-22,PRVU,,233.3,223.3,231,,,1057642,242750933.6,2788,,
2026-03-22,PURE,,1020,987,1007,,,28704,28806232.8,422,,
2026-03-22,RADHI,,910,866.9,877.3,,,289526,256073772.1,691,,
2026-03-22,RAWA,,730,709,725,,,6574,4721621,77,,
2026-03-22,RFPL,,427.9,414,417,,,192499,80527234.4,852,,
2026-03-22,RHGCL,,344.8,320.5,335,,,299032,99979415.5,1009,,
2026-03-22,RHPL,,325,308,313.3,,,167129,52397179.4,759,,
2026-03-22,RIDI,,368.9,350.1,355.1,,,1347686,481873512.5,2785,,
2026-03-22,RLFL,,505.9,488.1,501.7,,,93798,46924499.8,502,,
2026-03-22,RNLI,,510,495,504,,,115500,58101957.6,1098,,
2026-03-22,RSDC,,741.5,690,733.9,,,106345,77061333.5,647,,
2026-03-22,RSML,,1375.1,1235,1375.1,,,375,504898.5,12,,
2026-03-22,RURU,,692,679,689,,,21224,14513103.7,186,,
2026-03-22,SAGAR,,1966,1932,1947,,,18028,35088197.1,325,,
2026-03-22,SAHAS,,633,618.4,623.5,,,224523,140217672.2,1201,,
2026-03-22,SAIL,,1377,1310,1310,,,86700,115806815.7,1189,,
2026-03-22,SANIMA,,369.2,357,366.6,,,309134,112766494,851,,
2026-03-22,SANVI,,838,816,818,,,25201,20667760,421,,
2026-03-22,SARBTM,,934,903,917.8,,,92611,84960840,456,,
2026-03-22,SBI,,434,425,433.7,,,161652,69381580.5,358,,
2026-03-22,SBL,,419,407,411.1,,,255990,105755455.7,609,,
2026-03-22,SCB,,679,662.5,673,,,38779,26088769.7,242,,
2026-03-22,SGHC,,426,407.1,414.9,,,54018,22352649,306,,
2026-03-22,SHEL,,345,329.1,335,,,706414,235420530.9,1771,,
2026-03-22,SHIVM,,709,675,698,,,1082551,752670821.8,3739,,
2026-03-22,SHL,,537,503,535,,,168314,88701854.1,530,,
2026-03-22,SHLB,,1729,1640,1700,,,2641,4463686.5,81,,
2026-03-22,SHPC,,568.1,553.2,560,,,244282,136702822.3,820,,
2026-03-22,SIFC,,634,601.8,624.5,,,49698,31004401.3,289,,
2026-03-22,SIKLES,,672,639,652.9,,,149076,97023416.6,1004,,
2026-03-22,SJCL,,345,333,342.8,,,138691,46924537.9,526,,
2026-03-22,SJLIC,,480,470,474,,,127483,60572399.6,550,,
2026-03-22,SKBBL,,830.1,800.1,826,,,54052,44298020.3,428,,
2026-03-22,SLBBL,,901,850.1,884,,,64658,57198682.7,443,,
2026-03-22,SLBSL,,1430,1369.9,1425,,,11098,15601106.2,173,,
2026-03-22,SMATA,,885,825,882,,,59311,51513378,561,,
2026-03-22,SMB,,1980,1924,1969,,,5014,9828287.3,98,,
2026-03-22,SMFBS,,1745,1666,1745,,,6492,11091970.9,95,,
2026-03-22,SMH,,645,634,638,,,46839,29903715.8,409,,
2026-03-22,SMHL,,550,526,528,,,506739,271597607.4,2128,,
2026-03-22,SMJC,,499,484.7,489,,,31599,15481088.2,355,,
2026-03-22,SMPDA,,940,907,939,,,35213,32651441.7,374,,
2026-03-22,SNLI,,501.3,489,499.5,,,97141,48347979.3,1144,,
2026-03-22,SOHL,,483.1,447,483.1,,,3690,1780293,343,,
2026-03-22,SONA,,501.5,475.6,493.9,,,351739,172809741.2,2033,,
2026-03-22,SPC,,535.9,518,527,,,37845,19852426.2,288,,
2026-03-22,SPDL,,474,435.2,457,,,695977,309241971.9,1149,,
2026-03-22,SPHL,,590,564,570,,,20740,11889055.6,161,,
2026-03-22,SPL,,769,755,760,,,15749,11998728.4,141,,
2026-03-22,SRLI,,432,416,429.3,,,169740,72173680.4,1253,,
2026-03-22,SSHL,,251,235,243,,,1536660,369504615.8,4050,,
2026-03-22,STC,,6150,6050.1,6072,,,3731,22737687,57,,
2026-03-22,SWASTIK,,2969,2851,2943,,,2830,8234602.4,104,,
2026-03-22,SWBBL,,816,775,804.9,,,53245,42508223.3,441,,
2026-03-22,SWMF,,754,708,740,,,29535,21767904.8,259,,
2026-03-22,SYPNL,,1897,1845,1865,,,193835,361755390,2335,,
2026-03-22,TAMOR,,452.3,396.4,446.5,,,869740,375341978.7,2388,,
2026-03-22,TPC,,427.9,417,418,,,158270,66555257,575,,
2026-03-22,TRH,,795,785,795,,,9383,7423898.3,78,,
2026-03-22,TSHL,,793,740,749.5,,,28450,21296564.8,321,,
2026-03-22,TTL,,940,915.1,928.2,,,38236,35522453.5,828,,
2026-03-22,TVCL,,631,610.3,614,,,68162,42370359.5,153,,
2026-03-22,UHEWA,,639.5,612.5,619.2,,,110867,69006092.3,477,,
2026-03-22,ULBSL,,3290,3181.1,3255,,,2646,8556852.2,87,,
2026-03-22,ULHC,,572,548,561,,,53101,29454168.3,292,,
2026-03-22,UMHL,,647.7,630,639.7,,,101681,64966246.1,386,,
2026-03-22,UMRH,,595,573,579.8,,,84274,48731528.6,378,,
2026-03-22,UNHPL,,524.6,510.1,519.9,,,480347,247761037.7,1026,,
2026-03-22,UNL,,47290,46400,47150,,,141,6627470,13,,
2026-03-22,UNLB,,1960,1893.6,1951.5,,,1469,2860474.5,53,,
2026-03-22,UPCL,,423,406,408.6,,,343387,140782801.2,1051,,
2026-03-22,UPPER,,242,231,238,,,1552477,368005634.6,5480,,
2026-03-22,USHEC,,538,511,530.9,,,109714,57249528.2,536,,
2026-03-22,USHL,,740,717.4,732,,,10127,7366907.3,108,,
2026-03-22,USLB,,1580,1490,1540,,,17640,27142222.7,272,,
2026-03-22,VLBS,,850.4,775,850,,,56086,46521137.3,1252,,
2026-03-22,VLUCL,,592,578.2,585,,,11927,6951250.9,143,,
2026-03-23,ACLBSL,,1081,1050,1074,,,7988,8549266.4,146,,
2026-03-23,ADBL,,335,323,329,,,75576,24694870.9,434,,
2026-03-23,AHL,,530,520,521.1,,,13909,7263649.7,145,,
2026-03-23,AHPC,,317,307,310.4,,,327077,101131522.4,931,,
2026-03-23,AKJCL,,421,405.2,419,,,980148,404964588.1,1486,,
2026-03-23,AKPL,,311.1,299,306,,,609068,184260304.4,1653,,
2026-03-23,ALBSL,,1309,1167,1295,,,62162,78150704.9,880,,
2026-03-23,ALICL,,505,492,496,,,103823,51547739.3,480,,
2026-03-23,ANLB,,6597,6438.6,6564,,,552,3593269.4,48,,
2026-03-23,API,,349.5,337.7,348,,,799386,276252372.5,1897,,
2026-03-23,AVYAN,,1304.9,1161,1280,,,53054,67170035.3,721,,
2026-03-23,BANDIPUR,,970,940,944.9,,,85731,81261536.3,1135,,
2026-03-23,BARUN,,392,382.1,389.8,,,167200,64395862.3,758,,
2026-03-23,BBC,,4939.9,4800,4821,,,593,2875225,52,,
2026-03-23,BEDC,,543,529,534,,,7114,3779662.4,117,,
2026-03-23,BFC,,520,507,514.9,,,44766,22957608.9,267,,
2026-03-23,BGWT,,777,765,775,,,9797,7527396,122,,
2026-03-23,BHCL,,591,578.1,590,,,46679,27337399.2,632,,
2026-03-23,BHDC,,507,498,504,,,43718,21939009.8,227,,
2026-03-23,BHL,,259,249,255.6,,,697495,175825926.7,2581,,
2026-03-23,BHPL,,616,591,599.5,,,41796,25005639.1,270,,
2026-03-23,BJHL,,326.8,294.1,326.8,,,160,51222,16,,
2026-03-23,BNHC,,377.4,366,375,,,31266,11670765.8,236,,
2026-03-23,BNL,,15300,15300,15300,,,10,153000,1,,
2026-03-23,BNT,,12150,11805.1,12150,,,137,1644521,13,,
2026-03-23,BPCL,,764.8,735.1,746.5,,,81870,60672280.3,304,,
2026-03-23,BUNGAL,,657.8,645,652,,,29163,18971384.7,450,,
2026-03-23,CBBL,,980,959,969,,,60242,58203522.2,492,,
2026-03-23,CFCL,,584,565,572,,,26137,14874539.3,130,,
2026-03-23,CGH,,903,884,888,,,33863,30094285.7,285,,
2026-03-23,CHCL,,515,500,510.5,,,120244,61428269,489,,
2026-03-23,CHDC,,2606,2521.5,2603,,,42924,110259074,407,,
2026-03-23,CHL,,325,314,316.1,,,69650,22066741.3,314,,
2026-03-23,CIT,,1873,1846,1873,,,16261,30298246.2,284,,
2026-03-23,CITY,,515,500,511.1,,,18426,9378479.2,194,,
2026-03-23,CKHL,,730,701.7,715,,,6670,4750660.3,88,,
2026-03-23,CLI,,511,496.1,500,,,43211,21597830.5,562,,
2026-03-23,CREST,,1430,1401.2,1403.3,,,18592,26220508.9,267,,
2026-03-23,CYCL,,1681,1613,1645,,,3389,5547412.1,104,,
2026-03-23,CZBIL,,238,227,232,,,451007,103952752,745,,
2026-03-23,DDBL,,927,895,902.9,,,49607,44660257.4,274,,
2026-03-23,DHEL,,719,693,702,,,40522,28382153.2,663,,
2026-03-23,DHPL,,333.6,323.6,326,,,28116,9169472.1,136,,
2026-03-23,DLBS,,1444,1405,1441,,,1921,2734503.4,70,,
2026-03-23,DOLTI,,520,506.1,513,,,13031,6663467.7,147,,
2026-03-23,DORDI,,315,306.9,313,,,252160,78164813.9,993,,
2026-03-23,EBL,,718,708,712,,,75760,53841506.5,344,,
2026-03-23,EHPL,,454,441.2,449.5,,,49939,22287909.4,297,,
2026-03-23,ENL,,993,967,975,,,3185,3126572.1,63,,
2026-03-23,FMDBL,,982,877,973,,,201402,181348614.6,859,,
2026-03-23,FOWAD,,1174,1134,1145,,,6198,7142686.8,104,,
2026-03-23,GBIME,,258.9,251,255.7,,,343618,87087388.8,990,,
2026-03-23,GBLBS,,844.5,819.2,825,,,12811,10595914.2,160,,
2026-03-23,GCIL,,489.9,458.3,476,,,135998,64633864.3,941,,
2026-03-23,GFCL,,716,695.1,705,,,25115,17600845,167,,
2026-03-23,GHL,,281.5,269,274,,,386685,106241424.5,758,,
2026-03-23,GILB,,1280,1230,1266,,,14389,17973622,138,,
2026-03-23,GLBSL,,2029,1966.6,2000,,,3173,6348381.5,113,,
2026-03-23,GLH,,318.4,305,312.5,,,206538,63730471.2,758,,
2026-03-23,GMFBS,,1519,1469.1,1506,,,2142,3184561.5,41,,
2026-03-23,GMFIL,,523,508.2,519.9,,,80936,41865876,316,,
2026-03-23,GMLI,,1791.9,1760,1770,,,5354,9497923.6,164,,
2026-03-23,GUFL,,613,593,600,,,32737,19581292.7,221,,
2026-03-23,GVL,,526,515,526,,,127195,66286216.4,645,,
2026-03-23,HATHY,,980,952,970,,,21547,20752273.4,235,,
2026-03-23,HBL,,237,228.6,232,,,285064,65803377.6,2683,,
2026-03-23,HDHPC,,270.3,259.2,264,,,1070651,282618435.4,2176,,
2026-03-23,HDL,,1240.4,1210,1239,,,158313,193801882.7,1385,,
2026-03-23,HFIN,,197.6,176.4,197.6,,,250,48663,25,,
2026-03-23,HHL,,388.6,373,379.1,,,112500,42368847.6,533,,
2026-03-23,HIDCL,,301.2,293.1,296.6,,,284958,84416556.3,917,,
2026-03-23,HIMSTAR,,969,940.1,958,,,15172,14411503.3,225,,
2026-03-23,HLBSL,,998,970,987,,,17932,17761135.5,204,,
2026-03-23,HLI,,412.9,398,404.9,,,160317,64634372.6,872,,
2026-03-23,HPPL,,525,512,522,,,564569,293221382.8,1688,,
2026-03-23,HRL,,928,895,905,,,157192,141963616,1434,,
2026-03-23,HURJA,,300.3,291,294.9,,,263231,77645627.8,835,,
2026-03-23,ICFC,,695,681.1,689.9,,,26720,18307584.8,203,,
2026-03-23,IHL,,534,523.5,524,,,7369,3877855.7,107,,
2026-03-23,ILBS,,1090,1018,1080,,,25407,27104721.9,329,,
2026-03-23,ILI,,483,470,477,,,57744,27408368.5,664,,
2026-03-23,JBLB,,1439.9,1404,1410.1,,,8305,11712617.5,158,,
2026-03-23,JFL,,474,459,464,,,24881,11509308.5,165,,
2026-03-23,JHAPA,,1442,1397,1439,,,15857,22521423.3,204,,
2026-03-23,JOSHI,,324,312.1,320,,,107335,34013723.4,387,,
2026-03-23,JSLBB,,1303,1229.2,1252,,,2300,2886307.4,54,,
2026-03-23,KBL,,247,238,246.4,,,2768109,672378156.9,5024,,
2026-03-23,KBSH,,1730,1700.1,1729,,,345,591839.4,13,,
2026-03-23,KDL,,933.3,910,912,,,3905,3580868.2,93,,
2026-03-23,KKHC,,294,287.4,293,,,164316,47703189.3,628,,
2026-03-23,KMCDB,,1021.9,990,993,,,7148,7144329.3,132,,
2026-03-23,KPCL,,549.7,535,542,,,77788,42071620.3,362,,
2026-03-23,LEC,,271,256.1,268,,,666595,177025024.7,1750,,
2026-03-23,LICN,,904.9,882.2,885,,,48704,43321252.3,236,,
2026-03-23,LLBS,,1065,1020,1048.9,,,3585,3731317,43,,
2026-03-23,LSL,,239.5,229.5,237,,,384398,89838928.1,957,,
2026-03-23,MABEL,,755.8,737,753,,,19682,14729702.3,377,,
2026-03-23,MAKAR,,555.6,538,538,,,14400,7806065.3,126,,
2026-03-23,MANDU,,860,835.2,860,,,9435,8008781.8,167,,
2026-03-23,MATRI,,1028.9,1010,1020,,,1623,1650085.6,49,,
2026-03-23,MBJC,,330.5,313.3,330.3,,,285076,90714986.1,967,,
2026-03-23,MBL,,282.9,265.1,273,,,406144,109787677,912,,
2026-03-23,MCHL,,430,417.4,420,,,13781,5814797.6,103,,
2026-03-23,MEHL,,519,466.1,519,,,41634,19635090,226,,
2026-03-23,MEL,,305,299,304,,,39974,12017254,379,,
2026-03-23,MEN,,642.6,622.1,625.2,,,54430,34053694.4,277,,
2026-03-23,MERO,,860,785,860,,,57292,46246380.5,429,,
2026-03-23,MFIL,,900,838,879,,,183648,155917051.5,527,,
2026-03-23,MHCL,,394,384.1,388.6,,,22206,8610756.2,197,,
2026-03-23,MHL,,555.5,545.1,548.7,,,33951,18621056.2,215,,
2026-03-23,MHNL,,314,306,312,,,93465,28983203.1,337,,
2026-03-23,MKCL,,1450,1411.1,1417,,,5913,8408550,100,,
2026-03-23,MKHC,,358,351,356,,,48468,17113703.8,236,,
2026-03-23,MKHL,,834,781,809,,,2414,1929605.9,81,,
2026-03-23,MKJC,,552,540,542,,,19998,10875865.9,178,,
2026-03-23,MLBBL,,1418,1380.5,1392.7,,,3958,5505736.3,81,,
2026-03-23,MLBS,,1581,1512,1533,,,704,1082634,32,,
2026-03-23,MLBSL,,1960,1930,1956,,,1623,3165532.2,47,,
2026-03-23,MMKJL,,581,565.8,573,,,22232,12736366.9,157,,
2026-03-23,MPFL,,738,705,730,,,93027,66483833.5,362,,
2026-03-23,MSHL,,816,795.1,805.1,,,1764,1418006.5,50,,
2026-03-23,MSLB,,1413.7,1365.2,1389,,,9724,13518154.4,122,,
2026-03-23,NABIL,,546,536.7,542,,,100511,54536805.3,926,,
2026-03-23,NADEP,,864,843,854.9,,,4363,3709431.4,58,,
2026-03-23,NBL,,286,277.1,282,,,165204,46246227.76,618,,
2026-03-23,NESDO,,1677.9,1620,1649.9,,,3125,5129153.1,79,,
2026-03-23,NFS,,684,670,676.4,,,24239,16369141,200,,
2026-03-23,NGPL,,493,477,489,,,1118245,543382331.7,2189,,
2026-03-23,NHDL,,680,669,680,,,9683,6510173.9,78,,
2026-03-23,NHPC,,309.8,299,307.8,,,1893855,574829851.3,4149,,
2026-03-23,NICA,,396.7,376,389,,,314867,120700854.1,1032,,
2026-03-23,NICLBSL,,679,646,655,,,62253,40979692.6,635,,
2026-03-23,NIFRA,,299,290.2,293.9,,,415316,121699515.2,1709,,
2026-03-23,NIMB,,231.5,223.2,226.9,,,479709,108396166.5,1348,,
2026-03-23,NLIC,,856,826.2,840,,,88802,74365631.7,532,,
2026-03-23,NLICL,,638.9,620,625.2,,,38282,23971764.3,171,,
2026-03-23,NLO,,269.4,269.4,269.4,,,0,0,0,,
2026-03-23,NMB,,269,264.5,269,,,101193,26913887.1,325,,
2026-03-23,NMBMF,,741,718,727,,,4730,3448604,59,,
2026-03-23,NMFBS,,1230,1208.5,1221,,,6974,8488985.9,72,,
2026-03-23,NMLBBL,,693.8,668,679,,,41202,27985695.5,270,,
2026-03-23,NRIC,,1303,1275,1295,,,80180,103279264.1,750,,
2026-03-23,NRM,,462,447.1,458,,,70672,32035008.9,469,,
2026-03-23,NRN,,1616.7,1520,1615,,,347302,549821612,2170,,
2026-03-23,NTC,,928,900.1,908,,,59765,54567882.3,595,,
2026-03-23,NUBL,,760,736,740,,,26086,19371874.6,135,,
2026-03-23,NWCL,,930,901,920,,,14329,13044512.3,154,,
2026-03-23,NYADI,,467,442,453,,,28884,12903301.4,241,,
2026-03-23,OHL,,770,750,754,,,9687,7337252.6,92,,
2026-03-23,OMPL,,1365,1331.1,1344.9,,,9310,12523010.5,229,,
2026-03-23,PCBL,,274.3,262,265,,,143172,37883849.5,456,,
2026-03-23,PFL,,443,429.6,435,,,66775,29116408.5,437,,
2026-03-23,PHCL,,340,329,338.5,,,281975,93909980.2,1031,,
2026-03-23,PMHPL,,409,385.1,393.8,,,69433,27019895.6,316,,
2026-03-23,PMLI,,532.5,518.3,522,,,16023,8405304,259,,
2026-03-23,PPCL,,430,420,429,,,56194,23937748.5,207,,
2026-03-23,PPL,,404,389.1,399.9,,,99107,39191276.9,423,,
2026-03-23,PROFL,,514,500,506,,,38716,19489533.3,220,,
2026-03-23,PRVU,,235.6,224,229.7,,,613630,139193064,1663,,
2026-03-23,PURE,,1015,990,1000,,,19763,19808273.5,307,,
2026-03-23,RADHI,,885,867.1,878,,,222605,194758987.7,562,,
2026-03-23,RAWA,,733,711.1,717,,,2912,2101000.8,42,,
2026-03-23,RFPL,,420,408.7,415.2,,,100851,41915616.6,437,,
2026-03-23,RHGCL,,341.7,325,330,,,163767,53893134.6,525,,
2026-03-23,RHPL,,320,309,316,,,143778,45064610.1,581,,
2026-03-23,RIDI,,362,352.1,355,,,722527,257684816.7,1429,,
2026-03-23,RLFL,,511,492.2,499.9,,,52386,26121191.8,254,,
2026-03-23,RNLI,,509.8,496,502,,,74705,37309745,620,,
2026-03-23,RSDC,,763,740,747.5,,,72131,53847459.3,573,,
2026-03-23,RSML,,1512.6,1361.4,1512.6,,,480,714243,17,,
2026-03-23,RURU,,692,678.1,687.9,,,8412,5742756.9,99,,
2026-03-23,SAGAR,,2000,1935,2000,,,27692,54257531,415,,
2026-03-23,SAHAS,,630,618.2,624,,,162403,101011628.5,945,,
2026-03-23,SAIL,,1346,1300,1315,,,73901,97057640.8,1174,,
2026-03-23,SANIMA,,370,360,367,,,114147,41494581.6,443,,
2026-03-23,SANVI,,820.1,807,819,,,25883,21094899.3,390,,
2026-03-23,SARBTM,,934,910,922,,,91529,84230365.2,346,,
2026-03-23,SBI,,433.6,422.1,428.9,,,57198,24447056.7,198,,
2026-03-23,SBL,,412,406.2,410,,,103772,42448492.1,289,,
2026-03-23,SCB,,684,673,679,,,29479,19977633.4,226,,
2026-03-23,SGHC,,425,406.7,425,,,61253,25573380.8,307,,
2026-03-23,SHEL,,346.9,330.2,344.2,,,653861,220210256.7,1317,,
2026-03-23,SHIVM,,724.8,687,720,,,853309,606486764.7,3907,,
2026-03-23,SHL,,540,520,528.4,,,111657,59009250.3,403,,
2026-03-23,SHLB,,1735,1710,1729,,,2323,3996661,76,,
2026-03-23,SHPC,,582,556,578,,,517691,296683867,1437,,
2026-03-23,SIFC,,632.8,607.6,615,,,40861,25332103.2,265,,
2026-03-23,SIKLES,,665,641.2,645.2,,,48076,31049872.1,335,,
2026-03-23,SJCL,,362.1,336,358,,,192719,67451281.2,827,,
2026-03-23,SJLIC,,478,467,473,,,43109,20311024.2,357,,
2026-03-23,SKBBL,,833,811.1,815.6,,,35621,29223091.7,276,,
2026-03-23,SLBBL,,896,879,882,,,15106,13397623,174,,
2026-03-23,SLBSL,,1426,1390,1408,,,6347,8908574.5,82,,
2026-03-23,SMATA,,896,870,896,,,26498,23476346.5,326,,
2026-03-23,SMB,,1980,1930.1,1968,,,4079,7968747.3,82,,
2026-03-23,SMFBS,,1779.9,1712.3,1732.9,,,2767,4784709.6,67,,
2026-03-23,SMH,,642,630,638,,,25743,16313032.6,222,,
2026-03-23,SMHL,,540,525,530.3,,,234098,124657818.9,994,,
2026-03-23,SMJC,,490,482,484,,,38380,18619969.8,271,,
2026-03-23,SMPDA,,949,925,935,,,9163,8565261.2,154,,
2026-03-23,SNLI,,506,495,502,,,63531,31681891.2,853,,
2026-03-23,SOHL,,531.4,492.7,531.4,,,10180,5407539,980,,
2026-03-23,SONA,,506.7,485.3,502.4,,,246213,122608054.7,1671,,
2026-03-23,SPC,,527,518,522,,,15769,8205718.6,142,,
2026-03-23,SPDL,,467,450.9,463,,,358312,164631971.4,927,,
2026-03-23,SPHL,,578,565.1,571.9,,,9540,5432024.7,102,,
2026-03-23,SPL,,763.8,748,756,,,11849,8915227.5,115,,
2026-03-23,SRLI,,437.7,425,430,,,93943,40366175.9,750,,
2026-03-23,SSHL,,247,237,241.4,,,592579,142264498.2,1790,,
2026-03-23,STC,,6135,6001,6026,,,3612,21838293,60,,
2026-03-23,SWASTIK,,2956,2850,2862.1,,,2610,7535287.5,73,,
2026-03-23,SWBBL,,820,794,803,,,26350,21248924,244,,
2026-03-23,SWMF,,747.9,720.1,727,,,15913,11607827.6,153,,
2026-03-23,SYPNL,,1870,1827.7,1855,,,120648,224207800.8,1809,,
2026-03-23,TAMOR,,448.9,437.5,448,,,495103,219261742.4,1321,,
2026-03-23,TPC,,424,415,419,,,163329,68262148.5,499,,
2026-03-23,TRH,,808.8,790,797.5,,,5459,4334252.1,57,,
2026-03-23,TSHL,,759.9,738,748.9,,,8244,6123135.5,128,,
2026-03-23,TTL,,944,915.2,928,,,44494,41192219.8,705,,
2026-03-23,TVCL,,617,604.7,613,,,22979,13979204,138,,
2026-03-23,UHEWA,,627.5,616.1,622.9,,,44577,27719605.3,272,,
2026-03-23,ULBSL,,3280,3219,3264.9,,,873,2834334.9,36,,
2026-03-23,ULHC,,559,544.2,559,,,24622,13527637.7,210,,
2026-03-23,UMHL,,644,631,636,,,53349,33992285.6,274,,
2026-03-23,UMRH,,588,573,580,,,34670,20034338.7,190,,
2026-03-23,UNHPL,,538,512,538,,,568352,297277346.9,1199,,
2026-03-23,UNL,,47150,46900,47000,,,53,2487995,5,,
2026-03-23,UNLB,,1984,1940,1960.3,,,1502,2931484.5,61,,
2026-03-23,UPCL,,413,403.5,409,,,257575,104765328.2,728,,
2026-03-23,UPPER,,239.9,231,236,,,741234,173859901.3,2717,,
2026-03-23,USHEC,,530,518.5,525,,,41609,21762305.8,214,,
2026-03-23,USHL,,743.9,726,734.8,,,7393,5387728,79,,
2026-03-23,USLB,,1570,1530,1544,,,6818,10522933.6,117,,
2026-03-23,VLBS,,876,830,847,,,19739,16758314.9,862,,
2026-03-23,VLUCL,,585.8,573.3,580,,,10163,5876545.1,131,,
2026-03-24,ACLBSL,,1092.9,1053,1073,,,2156,2321307.5,78,,
2026-03-24,ADBL,,335.1,326.5,334.9,,,144856,48125888.6,562,,
2026-03-24,AHL,,524,510,518,,,21654,11220522,170,,
2026-03-24,AHPC,,322.3,310,316.9,,,766375,243999542.3,1923,,
2026-03-24,AKJCL,,420,410,411.4,,,578832,239257507.1,1026,,
2026-03-24,AKPL,,315,305.2,308,,,563162,174615651.3,1584,,
2026-03-24,ALBSL,,1334,1270,1290,,,11283,14605232.3,293,,
2026-03-24,ALICL,,496,486.3,495,,,128237,62946333.5,334,,
2026-03-24,ANLB,,6587,6460.2,6587,,,351,2273387.2,26,,
2026-03-24,API,,367.9,351,361.4,,,1601369,578749824.2,4533,,
2026-03-24,AVYAN,,1365.7,1230,1365.7,,,32098,40906329.6,511,,
2026-03-24,BANDIPUR,,955,937,949,,,50303,47393472.7,917,,
2026-03-24,BARUN,,395,385,389,,,148706,57961155,670,,
2026-03-24,BBC,,5303,4850,5299,,,5425,27011953.5,260,,
2026-03-24,BEDC,,538.9,527.6,533,,,13192,6991725.1,115,,
2026-03-24,BFC,,524,508,519.9,,,34784,17942468.7,202,,
2026-03-24,BGWT,,785,770,785,,,9078,7065211.8,126,,
2026-03-24,BHCL,,606.8,590,602,,,56312,33770973.1,900,,
2026-03-24,BHDC,,514,500.2,505,,,31699,16058989.5,199,,
2026-03-24,BHL,,259,253,254.8,,,420044,107275463,1668,,
2026-03-24,BHPL,,611.4,596,598,,,30727,18454061.5,231,,
2026-03-24,BJHL,,359.4,323.5,359.4,,,120,41960,12,,
2026-03-24,BNHC,,380,372.1,374.9,,,28306,10626487.4,206,,
2026-03-24,BNL,,15600,15490,15600,,,70,1088769,7,,
2026-03-24,BNT,,12100,11920.1,12100,,,100,1201303,10,,
2026-03-24,BPCL,,761.4,737,752.8,,,136394,102220699.5,481,,
2026-03-24,BUNGAL,,660.9,647.1,655.9,,,20475,13370268,346,,
2026-03-24,CBBL,,971,950,969.9,,,53747,51706992.6,476,,
2026-03-24,CFCL,,580,568.1,577,,,35597,20434745.2,154,,
2026-03-24,CGH,,899.7,879,887,,,37467,33182195.5,235,,
2026-03-24,CHCL,,516,505.1,514,,,112908,57573298,453,,
2026-03-24,CHDC,,2614,2580,2595,,,29677,77024494.4,319,,
2026-03-24,CHL,,326.9,318,324,,,104349,33731185.1,420,,
2026-03-24,CIT,,1900,1860,1888,,,21020,39509712.9,279,,
2026-03-24,CITY,,514,506.5,509,,,14787,7541938.7,170,,
2026-03-24,CKHL,,722.2,700,706,,,11010,7778164.5,121,,
2026-03-24,CLI,,500,491,498,,,39060,19389195.5,427,,
2026-03-24,CREST,,1420,1395,1410,,,7382,10340567.7,204,,
2026-03-24,CYCL,,1650,1612.1,1648,,,687,1125508.6,48,,
2026-03-24,CZBIL,,236.5,227,232.5,,,320130,73922481.8,572,,
2026-03-24,DDBL,,905,890.2,900,,,31542,28282802.9,187,,
2026-03-24,DHEL,,707.7,698,705,,,28442,19986038.8,554,,
2026-03-24,DHPL,,340,327,340,,,57702,19315181.9,243,,
2026-03-24,DLBS,,1444.3,1416,1420,,,2386,3388485.4,43,,
2026-03-24,DOLTI,,523.2,511,515,,,4546,2336512.1,92,,
2026-03-24,DORDI,,320,311.1,315.7,,,199543,63029411.2,752,,
2026-03-24,EBL,,716.9,705.3,715.9,,,53258,37981757.5,295,,
2026-03-24,EHPL,,460,450,452,,,53883,24489243.1,314,,
2026-03-24,ENL,,977,968,973,,,3011,2929298,31,,
2026-03-24,FMDBL,,953.6,897.3,909.2,,,112190,102056336.2,640,,
2026-03-24,FOWAD,,1159.9,1139,1149.8,,,7706,8871457,108,,
2026-03-24,GBIME,,260.8,252,260,,,288592,73972332.6,875,,
2026-03-24,GBLBS,,833.8,815.1,820,,,12089,9931890,161,,
2026-03-24,GCIL,,479.2,471,475,,,31338,14833620,450,,
2026-03-24,GFCL,,706,691,700,,,38105,26551961.7,195,,
2026-03-24,GHL,,279.1,273,274.3,,,246023,67615496.5,623,,
2026-03-24,GILB,,1268,1236,1244.5,,,2366,2965103.2,47,,
2026-03-24,GLBSL,,2005,1970.2,1995,,,1294,2580888.4,72,,
2026-03-24,GLH,,318.7,308,309.5,,,302336,94509579.9,844,,
2026-03-24,GMFBS,,1493,1475,1493,,,939,1391032.6,25,,
2026-03-24,GMFIL,,540,513.1,538,,,103073,54525735,385,,
2026-03-24,GMLI,,1770,1745,1754,,,2546,4479205.5,118,,
2026-03-24,GUFL,,607,595,601,,,20583,12342246.8,118,,
2026-03-24,GVL,,532,518.5,528,,,83725,44085706.2,398,,
2026-03-24,HATHY,,977.9,960,960.3,,,14980,14464719.1,192,,
2026-03-24,HBL,,236.6,229,231.9,,,205436,47579525.3,2022,,
2026-03-24,HDHPC,,267,256,257.7,,,1008890,262833112.6,2296,,
2026-03-24,HDL,,1263.7,1235,1253,,,144026,180246315.7,1219,,
2026-03-24,HFIN,,217.3,195.7,217.3,,,200,42759,20,,
2026-03-24,HHL,,387,375,383.1,,,59378,22778645.8,345,,
2026-03-24,HIDCL,,300,292.6,295.1,,,325583,96469442.8,890,,
2026-03-24,HIMSTAR,,976,940,945,,,8388,7939711.4,174,,
2026-03-24,HLBSL,,1005,970,994,,,3239,3215641.9,53,,
2026-03-24,HLI,,406.9,398,402.5,,,93133,37406631.6,728,,
2026-03-24,HPPL,,419.4,388.9,419.4,,,237588,99622180.3,914,,
2026-03-24,HRL,,923,892,898.1,,,155496,139524799.5,1389,,
2026-03-24,HURJA,,300,292.1,296,,,335627,99724995.6,747,,
2026-03-24,ICFC,,693,677,690,,,25961,17825760.8,143,,
2026-03-24,IHL,,530,520,524,,,9232,4825858,89,,
2026-03-24,ILBS,,1100,1060,1075,,,10103,10850165,112,,
2026-03-24,ILI,,477,470.5,474.6,,,22247,10519222.3,441,,
2026-03-24,JBLB,,1434,1391.1,1398.9,,,12592,17618748.8,278,,
2026-03-24,JFL,,473,460,462.7,,,14066,6521386.5,115,,
2026-03-24,JHAPA,,1439,1410.3,1437.5,,,9919,14085105.5,129,,
2026-03-24,JOSHI,,323,315.3,320,,,68144,21804099.1,329,,
2026-03-24,JSLBB,,1250,1230,1245,,,253,314479.1,19,,
2026-03-24,KBL,,256,241.5,246.7,,,1423916,352090528,3014,,
2026-03-24,KBSH,,1763,1715.2,1744.9,,,104,180684,7,,
2026-03-24,KDL,,915,897,900.2,,,8602,7796963.8,160,,
2026-03-24,KKHC,,298,290,292,,,115394,33738055.4,490,,
2026-03-24,KMCDB,,1014,974,995,,,10241,10243075.4,107,,
2026-03-24,KPCL,,547.5,534.2,540,,,119096,64472845.8,442,,
2026-03-24,LEC,,276,267,268.8,,,488724,132478813.7,1374,,
2026-03-24,LICN,,894,879,890,,,42136,37302594,173,,
2026-03-24,LLBS,,1044.3,1028.1,1044.3,,,1757,1815497.7,26,,
2026-03-24,LSL,,241.2,232.5,240,,,486356,115320276.5,942,,
2026-03-24,MABEL,,759.9,744.1,749,,,15583,11693718.7,251,,
2026-03-24,MAKAR,,546,538,545,,,8298,4517528.9,99,,
2026-03-24,MANDU,,870,845.2,862,,,4324,3698072,98,,
2026-03-24,MATRI,,1020,1010,1015.2,,,1647,1668368.7,46,,
2026-03-24,MBJC,,331,321,327,,,85386,27890694,577,,
2026-03-24,MBL,,275,265,274.5,,,382116,103817936.4,915,,
2026-03-24,MCHL,,425,416,425,,,15534,6519095.3,129,,
2026-03-24,MEHL,,508.7,479,492.5,,,144176,70222718.9,652,,
2026-03-24,MEL,,310,299,304.5,,,32734,9889852.4,335,,
2026-03-24,MEN,,629.6,618,624,,,155634,96909334.2,854,,
2026-03-24,MERO,,843,801,821,,,30135,24595097.7,299,,
2026-03-24,MFIL,,895.4,828,890,,,309677,268422814.6,730,,
2026-03-24,MHCL,,394.5,385.5,388,,,27732,10827760.8,216,,
2026-03-24,MHL,,569,540.4,560,,,43891,24474716,245,,
2026-03-24,MHNL,,321.1,310,314.1,,,80585,25422760.5,296,,
2026-03-24,MKCL,,1450,1426,1434,,,10468,15109249.2,144,,
2026-03-24,MKHC,,359.9,353,355.6,,,51501,18358630.3,268,,
2026-03-24,MKHL,,827,793,797,,,3104,2482458,59,,
2026-03-24,MKJC,,552,541.2,552,,,29871,16313284.4,192,,
2026-03-24,MLBBL,,1397,1383.7,1389.8,,,2071,2873961.3,61,,
2026-03-24,MLBS,,1539.9,1508.3,1539.9,,,1636,2505823.6,15,,
2026-03-24,MLBSL,,2019,1943,2010,,,3643,7233888.6,91,,
2026-03-24,MMKJL,,586,569,572.1,,,21364,12269451.9,163,,
2026-03-24,MPFL,,744,711,724.1,,,30705,22049972,178,,
2026-03-24,MSHL,,820,795,805,,,3260,2613874,56,,
2026-03-24,MSLB,,1479,1370.1,1479,,,6229,8647900.4,110,,
2026-03-24,NABIL,,546,542.5,544.6,,,99147,53987914,776,,
2026-03-24,NADEP,,865,828,845,,,4436,3708159.5,64,,
2026-03-24,NBL,,285,278,283.9,,,272588,76594496.3,566,,
2026-03-24,NESDO,,1682,1617,1637.9,,,1460,2377598.3,40,,
2026-03-24,NFS,,682.9,666.6,666.6,,,25069,16837377.3,213,,
2026-03-24,NGPL,,502,484,491,,,833393,413115963.2,2087,,
2026-03-24,NHDL,,690.4,668,680,,,4934,3334029.1,70,,
2026-03-24,NHPC,,312,302,303.4,,,753305,230594150.7,1674,,
2026-03-24,NICA,,411,377.4,394,,,585324,228075730,1147,,
2026-03-24,NICLBSL,,672,650.1,660,,,28702,18972843,355,,
2026-03-24,NIFRA,,296,290.4,294,,,366002,107407319.6,1335,,
2026-03-24,NIMB,,231.4,223.9,228,,,386370,87844752.6,995,,
2026-03-24,NLIC,,845,826,833,,,82021,68423075.1,414,,
2026-03-24,NLICL,,630,618,624,,,38207,23773075.2,305,,
2026-03-24,NLO,,269.4,269.4,269.4,,,0,0,0,,
2026-03-24,NMB,,270.8,263.8,269,,,170744,45514946.7,411,,
2026-03-24,NMBMF,,725,713,723,,,6014,4321275.9,64,,
2026-03-24,NMFBS,,1242,1202,1207,,,6859,8331060,75,,
2026-03-24,NMLBBL,,685,670,685,,,14382,9736613.9,116,,
2026-03-24,NRIC,,1295.1,1275.3,1284.3,,,53374,68497162.2,503,,
2026-03-24,NRM,,470,458,463,,,45526,21155804.9,393,,
2026-03-24,NRN,,1666,1610,1623,,,197764,323437042,1312,,
2026-03-24,NTC,,920,908,914,,,18877,17225044.2,277,,
2026-03-24,NUBL,,748.9,733,740,,,17363,12853869.1,94,,
2026-03-24,NWCL,,932,907,929.9,,,3141,2894948,81,,
2026-03-24,NYADI,,461.9,444,450,,,26435,11930818.9,235,,
2026-03-24,OHL,,769,757,764,,,7497,5706039.5,75,,
2026-03-24,OMPL,,1370,1330,1343,,,8636,11567166.3,181,,
2026-03-24,PCBL,,267,262.1,266.9,,,113650,30086288,360,,
2026-03-24,PFL,,439,428,435,,,33715,14590085.1,215,,
2026-03-24,PHCL,,361,345,353,,,611250,216576767.2,2373,,
2026-03-24,PMHPL,,399,385,389.9,,,46592,18126920.6,242,,
2026-03-24,PMLI,,529,520,522.5,,,14235,7456520.1,273,,
2026-03-24,PPCL,,462,423.7,444.4,,,106065,46156098.7,337,,
2026-03-24,PPL,,407,392,400,,,158974,63999009.6,634,,
2026-03-24,PROFL,,514,503,505,,,13535,6846361.1,123,,
2026-03-24,PRVU,,231,225.3,229.1,,,364653,83128128.5,1108,,
2026-03-24,PURE,,1004,997,1002.9,,,23049,23040024.1,241,,
2026-03-24,RADHI,,915,888.2,905,,,746092,674384341.5,1482,,
2026-03-24,RAWA,,728.8,710.1,717,,,4027,2892877.1,43,,
2026-03-24,RFPL,,435,406.9,435,,,335646,143923947.4,1283,,
2026-03-24,RHGCL,,342,327,327,,,126648,42188462.6,464,,
2026-03-24,RHPL,,325,316.2,320,,,78078,25002538.9,482,,
2026-03-24,RIDI,,359.9,347,351.9,,,862584,304009633.5,1738,,
2026-03-24,RLFL,,510,491,508,,,42092,21224198.1,199,,
2026-03-24,RNLI,,504,496.4,500.1,,,57419,28730896.1,638,,
2026-03-24,RSDC,,750,733,735,,,31791,23463811.4,259,,
2026-03-24,RSML,,1663.8,1494.4,1663.8,,,543,883098.4,19,,
2026-03-24,RURU,,701,681.1,699.9,,,27975,19412149.9,168,,
2026-03-24,SAGAR,,1999,1966,1998,,,15311,30393695.2,289,,
2026-03-24,SAHAS,,635,618,632,,,260897,163836570.3,1029,,
2026-03-24,SAIL,,1334,1305,1333,,,81159,107101159.1,881,,
2026-03-24,SANIMA,,373.3,362.1,373,,,226451,83648756.2,512,,
2026-03-24,SANVI,,830,813.5,817,,,21792,17885779.8,369,,
2026-03-24,SARBTM,,934.5,916.3,923,,,48091,44330023.2,213,,
2026-03-24,SBI,,432,421.1,428.1,,,57929,24820082.5,217,,
2026-03-24,SBL,,418,408.1,415.7,,,257869,106743082,643,,
2026-03-24,SCB,,683.9,679,680,,,35672,24271846.8,207,,
2026-03-24,SGHC,,447.7,416.5,445,,,323279,141616701.2,911,,
2026-03-24,SHEL,,358.5,336,354.1,,,1026409,363340579.5,2523,,
2026-03-24,SHIVM,,730,708,710,,,547372,391010219.9,2277,,
2026-03-24,SHL,,531,510,522.1,,,66533,34876256.4,231,,
2026-03-24,SHLB,,1734,1707.1,1734,,,385,662863,17,,
2026-03-24,SHPC,,588,570.3,575,,,217353,125532272.4,688,,
2026-03-24,SIFC,,622.9,609,619.7,,,25389,15609923,129,,
2026-03-24,SIKLES,,657,637.5,641,,,78057,50108038.6,484,,
2026-03-24,SJCL,,365,351.3,353.9,,,112549,40182541.1,433,,
2026-03-24,SJLIC,,473,465.3,468,,,28304,13240717.1,257,,
2026-03-24,SKBBL,,820,806.5,809.9,,,27326,22129950.8,351,,
2026-03-24,SLBBL,,912.9,885,885,,,22420,20024014.3,207,,
2026-03-24,SLBSL,,1420,1399,1409,,,2165,3048432.8,38,,
2026-03-24,SMATA,,909.9,885,896.4,,,9164,8205363.8,147,,
2026-03-24,SMB,,1964,1929,1964,,,1604,3116312,43,,
2026-03-24,SMFBS,,1763.7,1698.3,1730,,,1334,2290634.4,26,,
2026-03-24,SMH,,643,635,642,,,45818,29302062.1,273,,
2026-03-24,SMHL,,548.2,535,545.1,,,258888,140761245.6,1196,,
2026-03-24,SMJC,,512,486,508.1,,,70356,35161233.8,513,,
2026-03-24,SMPDA,,937,923,932,,,7974,7404413.2,106,,
2026-03-24,SNLI,,504,495,502,,,60795,30358099.4,578,,
2026-03-24,SOHL,,584.5,542,584.5,,,9590,5601761,902,,
2026-03-24,SONA,,510,491.9,498,,,142793,71014837.3,893,,
2026-03-24,SPC,,527,521,525,,,28525,14936703,165,,
2026-03-24,SPDL,,470,453.8,463,,,379475,175671369.7,649,,
2026-03-24,SPHL,,580,560.5,575.9,,,13378,7692781.5,92,,
2026-03-24,SPL,,770,743,757,,,12381,9359431.3,116,,
2026-03-24,SRLI,,431.7,423,425,,,41267,17583735.2,422,,
2026-03-24,SSHL,,246,238.8,239.8,,,532829,128387014.2,1498,,
2026-03-24,STC,,6100,6027,6100,,,3670,22216443,57,,
2026-03-24,SWASTIK,,2910,2850,2875,,,1834,5267006.7,71,,
2026-03-24,SWBBL,,819,795.1,805,,,13673,10982639.3,155,,
2026-03-24,SWMF,,741.5,718,735.5,,,13136,9545588.5,104,,
2026-03-24,SYPNL,,1920,1840,1875,,,147624,274745570.5,1958,,
2026-03-24,TAMOR,,467,445,459,,,389316,178482125.9,1182,,
2026-03-24,TPC,,424.2,416,417.3,,,103864,43557147.3,345,,
2026-03-24,TRH,,813,791,798,,,399,318235,19,,
2026-03-24,TSHL,,796,734,758,,,8590,6463065.7,109,,
2026-03-24,TTL,,942,925,933,,,32568,30343172.2,626,,
2026-03-24,TVCL,,624,605,607,,,21841,13275154,114,,
2026-03-24,UHEWA,,640,617,625,,,17986,11295057.4,152,,
2026-03-24,ULBSL,,3250,3200.2,3250,,,588,1885042.8,33,,
2026-03-24,ULHC,,557,547.9,553,,,36014,19869178.2,195,,
2026-03-24,UMHL,,647,631,638,,,68549,43751455.9,266,,
2026-03-24,UMRH,,602,569,580,,,72472,41877948,247,,
2026-03-24,UNHPL,,549.9,528.1,543,,,245281,131745057.8,767,,
2026-03-24,UNL,,46500,46101,46311,,,99,4578390,12,,
2026-03-24,UNLB,,1960.3,1930.3,1950,,,534,1039070.7,27,,
2026-03-24,UPCL,,419.4,405,414,,,333874,138173178.9,679,,
2026-03-24,UPPER,,242.6,234.1,236.9,,,778425,185366974.3,2359,,
2026-03-24,USHEC,,533,515.1,522,,,26932,14095310,152,,
2026-03-24,USHL,,734.9,723,725,,,8042,5830463.8,66,,
2026-03-24,USLB,,1550,1527,1543,,,3991,6125329.7,99,,
2026-03-24,VLBS,,863.9,825,831.1,,,11572,9637849.6,551,,
2026-03-24,VLUCL,,600,570,585,,,14758,8706230.5,166,,
2026-03-25,ACLBSL,,1090,1048,1053,,,1858,1969385.5,69,,
2026-03-25,ADBL,,340,328.5,330,,,106584,35389939.3,415,,
2026-03-25,AHL,,525,515.1,522,,,9530,4960636.6,143,,
2026-03-25,AHPC,,318.8,309.1,310,,,378520,118465823,1022,,
2026-03-25,AKJCL,,414.9,401.8,402.1,,,709740,289480890.9,1150,,
2026-03-25,AKPL,,309.9,299,302,,,468970,142005593.8,1383,,
2026-03-25,ALBSL,,1321.3,1240,1286,,,32287,40863363.5,307,,
2026-03-25,ALICL,,496,484,489,,,95142,46413155.8,314,,
2026-03-25,ANLB,,6561,6461.3,6461.3,,,110,713430.7,13,,
2026-03-25,API,,368.9,358.7,359,,,1429057,519674249.8,3002,,
2026-03-25,AVYAN,,1366,1229.2,1260,,,54272,68655564.2,735,,
2026-03-25,BANDIPUR,,985,940,973,,,112278,108486617.1,1537,,
2026-03-25,BARUN,,396.7,380,380,,,142096,54578566,644,,
2026-03-25,BBC,,5600,5100,5499,,,6884,37615976.8,272,,
2026-03-25,BEDC,,535,523.2,535,,,13610,7196568.4,157,,
2026-03-25,BFC,,520,505,505.1,,,31140,15921907.3,203,,
2026-03-25,BGWT,,790,771,787,,,6972,5424620.4,91,,
2026-03-25,BHCL,,614.9,597.8,609.9,,,80689,48994216.6,986,,
2026-03-25,BHDC,,509,495.3,498,,,54970,27545376.7,312,,
2026-03-25,BHL,,256,247,248,,,672166,168635106.8,2165,,
2026-03-25,BHPL,,608,582,585,,,45773,27065700.5,296,,
2026-03-25,BJHL,,395.3,366.5,395.3,,,100,38245,10,,
2026-03-25,BNHC,,382,367.7,373,,,18927,7066423.5,157,,
2026-03-25,BNL,,15601,15600,15600,,,40,624010,4,,
2026-03-25,BNT,,12100,11930,12099,,,314,3760827,20,,
2026-03-25,BPCL,,760,746.1,750,,,70784,53243349.8,281,,
2026-03-25,BUNGAL,,678,647.1,665.5,,,33893,22526009.7,604,,
2026-03-25,CBBL,,971,951.2,955,,,47742,45803669.9,436,,
2026-03-25,CFCL,,577,556.7,567,,,22024,12479789.9,162,,
2026-03-25,CGH,,895,875.1,875.1,,,30007,26384918,184,,
2026-03-25,CHCL,,515,506.1,511.9,,,51533,26231806.7,326,,
2026-03-25,CHDC,,2605,2566,2574,,,35849,92699651.2,321,,
2026-03-25,CHL,,328,317.5,320,,,92283,29694599.9,313,,
2026-03-25,CIT,,1900,1862,1870,,,11117,20791947.5,213,,
2026-03-25,CITY,,510.5,499,500.1,,,20229,10202654.9,222,,
2026-03-25,CKHL,,735,694.1,702.4,,,5967,4223458.4,88,,
2026-03-25,CLI,,499,490,490.3,,,41452,20465946.7,381,,
2026-03-25,CREST,,1410,1390,1410,,,23179,32346580.6,278,,
2026-03-25,CYCL,,1650,1615.1,1644.9,,,2662,4354416.1,64,,
2026-03-25,CZBIL,,235,225.4,226.7,,,184044,42083072.8,455,,
2026-03-25,DDBL,,904,885.2,886,,,17128,15262546.4,165,,
2026-03-25,DHEL,,727,698,715,,,46970,33518317.2,766,,
2026-03-25,DHPL,,340.9,335,336.2,,,24078,8127506.7,88,,
2026-03-25,DLBS,,1443.8,1372,1420,,,2735,3818446.1,56,,
2026-03-25,DOLTI,,524,510,517.9,,,10277,5316532.6,141,,
2026-03-25,DORDI,,318,307.8,311,,,170951,53324714.2,665,,
2026-03-25,EBL,,730.2,713,714,,,34018,24315040.3,285,,
2026-03-25,EHPL,,456,445,445,,,54070,24194431.9,262,,
2026-03-25,ENL,,986.9,950,974,,,3138,3019218.7,53,,
2026-03-25,FMDBL,,927,872,897,,,80449,70883110.5,551,,
2026-03-25,FOWAD,,1160,1126.1,1130,,,6481,7343088.1,88,,
2026-03-25,GBIME,,260,252,252.6,,,343362,87507785.4,804,,
2026-03-25,GBLBS,,824.8,813,813,,,18284,14917359.5,149,,
2026-03-25,GCIL,,477,460.2,461.7,,,91877,42918773.3,665,,
2026-03-25,GFCL,,713.7,680,683,,,27531,18920304.2,212,,
2026-03-25,GHL,,277,268.9,270,,,275333,75005134.6,687,,
2026-03-25,GILB,,1244.5,1210.3,1227,,,5610,6881027.5,43,,
2026-03-25,GLBSL,,1990,1955.1,1973,,,1555,3068846.6,52,,
2026-03-25,GLH,,310,303,304,,,261252,79987076.2,859,,
2026-03-25,GMFBS,,1516,1445,1474,,,2588,3780965,43,,
2026-03-25,GMFIL,,537,520.4,523.1,,,62939,33070834,216,,
2026-03-25,GMLI,,1756,1735,1740,,,3949,6887501,130,,
2026-03-25,GUFL,,601,591.1,591.1,,,19997,11889596,134,,
2026-03-25,GVL,,526,510.6,516,,,80275,41617667.5,387,,
2026-03-25,HATHY,,965,940,940.6,,,19361,18309044.8,200,,
2026-03-25,HBL,,231.9,226,226.1,,,159094,36436944.6,1750,,
2026-03-25,HDHPC,,258.7,245.2,246.6,,,1057134,265734447.9,2371,,
2026-03-25,HDL,,1260,1232,1235,,,113050,140678169.8,1033,,
2026-03-25,HFIN,,239,215,239,,,270,63505,27,,
2026-03-25,HHL,,383,375,376.1,,,84671,31985547.2,334,,
2026-03-25,HIDCL,,307,296,301,,,1205668,363936978.6,2771,,
2026-03-25,HIMSTAR,,985,935.1,980,,,19591,18844802.6,311,,
2026-03-25,HLBSL,,994,959.6,960,,,15125,14630155.2,119,,
2026-03-25,HLI,,401,389.9,393.9,,,187578,73935976.9,888,,
2026-03-25,HPPL,,444,412,418.2,,,479027,203016416.7,2223,,
2026-03-25,HRL,,902,876.2,876.2,,,209679,185938300.1,1699,,
2026-03-25,HURJA,,298,290,293,,,289733,84779128,747,,
2026-03-25,ICFC,,690,676,683,,,20944,14297352.1,145,,
2026-03-25,IHL,,527,520,521,,,13943,7284260.5,104,,
2026-03-25,ILBS,,1065,1029,1049,,,11378,11947574,170,,
2026-03-25,ILI,,475,466,467,,,28857,13554941.6,452,,
2026-03-25,JBLB,,1395,1380.1,1384,,,10449,14464582.7,238,,
2026-03-25,JFL,,468,452,453,,,18769,8603491.1,144,,
2026-03-25,JHAPA,,1494,1405.1,1430,,,16859,24251538.2,214,,
2026-03-25,JOSHI,,325,314,314.9,,,82312,26110142.3,307,,
2026-03-25,JSLBB,,1245,1230,1230,,,1898,2339650.3,25,,
2026-03-25,KBL,,248,240.1,241.8,,,1676626,408213750.9,2566,,
2026-03-25,KBSH,,1743,1721,1721,,,354,613446,15,,
2026-03-25,KDL,,914,895,902,,,3373,3048525.6,97,,
2026-03-25,KKHC,,297.8,288,290,,,103429,29979735.2,477,,
2026-03-25,KMCDB,,996,970,976,,,9397,9193815.4,105,,
2026-03-25,KPCL,,548,529,536,,,112410,60303471.9,439,,
2026-03-25,LEC,,268.3,257,257.6,,,432207,113008794.7,1191,,
2026-03-25,LICN,,896,868.7,875,,,39283,34373134.9,222,,
2026-03-25,LLBS,,1055,1028,1052.5,,,2121,2207450.5,31,,
2026-03-25,LSL,,240,232.3,233.9,,,352849,83201238.8,628,,
2026-03-25,MABEL,,784,735,769,,,35225,26865302,491,,
2026-03-25,MAKAR,,550,538,544.8,,,21838,11836242.3,110,,
2026-03-25,MANDU,,865,848,850,,,3127,2666460.9,77,,
2026-03-25,MATRI,,1014.9,1001.1,1012.9,,,2063,2074114.5,42,,
2026-03-25,MBJC,,325.9,315,318,,,87125,27764103.1,502,,
2026-03-25,MBL,,284,265.4,267,,,301037,81239964.4,716,,
2026-03-25,MCHL,,428,416.6,420,,,6294,2647245.9,81,,
2026-03-25,MEHL,,492.5,469,470,,,62249,29532519.2,396,,
2026-03-25,MEL,,310.5,298.1,298.6,,,35732,10730334.7,279,,
2026-03-25,MEN,,630.6,616,624,,,193506,120341700.5,629,,
2026-03-25,MERO,,815,785,790.1,,,22893,18294553,229,,
2026-03-25,MFIL,,938,857,865,,,186554,163080448.6,700,,
2026-03-25,MHCL,,390,380,383,,,22546,8686777.8,196,,
2026-03-25,MHL,,560,548,548,,,28541,15765839.1,170,,
2026-03-25,MHNL,,316,305.3,311.9,,,63426,19634785.7,328,,
2026-03-25,MKCL,,1458,1414.1,1423,,,3809,5439640,97,,
2026-03-25,MKHC,,358,349.1,349.1,,,45221,15993076.1,290,,
2026-03-25,MKHL,,817,780,798,,,11819,9384236,120,,
2026-03-25,MKJC,,552,535,537.9,,,41412,22400444,256,,
2026-03-25,MLBBL,,1389.7,1348,1365,,,8676,11829630.5,115,,
2026-03-25,MLBS,,1536,1509.2,1536,,,1450,2194449.4,31,,
2026-03-25,MLBSL,,1985,1955,1976,,,1208,2382097.6,35,,
2026-03-25,MMKJL,,579.9,568.5,568.5,,,9399,5362351.4,99,,
2026-03-25,MPFL,,729,705.3,705.3,,,59551,42466544.5,199,,
2026-03-25,MSHL,,815,800,809,,,831,667244,23,,
2026-03-25,MSLB,,1449.5,1385,1390,,,5885,8227780.2,116,,
2026-03-25,NABIL,,548,538,539,,,133329,72143579.5,830,,
2026-03-25,NADEP,,844,815.6,831.6,,,11307,9310300.9,101,,
2026-03-25,NBL,,284,277,278.9,,,215500,60313372.5,456,,
2026-03-25,NESDO,,1665,1569,1600,,,2503,3975212.3,50,,
2026-03-25,NFS,,673,660,661,,,18479,12288230.6,176,,
2026-03-25,NGPL,,500.8,480,484,,,1082912,524747593.9,1891,,
2026-03-25,NHDL,,688,671,680,,,9371,6352925.7,72,,
2026-03-25,NHPC,,309,298,301.2,,,691946,209382611.7,1467,,
2026-03-25,NICA,,404.9,387,398,,,498555,198083967.4,1364,,
2026-03-25,NICLBSL,,669,646,646,,,37207,24211003.49,362,,
2026-03-25,NIFRA,,297,289,289,,,520333,152632528.2,1580,,
2026-03-25,NIMB,,232.5,221.4,223.8,,,474499,106501397.7,972,,
2026-03-25,NLIC,,835,821,825,,,65754,54403571.4,406,,
2026-03-25,NLICL,,636,600,618,,,102641,63004554.3,245,,
2026-03-25,NLO,,269.4,269.4,269.4,,,0,0,0,,
2026-03-25,NMB,,272,262.2,265.7,,,142378,37786971,305,,
2026-03-25,NMBMF,,719.9,700,706.3,,,6457,4589514.6,64,,
2026-03-25,NMFBS,,1208.8,1195,1199,,,5247,6294648.5,57,,
2026-03-25,NMLBBL,,680,660,665,,,18911,12661810.2,167,,
2026-03-25,NRIC,,1300,1265,1267.8,,,55588,70713293.2,547,,
2026-03-25,NRM,,459.8,448.6,451,,,18221,8253385.3,207,,
2026-03-25,NRN,,1644,1604,1609,,,236336,383199915.8,1101,,
2026-03-25,NTC,,932,895,895,,,16089,14545111.1,297,,
2026-03-25,NUBL,,750,703.5,728,,,41076,29928971.9,164,,
2026-03-25,NWCL,,918.4,897,908,,,6003,5450729.2,81,,
2026-03-25,NYADI,,454.9,437.3,441,,,21656,9611266,183,,
2026-03-25,OHL,,770,751,751,,,6657,5077023,67,,
2026-03-25,OMPL,,1366.7,1322,1366.6,,,11222,15187284,312,,
2026-03-25,PCBL,,275.9,261,264,,,134630,35707763.7,348,,
2026-03-25,PFL,,441,426,429,,,29825,12813732.4,201,,
2026-03-25,PHCL,,355,341.2,343,,,228003,78968963.6,1027,,
2026-03-25,PMHPL,,428,382.2,428,,,74136,28960056.3,290,,
2026-03-25,PMLI,,520,510,510,,,15854,8167333.3,221,,
2026-03-25,PPCL,,450,432.6,435.6,,,107238,46887245.2,261,,
2026-03-25,PPL,,404.9,392,392,,,81929,32374335.2,454,,
2026-03-25,PROFL,,508,493,496,,,35963,17905921.3,161,,
2026-03-25,PRVU,,231.5,222.9,223.1,,,392802,88474886.2,1155,,
2026-03-25,PURE,,1040,992.6,1014,,,33475,34049535.1,375,,
2026-03-25,RADHI,,922,894,899.9,,,369645,336218597.2,913,,
2026-03-25,RAWA,,718.9,710.2,718.8,,,2392,1704725.2,32,,
2026-03-25,RFPL,,441.9,421,424,,,235073,100899136.5,786,,
2026-03-25,RHGCL,,336.6,322,323,,,137547,44972949.8,457,,
2026-03-25,RHPL,,322.9,312.1,312.2,,,113416,35816782.3,376,,
2026-03-25,RIDI,,367,352.5,356.9,,,732605,262784514.2,1604,,
2026-03-25,RLFL,,514.9,490,493,,,59939,29861925.4,283,,
2026-03-25,RNLI,,501,490.3,495,,,63246,31287622.9,535,,
2026-03-25,RSDC,,735,696.8,726,,,75711,54296739.1,311,,
2026-03-25,RSML,,1830.1,1697,1830.1,,,1020,1853629,28,,
2026-03-25,RURU,,708.8,686,687,,,25491,17700290.4,187,,
2026-03-25,SAGAR,,2099,1983.2,2043,,,48300,99215833.6,758,,
2026-03-25,SAHAS,,641.2,622.1,635.1,,,316085,200984855.9,1083,,
2026-03-25,SAIL,,1376.5,1318,1360,,,94038,126969570.6,1360,,
2026-03-25,SANIMA,,372,365.1,367,,,170618,62881598.6,525,,
2026-03-25,SANVI,,846,810,839.9,,,57436,47708541.8,586,,
2026-03-25,SARBTM,,934,900.2,906.9,,,23105,20971786.3,221,,
2026-03-25,SBI,,436.6,420,427.9,,,131450,55871080.2,253,,
2026-03-25,SBL,,424,411,412,,,200810,83168784.5,415,,
2026-03-25,SCB,,693.6,676,678.9,,,26166,17744608,194,,
2026-03-25,SGHC,,462,440,445,,,174284,78872836.9,651,,
2026-03-25,SHEL,,361,345.1,347,,,591764,206971529.3,1533,,
2026-03-25,SHIVM,,713,695.9,698,,,681616,478050201.8,2470,,
2026-03-25,SHL,,527,514.5,518,,,73932,38329841.3,259,,
2026-03-25,SHLB,,1715,1700,1709,,,1170,2002215,24,,
2026-03-25,SHPC,,575,563.7,566,,,114294,64922105.5,418,,
2026-03-25,SIFC,,621,602,603.4,,,18745,11360620.4,124,,
2026-03-25,SIKLES,,647,629,631,,,68555,43399340.1,457,,
2026-03-25,SJCL,,360.9,343,345.9,,,78662,27170924.3,308,,
2026-03-25,SJLIC,,477.3,460.2,460.6,,,30610,14175738.2,287,,
2026-03-25,SKBBL,,817,801.1,802,,,27880,22445465.7,254,,
2026-03-25,SKHL,,330,300,330,,,90,28810,9,,
2026-03-25,SLBBL,,895,868,872,,,11617,10149613.4,142,,
2026-03-25,SLBSL,,1409,1381.1,1400,,,6062,8427266.9,75,,
2026-03-25,SMATA,,896,849.7,866.5,,,22859,19775916.8,276,,
2026-03-25,SMB,,1964,1925,1930,,,1329,2583205.5,33,,
2026-03-25,SMFBS,,1714.1,1706,1711.2,,,667,1142140.8,18,,
2026-03-25,SMH,,654.6,639.2,640.3,,,60014,38731397.7,421,,
2026-03-25,SMHL,,575,505,556.2,,,866401,463362395.5,2267,,
2026-03-25,SMJC,,511,501,505,,,39697,20088219.4,345,,
2026-03-25,SMPDA,,925.6,902.6,905,,,16471,15006131.8,162,,
2026-03-25,SNLI,,502,492.4,495,,,34540,17118554.3,489,,
2026-03-25,SOHL,,642.9,596.1,642.9,,,22360,14368011,2141,,
2026-03-25,SONA,,498,481,482,,,145267,70661103.6,924,,
2026-03-25,SPC,,530,515.1,515.1,,,9333,4860831.6,87,,
2026-03-25,SPDL,,468,446,450,,,313809,143038045.8,633,,
2026-03-25,SPHL,,581.9,566.4,566.4,,,8538,4876037.7,89,,
2026-03-25,SPL,,765,745.9,760.9,,,22959,17372596.8,122,,
2026-03-25,SRLI,,429.7,417,418,,,51414,21651359.2,408,,
2026-03-25,SSHL,,244.8,235.1,237.1,,,652839,156132660.4,1473,,
2026-03-25,STC,,6100,6035,6100,,,3759,22786668.2,65,,
2026-03-25,SWASTIK,,2929,2850,2885,,,1591,4581677,74,,
2026-03-25,SWBBL,,805,790,790,,,10844,8593715.7,115,,
2026-03-25,SWMF,,736,712,719,,,15018,10871488.8,109,,
2026-03-25,SYPNL,,2031,1838,1940,,,231213,442892436,3341,,
2026-03-25,TAMOR,,466,450,465,,,310103,142546883.8,934,,
2026-03-25,TPC,,425,410,410,,,137148,57003867,474,,
2026-03-25,TRH,,811,790.3,792,,,7413,5903830.5,55,,
2026-03-25,TSHL,,759,738,738,,,8160,6098419.7,94,,
2026-03-25,TTL,,973,925,954,,,71281,67654340.8,1104,,
2026-03-25,TVCL,,626,610,621.9,,,39353,24385556.1,170,,
2026-03-25,UHEWA,,637,620.1,621,,,16123,10051416.5,155,,
2026-03-25,ULBSL,,3245,3200,3239.9,,,1271,4080024.2,59,,
2026-03-25,ULHC,,559,546,547,,,40535,22291232.9,152,,
2026-03-25,UMHL,,642.8,630,631,,,74561,47132152.3,238,,
2026-03-25,UMRH,,584,576.2,577.3,,,22452,12979888.5,125,,
2026-03-25,UNHPL,,556.9,533.9,556.9,,,515499,281441246.4,1180,,
2026-03-25,UNL,,46999,46490,46490,,,32,1496992,4,,
2026-03-25,UNLB,,1950,1917,1925,,,1294,2495231.2,32,,
2026-03-25,UPCL,,422.2,405.8,410,,,393992,163305375.7,708,,
2026-03-25,UPPER,,238,229,230,,,664956,154152052,2342,,
2026-03-25,USHEC,,524,512,513,,,53297,27537204,267,,
2026-03-25,USHL,,730,710.5,728.9,,,5628,4036096.6,85,,
2026-03-25,USLB,,1543,1500,1510,,,3281,4965852.9,94,,
2026-03-25,VLBS,,847.7,809,814,,,21397,17518865.8,712,,
2026-03-25,VLUCL,,591,577,581,,,5459,3176152.6,99,,
2026-03-26,ACLBSL,,1043,1025,1040,,,2970,3086650.5,58,,
2026-03-26,ADBL,,334,321.5,333.1,,,85296,28064017.3,380,,
2026-03-26,AHL,,525.9,512,521,,,12223,6352704,109,,
2026-03-26,AHPC,,316.2,307,314,,,389922,121160008.3,813,,
2026-03-26,AKJCL,,415,395,415,,,808865,331200248.6,1104,,
2026-03-26,AKPL,,305,296,304.9,,,400064,120446342.4,1144,,
2026-03-26,ALBSL,,1300,1240,1293.9,,,22614,28821586.6,281,,
2026-03-26,ALICL,,490,479,488,,,48491,23554296.6,253,,
2026-03-26,ANLB,,6649,6400,6647,,,4414,28343771.2,62,,
2026-03-26,API,,365.9,354,364.2,,,886488,319204512.3,2223,,
2026-03-26,AVYAN,,1310,1201,1279,,,42163,52401556.2,484,,
2026-03-26,BANDIPUR,,999.9,969,985,,,95093,93907925.2,1462,,
2026-03-26,BARUN,,382.9,375.6,381.2,,,118257,44835893.7,580,,
2026-03-26,BBC,,5495,5202,5332,,,1209,6454038.9,73,,
2026-03-26,BEDC,,534,525.2,531,,,6859,3623726,84,,
2026-03-26,BFC,,509,501,506.5,,,28443,14366409.1,176,,
2026-03-26,BGWT,,785,771.6,785,,,4610,3593600.3,80,,
2026-03-26,BHCL,,629,605,618,,,105838,65565999.3,1198,,
2026-03-26,BHDC,,502,492.2,499,,,29516,14711356.3,187,,
2026-03-26,BHL,,251.1,244.5,249,,,519966,128937350.4,1820,,
2026-03-26,BHPL,,596,577,588.9,,,20710,12158504.2,162,,
2026-03-26,BJHL,,434.8,391.4,434.8,,,198,84564.8,20,,
2026-03-26,BNHC,,380.4,372,379,,,29079,10938554.8,229,,
2026-03-26,BNL,,15606,15300,15606,,,30,462070,3,,
2026-03-26,BNT,,12189,11860,12000,,,81,972330,9,,
2026-03-26,BPCL,,750,740,750,,,59681,44419263.6,296,,
2026-03-26,BUNGAL,,686,666.1,678,,,32916,22356038.1,624,,
2026-03-26,CBBL,,965,950,963,,,25508,24435847.6,396,,
2026-03-26,CFCL,,570,558,567,,,17159,9648506.1,112,,
2026-03-26,CGH,,880,872.1,877.5,,,11651,10201062.7,168,,
2026-03-26,CHCL,,510.7,504.1,510.5,,,56682,28758258.2,316,,
2026-03-26,CHDC,,2590,2540,2590,,,67386,172309008.7,699,,
2026-03-26,CHL,,326,316.1,319.8,,,97462,31181556.8,338,,
2026-03-26,CIT,,1880,1850,1880,,,10619,19812258,170,,
2026-03-26,CITY,,512,496,510,,,18872,9516629.3,186,,
2026-03-26,CKHL,,721,689.5,718,,,6657,4700706.5,112,,
2026-03-26,CLI,,494.8,486,491,,,19843,9711687.1,352,,
2026-03-26,CREST,,1420,1390,1395.2,,,28715,40376737.8,336,,
2026-03-26,CYCL,,1634,1612.1,1634,,,1512,2450227.9,62,,
2026-03-26,CZBIL,,229.8,222.5,229,,,165271,37259211.5,372,,
2026-03-26,DDBL,,888,870.1,887.9,,,20201,17735509.6,171,,
2026-03-26,DHEL,,734,715,732.9,,,63123,46020666.4,893,,
2026-03-26,DHPL,,342,332,340,,,13062,4401950.4,84,,
2026-03-26,DLBS,,1417,1370,1413,,,1566,2164186,39,,
2026-03-26,DOLTI,,519,512.1,517,,,5107,2635600.5,82,,
2026-03-26,DORDI,,311.8,302.2,310.9,,,256448,78761000.4,866,,
2026-03-26,EBL,,714,706,712,,,47685,33904116.5,284,,
2026-03-26,EHPL,,453.9,444,446,,,44030,19674569.8,234,,
2026-03-26,ENL,,969,941.1,969,,,1735,1653476.2,36,,
2026-03-26,FMDBL,,896,871.2,888.4,,,48277,42589934.8,299,,
2026-03-26,FOWAD,,1152,1117,1128,,,3194,3582943.8,55,,
2026-03-26,GBIME,,256,247.6,254.8,,,490207,122964123.1,904,,
2026-03-26,GBLBS,,816.8,801.2,814,,,11182,9045703.9,103,,
2026-03-26,GCIL,,470.9,457.8,467,,,54112,25106010.2,555,,
2026-03-26,GFCL,,690,676,690,,,16696,11408664.7,143,,
2026-03-26,GHL,,274.3,267.6,273.5,,,241466,65486466.1,649,,
2026-03-26,GILB,,1250,1220,1220.3,,,2080,2554852.6,42,,
2026-03-26,GLBSL,,2003.9,1960,1980,,,1019,2007280,44,,
2026-03-26,GLH,,309,300,308.7,,,150529,46000216.2,643,,
2026-03-26,GMFBS,,1474.8,1445,1453,,,1253,1821318.7,28,,
2026-03-26,GMFIL,,521,512,516.5,,,30383,15696292.1,131,,
2026-03-26,GMLI,,1774.8,1732.1,1774.8,,,2476,4349100.4,107,,
2026-03-26,GUFL,,594.4,585.6,593,,,12011,7074827,104,,
2026-03-26,GVL,,521,512,516.3,,,65384,33771770.1,330,,
2026-03-26,HATHY,,955,935,955,,,11914,11248704.8,191,,
2026-03-26,HBL,,229,222,228.5,,,170739,38356155.2,2109,,
2026-03-26,HDHPC,,254.4,242.1,253,,,763484,190167365.5,2055,,
2026-03-26,HDL,,1239.9,1215.2,1226,,,64395,79021094.7,766,,
2026-03-26,HFIN,,262.9,237.3,262.9,,,208,53562.2,21,,
2026-03-26,HHL,,380,372.1,379.8,,,43342,16311895.7,255,,
2026-03-26,HIDCL,,307,296.2,298,,,351659,105048971.6,980,,
2026-03-26,HIMSTAR,,1032,975,1025,,,39897,40239078.9,625,,
2026-03-26,HLBSL,,979.2,947.6,968,,,3394,3251427.5,45,,
2026-03-26,HLI,,394,388.1,393.5,,,118315,46294772.9,657,,
2026-03-26,HPPL,,420,408.3,410.9,,,174045,71662955.4,797,,
2026-03-26,HRL,,888.4,858.7,882,,,151387,133210304.3,1405,,
2026-03-26,HURJA,,294.7,289,294,,,158119,46188397.9,498,,
2026-03-26,ICFC,,684.9,670,678,,,32176,21764032.2,124,,
2026-03-26,IHL,,522,515.2,519,,,12866,6667873.7,105,,
2026-03-26,ILBS,,1057,1026.1,1035,,,7429,7703198.9,100,,
2026-03-26,ILI,,469,460.1,468,,,24419,11354330.3,384,,
2026-03-26,JBLB,,1390,1375,1382.5,,,9718,13422395.5,288,,
2026-03-26,JFL,,457,451,456,,,11158,5075125.3,84,,
2026-03-26,JHAPA,,1473.7,1420,1445,,,11029,15921873.6,188,,
2026-03-26,JOSHI,,319,310.1,315,,,51422,16171282.4,257,,
2026-03-26,JSLBB,,1234,1202,1234,,,759,928091,24,,
2026-03-26,KBL,,244,238,240,,,1376978,330926769.5,2634,,
2026-03-26,KBSH,,1728,1694,1705,,,617,1054294.4,17,,
2026-03-26,KDL,,915,890.2,914,,,3277,2965102.2,119,,
2026-03-26,KKHC,,296.9,285.8,292,,,167300,48999442.7,576,,
2026-03-26,KMCDB,,985,965,985,,,3333,3240489.4,57,,
2026-03-26,KPCL,,544,533.6,537.1,,,42782,23047612.4,268,,
2026-03-26,LEC,,262.7,252.8,260.5,,,417015,107460658.5,1153,,
2026-03-26,LICN,,887.4,870,880,,,25468,22387496.4,153,,
2026-03-26,LLBS,,1040,1000.1,1040,,,2035,2081130.2,24,,
2026-03-26,LSL,,236.5,229.5,235,,,301843,70576506.4,501,,
2026-03-26,MABEL,,783.7,756.2,773,,,34594,26875302,418,,
2026-03-26,MAKAR,,554,538,541.5,,,7350,3993760.3,100,,
2026-03-26,MANDU,,859.8,838,859.5,,,5120,4329367.8,65,,
2026-03-26,MATRI,,1019.5,1000,1007,,,1773,1779112,43,,
2026-03-26,MBJC,,318,311.3,317,,,86331,27226012.3,502,,
2026-03-26,MBL,,269,252.9,266.9,,,289333,76487412.8,515,,
2026-03-26,MCHL,,424,416,422,,,8266,3466907.5,89,,
2026-03-26,MEHL,,475,465.1,473,,,19052,8973468.1,176,,
2026-03-26,MEL,,300,295.1,299,,,25533,7618631.9,260,,
2026-03-26,MEN,,629.9,615,621.5,,,104901,65054895.3,494,,
2026-03-26,MERO,,799,775,798,,,9135,7173090.7,123,,
2026-03-26,MFIL,,880.7,852.6,869.9,,,68901,59440821.2,360,,
2026-03-26,MHCL,,392.7,380.1,390,,,28331,10944212.6,197,,
2026-03-26,MHL,,554,546.1,549.2,,,32584,17916491,130,,
2026-03-26,MHNL,,315,305.7,314.7,,,37784,11766779.6,175,,
2026-03-26,MKCL,,1435,1400.6,1432,,,3439,4892790.4,80,,
2026-03-26,MKHC,,367.1,345,366,,,68333,24586576,392,,
2026-03-26,MKHL,,814,770,801,,,7778,6091119.8,118,,
2026-03-26,MKJC,,547,535,540,,,18582,10007881.2,120,,
2026-03-26,MLBBL,,1380,1356,1375,,,1670,2278037.6,29,,
2026-03-26,MLBS,,1536,1490.1,1536,,,1383,2086588.3,39,,
2026-03-26,MLBSL,,2000.2,1950,1979,,,771,1525945.4,25,,
2026-03-26,MMKJL,,578,566,573,,,12743,7274430,105,,
2026-03-26,MPFL,,719.4,698.1,719,,,31689,22383145.1,215,,
2026-03-26,MSHL,,804.3,795,804.3,,,3045,2427545.6,49,,
2026-03-26,MSLB,,1392,1362.2,1380,,,1813,2504810.2,55,,
2026-03-26,NABIL,,543,533,543,,,58580,31633104,598,,
2026-03-26,NADEP,,838.9,813.1,827,,,5693,4684343.5,55,,
2026-03-26,NBL,,302.9,273.4,288,,,795104,226107110.2,994,,
2026-03-26,NESDO,,1630,1591.2,1605,,,2514,4045205.9,57,,
2026-03-26,NFS,,667,659,663,,,21782,14420244.8,188,,
2026-03-26,NGPL,,489,477.1,486.1,,,854037,412414881.5,1747,,
2026-03-26,NHDL,,684,670,676,,,5640,3820707.4,55,,
2026-03-26,NHPC,,328.7,300,320,,,1483331,463282701.1,3050,,
2026-03-26,NICA,,402,390,401,,,321458,128197133,804,,
2026-03-26,NICLBSL,,649,631,649,,,23640,15149898,272,,
2026-03-26,NIFRA,,294.7,284.2,289.9,,,245075,70510283.8,1106,,
2026-03-26,NIMB,,225.4,219.5,224.5,,,266808,59189546.2,821,,
2026-03-26,NLIC,,825,815,823.5,,,48625,39890623.1,306,,
2026-03-26,NLICL,,617,607,614,,,33341,20430289.7,133,,
2026-03-26,NLO,,269.4,269.4,269.4,,,0,0,0,,
2026-03-26,NMB,,268.8,261.2,265,,,96756,25457713.5,284,,
2026-03-26,NMBMF,,711,698.1,706,,,8067,5685871.3,72,,
2026-03-26,NMFBS,,1220,1185.1,1205,,,4013,4835716.6,51,,
2026-03-26,NMLBBL,,670,658,669.9,,,11143,7386439.6,86,,
2026-03-26,NRIC,,1278,1261,1269,,,40652,51527023.7,376,,
2026-03-26,NRM,,457,442.5,453.1,,,32961,14865548.2,290,,
2026-03-26,NRN,,1674.9,1588,1670,,,571545,942980046.9,2519,,
2026-03-26,NTC,,917,877.1,904.9,,,40620,36677601,347,,
2026-03-26,NUBL,,733,718,725,,,16501,11956186.9,94,,
2026-03-26,NWCL,,925,903.1,912.1,,,4065,3707262.1,86,,
2026-03-26,NYADI,,449.5,432.2,449.5,,,22028,9691130.2,220,,
2026-03-26,OHL,,758.4,747.5,753,,,6563,4943877.3,48,,
2026-03-26,OMPL,,1393,1350,1379,,,25198,34768755.7,377,,
2026-03-26,PCBL,,265,257.9,262.9,,,169546,44079221.9,390,,
2026-03-26,PFL,,427,422,426,,,15800,6703757.5,153,,
2026-03-26,PHCL,,346.8,337.1,346,,,142277,48810704.7,704,,
2026-03-26,PMHPL,,419.5,387.1,396,,,159369,62389541.6,739,,
2026-03-26,PMLI,,519.5,501.1,513,,,7465,3826326.5,209,,
2026-03-26,PPCL,,442.9,427,434,,,69971,30194611.5,221,,
2026-03-26,PPL,,412.5,388,405,,,110071,44245713,567,,
2026-03-26,PROFL,,498,486.2,495.9,,,11058,5424757.1,111,,
2026-03-26,PRVU,,224.9,220,223.7,,,304331,67606247.6,1034,,
2026-03-26,PURE,,1040,1005,1035,,,23665,24328190.9,365,,
2026-03-26,RADHI,,902.9,890.2,897,,,258398,231516768,576,,
2026-03-26,RAWA,,723,715,715,,,1529,1094426.5,34,,
2026-03-26,RFPL,,429,420,427.3,,,127090,54026034.3,558,,
2026-03-26,RHGCL,,329.9,317,325.3,,,112401,36432011.8,430,,
2026-03-26,RHPL,,314.8,308.3,314.2,,,55381,17273291.7,272,,
2026-03-26,RIDI,,379.4,351.2,379,,,1220472,450745062.2,2256,,
2026-03-26,RLFL,,500,488,493,,,22183,10912507.7,144,,
2026-03-26,RNLI,,496.2,487,492.1,,,44526,21826050.4,483,,
2026-03-26,RSDC,,735,697.7,730,,,46327,33781189.3,209,,
2026-03-26,RSML,,2013.1,1821,2013.1,,,3368,6759994.8,93,,
2026-03-26,RURU,,699.7,685,688.8,,,7910,5451444.3,94,,
2026-03-26,SAGAR,,2090.9,2011,2055,,,37964,78310525.9,556,,
2026-03-26,SAHAS,,637,626,636,,,197131,124520455.6,851,,
2026-03-26,SAIL,,1415,1345,1392,,,143616,199524321.7,1935,,
2026-03-26,SANIMA,,368,360.2,364.7,,,120880,44032506.2,412,,
2026-03-26,SANVI,,870,838,868,,,156348,134578705.8,1257,,
2026-03-26,SARBTM,,907,881,898,,,48559,43356826,326,,
2026-03-26,SBI,,430,419.5,429.9,,,29833,12735205.3,155,,
2026-03-26,SBL,,415,408.2,412.9,,,95766,39521873,328,,
2026-03-26,SCB,,679,670,677,,,14816,10009550.9,117,,
2026-03-26,SGHC,,455,436.1,455,,,69567,31052138.1,357,,
2026-03-26,SHEL,,349.9,340.1,348,,,335203,115700746.9,1405,,
2026-03-26,SHIVM,,708.9,691,706,,,404924,283791058.4,2011,,
2026-03-26,SHL,,522.2,509,519.1,,,125133,64622643.9,249,,
2026-03-26,SHLB,,1720,1683,1718.9,,,886,1500260,38,,
2026-03-26,SHPC,,570,557,564.3,,,130394,73336489.5,471,,
2026-03-26,SIFC,,610,598.4,604.9,,,13665,8238740.4,75,,
2026-03-26,SIKLES,,653.8,625.3,649,,,37656,24213993.8,412,,
2026-03-26,SJCL,,358,345.9,352,,,157138,55403791.6,563,,
2026-03-26,SJLIC,,465,456,462.2,,,31619,14556017.3,280,,
2026-03-26,SKBBL,,806,798.4,803.5,,,25683,20567250,308,,
2026-03-26,SKHL,,363,326.3,363,,,130,45986,13,,
2026-03-26,SLBBL,,888,868.3,874,,,14507,12705844.5,186,,
2026-03-26,SLBSL,,1413,1280,1413,,,3359,4701553.4,61,,
2026-03-26,SMATA,,865,849,865,,,11250,9605842.3,182,,
2026-03-26,SMB,,1965,1930,1950,,,2306,4500078.7,46,,
2026-03-26,SMFBS,,1745.4,1678,1720,,,2567,4361010.6,60,,
2026-03-26,SMH,,647,635,643,,,33419,21415933.4,272,,
2026-03-26,SMHL,,557,545.2,553.3,,,172033,94693027.8,880,,
2026-03-26,SMJC,,506,496.1,503,,,41334,20731773.6,275,,
2026-03-26,SMPDA,,915,891.1,913,,,5238,4762209.9,61,,
2026-03-26,SNLI,,498.9,487,490.6,,,30375,14908309.7,512,,
2026-03-26,SOHL,,707.1,655.7,707.1,,,236950,167518618.3,22362,,
2026-03-26,SONA,,487.5,473.5,484.4,,,134416,64591784.5,894,,
2026-03-26,SPC,,566,510.3,520.9,,,20383,10606570.5,181,,
2026-03-26,SPDL,,473,442.2,455.1,,,194971,87940666.7,551,,
2026-03-26,SPHL,,573,566.1,568,,,8256,4686620.5,57,,
2026-03-26,SPL,,805,747.1,805,,,21752,16685559.3,160,,
2026-03-26,SRLI,,419.9,412.1,416.4,,,58920,24518334.6,396,,
2026-03-26,SSHL,,244,235,243.9,,,503513,120948153.5,1540,,
2026-03-26,STC,,6100,6032,6060,,,511,3091037.4,12,,
2026-03-26,SWASTIK,,2900,2850,2895,,,1011,2909065.5,60,,
2026-03-26,SWBBL,,803,774.3,788,,,10926,8547783.7,118,,
2026-03-26,SWMF,,723,708.1,723,,,11547,8309891,78,,
2026-03-26,SYPNL,,2065,1940,2019.9,,,357168,719250790.4,5812,,
2026-03-26,TAMOR,,470,456,467,,,271739,125268057.8,787,,
2026-03-26,TPC,,415,407,411.3,,,100395,41127007.8,347,,
2026-03-26,TRH,,795,782.5,785,,,1696,1334947.3,34,,
2026-03-26,TSHL,,759,739,750,,,6894,5143780.9,99,,
2026-03-26,TTL,,985,945,975,,,60186,58520292.8,1042,,
2026-03-26,TVCL,,627,609.5,627,,,32038,19703906.8,137,,
2026-03-26,UHEWA,,625,615,623.6,,,14533,8997657.2,145,,
2026-03-26,ULBSL,,3285,3182,3265,,,1278,4114144.5,48,,
2026-03-26,ULHC,,557.9,545,556,,,29386,16250171.5,213,,
2026-03-26,UMHL,,643,626,637,,,60100,38325212,252,,
2026-03-26,UMRH,,580,572,575,,,21872,12593505.7,158,,
2026-03-26,UNHPL,,571,549,560,,,410553,228458533.7,1220,,
2026-03-26,UNL,,46950,46490.1,46950,,,32,1497901,4,,
2026-03-26,UNLB,,1952.9,1895,1930,,,1166,2251202.7,29,,
2026-03-26,UPCL,,418,401.8,417,,,274031,113229946.9,725,,
2026-03-26,UPPER,,234,226,233.9,,,481909,110781957.5,1963,,
2026-03-26,USHEC,,521,508,518,,,34595,17798483.5,205,,
2026-03-26,USHL,,739.9,715.1,737,,,5737,4207246.4,63,,
2026-03-26,USLB,,1517.5,1496,1510,,,1655,2488071.7,44,,
2026-03-26,VLBS,,820,805,820,,,20195,16397429.2,653,,
2026-03-26,VLUCL,,586,572,584.8,,,3479,2014685.7,93,,
2026-03-29,ACLBSL,,1060.8,1022,1023,,,11783,12156296.7,100,,
2026-03-29,ADBL,,335,320.5,324,,,106944,34707703.5,450,,
2026-03-29,AHL,,525,511,511,,,9552,4927952.8,116,,
2026-03-29,AHPC,,315,303,304.1,,,478250,147221493,1256,,
2026-03-29,AKJCL,,420.1,402,406.9,,,565146,231370717.4,1025,,
2026-03-29,AKPL,,305,291.2,291.9,,,547794,162204106.3,1669,,
2026-03-29,ALBSL,,1326,1207,1248,,,31473,39536768.9,307,,
2026-03-29,ALICL,,495,470,470,,,120921,57631824.9,422,,
2026-03-29,ANLB,,6639,6455,6639,,,175,1142597,23,,
2026-03-29,API,,366,353,356,,,1046367,373223843,2414,,
2026-03-29,AVYAN,,1275,1200,1210,,,21765,26700786.4,305,,
2026-03-29,BANDIPUR,,985,939,941,,,81178,77706732.2,1233,,
2026-03-29,BARUN,,385,366,367,,,187101,69774574.6,870,,
2026-03-29,BBC,,5300,5067.6,5200,,,1472,7633808,92,,
2026-03-29,BEDC,,539,520,522,,,8164,4290900,119,,
2026-03-29,BFC,,507.1,485,486,,,46321,22903556.3,297,,
2026-03-29,BGWT,,784.9,755.6,763,,,4726,3626033.7,97,,
2026-03-29,BHCL,,618,590,590.5,,,64741,39001586.6,775,,
2026-03-29,BHDC,,500,489,490,,,38352,18883546.8,262,,
2026-03-29,BHL,,253.9,236.1,237,,,857803,206459025.3,2906,,
2026-03-29,BHPL,,600,566,570.9,,,48069,27712822.7,329,,
2026-03-29,BJHL,,478.2,430.8,478.2,,,300,141936,30,,
2026-03-29,BNHC,,384.9,368.6,368.6,,,26091,9745500.7,181,,
2026-03-29,BNL,,15800,15300,15500,,,70,1095980,6,,
2026-03-29,BNT,,11800,11781,11800,,,73,860909,7,,
2026-03-29,BPCL,,758.9,726,729,,,135155,99854369.4,528,,
2026-03-29,BUNGAL,,684.9,650,653,,,22456,14876660.1,445,,
2026-03-29,CBBL,,963,936,939.1,,,86579,81826485.2,667,,
2026-03-29,CFCL,,564,538.6,549.7,,,47872,26290049,188,,
2026-03-29,CGH,,878.1,850,856,,,30844,26576691.3,298,,
2026-03-29,CHCL,,520.7,498,498,,,128953,64939020.8,605,,
2026-03-29,CHDC,,2575,2480,2490,,,36782,92774878.8,529,,
2026-03-29,CHL,,325,307,307,,,109953,34346339.6,445,,
2026-03-29,CIT,,1880,1847.5,1847.5,,,13265,24590265.8,271,,
2026-03-29,CITY,,512,491.1,493,,,14304,7106156.4,208,,
2026-03-29,CKHL,,717.5,694,694,,,13130,9212885.7,62,,
2026-03-29,CLI,,492,480.5,481,,,39927,19333110,449,,
2026-03-29,CREST,,1390.1,1355,1368,,,14590,19964314.4,316,,
2026-03-29,CYCL,,1768.4,1607.1,1750,,,5491,9014922.5,153,,
2026-03-29,CZBIL,,233.5,218.8,221,,,184043,40983086.8,514,,
2026-03-29,DDBL,,892,870,872,,,27381,23994213,187,,
2026-03-29,DHEL,,747.4,703,708,,,36728,26278018.1,617,,
2026-03-29,DHPL,,344,321.1,326.5,,,29197,9617927.1,132,,
2026-03-29,DLBS,,1385,1365,1385,,,1157,1583168.3,37,,
2026-03-29,DOLTI,,517,500,511.9,,,6966,3541199,119,,
2026-03-29,DORDI,,315,296,297,,,242535,73181607.3,1048,,
2026-03-29,EBL,,726.2,705.1,706.1,,,50416,35725254.6,357,,
2026-03-29,EHPL,,454.9,430,431.6,,,57289,24971977.3,359,,
2026-03-29,ENL,,956.8,943,950,,,1212,1151577.4,35,,
2026-03-29,FMDBL,,890,850,855,,,90804,78498625.8,524,,
2026-03-29,FOWAD,,1150,1100,1105,,,7687,8568898.7,90,,
2026-03-29,GBIME,,254,246.1,246.1,,,285651,71191633.1,971,,
2026-03-29,GBLBS,,815,800,800,,,15695,12631341.1,128,,
2026-03-29,GCIL,,470,444,451,,,104078,47539248.7,650,,
2026-03-29,GFCL,,703.8,665,672,,,29278,19716615.6,205,,
2026-03-29,GHL,,278,261,261.2,,,290595,77377068.2,808,,
2026-03-29,GILB,,1210,1192,1192,,,2658,3186680.8,60,,
2026-03-29,GLBSL,,2000,1935,1973,,,823,1608652.4,30,,
2026-03-29,GLH,,310,292.3,292.5,,,352714,105978700.2,1218,,
2026-03-29,GMFBS,,1477,1401.5,1454,,,3376,4796658.8,52,,
2026-03-29,GMFIL,,520,495,496,,,43537,21997666.9,213,,
2026-03-29,GMLI,,1774.5,1700.1,1739.9,,,6940,12044000.5,170,,
2026-03-29,GUFL,,600,571,572.2,,,25119,14496182.1,172,,
2026-03-29,GVL,,520,502,507,,,99489,50591809.7,535,,
2026-03-29,HATHY,,977,926.1,934,,,15183,14280001.2,235,,
2026-03-29,HBL,,230,218.1,219,,,300854,66756264.2,2392,,
2026-03-29,HDHPC,,256,239.2,239.2,,,747274,182898856.6,2195,,
2026-03-29,HDL,,1230,1200,1204,,,123947,149758570.6,1426,,
2026-03-29,HFIN,,289.1,264.6,289.1,,,410,117349,41,,
2026-03-29,HHL,,380.1,360,362,,,95701,35331702.9,468,,
2026-03-29,HIDCL,,299.9,286,287.2,,,522390,152320072.1,1390,,
2026-03-29,HIMSTAR,,1009,975,975,,,26565,26340278.4,309,,
2026-03-29,HLBSL,,985,938,938,,,7419,7052065.8,82,,
2026-03-29,HLI,,395,383,383.2,,,166180,64099887.9,796,,
2026-03-29,HPPL,,412,395.1,399,,,171787,69236116.2,888,,
2026-03-29,HRL,,885,851,856,,,365880,315330706.7,2446,,
2026-03-29,HURJA,,295,284.2,286,,,329041,95167669.5,754,,
2026-03-29,ICFC,,678,655,657,,,19267,12809073.1,154,,
2026-03-29,IHL,,521,511,514.6,,,7044,3619618.7,96,,
2026-03-29,ILBS,,1082.5,994.7,998,,,10473,10575037.2,165,,
2026-03-29,ILI,,468,455.2,458,,,27644,12713254.6,407,,
2026-03-29,JBLB,,1410.1,1360.3,1365,,,19838,27256505,381,,
2026-03-29,JFL,,460,442,442,,,14970,6755748.6,122,,
2026-03-29,JHAPA,,1440,1388,1388,,,10347,14527532,166,,
2026-03-29,JOSHI,,320,304,305.3,,,94586,29215985.9,473,,
2026-03-29,JSLBB,,1280,1205.4,1205.4,,,2147,2635996.7,50,,
2026-03-29,KBL,,243,231.5,232.5,,,1478228,347758768.3,2926,,
2026-03-29,KBSH,,1712,1680,1700,,,623,1058000.1,25,,
2026-03-29,KDL,,914,889,895,,,5838,5249628.6,129,,
2026-03-29,KKHC,,297.8,280.3,282,,,96199,27469755.5,571,,
2026-03-29,KMCDB,,968.5,950.1,953,,,8570,8225000.5,89,,
2026-03-29,KPCL,,539,524.1,525,,,56678,30123578.4,389,,
2026-03-29,LEC,,263,248.3,250,,,526029,133331409.7,1365,,
2026-03-29,LICN,,884,857.1,866,,,40474,35111329.8,184,,
2026-03-29,LLBS,,1023.3,999.6,1018.5,,,3365,3394140,33,,
2026-03-29,LSL,,235,224.7,224.7,,,379070,86849499.5,603,,
2026-03-29,MABEL,,786,751,753,,,28972,22280498.4,374,,
2026-03-29,MAKAR,,552.3,527,528,,,9505,5081512.9,117,,
2026-03-29,MANDU,,859.5,815,849.9,,,9410,7918238.8,106,,
2026-03-29,MATRI,,1025,971.5,975,,,3648,3591488.4,66,,
2026-03-29,MBJC,,319.5,306,306.2,,,99965,30994758.7,647,,
2026-03-29,MBL,,272.2,257,257.1,,,278807,72842922.7,661,,
2026-03-29,MCHL,,423.5,410,410,,,8299,3445469.7,99,,
2026-03-29,MEHL,,473,453.1,453.1,,,23849,11009957.9,198,,
2026-03-29,MEL,,301.9,290.3,293,,,43059,12665285.5,333,,
2026-03-29,MEN,,635,611,611,,,224645,139244764.7,829,,
2026-03-29,MERO,,813,770,770,,,17241,13427429.1,177,,
2026-03-29,MFIL,,867,827,831,,,89452,75316259,509,,
2026-03-29,MHCL,,390,380,381,,,14205,5451465.6,152,,
2026-03-29,MHL,,550,534.1,536.5,,,27826,15036899.8,206,,
2026-03-29,MHNL,,316,295,297.8,,,87154,26353750.7,350,,
2026-03-29,MKCL,,1425,1395,1400,,,6634,9354806.6,128,,
2026-03-29,MKHC,,370,350.6,353,,,44621,15947676.3,321,,
2026-03-29,MKHL,,845,766,794.5,,,21595,17250102.9,127,,
2026-03-29,MKJC,,540.1,525.1,533.8,,,33233,17667994.2,192,,
2026-03-29,MLBBL,,1390,1321.1,1348,,,6496,8685600.2,108,,
2026-03-29,MLBS,,1515,1477,1485,,,1490,2233711,34,,
2026-03-29,MLBSL,,1959,1920,1948.9,,,935,1813694,24,,
2026-03-29,MMKJL,,580,560,563,,,8038,4531632.5,107,,
2026-03-29,MPFL,,725,667,690,,,53723,37017610.4,372,,
2026-03-29,MSHL,,805,788.3,793,,,1220,970578.4,35,,
2026-03-29,MSLB,,1385,1353,1355,,,3492,4768268.2,72,,
2026-03-29,NABIL,,550,534,534.1,,,174352,94235236.4,1060,,
2026-03-29,NADEP,,828.9,809,813,,,4796,3921774.3,74,,
2026-03-29,NBL,,288,279.2,281,,,331188,93099252.5,804,,
2026-03-29,NESDO,,1637.1,1572.4,1589,,,2431,3854389.5,46,,
2026-03-29,NFS,,665,646,646,,,24651,16140498.3,188,,
2026-03-29,NGPL,,494,467,467,,,1095223,522863590.8,2070,,
2026-03-29,NHDL,,682,660,663.5,,,8123,5407581,87,,
2026-03-29,NHPC,,326,309.1,310,,,1457856,460808437.2,3005,,
2026-03-29,NICA,,401,383.7,383.7,,,444715,174266448.7,950,,
2026-03-29,NICLBSL,,649,620,620.1,,,31537,19878677.9,360,,
2026-03-29,NIFRA,,292.1,275.1,275.1,,,487844,137828365,1753,,
2026-03-29,NIMB,,226.9,215,215.2,,,354384,77446311.8,1068,,
2026-03-29,NLIC,,839.4,805,806.2,,,70360,57216331.1,479,,
2026-03-29,NLICL,,618,601.1,604.9,,,46520,28354296.1,203,,
2026-03-29,NLO,,269.4,269.4,269.4,,,0,0,0,,
2026-03-29,NMB,,267,257,257,,,155938,40509236.9,348,,
2026-03-29,NMBMF,,710,687.1,687.1,,,8103,5597190.9,85,,
2026-03-29,NMFBS,,1206,1190,1190,,,13587,16231081.7,76,,
2026-03-29,NMLBBL,,670,635.3,649,,,23027,14932996.3,185,,
2026-03-29,NRIC,,1280,1225,1230,,,84329,105414618.8,686,,
2026-03-29,NRM,,455,430,430,,,46474,20524022.4,336,,
2026-03-29,NRN,,1690,1610,1628,,,203885,336621680.9,1659,,
2026-03-29,NTC,,907,890,891.9,,,33019,29644359.9,431,,
2026-03-29,NUBL,,727,715,715,,,13756,9850769.8,96,,
2026-03-29,NWCL,,905,883,886.1,,,5296,4739807.8,93,,
2026-03-29,NYADI,,449,434.1,435,,,25712,11254817.6,253,,
2026-03-29,OHL,,745,725,736,,,7623,5617122.1,76,,
2026-03-29,OMPL,,1385,1320,1325.4,,,12029,16157638.9,306,,
2026-03-29,PCBL,,264,253,254,,,206161,53203667.7,430,,
2026-03-29,PFL,,426,405,405,,,38097,15733437.7,252,,
2026-03-29,PHCL,,350,329,329.1,,,223688,75125865,1032,,
2026-03-29,PMHPL,,396,375.5,391.9,,,53701,20686468.4,326,,
2026-03-29,PMLI,,510.1,499.8,501.2,,,27034,13579626.8,303,,
2026-03-29,PPCL,,435,420,420.5,,,168025,71238137.8,287,,
2026-03-29,PPL,,413,390,391,,,84072,33236476.7,465,,
2026-03-29,PROFL,,499.9,478,484,,,25094,12206547,146,,
2026-03-29,PRVU,,225.9,214,214.9,,,521561,113448893.3,1514,,
2026-03-29,PURE,,1040,996.1,999,,,28811,29056234.9,263,,
2026-03-29,RADHI,,904,870,872,,,397284,351153432.1,928,,
2026-03-29,RAWA,,729.3,701,702,,,5573,3951941.5,66,,
2026-03-29,RFPL,,430,410,412,,,204506,85180407.3,729,,
2026-03-29,RHGCL,,331.8,313.3,314.9,,,114429,36576298,432,,
2026-03-29,RHPL,,316,302,306,,,88429,27168174,468,,
2026-03-29,RIDI,,385,366,377,,,1876921,711173556.9,3240,,
2026-03-29,RLEL,,330,300,330,,,190,61210,19,,
2026-03-29,RLFL,,500,472,472.9,,,44030,21128986.4,239,,
2026-03-29,RNLI,,501.9,478.3,481,,,75802,36605173.8,588,,
2026-03-29,RSDC,,739.9,716,728.9,,,63151,45848435.7,298,,
2026-03-29,RSML,,2214.4,2009.7,2214.4,,,2225,4914314,62,,
2026-03-29,RURU,,710,678.1,697.9,,,57028,39808965.4,392,,
2026-03-29,SAGAR,,2064,1967.4,1967.4,,,22326,44652029.7,427,,
2026-03-29,SAHAS,,645,621,622.5,,,290410,182963733.3,1325,,
2026-03-29,SAIL,,1394,1319.1,1321,,,54031,72561093.5,864,,
2026-03-29,SANIMA,,369.8,353,355,,,136924,49199525.8,521,,
2026-03-29,SANVI,,885.3,828.3,830,,,53383,45060470.4,537,,
2026-03-29,SARBTM,,915.9,887.5,889,,,48451,43541332.4,253,,
2026-03-29,SBI,,428,417,420.9,,,92759,38932724.9,213,,
2026-03-29,SBL,,415,402.8,406.7,,,252799,102931753.5,443,,
2026-03-29,SCB,,680,663.5,669,,,38887,25999930.5,232,,
2026-03-29,SGHC,,464.1,430,437.9,,,119697,52963366,543,,
2026-03-29,SHEL,,354.8,333.3,334.5,,,612738,207289489.3,1810,,
2026-03-29,SHIVM,,714,688,689,,,686100,478901630.9,2699,,
2026-03-29,SHL,,520,505,508.9,,,82444,42138089.4,237,,
2026-03-29,SHLB,,1691,1661,1661,,,1217,2035954.4,32,,
2026-03-29,SHPC,,567.9,550,552,,,223435,123790590.6,616,,
2026-03-29,SIFC,,613,585,592.6,,,21000,12423495.4,135,,
2026-03-29,SIKLES,,650,635,637,,,26602,17043858.5,303,,
2026-03-29,SJCL,,353,330,342.9,,,147061,50168923.7,436,,
2026-03-29,SJLIC,,465,450.2,450.2,,,44917,20416670.6,358,,
2026-03-29,SKBBL,,815,790.3,794,,,39570,31545162.7,325,,
2026-03-29,SKHEL,,312.7,284.3,312.7,,,80,23601,8,,
2026-03-29,SKHL,,399.3,360.1,399.3,,,170,66240,17,,
2026-03-29,SLBBL,,891.4,850,853.9,,,26775,22941667.9,200,,
2026-03-29,SLBSL,,1441.2,1357.4,1357.4,,,3640,5054789.9,87,,
2026-03-29,SMATA,,882.3,824.2,830,,,25033,21310078.2,242,,
2026-03-29,SMB,,1950,1890,1890.2,,,1475,2818544.6,43,,
2026-03-29,SMFBS,,1722,1670.1,1682.9,,,2040,3440530.3,44,,
2026-03-29,SMH,,655,631,631.5,,,21528,13709501.8,232,,
2026-03-29,SMHL,,554,529,530.8,,,188571,101441383.6,1068,,
2026-03-29,SMJC,,510,490,491,,,33347,16518073,261,,
2026-03-29,SMPDA,,931.2,898,898,,,9224,8328983.7,85,,
2026-03-29,SNLI,,490,477,477,,,54188,26069636.1,631,,
2026-03-29,SOHL,,777.8,652,732,,,661803,486938159.1,59382,,
2026-03-29,SONA,,490,463.1,466,,,158650,74852926,891,,
2026-03-29,SPC,,529.9,494,494,,,20090,10212907.1,148,,
2026-03-29,SPDL,,460,436,439,,,193481,86388513.8,613,,
2026-03-29,SPHL,,573,550,553,,,14449,8096110.2,112,,
2026-03-29,SPL,,805,757,766,,,31111,24076057.8,294,,
2026-03-29,SRLI,,418,407.9,408,,,48682,19968771.4,467,,
2026-03-29,SSHL,,244,232,232.1,,,740023,175034766.5,1915,,
2026-03-29,STC,,6060,5901.1,5905,,,4432,26419630.6,56,,
2026-03-29,SWASTIK,,2888,2781,2781,,,4643,13104175,138,,
2026-03-29,SWBBL,,793,765,772,,,15886,12349138.6,147,,
2026-03-29,SWMF,,723.1,696,703,,,18245,12910050.6,139,,
2026-03-29,SYPNL,,2020,1925.1,1926.1,,,199954,393569206.4,2852,,
2026-03-29,TAMOR,,472,455,460,,,260759,120707810.1,934,,
2026-03-29,TPC,,414,397,398,,,80944,32612846.8,384,,
2026-03-29,TRH,,785,750,766,,,19920,15126463,116,,
2026-03-29,TSHL,,750.2,733,734,,,11254,8282263.5,88,,
2026-03-29,TTL,,994,928,928,,,54821,52018045.4,818,,
2026-03-29,TVCL,,630,605.1,629.7,,,61204,37478979.9,159,,
2026-03-29,UHEWA,,625,605,605,,,37501,22942620.5,263,,
2026-03-29,ULBSL,,3222.9,3150,3222.9,,,1248,3983197,36,,
2026-03-29,ULHC,,556,532,532,,,22903,12396091.2,167,,
2026-03-29,UMHL,,640,623,627,,,81138,51028190.1,299,,
2026-03-29,UMRH,,580,562,562.1,,,32094,18205153.9,231,,
2026-03-29,UNHPL,,567.7,533.2,538,,,231388,125346837.6,669,,
2026-03-29,UNL,,46950,46200,46501,,,71,3309899,8,,
2026-03-29,UNLB,,1895,1806,1811,,,23153,42295235.9,435,,
2026-03-29,UPCL,,420,406,408.5,,,317033,130608559.1,946,,
2026-03-29,UPPER,,237,220.1,223,,,924493,208815022.2,3382,,
2026-03-29,USHEC,,521,501.3,504,,,51407,26207264.5,288,,
2026-03-29,USHL,,742.5,708,714,,,13046,9306277.3,116,,
2026-03-29,USLB,,1514.8,1456,1468,,,4855,7175020.4,121,,
2026-03-29,VLBS,,822.1,785,791,,,18770,15054191,738,,
2026-03-29,VLUCL,,584,567,567,,,6634,3790883.7,108,,
2026-03-30,ACLBSL,,1046,1002.6,1020,,,7010,7235614.2,121,,
2026-03-30,ADBL,,324,314.1,316,,,90641,28856030.3,383,,
2026-03-30,AHL,,512,503.1,503.1,,,6766,3429900,101,,
2026-03-30,AHPC,,307.8,294,296,,,510443,152844968.3,1441,,
2026-03-30,AKJCL,,412.2,395.9,396,,,703298,284575113.9,1127,,
2026-03-30,AKPL,,295.1,282.1,283.6,,,524734,151163068.9,1387,,
2026-03-30,ALBSL,,1272,1205.5,1212.9,,,32363,39181948.2,296,,
2026-03-30,ALICL,,477,465,466,,,50846,23847165.9,290,,
2026-03-30,ANLB,,6597,6506.3,6506.3,,,351,2288087.9,25,,
2026-03-30,API,,359.2,350,357.6,,,1092401,385608736.4,2171,,
2026-03-30,AVYAN,,1272,1162.1,1199.9,,,20407,24502375.2,351,,
2026-03-30,BANDIPUR,,953,920,923,,,73956,68790508.9,1118,,
2026-03-30,BARUN,,372,360,360.8,,,149191,54397252.1,659,,
2026-03-30,BBC,,5187,4994,5063,,,1386,7031894.9,66,,
2026-03-30,BEDC,,526.9,510,510.5,,,12709,6565769.2,150,,
2026-03-30,BFC,,494.8,472.1,473,,,33138,15930308.9,213,,
2026-03-30,BGWT,,770,750,763,,,3427,2586375.4,81,,
2026-03-30,BHCL,,598,579.2,584.6,,,40168,23523329.2,639,,
2026-03-30,BHDC,,493,479.5,480,,,28203,13656221.2,246,,
2026-03-30,BHL,,241.7,229.6,231,,,823022,192439235.6,2616,,
2026-03-30,BHPL,,580,559.5,568,,,38239,21781364.4,239,,
2026-03-30,BJHL,,526,475.4,526,,,280,145699,28,,
2026-03-30,BNHC,,371,357,357,,,14949,5441770.1,182,,
2026-03-30,BNL,,15300,15300,15300,,,35,535500,3,,
2026-03-30,BNT,,11850,11800,11800,,,134,1582340,6,,
2026-03-30,BPCL,,736.9,714.5,716.5,,,81759,59216141.3,389,,
2026-03-30,BUNGAL,,653,633,635,,,18046,11592855.5,398,,
2026-03-30,CBBL,,947.9,927,929,,,53009,49654098.1,461,,
2026-03-30,CFCL,,549,534,542,,,21520,11629128.8,120,,
2026-03-30,CGH,,861,841,841.1,,,30563,25880505.2,350,,
2026-03-30,CHCL,,513,491.8,501,,,96376,48497669.6,506,,
2026-03-30,CHDC,,2500,2415,2415,,,58040,142474615.6,577,,
2026-03-30,CHL,,312,299,300,,,89977,27439349.9,383,,
2026-03-30,CIT,,1848,1827,1829,,,12689,23312607.7,230,,
2026-03-30,CITY,,495,485.1,485.2,,,11024,5396952.3,166,,
2026-03-30,CKHL,,705.9,680.9,705.9,,,6256,4368113.1,98,,
2026-03-30,CLI,,490,472.1,474.8,,,24301,11556668.1,366,,
2026-03-30,CREST,,1385,1330,1347,,,9679,13083145.1,258,,
2026-03-30,CYCL,,1715,1620.2,1630,,,3331,5429132,98,,
2026-03-30,CZBIL,,221.8,212,221,,,164835,35784096.5,499,,
2026-03-30,DDBL,,885,863,864.9,,,21577,18791255.9,174,,
2026-03-30,DHEL,,711,689,694,,,44493,31071109.5,657,,
2026-03-30,DHPL,,331,313.1,317,,,19105,6127546,109,,
2026-03-30,DLBS,,1410,1340,1378.9,,,670,911500.9,27,,
2026-03-30,DOLTI,,511,497.5,500,,,6525,3281799.3,90,,
2026-03-30,DORDI,,302.9,290.1,290.3,,,205145,60724350.4,703,,
2026-03-30,EBL,,714.9,700,705,,,50802,35773951.7,325,,
2026-03-30,EHPL,,435,416.3,417,,,46406,19726896.5,322,,
2026-03-30,ENL,,936,920,920,,,2280,2121290,43,,
2026-03-30,FMDBL,,862,838,840,,,49775,42261626.3,313,,
2026-03-30,FOWAD,,1162,1104,1138.9,,,38057,43373269.4,314,,
2026-03-30,GBIME,,250,240.4,241,,,310899,76127965.4,788,,
2026-03-30,GBLBS,,802.9,781.1,795,,,10090,7975186.9,115,,
2026-03-30,GCIL,,455,434,437,,,49086,21831940.1,449,,
2026-03-30,GFCL,,684,652,653,,,23968,15806238.2,182,,
2026-03-30,GHL,,265,250.1,251,,,226485,58323993,661,,
2026-03-30,GILB,,1200,1159,1169.9,,,2336,2745273.3,44,,
2026-03-30,GLBSL,,1969.9,1918,1940,,,2412,4676765.1,54,,
2026-03-30,GLH,,301.5,285,286,,,298277,86868880.5,965,,
2026-03-30,GMFBS,,1471,1399,1420,,,2611,3700762.5,41,,
2026-03-30,GMFIL,,505,486,490,,,32942,16316985.4,159,,
2026-03-30,GMLI,,1740,1700,1724.5,,,4834,8280356.8,137,,
2026-03-30,GUFL,,579,560,562.9,,,18672,10560507.3,151,,
2026-03-30,GVL,,513,496.9,501,,,75786,38124166.9,346,,
2026-03-30,HATHY,,943,912,923.8,,,14877,13760740.5,221,,
2026-03-30,HBL,,221,210,211.9,,,289156,62077645.8,2230,,
2026-03-30,HDHPC,,245.5,231,232,,,743072,176333518.8,1990,,
2026-03-30,HDL,,1205,1181.2,1183,,,105356,125649649.9,1214,,
2026-03-30,HFIN,,318,289.1,318,,,470,147731,47,,
2026-03-30,HHL,,367.9,352,352.7,,,65889,23643984.8,376,,
2026-03-30,HIDCL,,290,277.6,278,,,523775,147991514.3,1409,,
2026-03-30,HIMSTAR,,990,937,961,,,14315,13740698.9,233,,
2026-03-30,HLBSL,,956,910,930,,,9185,8535525.5,75,,
2026-03-30,HLI,,386.9,375,376,,,144203,54786462.6,635,,
2026-03-30,HPPL,,404.8,384,387,,,145945,57295249.5,735,,
2026-03-30,HRL,,866.9,842,846.9,,,183555,156159753.4,1649,,
2026-03-30,HURJA,,302,285,294.5,,,1065534,316438939,2269,,
2026-03-30,ICFC,,665,644.3,646.9,,,25020,16349421.9,173,,
2026-03-30,IHL,,517.9,498.7,498.7,,,13654,6904018.8,134,,
2026-03-30,ILBS,,1029.9,990,994,,,7163,7211131.7,96,,
2026-03-30,ILI,,459.8,450.3,450.7,,,21873,9923614.7,392,,
2026-03-30,JBLB,,1374.1,1338,1339.1,,,11568,15651283.3,315,,
2026-03-30,JFL,,448,435,436,,,15823,6971215.4,125,,
2026-03-30,JHAPA,,1460,1363,1399,,,11404,15918930,167,,
2026-03-30,JOSHI,,308.9,295.1,296,,,47911,14477830.9,340,,
2026-03-30,JSLBB,,1225,1177.2,1177.2,,,746,887415.1,20,,
2026-03-30,KBL,,238,228.5,228.7,,,1292810,300726728.9,2551,,
2026-03-30,KBSH,,1725,1680,1680,,,345,582623.1,14,,
2026-03-30,KDL,,911.9,883.9,885,,,3150,2803479.5,75,,
2026-03-30,KKHC,,282.4,270,271,,,131627,36296975.5,659,,
2026-03-30,KMCDB,,963.5,911.4,939,,,13207,12324269.5,90,,
2026-03-30,KPCL,,532,519.5,520,,,80933,42329934.3,352,,
2026-03-30,LEC,,254.9,241,241.2,,,507775,126126724.4,1124,,
2026-03-30,LICN,,883.3,849,850,,,26117,22345534.5,185,,
2026-03-30,LLBS,,1035,978.6,991,,,1038,1036998,24,,
2026-03-30,LSL,,228,219.6,220,,,221171,49445137.8,522,,
2026-03-30,MABEL,,759.8,735,740,,,19983,14917465.3,291,,
2026-03-30,MAKAR,,544,521.9,523,,,8545,4552774.2,98,,
2026-03-30,MANDU,,853.5,820,848,,,5126,4314247.8,86,,
2026-03-30,MATRI,,988,969,970,,,1462,1422792,36,,
2026-03-30,MBJC,,310,299,300,,,98966,30033191,597,,
2026-03-30,MBL,,263.1,247,251,,,292295,74320420.9,555,,
2026-03-30,MCHL,,413,406,406,,,5355,2181478.5,62,,
2026-03-30,MEHL,,459.9,445.1,447,,,15770,7066807.3,172,,
2026-03-30,MEL,,296,285,287.1,,,29097,8405418.1,287,,
2026-03-30,MEN,,616,600.1,603,,,142927,86796055.7,727,,
2026-03-30,MERO,,785,745,758.2,,,19700,15045509,204,,
2026-03-30,MFIL,,835,813.4,813.7,,,43226,35545313.1,285,,
2026-03-30,MHCL,,381,366.6,368,,,21707,8124488.9,196,,
2026-03-30,MHL,,541,527,536.8,,,14807,7888132.6,135,,
2026-03-30,MHNL,,304,284.3,289,,,52347,15252282.9,230,,
2026-03-30,MKCL,,1410,1365,1382,,,8427,11659017.4,133,,
2026-03-30,MKHC,,357.3,343.1,343.5,,,48448,16949607.1,241,,
2026-03-30,MKHL,,795,756.1,770,,,5627,4341937.3,98,,
2026-03-30,MKJC,,539,520.3,530,,,20194,10609357.8,130,,
2026-03-30,MLBBL,,1347,1312,1330,,,3687,4904028.2,77,,
2026-03-30,MLBS,,1485,1451,1452,,,1225,1802244,35,,
2026-03-30,MLBSL,,1945,1900.2,1911,,,784,1502242,40,,
2026-03-30,MMKJL,,569,554,555.5,,,9273,5177340,89,,
2026-03-30,MPFL,,698,642,656,,,28928,19336084,212,,
2026-03-30,MSHL,,795,785.2,788,,,2285,1804745,32,,
2026-03-30,MSLB,,1374,1320,1330,,,3496,4687684.1,79,,
2026-03-30,NABIL,,539,525.1,527,,,104673,55468974.7,797,,
2026-03-30,NADEP,,810,785.6,786,,,5737,4604263.4,76,,
2026-03-30,NBL,,282.5,270,279,,,344021,95048189.5,776,,
2026-03-30,NESDO,,1619,1552.4,1600,,,1588,2492021.3,47,,
2026-03-30,NFS,,653,630,635,,,20300,13055002.2,188,,
2026-03-30,NGPL,,479,461,470,,,930562,438126073.6,1841,,
2026-03-30,NHDL,,669,651,651,,,6837,4483263,69,,
2026-03-30,NHPC,,317.8,297,301,,,1232243,378718206.4,2447,,
2026-03-30,NICA,,388,370,370.6,,,309907,117259877.5,835,,
2026-03-30,NICLBSL,,644.1,601,609,,,41791,25575845.5,395,,
2026-03-30,NIFRA,,280.2,271.5,272,,,327233,90275302.8,1349,,
2026-03-30,NIMB,,219.5,208.3,210,,,292278,62324322.9,972,,
2026-03-30,NLIC,,805,792,796,,,72713,58154401.6,484,,
2026-03-30,NLICL,,610,595,598,,,35259,21200421.8,149,,
2026-03-30,NLO,,269.4,269.4,269.4,,,0,0,0,,
2026-03-30,NMB,,260,247,248.6,,,124263,31111094.2,363,,
2026-03-30,NMBMF,,698,674.5,678,,,6010,4109007.2,72,,
2026-03-30,NMFBS,,1188,1172,1180,,,10403,12288330.7,114,,
2026-03-30,NMLBBL,,650,631.1,637,,,16161,10324941.3,148,,
2026-03-30,NRIC,,1240.1,1188.6,1193,,,142227,172001597.15,1275,,
2026-03-30,NRM,,437,425.2,431,,,32344,13948593.4,254,,
2026-03-30,NRN,,1656,1616,1626,,,194980,319388704.8,1308,,
2026-03-30,NTC,,891,875,875,,,20255,17895452.3,332,,
2026-03-30,NUBL,,717,705.3,711,,,8481,6023480.2,102,,
2026-03-30,NWCL,,903.8,858,860,,,5472,4764004.3,85,,
2026-03-30,NYADI,,437.5,422,423,,,21806,9340825.8,227,,
2026-03-30,OHL,,736.9,710.5,722,,,6558,4737581.9,89,,
2026-03-30,OMPL,,1339.2,1295,1295,,,9589,12573794.7,246,,
2026-03-30,PCBL,,257,243,246.9,,,170385,42245494.5,416,,
2026-03-30,PFL,,413.2,392,395.2,,,28220,11327964.2,251,,
2026-03-30,PHCL,,335.5,319.1,320,,,201093,65395077.6,970,,
2026-03-30,PMHPL,,413,375.4,385.4,,,43367,16594287.2,281,,
2026-03-30,PMLI,,509.9,493,493,,,11322,5638987.1,235,,
2026-03-30,PPCL,,428.9,404.1,409,,,53714,22227207.2,259,,
2026-03-30,PPL,,397,384,384,,,83467,32556667.4,410,,
2026-03-30,PROFL,,488.8,467,470.9,,,10705,5077605.5,95,,
2026-03-30,PRVU,,217,208.2,209.5,,,467588,98968934.1,1425,,
2026-03-30,PURE,,1003.9,961.7,965,,,16211,15918738.6,216,,
2026-03-30,RADHI,,889.4,850.3,864.5,,,304523,262902418.2,935,,
2026-03-30,RAWA,,714.9,699,699,,,4552,3188050,60,,
2026-03-30,RFPL,,415,401.1,403.9,,,142532,58028714,676,,
2026-03-30,RHGCL,,324,309.1,311.2,,,137664,43222726.3,504,,
2026-03-30,RHPL,,308,292.2,296.5,,,98719,29671009.4,409,,
2026-03-30,RIDI,,393,373.2,380,,,1779539,684136997,3348,,
2026-03-30,RLEL,,363,335.5,363,,,150,53481,15,,
2026-03-30,RLFL,,482.3,458,470,,,40316,18846060.7,201,,
2026-03-30,RNLI,,485,473.7,474.1,,,44028,21048833.6,478,,
2026-03-30,RSDC,,740,718,723,,,58607,42670908.7,360,,
2026-03-30,RSML,,2435.8,2203.9,2435.8,,,2297,5574623.6,81,,
2026-03-30,RURU,,695,680,680,,,13616,9340164,128,,
2026-03-30,SAGAR,,1990,1942,1950,,,20006,39283542.4,268,,
2026-03-30,SAHAS,,632.4,611,615,,,221225,136599943.3,1138,,
2026-03-30,SAIL,,1347.4,1285.2,1300,,,77513,101865002.5,1087,,
2026-03-30,SANIMA,,359.9,346,348,,,126760,44669814.5,422,,
2026-03-30,SANVI,,836.1,814.1,815,,,23381,19177191.1,358,,
2026-03-30,SARBTM,,904.5,868.3,872,,,34401,30478628.2,225,,
2026-03-30,SBI,,421.9,408,411.4,,,38869,16061048.7,196,,
2026-03-30,SBL,,409,397,406,,,273764,110178947.1,451,,
2026-03-30,SCB,,679,654,655,,,18093,11986404.9,176,,
2026-03-30,SGHC,,437,420,427,,,40806,17526629.5,313,,
2026-03-30,SHEL,,338,326,327.1,,,459239,151870128.6,1516,,
2026-03-30,SHIVM,,697.5,675.1,676,,,639774,438034372.7,2209,,
2026-03-30,SHL,,512,499,499,,,82569,41587144.9,240,,
2026-03-30,SHLB,,1680,1605,1634,,,610,995586,23,,
2026-03-30,SHPC,,556.9,537,541,,,187664,102293586.9,549,,
2026-03-30,SIFC,,590,572,578.9,,,34591,20097559.3,128,,
2026-03-30,SIKLES,,637,620,623.1,,,35448,22199897,299,,
2026-03-30,SJCL,,342,325,329,,,76061,25308820.8,292,,
2026-03-30,SJLIC,,459.2,447.8,448.1,,,45501,20497455.3,327,,
2026-03-30,SKBBL,,794.7,777,778,,,27245,21374404.3,336,,
2026-03-30,SKHEL,,343.9,318.9,343.9,,,70,23458,7,,
2026-03-30,SKHL,,439.2,407.2,439.2,,,190,82661,19,,
2026-03-30,SLBBL,,858,841,842,,,12281,10428073.7,165,,
2026-03-30,SLBSL,,1410,1350.1,1396.3,,,5534,7705709.4,111,,
2026-03-30,SMATA,,839.9,812,815,,,8632,7112596.9,146,,
2026-03-30,SMB,,1920,1880,1880,,,843,1592677.7,31,,
2026-03-30,SMFBS,,1713,1650,1679,,,3303,5547345.3,52,,
2026-03-30,SMH,,634.5,620,621,,,21687,13553543.4,217,,
2026-03-30,SMHL,,539.8,514.5,515,,,153363,80549926.9,956,,
2026-03-30,SMJC,,515,483.5,493.2,,,48911,24515656.4,339,,
2026-03-30,SMPDA,,895,881.1,885,,,5403,4792240.9,77,,
2026-03-30,SNLI,,486.5,467.2,467.3,,,36255,17099717.9,546,,
2026-03-30,SOHL,,745,665,675,,,404031,278412712.7,37436,,
2026-03-30,SONA,,473,447,452,,,124768,57214993.3,707,,
2026-03-30,SPC,,515,492.1,505,,,16472,8278141.4,168,,
2026-03-30,SPDL,,447.5,426,430,,,165507,72212141.8,507,,
2026-03-30,SPHL,,562,545,550,,,10203,5660970.1,92,,
2026-03-30,SPL,,772.9,746,752,,,11949,9057133.6,123,,
2026-03-30,SRLI,,410,401,403,,,49096,19831841.9,417,,
2026-03-30,SSHL,,237.6,228,231,,,798367,185388353.8,1895,,
2026-03-30,STC,,5980,5800,5800,,,2178,12699943,68,,
2026-03-30,SWASTIK,,2828,2742,2750,,,2433,6764482.5,99,,
2026-03-30,SWBBL,,774,749.9,760,,,19071,14482964.3,122,,
2026-03-30,SWMF,,706,685,693,,,8566,5937614.3,84,,
2026-03-30,SYPNL,,1960,1887.6,1893,,,172198,330727730.4,2599,,
2026-03-30,TAMOR,,464.9,455,458.1,,,160850,73858426.1,694,,
2026-03-30,TPC,,403,384.2,389.9,,,146202,57239574.7,449,,
2026-03-30,TRH,,781,757,766.2,,,4655,3580884.1,56,,
2026-03-30,TSHL,,753,719.4,734,,,4520,3315158.1,82,,
2026-03-30,TTL,,937,894.1,894.2,,,50858,46362396.2,830,,
2026-03-30,TVCL,,627,604,606,,,49099,29840885.1,130,,
2026-03-30,UHEWA,,605,591.1,591.1,,,32326,19339580.3,296,,
2026-03-30,ULBSL,,3200,3136,3196,,,949,2994238.5,50,,
2026-03-30,ULHC,,535,520,521,,,24797,13011132.2,180,,
2026-03-30,UMHL,,628,610,612.1,,,98076,60753500,347,,
2026-03-30,UMRH,,566.2,547,551,,,43591,24276047,267,,
2026-03-30,UNHPL,,544,530,538.8,,,193414,103367119.59,523,,
2026-03-30,UNL,,46550,46500,46501,,,50,2326010,4,,
2026-03-30,UNLB,,1790,1640,1680,,,13899,23730611.9,379,,
2026-03-30,UPCL,,416.1,397,402,,,279991,113630168.9,769,,
2026-03-30,UPPER,,227.4,215,216,,,698666,153422285,2632,,
2026-03-30,USHEC,,514,490.6,491,,,39919,19883475.5,225,,
2026-03-30,USHL,,771,696.1,712,,,5983,4223632,92,,
2026-03-30,USLB,,1495,1444,1472.9,,,4928,7251803.3,99,,
2026-03-30,VLBS,,815,780.1,790.1,,,13747,10865875.7,619,,
2026-03-30,VLUCL,,577,560,560,,,8959,5058653,102,,
2026-03-31,ACLBSL,,1050,1002.1,1050,,,4580,4689083.9,89,,
2026-03-31,ADBL,,322,310.3,316,,,44747,14070924.2,300,,
2026-03-31,AHL,,505,495,504,,,6254,3122050,114,,
2026-03-31,AHPC,,299.9,289,298,,,285543,83975321,973,,
2026-03-31,AKJCL,,403,386,395.5,,,649934,255617895.8,1232,,
2026-03-31,AKPL,,290.7,278.2,285,,,401301,113892255.7,1162,,
2026-03-31,ALBSL,,1224,1185,1224,,,26658,32088302.3,257,,
2026-03-31,ALICL,,474,461.2,470,,,44825,20961757.3,239,,
2026-03-31,ANLB,,6540,6381,6381,,,298,1910052.7,18,,
2026-03-31,API,,364.7,346,358.1,,,1143683,403893294.8,2793,,
2026-03-31,AVYAN,,1215,1165.1,1211,,,25104,29829445.1,322,,
2026-03-31,BANDIPUR,,935,900.5,922.1,,,42381,38779871,933,,
2026-03-31,BARUN,,368,353.7,360,,,117194,42075755.7,620,,
2026-03-31,BBC,,5479,4905,5100,,,927,4708886.1,64,,
2026-03-31,BEDC,,515,482,509,,,14663,7366528.2,180,,
2026-03-31,BFC,,487,470,480,,,31922,15249929.5,208,,
2026-03-31,BGWT,,760,740,751.2,,,10494,7860054.1,132,,
2026-03-31,BHCL,,593,568,586,,,37311,21634214.9,578,,
2026-03-31,BHDC,,489,473,485.5,,,27532,13251378.4,317,,
2026-03-31,BHL,,235.6,222,230.5,,,790721,180212202,2324,,
2026-03-31,BHPL,,577,557.2,575,,,24431,13852776.9,185,,
2026-03-31,BJHL,,578.6,536,578.6,,,470,270462,47,,
2026-03-31,BNHC,,369.2,349,365,,,23771,8411281.1,212,,
2026-03-31,BNL,,15300,15300,15300,,,0,0,0,,
2026-03-31,BNT,,12000,11601,12000,,,291,3414186.5,19,,
2026-03-31,BPCL,,725,705.6,718,,,47456,33920705.9,328,,
2026-03-31,BUNGAL,,640,614,626,,,23577,14780219.4,432,,
2026-03-31,CBBL,,940,912,933,,,48881,45195985.9,440,,
2026-03-31,CFCL,,551.8,529,541.9,,,23807,12816361.3,117,,
2026-03-31,CGH,,850,830,840,,,32140,26911127.2,329,,
2026-03-31,CHCL,,507.8,491.1,507.4,,,55860,28057408.8,307,,
2026-03-31,CHDC,,2495.9,2366.7,2484,,,30668,75063220,365,,
2026-03-31,CHL,,305,295,303,,,61754,18442925.2,323,,
2026-03-31,CIT,,1826,1800,1824,,,11446,20738168,274,,
2026-03-31,CITY,,492.7,480,491,,,17568,8512099.5,183,,
2026-03-31,CKHL,,732,692,698,,,3580,2515340.4,71,,
2026-03-31,CLI,,480,467.2,479.9,,,21955,10369547,375,,
2026-03-31,CREST,,1360,1330,1352,,,11785,15888698,229,,
2026-03-31,CYCL,,1690,1598,1620,,,5571,8945930.5,90,,
2026-03-31,CZBIL,,226.4,212.3,215.1,,,151899,32826518,514,,
2026-03-31,DDBL,,878,852,873,,,19995,17243711.4,179,,
2026-03-31,DHEL,,703.8,671.3,695,,,29377,20099795.8,535,,
2026-03-31,DHPL,,328,310.7,320.3,,,16322,5179326.2,102,,
2026-03-31,DLBS,,1375,1326.1,1340.3,,,1121,1507351,29,,
2026-03-31,DOLTI,,504.9,490,498.5,,,9969,4923417.8,120,,
2026-03-31,DORDI,,297.6,285,294,,,174611,50752748.9,646,,
2026-03-31,EBL,,710,691.2,702,,,49835,34852894.3,372,,
2026-03-31,EHPL,,429.1,410.1,426,,,45954,19262960.2,306,,
2026-03-31,ENL,,922,900,920,,,1515,1373810.5,39,,
2026-03-31,FMDBL,,854,824,844,,,37184,31164837.4,234,,
2026-03-31,FOWAD,,1160,1108,1150,,,21476,24371376.4,188,,
2026-03-31,GBIME,,246.8,240,244,,,210803,51121603.7,640,,
2026-03-31,GBLBS,,803,776.2,795,,,5433,4273556.6,86,,
2026-03-31,GCIL,,448.8,431.5,446.5,,,40168,17758765.3,442,,
2026-03-31,GFCL,,673,648,671,,,17828,11741176.6,148,,
2026-03-31,GHL,,256.9,246,252.3,,,237201,59499083.1,685,,
2026-03-31,GILB,,1199.9,1155,1195,,,4686,5518939,62,,
2026-03-31,GLBSL,,1950,1905,1935,,,651,1254876.2,36,,
2026-03-31,GLH,,291.9,280.2,290,,,167104,47839235.1,653,,
2026-03-31,GMFBS,,1448,1392,1414,,,805,1128017.4,31,,
2026-03-31,GMFIL,,504.9,483,504,,,25679,12678414.5,153,,
2026-03-31,GMLI,,1730,1700.3,1725,,,3211,5481001.8,107,,
2026-03-31,GUFL,,570.9,545,567,,,25038,13914721.2,169,,
2026-03-31,GVL,,508.9,494.1,500,,,44172,22083391.6,318,,
2026-03-31,HATHY,,926.3,907.3,921.1,,,11166,10226369.9,184,,
2026-03-31,HBL,,216,207.8,214.7,,,161902,34286673.5,1896,,
2026-03-31,HDHPC,,239.9,224.5,232.4,,,840144,193958786.4,1910,,
2026-03-31,HDL,,1195,1165.1,1185,,,84969,100200013.4,1074,,
2026-03-31,HFIN,,349.8,316,349.8,,,370,128366,37,,
2026-03-31,HHL,,359.9,348,357,,,65542,23140814.7,352,,
2026-03-31,HIDCL,,284,271.2,283.8,,,243430,67597377.5,1018,,
2026-03-31,HIMSTAR,,965,928,959,,,10433,9837860.3,198,,
2026-03-31,HLBSL,,944.6,915.5,940,,,2777,2583491.4,46,,
2026-03-31,HLI,,381,368.5,377,,,92057,34356821.4,580,,
2026-03-31,HPPL,,398.8,387,396,,,100374,39402737.2,523,,
2026-03-31,HRL,,850,818.3,835,,,361889,301327287.1,2742,,
2026-03-31,HURJA,,301,291.2,295.9,,,910465,269990483.4,1570,,
2026-03-31,ICFC,,655,637,654,,,11045,7133748.1,106,,
2026-03-31,IHL,,508.6,492.3,507.9,,,14740,7386371.5,148,,
2026-03-31,ILBS,,1025,977,1025,,,8368,8350767.2,91,,
2026-03-31,ILI,,455.5,443,453.7,,,28333,12683287.3,470,,
2026-03-31,JBLB,,1346,1316,1345,,,11973,15923307.1,307,,
2026-03-31,JFL,,450,431,444,,,12936,5663541.1,96,,
2026-03-31,JHAPA,,1400,1371,1387.9,,,4181,5777143.9,94,,
2026-03-31,JOSHI,,306.9,292.2,304,,,61196,18223075.8,364,,
2026-03-31,JSLBB,,1193,1169,1190,,,822,963322,16,,
2026-03-31,KBL,,233.2,226.2,232,,,1560061,359052725.3,2899,,
2026-03-31,KBSH,,1713,1627,1713,,,332,552400.1,16,,
2026-03-31,KDL,,890,871.5,885.1,,,3146,2759925.8,83,,
2026-03-31,KKHC,,280.3,264.6,274,,,138430,37813454,627,,
2026-03-31,KMCDB,,951,920,942.1,,,6585,6154437.8,87,,
2026-03-31,KPCL,,527,515,525,,,52645,27450094.6,303,,
2026-03-31,LEC,,248.1,235,244.1,,,377170,91223475.7,1195,,
2026-03-31,LICN,,860,840,855,,,14849,12576220.6,139,,
2026-03-31,LLBS,,1020,973,1020,,,2479,2469143.8,18,,
2026-03-31,LSL,,223,215.7,221.9,,,116979,25597731.5,383,,
2026-03-31,MABEL,,749,722,744,,,16163,11807513.4,261,,
2026-03-31,MAKAR,,533.4,504.1,527.1,,,15826,8211156.3,131,,
2026-03-31,MANDU,,848,825,835.1,,,2270,1902074.6,66,,
2026-03-31,MATRI,,972,955,968.8,,,621,599334.2,26,,
2026-03-31,MBJC,,305.9,296.1,304,,,57801,17410111.7,515,,
2026-03-31,MBL,,256,248,254.5,,,174109,43703024.9,525,,
2026-03-31,MCHL,,411,402.1,411,,,3850,1566739.9,56,,
2026-03-31,MEHL,,462,442,458,,,20128,9116369.1,163,,
2026-03-31,MEL,,291.8,281.2,289,,,18309,5228797,272,,
2026-03-31,MEN,,605.9,590.3,604.2,,,109568,65428272.4,736,,
2026-03-31,MERO,,767.9,745.4,765,,,13088,9880634.6,163,,
2026-03-31,MFIL,,829.9,797.5,820,,,83512,67964984.8,374,,
2026-03-31,MHCL,,370,354,360,,,28396,10283960.9,251,,
2026-03-31,MHL,,545,525,535,,,14662,7799813.1,124,,
2026-03-31,MHNL,,293.8,279,286,,,35639,10194590.5,179,,
2026-03-31,MKCL,,1406,1365.2,1400,,,4546,6289907.8,82,,
2026-03-31,MKHC,,349.9,335.1,348,,,29372,10040130.9,192,,
2026-03-31,MKHL,,800,750,776,,,19115,14629588.8,115,,
2026-03-31,MKJC,,533,515,520,,,29637,15413592.8,199,,
2026-03-31,MLBBL,,1343,1304.1,1343,,,2583,3407215.6,62,,
2026-03-31,MLBS,,1481,1415.1,1451.6,,,1578,2267378.8,45,,
2026-03-31,MLBSL,,1919,1882,1919,,,1141,2158285.8,40,,
2026-03-31,MMKJL,,566.6,550,560,,,9080,5038721.2,105,,
2026-03-31,MPFL,,670,643,650.4,,,38196,24930678.9,234,,
2026-03-31,MSHL,,796,777.1,778.8,,,2569,2004057,49,,
2026-03-31,MSLB,,1349.9,1305.5,1349.9,,,1227,1628501.7,41,,
2026-03-31,NABIL,,535,520,531,,,86278,45264694.9,777,,
2026-03-31,NADEP,,803,770.4,802.9,,,4990,3901754.6,67,,
2026-03-31,NBL,,280.9,270.1,278.4,,,234029,64746942.5,648,,
2026-03-31,NESDO,,1610,1560.2,1600,,,3028,4798140.3,60,,
2026-03-31,NFS,,647,625.2,635,,,13628,8666631.8,149,,
2026-03-31,NGPL,,475.1,459,471.9,,,737774,344435009.9,1921,,
2026-03-31,NHDL,,660,643,658,,,6440,4195880,71,,
2026-03-31,NHPC,,305,284.8,293,,,1080618,317565770.2,2601,,
2026-03-31,NICA,,387.6,365,380.2,,,294429,111093027.7,913,,
2026-03-31,NICLBSL,,625,598.1,619,,,21447,13033635.5,296,,
2026-03-31,NIFRA,,277,266.7,275,,,255390,69597628,1217,,
2026-03-31,NIMB,,214,205.1,212,,,221587,46358105.5,784,,
2026-03-31,NLIC,,804,785,799,,,55919,44265293.2,386,,
2026-03-31,NLICL,,606.6,595,605,,,18760,11230722.7,141,,
2026-03-31,NLO,,269.4,269.4,269.4,,,0,0,0,,
2026-03-31,NMB,,254.5,246.5,254,,,92630,23114264.6,285,,
2026-03-31,NMBMF,,690,669.1,690,,,2452,1657797.6,39,,
2026-03-31,NMFBS,,1225,1160,1182.9,,,9702,11455792.2,97,,
2026-03-31,NMLBBL,,646,620,634,,,15205,9624413.4,136,,
2026-03-31,NRIC,,1200,1146,1179,,,137011,160006727.3,1426,,
2026-03-31,NRM,,436,424.1,435,,,19704,8494006.9,228,,
2026-03-31,NRN,,1640,1586,1601.1,,,235314,378732008.6,1491,,
2026-03-31,NTC,,890,870,877,,,13480,11808086.8,268,,
2026-03-31,NUBL,,712,700,707.5,,,7443,5239145.9,120,,
2026-03-31,NWCL,,889,850,861,,,3766,3228652.5,90,,
2026-03-31,NYADI,,427.9,411.1,427.3,,,27053,11310448,225,,
2026-03-31,OHL,,725,709,725,,,5794,4161044,51,,
2026-03-31,OMPL,,1337.7,1270.1,1285,,,10220,13172894.5,199,,
2026-03-31,PCBL,,251.9,243,250,,,87573,21671510.8,286,,
2026-03-31,PFL,,413.1,381,408.9,,,38663,15165591.2,258,,
2026-03-31,PHCL,,328,310,325,,,179771,57249245.6,968,,
2026-03-31,PMHPL,,380.4,368.2,376,,,62767,23441748.8,305,,
2026-03-31,PMLI,,499.9,486,494.2,,,11434,5621823.8,238,,
2026-03-31,PPCL,,417.1,402.4,414,,,53831,21932093.4,212,,
2026-03-31,PPL,,389.9,377.5,383,,,75514,28874449.9,406,,
2026-03-31,PROFL,,483.9,457.2,475,,,21737,10233487.9,127,,
2026-03-31,PRVU,,214,204.5,212.9,,,339233,70968432,1243,,
2026-03-31,PURE,,979,936,979,,,11532,11039694.8,196,,
2026-03-31,RADHI,,881.7,845,854,,,299105,255238119,716,,
2026-03-31,RAWA,,703.8,690,703.8,,,4132,2866780,52,,
2026-03-31,RFPL,,409,396,402.1,,,112122,45017138.1,537,,
2026-03-31,RHGCL,,325.5,304.1,318,,,127847,40067188.1,467,,
2026-03-31,RHPL,,302,290,297.2,,,50424,14943471.6,334,,
2026-03-31,RIDI,,387.6,364,367.8,,,1305193,484846433.2,2521,,
2026-03-31,RLEL,,399.3,370,399.3,,,170,66864,17,,
2026-03-31,RLFL,,479.4,460.3,472.9,,,20433,9564057.8,154,,
2026-03-31,RNLI,,482.8,467.2,477,,,43935,20802654.1,499,,
2026-03-31,RSDC,,735,707,728.5,,,28981,20977161.2,210,,
2026-03-31,RSML,,2679.3,2430.1,2679.3,,,2107,5624220.1,64,,
2026-03-31,RURU,,693,667.2,683,,,9821,6680019.5,83,,
2026-03-31,SAGAR,,1958,1911.1,1941.9,,,15842,30569187.7,255,,
2026-03-31,SAHAS,,620,598,615.6,,,178386,108617588.2,1034,,
2026-03-31,SAIL,,1352.5,1270,1300,,,52346,67518598.8,1001,,
2026-03-31,SANIMA,,360,341.1,350,,,239645,83282924.6,472,,
2026-03-31,SANVI,,820,788.9,809,,,31591,25326203.1,453,,
2026-03-31,SARBTM,,887.6,861,884.8,,,26300,23015360.2,189,,
2026-03-31,SBI,,418,404,418,,,40817,16777664,153,,
2026-03-31,SBL,,406,394,402.9,,,262820,104865567,413,,
2026-03-31,SCB,,660,646.3,659,,,17316,11306255.9,141,,
2026-03-31,SGHC,,425.5,412,423,,,39121,16426111.4,278,,
2026-03-31,SHEL,,331.5,318,329,,,396157,128308119.2,1395,,
2026-03-31,SHIVM,,693,670.2,685,,,515667,351158194,2129,,
2026-03-31,SHL,,506,488,504.1,,,35389,17626490,153,,
2026-03-31,SHLB,,1642,1601.1,1611,,,385,623054,16,,
2026-03-31,SHPC,,550.8,533,544,,,95008,51568943.5,427,,
2026-03-31,SIFC,,587,570.1,585,,,9020,5185925.2,73,,
2026-03-31,SIKLES,,629.8,610,624,,,17990,11128402.4,226,,
2026-03-31,SJCL,,335,325,334.8,,,54838,18042933.9,278,,
2026-03-31,SJLIC,,452,442,451,,,25836,11545865.8,247,,
2026-03-31,SKBBL,,791,771.1,777.4,,,32761,25422216.9,337,,
2026-03-31,SKHEL,,378.2,350.7,378.2,,,90,33362,9,,
2026-03-31,SKHL,,483.1,438.9,483.1,,,360,172154,36,,
2026-03-31,SLBBL,,846.9,833,843,,,7071,5926820.1,131,,
2026-03-31,SLBSL,,1410,1327.3,1394.2,,,1802,2487773,52,,
2026-03-31,SMATA,,827,801,822,,,7148,5795716.1,123,,
2026-03-31,SMB,,1884,1851,1884,,,1292,2402585.5,44,,
2026-03-31,SMFBS,,1704,1646,1696,,,3557,5996314.4,35,,
2026-03-31,SMH,,629,616,627,,,19130,11892470.1,210,,
2026-03-31,SMHL,,529,502,519,,,244340,126481477.8,1076,,
2026-03-31,SMJC,,510,483.4,492.7,,,172480,85414271.6,813,,
2026-03-31,SMPDA,,896,857.5,890,,,8089,7065745.2,97,,
2026-03-31,SNLI,,468.8,457.1,466,,,60950,28179861.3,672,,
2026-03-31,SOHL,,716,629,691.1,,,279142,181484235.6,24591,,
2026-03-31,SONA,,465,448,462,,,82118,37504308.5,698,,
2026-03-31,SPC,,514.9,490,510,,,11752,5852567.3,104,,
2026-03-31,SPDL,,438.6,416,430.9,,,122558,52360667.1,379,,
2026-03-31,SPHL,,561,544.5,554.1,,,5238,2879229.6,63,,
2026-03-31,SPL,,767,737,748,,,10796,8019514.2,121,,
2026-03-31,SRLI,,407.6,395.5,405,,,38224,15320597.7,408,,
2026-03-31,SSHL,,234,217.5,230,,,892274,201307497.9,2174,,
2026-03-31,STC,,5850,5736,5850,,,1681,9716742.8,42,,
2026-03-31,SWASTIK,,2798,2750,2798,,,882,2448843,47,,
2026-03-31,SWBBL,,770,751.2,763.9,,,8531,6487348.1,92,,
2026-03-31,SWMF,,706.8,675,697.9,,,8022,5510528.9,75,,
2026-03-31,SYPNL,,1916,1847,1899.9,,,199349,374603222.9,2381,,
2026-03-31,TAMOR,,462,446,458,,,193642,88103222.3,675,,
2026-03-31,TPC,,404.9,383,402,,,136523,53880931.5,596,,
2026-03-31,TRH,,780.1,761.4,771.1,,,4626,3565266.1,33,,
2026-03-31,TSHL,,740,708,734,,,5337,3844994.3,93,,
2026-03-31,TTL,,913,868.6,902,,,53728,47772678.1,839,,
2026-03-31,TVCL,,606,595,606,,,23488,14046579.8,115,,
2026-03-31,UHEWA,,605,581.1,601.9,,,38321,22754887.8,293,,
2026-03-31,ULBSL,,3196,3061,3170,,,3216,10062881,67,,
2026-03-31,ULHC,,529,513,521,,,12618,6575760.6,151,,
2026-03-31,UMHL,,623,610.1,618,,,51598,31689420.6,202,,
2026-03-31,UMRH,,560,541,555.1,,,23676,13060693.1,157,,
2026-03-31,UNHPL,,547.5,521,538.9,,,134916,71613343.9,469,,
2026-03-31,UNL,,46780,46502,46780,,,20,932820,2,,
2026-03-31,UNLB,,1749,1679.9,1745,,,4370,7495547.1,110,,
2026-03-31,UPCL,,408.9,394,403,,,263983,105786538.1,648,,
2026-03-31,UPPER,,220.3,210,218.5,,,659335,141718650.9,2311,,
2026-03-31,USHEC,,504,485.1,498.9,,,40147,19833452.9,247,,
2026-03-31,USHL,,723,696,719,,,3271,2296346.4,70,,
2026-03-31,USLB,,1496,1444,1472,,,2857,4141231,65,,
2026-03-31,VLBS,,800,780,793,,,10581,8350866.8,480,,
2026-03-31,VLUCL,,564,553.4,558.5,,,6360,3547777.2,98,,
