date,symbol,open,high,low,close,prev_close,vwap,volume,turnover,trades,week_52_high,week_52_low
2026-07-01,ACLBSL,,952,920.6,941,,,366,342385.8,19,,
2026-07-01,ADBL,,305,300,305,,,11287,3416381.6,146,,
2026-07-01,AHL,,471,440,449,,,6939,3085000.8,79,,
2026-07-01,AHPC,,269.3,261,266.9,,,55140,14679301.7,242,,
2026-07-01,AKJCL,,368.8,360,366,,,472111,172686346.8,1062,,
2026-07-01,AKPL,,259.9,250.1,258,,,45072,11546931.7,151,,
2026-07-01,ALBSL,,1089.9,1030,1077,,,3511,3749657.8,76,,
2026-07-01,ALICL,,443,435,438.9,,,6732,2944672.6,90,,
2026-07-01,ANLB,,6061.5,5707,6061.5,,,387,2269513.1,21,,
2026-07-01,APHL,,907,807.5,888,,,29517,25937444.1,1060,,
2026-07-01,API,,340,331,334.8,,,170972,57307604.7,490,,
2026-07-01,AVYAN,,1054,1044.7,1048.9,,,1277,1338465,33,,
2026-07-01,BANDIPUR,,767,711,759,,,27614,20753454.4,517,,
2026-07-01,BARUN,,326,316,321,,,31213,10036896,163,,
2026-07-01,BBC,,4280,4126.1,4279,,,375,1581014,30,,
2026-07-01,BEDC,,337.5,325,337.4,,,21748,7259219.7,158,,
2026-07-01,BFC,,510,495.3,505,,,39789,19907455.9,135,,
2026-07-01,BGWT,,604,587,597,,,632,376439.4,23,,
2026-07-01,BHCL,,546.5,529.2,546,,,25120,13633762.9,229,,
2026-07-01,BHDC,,444,430.1,443.2,,,4654,2046405.8,66,,
2026-07-01,BHL,,214,205,210.9,,,67517,14201555,346,,
2026-07-01,BHPL,,501,480,500,,,6189,3063897.3,70,,
2026-07-01,BJHL,,900,775,900,,,7876,6416383,180,,
2026-07-01,BNHC,,315.9,309.5,314.5,,,4489,1404406.5,47,,
2026-07-01,BNL,,14301.8,14301.8,14301.8,,,0,0,0,,
2026-07-01,BNT,,11600,11600,11600,,,10,116000,1,,
2026-07-01,BPCL,,650.8,637,642.6,,,35359,22780987.7,158,,
2026-07-01,BUNGAL,,660,621,637,,,26572,17165073.4,303,,
2026-07-01,CBBL,,911,905,910,,,13798,12553447,166,,
2026-07-01,CFCL,,609.9,592,609.9,,,67593,40835711.6,240,,
2026-07-01,CGH,,775,764,774,,,37166,28578158.3,135,,
2026-07-01,CHCL,,482.9,476,481,,,14543,6970295.1,153,,
2026-07-01,CHDC,,2165,2116,2132,,,32955,70031115.8,142,,
2026-07-01,CHL,,272.1,260,268,,,12315,3285551.5,59,,
2026-07-01,CIT,,1720,1683,1705,,,3895,6637666.4,128,,
2026-07-01,CITY,,420,398,403,,,159716,64342138.2,538,,
2026-07-01,CKHL,,633,585.1,610,,,3079,1877334.6,39,,
2026-07-01,CLI,,451.9,440,448,,,8478,3797587.3,176,,
2026-07-01,CREST,,1227.5,1158,1196,,,8432,10043214.6,152,,
2026-07-01,CYCL,,1552.7,1289.2,1550,,,3450,4811381.5,97,,
2026-07-01,CZBIL,,199,194.2,196.1,,,32911,6433435.7,144,,
2026-07-01,DDBL,,840,820,830,,,41539,34300534.5,95,,
2026-07-01,DHEL,,592.5,555,585,,,9790,5695639.3,210,,
2026-07-01,DHPL,,295,280,286,,,2955,837429.1,37,,
2026-07-01,DLBS,,1349.5,1235.1,1295,,,1371,1738140.6,37,,
2026-07-01,DOLTI,,345.9,330,345.9,,,69764,23561876.9,237,,
2026-07-01,DORDI,,255,244.1,254.8,,,27435,6890306.9,182,,
2026-07-01,EBL,,700,690,694,,,25799,17885500.5,220,,
2026-07-01,EHPL,,391.6,370,373,,,19616,7344988.5,133,,
2026-07-01,ENL,,844,810,819.2,,,154,126621,13,,
2026-07-01,FMDBL,,779,758,764.5,,,13796,10504300.8,71,,
2026-07-01,FOWAD,,985,955,979.9,,,1672,1621236.8,45,,
2026-07-01,GBIME,,253,238,242,,,335428,80349691.2,499,,
2026-07-01,GBLBS,,756,745.1,754,,,1793,1347336.9,22,,
2026-07-01,GCIL,,357,349,354.7,,,11186,3964797.7,156,,
2026-07-01,GFCL,,682.5,620,631,,,32913,20825059.6,209,,
2026-07-01,GHL,,225,214.5,223,,,32901,7274227,150,,
2026-07-01,GILB,,1107,1075,1094,,,562,613627,14,,
2026-07-01,GLBSL,,1850,1805,1838.8,,,1111,2027784.1,36,,
2026-07-01,GLH,,258,248.3,257,,,19388,4949299.2,120,,
2026-07-01,GMFBS,,1249,1190,1227,,,124,149761,9,,
2026-07-01,GMFIL,,470,460,464,,,4875,2268661.9,47,,
2026-07-01,GMLI,,1215,1147,1178.5,,,510,596771,37,,
2026-07-01,GUFL,,558,541,558,,,6024,3292218.8,62,,
2026-07-01,GVL,,479,465.8,475,,,5464,2581013.5,89,,
2026-07-01,HATHY,,715.8,671,713.9,,,7042,4918436.8,118,,
2026-07-01,HBL,,196.2,190,194,,,30343,5888932.2,553,,
2026-07-01,HDHPC,,209.9,202,208.5,,,103329,21500009.8,363,,
2026-07-01,HDL,,1150,1142,1147,,,13221,15151356.5,252,,
2026-07-01,HFIN,,745,703.1,738.2,,,34966,25774437.9,646,,
2026-07-01,HHL,,344.6,330,340,,,14697,4999494.1,122,,
2026-07-01,HIDCL,,255,250,254,,,31442,7966283.6,213,,
2026-07-01,HIMSTAR,,818,741,794,,,6088,4766235.1,180,,
2026-07-01,HLBSL,,880,858,875.5,,,172,149250.2,12,,
2026-07-01,HLI,,329.9,316,329,,,27314,8878273.5,280,,
2026-07-01,HPPL,,371,358,362,,,14075,5087916.5,93,,
2026-07-01,HRL,,589.8,568.2,585,,,41670,24288892,578,,
2026-07-01,HURJA,,238.7,231,237,,,47776,11232944.3,164,,
2026-07-01,ICFC,,621.9,612,613.2,,,5327,3275041.1,38,,
2026-07-01,IHL,,375.9,358,372.6,,,9407,3450615.4,86,,
2026-07-01,ILBS,,937.8,878,897,,,3317,3050691.3,24,,
2026-07-01,ILI,,426.9,410,423,,,6912,2930293,196,,
2026-07-01,JBLB,,1249.7,1225.1,1247,,,5400,6699324.2,121,,
2026-07-01,JFL,,407.8,398,398,,,2276,913501,25,,
2026-07-01,JHAPA,,1315,1232.4,1280,,,14193,17997682.9,233,,
2026-07-01,JOSHI,,267.8,252,267.5,,,6827,1805248.1,67,,
2026-07-01,JSLBB,,1020,995,1015,,,129,130275,7,,
2026-07-01,KBL,,213,205,210.1,,,140421,29343195,479,,
2026-07-01,KBSH,,1431,1300,1410,,,1044,1450176,49,,
2026-07-01,KDL,,768,748,765,,,1262,962590,29,,
2026-07-01,KHPL,,889,821,862,,,16525,14225575.9,288,,
2026-07-01,KKHC,,284.2,246.1,264,,,128603,33530306.9,463,,
2026-07-01,KMCDB,,824,800.1,810,,,1970,1611792.9,30,,
2026-07-01,KPCL,,475,470,475,,,4462,2109714.2,53,,
2026-07-01,LEC,,213.9,208.9,212.5,,,50709,10710816.9,212,,
2026-07-01,LICN,,804.9,790,799,,,2859,2273122.5,40,,
2026-07-01,LLBS,,934,872,934,,,1235,1097632.4,22,,
2026-07-01,LSL,,219,212.5,219,,,1345112,288427133.1,208,,
2026-07-01,MABEL,,674.6,630,657,,,9609,6216854.2,177,,
2026-07-01,MAKAR,,477.9,461,476.9,,,2856,1348604.7,38,,
2026-07-01,MANDU,,830,785.1,806.3,,,778,632680,36,,
2026-07-01,MATRI,,869,827.1,853,,,423,360390.1,19,,
2026-07-01,MBJC,,279.5,271.1,277,,,9594,2648733.8,145,,
2026-07-01,MBL,,244,240.2,243,,,54300,13171137.2,132,,
2026-07-01,MCHL,,308.7,288.1,305,,,6437,1937255.9,106,,
2026-07-01,MEHL,,337.6,323.1,334.9,,,5573,1836029.1,57,,
2026-07-01,MEL,,227,217.8,222,,,35696,7848326.4,174,,
2026-07-01,MEN,,584.8,570,578,,,32653,18804366.9,237,,
2026-07-01,MERO,,709,696.5,709,,,2905,2043548.3,42,,
2026-07-01,MFIL,,779.8,760,779.6,,,6891,5346344.8,62,,
2026-07-01,MHCL,,339,327,338.9,,,5068,1705998.7,54,,
2026-07-01,MHL,,472,455,470,,,2817,1324704.7,34,,
2026-07-01,MHNL,,246.5,241.1,244,,,7320,1782952.2,60,,
2026-07-01,MKCL,,1106.9,1090,1104,,,2122,2334583,42,,
2026-07-01,MKHC,,305,293,303,,,6715,2031272.1,84,,
2026-07-01,MKHL,,485,470,485,,,2318,1103838.2,52,,
2026-07-01,MKJC,,469.8,445.3,460,,,610,281814,20,,
2026-07-01,MLBBL,,1155,1135,1140,,,1016,1161334,22,,
2026-07-01,MLBS,,1180,1140,1162,,,890,1040272,15,,
2026-07-01,MLBSL,,1745,1700,1745,,,294,506915,23,,
2026-07-01,MMKJL,,478.9,466,476,,,2297,1092281,38,,
2026-07-01,MPFL,,620,590,610,,,7782,4737915.8,60,,
2026-07-01,MSHL,,639.9,576,639.8,,,1982,1159983.4,44,,
2026-07-01,MSLB,,1245,1216,1226,,,444,545998,26,,
2026-07-01,NABIL,,526,515.09,525,,,44906,23570212.85,384,,
2026-07-01,NADEP,,731.9,715,720,,,607,438005.2,25,,
2026-07-01,NBL,,267.9,260.1,265,,,25349,6691899.9,115,,
2026-07-01,NESDO,,1540,1500,1539.9,,,525,796590.5,21,,
2026-07-01,NFS,,588,562.1,583.6,,,8380,4846274,83,,
2026-07-01,NGPL,,417,404,414.9,,,106621,43920532.1,342,,
2026-07-01,NHDL,,638.9,620.2,638.7,,,4465,2838534.8,22,,
2026-07-01,NHPC,,268.8,255,265.9,,,224002,59166661.1,720,,
2026-07-01,NICA,,336,323.2,333.9,,,43504,14426842.3,190,,
2026-07-01,NICLBSL,,557.9,550,557.9,,,4761,2638340,79,,
2026-07-01,NIFRA,,253.9,247,253.9,,,46129,11576369.1,411,,
2026-07-01,NIMB,,199.5,190,193,,,62331,11971177.2,290,,
2026-07-01,NLIC,,749,740,745,,,7316,5452224.4,121,,
2026-07-01,NLICL,,588,565,583,,,3833,2204345.8,40,,
2026-07-01,NLO,,269.4,269.4,269.4,,,0,0,0,,
2026-07-01,NMB,,239.9,230,238.2,,,24489,5823789.7,173,,
2026-07-01,NMBMF,,629.7,614.9,628.7,,,930,574559,18,,
2026-07-01,NMFBS,,1125,1111,1120.1,,,785,878741.8,25,,
2026-07-01,NMLBBL,,553.9,541,548,,,4556,2501165.8,51,,
2026-07-01,NRIC,,955,920,944,,,20583,19464534.6,263,,
2026-07-01,NRM,,338.7,315.5,329,,,8953,2960492,116,,
2026-07-01,NRN,,1440,1370,1427,,,116706,163777608.4,441,,
2026-07-01,NTC,,848,842,847.9,,,4586,3883735.2,111,,
2026-07-01,NUBL,,626.9,620.1,625,,,2566,1600998.4,39,,
2026-07-01,NWCL,,739.8,712,732,,,1320,964394,22,,
2026-07-01,NYADI,,400,358,381.3,,,4983,1919658.3,73,,
2026-07-01,OHL,,685,669,682,,,2830,1901600,31,,
2026-07-01,OMPL,,1015,975,1000,,,2999,2981770.4,123,,
2026-07-01,PCBL,,236.4,231.5,233.9,,,64115,14972171.2,150,,
2026-07-01,PCIL,,666.9,627,664.9,,,37225,24365677.3,1153,,
2026-07-01,PFL,,369.9,358.8,360,,,7048,2555852,64,,
2026-07-01,PHCL,,303,296,301,,,49012,14697043.5,245,,
2026-07-01,PMHPL,,322,312,320,,,7480,2375824.8,54,,
2026-07-01,PMLI,,471.8,440,458,,,2777,1245350.3,117,,
2026-07-01,PPCL,,365.7,337,359,,,17268,5966634.7,89,,
2026-07-01,PPL,,336,303.1,335,,,15666,5134840.5,117,,
2026-07-01,PROFL,,448.8,435.4,439,,,2642,1154567.9,22,,
2026-07-01,PRVU,,195,187,191.5,,,76106,14574768.8,337,,
2026-07-01,PURE,,848,802,843.9,,,5242,4376342.3,91,,
2026-07-01,RADHI,,725,680,722,,,119315,84890214.7,229,,
2026-07-01,RAWA,,455,430,449.5,,,32411,14478059,181,,
2026-07-01,RFPL,,350,320,346,,,11991,4126853.1,112,,
2026-07-01,RHGCL,,278,264,273,,,37498,10207563.1,137,,
2026-07-01,RHPL,,267,260,264,,,9961,2606686.5,108,,
2026-07-01,RIDI,,337,322.6,336,,,193210,64308574.8,499,,
2026-07-01,RLEL,,880,830,860.1,,,4141,3560202,183,,
2026-07-01,RLFL,,475,460,475,,,67406,31321468.7,240,,
2026-07-01,RNLI,,451.8,440.1,451.5,,,5521,2479800.2,224,,
2026-07-01,RSDC,,659,627,648,,,3409,2181697.9,31,,
2026-07-01,RSML,,3499,3101,3400,,,54822,175105041.5,761,,
2026-07-01,RURU,,655,630.1,642,,,6461,4162247.5,51,,
2026-07-01,SAGAR,,1589.9,1490,1589.9,,,4757,7388989.6,127,,
2026-07-01,SAHAS,,646,630,644,,,52403,33576201,480,,
2026-07-01,SAIL,,919.9,834.1,919.9,,,23431,21128346.2,349,,
2026-07-01,SANIMA,,354.9,350,351.9,,,98218,34647326.3,179,,
2026-07-01,SANVI,,633.9,600,630,,,10963,6870678.8,186,,
2026-07-01,SARBTM,,818.9,808,814,,,3806,3090895.5,52,,
2026-07-01,SBI,,390,386,387,,,18166,7029285.1,49,,
2026-07-01,SBL,,391,388,389.9,,,69857,27234612.2,143,,
2026-07-01,SCB,,650,640,641,,,21494,13763717.3,78,,
2026-07-01,SGHC,,344.9,329,337,,,4461,1505319.4,76,,
2026-07-01,SHEL,,303,295,300,,,37575,11246980.1,200,,
2026-07-01,SHIVM,,638,624,632,,,96022,60617234.6,412,,
2026-07-01,SHL,,500,489.1,492,,,13270,6523505.6,48,,
2026-07-01,SHLB,,1507,1474,1507,,,581,866598,20,,
2026-07-01,SHPC,,500,486,496.8,,,17449,8615134.6,88,,
2026-07-01,SIFC,,540,532.1,540,,,2118,1136231,29,,
2026-07-01,SIKLES,,563,550,561.8,,,4722,2644539.2,77,,
2026-07-01,SIPD,,657.7,601.5,648.4,,,14520,9260700.4,406,,
2026-07-01,SJCL,,274.9,267,272,,,7392,2008243.6,81,,
2026-07-01,SJLIC,,426,414,425,,,5788,2442681.5,88,,
2026-07-01,SKBBL,,755,748,752,,,5173,3889047,93,,
2026-07-01,SKHEL,,1004,933,980.1,,,4859,4780902.1,123,,
2026-07-01,SKHL,,935,901.2,935,,,19269,17824474.1,285,,
2026-07-01,SLBBL,,812,799,809,,,8489,6817932.7,64,,
2026-07-01,SLBSL,,1302,1136,1302,,,4366,5165172.4,136,,
2026-07-01,SMATA,,755,735,755,,,1702,1273159,38,,
2026-07-01,SMB,,2059,1983.9,2054,,,8874,18027896.3,144,,
2026-07-01,SMFBS,,1693.3,1614,1682,,,9144,15236566.6,139,,
2026-07-01,SMH,,544.5,520,536,,,9401,5009726.3,126,,
2026-07-01,SMHL,,477.8,458.1,475,,,11823,5612955.4,108,,
2026-07-01,SMJC,,458,445,450,,,9162,4128750.6,94,,
2026-07-01,SMPDA,,809.9,772,793,,,1219,969674.3,39,,
2026-07-01,SNLI,,442,430.1,440.6,,,9044,3965665.5,172,,
2026-07-01,SNORL,,522.3,467.8,522.3,,,130,66575,13,,
2026-07-01,SOHL,,632,610,624,,,72848,45576698.1,1070,,
2026-07-01,SONA,,430,415,430,,,9964,4220221.2,208,,
2026-07-01,SOPL,,885,810.5,885,,,69314,59898539.3,2538,,
2026-07-01,SPC,,431.8,413.6,420,,,1355,566968.8,39,,
2026-07-01,SPDL,,371.9,359.9,368.6,,,21140,7730130.1,93,,
2026-07-01,SPHL,,594,548.2,577,,,25095,14377819.5,190,,
2026-07-01,SPL,,681.9,652,665,,,630,419434,14,,
2026-07-01,SRLI,,385,375.1,382,,,11926,4549005.3,151,,
2026-07-01,SSHL,,204.5,194,204.4,,,161143,32204956.6,553,,
2026-07-01,STC,,5235,5051,5235,,,2596,13189056,23,,
2026-07-01,SWASTIK,,2135,2080.1,2102,,,895,1884051,29,,
2026-07-01,SWBBL,,704.9,690,702,,,19669,13658996.6,111,,
2026-07-01,SWMF,,628,614,621.8,,,877,547314.4,23,,
2026-07-01,SYPNL,,1389,1267.3,1357,,,45120,61209743,487,,
2026-07-01,TAMOR,,446.9,435.7,446,,,12768,5675155.2,115,,
2026-07-01,TPC,,360.7,350,359.2,,,6577,2350125.8,57,,
2026-07-01,TPKHL,,655,550,618.2,,,75170,45805100,7458,,
2026-07-01,TRH,,772,766.5,770,,,1595,1227242,8,,
2026-07-01,TSHL,,448,418.1,445,,,7925,3419909.9,122,,
2026-07-01,TTL,,755,721,750,,,9017,6718963.4,252,,
2026-07-01,TVCL,,492,477,485,,,13262,6493372.8,48,,
2026-07-01,UHEWA,,610,573,590,,,19750,11632403.3,190,,
2026-07-01,ULBSL,,2805.9,2755,2805,,,292,808467,17,,
2026-07-01,ULHC,,432,416.2,432,,,10977,4649072,58,,
2026-07-01,UMHL,,584.9,570,580,,,46983,26996424.5,140,,
2026-07-01,UMRH,,524.9,517,522.9,,,6361,3306715.5,59,,
2026-07-01,UNHPL,,396,385,393,,,30215,11798223.5,117,,
2026-07-01,UNL,,46550,46500,46505,,,40,1860551,4,,
2026-07-01,UNLB,,1326.6,1288,1326.5,,,905,1184573,22,,
2026-07-01,UPCL,,354.9,336,354.9,,,43605,15148157.5,161,,
2026-07-01,UPPER,,196,181,194.5,,,66171,12855815,423,,
2026-07-01,USHEC,,500,485.5,492,,,4548,2227611.3,48,,
2026-07-01,USHL,,585.7,532.2,538.1,,,3269,1789698.7,61,,
2026-07-01,USLB,,1250,1220,1245,,,1476,1836045.6,28,,
2026-07-01,VLBS,,685.1,678,685.1,,,1706,1163023.1,69,,
2026-07-01,VLUCL,,466,423.1,451.9,,,4672,2110111.5,73,,
2026-07-01,YMHL,,718,602,689,,,53491,35496756,5323,,
2026-07-02,ACLBSL,,942.2,920,942.2,,,432,400904.3,14,,
2026-07-02,ADBL,,320,302,306.8,,,11685,3563060.3,143,,
2026-07-02,AHL,,452,435.6,447.3,,,5792,2540159.3,59,,
2026-07-02,AHPC,,271,262.1,264,,,51227,13519927.1,201,,
2026-07-02,AKJCL,,370,358.1,362,,,231421,83855223.3,562,,
2026-07-02,AKPL,,259,254.5,257.7,,,23956,6135140.7,122,,
2026-07-02,ALBSL,,1122,1040,1099.6,,,12674,13794747.5,198,,
2026-07-02,ALICL,,440,435,436.5,,,12803,5589263.2,77,,
2026-07-02,ANLB,,6673,5450,6673,,,10311,57854588.6,102,,
2026-07-02,APHL,,915,865,905,,,27833,24669863.8,905,,
2026-07-02,API,,336,331.8,333.8,,,114229,38055876.2,373,,
2026-07-02,AVYAN,,1049.9,1034,1044,,,310,323635,10,,
2026-07-02,BANDIPUR,,770,739,753,,,11214,8365501.7,257,,
2026-07-02,BARUN,,325,320,322,,,12825,4129764.1,102,,
2026-07-02,BBC,,4277,4160.3,4260,,,150,633797,13,,
2026-07-02,BEDC,,340,330.1,340,,,18690,6229242.9,121,,
2026-07-02,BFC,,524,503,524,,,78781,40472888.5,303,,
2026-07-02,BGWT,,597.9,586,586.2,,,343,201817.1,14,,
2026-07-02,BHCL,,541.9,530,534,,,22899,12260186.2,239,,
2026-07-02,BHDC,,443,434.6,442.9,,,2966,1296207.7,42,,
2026-07-02,BHL,,214,208,210,,,28827,6031314.5,182,,
2026-07-02,BHPL,,507.8,493.4,504.9,,,3220,1602436,36,,
2026-07-02,BJHL,,935,765,815.1,,,8238,6891797.2,202,,
2026-07-02,BNHC,,314.9,308,314.7,,,6063,1874488.5,64,,
2026-07-02,BNL,,14301.8,14301.8,14301.8,,,0,0,0,,
2026-07-02,BNT,,11700,11650,11700,,,30,350000,3,,
2026-07-02,BPCL,,674.7,645,659.9,,,15303,9995969.4,104,,
2026-07-02,BUNGAL,,658,636,652,,,33044,21389903.9,277,,
2026-07-02,CBBL,,922.9,907,910,,,10348,9419745.5,152,,
2026-07-02,CFCL,,619,605,617.9,,,66859,40958332.1,228,,
2026-07-02,CGH,,774,765,768.4,,,19565,15060621.5,66,,
2026-07-02,CHCL,,481.9,474,480,,,29848,14225636.9,136,,
2026-07-02,CHDC,,2150,2099,2124,,,14787,31198662.4,183,,
2026-07-02,CHL,,270.5,264.2,267.1,,,6764,1804965.5,54,,
2026-07-02,CIT,,1704,1685.1,1704,,,4129,6992633.6,109,,
2026-07-02,CITY,,406,390,401.8,,,173365,68684796.3,678,,
2026-07-02,CKHL,,609,592,609,,,375,223533,16,,
2026-07-02,CLI,,453,446.2,451,,,7338,3295890,119,,
2026-07-02,CREST,,1344,1161,1310,,,18471,21948925.2,226,,
2026-07-02,CYCL,,1503.5,1390.1,1437.9,,,1969,2799362.4,55,,
2026-07-02,CZBIL,,204,193,201.1,,,55214,10872592.9,183,,
2026-07-02,DDBL,,839.9,820.5,822.2,,,5344,4395423.6,64,,
2026-07-02,DHEL,,587.4,569.9,577.7,,,10885,6264869.4,166,,
2026-07-02,DHPL,,300.3,283.5,287.6,,,1208,350419.2,27,,
2026-07-02,DLBS,,1472,1235,1472,,,5030,6386500.5,64,,
2026-07-02,DOLTI,,353,339.5,345,,,22168,7608789.3,121,,
2026-07-02,DORDI,,257,250.1,252.5,,,7997,2015582.7,84,,
2026-07-02,EBL,,710,690.1,704,,,96493,67356149.1,238,,
2026-07-02,EHPL,,379,370,371,,,9487,3533302.8,86,,
2026-07-02,ENL,,831,801,831,,,590,476546.6,25,,
2026-07-02,FMDBL,,763.6,758,763,,,12709,9661692.2,61,,
2026-07-02,FOWAD,,979.9,963,970,,,1127,1092417.5,34,,
2026-07-02,GBIME,,250,233,249,,,364120,88573980.5,674,,
2026-07-02,GBLBS,,750,737.1,750,,,1791,1335041.1,37,,
2026-07-02,GCIL,,357,350,354.9,,,15266,5391606.1,135,,
2026-07-02,GFCL,,639,626.3,631.6,,,7906,4975030.5,42,,
2026-07-02,GHL,,223,219,223,,,13820,3044080.5,68,,
2026-07-02,GILB,,1094,1062.2,1070.1,,,1289,1379986.9,23,,
2026-07-02,GLBSL,,1843,1788.2,1835.8,,,539,976835.2,18,,
2026-07-02,GLH,,257,252.1,254.8,,,6509,1646804.3,61,,
2026-07-02,GMFBS,,1252,1185.1,1252,,,705,857849,23,,
2026-07-02,GMFIL,,470.4,441,469,,,8739,4039407.9,62,,
2026-07-02,GMLI,,1210,1151,1180,,,563,658140.5,31,,
2026-07-02,GUFL,,562.9,546.2,558,,,8092,4474040.6,75,,
2026-07-02,GVL,,475,470.1,475,,,5508,2603116.7,63,,
2026-07-02,HATHY,,715,695,705,,,2817,1968590.5,62,,
2026-07-02,HBL,,223,194,200,,,48210,9519366,653,,
2026-07-02,HDHPC,,209,205,207.5,,,90283,18626006.2,271,,
2026-07-02,HDL,,1150,1139,1150,,,16574,18965185.7,284,,
2026-07-02,HFIN,,745,722,735,,,14536,10646889,382,,
2026-07-02,HHL,,349.6,333,339.8,,,11457,3846482,69,,
2026-07-02,HIDCL,,256,250,255.5,,,53596,13541255.8,199,,
2026-07-02,HIMSTAR,,816,761.2,780,,,5357,4134852,100,,
2026-07-02,HLBSL,,887.9,840,887.9,,,2262,1928328.4,43,,
2026-07-02,HLI,,331,321,326.6,,,26346,8543978,209,,
2026-07-02,HPPL,,366,358.4,363.8,,,9926,3571329.1,60,,
2026-07-02,HRL,,594,578.1,584,,,32398,18862041,415,,
2026-07-02,HURJA,,238.7,230.3,234.2,,,31435,7321050.8,105,,
2026-07-02,ICFC,,618,610,615,,,2927,1788611,30,,
2026-07-02,IHL,,374,364,373.5,,,3021,1115327.5,43,,
2026-07-02,ILBS,,900,873.2,896.8,,,1391,1221013.3,30,,
2026-07-02,ILI,,430.6,418.5,421,,,4849,2035493,134,,
2026-07-02,JBLB,,1258,1240,1253,,,2293,2867338.5,75,,
2026-07-02,JFL,,401,394,396,,,3236,1283678,33,,
2026-07-02,JHAPA,,1339,1203.1,1268.9,,,10147,12716913.4,197,,
2026-07-02,JOSHI,,275,261.5,269.1,,,7924,2131751.4,53,,
2026-07-02,JSLBB,,1019,986,1019,,,408,404936,13,,
2026-07-02,KAHL,,339.7,295.4,339.7,,,200,66189,20,,
2026-07-02,KBL,,215.5,207,215.3,,,220816,46675627.8,562,,
2026-07-02,KBSH,,1431.7,1370,1410,,,181,250443,9,,
2026-07-02,KDL,,775,760,775,,,1010,775913,31,,
2026-07-02,KHPL,,884,847,862,,,12345,10538424.6,229,,
2026-07-02,KKHC,,284,254.1,258,,,36977,9604034.8,189,,
2026-07-02,KMCDB,,832.9,795.1,815.5,,,2168,1734089.2,34,,
2026-07-02,KPCL,,477,470,471.5,,,3912,1843288.5,39,,
2026-07-02,LEC,,215.4,210.5,212,,,25040,5315129.1,104,,
2026-07-02,LICN,,838.9,788.5,799,,,7799,6171576.6,54,,
2026-07-02,LLBS,,920,900.1,920,,,1075,973408.5,19,,
2026-07-02,LSL,,223,211.5,222,,,1917570,413224661.9,347,,
2026-07-02,MABEL,,659,630,654.8,,,8415,5398202.4,143,,
2026-07-02,MAKAR,,479.4,465.7,473.1,,,321,152949.3,13,,
2026-07-02,MANDU,,820,766,820,,,1230,994957,31,,
2026-07-02,MATRI,,862,840,862,,,1414,1196413.7,37,,
2026-07-02,MBJC,,275,273.1,275,,,4623,1267153,101,,
2026-07-02,MBL,,252.9,240,249.8,,,82504,20054659.5,173,,
2026-07-02,MCHL,,305.9,300,304.8,,,1466,442836,30,,
2026-07-02,MEHL,,334.5,325.2,332,,,456,149395.6,25,,
2026-07-02,MEL,,225,219.5,220.1,,,11142,2458307.3,106,,
2026-07-02,MEN,,582.5,570,575,,,63345,36321921.5,328,,
2026-07-02,MERO,,709.1,697,707.8,,,2306,1627740.6,18,,
2026-07-02,MFIL,,802,755,774,,,18220,13995640.1,75,,
2026-07-02,MHCL,,337.9,331.2,333,,,1017,340428.7,26,,
2026-07-02,MHL,,478.8,467,476,,,3480,1649803,26,,
2026-07-02,MHNL,,245.6,238,245.6,,,18888,4520783.7,188,,
2026-07-02,MKCL,,1118.9,1088,1088,,,650,712637.2,28,,
2026-07-02,MKHC,,304,298.1,301.5,,,8357,2516254,53,,
2026-07-02,MKHL,,498,469,479,,,3726,1804259.1,44,,
2026-07-02,MKJC,,460,451,456.1,,,1718,782932.1,33,,
2026-07-02,MLBBL,,1152,1124.6,1150,,,684,777948.6,21,,
2026-07-02,MLBS,,1168,1135.1,1166,,,530,613611,12,,
2026-07-02,MLBSL,,1740,1700,1740,,,550,936984.5,20,,
2026-07-02,MMKJL,,477,470.1,477,,,1507,709025.7,17,,
2026-07-02,MPFL,,613.5,600,612,,,3924,2392031.7,36,,
2026-07-02,MSHL,,626,608.1,619.8,,,370,226413.6,17,,
2026-07-02,MSLB,,1250,1215,1240,,,454,561426,21,,
2026-07-02,NABIL,,545.2,512,541,,,231443,121567900.95,1049,,
2026-07-02,NADEP,,735,716,725,,,777,558876.5,15,,
2026-07-02,NBL,,270,261.6,270,,,59762,15864766.4,198,,
2026-07-02,NESDO,,1545,1520,1545,,,170,259013,9,,
2026-07-02,NFS,,584,578,583,,,5796,3378061.6,25,,
2026-07-02,NGPL,,412,406,411.8,,,50388,20586011.5,184,,
2026-07-02,NHDL,,646,635,641,,,5658,3634645.5,36,,
2026-07-02,NHPC,,268,260,264.7,,,105470,27625872.5,362,,
2026-07-02,NICA,,345,331,344,,,45178,15218371.9,202,,
2026-07-02,NICLBSL,,558,548,552,,,2646,1459420,43,,
2026-07-02,NIFRA,,255,250.1,254,,,25838,6500317.4,243,,
2026-07-02,NIMB,,200,188.8,197.9,,,122748,23837848.5,328,,
2026-07-02,NLIC,,782.2,740,744,,,19400,14388074.9,154,,
2026-07-02,NLICL,,599,560,594.3,,,8212,4768621.9,67,,
2026-07-02,NLO,,269.4,269.4,269.4,,,0,0,0,,
2026-07-02,NMB,,241,236,241,,,38113,9083872.9,152,,
2026-07-02,NMBMF,,626.9,610,626.9,,,1543,946644.5,20,,
2026-07-02,NMFBS,,1120,1112,1116,,,2569,2863346.2,23,,
2026-07-02,NMLBBL,,552,541,552,,,6560,3586954.4,59,,
2026-07-02,NRIC,,955,935,939,,,10924,10272314.2,160,,
2026-07-02,NRM,,332.8,322.1,330,,,6301,2067641.5,60,,
2026-07-02,NRN,,1433,1400,1419.9,,,37733,53415144.1,212,,
2026-07-02,NTC,,850,848,849,,,5018,4258158.4,98,,
2026-07-02,NUBL,,629,615.2,624,,,3517,2177280.8,46,,
2026-07-02,NWCL,,740,723.4,730,,,360,262660,13,,
2026-07-02,NYADI,,387.9,376.1,381.5,,,720,275083,22,,
2026-07-02,OHL,,682,678,680,,,245,166694,7,,
2026-07-02,OMPL,,1025,995,1010,,,1043,1050348.9,61,,
2026-07-02,PCBL,,237,232.1,236.4,,,30982,7274212.5,117,,
2026-07-02,PCIL,,671,634.7,661,,,33466,22082898.8,715,,
2026-07-02,PFL,,364.9,351.6,364.9,,,3357,1204198.2,35,,
2026-07-02,PHCL,,303,295.7,299.9,,,26756,7979594.8,138,,
2026-07-02,PMHPL,,326.5,315,326.5,,,4482,1433245.9,33,,
2026-07-02,PMLI,,457,443.3,455,,,5021,2239206.1,96,,
2026-07-02,PPCL,,376.9,340,347,,,14226,4913901.1,102,,
2026-07-02,PPL,,338.9,318.3,337,,,20382,6823022.8,91,,
2026-07-02,PROFL,,439.5,430.2,439.5,,,5616,2425892.8,41,,
2026-07-02,PRVU,,197,189.5,197,,,141263,27244352.7,395,,
2026-07-02,PURE,,843.9,825,840.3,,,1130,944625,32,,
2026-07-02,RADHI,,725,702,720,,,29147,20826936.1,134,,
2026-07-02,RAWA,,451,439,446,,,15623,6910705.3,117,,
2026-07-02,RFPL,,350,340.2,343,,,24102,8238006.4,94,,
2026-07-02,RHGCL,,274.9,267.1,273,,,13359,3608131,76,,
2026-07-02,RHPL,,262,260.1,261.9,,,5280,1376814.5,47,,
2026-07-02,RIDI,,336,329,333.6,,,72024,23856084.6,263,,
2026-07-02,RLEL,,864.5,845,858,,,4228,3596899.3,141,,
2026-07-02,RLFL,,473.9,456,469.7,,,45907,21195934.7,226,,
2026-07-02,RNLI,,452.9,447,449,,,5246,2355153.5,140,,
2026-07-02,RSDC,,664,631.3,652,,,2719,1734435.6,38,,
2026-07-02,RSML,,3274,3151,3274,,,79286,252920144.4,848,,
2026-07-02,RURU,,660,607.1,644.9,,,5276,3391307.5,42,,
2026-07-02,SAGAR,,1587.1,1529.5,1541.1,,,1813,2796311.1,62,,
2026-07-02,SAHAS,,682.5,639.3,642,,,122806,80232006.2,514,,
2026-07-02,SAIL,,930,891.3,918.9,,,9359,8455495,191,,
2026-07-02,SANIMA,,359.9,351.5,357,,,25904,9144062.9,126,,
2026-07-02,SANVI,,633.9,620,633,,,4798,3007802.6,92,,
2026-07-02,SARBTM,,810,805.1,808.8,,,2378,1917866.9,32,,
2026-07-02,SBI,,393.9,384.1,392.2,,,1984,769822.7,43,,
2026-07-02,SBL,,393.9,386.8,393.8,,,47940,18664464.8,127,,
2026-07-02,SCB,,649.8,640.4,647,,,13552,8729033,61,,
2026-07-02,SGHC,,356,336,338,,,8417,2863511.2,74,,
2026-07-02,SGHL,,344.1,299.3,344.1,,,410,139313,41,,
2026-07-02,SHEL,,304,296,299,,,47708,14233842.5,169,,
2026-07-02,SHIVM,,640,625.2,632,,,52384,32966692,317,,
2026-07-02,SHL,,505,487.5,493,,,6333,3109101.2,42,,
2026-07-02,SHLB,,1550,1461.8,1550,,,345,517699,16,,
2026-07-02,SHPC,,502.9,493.1,495,,,16601,8217876.3,83,,
2026-07-02,SIFC,,538,527.9,537,,,1125,597670.5,14,,
2026-07-02,SIKLES,,561.9,555,561.8,,,4491,2508855.8,47,,
2026-07-02,SIPD,,648,624,640,,,3860,2435950,251,,
2026-07-02,SJCL,,271.8,267,271.8,,,14454,3886907.8,51,,
2026-07-02,SJLIC,,430,418.6,424.8,,,8089,3407967.4,95,,
2026-07-02,SKBBL,,758,748,752.9,,,13105,9877194.9,85,,
2026-07-02,SKHEL,,1009.5,970,985,,,4181,4098014.9,102,,
2026-07-02,SKHL,,981.7,915,920.9,,,7336,6770358.6,221,,
2026-07-02,SLBBL,,808,792.2,808,,,8632,6872971.6,74,,
2026-07-02,SLBSL,,1236.9,1169.1,1200,,,2007,2389490.5,38,,
2026-07-02,SMATA,,760,743,753,,,944,707901.5,37,,
2026-07-02,SMB,,2070,1990.2,2008,,,9043,18269904.6,113,,
2026-07-02,SMFBS,,1682,1640,1670,,,6190,10221427.9,62,,
2026-07-02,SMH,,544,524,531,,,5724,3029687.1,82,,
2026-07-02,SMHL,,475,466.1,473.8,,,9989,4702753.5,92,,
2026-07-02,SMJC,,472.4,442.4,453,,,13738,6152870.5,88,,
2026-07-02,SMPDA,,840,789,801,,,1018,811758,33,,
2026-07-02,SNLI,,440.8,437.1,438.3,,,9847,4318430.1,136,,
2026-07-02,SNORL,,600.6,537.9,600.6,,,180,106586,18,,
2026-07-02,SOHL,,636,610.1,617.8,,,19463,11973363.6,774,,
2026-07-02,SONA,,451.5,422,425.2,,,5112,2169010.5,116,,
2026-07-02,SOPL,,896.1,851,865,,,48210,41709152.4,1782,,
2026-07-02,SPC,,424,407.4,417,,,1139,468118.4,34,,
2026-07-02,SPDL,,387,360.5,368,,,8083,2954643,44,,
2026-07-02,SPHL,,576,560,570,,,5667,3188052,48,,
2026-07-02,SPL,,675,650,668,,,924,607365.5,16,,
2026-07-02,SRLI,,380.5,377.7,380.4,,,8507,3221906.9,134,,
2026-07-02,SSHL,,205.8,198.5,201.1,,,81816,16376484.8,301,,
2026-07-02,STC,,5239,5100,5179.9,,,1250,6392650.2,29,,
2026-07-02,SWASTIK,,2063.5,2040,2040,,,1241,2540577,50,,
2026-07-02,SWBBL,,697.9,685,697.8,,,13743,9448678.5,125,,
2026-07-02,SWMF,,628,611.4,628,,,1581,973435.1,24,,
2026-07-02,SYPNL,,1397,1289.2,1355,,,14413,19498716.7,342,,
2026-07-02,TAMOR,,446,442.2,444,,,20600,9147887,94,,
2026-07-02,TPC,,365,355,360,,,1178,420278,19,,
2026-07-02,TPKHL,,640,590,596.6,,,41840,25099760,4038,,
2026-07-02,TRH,,770,770,770,,,0,0,0,,
2026-07-02,TSHL,,435.1,428.1,435.1,,,2126,918276,32,,
2026-07-02,TTL,,750,739,750,,,4615,3435666,125,,
2026-07-02,TVCL,,494.8,479.5,494.8,,,4235,2078633.4,42,,
2026-07-02,UHEWA,,619,573,587,,,26170,15118225.1,168,,
2026-07-02,ULBSL,,2800,2725,2798,,,210,581631,15,,
2026-07-02,ULHC,,496.8,407.7,496.8,,,31541,13368354.7,149,,
2026-07-02,UMHL,,583,570,577.2,,,14624,8356696.3,86,,
2026-07-02,UMRH,,522,517,517.8,,,8505,4409837.7,74,,
2026-07-02,UNHPL,,396,387,388,,,8405,3272064.7,50,,
2026-07-02,UNL,,46505,46505,46505,,,0,0,0,,
2026-07-02,UNLB,,1324.9,1287,1324.9,,,453,586171,15,,
2026-07-02,UPCL,,372.6,341.8,372.6,,,74910,26823764.1,226,,
2026-07-02,UPPER,,196,192.2,194,,,41920,8120890.2,318,,
2026-07-02,USHEC,,500,485.6,500,,,3544,1732477,47,,
2026-07-02,USHL,,565,530,534.1,,,3840,2075557.2,53,,
2026-07-02,USLB,,1240,1215,1230,,,1053,1286940.4,27,,
2026-07-02,VLBS,,699.8,676.1,696,,,2609,1794848.3,84,,
2026-07-02,VLUCL,,451,443,448,,,409,182755,16,,
2026-07-02,YMHL,,715,651,663.2,,,35070,23173890,3274,,
2026-07-03,ACLBSL,,942.9,916,925,,,512,477462.8,20,,
2026-07-03,ADBL,,310,304,307,,,10218,3127809.5,126,,
2026-07-03,AHL,,453.7,435.5,437,,,2107,929158.4,46,,
2026-07-03,AHPC,,267,263,264,,,87859,23284341.2,257,,
2026-07-03,AKJCL,,364.2,356,358,,,230860,83048904.4,538,,
2026-07-03,AKPL,,259.8,255,256.1,,,26934,6905511.3,133,,
2026-07-03,ALBSL,,1158,1065,1098,,,9852,10686622.2,221,,
2026-07-03,ALICL,,439,435,437.1,,,24533,10720052.6,117,,
2026-07-03,ANLB,,7006.6,7006.6,7006.6,,,10,70066,1,,
2026-07-03,APHL,,954.8,859.8,898,,,25254,22694076.7,782,,
2026-07-03,API,,335.9,332.5,334.9,,,139836,46725557,435,,
2026-07-03,AVYAN,,1096,1059,1067,,,4295,4624022,92,,
2026-07-03,BANDIPUR,,756,745.1,746,,,12987,9746860.5,289,,
2026-07-03,BARUN,,324.9,321.5,323.5,,,12129,3923839.4,95,,
2026-07-03,BBC,,4298.9,4201,4286,,,127,541756.5,12,,
2026-07-03,BEDC,,340,333,334,,,21770,7313873,126,,
2026-07-03,BFC,,537.9,497.8,535,,,187575,100092721.5,790,,
2026-07-03,BGWT,,585.4,559,559,,,4345,2485286.5,72,,
2026-07-03,BHCL,,540,525,526.2,,,53824,28633300.7,366,,
2026-07-03,BHDC,,444.9,436,443,,,6224,2751451.9,58,,
2026-07-03,BHL,,213.3,208.1,210,,,49877,10500664.5,256,,
2026-07-03,BHPL,,512.8,495,498,,,4400,2192315.9,48,,
2026-07-03,BJHL,,840,775,832,,,7754,6351204.6,139,,
2026-07-03,BNHC,,314,306.2,311,,,9307,2881028.3,74,,
2026-07-03,BNL,,14301.8,14301.8,14301.8,,,0,0,0,,
2026-07-03,BNT,,11600.1,11510.2,11600.1,,,40,463105,2,,
2026-07-03,BPCL,,692.8,646.4,665,,,18917,12347192.3,134,,
2026-07-03,BUNGAL,,669.7,652,665.1,,,33322,22149801.7,251,,
2026-07-03,CBBL,,918.7,912,917.8,,,16357,14989930.2,159,,
2026-07-03,CFCL,,633,612.8,620,,,143035,89508121.2,522,,
2026-07-03,CGH,,778,770,772.2,,,7038,5442221.4,60,,
2026-07-03,CHCL,,483.9,478,482,,,8055,3884457.5,103,,
2026-07-03,CHDC,,2139,2080,2110,,,33496,70591169.5,242,,
2026-07-03,CHL,,273.8,265,267,,,5273,1407473.5,40,,
2026-07-03,CIT,,1709,1700,1700,,,3365,5724759.9,104,,
2026-07-03,CITY,,404.9,390,392.5,,,137190,54025562.5,558,,
2026-07-03,CKHL,,622,590,600,,,336,202901,16,,
2026-07-03,CLI,,452,445.3,448.9,,,6174,2772898.9,133,,
2026-07-03,CREST,,1345,1137,1244.9,,,14906,18386351.2,197,,
2026-07-03,CYCL,,1430,1400,1430,,,1236,1738587.2,41,,
2026-07-03,CZBIL,,210,197,199,,,21922,4363939.4,117,,
2026-07-03,DDBL,,834,826,830,,,4198,3479927.2,57,,
2026-07-03,DHEL,,607,570.1,594,,,17508,10350465,286,,
2026-07-03,DHPL,,300,282,286,,,2875,818047.3,37,,
2026-07-03,DLBS,,1398.4,1251.6,1307,,,2110,2723495,71,,
2026-07-03,DOLTI,,347.8,336.2,339.9,,,15371,5251055.6,123,,
2026-07-03,DORDI,,257,252,252,,,15560,3955465.5,112,,
2026-07-03,EBL,,709,700,700,,,14095,9905065.6,172,,
2026-07-03,EHPL,,379,369.2,369.2,,,16268,6044013.6,122,,
2026-07-03,ENL,,845,820,838,,,465,381932.5,11,,
2026-07-03,FMDBL,,770,757,761,,,8871,6776184.6,74,,
2026-07-03,FOWAD,,990.1,970,990,,,649,637545.2,18,,
2026-07-03,GBIME,,249,239.8,243,,,324953,79149188.2,497,,
2026-07-03,GBLBS,,772.5,746.3,759,,,1615,1214161.9,42,,
2026-07-03,GCIL,,359,337.2,355,,,10360,3682036.2,164,,
2026-07-03,GFCL,,635,623,627,,,13123,8244589.8,71,,
2026-07-03,GHL,,227,222.1,223,,,19747,4413710.9,67,,
2026-07-03,GILB,,1123.9,1091.1,1119,,,3452,3867833.9,52,,
2026-07-03,GLBSL,,1821,1803,1803,,,348,630961.1,17,,
2026-07-03,GLH,,256.8,252.2,253.9,,,10118,2571274,76,,
2026-07-03,GMFBS,,1240,1216,1235,,,526,644132.9,17,,
2026-07-03,GMFIL,,478.9,467.6,468,,,20807,9805375.4,94,,
2026-07-03,GMLI,,1189.5,1155,1180,,,814,947305,19,,
2026-07-03,GUFL,,563,553,557,,,7420,4141800,61,,
2026-07-03,GVL,,480,473.2,476.9,,,3925,1870517.7,69,,
2026-07-03,HATHY,,714.8,700,701,,,4617,3252458.3,54,,
2026-07-03,HBL,,200,197,198.3,,,26139,5191095.8,410,,
2026-07-03,HDHPC,,209.9,197.2,206.3,,,84162,17530835.9,278,,
2026-07-03,HDL,,1160,1150,1153,,,20232,23338443.6,195,,
2026-07-03,HFIN,,771.7,723.1,727,,,24307,17815961,426,,
2026-07-03,HHL,,340.5,334,338,,,10272,3477657.8,79,,
2026-07-03,HIDCL,,256,252,253,,,36904,9354264.3,195,,
2026-07-03,HIMSTAR,,798,758,773,,,3050,2333902.5,79,,
2026-07-03,HLBSL,,883.5,860,869,,,1733,1491070.9,15,,
2026-07-03,HLI,,328.7,324,324,,,18804,6125771.6,219,,
2026-07-03,HPPL,,367,359.2,362.9,,,11019,3992306.7,79,,
2026-07-03,HRL,,592.9,570,583,,,27782,16158511.8,402,,
2026-07-03,HURJA,,236,233,233.3,,,22810,5340208.2,103,,
2026-07-03,ICFC,,629,615,615,,,11779,7282799,61,,
2026-07-03,IHL,,379.8,370,373,,,5349,2001482,72,,
2026-07-03,ILBS,,899,875.9,886.3,,,467,415385,17,,
2026-07-03,ILI,,429,417,422,,,4982,2110605.5,181,,
2026-07-03,JBLB,,1260,1240,1245,,,6043,7574092.1,108,,
2026-07-03,JFL,,407.7,398.5,398.5,,,2478,995961.1,27,,
2026-07-03,JHAPA,,1324,1220,1269,,,10537,13569376.1,131,,
2026-07-03,JOSHI,,270.5,265,267.1,,,5599,1504675.2,45,,
2026-07-03,JSLBB,,1020,991,1016,,,238,240227.1,7,,
2026-07-03,KAHL,,390.6,349.8,390.6,,,150,57597,15,,
2026-07-03,KBL,,226,211,214.9,,,193594,41707129,619,,
2026-07-03,KBSH,,1449.9,1304,1405,,,1133,1521425.8,42,,
2026-07-03,KDL,,774,760.1,770,,,1320,1017333.5,23,,
2026-07-03,KHPL,,905.1,853.7,865,,,15475,13425878.6,188,,
2026-07-03,KKHC,,296.2,246,288,,,194041,51270039.2,535,,
2026-07-03,KMCDB,,819,800,815,,,1864,1514487.2,34,,
2026-07-03,KPCL,,474.9,470,472.8,,,4638,2189869.1,46,,
2026-07-03,LEC,,222.6,210.2,211,,,41787,8884567,149,,
2026-07-03,LICN,,838,787.7,790,,,10271,8135361.5,65,,
2026-07-03,LLBS,,942,894.1,942,,,573,527404,14,,
2026-07-03,LSL,,230,219.5,221,,,292521,64690227.6,297,,
2026-07-03,MABEL,,659.9,603.9,640,,,5973,3866283.8,111,,
2026-07-03,MAKAR,,505,466.1,479,,,4529,2200491.8,38,,
2026-07-03,MANDU,,811,806.5,811,,,410,331567,16,,
2026-07-03,MATRI,,899.9,865,888,,,2884,2551803.7,72,,
2026-07-03,MBJC,,277,270.5,275.1,,,9993,2743315.7,139,,
2026-07-03,MBL,,257,247.7,247.7,,,85765,21427633.1,151,,
2026-07-03,MCHL,,304,296,296,,,3468,1033258.1,49,,
2026-07-03,MEHL,,339,326.1,327,,,2740,900529,33,,
2026-07-03,MEL,,222,218,218,,,27636,6074849.3,176,,
2026-07-03,MEN,,580,571.3,574,,,44432,25551935.2,265,,
2026-07-03,MERO,,709,691.3,705,,,5810,4054900.1,60,,
2026-07-03,MFIL,,782.9,736,774,,,54721,42449098.4,127,,
2026-07-03,MHCL,,335,326.5,326.5,,,3413,1124921.7,51,,
2026-07-03,MHL,,478.9,466.4,476.8,,,9499,4461786.8,40,,
2026-07-03,MHNL,,244,235,241,,,19546,4678095.4,104,,
2026-07-03,MKCL,,1101,1076,1097.9,,,2106,2295011.6,34,,
2026-07-03,MKHC,,304,298.1,299,,,9706,2916369.5,71,,
2026-07-03,MKHL,,504.7,475.1,504.7,,,7838,3828093,60,,
2026-07-03,MKJC,,466,456,461,,,3103,1431374.6,36,,
2026-07-03,MLBBL,,1151,1135.6,1150,,,372,425293.6,11,,
2026-07-03,MLBS,,1197.7,1170,1189.9,,,923,1085231.7,17,,
2026-07-03,MLBSL,,1740,1705.2,1712,,,57,97846,5,,
2026-07-03,MMKJL,,489,470.1,470.3,,,1905,909963.5,33,,
2026-07-03,MPFL,,620,602,619,,,8351,5146359,71,,
2026-07-03,MSHL,,619.5,601.5,604,,,409,248018.2,15,,
2026-07-03,MSLB,,1250,1225.1,1235,,,1211,1494633,23,,
2026-07-03,NABIL,,541,519,530,,,114343,60975242,647,,
2026-07-03,NADEP,,721.3,720,721.3,,,391,281565,12,,
2026-07-03,NBL,,270,266.6,267.7,,,16153,4319478.3,109,,
2026-07-03,NESDO,,1549.9,1520,1525,,,1898,2902128.8,26,,
2026-07-03,NFS,,670,575,670,,,74156,43583226.2,350,,
2026-07-03,NGPL,,417,410,412.2,,,94433,39059077.6,237,,
2026-07-03,NHDL,,641.3,622.8,637,,,2589,1642117.6,27,,
2026-07-03,NHPC,,270,261,261.9,,,84513,22326508.1,307,,
2026-07-03,NICA,,344,335.1,335.1,,,32743,11096763.9,171,,
2026-07-03,NICLBSL,,558,550,554,,,6482,3580238.4,72,,
2026-07-03,NIFRA,,254.7,249.1,249.2,,,56485,14184773.1,362,,
2026-07-03,NIMB,,205,194,195.9,,,94278,18522291.6,315,,
2026-07-03,NLIC,,781,735,744.5,,,17656,13156957.6,179,,
2026-07-03,NLICL,,612,572.6,573,,,18259,10738834,91,,
2026-07-03,NLO,,269.4,269.4,269.4,,,0,0,0,,
2026-07-03,NMB,,241.9,239.2,239.2,,,27440,6598456.3,146,,
2026-07-03,NMBMF,,620,610,617,,,1248,769095,15,,
2026-07-03,NMFBS,,1125,1115,1116,,,4895,5466522.5,50,,
2026-07-03,NMLBBL,,553,540,552,,,7023,3822836.8,52,,
2026-07-03,NRIC,,954.9,935.5,940,,,40862,38655922.3,217,,
2026-07-03,NRM,,339,325,335,,,8736,2916634.5,106,,
2026-07-03,NRN,,1447,1406,1433,,,122303,175501932.8,527,,
2026-07-03,NTC,,849.9,844,846,,,7001,5928603.5,150,,
2026-07-03,NUBL,,627,618.2,626,,,2493,1546810.9,35,,
2026-07-03,NWCL,,730,723,727.1,,,1504,1094773,20,,
2026-07-03,NYADI,,390,378.2,378.2,,,11494,4434921.7,83,,
2026-07-03,OHL,,697,680.1,680.1,,,3742,2564236.9,23,,
2026-07-03,OMPL,,1025,997,997.1,,,3267,3272937.4,72,,
2026-07-03,PCBL,,238.5,233,236,,,58482,13837533.1,168,,
2026-07-03,PCIL,,664.9,651,654,,,20256,13304462.4,639,,
2026-07-03,PFL,,365,360,360,,,8158,2949477.9,49,,
2026-07-03,PHCL,,303,297,298.9,,,42156,12626998.3,201,,
2026-07-03,PMHPL,,327,318,325.9,,,4824,1558132.1,41,,
2026-07-03,PMLI,,468,445.1,450,,,5531,2477946.6,79,,
2026-07-03,PPCL,,363.9,340,347.8,,,22279,7619293.5,102,,
2026-07-03,PPL,,336.6,330,335,,,14720,4929438.5,92,,
2026-07-03,PROFL,,446.9,431,440,,,11845,5214129.3,68,,
2026-07-03,PRVU,,205,193.8,194.4,,,96361,18822015.2,388,,
2026-07-03,PURE,,845,825,826,,,2856,2374385,71,,
2026-07-03,RADHI,,733,712,720,,,44335,31949840,135,,
2026-07-03,RAWA,,451.2,440,444.9,,,15448,6865218.6,145,,
2026-07-03,RFPL,,347,335.1,343.1,,,15850,5449997.9,79,,
2026-07-03,RHGCL,,275.5,267.5,272,,,9099,2478732.6,78,,
2026-07-03,RHPL,,264.5,259,264,,,3399,891304.3,50,,
2026-07-03,RIDI,,336.3,330.3,331,,,106358,35486003.1,270,,
2026-07-03,RLEL,,869.1,839,860,,,7183,6197531,147,,
2026-07-03,RLFL,,482,465.6,474.9,,,71755,33975040.7,299,,
2026-07-03,RNLI,,453.3,446,452,,,4195,1892322.7,188,,
2026-07-03,RSDC,,670,635.2,658,,,4700,3013947.8,58,,
2026-07-03,RSML,,3437,3150,3200,,,21379,67887158.4,452,,
2026-07-03,RURU,,649,640.1,641.2,,,4841,3113364.8,29,,
2026-07-03,SAGAR,,1599.8,1540,1599.8,,,7327,11465463.1,139,,
2026-07-03,SAHAS,,649.8,640,645,,,67212,43378763.4,359,,
2026-07-03,SAIL,,924.9,900,905.3,,,13555,12340382.7,165,,
2026-07-03,SANIMA,,361,356,357,,,99362,35619977.7,230,,
2026-07-03,SANVI,,635,617,635,,,6005,3774442.4,115,,
2026-07-03,SARBTM,,817.9,804,804,,,5595,4511930.4,60,,
2026-07-03,SBI,,400,385,393.9,,,142560,55193099.5,103,,
2026-07-03,SBL,,395.9,388,390.1,,,151305,59148693.4,201,,
2026-07-03,SCB,,650,645,648,,,6192,4011149.8,70,,
2026-07-03,SGHC,,354.1,337.8,342.9,,,8016,2725053.2,79,,
2026-07-03,SGHL,,395.7,359.5,395.7,,,230,89858,23,,
2026-07-03,SHEL,,302.9,299.3,301.9,,,42721,12864993.3,198,,
2026-07-03,SHIVM,,640,626.3,627.1,,,109957,69298015.2,442,,
2026-07-03,SHL,,498,485,491.2,,,7613,3741279.1,40,,
2026-07-03,SHLB,,1544,1438,1488,,,267,392792.5,16,,
2026-07-03,SHPC,,504,493,495,,,26410,13081566.7,84,,
2026-07-03,SIFC,,542,533.1,535,,,14480,7748242.8,29,,
2026-07-03,SIKLES,,564.6,554.1,557,,,4499,2523801.7,51,,
2026-07-03,SIPD,,644,621,630,,,5312,3370657,225,,
2026-07-03,SJCL,,273,268,272,,,34152,9224088.6,144,,
2026-07-03,SJLIC,,425,418,420.5,,,5891,2479488,96,,
2026-07-03,SKBBL,,755.9,749,751,,,16576,12484493.6,127,,
2026-07-03,SKHEL,,1005,980,989.9,,,5605,5576727.8,131,,
2026-07-03,SKHL,,930,910.1,930,,,13126,12054691.6,247,,
2026-07-03,SLBBL,,818,800,805,,,3167,2549023.7,37,,
2026-07-03,SLBSL,,1230.6,1143,1143,,,10001,11645157.9,118,,
2026-07-03,SMATA,,760,749,749,,,2391,1801089.1,43,,
2026-07-03,SMB,,2008,1963.4,1970,,,3231,6417772.7,73,,
2026-07-03,SMFBS,,1688,1625,1651.1,,,8375,13866412.3,64,,
2026-07-03,SMH,,542.4,531,531,,,7404,3981854,78,,
2026-07-03,SMHL,,475,469.1,472,,,15617,7372018.4,89,,
2026-07-03,SMJC,,455,439.5,455,,,30998,13873870.2,138,,
2026-07-03,SMPDA,,812,785,795,,,1212,968560.1,36,,
2026-07-03,SNLI,,445,435.2,439,,,11316,4994756,145,,
2026-07-03,SNORL,,690.6,618.6,690.6,,,920,633605,92,,
2026-07-03,SOHL,,621,610,610,,,43111,26519826.2,880,,
2026-07-03,SONA,,431,422,423,,,15593,6637194.5,145,,
2026-07-03,SOPL,,900,857.1,881,,,57306,50404723.3,1691,,
2026-07-03,SPC,,420.1,410,416,,,4014,1676835.5,46,,
2026-07-03,SPDL,,400,365,372,,,47415,18126159.8,144,,
2026-07-03,SPHL,,586,555,573,,,11542,6567217,58,,
2026-07-03,SPL,,664,652,662,,,1996,1312033.5,21,,
2026-07-03,SRLI,,386.5,379.1,381.1,,,8865,3385819.7,146,,
2026-07-03,SSHL,,203.9,199.1,200,,,102291,20496954.1,318,,
2026-07-03,STC,,5174,5100,5170,,,2478,12646606.8,28,,
2026-07-03,SWASTIK,,2097,2030,2060,,,438,907167.5,26,,
2026-07-03,SWBBL,,705.9,684.2,684.2,,,16081,11073789.9,140,,
2026-07-03,SWMF,,627,617,627,,,2469,1530074.7,32,,
2026-07-03,SYPNL,,1375,1345,1359,,,27554,37493389,373,,
2026-07-03,TAMOR,,450,440.5,440.5,,,24496,10876075.6,133,,
2026-07-03,TPC,,364.8,355,355,,,8174,2915882.9,64,,
2026-07-03,TPKHL,,602,566.8,584,,,44285,26140019.9,3378,,
2026-07-03,TRH,,783,770,783,,,465,360578,10,,
2026-07-03,TSHL,,461,423,457,,,4108,1847600,59,,
2026-07-03,TTL,,765,742,750.2,,,13586,10324366.9,240,,
2026-07-03,TVCL,,495,482.2,485.1,,,3115,1527560.9,19,,
2026-07-03,UHEWA,,591.9,575,580,,,33789,19579576.9,171,,
2026-07-03,ULBSL,,3100,2710,3100,,,2201,6123998,71,,
2026-07-03,ULHC,,497,422.6,429,,,99792,42265478.8,416,,
2026-07-03,UMHL,,588,569.2,585,,,54077,31032329.4,164,,
2026-07-03,UMRH,,527.7,518,521.5,,,5524,2872284.5,62,,
2026-07-03,UNHPL,,395,386.1,392.9,,,14430,5641002.2,112,,
2026-07-03,UNL,,47000,46600,46600,,,100,4688050,10,,
2026-07-03,UNLB,,1324.9,1261.9,1319,,,4470,5700153.8,41,,
2026-07-03,UPCL,,364,354,355,,,140909,50440638.1,248,,
2026-07-03,UPPER,,195.9,193,194,,,57257,11110340,341,,
2026-07-03,USHEC,,501,490,498,,,3809,1901024,50,,
2026-07-03,USHL,,560.7,527.6,531,,,4787,2555540.6,97,,
2026-07-03,USLB,,1240,1201,1237,,,815,998663.2,23,,
2026-07-03,VLBS,,707,686.3,690,,,4259,2948561.6,66,,
2026-07-03,VLUCL,,455,442.1,454,,,935,417958,30,,
2026-07-03,YMHL,,660,640,640,,,36650,23787326.2,2719,,
2026-07-06,ACLBSL,,925,912,916,,,1645,1504699.1,33,,
2026-07-06,ADBL,,307,301.1,303.5,,,8251,2504960,113,,
2026-07-06,AHL,,470,428.2,435,,,5780,2539743.5,83,,
2026-07-06,AHPC,,266.7,261,261.3,,,58403,15301524.9,222,,
2026-07-06,AKJCL,,360,345,345,,,280889,98357669.4,771,,
2026-07-06,AKPL,,260,243.3,255,,,29032,7397779.2,113,,
2026-07-06,ALBSL,,1122.19,1060,1066.1,,,1385,1497544.89,47,,
2026-07-06,ALICL,,437,431.1,432,,,14023,6089400.8,95,,
2026-07-06,ANLB,,7356,6796.5,6796.5,,,26,184337.4,4,,
2026-07-06,APHL,,905,853.1,887,,,26917,23614233.1,653,,
2026-07-06,API,,335.9,329,330,,,182193,60416102.3,474,,
2026-07-06,AVYAN,,1074,1051.1,1059.9,,,2230,2361419,48,,
2026-07-06,BANDIPUR,,740.5,725.5,727,,,10680,7834272.7,274,,
2026-07-06,BARUN,,324,318,319,,,18658,5963039.9,115,,
2026-07-06,BBC,,4263.9,4136,4136,,,351,1472100,22,,
2026-07-06,BEDC,,350.7,326.1,329.9,,,21623,7112112.3,122,,
2026-07-06,BFC,,561.7,524,528,,,95344,50784835.7,429,,
2026-07-06,BGWT,,592,559,560,,,2225,1248550,55,,
2026-07-06,BHCL,,528,515,520,,,34509,17911338.5,265,,
2026-07-06,BHDC,,440,436,436.1,,,5889,2580503.2,57,,
2026-07-06,BHL,,213.9,207.9,207.9,,,53963,11252369.1,219,,
2026-07-06,BHPL,,519,487.1,518,,,4523,2238476.1,61,,
2026-07-06,BJHL,,828,796,805,,,5654,4535165,117,,
2026-07-06,BNHC,,310,305,306.2,,,1635,501385.3,28,,
2026-07-06,BNL,,14301.8,14301.8,14301.8,,,0,0,0,,
2026-07-06,BNT,,11898.9,11600,11600,,,20,234989,2,,
2026-07-06,BPCL,,665.4,647.7,648,,,31858,20762833.6,115,,
2026-07-06,BUNGAL,,690,620.8,630,,,85489,55012626.9,343,,
2026-07-06,CBBL,,920.1,910,915.5,,,15681,14332434.3,131,,
2026-07-06,CFCL,,646,589,633.6,,,245145,155720422,673,,
2026-07-06,CGH,,774.9,760.1,772,,,11818,9079149.1,99,,
2026-07-06,CHCL,,486,475,479,,,7045,3388740.2,105,,
2026-07-06,CHDC,,2135,2080.1,2088,,,7881,16470314.1,118,,
2026-07-06,CHL,,270,261,261,,,5118,1346420.5,55,,
2026-07-06,CIT,,1699.9,1690,1693,,,3211,5442400.9,99,,
2026-07-06,CITY,,397.9,379.4,383,,,182994,70328946.4,715,,
2026-07-06,CKHL,,600,582.1,582.5,,,893,523969,18,,
2026-07-06,CLI,,452,444,451.9,,,5660,2536106.4,181,,
2026-07-06,CREST,,1306.7,1195,1214.9,,,5233,6319578.5,139,,
2026-07-06,CYCL,,1424.9,1348.4,1348.4,,,2525,3467027.4,84,,
2026-07-06,CZBIL,,199,195,197,,,28624,5618398.9,119,,
2026-07-06,DDBL,,834,825,825.1,,,4611,3823082.9,47,,
2026-07-06,DHEL,,597.4,575,589,,,10719,6241755.8,215,,
2026-07-06,DHPL,,287.5,281,282,,,1260,355157,15,,
2026-07-06,DLBS,,1299,1237.1,1240,,,400,499024.9,23,,
2026-07-06,DOLTI,,347.5,333,335,,,21405,7170329.5,137,,
2026-07-06,DORDI,,254,246,248,,,21033,5217733.1,123,,
2026-07-06,EBL,,703,695,696,,,34303,23922401,161,,
2026-07-06,EHPL,,374,363,364,,,9317,3402553,70,,
2026-07-06,ENL,,828,811,828,,,440,359803.1,12,,
2026-07-06,FMDBL,,765,752,761,,,5022,3804226.1,49,,
2026-07-06,FOWAD,,1000,978.1,985,,,2052,2014496.6,28,,
2026-07-06,GBIME,,246,238.4,241,,,75273,18077597.3,363,,
2026-07-06,GBLBS,,759,740.1,741.2,,,2433,1810666.6,42,,
2026-07-06,GCIL,,372.7,345,345.6,,,16154,5605845.8,233,,
2026-07-06,GFCL,,630,605.7,605.7,,,24735,15176889.7,122,,
2026-07-06,GHL,,222,218.1,220,,,13060,2868862.8,56,,
2026-07-06,GILB,,1119,1061,1113,,,5829,6231817.9,40,,
2026-07-06,GLBSL,,1825,1760,1761,,,1451,2562621,23,,
2026-07-06,GLH,,253.9,250,250,,,26111,6557459.7,123,,
2026-07-06,GMFBS,,1234,1198.1,1215,,,542,653229.1,13,,
2026-07-06,GMFIL,,477,455,464.8,,,10107,4689769.4,75,,
2026-07-06,GMLI,,1178.8,1155.1,1157,,,755,877087,34,,
2026-07-06,GUFL,,560,550,550,,,8436,4674338,52,,
2026-07-06,GVL,,480,473,473.1,,,3052,1446942.8,64,,
2026-07-06,HATHY,,712,696,697,,,8560,5987582.6,69,,
2026-07-06,HBL,,198.3,192.1,196.5,,,34660,6746616.6,549,,
2026-07-06,HDHPC,,209,203,204,,,73594,15086623.2,268,,
2026-07-06,HDL,,1158.9,1145.2,1146,,,17396,20027591.7,324,,
2026-07-06,HFIN,,730,698,700,,,27090,19185851.8,560,,
2026-07-06,HHL,,358.5,330.3,333,,,13285,4420864.3,94,,
2026-07-06,HIDCL,,254.9,250.1,250.9,,,38105,9556308.1,235,,
2026-07-06,HIMSTAR,,761,722,743,,,7139,5292866.5,118,,
2026-07-06,HLBSL,,861,856,860,,,859,738615.4,15,,
2026-07-06,HLI,,327,320,320.3,,,24197,7785035.9,249,,
2026-07-06,HPPL,,366,357,358.8,,,23643,8486811.5,104,,
2026-07-06,HRL,,589,575,578.5,,,29470,17019202,455,,
2026-07-06,HURJA,,235,228,230.4,,,25766,5920071.1,119,,
2026-07-06,ICFC,,626,610.3,611,,,3761,2307479.4,30,,
2026-07-06,IHL,,374.5,364,364,,,3997,1461217,41,,
2026-07-06,ILBS,,927.7,844,870,,,2153,1924813.8,24,,
2026-07-06,ILI,,421,416,417.1,,,7305,3053634.5,230,,
2026-07-06,JBLB,,1244,1234.1,1236,,,3827,4735862.8,91,,
2026-07-06,JFL,,400,395,395.1,,,4189,1660742.8,32,,
2026-07-06,JHAPA,,1289.9,1203,1231,,,13018,16024113.7,199,,
2026-07-06,JOSHI,,265,261.6,262.9,,,7473,1963591.1,47,,
2026-07-06,JSLBB,,1029,998.2,1025,,,113,114645.2,5,,
2026-07-06,KAHL,,449.1,410.1,449.1,,,470,209878,47,,
2026-07-06,KBL,,225.6,209,209.1,,,110715,23375673.2,378,,
2026-07-06,KBSH,,1430,1330.5,1330.5,,,222,298687.9,15,,
2026-07-06,KDL,,784,757,784,,,1721,1317573,46,,
2026-07-06,KHPL,,880,841,869.9,,,13938,11967708.6,264,,
2026-07-06,KKHC,,296.6,256,260,,,83612,22349116.7,423,,
2026-07-06,KMCDB,,809.9,790,809,,,1915,1519309,29,,
2026-07-06,KPCL,,472.8,469,469,,,3597,1693918.8,39,,
2026-07-06,LEC,,212.7,208,209,,,22975,4818500.4,118,,
2026-07-06,LICN,,799,777.3,777.4,,,8150,6393524.4,97,,
2026-07-06,LLBS,,925,898.1,924,,,801,727053.9,9,,
2026-07-06,LSL,,220.9,215,215,,,99155,21483558.9,246,,
2026-07-06,MABEL,,640,613.8,615,,,7996,4988412.6,156,,
2026-07-06,MAKAR,,475,462,464,,,3150,1470050,38,,
2026-07-06,MANDU,,815,806.8,810,,,1931,1566021.2,37,,
2026-07-06,MATRI,,903,862.1,865.1,,,314,274771.2,21,,
2026-07-06,MBJC,,274,270,271,,,13199,3579279.5,176,,
2026-07-06,MBL,,250.5,243.1,245.6,,,65861,16141852.3,125,,
2026-07-06,MCHL,,300,289,289,,,4749,1382598.4,49,,
2026-07-06,MEHL,,327,321,321,,,1280,413563,25,,
2026-07-06,MEL,,221.9,217,219.8,,,10956,2404595,143,,
2026-07-06,MEN,,576,565,570,,,64267,36620826.1,399,,
2026-07-06,MERO,,705,689,690.1,,,5348,3694238.3,55,,
2026-07-06,MFIL,,779.9,767,773,,,38800,30126880.2,84,,
2026-07-06,MHCL,,332,321.1,321.2,,,1568,510816.7,41,,
2026-07-06,MHL,,470,463,465.2,,,1043,486200.7,24,,
2026-07-06,MHNL,,240,234.6,236,,,14910,3516442,67,,
2026-07-06,MKCL,,1086,1070,1086,,,1387,1489164.5,29,,
2026-07-06,MKHC,,300.1,295.6,297,,,7828,2323083.8,66,,
2026-07-06,MKHL,,490,476.5,482,,,2881,1389439,34,,
2026-07-06,MKJC,,469.9,456.1,462,,,5234,2400788.9,33,,
2026-07-06,MLBBL,,1177.5,1136.3,1136.5,,,601,686095.5,12,,
2026-07-06,MLBS,,1190,1150,1187,,,285,334014,11,,
2026-07-06,MLBSL,,1742,1695,1740,,,258,439913,21,,
2026-07-06,MMKJL,,472,465,465,,,1625,764143,33,,
2026-07-06,MPFL,,619,605,617.6,,,13469,8288604,78,,
2026-07-06,MSHL,,610,587.2,610,,,200,119200.7,18,,
2026-07-06,MSLB,,1250,1215,1238,,,514,630610,30,,
2026-07-06,NABIL,,535,523,526,,,37851,19979548.3,444,,
2026-07-06,NADEP,,736.9,715,716,,,826,592441.2,21,,
2026-07-06,NBL,,273,265,265.5,,,29755,7904156.8,116,,
2026-07-06,NESDO,,1550,1505.1,1529.9,,,596,901059.9,28,,
2026-07-06,NFS,,649.9,592,592,,,51456,30646023.4,287,,
2026-07-06,NGPL,,416.9,408,408.3,,,74380,30457138.1,192,,
2026-07-06,NHDL,,643,625,640,,,14681,9269275.4,30,,
2026-07-06,NHPC,,265,254.5,254.5,,,110741,28657394.2,382,,
2026-07-06,NICA,,343,333,334,,,40166,13435656.4,159,,
2026-07-06,NICLBSL,,560,550,553,,,3029,1680628.8,78,,
2026-07-06,NIFRA,,252.9,246.1,247.6,,,40432,10021704.1,395,,
2026-07-06,NIMB,,198,192.1,193,,,33185,6417752.5,234,,
2026-07-06,NLIC,,750,740,743.9,,,16536,12255146.9,155,,
2026-07-06,NLICL,,607.5,571,572,,,24807,14791126,53,,
2026-07-06,NLO,,269.4,269.4,269.4,,,0,0,0,,
2026-07-06,NMB,,241.5,236.3,236.4,,,16948,4020402.6,152,,
2026-07-06,NMBMF,,610,600.2,610,,,2838,1710592.5,31,,
2026-07-06,NMFBS,,1120,1105.3,1119,,,1503,1675525.1,20,,
2026-07-06,NMLBBL,,559,538,543,,,4025,2188718.6,51,,
2026-07-06,NRIC,,949.7,930,932.1,,,7402,6923212.8,142,,
2026-07-06,NRM,,335,320,323,,,6814,2212237.5,79,,
2026-07-06,NRN,,1455,1398,1407,,,91268,128434303.2,373,,
2026-07-06,NTC,,850,845,847,,,4024,3407657.2,137,,
2026-07-06,NUBL,,626,615,618,,,982,606738,22,,
2026-07-06,NWCL,,727,711.1,721,,,659,475489,28,,
2026-07-06,NYADI,,388.6,360,380,,,4715,1768616.5,61,,
2026-07-06,OHL,,690,671,690,,,375,251846,12,,
2026-07-06,OMPL,,999.9,980,990,,,4349,4291134.8,98,,
2026-07-06,PCBL,,236,233,234,,,36817,8636825.5,96,,
2026-07-06,PCIL,,650.1,628.6,634,,,31985,20410657.5,862,,
2026-07-06,PFL,,366,359,362,,,8394,3045139,50,,
2026-07-06,PHCL,,298,296.1,296.5,,,48714,14482855.3,159,,
2026-07-06,PMHPL,,334.1,317,317,,,3657,1171291.3,38,,
2026-07-06,PMLI,,450,441.5,446,,,4130,1839052.8,87,,
2026-07-06,PPCL,,342.9,337,342,,,7065,2391638,53,,
2026-07-06,PPL,,336.9,318.3,336.9,,,14845,4955417.2,95,,
2026-07-06,PROFL,,447.8,431,439,,,6688,2912044,36,,
2026-07-06,PRVU,,204.1,190,190.5,,,90106,17277121,316,,
2026-07-06,PURE,,818.8,803,813,,,5840,4741887.8,76,,
2026-07-06,RADHI,,710,701,706,,,44897,31666906.4,126,,
2026-07-06,RAWA,,446.9,430,435,,,30044,13038510.7,204,,
2026-07-06,RFPL,,343,333,337.1,,,20047,6794114.2,101,,
2026-07-06,RHGCL,,275,257.2,262,,,22726,5964476.7,107,,
2026-07-06,RHPL,,262.9,260.3,262,,,6623,1729593.5,75,,
2026-07-06,RIDI,,333.5,320,324,,,191773,62156047.4,454,,
2026-07-06,RLEL,,885.8,835.1,845,,,4841,4121850.5,197,,
2026-07-06,RLFL,,480,462.2,472,,,31089,14602736,148,,
2026-07-06,RNLI,,452.5,447,452,,,8176,3666069.6,236,,
2026-07-06,RSDC,,670,635,650,,,3177,2033638.4,47,,
2026-07-06,RSML,,3360,3070,3070,,,18466,57610005.3,374,,
2026-07-06,RURU,,659.9,635,636.1,,,1336,857932,23,,
2026-07-06,SAGAR,,1599,1497,1535,,,3429,5230860,90,,
2026-07-06,SAHAS,,650,640,645,,,50593,32596017.4,339,,
2026-07-06,SAIL,,910,881.2,887,,,9888,8827871.3,207,,
2026-07-06,SANIMA,,362,352,353.2,,,41339,14637312.9,134,,
2026-07-06,SANVI,,635,619.2,619.3,,,3978,2470302.5,102,,
2026-07-06,SARBTM,,818,801,803.5,,,10113,8124577.1,85,,
2026-07-06,SBI,,393.9,387.1,393.9,,,16623,6465569.6,53,,
2026-07-06,SBL,,394.8,379,388.4,,,53220,20569749,151,,
2026-07-06,SCB,,648,640,641,,,6074,3905538.1,83,,
2026-07-06,SGHC,,359.9,325.1,338.7,,,5152,1728166.8,81,,
2026-07-06,SGHL,,455,396.7,455,,,1260,571609,126,,
2026-07-06,SHEL,,300,296,296,,,36907,10975173,173,,
2026-07-06,SHIVM,,633,625,625.1,,,102859,64594331.2,393,,
2026-07-06,SHL,,500,490,493,,,27533,13563317.2,72,,
2026-07-06,SHLB,,1515,1488,1514.9,,,60,90059,6,,
2026-07-06,SHPC,,505,493.9,494.1,,,18504,9176898.7,82,,
2026-07-06,SIFC,,539.9,523.1,533,,,5236,2786576.6,30,,
2026-07-06,SIKLES,,561.2,552,552,,,6863,3806462,65,,
2026-07-06,SIPD,,625,612.5,613,,,8457,5222704,299,,
2026-07-06,SJCL,,275,267,267,,,13102,3513669,107,,
2026-07-06,SJLIC,,423,417.5,420,,,10206,4285637.8,104,,
2026-07-06,SKBBL,,755,747.3,749,,,12088,9048374.8,81,,
2026-07-06,SKHEL,,1029,950,950,,,3750,3609112.7,95,,
2026-07-06,SKHL,,976.5,897,918,,,10287,9341442.2,266,,
2026-07-06,SLBBL,,806,800.1,802.1,,,3489,2798737.4,26,,
2026-07-06,SLBSL,,1284,1130,1160,,,2968,3407201.8,48,,
2026-07-06,SMATA,,750,744,744,,,758,564605.8,22,,
2026-07-06,SMB,,1970,1920,1921,,,4014,7779705.8,67,,
2026-07-06,SMFBS,,1698,1630,1644,,,6697,11109112.8,86,,
2026-07-06,SMH,,540,521.5,522,,,3982,2101545.1,83,,
2026-07-06,SMHL,,470,465,465,,,12898,6018650.4,102,,
2026-07-06,SMJC,,455,446,447,,,9906,4449934.6,74,,
2026-07-06,SMPDA,,804,775,780,,,918,719211.4,26,,
2026-07-06,SNLI,,440,433,433.1,,,5255,2281148.3,177,,
2026-07-06,SNORL,,794.1,725.1,794.1,,,12640,10035993,1254,,
2026-07-06,SOHL,,616,600,603.1,,,55530,33634948.9,995,,
2026-07-06,SONA,,425,417,417.5,,,15241,6383051.3,162,,
2026-07-06,SOPL,,885,850,852,,,46845,40519247.2,1802,,
2026-07-06,SPC,,421.8,410,410,,,3743,1538332.7,53,,
2026-07-06,SPDL,,383,361.2,367.9,,,36969,13720007.5,82,,
2026-07-06,SPHL,,601.6,532.8,560,,,6586,3629851.5,59,,
2026-07-06,SPL,,660,650,659,,,2330,1523199.2,29,,
2026-07-06,SRLI,,382,376.4,378.9,,,17040,6432574.1,210,,
2026-07-06,SSHL,,202,196,196.8,,,67341,13271160,289,,
2026-07-06,STC,,5198,5071,5177,,,1263,6455959,20,,
2026-07-06,SWASTIK,,2105,2035.3,2062,,,596,1233853.9,31,,
2026-07-06,SWBBL,,718.4,676,692,,,7833,5371229.3,93,,
2026-07-06,SWMF,,618,612,613,,,1879,1153923.9,32,,
2026-07-06,SYPNL,,1383.7,1350,1351,,,41930,57331878.5,551,,
2026-07-06,TAMOR,,443,439,439,,,26105,11491083,102,,
2026-07-06,TPC,,364,353.6,354,,,32375,11465113.9,65,,
2026-07-06,TPKHL,,583,554.2,555,,,51401,28888180.4,3410,,
2026-07-06,TRH,,773.1,770,772.5,,,765,590925,12,,
2026-07-06,TSHL,,434.2,388.5,394,,,78499,30871294.6,720,,
2026-07-06,TTL,,750,735,737,,,4461,3299616.7,161,,
2026-07-06,TVCL,,499,471.1,475.2,,,5127,2448835,43,,
2026-07-06,UHEWA,,622.1,570,573,,,43284,25400533.7,184,,
2026-07-06,ULBSL,,3255,2800,2899.9,,,266,773896,15,,
2026-07-06,ULHC,,422.3,411,414,,,6826,2833360,65,,
2026-07-06,UMHL,,585.9,575,582.7,,,60550,34914646.7,91,,
2026-07-06,UMRH,,531.9,520,524.4,,,10131,5280632.6,54,,
2026-07-06,UNHPL,,394.5,385.2,386,,,9846,3835356,72,,
2026-07-06,UNL,,47799.9,47799.9,47799.9,,,10,477999,1,,
2026-07-06,UNLB,,1381,1263,1311,,,628,816384.5,19,,
2026-07-06,UPCL,,355,348,348,,,21176,7426479.6,129,,
2026-07-06,UPPER,,194,190.1,190.2,,,61064,11728649.2,391,,
2026-07-06,USHEC,,498.7,486.1,486.1,,,3054,1487956.1,35,,
2026-07-06,USHL,,557.5,481,500,,,7063,3499293.9,143,,
2026-07-06,USLB,,1260,1178.9,1205.2,,,1030,1238105.9,38,,
2026-07-06,VLBS,,698,680.7,683.1,,,1018,694992.8,76,,
2026-07-06,VLUCL,,454,440.4,447,,,1065,472961,31,,
2026-07-06,YMHL,,640,605,606.5,,,40245,24748215,2963,,
2026-07-07,ACLBSL,,927,915,925,,,584,537920.1,30,,
2026-07-07,ADBL,,308.8,290,308,,,25330,7745029.1,161,,
2026-07-07,AHL,,444.9,422,425.6,,,8109,3485781.4,84,,
2026-07-07,AHPC,,265,261,264.8,,,72802,19123671.4,250,,
2026-07-07,AKJCL,,356,345.2,355,,,349480,123236445.5,691,,
2026-07-07,AKPL,,259.7,254,256.9,,,42004,10738253.1,179,,
2026-07-07,ALBSL,,1088,1050,1069.9,,,8085,8557702.4,98,,
2026-07-07,ALICL,,442.8,432,435,,,16956,7347775.1,97,,
2026-07-07,ANLB,,7136,5777.1,5860,,,1841,10698666.2,78,,
2026-07-07,APHL,,890,850,870,,,20186,17581555.5,680,,
2026-07-07,API,,334.9,330,334.9,,,146305,48599729,423,,
2026-07-07,AVYAN,,1070,1049,1061.3,,,1833,1949803.8,51,,
2026-07-07,BANDIPUR,,745,725,737.9,,,10249,7516694,313,,
2026-07-07,BARUN,,324.9,318.3,322,,,20307,6506057.3,134,,
2026-07-07,BBC,,4238,4150,4223,,,623,2618055,21,,
2026-07-07,BEDC,,336,328,331.1,,,17683,5873320,107,,
2026-07-07,BFC,,533.9,523,529,,,38489,20359381.1,217,,
2026-07-07,BGWT,,569.1,550.5,569.1,,,2621,1474231.1,38,,
2026-07-07,BHCL,,528.8,514,516,,,16873,8710777.1,280,,
2026-07-07,BHDC,,457,433,437.9,,,4794,2092278.7,56,,
2026-07-07,BHL,,210.9,208.6,210,,,42951,8998183.4,221,,
2026-07-07,BHPL,,514,499,508,,,2803,1410305,46,,
2026-07-07,BJHL,,805,790.1,800,,,5412,4306771.3,115,,
2026-07-07,BNHC,,310,305,307,,,2928,905809.2,44,,
2026-07-07,BNL,,14301.8,14301.8,14301.8,,,0,0,0,,
2026-07-07,BNT,,11650,11650,11650,,,20,233000,1,,
2026-07-07,BPCL,,656,641,653.9,,,9422,6128025.5,88,,
2026-07-07,BUNGAL,,650,629.5,635,,,79467,50546537.6,261,,
2026-07-07,CBBL,,930,912.1,923,,,21087,19380927.1,182,,
2026-07-07,CFCL,,641,602,628,,,96032,60434190.2,256,,
2026-07-07,CGH,,782,774.9,780,,,45335,35221998.4,124,,
2026-07-07,CHCL,,482.9,478,479.1,,,11937,5735276.6,117,,
2026-07-07,CHDC,,2120,2090,2098.1,,,8200,17267594.6,119,,
2026-07-07,CHL,,266.8,260,261,,,7942,2077323.5,59,,
2026-07-07,CIT,,1699,1690,1695,,,4851,8214501,113,,
2026-07-07,CITY,,391.8,363.9,378.8,,,241373,91198109.2,922,,
2026-07-07,CKHL,,593,570,593,,,1000,589994,26,,
2026-07-07,CLI,,458,445,458,,,7869,3560081.9,216,,
2026-07-07,CREST,,1349,1170,1216,,,19652,23377115.3,242,,
2026-07-07,CYCL,,1420,1300,1400,,,1064,1487000,59,,
2026-07-07,CZBIL,,199.5,187.2,199.5,,,66542,13063945.8,172,,
2026-07-07,DDBL,,832.5,825,825,,,6858,5667678.1,59,,
2026-07-07,DHEL,,598,573,592,,,19267,11289707.5,244,,
2026-07-07,DHPL,,299,279,292,,,3589,1024640.9,48,,
2026-07-07,DLBS,,1265,1207,1216.1,,,923,1149363.7,27,,
2026-07-07,DOLTI,,345,330,336,,,15917,5378352,119,,
2026-07-07,DORDI,,252,244.1,252,,,16049,4009937.2,116,,
2026-07-07,EBL,,719,696,707,,,117031,82218404.7,278,,
2026-07-07,EHPL,,375,353.1,367.8,,,6355,2316491.2,71,,
2026-07-07,ENL,,850,803.6,820,,,869,705531.9,24,,
2026-07-07,FMDBL,,772.6,759,764,,,5944,4575344.3,63,,
2026-07-07,FOWAD,,1000,976,1000,,,1753,1731799.8,43,,
2026-07-07,GBIME,,250.9,240,248.5,,,689108,168659220.2,835,,
2026-07-07,GBLBS,,759.5,740,751.9,,,551,411508,29,,
2026-07-07,GCIL,,348,340.8,343,,,18615,6401615.7,193,,
2026-07-07,GFCL,,633,608.4,620,,,10612,6537836.5,64,,
2026-07-07,GHL,,223,219.5,222,,,25964,5728943.5,85,,
2026-07-07,GILB,,1110,1083.1,1108.9,,,479,522142,13,,
2026-07-07,GLBSL,,1770,1745.5,1770,,,222,391863.3,16,,
2026-07-07,GLH,,255,250,254,,,8267,2090137.5,83,,
2026-07-07,GMFBS,,1223,1190,1209,,,314,379194,12,,
2026-07-07,GMFIL,,468,450,465,,,6263,2909647.8,42,,
2026-07-07,GMLI,,1190.7,1137.1,1185,,,550,636909,46,,
2026-07-07,GUFL,,557,545,556.9,,,2660,1469821.1,35,,
2026-07-07,GVL,,482.5,470,475,,,15252,7196473.3,117,,
2026-07-07,HATHY,,703,691.2,703,,,5570,3889278.1,74,,
2026-07-07,HBL,,200,193,200,,,40248,7955411.8,708,,
2026-07-07,HDHPC,,212.2,193.8,209,,,188012,39445886.7,454,,
2026-07-07,HDL,,1153,1146.5,1150,,,19454,22366036.2,280,,
2026-07-07,HFIN,,714.8,686.2,700,,,24822,17431287.9,586,,
2026-07-07,HHL,,349.9,333,345,,,24816,8417442.5,140,,
2026-07-07,HIDCL,,254.8,249.2,253,,,35413,8920545.1,218,,
2026-07-07,HIMSTAR,,742,721.1,740,,,3798,2784009,82,,
2026-07-07,HLBSL,,883.8,858.1,880,,,1335,1166800.8,32,,
2026-07-07,HLI,,325.8,321,324,,,17720,5732094.6,213,,
2026-07-07,HPPL,,363.5,359,361.9,,,24662,8883115.9,95,,
2026-07-07,HRL,,582,570,579,,,50356,29093529.9,569,,
2026-07-07,HURJA,,233,228,231.9,,,28024,6480657.7,118,,
2026-07-07,ICFC,,617,610,616,,,1063,652304.4,24,,
2026-07-07,IHL,,374.4,355,358,,,3395,1220490.6,59,,
2026-07-07,ILBS,,895,850,870,,,869,756639.3,31,,
2026-07-07,ILI,,424,415,420,,,6687,2792363.6,231,,
2026-07-07,JBLB,,1250,1235.3,1240,,,4173,5202306.9,110,,
2026-07-07,JFL,,397,395,396.9,,,2444,968253.8,31,,
2026-07-07,JHAPA,,1300,1181,1181,,,12000,14689147.7,172,,
2026-07-07,JOSHI,,267.9,261,265,,,7356,1926880.5,51,,
2026-07-07,JSLBB,,1025,985.6,985.6,,,476,485033,9,,
2026-07-07,KAHL,,516.4,462.5,516.4,,,2530,1305181,253,,
2026-07-07,KBL,,215,208.5,214.8,,,154693,32877674.7,470,,
2026-07-07,KBSH,,1411.5,1325,1330,,,1066,1420336,21,,
2026-07-07,KDL,,784,770.1,783,,,938,729750.1,27,,
2026-07-07,KHPL,,889.9,846.5,885,,,15086,13239417.9,318,,
2026-07-07,KKHC,,267.8,257,259.4,,,28052,7294605.7,135,,
2026-07-07,KMCDB,,825.3,800.6,818,,,413,336016.5,21,,
2026-07-07,KPCL,,474.9,465,469.9,,,10988,5155181.7,49,,
2026-07-07,LEC,,213,208.1,211,,,33106,6968101.8,142,,
2026-07-07,LICN,,794,777.1,787.9,,,6043,4724450.6,55,,
2026-07-07,LLBS,,928.9,901.2,924.9,,,452,410253.7,15,,
2026-07-07,LSL,,221,215.7,220.4,,,76065,16598014.4,210,,
2026-07-07,MABEL,,632,610,623,,,4815,2980108,114,,
2026-07-07,MAKAR,,468.5,458.1,467,,,1070,496352.5,26,,
2026-07-07,MANDU,,812,806.1,806.2,,,455,367659.5,20,,
2026-07-07,MATRI,,875,865.2,865.2,,,148,128905.2,6,,
2026-07-07,MBJC,,274,265.1,274,,,16244,4413870.2,203,,
2026-07-07,MBL,,250,243,248,,,67777,16674919.7,168,,
2026-07-07,MCHL,,297,282,290,,,5362,1542668.8,76,,
2026-07-07,MEHL,,327,311.5,326,,,1887,612343,53,,
2026-07-07,MEL,,220,218,219.9,,,9433,2066993.1,128,,
2026-07-07,MEN,,574,565,574,,,111938,63738196.7,385,,
2026-07-07,MERO,,700,680,690,,,7813,5376767.9,78,,
2026-07-07,MFIL,,779,767,774.5,,,70988,54868673.5,139,,
2026-07-07,MHCL,,344,318.1,334,,,4162,1366633.2,81,,
2026-07-07,MHL,,515,459,491,,,26619,12964613.1,94,,
2026-07-07,MHNL,,240.9,234.1,235.5,,,12325,2910313.4,46,,
2026-07-07,MKCL,,1122.7,1088,1097,,,2259,2477732.6,47,,
2026-07-07,MKHC,,302,294.1,298,,,13908,4150315.1,78,,
2026-07-07,MKHL,,485.8,467.9,480.1,,,3825,1835841,34,,
2026-07-07,MKJC,,465,455.2,462,,,6136,2823393,26,,
2026-07-07,MLBBL,,1160,1136,1142,,,2270,2584648,24,,
2026-07-07,MLBS,,1204,1152.5,1184.9,,,167,194480.5,9,,
2026-07-07,MLBSL,,1754,1702,1750,,,527,909855,27,,
2026-07-07,MMKJL,,506,462,466,,,1809,852287,53,,
2026-07-07,MPFL,,623,607,622.8,,,5306,3273072,46,,
2026-07-07,MSHL,,609,592,595,,,67,39944,7,,
2026-07-07,MSLB,,1240,1206.5,1240,,,322,394930,24,,
2026-07-07,NABIL,,545,520,534,,,192322,101706773.8,742,,
2026-07-07,NADEP,,737,713.1,720,,,720,518515,14,,
2026-07-07,NBL,,269.9,264.2,269.9,,,40931,10933104.5,141,,
2026-07-07,NESDO,,1545,1500,1532,,,1281,1934872.5,25,,
2026-07-07,NFS,,607.5,585,597,,,12159,7227372,125,,
2026-07-07,NGPL,,414,406.1,413,,,99920,41076739.2,222,,
2026-07-07,NHDL,,637,627,637,,,218,136940.5,9,,
2026-07-07,NHPC,,261.5,255,260,,,155050,40172646.9,434,,
2026-07-07,NICA,,342,333,340,,,50145,16836978.3,186,,
2026-07-07,NICLBSL,,560,551.1,555.9,,,1703,942898.6,54,,
2026-07-07,NIFRA,,250,247,249,,,35502,8816578.3,355,,
2026-07-07,NIMB,,196.9,192,195.9,,,74983,14576091.8,272,,
2026-07-07,NLIC,,751.8,742.4,746.9,,,23714,17646130.5,165,,
2026-07-07,NLICL,,579.9,572,576.1,,,7316,4206122.8,34,,
2026-07-07,NLO,,269.4,269.4,269.4,,,0,0,0,,
2026-07-07,NMB,,240,235.2,239,,,60096,14255086.9,222,,
2026-07-07,NMBMF,,618,608.1,609,,,2227,1358240.7,29,,
2026-07-07,NMFBS,,1119,1108.1,1114,,,2844,3167269.8,21,,
2026-07-07,NMLBBL,,554.9,540.1,553.9,,,5680,3118158.7,65,,
2026-07-07,NRIC,,960,930,953,,,31322,29692824.2,288,,
2026-07-07,NRM,,336.5,321,323,,,3776,1242121.4,92,,
2026-07-07,NRN,,1419.6,1399,1405,,,30251,42452979.2,256,,
2026-07-07,NTC,,849.7,840,848,,,4249,3593796.4,117,,
2026-07-07,NUBL,,626,611.1,623,,,6328,3909020.6,66,,
2026-07-07,NWCL,,742.4,720.2,723,,,927,669684.4,17,,
2026-07-07,NYADI,,380,371.2,377.1,,,5218,1966891.5,48,,
2026-07-07,OHL,,690,673.7,689.9,,,304,206282.6,7,,
2026-07-07,OMPL,,995,970,988,,,2921,2860481.6,94,,
2026-07-07,PCBL,,237,233.6,236.7,,,25718,6054070.2,120,,
2026-07-07,PCIL,,679,602.3,639.8,,,20793,13180165.1,1010,,
2026-07-07,PFL,,366.6,361,366,,,3451,1256634.5,34,,
2026-07-07,PHCL,,304,281.7,299.9,,,26636,7967418.5,175,,
2026-07-07,PMHPL,,343.1,305,325.7,,,3020,964004,46,,
2026-07-07,PMLI,,456,430,450,,,3726,1650922.2,96,,
2026-07-07,PPCL,,342,335,336,,,9415,3168825.8,46,,
2026-07-07,PPL,,337,320.1,336.9,,,7212,2408776.6,87,,
2026-07-07,PROFL,,442.5,436,439,,,2904,1277345,24,,
2026-07-07,PRVU,,194,190,193.7,,,116751,22456131.3,385,,
2026-07-07,PURE,,825,791,814,,,3076,2500803.4,86,,
2026-07-07,RADHI,,715,680,710,,,41487,29327913.7,106,,
2026-07-07,RAWA,,439.8,428.1,436,,,23723,10260153,211,,
2026-07-07,RFPL,,345,335.1,345,,,21636,7373124.2,139,,
2026-07-07,RHGCL,,269,264,269,,,15663,4151267.4,92,,
2026-07-07,RHPL,,264,260,263,,,8851,2325746.6,96,,
2026-07-07,RIDI,,335.9,307.8,335.5,,,233464,76837573,414,,
2026-07-07,RLEL,,850,830,840,,,3582,3003799,199,,
2026-07-07,RLFL,,474,463,467.9,,,19594,9141947.5,112,,
2026-07-07,RNLI,,460,447.2,449.3,,,13131,5901730.9,190,,
2026-07-07,RSDC,,669,640,647,,,2326,1498376.9,35,,
2026-07-07,RSML,,3097,3001,3097,,,36795,111970637.5,507,,
2026-07-07,RURU,,640,618,637,,,6337,3993755.8,76,,
2026-07-07,SAGAR,,1589.8,1520,1585,,,10864,17140554.5,122,,
2026-07-07,SAHAS,,655,640.1,655,,,52775,34182447.5,444,,
2026-07-07,SAIL,,902.2,870,895.9,,,16220,14516244.2,242,,
2026-07-07,SANIMA,,360.9,353,355,,,98731,35178785.9,167,,
2026-07-07,SANVI,,628.9,588.4,620,,,6841,4234370.6,162,,
2026-07-07,SARBTM,,813.8,802,808,,,4377,3519131.4,39,,
2026-07-07,SBI,,395,389.1,392,,,27535,10774737.8,62,,
2026-07-07,SBL,,393.9,388,389.7,,,95185,37109170.1,161,,
2026-07-07,SCB,,649.9,640,646,,,20745,13338473.8,96,,
2026-07-07,SGHC,,341,331,338,,,3496,1176858.6,60,,
2026-07-07,SGHL,,523.2,477,503.1,,,156960,79567412,15666,,
2026-07-07,SHEL,,299.4,291,299.4,,,51973,15409406.5,192,,
2026-07-07,SHIVM,,632,626.2,629,,,92320,58134994.5,322,,
2026-07-07,SHL,,521,490,496,,,54285,27305448.6,114,,
2026-07-07,SHLB,,1532,1480,1520,,,125,186690,10,,
2026-07-07,SHPC,,499.9,493.6,493.6,,,73448,36364934.2,122,,
2026-07-07,SIFC,,540,531,539.7,,,2635,1408996.2,19,,
2026-07-07,SIKLES,,567.9,548,555,,,10935,6042639.1,69,,
2026-07-07,SIPD,,630,598,609,,,14593,8934680.4,414,,
2026-07-07,SJCL,,278,268,275.5,,,9410,2574823.6,94,,
2026-07-07,SJLIC,,427,418.1,421,,,25062,10527159,145,,
2026-07-07,SKBBL,,754.5,745,751,,,35157,26320626.5,169,,
2026-07-07,SKHEL,,971.9,931,957,,,3825,3616442.5,88,,
2026-07-07,SKHL,,930,890,925,,,9076,8234260.6,314,,
2026-07-07,SLBBL,,807,800.4,805,,,2627,2112136.4,39,,
2026-07-07,SLBSL,,1179.3,1132,1154,,,4163,4753886.1,46,,
2026-07-07,SMATA,,750,742.5,746.2,,,1307,974802.6,34,,
2026-07-07,SMB,,1939,1910,1930,,,1616,3110366.5,37,,
2026-07-07,SMFBS,,1644,1600,1644,,,448,726208.4,15,,
2026-07-07,SMH,,524,519,523,,,9468,4934124.4,110,,
2026-07-07,SMHL,,480.9,465,479,,,57575,27398179.2,232,,
2026-07-07,SMJC,,451,444,448,,,18170,8133930.2,108,,
2026-07-07,SMPDA,,800,777.3,789.9,,,1291,1007562.5,27,,
2026-07-07,SNLI,,446,432,433.8,,,7392,3208736.2,193,,
2026-07-07,SNORL,,833.8,700,753.4,,,81130,61965678,8116,,
2026-07-07,SOHL,,610,597,604.8,,,43835,26380130.1,1181,,
2026-07-07,SONA,,424,417.2,420,,,8814,3699210.5,165,,
2026-07-07,SOPL,,870,835.1,855,,,38411,32626076.7,1831,,
2026-07-07,SPC,,418.9,409,418,,,3415,1413660.1,51,,
2026-07-07,SPDL,,383,365.7,376,,,43346,16179484.2,141,,
2026-07-07,SPHL,,560,545,546.3,,,2120,1159410,31,,
2026-07-07,SPL,,673,649,664,,,1550,1015048,28,,
2026-07-07,SRLI,,381.5,375.5,381.5,,,18795,7145641.5,170,,
2026-07-07,SSHL,,203,196,201,,,101125,20214926.5,293,,
2026-07-07,STC,,5177,5071.2,5175,,,2316,11821732,33,,
2026-07-07,SWASTIK,,2075,2050,2066.1,,,160,329136,12,,
2026-07-07,SWBBL,,694.9,680,688,,,14440,9858862.7,143,,
2026-07-07,SWMF,,622,611,622,,,3164,1943883.7,43,,
2026-07-07,SYPNL,,1374.8,1283.5,1367.5,,,28176,38405590.7,490,,
2026-07-07,TAMOR,,445,439,445,,,49043,21652302.6,153,,
2026-07-07,TPC,,362,353,359.2,,,33897,12138008.2,102,,
2026-07-07,TPKHL,,560,530.1,530.5,,,57686,31084234,3792,,
2026-07-07,TRH,,780,770,780,,,447,346480,10,,
2026-07-07,TSHL,,400,388,395,,,5944,2328184.6,84,,
2026-07-07,TTL,,755,700.2,737,,,4646,3414183.3,181,,
2026-07-07,TVCL,,486.9,475,478.1,,,7896,3798391,36,,
2026-07-07,UHEWA,,587,570,580,,,33996,19539852.2,134,,
2026-07-07,ULBSL,,3180,2705,3180,,,3314,9283252,87,,
2026-07-07,ULHC,,415,403.1,410,,,5387,2192766.5,70,,
2026-07-07,UMHL,,582,575,575,,,13721,7919993,90,,
2026-07-07,UMRH,,529,519,525,,,3483,1829013.7,52,,
2026-07-07,UNHPL,,394.5,371,392,,,26969,10444182.3,104,,
2026-07-07,UNL,,47300,47300,47300,,,10,473000,1,,
2026-07-07,UNLB,,1374.3,1278,1299,,,463,601468.1,16,,
2026-07-07,UPCL,,360,347.1,360,,,47764,16859799,141,,
2026-07-07,UPPER,,194,190.2,194,,,74050,14234767.4,401,,
2026-07-07,USHEC,,492,483.2,488.2,,,6300,3082967.9,70,,
2026-07-07,USHL,,525,496.1,498.3,,,3515,1767375.5,63,,
2026-07-07,USLB,,1224.9,1200,1218.7,,,1162,1401000.1,36,,
2026-07-07,VLBS,,700,681.1,685.1,,,4299,2958488.1,92,,
2026-07-07,VLUCL,,449.9,441,449.9,,,600,268739.1,30,,
2026-07-07,YMHL,,616.1,591.1,595,,,34422,20658121.5,2644,,
2026-07-08,ACLBSL,,946,885.1,925,,,954,869125.2,30,,
2026-07-08,ADBL,,307,301.2,304.9,,,24412,7412446.9,109,,
2026-07-08,AHL,,451,415,415.1,,,7024,2944572.4,68,,
2026-07-08,AHPC,,265,260.6,260.6,,,42066,10997835.9,196,,
2026-07-08,AKJCL,,360,342,343,,,385593,133720187.4,912,,
2026-07-08,AKPL,,256,244.1,252,,,33244,8415319.2,169,,
2026-07-08,ALBSL,,1100,1032,1066.9,,,1748,1841862.4,51,,
2026-07-08,ALICL,,435,432,432,,,7935,3433112,94,,
2026-07-08,ANLB,,5870,5685,5869,,,380,2172725.9,26,,
2026-07-08,APHL,,880,826.8,857,,,28726,24835324,500,,
2026-07-08,API,,334,329.4,331,,,119506,39508610.8,460,,
2026-07-08,AVYAN,,1059,1036,1052,,,1229,1283073.8,33,,
2026-07-08,BANDIPUR,,743,722.2,727,,,10025,7289784.6,269,,
2026-07-08,BARUN,,319.1,315.1,317,,,22653,7175231.9,143,,
2026-07-08,BBC,,4235,4112,4215,,,223,928016,17,,
2026-07-08,BEDC,,330,320.1,321.1,,,21763,7076026.2,134,,
2026-07-08,BFC,,529,517.5,518,,,76074,39567069.2,271,,
2026-07-08,BGWT,,563,550,562.9,,,3167,1757399,42,,
2026-07-08,BHCL,,519,490,490,,,29957,15054137.9,351,,
2026-07-08,BHDC,,438.4,430.3,432,,,9081,3943629,67,,
2026-07-08,BHL,,210,205,205.1,,,86329,17823606.4,363,,
2026-07-08,BHPL,,502.9,488,492,,,6292,3093510.6,58,,
2026-07-08,BJHL,,795,766.1,766.1,,,6462,5026304.8,153,,
2026-07-08,BNHC,,307,303.5,304,,,6162,1879379.2,39,,
2026-07-08,BNL,,14301.8,14301.8,14301.8,,,0,0,0,,
2026-07-08,BNT,,11600,11600,11600,,,36,417600,2,,
2026-07-08,BPCL,,652,641,646.9,,,20052,12918955.6,106,,
2026-07-08,BUNGAL,,654,587,600.5,,,84365,51701496.5,452,,
2026-07-08,CBBL,,920,907,919.9,,,11723,10718669.1,202,,
2026-07-08,CFCL,,636,610.1,617.9,,,68234,42146408.4,247,,
2026-07-08,CGH,,780,770,776.4,,,3919,3035641.5,48,,
2026-07-08,CHCL,,485,475,475.1,,,19146,9138108.4,138,,
2026-07-08,CHDC,,2120.9,2086.1,2099,,,8414,17655435.8,120,,
2026-07-08,CHL,,261,255,258,,,13321,3434764.9,67,,
2026-07-08,CIT,,1700,1688.2,1688.2,,,3454,5837656.2,95,,
2026-07-08,CITY,,380,359.9,370,,,180593,66889386.8,711,,
2026-07-08,CKHL,,590,560,590,,,1190,683936,24,,
2026-07-08,CLI,,458,444,449,,,9139,4088033.8,133,,
2026-07-08,CREST,,1276.8,1189.2,1208.5,,,7080,8482949.5,98,,
2026-07-08,CYCL,,1411.9,1358,1380,,,896,1228585.8,36,,
2026-07-08,CZBIL,,198,190,195.7,,,28568,5591494,158,,
2026-07-08,DDBL,,827,817.1,821.1,,,2707,2227552.1,44,,
2026-07-08,DHEL,,588,571.1,585,,,7177,4154005.7,139,,
2026-07-08,DHPL,,292,281.3,281.3,,,2184,621796.4,23,,
2026-07-08,DLBS,,1215,1186.1,1201,,,1638,1965200.7,18,,
2026-07-08,DOLTI,,339,328.9,330,,,33112,11016642.1,157,,
2026-07-08,DORDI,,253,246.1,247,,,20342,5066087.4,125,,
2026-07-08,EBL,,707,695,698.1,,,19412,13543851.9,183,,
2026-07-08,EHPL,,386,353,360,,,15712,5631787.8,133,,
2026-07-08,ENL,,840,790,823,,,2109,1679026,41,,
2026-07-08,FMDBL,,767,745,749.1,,,8071,6069889.9,86,,
2026-07-08,FOWAD,,992,970,992,,,4176,4076179,54,,
2026-07-08,GBIME,,249,242,244,,,90962,22173430,344,,
2026-07-08,GBLBS,,748,735,748,,,3394,2506943.7,45,,
2026-07-08,GCIL,,343,335.6,336,,,21772,7381558.9,225,,
2026-07-08,GFCL,,623.9,607,615,,,8112,4966069.8,61,,
2026-07-08,GHL,,221.9,218,218.9,,,15552,3410328.2,63,,
2026-07-08,GILB,,1108.9,1078.3,1104,,,268,289840.2,20,,
2026-07-08,GLBSL,,1822,1743,1780,,,702,1228031.3,14,,
2026-07-08,GLH,,252.1,248,249,,,21341,5326885.6,137,,
2026-07-08,GMFBS,,1236,1173.1,1206,,,150,178806.9,7,,
2026-07-08,GMFIL,,467.4,449.1,456,,,22158,10026936.5,72,,
2026-07-08,GMLI,,1179,1136,1173.9,,,858,989389,40,,
2026-07-08,GUFL,,555,545,548,,,9564,5233526.5,70,,
2026-07-08,GVL,,474.9,467.3,473,,,4501,2112978.7,59,,
2026-07-08,HATHY,,745,681.1,703,,,8237,5803125.1,115,,
2026-07-08,HBL,,200,193.1,196,,,47539,9268211.7,543,,
2026-07-08,HDHPC,,210,198.6,206.7,,,84690,17565720.1,263,,
2026-07-08,HDL,,1153.5,1145,1147,,,20807,23848003.8,245,,
2026-07-08,HFIN,,700,665,669.1,,,25742,17539533.9,511,,
2026-07-08,HHL,,344,332,336.5,,,19983,6709380.5,128,,
2026-07-08,HIDCL,,253,249,252.4,,,45619,11435783.2,242,,
2026-07-08,HIMSTAR,,737.9,713.1,713.1,,,3085,2224491,69,,
2026-07-08,HLBSL,,882,844,875,,,1764,1507075,28,,
2026-07-08,HLI,,329.4,320,322,,,22294,7151757.6,230,,
2026-07-08,HPPL,,368,357.3,362,,,23084,8354968.1,135,,
2026-07-08,HRL,,585,565,569.5,,,39826,22703569.9,541,,
2026-07-08,HURJA,,232,228.9,230,,,37804,8682586.7,127,,
2026-07-08,ICFC,,615.9,605.5,608,,,5875,3574960.1,53,,
2026-07-08,IHL,,365,351.3,357.2,,,10481,3719624,73,,
2026-07-08,ILBS,,949,850,875,,,799,692959,25,,
2026-07-08,ILI,,424,399,418,,,7754,3254449.3,175,,
2026-07-08,JBLB,,1245,1235,1239.5,,,2922,3615063.4,90,,
2026-07-08,JFL,,400,390,390,,,8190,3221934.8,54,,
2026-07-08,JHAPA,,1246.5,1110.7,1140,,,13188,15294676.8,219,,
2026-07-08,JOSHI,,264.9,259.5,259.6,,,5384,1401148.5,31,,
2026-07-08,JSLBB,,1005,970,970,,,1176,1150506,25,,
2026-07-08,KAHL,,542.2,485,487,,,142982,70837396.4,14284,,
2026-07-08,KBL,,215,210.3,211.8,,,85303,18096003.4,296,,
2026-07-08,KBSH,,1368.9,1290.1,1310,,,166,217875.4,15,,
2026-07-08,KDL,,784.6,765.1,784.6,,,1761,1354945.5,46,,
2026-07-08,KHPL,,889,870,889,,,17680,15445078.1,269,,
2026-07-08,KKHC,,266.79,250,250,,,37237,9463439.6,214,,
2026-07-08,KMCDB,,808.9,777.7,794.9,,,1303,1024008.2,28,,
2026-07-08,KPCL,,470,465,465,,,5310,2473429.8,62,,
2026-07-08,LEC,,215,200.5,209.8,,,36498,7622074.3,162,,
2026-07-08,LICN,,780,775.2,779,,,4590,3565089,61,,
2026-07-08,LLBS,,924.9,876.1,912,,,417,374154.8,15,,
2026-07-08,LSL,,219.9,216.4,218,,,32918,7149947,139,,
2026-07-08,MABEL,,633,600,600,,,7412,4485481.8,105,,
2026-07-08,MAKAR,,460.8,455.3,455.3,,,2460,1127241,25,,
2026-07-08,MANDU,,805,781,790,,,3483,2782018,37,,
2026-07-08,MATRI,,865.3,839.3,840,,,1474,1243084.4,35,,
2026-07-08,MBJC,,276,270.4,271.2,,,6739,1828865,154,,
2026-07-08,MBL,,254,242.5,245,,,67349,16476536.4,185,,
2026-07-08,MCHL,,290,277.5,285,,,9671,2739859.7,72,,
2026-07-08,MEHL,,324,318.1,324,,,550,176263,29,,
2026-07-08,MEL,,219,214,214,,,19721,4244159.6,142,,
2026-07-08,MEN,,585,565,569,,,44649,25320481.7,347,,
2026-07-08,MERO,,695,675,695,,,1574,1072846.9,30,,
2026-07-08,MFIL,,774.9,765,769.8,,,46320,35698094,104,,
2026-07-08,MHCL,,330,318.2,318.2,,,4284,1381369,58,,
2026-07-08,MHL,,491,463,474.9,,,3811,1794720,58,,
2026-07-08,MHNL,,238.9,230.1,234,,,7885,1834584.9,56,,
2026-07-08,MKCL,,1087.9,1070,1087.9,,,960,1028826.6,27,,
2026-07-08,MKHC,,299.9,294,299.9,,,6188,1831280,45,,
2026-07-08,MKHL,,493.9,471.1,478,,,3101,1466796.3,35,,
2026-07-08,MKJC,,475,445.5,447,,,6303,2865201.8,47,,
2026-07-08,MLBBL,,1139,1084.9,1137,,,346,392089.8,13,,
2026-07-08,MLBS,,1180,1150.1,1179,,,165,192851.5,7,,
2026-07-08,MLBSL,,1748.7,1681.3,1739,,,120,204193.4,12,,
2026-07-08,MMKJL,,478,462,466.5,,,2537,1194107.8,26,,
2026-07-08,MPFL,,620,605.6,619.7,,,17295,10578944.8,65,,
2026-07-08,MSHL,,612.2,595,600,,,1374,826004,29,,
2026-07-08,MSLB,,1249.9,1212.7,1242,,,967,1175638.4,32,,
2026-07-08,NABIL,,539.8,528.1,532,,,32674,17334986.3,346,,
2026-07-08,NADEP,,730,711.2,730,,,938,670892.9,17,,
2026-07-08,NBL,,269.9,257,265,,,39787,10542726,148,,
2026-07-08,NESDO,,1518,1499.1,1518,,,710,1072721.1,7,,
2026-07-08,NFS,,597.6,575.2,575.5,,,13065,7586627.3,135,,
2026-07-08,NGPL,,408.8,402.4,405.9,,,65121,26392237.1,267,,
2026-07-08,NHDL,,644.6,630,644.6,,,1987,1260774.8,26,,
2026-07-08,NHPC,,262.9,252.6,255,,,136233,34789217.1,487,,
2026-07-08,NICA,,336.2,328.1,332,,,55337,18394261.7,215,,
2026-07-08,NICLBSL,,564.5,551.3,554,,,3998,2215709.4,62,,
2026-07-08,NIFRA,,250,246,247,,,38174,9424466.9,340,,
2026-07-08,NIMB,,195,192,192.6,,,58091,11200859.3,251,,
2026-07-08,NLIC,,745.9,735,739.9,,,20922,15496468.3,206,,
2026-07-08,NLICL,,578,571,577,,,7823,4479265.7,37,,
2026-07-08,NLO,,269.4,269.4,269.4,,,0,0,0,,
2026-07-08,NMB,,239,236.1,237,,,15811,3748950.3,116,,
2026-07-08,NMBMF,,611,600,611,,,718,432165.1,19,,
2026-07-08,NMFBS,,1129.5,1107.5,1110.1,,,3268,3635942.5,39,,
2026-07-08,NMLBBL,,545.1,531.1,541,,,8458,4559711.9,69,,
2026-07-08,NRIC,,952,934.9,935.1,,,16006,15025834.5,162,,
2026-07-08,NRM,,324,315,320,,,3666,1165735.1,74,,
2026-07-08,NRN,,1424.9,1370,1395,,,67400,93363228.3,420,,
2026-07-08,NTC,,850,846,847,,,4358,3694214,123,,
2026-07-08,NUBL,,620,600.1,615,,,11164,6753436,97,,
2026-07-08,NWCL,,730,705.1,713.4,,,2322,1683458.5,34,,
2026-07-08,NYADI,,388.4,371,375,,,3384,1267761,57,,
2026-07-08,OHL,,696.9,670,670,,,310,208627,4,,
2026-07-08,OMPL,,1007,940,955,,,4020,3866434.7,117,,
2026-07-08,PCBL,,237,231.2,234,,,40443,9404165,163,,
2026-07-08,PCIL,,645,615.1,623,,,23862,14907187.2,839,,
2026-07-08,PFL,,365,358,364,,,6597,2377756.5,45,,
2026-07-08,PHCL,,300,293,293,,,52473,15525764.9,190,,
2026-07-08,PMHPL,,320,316,316.1,,,1667,528519.1,21,,
2026-07-08,PMLI,,454,440.5,445,,,2180,967078.5,63,,
2026-07-08,PPCL,,338.5,330,333,,,12285,4068041.1,57,,
2026-07-08,PPL,,335,320.1,329.7,,,5108,1684947.3,67,,
2026-07-08,PROFL,,440,433.1,440,,,3509,1533896.8,34,,
2026-07-08,PRVU,,194.5,190,190.2,,,79604,15228054.3,340,,
2026-07-08,PURE,,802,770.2,770.2,,,7384,5787147.7,105,,
2026-07-08,RADHI,,720,698.1,703,,,29386,20637227.3,150,,
2026-07-08,RAWA,,435.4,421,427,,,16193,6918214,144,,
2026-07-08,RFPL,,345,332.3,337,,,19620,6602069.9,109,,
2026-07-08,RHGCL,,272,260.2,262,,,17038,4482628.4,90,,
2026-07-08,RHPL,,264,260.1,261.1,,,13970,3653377.3,93,,
2026-07-08,RIDI,,342,322.5,324,,,145830,47512184.9,389,,
2026-07-08,RLEL,,860,801,809,,,7238,5915565.2,177,,
2026-07-08,RLFL,,470.9,455,463,,,22973,10553820.2,138,,
2026-07-08,RNLI,,450,445.3,448.5,,,13422,6009736.2,199,,
2026-07-08,RSDC,,648,631.1,645.9,,,3429,2184869.4,42,,
2026-07-08,RSML,,3109,3020,3040,,,16075,49191246.7,293,,
2026-07-08,RURU,,635,622,625,,,2498,1562880.7,39,,
2026-07-08,SAGAR,,1589,1540.1,1587,,,6611,10317379.9,126,,
2026-07-08,SAHAS,,654.5,641.3,648,,,74375,47969137.6,454,,
2026-07-08,SAIL,,896,860.5,867,,,15715,13750706.8,214,,
2026-07-08,SANIMA,,355.1,350,353.8,,,70394,24771649.3,186,,
2026-07-08,SANVI,,614.9,600,603.9,,,10510,6370679.5,137,,
2026-07-08,SARBTM,,810.9,795,803.9,,,11845,9483299.5,86,,
2026-07-08,SBI,,391,386,388.7,,,7856,3042358.1,63,,
2026-07-08,SBL,,393,388.1,389.1,,,49525,19246636.8,99,,
2026-07-08,SCB,,649.7,640,640,,,11710,7515791.2,101,,
2026-07-08,SGHC,,338,325.1,332.2,,,6473,2151557.2,73,,
2026-07-08,SGHL,,509,465.1,471.1,,,164060,78457570,16298,,
2026-07-08,SHEL,,299,294.3,297,,,35370,10462867.9,178,,
2026-07-08,SHIVM,,645,622,623,,,66713,41741087.3,380,,
2026-07-08,SHL,,505,490,493,,,18401,9048692.7,75,,
2026-07-08,SHLB,,1548.9,1453.3,1453.3,,,307,467055.9,17,,
2026-07-08,SHPC,,494,490,492.9,,,19830,9735292.7,101,,
2026-07-08,SIFC,,539.9,522,524,,,3009,1577974.5,27,,
2026-07-08,SIKLES,,554,547.3,549,,,5403,2968448.1,71,,
2026-07-08,SIPD,,608.7,590,600,,,12126,7242504.2,375,,
2026-07-08,SJCL,,276.9,268,273.9,,,9131,2464135.6,95,,
2026-07-08,SJLIC,,421,415.2,416.3,,,17668,7399631.5,115,,
2026-07-08,SKBBL,,749.9,741,744.2,,,11241,8376980,158,,
2026-07-08,SKHEL,,937.8,904,912,,,5265,4822965.4,129,,
2026-07-08,SKHL,,971,891,910,,,7251,6526304.5,223,,
2026-07-08,SLBBL,,798,788,798,,,7861,6223975.2,101,,
2026-07-08,SLBSL,,1148,1120,1130,,,2081,2347214.4,30,,
2026-07-08,SMATA,,752,742,743,,,1542,1147120.1,52,,
2026-07-08,SMB,,1892,1802,1808,,,3745,6908629.6,73,,
2026-07-08,SMFBS,,1700,1581,1597.9,,,5309,8773303,28,,
2026-07-08,SMH,,520,513.8,514,,,8555,4405260,128,,
2026-07-08,SMHL,,479,468.3,473,,,26066,12240462.8,121,,
2026-07-08,SMJC,,452,435,447,,,11914,5223171,85,,
2026-07-08,SMPDA,,810,772,782,,,1153,899310.9,35,,
2026-07-08,SNLI,,434,424,427.5,,,15909,6805668.5,218,,
2026-07-08,SNORL,,810,727.4,786.5,,,31280,24215171,2962,,
2026-07-08,SOHL,,600,575,582,,,52845,31021781.8,947,,
2026-07-08,SONA,,419,413,414.6,,,28253,11744140,195,,
2026-07-08,SOPL,,855,810,827,,,48156,39901566.3,1667,,
2026-07-08,SPC,,425,411,422.3,,,6404,2674431,61,,
2026-07-08,SPDL,,386,366,375.1,,,17802,6568809.3,72,,
2026-07-08,SPHL,,559,535,554.9,,,12168,6679948.4,69,,
2026-07-08,SPL,,697.1,645.2,665,,,1027,684254.8,25,,
2026-07-08,SRLI,,381.9,377,379.9,,,12441,4705617,165,,
2026-07-08,SSHL,,211,196,197.5,,,64288,12775307.4,280,,
2026-07-08,STC,,5150,5050,5150,,,1686,8575902,16,,
2026-07-08,SWASTIK,,2061,2012.1,2057.9,,,567,1160242.9,26,,
2026-07-08,SWBBL,,685,670,683.9,,,11096,7512119.6,105,,
2026-07-08,SWMF,,620,607.1,619.8,,,2445,1499553.9,31,,
2026-07-08,SYPNL,,1368,1300,1354,,,36378,49333756.2,428,,
2026-07-08,TAMOR,,443,438,439,,,24035,10560951,95,,
2026-07-08,TPC,,358,352,352.1,,,7716,2723041.8,50,,
2026-07-08,TPKHL,,530,500,510,,,38135,19505078.9,2766,,
2026-07-08,TRH,,776,768.1,776,,,1503,1160013.3,8,,
2026-07-08,TSHL,,395,375,379,,,8952,3449289.4,112,,
2026-07-08,TTL,,757.8,706,728.5,,,13612,9827299.8,227,,
2026-07-08,TVCL,,480,466,469,,,2740,1291558.6,33,,
2026-07-08,UHEWA,,600,551,563,,,41611,23442272.6,217,,
2026-07-08,ULBSL,,3180,2780,2840,,,624,1845503.2,34,,
2026-07-08,ULHC,,405.4,391.3,391.3,,,11015,4385143.3,111,,
2026-07-08,UMHL,,580,563,580,,,40260,22922420.1,158,,
2026-07-08,UMRH,,539,515,515,,,9160,4745221.3,55,,
2026-07-08,UNHPL,,391,384.6,387,,,16650,6428704.6,63,,
2026-07-08,UNL,,47200,47200,47200,,,10,472000,1,,
2026-07-08,UNLB,,1337,1285,1299,,,278,359620,13,,
2026-07-08,UPCL,,360,348.1,360,,,62094,21803258.1,153,,
2026-07-08,UPPER,,199,191,192.9,,,66987,12867433.2,378,,
2026-07-08,USHEC,,486,475.3,485,,,7304,3531429.1,64,,
2026-07-08,USHL,,504,481.3,481.3,,,3240,1582835.6,71,,
2026-07-08,USLB,,1218,1173.7,1210,,,1170,1385448.1,33,,
2026-07-08,VLBS,,689,672.5,672.5,,,3793,2586083.1,91,,
2026-07-08,VLUCL,,442,430,435,,,4346,1901360.6,58,,
2026-07-08,YMHL,,590,562,564.2,,,36973,21191387,2106,,
2026-07-09,ACLBSL,,936.8,901,920,,,477,432535.4,19,,
2026-07-09,ADBL,,306,303,304,,,13934,4240969,107,,
2026-07-09,AHL,,427,409,421,,,4736,1959108.4,58,,
2026-07-09,AHPC,,262,260,260.1,,,49995,13026843,222,,
2026-07-09,AKJCL,,354,343,347,,,297549,104169725.4,687,,
2026-07-09,AKPL,,253,248,250,,,72613,18187312.8,248,,
2026-07-09,ALBSL,,1064.8,1041,1064.8,,,1015,1065848.2,37,,
2026-07-09,ALICL,,430.5,420,420,,,20644,8805446,200,,
2026-07-09,ANLB,,6274,5576,5798,,,1731,9847496,67,,
2026-07-09,APHL,,932,807.1,871.6,,,31890,27296535.3,735,,
2026-07-09,API,,333.8,327,328,,,138762,45567205.8,416,,
2026-07-09,AVYAN,,1045,1030.2,1040,,,567,588686.7,23,,
2026-07-09,BANDIPUR,,725,710,713,,,12877,9234454.9,301,,
2026-07-09,BARUN,,320,312,312,,,32332,10169903.7,170,,
2026-07-09,BBC,,4194,4101,4101,,,155,638956,13,,
2026-07-09,BEDC,,324.9,315,317.9,,,9244,2937694.7,102,,
2026-07-09,BFC,,530,515.8,523,,,148814,77659401.4,243,,
2026-07-09,BGWT,,562.9,550,560,,,1165,644186.6,28,,
2026-07-09,BHCL,,499,474,474,,,45833,22114729.5,365,,
2026-07-09,BHDC,,433,425.3,429,,,10402,4447773.2,63,,
2026-07-09,BHL,,206.3,204.8,205,,,51839,10643239.4,263,,
2026-07-09,BHPL,,494.4,478.2,489,,,5962,2879044.3,51,,
2026-07-09,BJHL,,784,720.8,740,,,6061,4459118.5,182,,
2026-07-09,BNHC,,304.1,299.3,300.1,,,5676,1705125,67,,
2026-07-09,BNL,,14301.8,14301.8,14301.8,,,0,0,0,,
2026-07-09,BNT,,11600,11550,11550,,,40,463500,3,,
2026-07-09,BPCL,,650,640.1,650,,,12759,8231059,78,,
2026-07-09,BUNGAL,,605,578,585,,,42423,24754030,287,,
2026-07-09,CBBL,,919.9,909,912,,,25423,23191854.9,222,,
2026-07-09,CFCL,,622,608,614,,,144859,88879316.7,178,,
2026-07-09,CGH,,775,766,775,,,3628,2798720.7,69,,
2026-07-09,CHCL,,480,475.1,477,,,21633,10335372.1,103,,
2026-07-09,CHDC,,2133,2090,2109,,,10953,23060311.7,118,,
2026-07-09,CHL,,256,253,256,,,4946,1258482,50,,
2026-07-09,CIT,,1690,1683,1683,,,3820,6436136.4,123,,
2026-07-09,CITY,,374.9,358.9,363.9,,,169114,61423720.9,708,,
2026-07-09,CKHL,,587,561.1,582.4,,,1060,605684,21,,
2026-07-09,CLI,,449,441.5,444,,,8752,3897507.5,137,,
2026-07-09,CREST,,1239,1170,1196.1,,,7972,9430784,117,,
2026-07-09,CYCL,,1390,1309.5,1379.9,,,1969,2645634.4,73,,
2026-07-09,CZBIL,,197,192.1,195.5,,,42909,8374719.8,105,,
2026-07-09,DDBL,,824.9,815,819.1,,,6318,5171938.9,63,,
2026-07-09,DHEL,,585,565,573.9,,,10667,6089798,188,,
2026-07-09,DHPL,,285,272,275.9,,,3308,907477.8,28,,
2026-07-09,DLBS,,1222,1200,1200,,,245,298299,11,,
2026-07-09,DOLTI,,337.9,321,321,,,22656,7369804.2,207,,
2026-07-09,DORDI,,250,246,246.5,,,16707,4131475.1,87,,
2026-07-09,EBL,,701,697,697,,,12059,8424632.4,111,,
2026-07-09,EHPL,,363,352,352,,,3829,1357124,56,,
2026-07-09,ENL,,820,777,800.1,,,780,619957,24,,
2026-07-09,FMDBL,,767,743,760,,,10388,7773175.8,87,,
2026-07-09,FOWAD,,990,960,960,,,1341,1298786.2,46,,
2026-07-09,GBIME,,245,241,242,,,132974,32216122.1,338,,
2026-07-09,GBLBS,,748,731.6,731.6,,,1831,1346827.9,40,,
2026-07-09,GCIL,,338,328,328.1,,,25487,8470316.4,246,,
2026-07-09,GFCL,,615.1,602.5,609,,,12646,7673435.9,46,,
2026-07-09,GHL,,218,216,216.4,,,36008,7793487,103,,
2026-07-09,GILB,,1100,1068,1100,,,2022,2171529,29,,
2026-07-09,GLBSL,,1780,1740,1740,,,598,1043123.7,14,,
2026-07-09,GLH,,249.8,245.7,248.9,,,18441,4546752.8,110,,
2026-07-09,GMFBS,,1240,1169,1195,,,592,696430,14,,
2026-07-09,GMFIL,,463.9,451.5,454.3,,,4410,1996841.8,33,,
2026-07-09,GMLI,,1149.9,1115,1149.9,,,849,960773.3,44,,
2026-07-09,GUFL,,548,541.2,544,,,6888,3752529.4,68,,
2026-07-09,GVL,,470,466.1,470,,,6136,2870620.7,78,,
2026-07-09,HATHY,,696,667,689.9,,,6267,4266627.7,116,,
2026-07-09,HBL,,196.9,191.1,194,,,29763,5760323.3,508,,
2026-07-09,HDHPC,,207,204,205.8,,,67537,13841255.5,243,,
2026-07-09,HDL,,1149.9,1143.2,1144,,,25218,28883451.8,289,,
2026-07-09,HFIN,,669,650.1,658.9,,,16585,10954582.8,502,,
2026-07-09,HHL,,338.6,330.6,335.9,,,13407,4464096.4,68,,
2026-07-09,HIDCL,,252.9,248.2,248.2,,,33072,8248808.8,206,,
2026-07-09,HIMSTAR,,713,659.6,678,,,9538,6530961.4,170,,
2026-07-09,HLBSL,,869,850,869,,,4231,3614619,25,,
2026-07-09,HLI,,324,318,320,,,21648,6923602.5,187,,
2026-07-09,HPPL,,367,352.5,365.1,,,54567,19894062.4,126,,
2026-07-09,HRL,,569,558.1,560,,,48029,27066662.4,549,,
2026-07-09,HURJA,,230,226,227.4,,,32493,7371334.6,115,,
2026-07-09,ICFC,,608,590,605,,,9895,5943577,89,,
2026-07-09,IHL,,364.9,340,348,,,10822,3744058.3,84,,
2026-07-09,ILBS,,908.2,831.3,865,,,1053,909583.8,27,,
2026-07-09,ILI,,417,413.6,415.9,,,3206,1332811,150,,
2026-07-09,JBLB,,1240,1225,1231,,,3616,4459411,99,,
2026-07-09,JFL,,396.9,385,385.1,,,2671,1036897,39,,
2026-07-09,JHAPA,,1141,1021.5,1127,,,31997,35154840.4,322,,
2026-07-09,JOSHI,,260,252,254,,,9239,2354257.7,70,,
2026-07-09,JSLBB,,1000,945,1000,,,70,68465,5,,
2026-07-09,KAHL,,480,463,477,,,55910,26297794,5591,,
2026-07-09,KBL,,213,207.9,209,,,107075,22389023.4,355,,
2026-07-09,KBSH,,1385,1270.8,1301,,,269,349829.9,15,,
2026-07-09,KDL,,794.7,767,774.9,,,585,451551.5,23,,
2026-07-09,KHPL,,894.5,870,892.9,,,10580,9336556.5,254,,
2026-07-09,KKHC,,259.5,245,249.8,,,24532,6150761,146,,
2026-07-09,KMCDB,,790,770,790,,,1876,1459733.5,47,,
2026-07-09,KPCL,,467.5,460.3,467.5,,,2623,1214976.8,27,,
2026-07-09,LEC,,211.9,205.6,206.8,,,52689,10893622,162,,
2026-07-09,LICN,,780,774.9,779.7,,,9199,7143539.8,74,,
2026-07-09,LLBS,,915.9,881,915.9,,,186,167813.5,8,,
2026-07-09,LSL,,218.6,217,217.1,,,61732,13429801,136,,
2026-07-09,MABEL,,600,576,578,,,8069,4709310,124,,
2026-07-09,MAKAR,,460,455,458,,,775,354658.4,20,,
2026-07-09,MANDU,,810,780,800,,,4232,3400178.4,51,,
2026-07-09,MATRI,,828,824.1,826,,,333,275155.3,12,,
2026-07-09,MBJC,,271,268.1,268.5,,,8913,2403207.3,124,,
2026-07-09,MBL,,246.9,242.4,245,,,57546,14084916.3,102,,
2026-07-09,MCHL,,293,274,274.1,,,9006,2500343.8,83,,
2026-07-09,MEHL,,330,313,314,,,4543,1440815.6,63,,
2026-07-09,MEL,,218.9,213,213.7,,,23778,5097362.9,138,,
2026-07-09,MEN,,570,562,564,,,56042,31625300.2,317,,
2026-07-09,MERO,,710,671,690,,,12563,8502761.4,70,,
2026-07-09,MFIL,,773,765.1,772,,,48827,37569157.7,108,,
2026-07-09,MHCL,,321,312.2,316.5,,,4637,1468860.7,63,,
2026-07-09,MHL,,472,464,464,,,1844,860398,24,,
2026-07-09,MHNL,,239,229,233,,,12347,2853260.6,54,,
2026-07-09,MKCL,,1102,1065,1082,,,2262,2420869.5,29,,
2026-07-09,MKHC,,301.2,293,297,,,6796,2001134.7,58,,
2026-07-09,MKHL,,479,472,474.5,,,8217,3913047,52,,
2026-07-09,MKJC,,447,442,446.1,,,4777,2129476.2,40,,
2026-07-09,MLBBL,,1140,1140,1140,,,20,22800,2,,
2026-07-09,MLBS,,1146,1144,1144,,,100,114510,6,,
2026-07-09,MLBSL,,1739,1690.2,1729.9,,,308,523016.6,19,,
2026-07-09,MMKJL,,470,454,459,,,1752,801391.5,43,,
2026-07-09,MPFL,,610,600,605,,,7597,4584730,76,,
2026-07-09,MSHL,,610,600,600,,,2065,1243805.5,35,,
2026-07-09,MSLB,,1256.5,1210.1,1235,,,369,449974.8,20,,
2026-07-09,NABIL,,533,527.5,528.6,,,42398,22457149,361,,
2026-07-09,NADEP,,726.9,710,726.9,,,827,587750.1,15,,
2026-07-09,NBL,,268,263.6,264,,,31375,8292468.3,119,,
2026-07-09,NESDO,,1515,1465,1477,,,881,1311808.3,24,,
2026-07-09,NFS,,583.9,567,567,,,6360,3635836.5,84,,
2026-07-09,NGPL,,410,402.1,409,,,100458,40927629.1,275,,
2026-07-09,NHDL,,644,631,631,,,1413,895157,25,,
2026-07-09,NHPC,,257.9,250,253,,,135613,34374801.9,382,,
2026-07-09,NICA,,332.8,328,329.9,,,32553,10747942.7,138,,
2026-07-09,NICLBSL,,554,549,552,,,3694,2033665.7,69,,
2026-07-09,NIFRA,,250,244,244,,,66307,16250107.3,388,,
2026-07-09,NIMB,,194.5,190,191,,,125288,23943712.6,352,,
2026-07-09,NLIC,,740,735.1,739.9,,,17824,13156497.9,133,,
2026-07-09,NLICL,,575,570.2,570.2,,,15725,8995439.3,35,,
2026-07-09,NLO,,269.4,269.4,269.4,,,0,0,0,,
2026-07-09,NMB,,239.9,235,235.6,,,38267,9028790,136,,
2026-07-09,NMBMF,,610,598,608,,,1163,697336.5,17,,
2026-07-09,NMFBS,,1110.5,1102,1104.2,,,6014,6663072.2,46,,
2026-07-09,NMLBBL,,549,525,525,,,7387,3903858.9,95,,
2026-07-09,NRIC,,950,935.8,940,,,19948,18771208.6,156,,
2026-07-09,NRM,,320,313.2,316.2,,,2781,877864.6,66,,
2026-07-09,NRN,,1390,1371,1372,,,38347,52917247.2,211,,
2026-07-09,NTC,,848.9,843,847,,,5465,4630716.9,126,,
2026-07-09,NUBL,,611,601.6,606,,,6643,4028978.9,33,,
2026-07-09,NWCL,,723.5,714,723.5,,,1120,799938,14,,
2026-07-09,NYADI,,375,365,374,,,4846,1792036.5,65,,
2026-07-09,OHL,,670,662.1,669,,,232,154041.4,10,,
2026-07-09,OMPL,,955,895,900,,,5739,5243967.6,159,,
2026-07-09,PCBL,,233.5,231,231,,,54301,12566644.7,159,,
2026-07-09,PCIL,,622,606.2,609,,,20390,12513627.7,805,,
2026-07-09,PFL,,364.9,355.2,364,,,4397,1575119.8,46,,
2026-07-09,PHCL,,300.9,292,293.8,,,31375,9201868.1,155,,
2026-07-09,PMHPL,,354,300.3,315,,,5825,1813006.9,67,,
2026-07-09,PMLI,,450,441.5,444.5,,,1509,668921.9,54,,
2026-07-09,PPCL,,333.9,324.1,328.7,,,5566,1822673.4,59,,
2026-07-09,PPL,,326,314,323,,,15131,4864384.3,76,,
2026-07-09,PROFL,,432.9,427.1,432.9,,,2307,991656.7,19,,
2026-07-09,PRVU,,192,189,190,,,70993,13483133,288,,
2026-07-09,PURE,,780,736.2,749.9,,,8519,6389451,125,,
2026-07-09,RADHI,,717.9,695.2,705,,,16347,11488757.9,112,,
2026-07-09,RAWA,,429,407.6,420,,,23760,10028708.5,141,,
2026-07-09,RFPL,,338,331,333.8,,,13606,4534687.5,104,,
2026-07-09,RHGCL,,263.6,255,257.9,,,12540,3245074,78,,
2026-07-09,RHPL,,262,260,260.2,,,14193,3706268.5,92,,
2026-07-09,RIDI,,330,321,326.5,,,130033,42425697.5,313,,
2026-07-09,RLEL,,823,768,768,,,5453,4277265.2,197,,
2026-07-09,RLFL,,465.9,439.9,463.3,,,20070,9232358.2,87,,
2026-07-09,RNLI,,449.9,445.5,449.7,,,14625,6540280.2,148,,
2026-07-09,RSDC,,645.9,632,643,,,4094,2599146.3,43,,
2026-07-09,RSML,,3090,2949,2999,,,53793,161375132.4,615,,
2026-07-09,RURU,,625,620.1,621,,,1667,1038748.8,19,,
2026-07-09,SAGAR,,1586,1530.1,1578,,,4389,6789783.1,97,,
2026-07-09,SAHAS,,687,642,644.9,,,117331,77525356.5,382,,
2026-07-09,SAIL,,874.1,824,859,,,21914,18803446.6,250,,
2026-07-09,SANIMA,,359.4,351.4,352.1,,,55167,19543957.4,129,,
2026-07-09,SANVI,,600,585,594,,,10254,6081336.2,154,,
2026-07-09,SARBTM,,805,782,793,,,9174,7288715.9,101,,
2026-07-09,SBI,,389.9,385.5,388.3,,,21382,8266267.8,66,,
2026-07-09,SBL,,392,388,388.3,,,59169,23010624.3,116,,
2026-07-09,SCB,,648,638,642,,,14689,9400967.5,86,,
2026-07-09,SGHC,,333.7,325,331,,,4000,1323921,47,,
2026-07-09,SGHL,,471.1,445.2,458.8,,,83860,37909295.5,8360,,
2026-07-09,SHEL,,297,293.1,293.7,,,30995,9111705.7,136,,
2026-07-09,SHIVM,,640,619.5,622.9,,,85479,53171341.4,373,,
2026-07-09,SHL,,500,488.5,492,,,33083,16254545,74,,
2026-07-09,SHLB,,1437,1430,1436,,,130,186655,5,,
2026-07-09,SHPC,,498,488,489,,,35609,17506788,129,,
2026-07-09,SIFC,,521,511.2,515,,,3474,1782499.8,27,,
2026-07-09,SIKLES,,555,545.7,551.9,,,3189,1747587.2,41,,
2026-07-09,SIPD,,600,580.1,590,,,10144,5957395,343,,
2026-07-09,SJCL,,272.7,267.2,272.3,,,4770,1290806.2,54,,
2026-07-09,SJLIC,,419,413,414,,,17500,7277325,125,,
2026-07-09,SKBBL,,750,741.4,743,,,9757,7259891.2,115,,
2026-07-09,SKHEL,,920,892.5,901,,,4535,4077738.6,114,,
2026-07-09,SKHL,,955,875,875.2,,,10327,9116414,226,,
2026-07-09,SLBBL,,798,780.5,793.8,,,6026,4739623.5,83,,
2026-07-09,SLBSL,,1159.8,1082,1159.8,,,5638,6212919.2,65,,
2026-07-09,SMATA,,760,734,734,,,1945,1431654.3,48,,
2026-07-09,SMB,,1909.9,1805,1822,,,2096,3853474.1,65,,
2026-07-09,SMFBS,,1650,1535,1589.9,,,1719,2662524,33,,
2026-07-09,SMH,,514,500.1,508.2,,,4815,2444429.2,87,,
2026-07-09,SMHL,,472,466.1,470,,,52642,24740095.5,91,,
2026-07-09,SMJC,,501,432,440,,,8475,3808295.5,95,,
2026-07-09,SMPDA,,803,771,785,,,1126,871837.5,27,,
2026-07-09,SNLI,,430,423,423.1,,,9490,4041464.3,178,,
2026-07-09,SNORL,,904.4,770,879,,,29352,24260216.3,1766,,
2026-07-09,SOHL,,585,561,570,,,74396,42445642.2,1057,,
2026-07-09,SONA,,414.9,406,406.3,,,35598,14553941.8,254,,
2026-07-09,SOPL,,850,792.5,792.6,,,39702,32141505.2,1559,,
2026-07-09,SPC,,423,415.1,420,,,1969,823419.2,34,,
2026-07-09,SPDL,,374,361.5,369.9,,,18187,6642610.4,83,,
2026-07-09,SPHL,,550,530,545.9,,,3068,1658603.6,41,,
2026-07-09,SPL,,669,655,659,,,1875,1235573,9,,
2026-07-09,SRLI,,377.7,373.6,376.9,,,19247,7217195.2,173,,
2026-07-09,SSHL,,198.9,195,195.5,,,63363,12392408.2,297,,
2026-07-09,STC,,5190,5040.1,5190,,,2159,10968867.8,37,,
2026-07-09,SWASTIK,,2050,2000,2030,,,587,1181083.8,31,,
2026-07-09,SWBBL,,690,655,669.9,,,43664,28825153,215,,
2026-07-09,SWMF,,615,605.1,607.9,,,2531,1538391.2,43,,
2026-07-09,SYPNL,,1371,1310,1340,,,44444,60266788.9,503,,
2026-07-09,TAMOR,,441.2,435.3,439.2,,,11639,5109149.4,97,,
2026-07-09,TPC,,355.5,346.1,350,,,9168,3211418,71,,
2026-07-09,TPKHL,,505,490.1,496,,,27489,13661085.5,1818,,
2026-07-09,TRH,,780.1,767.1,770,,,1951,1500299.5,14,,
2026-07-09,TSHL,,375,337.6,349,,,25691,9031116,307,,
2026-07-09,TTL,,726.4,711.2,716.5,,,6306,4507588.2,156,,
2026-07-09,TVCL,,489,458.5,482,,,8782,4161347,41,,
2026-07-09,UHEWA,,577,555,563.7,,,16623,9309502.8,126,,
2026-07-09,ULBSL,,3200,2715.1,3200,,,2381,6693696.8,72,,
2026-07-09,ULHC,,394.5,380,381,,,9055,3484983,90,,
2026-07-09,UMHL,,597.4,551,575,,,19766,11289034.5,89,,
2026-07-09,UMRH,,524,513.5,514.1,,,4878,2510408.5,36,,
2026-07-09,UNHPL,,387,381.6,385,,,12508,4790835.9,47,,
2026-07-09,UNL,,46600,46600,46600,,,10,466000,1,,
2026-07-09,UNLB,,1332.5,1261.5,1299,,,585,741276,15,,
2026-07-09,UPCL,,359.9,349,359.9,,,50083,17629506.6,163,,
2026-07-09,UPPER,,193,190,191.7,,,58806,11228859.6,321,,
2026-07-09,USHEC,,485,480.5,483,,,2656,1280518.5,39,,
2026-07-09,USHL,,505.3,475,482.5,,,5723,2755286.9,104,,
2026-07-09,USLB,,1210,1170,1170,,,2206,2611012,48,,
2026-07-09,VLBS,,670,663.2,664,,,1867,1241958.9,78,,
2026-07-09,VLUCL,,433,425,429,,,2520,1087744,35,,
2026-07-09,YMHL,,562,541.6,552,,,24730,13647718.2,1467,,
2026-07-10,ACLBSL,,920.5,903,905,,,667,608834.5,12,,
2026-07-10,ADBL,,308.9,288.8,303.2,,,17742,5384439.1,79,,
2026-07-10,AHL,,421,415,421,,,2658,1110346,46,,
2026-07-10,AHPC,,264,260.2,261.5,,,34581,9023268.1,186,,
2026-07-10,AKJCL,,354.7,330,348.7,,,296296,104135088.6,633,,
2026-07-10,AKPL,,254,247,252.4,,,33869,8530087.6,141,,
2026-07-10,ALBSL,,1076,1031,1061,,,8403,8755101.5,100,,
2026-07-10,ALICL,,430,419,422.4,,,52075,22169840.2,149,,
2026-07-10,ANLB,,6416,5560,6416,,,1203,6940382.4,67,,
2026-07-10,APHL,,921,849.1,879.9,,,45663,40926453.3,686,,
2026-07-10,API,,332.8,325,325.5,,,258635,84612269.8,639,,
2026-07-10,AVYAN,,1054,1038.3,1041,,,1386,1443601.2,32,,
2026-07-10,BANDIPUR,,721,701,701.1,,,22188,15729041.6,330,,
2026-07-10,BARUN,,317.5,310,314,,,23299,7322494.2,125,,
2026-07-10,BBC,,4198.9,4100,4168,,,205,847833,20,,
2026-07-10,BEDC,,325,318,318.1,,,14329,4584155.9,106,,
2026-07-10,BFC,,544.1,510,512.3,,,45872,23838583.6,228,,
2026-07-10,BGWT,,558,516.1,516.1,,,5738,3111093.7,70,,
2026-07-10,BHCL,,493,473,474,,,35162,16913650.5,313,,
2026-07-10,BHDC,,435,425.2,430,,,11509,4933181.4,80,,
2026-07-10,BHL,,207.9,202.2,203,,,86456,17684133.8,367,,
2026-07-10,BHPL,,499,484,489,,,2432,1186756,26,,
2026-07-10,BJHL,,746,688.8,699.8,,,5344,3836836,147,,
2026-07-10,BNHC,,302,297,297.2,,,4076,1218416.8,56,,
2026-07-10,BNL,,14301.8,14301.8,14301.8,,,0,0,0,,
2026-07-10,BNT,,11550,11550,11550,,,0,0,0,,
2026-07-10,BPCL,,658,636,650,,,19571,12656601,132,,
2026-07-10,BUNGAL,,609,571.1,600.1,,,39341,23470169.9,278,,
2026-07-10,CBBL,,914.5,910,911,,,10358,9438657,148,,
2026-07-10,CFCL,,622.5,605,610,,,41982,25665929.5,202,,
2026-07-10,CGH,,781,775,775,,,113957,88353423.1,144,,
2026-07-10,CHCL,,480,475.1,478,,,37671,17994394.8,130,,
2026-07-10,CHDC,,2126,2100,2117,,,11804,24953854.7,124,,
2026-07-10,CHL,,260.1,254,255.1,,,8310,2126048.5,70,,
2026-07-10,CIT,,1700,1680,1684,,,5398,9095589.8,136,,
2026-07-10,CITY,,369.6,345.8,356.8,,,192387,69184457.4,863,,
2026-07-10,CKHL,,570,560,562,,,310,174638,16,,
2026-07-10,CLI,,445,441,444.9,,,3912,1734748.2,138,,
2026-07-10,CREST,,1215,1170,1189.8,,,6962,8171105.7,115,,
2026-07-10,CYCL,,1380,1311,1320,,,1615,2147236.4,52,,
2026-07-10,CZBIL,,197.9,186,196.2,,,18811,3675781.7,110,,
2026-07-10,DDBL,,829,813.1,820,,,6310,5157375.5,78,,
2026-07-10,DHEL,,584,557,575,,,12300,6970196.7,221,,
2026-07-10,DHPL,,284.1,275,275,,,945,261616,23,,
2026-07-10,DLBS,,1235.9,1169,1200,,,279,332827,18,,
2026-07-10,DOLTI,,328,316.1,323,,,17925,5798873,145,,
2026-07-10,DORDI,,252,246,250,,,20947,5221687.9,116,,
2026-07-10,EBL,,705,695,695,,,34233,23872406.1,193,,
2026-07-10,EHPL,,369.6,345,346,,,20219,7028003.5,133,,
2026-07-10,ENL,,800,784,800,,,566,444591,11,,
2026-07-10,FMDBL,,764.5,751,760,,,6910,5251930.6,64,,
2026-07-10,FOWAD,,988,956,960,,,1475,1418837.8,40,,
2026-07-10,GBIME,,244.3,238,239.5,,,206018,49633631.4,388,,
2026-07-10,GBLBS,,748.5,722.5,737,,,1305,954105.6,36,,
2026-07-10,GCIL,,335,326,334.7,,,20772,6859778.8,239,,
2026-07-10,GFCL,,610,600.3,605,,,8569,5177606.3,69,,
2026-07-10,GHL,,220.8,215.4,218.9,,,13133,2872634,87,,
2026-07-10,GILB,,1114.9,1051,1090,,,1741,1875481.5,26,,
2026-07-10,GLBSL,,1785.1,1739,1770,,,53,93130,6,,
2026-07-10,GLH,,253,246.1,247.2,,,33842,8397197.8,128,,
2026-07-10,GMFBS,,1220,1183.5,1199,,,388,461480,13,,
2026-07-10,GMFIL,,466.5,455,455,,,15923,7281716.4,69,,
2026-07-10,GMLI,,1179.8,1116,1149,,,356,402857.8,27,,
2026-07-10,GUFL,,559.9,544,545,,,6630,3627525.8,53,,
2026-07-10,GVL,,480,461,469.8,,,4931,2318788,77,,
2026-07-10,HATHY,,693,675,689.8,,,3429,2347011.2,68,,
2026-07-10,HBL,,197,190,192.8,,,42614,8245293.7,496,,
2026-07-10,HDHPC,,210,203.1,205,,,87148,17962888.3,279,,
2026-07-10,HDL,,1147.5,1142,1142.6,,,17488,20014825.7,266,,
2026-07-10,HFIN,,677,650.1,654,,,22186,14691029.1,383,,
2026-07-10,HHL,,340,330.6,333.8,,,21448,7125258.5,91,,
2026-07-10,HIDCL,,251.9,246.7,247.4,,,72974,18135938.9,233,,
2026-07-10,HIMSTAR,,696.9,660.1,670,,,2758,1863555,82,,
2026-07-10,HLBSL,,873.3,848.5,871.9,,,311,267302.7,9,,
2026-07-10,HLI,,324.9,318,318.2,,,20729,6617306.1,224,,
2026-07-10,HPPL,,366,357.5,365,,,29137,10531043,133,,
2026-07-10,HRL,,570.3,559,561,,,36765,20695057.1,474,,
2026-07-10,HURJA,,231,225,226,,,56263,12763846.1,176,,
2026-07-10,ICFC,,608,597.2,598,,,8273,4976998.8,66,,
2026-07-10,IHL,,351.5,343,345,,,6784,2355739.9,51,,
2026-07-10,ILBS,,900,847,847,,,3353,2911989.4,46,,
2026-07-10,ILI,,419.4,414,415,,,8894,3695796.7,199,,
2026-07-10,JBLB,,1250,1232,1235,,,3574,4412722.7,86,,
2026-07-10,JFL,,400,375,376.2,,,6866,2636761.4,73,,
2026-07-10,JHAPA,,1128,1070.7,1077,,,8329,9174471.5,107,,
2026-07-10,JOSHI,,261,253.4,256,,,6106,1568604.6,48,,
2026-07-10,JSLBB,,1028,999,1028,,,271,273159,8,,
2026-07-10,KAHL,,535.6,465,510,,,51203,26146678,4328,,
2026-07-10,KBL,,212,209.2,210.4,,,81682,17191252.8,326,,
2026-07-10,KBSH,,1350,1300,1319,,,214,281108,11,,
2026-07-10,KDL,,779.9,770,775.1,,,2429,1873804.5,37,,
2026-07-10,KHPL,,904,880,897.9,,,6756,6017350.3,199,,
2026-07-10,KKHC,,256,247,249,,,25227,6322797.7,144,,
2026-07-10,KMCDB,,837.9,780,800,,,1186,941706.5,25,,
2026-07-10,KPCL,,470,461.2,461.2,,,8910,4128242.9,63,,
2026-07-10,LEC,,217.4,196.5,206.6,,,57416,11867761,186,,
2026-07-10,LICN,,782.9,770,776,,,12912,9991949.3,110,,
2026-07-10,LLBS,,918.3,892,918.3,,,54,48431,3,,
2026-07-10,LSL,,227.8,213.1,218,,,100709,21931892.1,143,,
2026-07-10,MABEL,,600,575,584,,,5674,3325205.7,107,,
2026-07-10,MAKAR,,463.1,455.8,463,,,1536,709440.8,14,,
2026-07-10,MANDU,,809,797.1,809,,,910,727042,25,,
2026-07-10,MATRI,,839.5,818.3,820.1,,,381,313715.3,22,,
2026-07-10,MBJC,,272,264,270,,,5027,1356747.6,101,,
2026-07-10,MBL,,248,233,245.3,,,81586,19996744.4,157,,
2026-07-10,MCHL,,282.2,274.6,274.6,,,3577,986798.9,48,,
2026-07-10,MEHL,,315,305,310,,,4569,1419035.2,51,,
2026-07-10,MEL,,216,211.2,214.8,,,8809,1879539.4,117,,
2026-07-10,MEN,,568,555,560,,,96493,54054609.4,509,,
2026-07-10,MERO,,694.9,671,683,,,7572,5108140,77,,
2026-07-10,MFIL,,779,767.5,775,,,30764,23710434.5,109,,
2026-07-10,MHCL,,322,313.5,317,,,1410,445182.5,42,,
2026-07-10,MHL,,475,464,471.9,,,1377,645166,31,,
2026-07-10,MHNL,,237.9,226,235,,,39780,9148852.5,108,,
2026-07-10,MKCL,,1085,1060,1083,,,1863,1981609.7,34,,
2026-07-10,MKHC,,296.3,291,294.7,,,6432,1897914,59,,
2026-07-10,MKHL,,497.9,472,477,,,5085,2443465,41,,
2026-07-10,MKJC,,457,438.2,449.8,,,2568,1147056.4,28,,
2026-07-10,MLBBL,,1135,1115.2,1129.9,,,486,546285.4,19,,
2026-07-10,MLBS,,1169,1135,1169,,,30,34490,3,,
2026-07-10,MLBSL,,1700,1686.2,1700,,,301,510521,8,,
2026-07-10,MMKJL,,462,454,455,,,1633,743960,26,,
2026-07-10,MPFL,,610,591,609.9,,,12428,7486740.3,87,,
2026-07-10,MSHL,,650,587,610,,,703,425337.5,23,,
2026-07-10,MSLB,,1237,1201,1232.6,,,1798,2200636.8,35,,
2026-07-10,NABIL,,534,527,527.8,,,53475,28320509.5,377,,
2026-07-10,NADEP,,725,707,724.9,,,618,447600.9,9,,
2026-07-10,NBL,,266.5,251,264.5,,,32108,8475770,121,,
2026-07-10,NESDO,,1514,1477,1509.1,,,1175,1749752,24,,
2026-07-10,NFS,,652,567,567.1,,,10979,6311074.4,104,,
2026-07-10,NGPL,,413,403.3,406.9,,,115383,46843114.4,273,,
2026-07-10,NHDL,,642.8,622.1,641,,,33801,21051424.2,27,,
2026-07-10,NHPC,,257.7,251,253,,,148326,37682758.3,395,,
2026-07-10,NICA,,336,313.5,326.7,,,65546,21529034.9,206,,
2026-07-10,NICLBSL,,554,548,551,,,3126,1719848.4,71,,
2026-07-10,NIFRA,,249,243,246,,,30253,7461030.7,313,,
2026-07-10,NIMB,,198.1,189.5,190.3,,,91492,17427267.1,284,,
2026-07-10,NLIC,,750,738.3,741,,,24299,18132908.9,153,,
2026-07-10,NLICL,,622,568.1,573,,,74867,44053596.2,76,,
2026-07-10,NLO,,269.4,269.4,269.4,,,0,0,0,,
2026-07-10,NMB,,240,235.2,236.5,,,19929,4703168.2,124,,
2026-07-10,NMBMF,,605,596.1,599,,,266,159036.7,12,,
2026-07-10,NMFBS,,1111,1104.2,1106.1,,,4215,4677753.6,36,,
2026-07-10,NMLBBL,,544,525,531.2,,,6390,3423970.9,70,,
2026-07-10,NRIC,,959.9,935,937.9,,,15390,14482028.4,196,,
2026-07-10,NRM,,325.6,316.4,318,,,6711,2142139.2,72,,
2026-07-10,NRN,,1395,1361.1,1376,,,63259,86990515.1,321,,
2026-07-10,NTC,,850,845,847,,,4449,3769939.4,120,,
2026-07-10,NUBL,,617,601,608,,,1771,1069684.7,33,,
2026-07-10,NWCL,,711.2,705,706.5,,,2365,1677830.6,34,,
2026-07-10,NYADI,,375,344,349,,,22407,8046543.3,169,,
2026-07-10,OHL,,688,667,684.5,,,940,633170,18,,
2026-07-10,OMPL,,915,880.2,900,,,3327,2979940,99,,
2026-07-10,PCBL,,240,230,231,,,50684,11709916.6,143,,
2026-07-10,PCIL,,619,601.3,609.9,,,60547,36995030.3,727,,
2026-07-10,PFL,,364,364,364,,,0,0,0,,
2026-07-10,PHCL,,299.9,291.1,295,,,50003,14642063.2,201,,
2026-07-10,PMHPL,,321.8,310,313.1,,,2283,727418,20,,
2026-07-10,PMLI,,449,440.1,442.1,,,2051,908152.1,67,,
2026-07-10,PPCL,,344,323,329,,,14785,4856372.4,72,,
2026-07-10,PPL,,330,315,322,,,18095,5824870.9,91,,
2026-07-10,PROFL,,442.9,428.1,433,,,4948,2130840.7,34,,
2026-07-10,PRVU,,199,181,189,,,77579,14722149.2,334,,
2026-07-10,PURE,,755,738.1,744,,,3562,2647424.1,61,,
2026-07-10,RADHI,,763.2,670,710,,,52400,38167155.1,132,,
2026-07-10,RAWA,,441,411,418.8,,,20450,8553507,138,,
2026-07-10,RFPL,,341,327.2,330,,,40662,13430375.9,156,,
2026-07-10,RHGCL,,265,255,260,,,14385,3730881.6,82,,
2026-07-10,RHPL,,262.4,260.2,260.3,,,9772,2551075,62,,
2026-07-10,RIDI,,331.8,324,324.5,,,143335,46777917.4,305,,
2026-07-10,RLEL,,790,751.1,755,,,5519,4252488.1,170,,
2026-07-10,RLFL,,467.7,450.1,459.7,,,25717,11689528.9,121,,
2026-07-10,RNLI,,449.7,442,444,,,15966,7097281.6,280,,
2026-07-10,RSDC,,654,635,643,,,3140,2003388.8,30,,
2026-07-10,RSML,,3049,2940,3034.9,,,41428,124240352.5,574,,
2026-07-10,RURU,,632,612,612,,,4126,2548584.7,60,,
2026-07-10,SAGAR,,1578.9,1547,1569.7,,,3185,4961047,91,,
2026-07-10,SAHAS,,649,642,642.1,,,151731,97722838,417,,
2026-07-10,SAIL,,901.9,846.3,850,,,8462,7224973.4,177,,
2026-07-10,SANIMA,,355,348,350,,,173609,61015442,251,,
2026-07-10,SANVI,,605,587,588,,,8342,4944604,115,,
2026-07-10,SARBTM,,799,793,793,,,7314,5814273.2,71,,
2026-07-10,SBI,,392,386.3,390.9,,,9092,3538474.5,40,,
2026-07-10,SBL,,390,387.2,389.9,,,76400,29696143.6,153,,
2026-07-10,SCB,,650,635.2,638,,,18019,11539965.6,124,,
2026-07-10,SGHC,,340,320,327,,,6565,2153524.8,76,,
2026-07-10,SGHL,,505.9,443,487,,,69740,33893358.9,5086,,
2026-07-10,SHEL,,299.9,294.7,295,,,36321,10730939.5,165,,
2026-07-10,SHIVM,,628,620,621.5,,,66153,41257816.1,311,,
2026-07-10,SHL,,500,489,490.5,,,16511,8107934.4,43,,
2026-07-10,SHLB,,1420.3,1413.3,1417.1,,,132,187055.6,7,,
2026-07-10,SHPC,,497,485,490,,,40738,19873805.4,133,,
2026-07-10,SIFC,,526,516.4,520,,,5616,2917436.6,36,,
2026-07-10,SIKLES,,564.9,550,550,,,8446,4655945.1,62,,
2026-07-10,SIPD,,619.5,582.1,595.1,,,9535,5664661,339,,
2026-07-10,SJCL,,276.9,265.2,269,,,6988,1896691.5,73,,
2026-07-10,SJLIC,,417.5,414,415,,,7543,3127461.9,110,,
2026-07-10,SKBBL,,754.9,742.1,746,,,22695,16990810.7,97,,
2026-07-10,SKHEL,,925,893.4,893.4,,,11603,10569201.4,131,,
2026-07-10,SKHL,,909,866,883,,,13080,11572614.1,225,,
2026-07-10,SLBBL,,800.9,785,790,,,3592,2824289.6,38,,
2026-07-10,SLBSL,,1199.9,1091,1136,,,3863,4317690.4,75,,
2026-07-10,SMATA,,740,734,736,,,850,625202.6,33,,
2026-07-10,SMB,,1870,1730.9,1854,,,1107,2025040.1,33,,
2026-07-10,SMFBS,,1619.9,1560,1568,,,232,365130,9,,
2026-07-10,SMH,,515,497,497,,,9549,4800083.2,115,,
2026-07-10,SMHL,,475,460,460,,,34062,15968499,165,,
2026-07-10,SMJC,,449.8,430.5,437,,,13024,5699395.9,112,,
2026-07-10,SMPDA,,784,765,772,,,747,577768.9,21,,
2026-07-10,SNLI,,432,421,425,,,6562,2781661.1,190,,
2026-07-10,SNORL,,881,810,820,,,38755,32216467.7,1551,,
2026-07-10,SOHL,,576,549.9,553.6,,,45294,25307984.3,819,,
2026-07-10,SONA,,419,407,409,,,14322,5880023.6,188,,
2026-07-10,SOPL,,815,781.2,790,,,33604,26728782.5,1182,,
2026-07-10,SPC,,427.8,400,420,,,752,313480.6,26,,
2026-07-10,SPDL,,370,363,367.9,,,15833,5801532.5,84,,
2026-07-10,SPHL,,549.9,500,546,,,2284,1239951,36,,
2026-07-10,SPL,,659,643.1,651,,,762,493992.2,19,,
2026-07-10,SRLI,,382.5,375,376.9,,,22469,8450648.8,162,,
2026-07-10,SSHL,,199,195,195,,,93126,18308535.9,283,,
2026-07-10,STC,,5181,5040,5145,,,1427,7267906.5,28,,
2026-07-10,SWASTIK,,2048,1970.1,2034,,,244,489895,13,,
2026-07-10,SWBBL,,681.9,652,671.3,,,19495,12870059.5,118,,
2026-07-10,SWMF,,620,602.3,615.9,,,1832,1112191.7,37,,
2026-07-10,SYPNL,,1364,1300,1359,,,22494,30194469.9,400,,
2026-07-10,TAMOR,,446,437,439,,,26113,11531802.1,124,,
2026-07-10,TPC,,356.4,350,353,,,9618,3391119,55,,
2026-07-10,TPKHL,,539.6,485,525.8,,,31763,16351167.5,1687,,
2026-07-10,TRH,,780,766,775,,,16690,12958594,21,,
2026-07-10,TSHL,,365.6,337,340,,,19296,6646249.7,159,,
2026-07-10,TTL,,735,680.7,715,,,6656,4778901.1,187,,
2026-07-10,TVCL,,482,468,470,,,3094,1452537.4,34,,
2026-07-10,UHEWA,,580.6,535.6,565,,,23678,13275612.3,93,,
2026-07-10,ULBSL,,3200,3200,3200,,,10,32000,1,,
2026-07-10,ULHC,,391,380,384.5,,,17510,6678449.5,95,,
2026-07-10,UMHL,,587,551,576,,,21273,12157552.6,108,,
2026-07-10,UMRH,,524,516,518,,,10160,5268717.3,53,,
2026-07-10,UNHPL,,391.5,382.7,386,,,14789,5699975,61,,
2026-07-10,UNL,,47000,46550.1,46550.1,,,20,935501,2,,
2026-07-10,UNLB,,1312,1260.1,1272.8,,,115,147161.5,10,,
2026-07-10,UPCL,,377,348,361,,,38248,13599733.4,148,,
2026-07-10,UPPER,,194,190.3,190.9,,,55084,10549446.3,336,,
2026-07-10,USHEC,,490,479.4,483.2,,,6585,3204338.5,42,,
2026-07-10,USHL,,499,472,493,,,2502,1217757.4,70,,
2026-07-10,USLB,,1198,1151,1169,,,844,990753.5,36,,
2026-07-10,VLBS,,682,664,666.1,,,941,628439.5,55,,
2026-07-10,VLUCL,,433.8,424,429,,,3444,1467686.7,47,,
2026-07-10,YMHL,,593.8,545,584,,,27399,15746497.7,1131,,
2026-07-13,ACLBSL,,932,880.1,908.9,,,615,555180.7,30,,
2026-07-13,ADBL,,304.8,301,302.5,,,24807,7508426,129,,
2026-07-13,AHL,,430,405.9,411,,,2368,979226.5,34,,
2026-07-13,AHPC,,261.5,259.2,261,,,71919,18707298.8,241,,
2026-07-13,AKJCL,,358,342,343,,,277593,95794142.1,591,,
2026-07-13,AKPL,,255,247,248,,,56210,13995653.4,183,,
2026-07-13,ALBSL,,1060,1011,1041,,,6282,6466718.4,95,,
2026-07-13,ALICL,,425,416.5,418,,,15570,6532631,127,,
2026-07-13,ANLB,,6736.8,6736.8,6736.8,,,10,67368,1,,
2026-07-13,APHL,,880,830,849.9,,,18305,15511636.3,439,,
2026-07-13,API,,327.8,320,322,,,230835,74532547.8,630,,
2026-07-13,AVYAN,,1046.7,1020.1,1023,,,2923,3024621.9,42,,
2026-07-13,BANDIPUR,,705,660.3,665,,,36952,25101635.4,501,,
2026-07-13,BARUN,,317.7,308,308.7,,,31972,9920998.6,197,,
2026-07-13,BBC,,4148,4055,4070,,,272,1109267,25,,
2026-07-13,BEDC,,320,310.1,310.1,,,26916,8442380.2,171,,
2026-07-13,BFC,,522,500.2,508,,,65267,33417015,215,,
2026-07-13,BGWT,,529.9,517,520,,,843,439069.7,28,,
2026-07-13,BHCL,,488,452,457,,,36748,16879541.4,255,,
2026-07-13,BHDC,,442,422.3,425,,,5296,2250229.4,53,,
2026-07-13,BHL,,205,200,201,,,60335,12195538.2,343,,
2026-07-13,BHPL,,485,453,467.5,,,7903,3704514.4,71,,
2026-07-13,BJHL,,705,653,657,,,8913,5938076.5,157,,
2026-07-13,BNHC,,298,273,275,,,83916,23713282.3,441,,
2026-07-13,BNL,,14301.8,14301.8,14301.8,,,0,0,0,,
2026-07-13,BNT,,11551,11551,11551,,,20,231020,1,,
2026-07-13,BPCL,,650,631,647.9,,,29331,18653645.8,145,,
2026-07-13,BUNGAL,,616.9,568.5,575,,,36819,21415686,251,,
2026-07-13,CBBL,,920,909.1,910,,,15967,14551206.4,171,,
2026-07-13,CFCL,,615,590,600.1,,,156070,93901289.3,254,,
2026-07-13,CGH,,778,760,760,,,10461,8021399,87,,
2026-07-13,CHCL,,480,475,476,,,12296,5869707.3,128,,
2026-07-13,CHDC,,2120,2066.3,2070,,,64512,133746727.5,196,,
2026-07-13,CHL,,257,251,253,,,14166,3578837.7,80,,
2026-07-13,CIT,,1686,1650.1,1675,,,4296,7174310,142,,
2026-07-13,CITY,,361.6,345,345,,,160589,56348769.2,738,,
2026-07-13,CKHL,,577,530,539,,,18075,9632840.2,53,,
2026-07-13,CLI,,450,435.1,436,,,17029,7490617.4,189,,
2026-07-13,CREST,,1199.9,1165,1175,,,7105,8320199,111,,
2026-07-13,CYCL,,1335,1280,1330,,,1819,2360674.9,57,,
2026-07-13,CZBIL,,195.5,192.1,193.5,,,39954,7756641.1,167,,
2026-07-13,DDBL,,821,813,816,,,2518,2055665.5,48,,
2026-07-13,DHEL,,575,560,570,,,6557,3685824.2,160,,
2026-07-13,DHPL,,275,254,257.1,,,11997,3167887.7,67,,
2026-07-13,DLBS,,1202.5,1165,1199.9,,,751,893063.5,18,,
2026-07-13,DOLTI,,325,307,309,,,37230,11718237.2,185,,
2026-07-13,DORDI,,250,243.6,245.7,,,24377,5976418.2,125,,
2026-07-13,EBL,,702,693.3,694,,,49185,34184776,245,,
2026-07-13,EHPL,,354,329,339,,,17190,5812309,130,,
2026-07-13,ENL,,790,770,784,,,185,143110,10,,
2026-07-13,FMDBL,,798,749,755,,,5000,3764036.4,54,,
2026-07-13,FOWAD,,970,949,960,,,2967,2839857.3,62,,
2026-07-13,GBIME,,240,237.2,237.5,,,137598,32734085.6,395,,
2026-07-13,GBLBS,,746,724,739,,,2541,1852537,47,,
2026-07-13,GCIL,,332,325,327,,,21175,6931805.3,230,,
2026-07-13,GFCL,,610,595.1,595.1,,,7347,4407592.7,61,,
2026-07-13,GHL,,220.4,216,216,,,22203,4834078.6,97,,
2026-07-13,GILB,,1090,1065,1065,,,424,452664.6,14,,
2026-07-13,GLBSL,,1770,1725,1754.9,,,253,439789.8,16,,
2026-07-13,GLH,,248,240.1,240.9,,,50363,12210152.5,213,,
2026-07-13,GMFBS,,1174.9,1130.5,1174,,,833,947538.5,14,,
2026-07-13,GMFIL,,454,443,448,,,7829,3510817.8,53,,
2026-07-13,GMLI,,1150.5,1120,1150,,,1473,1661014.1,43,,
2026-07-13,GUFL,,546,537,538.5,,,6731,3644802,66,,
2026-07-13,GVL,,475,462,470,,,9604,4466145.5,83,,
2026-07-13,HATHY,,690,673,679.9,,,4910,3333310.5,67,,
2026-07-13,HBL,,193,189.6,190.8,,,60904,11613287.7,607,,
2026-07-13,HDHPC,,205.5,201,202.9,,,92734,18841893.1,276,,
2026-07-13,HDL,,1146,1140,1142,,,34920,39851442.9,452,,
2026-07-13,HFIN,,660,632,635,,,19731,12644883.9,420,,
2026-07-13,HHL,,331,325.1,328,,,25692,8424332,132,,
2026-07-13,HIDCL,,249,246,246.6,,,32749,8087790.1,189,,
2026-07-13,HIMSTAR,,680,610.2,627,,,8541,5449316.4,122,,
2026-07-13,HLBSL,,863,830,863,,,2172,1844250.9,27,,
2026-07-13,HLI,,322.8,316.1,317,,,18680,5938830.3,198,,
2026-07-13,HPPL,,359.9,347,348.5,,,168161,59095235.3,682,,
2026-07-13,HRL,,568,555.6,556,,,45767,25563817,519,,
2026-07-13,HURJA,,226,222,222.1,,,52638,11751189.5,182,,
2026-07-13,ICFC,,597.9,588,588,,,10251,6052026.2,73,,
2026-07-13,IHL,,345,337,337.5,,,8814,2991414.4,79,,
2026-07-13,ILBS,,897,821,843.5,,,2867,2410679.8,58,,
2026-07-13,ILI,,415,409,409,,,15316,6299872.6,230,,
2026-07-13,JBLB,,1239.9,1225.1,1226,,,4029,4947943.1,99,,
2026-07-13,JFL,,387.4,377,381,,,6869,2615091.5,62,,
2026-07-13,JHAPA,,1141,1039.1,1039.1,,,10573,11227104.7,160,,
2026-07-13,JOSHI,,260,250,250.1,,,9270,2348382.8,64,,
2026-07-13,JSLBB,,1015,971,1015,,,343,337341,11,,
2026-07-13,KAHL,,510,481.5,486,,,38258,18706043.5,2364,,
2026-07-13,KBL,,212,207,208,,,138333,28856834.5,466,,
2026-07-13,KBSH,,1285,1228,1262,,,474,591190,28,,
2026-07-13,KDL,,776,755,755,,,1857,1411780,38,,
2026-07-13,KHPL,,897,875.1,885,,,14721,12992214.4,182,,
2026-07-13,KKHC,,256,245,245,,,37314,9185247.1,157,,
2026-07-13,KMCDB,,809,760,766,,,7732,5918058.4,44,,
2026-07-13,KPCL,,474.7,458,458,,,7794,3629320,52,,
2026-07-13,LEC,,211,201.1,203.3,,,69241,14080023,252,,
2026-07-13,LICN,,794,765,765,,,25030,19254479.9,110,,
2026-07-13,LLBS,,932,904.1,920,,,222,201838,9,,
2026-07-13,LSL,,217,215,215.1,,,67861,14647040,150,,
2026-07-13,MABEL,,585,557,562,,,5550,3134904,101,,
2026-07-13,MAKAR,,459,455,457,,,1300,593970,28,,
2026-07-13,MANDU,,803,785,787,,,1440,1137719,30,,
2026-07-13,MATRI,,837.5,813,813,,,278,228495.5,16,,
2026-07-13,MBJC,,270,265.1,270,,,11742,3144126.1,140,,
2026-07-13,MBL,,245.8,243,243.8,,,76458,18668670.3,132,,
2026-07-13,MCHL,,282.8,262,275,,,7761,2079737.9,72,,
2026-07-13,MEHL,,307,297,300,,,4388,1323543.5,57,,
2026-07-13,MEL,,225.5,209,210,,,11814,2487133.8,161,,
2026-07-13,MEN,,564,545,552.8,,,130618,72484116.9,492,,
2026-07-13,MERO,,680,660,673,,,6275,4200943.2,65,,
2026-07-13,MFIL,,775,765.1,769.8,,,20676,15867437.2,115,,
2026-07-13,MHCL,,316.7,305,305,,,5193,1603976.5,56,,
2026-07-13,MHL,,468,463.2,468,,,3478,1615858.4,44,,
2026-07-13,MHNL,,240,223,229,,,20459,4681863.9,90,,
2026-07-13,MKCL,,1075,1050.6,1074,,,1943,2066545.4,43,,
2026-07-13,MKHC,,299,286,286,,,16302,4715535,84,,
2026-07-13,MKHL,,491.3,465,465,,,3640,1715013,45,,
2026-07-13,MKJC,,450,440,447,,,2482,1094977.4,34,,
2026-07-13,MLBBL,,1115,1100,1110,,,390,430509.7,14,,
2026-07-13,MLBS,,1190,1130.2,1149.9,,,672,772206.9,21,,
2026-07-13,MLBSL,,1700,1650.5,1665,,,307,512476,19,,
2026-07-13,MMKJL,,458,433.7,449,,,1754,780193.1,35,,
2026-07-13,MPFL,,608.9,593.5,599.9,,,6143,3677731,57,,
2026-07-13,MSHL,,605,596,596,,,866,521398,13,,
2026-07-13,MSLB,,1269,1190,1209,,,2535,3062345.3,47,,
2026-07-13,NABIL,,531,525,526.3,,,48177,25372811.9,468,,
2026-07-13,NADEP,,726,700,719.9,,,870,616591.6,18,,
2026-07-13,NBL,,266.9,260,261,,,40020,10465691.7,175,,
2026-07-13,NESDO,,1510,1425.9,1485,,,1324,1932785.6,43,,
2026-07-13,NFS,,582.7,555,560.1,,,13966,7848584.3,119,,
2026-07-13,NGPL,,405,398,399,,,129307,51830820.2,349,,
2026-07-13,NHDL,,631,627,627,,,11015,6944085.1,43,,
2026-07-13,NHPC,,255.8,246.1,248,,,163376,40828614.2,471,,
2026-07-13,NICA,,330,320,323.4,,,41983,13544210.6,232,,
2026-07-13,NICLBSL,,560,545,545,,,4919,2701585.3,73,,
2026-07-13,NIFRA,,248,243.1,244,,,50878,12429941.3,376,,
2026-07-13,NIMB,,199.8,188,188.1,,,166988,31583334.6,511,,
2026-07-13,NLIC,,758,739,739,,,18141,13445042,182,,
2026-07-13,NLICL,,582,568,570,,,46092,26315267.4,51,,
2026-07-13,NLO,,269.4,269.4,269.4,,,0,0,0,,
2026-07-13,NMB,,240,235,235.9,,,24649,5805835.1,133,,
2026-07-13,NMBMF,,604.9,595,595,,,1265,756136.7,25,,
2026-07-13,NMFBS,,1110,1102.6,1104.1,,,966,1066960.7,26,,
2026-07-13,NMLBBL,,535,522.1,528,,,5471,2883664.7,48,,
2026-07-13,NRIC,,993,920.1,925,,,37262,36038274.6,204,,
2026-07-13,NRM,,324.9,304,304,,,9356,2906793.8,113,,
2026-07-13,NRN,,1387.8,1342.6,1346,,,53243,72050526.4,382,,
2026-07-13,NTC,,849,840,846,,,6841,5781520.9,122,,
2026-07-13,NUBL,,608,589.8,590.2,,,9618,5695294.9,80,,
2026-07-13,NWCL,,705.2,695,695,,,2008,1404501.5,38,,
2026-07-13,NYADI,,359.3,349.1,349.5,,,5622,1976987.7,86,,
2026-07-13,OHL,,667,665,665.1,,,1251,832225.5,13,,
2026-07-13,OMPL,,898.9,866,866,,,2601,2284797.5,87,,
2026-07-13,PCBL,,232.9,230,231.6,,,54916,12668211.9,143,,
2026-07-13,PCIL,,610,588,590,,,35156,20871860.3,724,,
2026-07-13,PFL,,364,364,364,,,0,0,0,,
2026-07-13,PHCL,,307.9,289.3,289.5,,,63709,18741732.6,188,,
2026-07-13,PMHPL,,322.4,304,304,,,5233,1635363.2,44,,
2026-07-13,PMLI,,444.8,432,434.1,,,5913,2572105.4,111,,
2026-07-13,PPCL,,330,319,324,,,32459,10409321,68,,
2026-07-13,PPL,,324.5,306,318,,,15639,4988343.1,91,,
2026-07-13,PROFL,,430,423,423,,,5570,2373355.7,48,,
2026-07-13,PRVU,,193,180,188,,,87711,16503802.5,360,,
2026-07-13,PURE,,752,720,723,,,3641,2648470.5,64,,
2026-07-13,RADHI,,724.9,686.2,693.3,,,43019,30020297.4,163,,
2026-07-13,RAWA,,427,400,406,,,35619,14449857.4,211,,
2026-07-13,RFPL,,333,322.4,322.4,,,27601,8985638.3,158,,
2026-07-13,RHGCL,,260,253,253,,,17073,4362999,94,,
2026-07-13,RHPL,,263,255.1,255.1,,,13507,3489790.8,103,,
2026-07-13,RIDI,,332,309,315.9,,,210156,67072228.6,495,,
2026-07-13,RLEL,,756,735,735,,,15101,11162251,154,,
2026-07-13,RLFL,,464,442,450,,,19127,8614651.5,110,,
2026-07-13,RNLI,,443.9,437,439.9,,,17502,7701440.7,271,,
2026-07-13,RSDC,,639,625,627,,,4118,2583771,40,,
2026-07-13,RSML,,3048,2975,3029,,,23433,70136937.1,354,,
2026-07-13,RURU,,616,600,602.5,,,4144,2507820.9,52,,
2026-07-13,SAGAR,,1569,1525,1535,,,4633,7124027,92,,
2026-07-13,SAHAS,,649,635,636.9,,,165275,105504336.7,574,,
2026-07-13,SAIL,,851,822,826,,,18333,15342906.6,204,,
2026-07-13,SANIMA,,354,344,344,,,124457,43097068.8,310,,
2026-07-13,SANVI,,589.4,565,571,,,14705,8373955.1,179,,
2026-07-13,SARBTM,,787,764,772,,,19557,15213987.5,139,,
2026-07-13,SBI,,390,383,389.8,,,32122,12382911.4,82,,
2026-07-13,SBL,,387.4,385,386,,,92383,35669551.4,158,,
2026-07-13,SCB,,639.1,635,637,,,20869,13293037.6,133,,
2026-07-13,SGHC,,333,320.1,322,,,1690,546757.9,40,,
2026-07-13,SGHL,,495.5,462,462.5,,,56722,26713611.3,3668,,
2026-07-13,SHEL,,295,290,290,,,70178,20468556.8,256,,
2026-07-13,SHIVM,,629,615,619.9,,,67449,41715900.7,403,,
2026-07-13,SHL,,492,486.4,486.4,,,29566,14428062.5,74,,
2026-07-13,SHLB,,1409.7,1401,1409.7,,,90,126291,7,,
2026-07-13,SHPC,,500,485,485,,,29983,14597332,112,,
2026-07-13,SIFC,,511.5,500,500,,,11936,6049706.2,41,,
2026-07-13,SIKLES,,550,543,545,,,3923,2137822.6,59,,
2026-07-13,SIPD,,600,558.2,574.8,,,11523,6551789.6,273,,
2026-07-13,SJCL,,270,263.2,268,,,6577,1749834,68,,
2026-07-13,SJLIC,,415,401,405.2,,,33043,13533036.5,209,,
2026-07-13,SKBBL,,756.8,740.2,744,,,24433,18201333.7,147,,
2026-07-13,SKHEL,,924,855.6,862,,,6452,5678712.5,105,,
2026-07-13,SKHL,,883,830,837.6,,,12275,10487727.7,203,,
2026-07-13,SLBBL,,795,775,786,,,3918,3047387.7,82,,
2026-07-13,SLBSL,,1197,1093,1197,,,10929,12136664.5,97,,
2026-07-13,SMATA,,733,730,732,,,2347,1714129.6,49,,
2026-07-13,SMB,,1854,1799.1,1800,,,1557,2840633.8,27,,
2026-07-13,SMFBS,,1646.4,1420,1580,,,3061,4527869.4,65,,
2026-07-13,SMH,,499,490,490,,,13845,6828103.1,108,,
2026-07-13,SMHL,,478.4,452,455,,,69229,32031133.1,163,,
2026-07-13,SMJC,,440.1,426,429.9,,,10403,4480632.9,101,,
2026-07-13,SMPDA,,788,747.1,748.9,,,1810,1361999.6,42,,
2026-07-13,SNLI,,424.9,418.2,422,,,7977,3351164.9,186,,
2026-07-13,SNORL,,815,777,780,,,28359,22528401.8,1525,,
2026-07-13,SOHL,,553.6,525.2,528,,,66804,35755874.4,883,,
2026-07-13,SONA,,410,400.1,400.1,,,26467,10672550.2,247,,
2026-07-13,SOPL,,809,750,751,,,49560,37960086.3,1380,,
2026-07-13,SPC,,419,410.1,415,,,1000,411810,21,,
2026-07-13,SPDL,,367,356.9,360,,,18675,6717257.8,71,,
2026-07-13,SPHL,,541,525,534.8,,,3561,1883405,33,,
2026-07-13,SPL,,670,632,649.8,,,19435,12373894,34,,
2026-07-13,SRLI,,378,367,367,,,38900,14408898.9,234,,
2026-07-13,SSHL,,198.8,192,192.2,,,78046,15119045.9,300,,
2026-07-13,STC,,5150,5050,5050,,,1060,5404970,8,,
2026-07-13,SWASTIK,,2000,1986,1986,,,245,488310.1,17,,
2026-07-13,SWBBL,,666,655,660,,,9075,6000240.9,70,,
2026-07-13,SWMF,,608.9,600,608.9,,,1412,848788.6,32,,
2026-07-13,SYPNL,,1357,1282.1,1289,,,54123,71034116.6,621,,
2026-07-13,TAMOR,,439,431,432,,,25691,11130336.7,145,,
2026-07-13,TPC,,363.5,343.6,346.2,,,10784,3741369.7,56,,
2026-07-13,TPKHL,,520,493,493,,,25046,12627679.2,1174,,
2026-07-13,TRH,,787.9,766,774,,,1982,1540532,15,,
2026-07-13,TSHL,,350,311.4,329,,,18504,6070682,180,,
2026-07-13,TTL,,720,690,699,,,14760,10311248.2,265,,
2026-07-13,TVCL,,485,461,461.1,,,3239,1504385,47,,
2026-07-13,UHEWA,,581.9,536.8,555,,,8159,4546074,98,,
2026-07-13,ULBSL,,3360,2748.1,2839,,,3316,9296268.2,88,,
2026-07-13,ULHC,,380,367.1,368.9,,,8160,3032201.3,63,,
2026-07-13,UMHL,,610,560,573.9,,,74747,43910021.1,121,,
2026-07-13,UMRH,,522.5,513.5,516.2,,,4452,2306202.2,42,,
2026-07-13,UNHPL,,385,378,383.9,,,16037,6128464.2,93,,
2026-07-13,UNL,,47000,46555,46555,,,30,1405550,3,,
2026-07-13,UNLB,,1335.5,1250,1286.9,,,816,1033466.8,46,,
2026-07-13,UPCL,,361,350,359,,,32636,11509261.5,131,,
2026-07-13,UPPER,,192,189,189.1,,,104329,19771582.3,499,,
2026-07-13,USHEC,,485,480,481,,,10014,4827319.9,50,,
2026-07-13,USHL,,517.6,472.6,480,,,950,457558.6,36,,
2026-07-13,USLB,,1185.9,1140,1169,,,914,1053709.6,34,,
2026-07-13,VLBS,,666.1,652,657.1,,,1860,1225199.4,59,,
2026-07-13,VLUCL,,429,424,424,,,2129,906825,31,,
2026-07-13,YMHL,,584,555.2,556.1,,,16850,9475791.5,862,,
2026-07-14,ACLBSL,,924,886,910,,,2303,2073193.5,37,,
2026-07-14,ADBL,,305,301.2,303,,,23635,7163140.4,135,,
2026-07-14,AHL,,416,405,410.1,,,2490,1019395.1,34,,
2026-07-14,AHPC,,264.5,257,262.4,,,65032,16958624.1,283,,
2026-07-14,AKJCL,,348.8,326,340,,,496164,169719841.2,839,,
2026-07-14,AKPL,,252.4,237.7,249.9,,,67980,16897274.2,245,,
2026-07-14,ALBSL,,1060,1010,1049,,,8124,8546042.4,91,,
2026-07-14,ALICL,,422,413.4,419,,,13641,5719632.1,85,,
2026-07-14,ANLB,,7073,7073,7073,,,10,70730,1,,
2026-07-14,APHL,,899,801,835,,,17614,14541950.2,475,,
2026-07-14,API,,325,318,321.9,,,187891,60485412.3,485,,
2026-07-14,AVYAN,,1031,971.9,1031,,,975,992983,29,,
2026-07-14,BANDIPUR,,672,635,668,,,28561,18733012.7,459,,
2026-07-14,BARUN,,316.9,307.2,312,,,20668,6431442.7,149,,
2026-07-14,BBC,,4128,4021.1,4128,,,240,977466,19,,
2026-07-14,BEDC,,314,303.1,309,,,28196,8687502.1,173,,
2026-07-14,BFC,,513,497.6,510,,,58912,29783045.9,225,,
2026-07-14,BGWT,,550,525,550,,,2957,1580929.5,61,,
2026-07-14,BHCL,,470,435.1,459,,,32984,14956574.8,338,,
2026-07-14,BHDC,,426.9,412,425,,,4600,1935191.4,64,,
2026-07-14,BHL,,207,199,205.5,,,78551,15988908.5,380,,
2026-07-14,BHPL,,480,449,479,,,10369,4784958.5,109,,
2026-07-14,BJHL,,688,608.2,679.9,,,10135,6575733.9,158,,
2026-07-14,BNHC,,281,261.3,277,,,84847,22741435.5,375,,
2026-07-14,BNL,,13875,13872.8,13872.8,,,120,1664956,3,,
2026-07-14,BNT,,11551,11551,11551,,,0,0,0,,
2026-07-14,BPCL,,680,638,638,,,27855,18117091.5,124,,
2026-07-14,BUNGAL,,587,558,575,,,48150,27609204.7,262,,
2026-07-14,CBBL,,916.9,907,914.9,,,12815,11701497.2,193,,
2026-07-14,CFCL,,610,590,604.5,,,47824,28857071,158,,
2026-07-14,CGH,,764,751.1,762.9,,,13989,10582335.6,103,,
2026-07-14,CHCL,,499.8,470.4,477.9,,,8353,3966676.2,125,,
2026-07-14,CHDC,,2145,1967,2070,,,10537,21736058.6,139,,
2026-07-14,CHL,,255,250.1,254.7,,,20813,5271365,86,,
2026-07-14,CIT,,1682.9,1665,1681.9,,,4503,7537315.2,112,,
2026-07-14,CITY,,351,327.8,343,,,190162,65264070.4,923,,
2026-07-14,CKHL,,542.5,525,542.5,,,915,486156,25,,
2026-07-14,CLI,,442,429.3,436,,,10212,4437540.8,195,,
2026-07-14,CREST,,1200,1150.1,1174.9,,,10925,12624107.9,171,,
2026-07-14,CYCL,,1344,1300,1344,,,1319,1724721,35,,
2026-07-14,CZBIL,,195.8,192,195,,,25872,5021484.5,119,,
2026-07-14,DDBL,,823,815,818.6,,,8333,6820498.5,62,,
2026-07-14,DHEL,,572,548,560,,,13237,7412947.6,201,,
2026-07-14,DHPL,,281,255,264,,,7478,1943023.1,57,,
2026-07-14,DLBS,,1200,1135,1200,,,755,887110,24,,
2026-07-14,DOLTI,,318.9,300.1,315.1,,,29017,8975880.8,212,,
2026-07-14,DORDI,,249,240,245.5,,,11909,2904108.1,115,,
2026-07-14,EBL,,697,690.3,692.6,,,44101,30607375.8,255,,
2026-07-14,EHPL,,345,329,332.5,,,18974,6374393.7,136,,
2026-07-14,ENL,,800,762,762,,,1295,999707,28,,
2026-07-14,FMDBL,,754,738,745,,,10067,7502955.2,82,,
2026-07-14,FOWAD,,964.9,933,951,,,2571,2440030.2,55,,
2026-07-14,GBIME,,241,235,237.2,,,201957,48056337.5,360,,
2026-07-14,GBLBS,,735,718,735,,,2730,1991436.6,35,,
2026-07-14,GCIL,,329.9,320.3,322.5,,,17134,5571115.5,219,,
2026-07-14,GFCL,,603.9,592.1,600,,,8806,5254476.5,64,,
2026-07-14,GHL,,220,213.1,216.1,,,39776,8591539.9,150,,
2026-07-14,GILB,,1084.9,1043,1065,,,2478,2620049.8,29,,
2026-07-14,GLBSL,,1780,1720,1780,,,505,871385.7,19,,
2026-07-14,GLH,,248,237.1,244.9,,,28785,6942466.2,161,,
2026-07-14,GMFBS,,1232,1164,1196,,,351,418771,11,,
2026-07-14,GMFIL,,452,440,449,,,10299,4598713.8,54,,
2026-07-14,GMLI,,1220,1114,1170,,,3443,3920245,69,,
2026-07-14,GUFL,,557,529,546.9,,,10963,5866458.4,102,,
2026-07-14,GVL,,480,463,466,,,10331,4853331.6,114,,
2026-07-14,HATHY,,690,662,690,,,3689,2491612.8,79,,
2026-07-14,HBL,,195,188.9,191.8,,,35099,6720673.7,500,,
2026-07-14,HDHPC,,207,192.8,206,,,74524,15231600.8,285,,
2026-07-14,HDL,,1149,1138,1145,,,31356,35850735.5,352,,
2026-07-14,HFIN,,655,605,643,,,24763,15892429.3,521,,
2026-07-14,HHL,,330,317,325,,,28026,9037584.6,146,,
2026-07-14,HIDCL,,250,245,250,,,62329,15407968.2,277,,
2026-07-14,HIMSTAR,,655,596.1,644,,,8078,5041732,149,,
2026-07-14,HLBSL,,880,838,853,,,558,478434,14,,
2026-07-14,HLI,,320.9,313.6,318,,,21753,6906251,217,,
2026-07-14,HPPL,,363,340.1,350.9,,,85585,29805947.6,339,,
2026-07-14,HRL,,564,545,554,,,61911,34311273.11,740,,
2026-07-14,HURJA,,228,219.1,226,,,43280,9672302.1,174,,
2026-07-14,ICFC,,597,580,596.6,,,10105,5956251,62,,
2026-07-14,IHL,,345,329,340,,,4313,1456950.7,54,,
2026-07-14,ILBS,,859,816,840,,,1517,1266581.5,35,,
2026-07-14,ILI,,414,406,411.2,,,6293,2579597.8,193,,
2026-07-14,JBLB,,1252,1220,1245,,,5613,6970931,103,,
2026-07-14,JFL,,389.8,378.5,383.2,,,5939,2281072.8,52,,
2026-07-14,JHAPA,,1135,1010,1020,,,12719,13149152.6,200,,
2026-07-14,JOSHI,,254.9,246,252.4,,,17207,4286451.5,93,,
2026-07-14,JSLBB,,1011,961,989.8,,,755,741302,9,,
2026-07-14,KAHL,,500.5,462,479,,,44088,21225132.1,2460,,
2026-07-14,KBL,,210.2,205,208.7,,,151445,31500728.9,442,,
2026-07-14,KBSH,,1300,1226,1261,,,366,469708,14,,
2026-07-14,KDL,,782.8,730,759,,,2771,2078202.4,53,,
2026-07-14,KHPL,,905,870,902,,,14147,12513008.8,266,,
2026-07-14,KKHC,,258,240.2,250,,,33672,8257566.8,163,,
2026-07-14,KMCDB,,787.5,735,760,,,4432,3363516.4,54,,
2026-07-14,KPCL,,460.2,451.1,454,,,4346,1975986.7,63,,
2026-07-14,LEC,,210.1,200,205.3,,,97031,19838485.7,319,,
2026-07-14,LICN,,803,763,772,,,7717,5941309.7,66,,
2026-07-14,LLBS,,914,892.4,914,,,148,132198.8,11,,
2026-07-14,LSL,,217.3,214,214.9,,,212116,45679710,181,,
2026-07-14,MABEL,,563,545.5,553,,,7324,4058395.9,138,,
2026-07-14,MAKAR,,468,448,460,,,4172,1890235,31,,
2026-07-14,MANDU,,818.8,788,804,,,2059,1656771.8,36,,
2026-07-14,MATRI,,815,790,815,,,674,541635.4,26,,
2026-07-14,MBJC,,269.5,261.1,269.4,,,32860,8699496.7,281,,
2026-07-14,MBL,,246,240.2,244.8,,,47568,11590700.8,119,,
2026-07-14,MCHL,,275,265,272.5,,,6724,1803200.7,47,,
2026-07-14,MEHL,,307,290,292,,,9684,2879191.4,78,,
2026-07-14,MEL,,215,203.8,211,,,9125,1901538.4,151,,
2026-07-14,MEN,,568,552.8,565,,,43912,24561524.2,282,,
2026-07-14,MERO,,679,655,667.2,,,2053,1372468.1,37,,
2026-07-14,MFIL,,770,759,767.8,,,46256,35483122.6,96,,
2026-07-14,MHCL,,314.1,301,305.2,,,5302,1622689.3,51,,
2026-07-14,MHL,,470,455,470,,,2932,1362634.6,33,,
2026-07-14,MHNL,,230.9,223,226,,,44919,10127002.3,126,,
2026-07-14,MKCL,,1069,1043,1065,,,699,737846,19,,
2026-07-14,MKHC,,290,279,284.6,,,12308,3497125,95,,
2026-07-14,MKHL,,491.3,458,466,,,1254,582313,39,,
2026-07-14,MKJC,,448.9,434.1,448.9,,,4334,1910976,32,,
2026-07-14,MLBBL,,1133,1076.7,1114,,,1066,1171672.6,24,,
2026-07-14,MLBS,,1184.3,1113,1184.3,,,600,674751.6,15,,
2026-07-14,MLBSL,,1703.8,1633,1703.8,,,242,402910.9,17,,
2026-07-14,MMKJL,,447.7,436,438,,,2861,1264178.5,40,,
2026-07-14,MPFL,,605,590.1,594.8,,,17189,10248910.9,72,,
2026-07-14,MSHL,,604,580,599.9,,,559,330212.7,21,,
2026-07-14,MSLB,,1227,1194.1,1219,,,461,553008.7,22,,
2026-07-14,NABIL,,532.9,525.1,530.1,,,76835,40708052.9,399,,
2026-07-14,NADEP,,721,698.1,700.2,,,1811,1273684.5,28,,
2026-07-14,NBL,,267.9,256,260,,,91968,23913516.6,236,,
2026-07-14,NESDO,,1500,1442,1495,,,976,1434257.9,42,,
2026-07-14,NFS,,572,550,565.8,,,11494,6451413.9,106,,
2026-07-14,NGPL,,409,393.5,400.3,,,138225,55258709,380,,
2026-07-14,NHDL,,635,615,631,,,471,292773.7,20,,
2026-07-14,NHPC,,253.6,240,247.5,,,262303,64738820.5,763,,
2026-07-14,NICA,,329,320,324.2,,,24358,7875072.3,172,,
2026-07-14,NICLBSL,,549.5,527,541,,,7772,4175842.9,101,,
2026-07-14,NIFRA,,246.6,240,244.5,,,37484,9135233,354,,
2026-07-14,NIMB,,191.2,187.5,189.1,,,118057,22381140.5,386,,
2026-07-14,NLIC,,775,738,740.2,,,14987,11100382.9,153,,
2026-07-14,NLICL,,572,567,571,,,7835,4463410,38,,
2026-07-14,NLO,,269.4,269.4,269.4,,,0,0,0,,
2026-07-14,NMB,,238.4,234,235,,,29198,6873442.6,172,,
2026-07-14,NMBMF,,601,585,599.9,,,900,531893.9,19,,
2026-07-14,NMFBS,,1109.9,1086.5,1107,,,6851,7529982.9,74,,
2026-07-14,NMLBBL,,528,496.1,526,,,9110,4695433.1,85,,
2026-07-14,NRIC,,939.8,910,924,,,19799,18296113,225,,
2026-07-14,NRM,,310,295.1,301.1,,,14261,4316701,135,,
2026-07-14,NRN,,1369,1300,1346.1,,,63631,85957659.9,406,,
2026-07-14,NTC,,851,845,850.9,,,11091,9412231.5,159,,
2026-07-14,NUBL,,599.6,582.2,595,,,2612,1535853,39,,
2026-07-14,NWCL,,705,691,705,,,420,293467,23,,
2026-07-14,NYADI,,360,341,356,,,4478,1582260.4,71,,
2026-07-14,OHL,,670,655,670,,,1696,1134048,15,,
2026-07-14,OMPL,,873.5,848,871.9,,,2940,2537440,95,,
2026-07-14,PCBL,,232.6,229.1,229.2,,,46844,10797990.2,165,,
2026-07-14,PCIL,,599,572.1,589.7,,,33962,19914140.5,723,,
2026-07-14,PFL,,364,364,364,,,0,0,0,,
2026-07-14,PHCL,,294.9,280,289.9,,,52684,15147406.9,252,,
2026-07-14,PMHPL,,312,301,309,,,6800,2090078,57,,
2026-07-14,PMLI,,439.9,427.2,436,,,8135,3532878.3,107,,
2026-07-14,PPCL,,343.9,317.4,325,,,26018,8569754.6,77,,
2026-07-14,PPL,,323,302.1,321.9,,,22088,7034021.7,110,,
2026-07-14,PROFL,,427.9,415,425,,,5510,2319949.8,40,,
2026-07-14,PRVU,,190.8,186.6,188,,,86426,16312252.9,403,,
2026-07-14,PURE,,760.6,706.2,740,,,8693,6376403.7,122,,
2026-07-14,RADHI,,705,683.9,695,,,34937,24312836.5,161,,
2026-07-14,RAWA,,426,399,411.9,,,27656,11259519.1,223,,
2026-07-14,RFPL,,330,317.5,321.7,,,24382,7867032.3,129,,
2026-07-14,RHGCL,,255,240,249,,,44550,11104648.3,164,,
2026-07-14,RHPL,,257,252,255.1,,,16053,4065524,88,,
2026-07-14,RIDI,,325,301,316,,,235844,74758606.9,543,,
2026-07-14,RLEL,,733,700.4,733,,,9458,6804251.9,185,,
2026-07-14,RLFL,,454,440,451,,,12621,5641550.5,94,,
2026-07-14,RNLI,,442.8,436,440,,,12497,5487653.5,259,,
2026-07-14,RSDC,,639,610,632,,,3869,2419899.3,48,,
2026-07-14,RSML,,3037,2967,3025,,,41025,122554770,614,,
2026-07-14,RURU,,616,591,615,,,3316,2005652.5,39,,
2026-07-14,SAGAR,,1550,1500,1528,,,5425,8291140.4,106,,
2026-07-14,SAHAS,,644,631.1,635.3,,,133886,85107935.2,646,,
2026-07-14,SAIL,,841,800,841,,,15602,12846968.8,313,,
2026-07-14,SANIMA,,349,344.1,345,,,109853,37961376.1,267,,
2026-07-14,SANVI,,582,542.5,569,,,16369,9188812,198,,
2026-07-14,SARBTM,,780,762,774.9,,,8401,6487666.9,91,,
2026-07-14,SBI,,390,382.1,388.9,,,14388,5504365.5,42,,
2026-07-14,SBL,,387,383.1,386,,,104653,40300647.1,182,,
2026-07-14,SCB,,639,634,635.5,,,22831,14524991.1,136,,
2026-07-14,SGHC,,345.9,315.1,328,,,8951,2891906.9,97,,
2026-07-14,SGHL,,474.4,444,461.5,,,56112,25776480.1,3657,,
2026-07-14,SHEL,,296,287,292,,,378434,110435879.7,222,,
2026-07-14,SHIVM,,657,612,619,,,134658,84747012.8,495,,
2026-07-14,SHL,,490,474.4,486,,,45360,22037922.4,133,,
2026-07-14,SHLB,,1445,1400,1445,,,610,856822,18,,
2026-07-14,SHPC,,488,482.1,484.5,,,25857,12550237.2,125,,
2026-07-14,SIFC,,510,500,507,,,5153,2597014,30,,
2026-07-14,SIKLES,,554,541,544,,,14937,8107932.5,96,,
2026-07-14,SIPD,,575,550.1,569.9,,,9433,5292111.9,299,,
2026-07-14,SJCL,,270,264,266,,,12572,3344603.9,58,,
2026-07-14,SJLIC,,412,402.3,407.2,,,10119,4125500.9,148,,
2026-07-14,SKBBL,,746.9,740,745,,,20634,15321285,127,,
2026-07-14,SKHEL,,879,845,873.9,,,7591,6547547,125,,
2026-07-14,SKHL,,845,775,807,,,26367,21294076.6,309,,
2026-07-14,SLBBL,,797.9,775,783.2,,,3962,3102697.2,42,,
2026-07-14,SLBSL,,1161.1,1098.1,1100,,,2776,3069238.9,54,,
2026-07-14,SMATA,,730,713.5,730,,,2620,1900289.2,37,,
2026-07-14,SMB,,1823.2,1768.3,1784.3,,,2043,3648075.7,45,,
2026-07-14,SMFBS,,1635.3,1485,1529,,,1009,1522675.8,34,,
2026-07-14,SMH,,499.9,482.6,497,,,8245,4055242.1,88,,
2026-07-14,SMHL,,473,452.1,466.2,,,22459,10317640.4,171,,
2026-07-14,SMJC,,436,422.1,436,,,6399,2736525.3,93,,
2026-07-14,SMPDA,,750,730,749,,,3875,2852242.3,46,,
2026-07-14,SNLI,,426,415,422,,,9739,4091187.3,177,,
2026-07-14,SNORL,,794.9,745,769,,,26377,20202737.7,1336,,
2026-07-14,SOHL,,538,501.6,530,,,49488,26066660.9,879,,
2026-07-14,SONA,,408,399,400,,,29034,11685832.4,251,,
2026-07-14,SOPL,,789,745,765,,,45784,34939493.6,1312,,
2026-07-14,SPC,,420,408,420,,,5399,2251156.5,46,,
2026-07-14,SPDL,,370,355,359.2,,,22838,8261520.5,80,,
2026-07-14,SPHL,,544.9,519,534,,,17583,9504361.5,46,,
2026-07-14,SPL,,649,630.4,641.1,,,1488,959082.3,22,,
2026-07-14,SRLI,,374,367,370.9,,,21876,8081884.1,185,,
2026-07-14,SSHL,,200,185,195,,,103608,20251696.7,457,,
2026-07-14,STC,,5150,5000.1,5150,,,1487,7538981.6,27,,
2026-07-14,SWASTIK,,2000,1920.9,1980,,,704,1381574,44,,
2026-07-14,SWBBL,,664.7,630.5,630.5,,,140967,91154436.7,262,,
2026-07-14,SWMF,,613.7,591,612.4,,,2456,1491771.8,43,,
2026-07-14,SYPNL,,1330,1224.6,1277,,,46271,59104397.7,697,,
2026-07-14,TAMOR,,450.1,430.1,435.1,,,17543,7616073.6,142,,
2026-07-14,TPC,,351.6,342,344,,,15155,5233052,75,,
2026-07-14,TPKHL,,504.9,480.2,496,,,31104,15344898.4,1075,,
2026-07-14,TRH,,775,752,766,,,10226,7864788,18,,
2026-07-14,TSHL,,364,308.1,330,,,26493,8559932.5,248,,
2026-07-14,TTL,,705.7,670,700,,,14606,10009474.7,251,,
2026-07-14,TVCL,,471,451,462.3,,,6338,2924536.4,33,,
2026-07-14,UHEWA,,565.9,543,557,,,24127,13317517.4,127,,
2026-07-14,ULBSL,,3100,2710,3100,,,4467,12361120.4,90,,
2026-07-14,ULHC,,367,343,357,,,23153,8170194.2,130,,
2026-07-14,UMHL,,575,551,575,,,34964,19816948.7,91,,
2026-07-14,UMRH,,521.8,513.4,519.9,,,5515,2847472.7,40,,
2026-07-14,UNHPL,,383,370,382,,,23132,8712983.4,95,,
2026-07-14,UNL,,46555,46505,46505,,,20,930600,2,,
2026-07-14,UNLB,,1348.4,1213,1297.5,,,1981,2438059.5,39,,
2026-07-14,UPCL,,365,346,354.9,,,56649,19908082.6,161,,
2026-07-14,UPPER,,191.9,187.6,191.3,,,130297,24716798.1,531,,
2026-07-14,USHEC,,484,471.1,484,,,3552,1693995.9,57,,
2026-07-14,USHL,,504,468.1,487.1,,,6905,3370064.1,69,,
2026-07-14,USLB,,1170,1105.8,1141.6,,,989,1114432.6,23,,
2026-07-14,VLBS,,657,640,645,,,4691,3050623.2,119,,
2026-07-14,VLUCL,,435,420,429.5,,,2184,928004,62,,
2026-07-14,YMHL,,567,545,555,,,19747,10976316,877,,
2026-07-15,ACLBSL,,929.8,905,905,,,127,116986.6,8,,
2026-07-15,ADBL,,306.4,302,303,,,27903,8453972.1,178,,
2026-07-15,AHL,,423,410.8,415.2,,,1950,816757,24,,
2026-07-15,AHPC,,265,262,264.3,,,57964,15281748.6,254,,
2026-07-15,AKJCL,,351.8,336,343.7,,,323715,112173574.8,697,,
2026-07-15,AKPL,,253.9,250,251.5,,,35137,8836202.4,163,,
2026-07-15,ALBSL,,1068,1015,1052,,,812,849844,55,,
2026-07-15,ALICL,,429.8,419,422,,,7934,3341622,80,,
2026-07-15,ANLB,,7425,6860.9,6860.9,,,20,142859,2,,
2026-07-15,APHL,,867,809.1,820,,,16019,13419003.9,407,,
2026-07-15,API,,328,322,323.8,,,121842,39545314.3,477,,
2026-07-15,AVYAN,,1050,1000.3,1030,,,2731,2799603.3,49,,
2026-07-15,BANDIPUR,,680,655,675,,,25458,17164704.2,232,,
2026-07-15,BARUN,,318.9,313.3,316,,,32991,10422355.5,122,,
2026-07-15,BBC,,4175,4051,4154,,,277,1137160,20,,
2026-07-15,BEDC,,315,310,312,,,13993,4380708.8,120,,
2026-07-15,BFC,,535.5,496.8,507.4,,,18175,9252245.1,115,,
2026-07-15,BGWT,,565,544.1,545,,,2037,1127456.7,35,,
2026-07-15,BHCL,,470,447,463.3,,,9551,4430081.5,139,,
2026-07-15,BHDC,,433.7,418.1,422.1,,,6019,2553798.9,61,,
2026-07-15,BHL,,210,205.5,207.3,,,113620,23757239.3,288,,
2026-07-15,BHPL,,479.9,469.1,469.2,,,2163,1022102.7,32,,
2026-07-15,BJHL,,715,663,712,,,8116,5634198,123,,
2026-07-15,BNHC,,284,270,284,,,31776,8724822.6,212,,
2026-07-15,BNL,,13872.8,13872.8,13872.8,,,0,0,0,,
2026-07-15,BNT,,11700,11699.9,11700,,,20,233999,2,,
2026-07-15,BPCL,,650,640.3,643,,,12870,8286897.6,90,,
2026-07-15,BUNGAL,,580,555.8,560,,,50118,28526979.1,260,,
2026-07-15,CBBL,,918,911.2,916,,,16222,14850818.3,139,,
2026-07-15,CFCL,,634.7,592,609.9,,,49009,29895545.1,200,,
2026-07-15,CGH,,773.8,758.1,770,,,68796,52828927.9,70,,
2026-07-15,CHCL,,482,476,476.1,,,20387,9760660.7,140,,
2026-07-15,CHDC,,2118,2055,2070,,,22240,46033683.5,171,,
2026-07-15,CHL,,260,255,257,,,9126,2344086.8,61,,
2026-07-15,CIT,,1695,1670.1,1670.1,,,5708,9585256.6,149,,
2026-07-15,CITY,,354,342,346,,,90311,31328324.7,488,,
2026-07-15,CKHL,,558,532,558,,,904,494109.8,18,,
2026-07-15,CLI,,442,434.1,438.9,,,11976,5266443.1,144,,
2026-07-15,CREST,,1205,1140,1186.9,,,6693,7842039.2,102,,
2026-07-15,CYCL,,1340,1310.5,1310.5,,,674,888675.5,31,,
2026-07-15,CZBIL,,199,195,196.8,,,21740,4257530,102,,
2026-07-15,DDBL,,838,819.2,825,,,5868,4848834.2,56,,
2026-07-15,DHEL,,569.9,555.6,560,,,8650,4858672.6,107,,
2026-07-15,DHPL,,278,265,275.9,,,2733,736382,37,,
2026-07-15,DLBS,,1210,1164,1165,,,476,563533.8,22,,
2026-07-15,DOLTI,,327,315,317.9,,,17213,5524493.4,148,,
2026-07-15,DORDI,,252,245,246,,,10773,2675849.2,81,,
2026-07-15,EBL,,700,692,693.1,,,58660,40722563,242,,
2026-07-15,EHPL,,351.9,333.6,335,,,11299,3793027.3,91,,
2026-07-15,ENL,,799.6,784.6,795,,,480,379371,11,,
2026-07-15,FMDBL,,766,745,750,,,3751,2805002.4,43,,
2026-07-15,FOWAD,,979,951,978.8,,,728,700227.6,27,,
2026-07-15,GBIME,,240.9,238,239.7,,,64301,15359712,251,,
2026-07-15,GBLBS,,742.5,727.8,734,,,533,389746.2,18,,
2026-07-15,GCIL,,329,315.5,323.7,,,22389,7254481,221,,
2026-07-15,GFCL,,610,600,600,,,7926,4783484.3,50,,
2026-07-15,GHL,,220.9,217,217.5,,,18462,4026748,110,,
2026-07-15,GILB,,1078.8,1020.1,1078.8,,,5142,5351393.4,67,,
2026-07-15,GLBSL,,1783.9,1732,1770,,,169,295198,9,,
2026-07-15,GLH,,250,242,244.9,,,28160,6925872.2,99,,
2026-07-15,GMFBS,,1253,1179.1,1199,,,80,95847,6,,
2026-07-15,GMFIL,,463,451,454,,,11606,5291746.5,40,,
2026-07-15,GMLI,,1179,1145.5,1173,,,598,694545,28,,
2026-07-15,GUFL,,550,540.1,543,,,5311,2893491.3,41,,
2026-07-15,GVL,,479.9,466,470,,,3334,1575158.7,48,,
2026-07-15,HATHY,,699,672.1,672.2,,,6928,4699568.9,111,,
2026-07-15,HBL,,198.7,190,193,,,27955,5380949.8,408,,
2026-07-15,HDHPC,,209.9,195.7,206,,,74341,15358432.5,240,,
2026-07-15,HDL,,1152,1143,1143,,,23382,26809267.6,281,,
2026-07-15,HFIN,,668.9,641.1,650,,,15443,10038256.7,299,,
2026-07-15,HHL,,336,309,332.8,,,23305,7692566.4,114,,
2026-07-15,HIDCL,,253,247.1,248,,,42075,10507785.1,245,,
2026-07-15,HIMSTAR,,655,627,649.9,,,3845,2448798.8,70,,
2026-07-15,HLBSL,,868.9,843,855,,,828,702398.9,23,,
2026-07-15,HLI,,323,317,318,,,14073,4499885.8,194,,
2026-07-15,HPPL,,355,343,343.1,,,88643,30792448.6,291,,
2026-07-15,HRL,,564,555,557,,,33156,18552472.5,470,,
2026-07-15,HURJA,,230,226.7,227,,,18128,4140200,106,,
2026-07-15,ICFC,,605,591,600,,,5568,3319439.7,47,,
2026-07-15,IHL,,353,340.1,345.2,,,5293,1840646.4,65,,
2026-07-15,ILBS,,888,815,840.1,,,1182,1005056.4,37,,
2026-07-15,ILI,,415,400,401,,,14014,5727252.1,229,,
2026-07-15,JBLB,,1261,1245,1250,,,1411,1765184.5,59,,
2026-07-15,JFL,,388,385,385,,,3719,1437678.2,27,,
2026-07-15,JHAPA,,1071,1009,1048,,,11369,11862936.4,182,,
2026-07-15,JOSHI,,257.6,250.1,252,,,6015,1520452.7,49,,
2026-07-15,JSLBB,,1016,970,970,,,5689,5744937.1,17,,
2026-07-15,KAHL,,495.2,475,479.9,,,22727,11010797.8,1414,,
2026-07-15,KBL,,213,209.7,212,,,121821,25743459.9,381,,
2026-07-15,KBSH,,1280,1227,1245,,,258,323246.7,12,,
2026-07-15,KDL,,795,760,765.1,,,812,626578.8,29,,
2026-07-15,KHPL,,929.9,902,925.3,,,6883,6326444.8,263,,
2026-07-15,KKHC,,256.8,247,247.3,,,14165,3537379.6,72,,
2026-07-15,KMCDB,,782.5,739.2,760,,,1322,1004135.6,36,,
2026-07-15,KPCL,,461,455,455,,,5657,2589854.2,54,,
2026-07-15,LEC,,211,205,205,,,40082,8277590.2,140,,
2026-07-15,LICN,,787.8,765,783,,,4568,3540447.2,57,,
2026-07-15,LLBS,,922.1,894.6,894.6,,,318,292666.8,7,,
2026-07-15,LSL,,220,214.9,215,,,53731,11590850.6,127,,
2026-07-15,MABEL,,568,547.1,558,,,6930,3851407.4,84,,
2026-07-15,MAKAR,,470,448.2,460,,,6986,3160184.7,67,,
2026-07-15,MANDU,,817,791.1,791.1,,,1119,891096.2,30,,
2026-07-15,MATRI,,818,815.2,815.2,,,21,17147.2,2,,
2026-07-15,MBJC,,273,266,268.4,,,6765,1821832.2,137,,
2026-07-15,MBL,,247.5,244.8,246.9,,,30575,7528333.9,98,,
2026-07-15,MCHL,,284.8,270,278,,,8866,2459909.4,81,,
2026-07-15,MEHL,,303,292,297,,,3479,1037515,47,,
2026-07-15,MEL,,216.5,211.6,216,,,4840,1040991.2,86,,
2026-07-15,MEN,,573.8,556.5,559,,,57939,32676730.1,353,,
2026-07-15,MERO,,707,663,663,,,6576,4422939.5,54,,
2026-07-15,MFIL,,779.9,730,777,,,47072,36482890,124,,
2026-07-15,MHCL,,310,302,308.5,,,3580,1096892.5,55,,
2026-07-15,MHL,,479.5,466.2,478,,,1159,543268.3,23,,
2026-07-15,MHNL,,235.9,226.6,231,,,10896,2496161.9,75,,
2026-07-15,MKCL,,1080,1053,1070,,,1581,1695135,30,,
2026-07-15,MKHC,,290,279.1,289,,,9099,2635355,53,,
2026-07-15,MKHL,,479.9,466,479.9,,,3491,1643609.4,42,,
2026-07-15,MKJC,,450.2,442.2,446,,,1916,853978.5,26,,
2026-07-15,MLBBL,,1120,1097,1109,,,1191,1315088,25,,
2026-07-15,MLBS,,1161,1160,1160,,,130,150850,5,,
2026-07-15,MLBSL,,1740.8,1700,1735,,,118,202748,11,,
2026-07-15,MMKJL,,450,433,438,,,1657,727359.6,35,,
2026-07-15,MPFL,,606.2,598,600,,,3665,2199125,35,,
2026-07-15,MSHL,,617,599,600,,,856,513333,15,,
2026-07-15,MSLB,,1239,1184,1219,,,1209,1452797,35,,
2026-07-15,NABIL,,536,515,534,,,57577,30712675.2,354,,
2026-07-15,NADEP,,722,701,705,,,167,118738.4,12,,
2026-07-15,NBL,,265,258.5,259.9,,,31214,8146875.6,135,,
2026-07-15,NESDO,,1520,1475.1,1499.8,,,221,329498.9,18,,
2026-07-15,NFS,,590.9,568,569,,,10136,5859509.1,103,,
2026-07-15,NGPL,,408.8,400,402,,,117905,47467404.8,249,,
2026-07-15,NHDL,,645,630,639,,,2660,1677182,25,,
2026-07-15,NHPC,,254.9,242.5,249.9,,,132466,33170138.7,365,,
2026-07-15,NICA,,331,321.1,329.9,,,29988,9750741.5,202,,
2026-07-15,NICLBSL,,552,537,544,,,1272,695141.3,51,,
2026-07-15,NIFRA,,248.9,244.1,245,,,32021,7881517.2,323,,
2026-07-15,NIMB,,193,189.3,191,,,109105,20819299.6,320,,
2026-07-15,NLIC,,759.9,739,743.9,,,43876,32644064.3,164,,
2026-07-15,NLICL,,580,570,580,,,8530,4910449.7,73,,
2026-07-15,NLO,,269.4,269.4,269.4,,,0,0,0,,
2026-07-15,NMB,,239.8,235.3,236.6,,,115664,27455144.6,133,,
2026-07-15,NMBMF,,610,582,595.3,,,808,483340,14,,
2026-07-15,NMFBS,,1153,1101.1,1107,,,1724,1910490.1,38,,
2026-07-15,NMLBBL,,535,526.1,527,,,935,494750,22,,
2026-07-15,NRIC,,965,920.1,925,,,36726,34464916.7,217,,
2026-07-15,NRM,,311,296,301,,,12001,3648999.1,121,,
2026-07-15,NRN,,1372,1300,1356,,,41928,56926139.8,257,,
2026-07-15,NTC,,859.9,848,853,,,6065,5177440.5,126,,
2026-07-15,NUBL,,604,590,600.1,,,7036,4182347,45,,
2026-07-15,NWCL,,724.9,700,705,,,2274,1605522.5,35,,
2026-07-15,NYADI,,370,356,367,,,8066,2946316.8,72,,
2026-07-15,OHL,,683.4,672.1,683.4,,,590,397793,7,,
2026-07-15,OMPL,,902,878.1,888,,,5908,5259770.1,104,,
2026-07-15,PCBL,,235,230.4,232,,,25011,5789852.6,105,,
2026-07-15,PCIL,,599,573,594,,,18338,10839499.1,478,,
2026-07-15,PFL,,364,364,364,,,0,0,0,,
2026-07-15,PHCL,,296,289,292.1,,,27475,8046509,135,,
2026-07-15,PMHPL,,315,310.1,315,,,3240,1009658.1,42,,
2026-07-15,PMLI,,453,424.2,441,,,2198,968508.8,67,,
2026-07-15,PPCL,,341.2,326.9,334,,,2437,811232,32,,
2026-07-15,PPL,,328,306,323.1,,,18740,6056746.1,102,,
2026-07-15,PROFL,,433.5,425,430,,,10047,4325721.7,43,,
2026-07-15,PRVU,,190.9,188,189.5,,,70069,13284279.5,309,,
2026-07-15,PURE,,760,732.2,759,,,3238,2417382.2,74,,
2026-07-15,RADHI,,759.3,695,708,,,53843,39440630.1,170,,
2026-07-15,RAWA,,422.3,404,415,,,17890,7422406.4,146,,
2026-07-15,RFPL,,330,320.1,328,,,13611,4401780.1,100,,
2026-07-15,RHGCL,,260,250,251,,,9624,2425806.6,84,,
2026-07-15,RHPL,,260,253.1,255,,,8784,2248458.1,83,,
2026-07-15,RIDI,,326.5,301,322,,,174573,56564140.2,426,,
2026-07-15,RLEL,,752.9,725,743.8,,,8733,6476695,127,,
2026-07-15,RLFL,,460,440,454.9,,,25070,11422509.9,79,,
2026-07-15,RNLI,,444.7,437,441.8,,,5624,2479541.1,182,,
2026-07-15,RSDC,,649,630,645.9,,,560,355885.7,19,,
2026-07-15,RSML,,3070,2981,3000,,,27505,82706234.5,373,,
2026-07-15,RURU,,623,603,603,,,3491,2124574.8,56,,
2026-07-15,SAGAR,,1630,1505,1620,,,21862,34784212,278,,
2026-07-15,SAHAS,,648,638,638.3,,,65747,42094474.5,332,,
2026-07-15,SAIL,,860,833,851,,,16305,13885805.7,182,,
2026-07-15,SANIMA,,351.8,348,350.5,,,43142,15079635.5,152,,
2026-07-15,SANVI,,590,552,569,,,3637,2080644.5,95,,
2026-07-15,SARBTM,,784,770,774.9,,,13769,10656542.3,109,,
2026-07-15,SBI,,393,385,387,,,20827,8101128.2,52,,
2026-07-15,SBL,,389,382,387.9,,,400291,153410431.1,221,,
2026-07-15,SCB,,649,636,643.5,,,7822,4993735.6,68,,
2026-07-15,SGHC,,337,320.3,334,,,14648,4839674.6,91,,
2026-07-15,SGHL,,486,456.6,470,,,53760,25334842,2447,,
2026-07-15,SHEL,,300,293,298.9,,,185382,54489412,207,,
2026-07-15,SHIVM,,630,618.2,620.8,,,87046,54063975.8,367,,
2026-07-15,SHL,,496,487,487,,,21524,10521638,46,,
2026-07-15,SHLB,,1479.9,1410,1436,,,200,288399,9,,
2026-07-15,SHPC,,495,486.2,489,,,21804,10705558.9,76,,
2026-07-15,SIFC,,520,510,510,,,5368,2752773.3,29,,
2026-07-15,SIKLES,,560,547.2,552,,,3028,1680087.8,47,,
2026-07-15,SIPD,,597,553.1,565,,,6589,3721538,235,,
2026-07-15,SJCL,,270.9,264,269,,,12158,3272010.8,74,,
2026-07-15,SJLIC,,414.3,408,410,,,4925,2018565.5,81,,
2026-07-15,SKBBL,,756,745,745,,,15390,11549827.9,79,,
2026-07-15,SKHEL,,900,866.3,889,,,3328,2927401.4,80,,
2026-07-15,SKHL,,847.3,802.1,820,,,9333,7637452.6,183,,
2026-07-15,SLBBL,,799,770.1,794.5,,,7943,6201958.1,51,,
2026-07-15,SLBSL,,1133,1100,1103,,,3478,3882010.5,34,,
2026-07-15,SMATA,,743.9,716.1,726.2,,,1380,1008085.6,36,,
2026-07-15,SMB,,1837.8,1782.7,1794,,,1191,2139929.9,26,,
2026-07-15,SMFBS,,1549,1484,1520,,,538,819581,17,,
2026-07-15,SMH,,510,490.2,502,,,7303,3677556.8,68,,
2026-07-15,SMHL,,474.9,465,472.9,,,15425,7251637.5,117,,
2026-07-15,SMJC,,440,425,440,,,7898,3421456,95,,
2026-07-15,SMPDA,,770,739.9,740,,,1853,1379247.3,30,,
2026-07-15,SNLI,,430,416,424,,,4205,1785276.2,160,,
2026-07-15,SNORL,,790,763,771,,,12249,9534059.7,534,,
2026-07-15,SOHL,,540,521,523.4,,,43571,23085517.9,623,,
2026-07-15,SONA,,412,401,407,,,13686,5545812.7,167,,
2026-07-15,SOPL,,790,765,771,,,36729,28608969.8,777,,
2026-07-15,SPC,,420,408,420,,,2500,1048638.4,39,,
2026-07-15,SPDL,,369,353.1,361,,,27047,9741981.2,89,,
2026-07-15,SPHL,,544,513,530,,,4451,2374784.9,26,,
2026-07-15,SPL,,660,637.2,650,,,5000,3248858,13,,
2026-07-15,SRLI,,380,366.5,373,,,13193,4946415.2,126,,
2026-07-15,SSHL,,199.9,195,195.3,,,69210,13587413.2,277,,
2026-07-15,STC,,5170,5014.1,5170,,,5240,26726191,18,,
2026-07-15,SWASTIK,,2000,1934.1,1997,,,573,1139435,24,,
2026-07-15,SWBBL,,659.5,642,650,,,12841,8387915.8,128,,
2026-07-15,SWMF,,630,612,628.8,,,6442,3989828.2,52,,
2026-07-15,SYPNL,,1310,1262,1299.8,,,31623,41015646,453,,
2026-07-15,TAMOR,,444,431.3,436.5,,,8678,3793604.6,106,,
2026-07-15,TPC,,351,344.2,349,,,4312,1504235.6,44,,
2026-07-15,TPKHL,,506,492,494,,,17167,8554860.4,661,,
2026-07-15,TRH,,766,766,766,,,0,0,0,,
2026-07-15,TSHL,,358.4,339,350.5,,,19262,6735673.3,224,,
2026-07-15,TTL,,715,695,700,,,7627,5379049,163,,
2026-07-15,TVCL,,476.1,463,469.9,,,1420,665576.4,15,,
2026-07-15,UHEWA,,580,556,573,,,91472,52791175.4,194,,
2026-07-15,ULBSL,,3100,2740.1,2873,,,220,628446,18,,
2026-07-15,ULHC,,367,350.3,358,,,7237,2602488.5,87,,
2026-07-15,UMHL,,578,555,573,,,29612,16819166.8,98,,
2026-07-15,UMRH,,523,520,521.9,,,8661,4513961.2,33,,
2026-07-15,UNHPL,,385,380,383,,,13025,4984376.7,60,,
2026-07-15,UNL,,47899.9,47200,47200,,,20,950999,2,,
2026-07-15,UNLB,,1359.8,1270,1275.9,,,241,310918,12,,
2026-07-15,UPCL,,359.5,338,354,,,118476,41488927.8,184,,
2026-07-15,UPPER,,198,191.9,192,,,47635,9169625.4,275,,
2026-07-15,USHEC,,488,480,485,,,2546,1235426,31,,
2026-07-15,USHL,,511.4,468.3,492.3,,,1342,660443.1,41,,
2026-07-15,USLB,,1169,1142,1142,,,281,322793.5,17,,
2026-07-15,VLBS,,662,647,652,,,752,491165.4,39,,
2026-07-15,VLUCL,,440,412,431.9,,,3992,1686129.5,67,,
2026-07-15,YMHL,,568,552,558,,,15696,8786150.4,632,,
2026-07-16,ACLBSL,,932,893.2,932,,,609,561970.3,26,,
2026-07-16,ADBL,,309,303.1,309,,,21483,6573100.5,121,,
2026-07-16,AHL,,418,414,414,,,1528,633964,26,,
2026-07-16,AHPC,,265.3,261.1,262.1,,,37523,9854145.7,169,,
2026-07-16,AKJCL,,351,336.5,337,,,403201,137807067.8,825,,
2026-07-16,AKPL,,264,245,249,,,48150,12051563.2,181,,
2026-07-16,ALBSL,,1050,1016.1,1050,,,3421,3519837.4,62,,
2026-07-16,ALICL,,428,419,419,,,13271,5595878.2,86,,
2026-07-16,ANLB,,7200,7200,7200,,,10,72000,1,,
2026-07-16,APHL,,859,800,819,,,9640,7921340.9,265,,
2026-07-16,API,,326.8,320.3,320.7,,,143676,46307084.5,482,,
2026-07-16,AVYAN,,1042,1012,1042,,,9282,9488905,34,,
2026-07-16,BANDIPUR,,708.1,655,661,,,16750,11233643.3,240,,
2026-07-16,BARUN,,319.9,314.1,319.9,,,18636,5883206.5,97,,
2026-07-16,BBC,,4239,4103,4169,,,60,249196,6,,
2026-07-16,BEDC,,316.7,308,308,,,11679,3632804.5,97,,
2026-07-16,BFC,,514.5,501.1,514.5,,,24660,12525930.3,116,,
2026-07-16,BGWT,,561.3,546,546,,,1434,795639.9,22,,
2026-07-16,BHCL,,470,450,450,,,25338,11617373.8,174,,
2026-07-16,BHDC,,424.9,420,423,,,6296,2657396.9,67,,
2026-07-16,BHL,,210,204,204,,,31388,6477494.1,179,,
2026-07-16,BHPL,,469.2,458,458.3,,,5513,2535788.7,66,,
2026-07-16,BJHL,,721,680,681,,,3138,2166438,82,,
2026-07-16,BNHC,,295,273,278,,,33568,9360949.5,191,,
2026-07-16,BNL,,14150,14100,14150,,,20,282500,2,,
2026-07-16,BNT,,11750,11610,11610,,,120,1403600,3,,
2026-07-16,BPCL,,668,612,668,,,37996,24677132.7,154,,
2026-07-16,BUNGAL,,588.8,560.2,585,,,40201,23160857.2,321,,
2026-07-16,CBBL,,922,912,922,,,18030,16525415.5,153,,
2026-07-16,CFCL,,616,604,608.9,,,36063,22003260.6,147,,
2026-07-16,CGH,,808.5,755.2,755.2,,,6674,5129815.2,73,,
2026-07-16,CHCL,,480,475.1,475.1,,,14892,7085257.6,86,,
2026-07-16,CHDC,,2173.5,2052,2060.2,,,18516,38411053.4,155,,
2026-07-16,CHL,,260,250,256,,,14841,3775400.6,66,,
2026-07-16,CIT,,1689,1666,1670,,,3427,5729925,111,,
2026-07-16,CITY,,352,341,341.1,,,96039,33144691.5,398,,
2026-07-16,CKHL,,638,531,638,,,32751,20025005,90,,
2026-07-16,CLI,,443,435,435.1,,,4932,2153801.7,110,,
2026-07-16,CREST,,1186.9,1150,1174.7,,,6005,6964118.7,103,,
2026-07-16,CYCL,,1330,1300.3,1328,,,384,503055.3,16,,
2026-07-16,CZBIL,,198,194,196.9,,,30884,6067988.5,112,,
2026-07-16,DDBL,,850,822,850,,,10041,8355996.1,78,,
2026-07-16,DHEL,,569.1,540.1,540.1,,,20078,11093586.8,181,,
2026-07-16,DHPL,,275,269,275,,,1171,316269,15,,
2026-07-16,DLBS,,1209,1133,1209,,,495,571498.6,25,,
2026-07-16,DOLTI,,323,315.5,317.9,,,23852,7597153.6,87,,
2026-07-16,DORDI,,252,246,247,,,6530,1626312.9,64,,
2026-07-16,EBL,,700,694,695,,,33249,23146112.3,156,,
2026-07-16,EHPL,,352,318.3,328.3,,,18118,6150895.7,108,,
2026-07-16,ENL,,817,770,805,,,764,600327.2,21,,
2026-07-16,FMDBL,,862,730,860,,,30074,22823748.4,144,,
2026-07-16,FOWAD,,1000,960,979,,,1764,1702568.1,31,,
2026-07-16,GBIME,,242.8,238.5,240,,,55035,13231217.9,250,,
2026-07-16,GBLBS,,740,730,730.1,,,211,154198.4,20,,
2026-07-16,GCIL,,341,323,340,,,28976,9734771.4,296,,
2026-07-16,GFCL,,609,590.1,590.1,,,7913,4732063,55,,
2026-07-16,GHL,,219.9,214.1,215,,,31722,6840815.9,117,,
2026-07-16,GILB,,1078.8,1046,1060,,,2608,2736049.8,26,,
2026-07-16,GLBSL,,1770,1721,1763.9,,,257,445970.2,10,,
2026-07-16,GLH,,249.5,241,243,,,21079,5130401.3,95,,
2026-07-16,GMFBS,,1188,1164.2,1188,,,207,242154.6,8,,
2026-07-16,GMFIL,,460,447,450,,,12841,5796679.7,59,,
2026-07-16,GMLI,,1184.9,1140,1169.9,,,934,1075707,35,,
2026-07-16,GUFL,,549,540,540,,,2429,1320620,31,,
2026-07-16,GVL,,480,467,480,,,18946,8924974,91,,
2026-07-16,HATHY,,675,660,672.9,,,6428,4277687.4,113,,
2026-07-16,HBL,,197,191,194.5,,,24590,4735013.7,385,,
2026-07-16,HDHPC,,208,201.3,203,,,91767,18692621.3,279,,
2026-07-16,HDL,,1147.2,1135,1140,,,36014,41073004.9,488,,
2026-07-16,HFIN,,662.8,640,644,,,20044,13010932.4,300,,
2026-07-16,HHL,,336.5,320.1,323,,,16728,5445665.2,119,,
2026-07-16,HIDCL,,252.5,248.3,250,,,62953,15738237.9,234,,
2026-07-16,HIMSTAR,,650,633.5,648.5,,,3549,2272171.7,58,,
2026-07-16,HLBSL,,869.4,836.1,869.4,,,61,51826.4,4,,
2026-07-16,HLI,,333.9,313.1,321.8,,,113119,36221126.8,259,,
2026-07-16,HPPL,,350,341.6,344,,,92919,32147251.1,240,,
2026-07-16,HRL,,584.8,552,553,,,43458,24249454.3,460,,
2026-07-16,HURJA,,230,225.1,226.5,,,24506,5559608,91,,
2026-07-16,ICFC,,600,585,589,,,9136,5408941.5,61,,
2026-07-16,IHL,,348.5,340,343.8,,,5430,1861498,30,,
2026-07-16,ILBS,,892,817,864,,,481,410674,28,,
2026-07-16,ILI,,411,401.2,408,,,6793,2760390.9,164,,
2026-07-16,JBLB,,1260,1230,1250,,,1473,1832332.2,68,,
2026-07-16,JFL,,390,383,383,,,3435,1326528.5,25,,
2026-07-16,JHAPA,,1090,1000,1015,,,6912,7261911.8,148,,
2026-07-16,JOSHI,,259.4,252,255.9,,,14122,3628782.9,72,,
2026-07-16,JSLBB,,999,941,999,,,1396,1330894.2,32,,
2026-07-16,KAHL,,482.5,470.5,473,,,20278,9629204.1,1354,,
2026-07-16,KBL,,213.6,208,210,,,128012,26865517.2,342,,
2026-07-16,KBSH,,1229,1200.1,1200.1,,,322,390644.4,16,,
2026-07-16,KDL,,788,760.2,784,,,1487,1157591,46,,
2026-07-16,KHPL,,947.6,901,916,,,14177,12979901.6,220,,
2026-07-16,KKHC,,254,245.2,249,,,22390,5561843.9,86,,
2026-07-16,KMCDB,,780,750,772.6,,,857,654387.8,24,,
2026-07-16,KPCL,,459,450,459,,,12862,5817751.1,62,,
2026-07-16,LEC,,209.9,202.4,203,,,64279,13153848.7,199,,
2026-07-16,LICN,,789.8,778,789.8,,,6429,5031476.5,45,,
2026-07-16,LLBS,,939.3,900,919.9,,,511,464074.3,12,,
2026-07-16,LSL,,218.4,212.1,215.1,,,81383,17563395.3,158,,
2026-07-16,MABEL,,560,550.5,552,,,7084,3948931.3,69,,
2026-07-16,MAKAR,,488,448,488,,,14572,6624383.6,82,,
2026-07-16,MANDU,,802,790,800,,,3127,2493454,35,,
2026-07-16,MATRI,,839,808.1,839,,,289,240121.6,16,,
2026-07-16,MBJC,,275,266.1,266.5,,,4372,1169065.5,106,,
2026-07-16,MBL,,250,244.8,248,,,40714,10041178.1,104,,
2026-07-16,MCHL,,280,269.7,275.1,,,1917,527274,30,,
2026-07-16,MEHL,,302,295.2,298,,,1755,525506.8,35,,
2026-07-16,MEL,,216.5,210.2,214.5,,,3110,667513,64,,
2026-07-16,MEN,,572,560,568.9,,,27746,15617964.1,155,,
2026-07-16,MERO,,681.8,660,670,,,5384,3587191.8,46,,
2026-07-16,MFIL,,867,750,772,,,13195,10185319.2,70,,
2026-07-16,MHCL,,310,301,309,,,1625,497457,34,,
2026-07-16,MHL,,475,456.3,469,,,11462,5308758.7,59,,
2026-07-16,MHNL,,235,226,235,,,7796,1779974.8,38,,
2026-07-16,MKCL,,1101,1050,1101,,,1594,1706698.6,39,,
2026-07-16,MKHC,,295.9,283,283.3,,,5751,1646638.9,57,,
2026-07-16,MKHL,,540,457,540,,,18305,9262073.5,118,,
2026-07-16,MKJC,,468.3,437.1,445,,,2259,1006480.7,22,,
2026-07-16,MLBBL,,1160,1100,1117,,,2227,2471098.2,35,,
2026-07-16,MLBS,,1151,1116,1149.4,,,465,527204,6,,
2026-07-16,MLBSL,,1734,1686,1734,,,76,130776,4,,
2026-07-16,MMKJL,,440,429.1,430,,,2110,914855,33,,
2026-07-16,MPFL,,604,593,594,,,2831,1683935.8,33,,
2026-07-16,MSHL,,590.5,585,589,,,899,529964.2,10,,
2026-07-16,MSLB,,1230,1193.2,1230,,,246,295396.6,12,,
2026-07-16,NABIL,,537.9,534,534.9,,,28326,15154158,321,,
2026-07-16,NADEP,,739.5,706,739.5,,,2760,1988613.7,29,,
2026-07-16,NBL,,265,260.1,261.6,,,38995,10219088.6,128,,
2026-07-16,NESDO,,1480,1455,1466,,,334,488281,16,,
2026-07-16,NFS,,575,555,555,,,11531,6474806.8,98,,
2026-07-16,NGPL,,406,394,398,,,228603,90955021.8,412,,
2026-07-16,NHDL,,639,606.3,630.9,,,17638,11026619.7,49,,
2026-07-16,NHPC,,257,242.6,243,,,169424,41844347.5,454,,
2026-07-16,NICA,,331,325,325.1,,,21138,6926183,137,,
2026-07-16,NICLBSL,,560,540.2,542,,,4464,2423843.3,63,,
2026-07-16,NIFRA,,246.5,243,245.6,,,39713,9711397.1,314,,
2026-07-16,NIMB,,193,189,190,,,94936,18072158.4,313,,
2026-07-16,NLIC,,781,740,749.8,,,18816,13991176.3,150,,
2026-07-16,NLICL,,622,570,579,,,68074,42046621.5,65,,
2026-07-16,NLO,,269.4,269.4,269.4,,,0,0,0,,
2026-07-16,NMB,,241.5,236.1,239.5,,,13630,3239543.4,118,,
2026-07-16,NMBMF,,606.6,590,593,,,1175,695347,13,,
2026-07-16,NMFBS,,1110,1101,1102,,,1333,1472905.7,25,,
2026-07-16,NMLBBL,,534.9,504.4,534.9,,,9491,4941408.4,65,,
2026-07-16,NRIC,,971,920,923,,,22497,20861245.7,213,,
2026-07-16,NRM,,309,295.1,300,,,7884,2372070.5,87,,
2026-07-16,NRN,,1423.8,1329,1344,,,169919,227991121.4,341,,
2026-07-16,NTC,,861,853,857.5,,,3418,2936170.7,89,,
2026-07-16,NUBL,,635,590,635,,,13871,8271166.5,92,,
2026-07-16,NWCL,,724,693,723,,,3898,2729947.4,36,,
2026-07-16,NYADI,,367.9,357,359,,,4799,1727162.2,47,,
2026-07-16,OHL,,683.4,665,682,,,2134,1423857.1,18,,
2026-07-16,OMPL,,900,870,880,,,3590,3190006.7,70,,
2026-07-16,PCBL,,239.9,231,239.9,,,64646,15177177.8,147,,
2026-07-16,PCIL,,607,590,595,,,43238,25852778.7,564,,
2026-07-16,PFL,,364,364,364,,,0,0,0,,
2026-07-16,PHCL,,306.7,290,290,,,141142,41386091.1,226,,
2026-07-16,PMHPL,,325,310,315.8,,,1472,464542.1,85,,
2026-07-16,PMLI,,463,431,433.1,,,3461,1510554.6,79,,
2026-07-16,PPCL,,340.8,327,330,,,5691,1874116.5,45,,
2026-07-16,PPL,,330,307,320,,,9133,2921976.2,74,,
2026-07-16,PROFL,,451.5,427,433,,,3120,1345250,23,,
2026-07-16,PRVU,,192,188.5,189.6,,,55989,10611610.8,256,,
2026-07-16,PURE,,865,745.3,865,,,8388,6466370,93,,
2026-07-16,RADHI,,718,690.3,700,,,24647,17217355.6,124,,
2026-07-16,RAWA,,426,408.4,411.8,,,16584,6871682.9,125,,
2026-07-16,RFPL,,342,315,326,,,32454,10542823.4,133,,
2026-07-16,RHGCL,,256.5,245.1,249.9,,,14851,3711117,78,,
2026-07-16,RHPL,,267.7,253,253,,,11999,3046324,83,,
2026-07-16,RIDI,,330,323,326,,,494227,161646080.4,494,,
2026-07-16,RLEL,,750,696,713,,,7825,5613004.2,168,,
2026-07-16,RLFL,,467.5,448.3,450,,,31854,14444476.7,81,,
2026-07-16,RNLI,,443,437.1,440,,,6013,2646144.7,156,,
2026-07-16,RSDC,,661,640,649.8,,,841,541607.5,16,,
2026-07-16,RSML,,3035,2960,2970,,,29513,88417221.6,398,,
2026-07-16,RURU,,618,599,618,,,8361,5073332.5,57,,
2026-07-16,SAGAR,,1660,1570,1618,,,14532,23757063.6,204,,
2026-07-16,SAHAS,,644.9,635,636,,,64937,41454051.7,378,,
2026-07-16,SAIL,,893.5,830,838,,,11597,9769155.1,166,,
2026-07-16,SANIMA,,353,348,350,,,50971,17855284.5,181,,
2026-07-16,SANVI,,585,557.1,565,,,6167,3457915.2,97,,
2026-07-16,SARBTM,,787.8,750,772,,,15491,11810828.7,162,,
2026-07-16,SBI,,393,384.2,392.9,,,10894,4214250.8,60,,
2026-07-16,SBL,,395,384,395,,,284325,109886105.2,214,,
2026-07-16,SCB,,668,639,666.1,,,14522,9512061.9,147,,
2026-07-16,SGHC,,335,320,320,,,16020,5225058,77,,
2026-07-16,SGHL,,476,455.5,462,,,36739,17081260.7,2033,,
2026-07-16,SHEL,,304,296.1,302.9,,,821873,247429293.2,462,,
2026-07-16,SHIVM,,627.5,620,621,,,58274,36285190.6,293,,
2026-07-16,SHL,,496,488.6,489.5,,,14876,7295352.9,57,,
2026-07-16,SHLB,,1479,1479,1479,,,10,14790,1,,
2026-07-16,SHPC,,492,488,490,,,44711,21876836.5,89,,
2026-07-16,SIFC,,511,500,509,,,2114,1063108.9,22,,
2026-07-16,SIKLES,,554.9,548,554.9,,,5087,2804443,28,,
2026-07-16,SIPD,,574,552.6,558.9,,,10156,5667314.8,232,,
2026-07-16,SJCL,,274,268,272.9,,,8303,2235127.5,60,,
2026-07-16,SJLIC,,419,407,413,,,5855,2395587.8,90,,
2026-07-16,SKBBL,,752,745,751.9,,,14872,11132263.9,64,,
2026-07-16,SKHEL,,899,868.1,874.3,,,1920,1693768.3,48,,
2026-07-16,SKHL,,844,785.1,818,,,7013,5655635.5,144,,
2026-07-16,SLBBL,,788.9,780.1,788.9,,,787,615060.3,27,,
2026-07-16,SLBSL,,1110,1082,1100,,,1986,2170333,24,,
2026-07-16,SMATA,,739,720,730,,,1828,1334550,40,,
2026-07-16,SMB,,1887,1800,1827,,,3704,6813917.8,51,,
2026-07-16,SMFBS,,1520,1455,1480,,,2147,3171538.2,21,,
2026-07-16,SMH,,508,495,504.8,,,8435,4221549.1,81,,
2026-07-16,SMHL,,485,468,485,,,68832,32699698,253,,
2026-07-16,SMJC,,447.8,426.3,426.3,,,20465,8819354.1,94,,
2026-07-16,SMPDA,,755,733.1,748.9,,,1270,934358.2,25,,
2026-07-16,SNLI,,427,419,422.1,,,4151,1758975,171,,
2026-07-16,SNORL,,784.9,769,779,,,16511,12822973,543,,
2026-07-16,SOHL,,531.8,500,509,,,107520,55198370.6,784,,
2026-07-16,SONA,,408,401,401.3,,,11930,4822420.5,155,,
2026-07-16,SOPL,,799,732.5,780,,,51223,40143306.2,909,,
2026-07-16,SPC,,420.9,410.1,420.9,,,1085,455428.5,19,,
2026-07-16,SPDL,,382.9,355.3,382.9,,,62421,22925205,142,,
2026-07-16,SPHL,,593,490,575.3,,,12638,6565961.7,103,,
2026-07-16,SPL,,711,618,662,,,6146,4024792.3,38,,
2026-07-16,SRLI,,378.8,370,378.8,,,10384,3894982.5,136,,
2026-07-16,SSHL,,198.9,189,194.9,,,74593,14532060.9,271,,
2026-07-16,STC,,5169,5100,5169,,,56,287650,4,,
2026-07-16,SWASTIK,,2006,1950.2,1960,,,384,754820,20,,
2026-07-16,SWBBL,,668,642.1,643,,,53284,34381157.9,158,,
2026-07-16,SWMF,,629,610,618,,,3436,2103690,34,,
2026-07-16,SYPNL,,1305,1226.1,1255,,,37066,47070536.4,501,,
2026-07-16,TAMOR,,458.3,432,437,,,35199,15433601.7,114,,
2026-07-16,TPC,,357,341.3,349,,,11409,3974094.7,64,,
2026-07-16,TPKHL,,506.8,477,494.8,,,29596,14518554.3,840,,
2026-07-16,TRH,,785,760,785,,,1675,1282547,14,,
2026-07-16,TSHL,,371,354.8,365,,,22855,8369155.6,255,,
2026-07-16,TTL,,708,695.2,696.5,,,7422,5195753.3,148,,
2026-07-16,TVCL,,497,458.2,469,,,3379,1568737,49,,
2026-07-16,UHEWA,,578,546,553,,,28801,16145624.5,165,,
2026-07-16,ULBSL,,2950,2729.4,2800,,,1693,4672977.8,51,,
2026-07-16,ULHC,,374.9,358.2,358.2,,,10191,3699994.2,80,,
2026-07-16,UMHL,,620,560.1,572,,,123162,70425115.3,176,,
2026-07-16,UMRH,,520,515,517,,,5017,2597293.5,27,,
2026-07-16,UNHPL,,402,377,378,,,16510,6303311.9,114,,
2026-07-16,UNL,,47200,47200,47200,,,0,0,0,,
2026-07-16,UNLB,,1338.6,1250,1275,,,375,473804.5,19,,
2026-07-16,UPCL,,355,340.3,342,,,78956,27181323.8,216,,
2026-07-16,UPPER,,194,190,191.3,,,44003,8448320.7,249,,
2026-07-16,USHEC,,489,483.1,489,,,2081,1006244.8,30,,
2026-07-16,USHL,,516,494,494,,,3800,1895311.5,60,,
2026-07-16,USLB,,1163,1125.6,1125.6,,,804,915686.6,18,,
2026-07-16,VLBS,,665.2,650,650,,,2590,1698222.4,72,,
2026-07-16,VLUCL,,430,421,428,,,1680,713863,36,,
2026-07-16,YMHL,,566,546.1,556,,,17544,9736965,617,,
2026-07-17,ACLBSL,,944,930,935,,,611,573247,23,,
2026-07-17,ADBL,,312.9,305.2,311,,,29794,9275758.1,155,,
2026-07-17,AHL,,430,412.1,430,,,4378,1858632,45,,
2026-07-17,AHPC,,274.9,265.3,272,,,77148,20814722.2,339,,
2026-07-17,AKJCL,,365,341.5,363,,,619740,222397638.6,1336,,
2026-07-17,AKPL,,261.7,252,261.7,,,65963,17041664.5,260,,
2026-07-17,ALBSL,,1078,1019,1075,,,7868,8429103,90,,
2026-07-17,ALICL,,434.9,423,433.7,,,12498,5374291.7,100,,
2026-07-17,ANLB,,7560,6120,6120,,,267,1671881.4,27,,
2026-07-17,APHL,,875.5,800.1,828.1,,,22129,18827890.7,400,,
2026-07-17,API,,339.9,305,339.9,,,217252,72232677.8,822,,
2026-07-17,AVYAN,,1090,1020,1075,,,1529,1628465,58,,
2026-07-17,BANDIPUR,,710,666,705,,,23565,16393594.6,376,,
2026-07-17,BARUN,,335,317,334.1,,,36444,11970915.4,186,,
2026-07-17,BBC,,4260,4115,4199.9,,,80,335409,8,,
2026-07-17,BEDC,,331,315,330,,,41743,13674421.9,247,,
2026-07-17,BFC,,538.4,509,537.9,,,80119,42347380.8,302,,
2026-07-17,BGWT,,596,550.1,560,,,2281,1302758.5,48,,
2026-07-17,BHCL,,492,463,482,,,23309,11173255.7,258,,
2026-07-17,BHDC,,442,421.3,435.9,,,9988,4366430.2,91,,
2026-07-17,BHL,,217.3,200,212,,,119440,25447990.5,427,,
2026-07-17,BHPL,,490,471,489,,,8419,4029443,82,,
2026-07-17,BJHL,,783,690,754,,,9376,6811596,158,,
2026-07-17,BNHC,,290,280,289.9,,,26202,7481251.3,176,,
2026-07-17,BNL,,14150,14150,14150,,,0,0,0,,
2026-07-17,BNT,,11651,11650,11650,,,70,815510,4,,
2026-07-17,BPCL,,674.9,650,671,,,31635,21126401.6,195,,
2026-07-17,BUNGAL,,625.2,576,625.2,,,55241,33926724.1,386,,
2026-07-17,CBBL,,932,918,929,,,12245,11350678.9,152,,
2026-07-17,CFCL,,631.8,607,631.6,,,123942,77658529.6,336,,
2026-07-17,CGH,,784.9,764,773,,,7342,5678317.4,74,,
2026-07-17,CHCL,,490,480,487,,,16591,8051833,139,,
2026-07-17,CHDC,,2178,2072.1,2154.9,,,19790,42022695.1,160,,
2026-07-17,CHL,,270,257.9,265.2,,,21363,5640910.5,110,,
2026-07-17,CIT,,1698,1675,1697,,,4443,7525453,93,,
2026-07-17,CITY,,384.7,344.3,382,,,216050,79762662.2,1077,,
2026-07-17,CKHL,,676,582.4,614,,,5357,3335803.5,96,,
2026-07-17,CLI,,457,433,451,,,4003,1785067.6,139,,
2026-07-17,CREST,,1214.7,1150,1214.7,,,11484,13782433.3,207,,
2026-07-17,CYCL,,1390,1328,1360,,,1228,1661170.7,32,,
2026-07-17,CZBIL,,203.5,197.3,203,,,66602,13428711,175,,
2026-07-17,DDBL,,860,840,852,,,5052,4293952,68,,
2026-07-17,DHEL,,572,540.2,572,,,26156,14809803.8,210,,
2026-07-17,DHPL,,290,274.8,290,,,6368,1798309.8,49,,
2026-07-17,DLBS,,1235,1185,1235,,,139,167234,10,,
2026-07-17,DOLTI,,335,315,332.2,,,30006,9917236.2,208,,
2026-07-17,DORDI,,261.9,253,261.9,,,39350,10090347.9,204,,
2026-07-17,EBL,,719,703,718,,,25601,18211601.4,167,,
2026-07-17,ECL,,323.9,296.6,323.9,,,50,15370,5,,
2026-07-17,EHPL,,357,338,350,,,24582,8570347.3,152,,
2026-07-17,ENL,,848,802.3,848,,,828,684765,22,,
2026-07-17,FMDBL,,817,752,785,,,37212,29301483.3,311,,
2026-07-17,FOWAD,,1007,965,1004.4,,,2646,2624408,47,,
2026-07-17,GBIME,,247.9,241,246,,,98871,24138563.3,384,,
2026-07-17,GBLBS,,753,735,753,,,2686,2012884,42,,
2026-07-17,GCIL,,367,341,367,,,38512,13816178.2,383,,
2026-07-17,GFCL,,619.6,600,619.6,,,7728,4730915,62,,
2026-07-17,GHL,,226,219,226,,,45081,10089539.8,189,,
2026-07-17,GILB,,1100,1070,1100,,,1060,1162643,27,,
2026-07-17,GLBSL,,1798.9,1765.5,1765.5,,,579,1038605.8,18,,
2026-07-17,GLH,,256,247,254.1,,,55312,13911745.4,199,,
2026-07-17,GMFBS,,1222,1153,1200,,,1033,1238590,25,,
2026-07-17,GMFIL,,473.8,447,468,,,16105,7496128.5,72,,
2026-07-17,GMLI,,1271,1140,1231,,,6158,7422683.2,104,,
2026-07-17,GUFL,,560,549.9,559,,,15375,8562102.5,84,,
2026-07-17,GVL,,491.3,474.3,491.3,,,14130,6897476.8,109,,
2026-07-17,HATHY,,720,675,720,,,10866,7672683.5,161,,
2026-07-17,HBL,,200.3,192,199.5,,,56571,11245394.3,541,,
2026-07-17,HDHPC,,217,206,216.1,,,208257,44297606.4,589,,
2026-07-17,HDL,,1163.9,1148,1163,,,20089,23269914.7,327,,
2026-07-17,HFIN,,699,650,696.2,,,44863,30415512.4,658,,
2026-07-17,HHL,,346,330,346,,,44564,15139432.9,206,,
2026-07-17,HIDCL,,264.8,253,264.8,,,61980,15980900.5,271,,
2026-07-17,HIMSTAR,,719,653,714,,,8444,5767883.4,118,,
2026-07-17,HLBSL,,883,879,883,,,274,241261,13,,
2026-07-17,HLI,,329.9,323,328,,,30096,9859271.9,222,,
2026-07-17,HPPL,,364.8,349,364.8,,,123594,44399873.6,321,,
2026-07-17,HRL,,582,560.2,581.9,,,93740,53757882.8,756,,
2026-07-17,HURJA,,238.8,229,238,,,54855,12884261.3,229,,
2026-07-17,ICFC,,609.8,595.1,608.5,,,10767,6492147.4,73,,
2026-07-17,IHL,,359.9,347,359,,,19613,6986306.7,59,,
2026-07-17,ILBS,,898.8,825,874,,,1332,1161293.9,43,,
2026-07-17,ILI,,424,408,424,,,5127,2156016.4,169,,
2026-07-17,JBLB,,1300,1250,1296.9,,,6153,7894754,106,,
2026-07-17,JFL,,400,394,399,,,4090,1626329.2,45,,
2026-07-17,JHAPA,,1135,1004,1111,,,19345,21177059.8,266,,
2026-07-17,JOSHI,,271,256,269.8,,,18183,4793303.8,135,,
2026-07-17,JSLBB,,1020,980,1020,,,748,748636.1,17,,
2026-07-17,KAHL,,499.8,463,497,,,33606,16475065.3,1321,,
2026-07-17,KBL,,220.5,210,220,,,368801,80199144.3,946,,
2026-07-17,KBSH,,1236,1191,1194,,,1744,2123712.2,36,,
2026-07-17,KDL,,818.8,784,816,,,2593,2073653.1,57,,
2026-07-17,KHPL,,1030,920,998,,,24893,23970769.8,324,,
2026-07-17,KKHC,,261,253,260,,,39565,10212016.1,189,,
2026-07-17,KMCDB,,799.9,770,797.9,,,2603,2049788.8,36,,
2026-07-17,KPCL,,479.9,460,478.7,,,7411,3519175.4,63,,
2026-07-17,LEC,,218.9,206.8,218.8,,,125636,26901789,432,,
2026-07-17,LICN,,805,785,798,,,15549,12378454.2,66,,
2026-07-17,LLBS,,930,903.1,923.9,,,200,183776,7,,
2026-07-17,LSL,,223,216.1,222.8,,,156215,34341950.6,264,,
2026-07-17,MABEL,,604.8,567,602,,,10093,5923039,169,,
2026-07-17,MAKAR,,488,465,478.9,,,27092,12770943.4,113,,
2026-07-17,MANDU,,819,791.1,800,,,593,475567.2,20,,
2026-07-17,MATRI,,874,840,874,,,152,131686,11,,
2026-07-17,MBJC,,275.1,266.6,275,,,10788,2937066.3,148,,
2026-07-17,MBL,,255,247,255,,,113446,28644025.3,219,,
2026-07-17,MCHL,,293,280,290,,,13687,3903222.2,85,,
2026-07-17,MEHL,,311.5,301.1,311,,,4355,1335213.7,56,,
2026-07-17,MEL,,232,212.3,220,,,27167,6046379.2,235,,
2026-07-17,MEN,,590,573,588,,,43312,25294353.4,244,,
2026-07-17,MERO,,714,668.1,714,,,18615,12951768.6,118,,
2026-07-17,MFIL,,803,780.1,800,,,116210,92570180.4,259,,
2026-07-17,MHCL,,344.1,312,329,,,3917,1265475.1,59,,
2026-07-17,MHL,,489.9,475,489.9,,,6720,3244475.8,67,,
2026-07-17,MHNL,,248.9,227,244.5,,,33394,7967013.9,101,,
2026-07-17,MKCL,,1124,1100,1119,,,2010,2240416,37,,
2026-07-17,MKHC,,299,275,296,,,2731,805499.5,55,,
2026-07-17,MKHL,,525,481,518.9,,,15530,7888186.5,170,,
2026-07-17,MKJC,,461.9,452,461,,,4530,2076158.6,28,,
2026-07-17,MLBBL,,1149,1112,1149,,,3543,4015331.8,35,,
2026-07-17,MLBS,,1190,1150,1190,,,348,406822.8,16,,
2026-07-17,MLBSL,,1759,1730.8,1759,,,292,509153.8,14,,
2026-07-17,MMKJL,,455.5,436.1,449,,,1413,627616.5,36,,
2026-07-17,MPFL,,620,596.6,619.9,,,8140,5000120.6,70,,
2026-07-17,MSHL,,660,581,660,,,249,151432.9,17,,
2026-07-17,MSLB,,1240,1207,1239.8,,,991,1216624,26,,
2026-07-17,NABIL,,546,536,542.7,,,66735,36195408.5,603,,
2026-07-17,NADEP,,750,722.2,750,,,611,451803,14,,
2026-07-17,NBL,,270,264,266.6,,,42394,11330334.9,167,,
2026-07-17,NESDO,,1530,1493.1,1525,,,231,346414,10,,
2026-07-17,NFS,,580,571,577.7,,,5529,3182863.3,65,,
2026-07-17,NGPL,,419.9,404.9,418.2,,,360263,148592066.6,546,,
2026-07-17,NHDL,,650,622,649,,,5959,3804119.1,56,,
2026-07-17,NHPC,,270,245.9,269,,,426685,111691344.3,1213,,
2026-07-17,NICA,,341.9,327,339.7,,,43198,14423610,222,,
2026-07-17,NICLBSL,,572.6,548,572.6,,,7397,4148853.7,114,,
2026-07-17,NIFRA,,255,244.1,254.9,,,72653,18335462.8,407,,
2026-07-17,NIMB,,197,190,196.4,,,93380,18226647.9,372,,
2026-07-17,NLIC,,769.9,734.3,769.9,,,16890,12813761.4,181,,
2026-07-17,NLICL,,590.5,565.1,588,,,15841,9223430.3,94,,
2026-07-17,NLO,,269.4,269.4,269.4,,,0,0,0,,
2026-07-17,NMB,,245.9,237,245,,,24088,5863204.6,150,,
2026-07-17,NMBMF,,630,605,626,,,4156,2566690.6,38,,
2026-07-17,NMFBS,,1129.7,1102,1128,,,3343,3727339.6,27,,
2026-07-17,NMLBBL,,545,525,544,,,8160,4377679.5,67,,
2026-07-17,NRIC,,968,933.4,961,,,35033,33394652.4,265,,
2026-07-17,NRM,,322.5,305.1,321,,,18927,6015118.8,144,,
2026-07-17,NRN,,1462.6,1280,1462.6,,,83472,117889287.7,538,,
2026-07-17,NTC,,868,850,862,,,13997,12026614,162,,
2026-07-17,NUBL,,638.9,620,635,,,2774,1747898.7,50,,
2026-07-17,NWCL,,759,725.1,749,,,1592,1175238.2,32,,
2026-07-17,NYADI,,375,362,375,,,4002,1485921.2,61,,
2026-07-17,OHL,,696.5,680,690,,,2558,1756546.6,33,,
2026-07-17,OMPL,,943.1,891,943,,,4239,3942182.7,117,,
2026-07-17,PCBL,,242.1,236.7,242,,,32748,7889187.3,150,,
2026-07-17,PCIL,,669.9,595,652,,,103764,65182711.6,1118,,
2026-07-17,PFL,,364,364,364,,,0,0,0,,
2026-07-17,PHCL,,306.8,294.2,306.8,,,61395,18532818,270,,
2026-07-17,PMHPL,,329,317,325,,,6382,2071315.8,73,,
2026-07-17,PMLI,,457,433.4,454.9,,,2637,1182025.4,78,,
2026-07-17,PPCL,,348,333,346,,,14383,4901809.9,76,,
2026-07-17,PPL,,342,304,340,,,33445,11226260.1,192,,
2026-07-17,PROFL,,445,438,444,,,6840,3027061,48,,
2026-07-17,PRVU,,197.2,191.1,197,,,146628,28520743.9,468,,
2026-07-17,PURE,,870,797,870,,,10043,8420402.6,153,,
2026-07-17,RADHI,,740,710.2,737.5,,,88960,64819967.6,272,,
2026-07-17,RAWA,,444,415,437.6,,,57692,24847906.1,350,,
2026-07-17,RFPL,,344.9,329,335.1,,,34545,11679150.8,150,,
2026-07-17,RHGCL,,271,246.6,270,,,27112,7195735.7,129,,
2026-07-17,RHPL,,263.6,253,263.6,,,8545,2233819.2,86,,
2026-07-17,RIDI,,349.9,309.7,349.5,,,447865,153644160.1,1027,,
2026-07-17,RLEL,,799,731.1,799,,,20326,15359848.3,275,,
2026-07-17,RLFL,,471,455.6,470,,,31609,14752288.1,124,,
2026-07-17,RNLI,,451.8,436,451.8,,,9257,4150224,169,,
2026-07-17,RSDC,,664.5,649.8,664,,,4400,2898255.1,38,,
2026-07-17,RSML,,3200,2940,3200,,,49947,156008817.4,761,,
2026-07-17,RURU,,636.5,617.5,619,,,5670,3530119.2,47,,
2026-07-17,SAGAR,,1719.9,1590,1719.9,,,19486,32735179.8,228,,
2026-07-17,SAHAS,,667.8,636,658.9,,,87081,56894875.8,481,,
2026-07-17,SAIL,,963.7,796.1,963.7,,,67127,61510149.2,659,,
2026-07-17,SANIMA,,361,350.1,361,,,54196,19414277.1,211,,
2026-07-17,SANVI,,607.7,565,607.7,,,19363,11469064.7,192,,
2026-07-17,SARBTM,,795,779,795,,,5780,4558772.6,58,,
2026-07-17,SBI,,399.9,394,399.9,,,34768,13765021.4,90,,
2026-07-17,SBL,,404,395,401,,,106926,42694849.3,243,,
2026-07-17,SCB,,664.5,656.2,662.9,,,7453,4932504.9,101,,
2026-07-17,SGHC,,337,326.9,330,,,31842,10501016,128,,
2026-07-17,SGHL,,486.2,462,481,,,55633,26612846.9,2013,,
2026-07-17,SHEL,,312,305.1,311.8,,,105952,32741294.9,396,,
2026-07-17,SHIVM,,652,600,652,,,108959,69789604.8,547,,
2026-07-17,SHL,,500,490.2,499.5,,,17187,8543621.5,73,,
2026-07-17,SHLB,,1500,1455,1500,,,490,727516,17,,
2026-07-17,SHPC,,519.9,492,513,,,55253,28100089.2,206,,
2026-07-17,SIFC,,529.9,514.1,525,,,8988,4700196.8,46,,
2026-07-17,SIKLES,,571,555,570,,,11901,6731934.9,69,,
2026-07-17,SIPD,,630,558.9,626,,,25904,15570747,446,,
2026-07-17,SJCL,,285,271,284.1,,,12448,3500931.5,95,,
2026-07-17,SJLIC,,425,395,425,,,12428,5218346.9,116,,
2026-07-17,SKBBL,,764,757,763.8,,,5098,3881153.8,79,,
2026-07-17,SKHEL,,1004,890,1004,,,14021,13315022.3,234,,
2026-07-17,SKHL,,887,802.5,887,,,26143,22215273.6,375,,
2026-07-17,SLBBL,,817.5,792.1,817,,,2386,1924237.7,47,,
2026-07-17,SLBSL,,1157,1099.6,1115,,,7854,8694470.4,115,,
2026-07-17,SMATA,,773,729,754.9,,,2137,1588764.4,46,,
2026-07-17,SMB,,1928.9,1851.1,1890,,,2351,4426350,45,,
2026-07-17,SMFBS,,1570,1507,1565,,,879,1355259.6,29,,
2026-07-17,SMH,,518,500,512,,,36777,18654378.3,163,,
2026-07-17,SMHL,,498,480,492,,,43806,21515375.7,196,,
2026-07-17,SMJC,,449,428.1,449,,,10557,4661106.7,115,,
2026-07-17,SMPDA,,780,735,780,,,2093,1593731.7,56,,
2026-07-17,SNLI,,436,423,436,,,7675,3329298.3,173,,
2026-07-17,SNORL,,815,779.1,803,,,25341,20374792.6,698,,
2026-07-17,SOHL,,546,500.1,544,,,66962,35669962.1,800,,
2026-07-17,SONA,,419.9,401.5,417.1,,,23789,9868119.7,229,,
2026-07-17,SOPL,,835,780,823.1,,,56949,46541995.4,1091,,
2026-07-17,SPC,,438,420,435,,,7389,3193208,56,,
2026-07-17,SPDL,,401,372,394.7,,,117709,45695425.1,304,,
2026-07-17,SPHL,,592,515,560.8,,,11799,6507293.8,130,,
2026-07-17,SPL,,679.9,652.2,674,,,1282,859821,22,,
2026-07-17,SRLI,,386.9,374.3,386.9,,,11142,4275526,155,,
2026-07-17,SSHL,,209.9,197.9,207.5,,,191735,39208207.2,654,,
2026-07-17,STC,,5344,5200,5259,,,657,3444622,22,,
2026-07-17,SWASTIK,,2075,1950,2075,,,578,1185753.7,27,,
2026-07-17,SWBBL,,680,655,677,,,9522,6389334.9,79,,
2026-07-17,SWMF,,641.9,622,638,,,6117,3853059.3,61,,
2026-07-17,SYPNL,,1338,1192.3,1338,,,56308,74239187.4,715,,
2026-07-17,TAMOR,,458,438,448.1,,,14552,6528032,108,,
2026-07-17,TPC,,365,349.2,360,,,16713,6035017.3,97,,
2026-07-17,TPKHL,,524,494,516,,,44421,22733296.8,1088,,
2026-07-17,TRH,,801.9,766.1,780,,,2081,1632529.5,25,,
2026-07-17,TSHL,,415,365,405,,,33801,13478752.4,379,,
2026-07-17,TTL,,740,707,736,,,12846,9310826.5,236,,
2026-07-17,TVCL,,496,461,490,,,3133,1520924,38,,
2026-07-17,UHEWA,,583,550,572,,,37884,21662494.3,105,,
2026-07-17,ULBSL,,2878,2765,2845,,,849,2381118.9,28,,
2026-07-17,ULHC,,379,366.9,373,,,11147,4143021.8,92,,
2026-07-17,UMHL,,616,555,591,,,125723,74773917.3,210,,
2026-07-17,UMRH,,540,520,540,,,11625,6137461.6,92,,
2026-07-17,UNHPL,,400,379.1,396.1,,,20665,8122048.9,120,,
2026-07-17,UNL,,47200,47200,47200,,,0,0,0,,
2026-07-17,UNLB,,1300,1270,1300,,,339,433774.2,14,,
2026-07-17,UPCL,,358,348,352,,,61680,21886679.8,186,,
2026-07-17,UPPER,,200.8,193.5,199,,,130802,25828650.7,617,,
2026-07-17,USHEC,,501.7,482.2,501.7,,,3542,1753583,46,,
2026-07-17,USHL,,518.7,500,515,,,3832,1959299.3,73,,
2026-07-17,USLB,,1220,1159,1220,,,1411,1667042.5,40,,
2026-07-17,VLBS,,680,650,680,,,2096,1413040,60,,
2026-07-17,VLUCL,,445,430,444,,,3539,1549856,61,,
2026-07-17,YMHL,,592,550,588.1,,,22304,12897314.3,690,,
2026-07-20,ACLBSL,,955,930,945,,,618,582648.1,16,,
2026-07-20,ADBL,,315,296,312.8,,,11892,3714656.1,142,,
2026-07-20,AHL,,442,428,439.9,,,4046,1759318.1,75,,
2026-07-20,AHPC,,280,270,279.1,,,148502,41102685.6,495,,
2026-07-20,AKJCL,,378,362,374.4,,,785535,291552154.1,1591,,
2026-07-20,AKPL,,274.7,260,267.5,,,74585,19827172.1,258,,
2026-07-20,ALBSL,,1085,1030,1083.9,,,2929,3149966.1,77,,
2026-07-20,ALICL,,442.6,432,442.5,,,18488,8133168.3,133,,
2026-07-20,ANLB,,5936.4,5641,5700,,,4326,24668794,131,,
2026-07-20,APHL,,870,815.1,843.9,,,31993,26911874.4,469,,
2026-07-20,API,,347.5,330.1,346,,,374987,129148503,822,,
2026-07-20,AVYAN,,1133,1030.2,1098,,,5813,6316743.5,111,,
2026-07-20,BANDIPUR,,745,706,744,,,39527,28902351.8,511,,
2026-07-20,BARUN,,340,329,338,,,58226,19518654.4,221,,
2026-07-20,BBC,,4300,4101,4250,,,291,1234804,28,,
2026-07-20,BEDC,,346.5,325.1,334,,,18469,6125551.8,148,,
2026-07-20,BFC,,562,530.1,539.8,,,54997,29500361.1,300,,
2026-07-20,BGWT,,591.3,560,590,,,5118,3007801.4,88,,
2026-07-20,BHCL,,503,485,499,,,33458,16628547.4,319,,
2026-07-20,BHDC,,447.9,436,447.5,,,13904,6155298.9,80,,
2026-07-20,BHL,,221.4,211.3,218.1,,,215139,46506530.9,598,,
2026-07-20,BHPL,,499,486.1,486.1,,,4788,2352418.4,67,,
2026-07-20,BJHL,,808,742.2,808,,,7678,5950895.4,138,,
2026-07-20,BNHC,,299.9,281.4,298,,,48388,14240831.7,282,,
2026-07-20,BNL,,14150,14150,14150,,,0,0,0,,
2026-07-20,BNT,,11800,11701,11800,,,85,998520,6,,
2026-07-20,BPCL,,680,669,675,,,43844,29582854,188,,
2026-07-20,BUNGAL,,667.4,594,667,,,92800,59489657.4,575,,
2026-07-20,CBBL,,935,926,935,,,14360,13359706.2,174,,
2026-07-20,CFCL,,640.8,601,636,,,69994,44367240.8,262,,
2026-07-20,CGH,,794,772,785,,,11799,9253698.3,88,,
2026-07-20,CHCL,,500,480,496,,,80871,39512161.5,368,,
2026-07-20,CHDC,,2219,2151.1,2218,,,19524,43019162.5,246,,
2026-07-20,CHL,,277,265,274,,,30428,8264153.4,120,,
2026-07-20,CIT,,1712.7,1672,1710,,,4561,7774887.1,131,,
2026-07-20,CITY,,391.3,372,386,,,207043,79682618.4,805,,
2026-07-20,CKHL,,648.9,612.1,648.9,,,2519,1576708.9,48,,
2026-07-20,CLI,,457.9,441,457.5,,,10614,4818859.3,158,,
2026-07-20,CREST,,1338,1143.8,1219.8,,,25368,30344664.6,304,,
2026-07-20,CYCL,,1380,1346.5,1360,,,956,1296709.2,25,,
2026-07-20,CZBIL,,205.5,193,204.9,,,41197,8398588.7,164,,
2026-07-20,DDBL,,861,845,854.5,,,8964,7640366.3,83,,
2026-07-20,DHEL,,599,563,599,,,16294,9534781.9,231,,
2026-07-20,DHPL,,315,286.2,315,,,9646,2876410.7,56,,
2026-07-20,DLBS,,1249,1200,1219,,,216,265431.5,13,,
2026-07-20,DOLTI,,348.8,325.1,333.1,,,32042,10699253.3,194,,
2026-07-20,DORDI,,269.1,261,266.6,,,31821,8460628.2,183,,
2026-07-20,EBL,,727,711.1,717.5,,,39264,28240661.3,247,,
2026-07-20,ECL,,372.4,333.6,372.4,,,80,28852,8,,
2026-07-20,EHPL,,369.9,347,367.9,,,22973,8242015.8,142,,
2026-07-20,ENL,,858,824,851,,,541,457373,22,,
2026-07-20,FMDBL,,795,747,790,,,11115,8781102.6,129,,
2026-07-20,FOWAD,,1005,990.2,1000,,,1214,1213374.9,34,,
2026-07-20,GBIME,,247.4,243.5,245,,,82844,20313382.3,399,,
2026-07-20,GBLBS,,759.9,753,756,,,1424,1078127.9,27,,
2026-07-20,GCIL,,385.3,361.2,372,,,31484,11671444.4,274,,
2026-07-20,GFCL,,631.8,620,627.9,,,10603,6634219.3,67,,
2026-07-20,GHL,,237.3,225,233.9,,,57167,13223619.7,225,,
2026-07-20,GILB,,1132,1062.3,1110.1,,,3093,3465772.7,45,,
2026-07-20,GLBSL,,1815,1780.1,1815,,,291,523924.4,11,,
2026-07-20,GLH,,267.5,254,265,,,40366,10576962.8,172,,
2026-07-20,GMFBS,,1228.9,1195,1215,,,647,779713.3,22,,
2026-07-20,GMFIL,,475,463,470,,,13779,6440752.2,65,,
2026-07-20,GMLI,,1267.9,1200,1253.9,,,2413,2957674.8,59,,
2026-07-20,GUFL,,572.1,560,572.1,,,15009,8522831.9,127,,
2026-07-20,GVL,,500,485.3,497,,,12533,6186600.2,118,,
2026-07-20,HATHY,,782,720,782,,,11632,8665131.5,182,,
2026-07-20,HBL,,202.2,190,200.7,,,28825,5781169.3,691,,
2026-07-20,HDHPC,,225.5,214,222,,,259206,57306268.2,636,,
2026-07-20,HDL,,1191,1159,1179.9,,,32918,38670586.7,434,,
2026-07-20,HFIN,,730,681,725,,,48601,34542909.1,669,,
2026-07-20,HHL,,350,340,349,,,23637,8210600,131,,
2026-07-20,HIDCL,,270,260,267,,,109486,29082115.2,397,,
2026-07-20,HIMSTAR,,770,693,762,,,10958,8113910.6,166,,
2026-07-20,HLBSL,,909,880.1,895,,,1241,1113537.4,24,,
2026-07-20,HLI,,344.4,329.2,335.5,,,46358,15467391.3,330,,
2026-07-20,HPPL,,374.9,360,373.1,,,139567,51551023.7,394,,
2026-07-20,HRL,,625,580,616,,,185510,113181873.9,1588,,
2026-07-20,HURJA,,248,239,247.4,,,89500,21784915.5,286,,
2026-07-20,ICFC,,621,609,619.5,,,4928,3031547.5,54,,
2026-07-20,IHL,,375.1,361,367,,,15807,5826292.1,112,,
2026-07-20,ILBS,,917,871,891,,,2345,2061661.6,50,,
2026-07-20,ILI,,428.5,421,427.7,,,10159,4329849.2,191,,
2026-07-20,JBLB,,1309,1278,1299.8,,,4938,6404363.9,116,,
2026-07-20,JFL,,402.5,395,401.9,,,4910,1957828,54,,
2026-07-20,JHAPA,,1177,1078,1140,,,17738,20272133.6,225,,
2026-07-20,JOSHI,,276,269.8,274,,,9640,2634574.7,80,,
2026-07-20,JSLBB,,1020,992,1020,,,993,992327,7,,
2026-07-20,KAHL,,512,485.6,508,,,51475,25893417.4,2454,,
2026-07-20,KBL,,224,209,220,,,273423,60462519.2,765,,
2026-07-20,KBSH,,1231.9,1180,1219,,,513,623215.1,30,,
2026-07-20,KDL,,822,804,822,,,2426,1972013.2,45,,
2026-07-20,KHPL,,1008,970,999.1,,,13133,13026186.2,296,,
2026-07-20,KKHC,,269,260,267,,,66730,17667773.8,238,,
2026-07-20,KMCDB,,810,785,802,,,1073,859300.7,23,,
2026-07-20,KPCL,,489.2,475,485,,,7702,3732084.9,52,,
2026-07-20,LEC,,225.8,216,225.4,,,168116,37481207,483,,
2026-07-20,LICN,,810,786,804.5,,,5279,4250667.5,53,,
2026-07-20,LLBS,,950,921.5,930.2,,,1821,1705590.8,22,,
2026-07-20,LSL,,226.7,212,224,,,137613,30825361.7,269,,
2026-07-20,MABEL,,625,592,625,,,11311,6940149.5,155,,
2026-07-20,MAKAR,,491,470,470.2,,,15690,7437964,94,,
2026-07-20,MANDU,,813,790.1,801.1,,,3691,2974534.8,47,,
2026-07-20,MATRI,,889.9,840,865,,,1550,1321444,40,,
2026-07-20,MBJC,,279,271.9,277,,,11193,3088940,168,,
2026-07-20,MBL,,262,251,258.1,,,97419,24880390.5,230,,
2026-07-20,MCHL,,302,286,302,,,10307,3083779.6,87,,
2026-07-20,MEHL,,324.4,308.1,324.4,,,8859,2814768.2,61,,
2026-07-20,MEL,,231,218.1,226,,,36999,8224882.5,240,,
2026-07-20,MEN,,600,585.8,600,,,88947,53022152.3,358,,
2026-07-20,MERO,,749.7,703,712,,,5599,3964079.6,58,,
2026-07-20,MFIL,,810,782,802,,,65980,52728028.9,212,,
2026-07-20,MHCL,,339,322.8,331.9,,,5805,1931501,61,,
2026-07-20,MHL,,495,480,492,,,10339,5083841,67,,
2026-07-20,MHNL,,248.8,233,246.9,,,18310,4468502.1,94,,
2026-07-20,MKCL,,1150,1090,1149,,,2110,2407167,47,,
2026-07-20,MKHC,,302.8,293,301.4,,,12896,3858500.6,98,,
2026-07-20,MKHL,,527.3,503.1,527.3,,,13017,6710746.1,109,,
2026-07-20,MKJC,,473,461,464,,,7396,3456862.2,55,,
2026-07-20,MLBBL,,1179.5,1136,1166,,,1699,1944306.4,29,,
2026-07-20,MLBS,,1194,1157,1175.5,,,892,1049361,17,,
2026-07-20,MLBSL,,1780,1780,1780,,,46,81668,2,,
2026-07-20,MMKJL,,461,440,455,,,910,413847,28,,
2026-07-20,MPFL,,630,613.2,626.8,,,5810,3617641.9,52,,
2026-07-20,MSHL,,693,632,658,,,1030,675405,19,,
2026-07-20,MSLB,,1248.9,1216.2,1248.9,,,694,853747.2,19,,
2026-07-20,NABIL,,551.1,542.7,550,,,100779,55354893.5,744,,
2026-07-20,NADEP,,763,741,759.8,,,1460,1093730.5,23,,
2026-07-20,NBL,,272,253.3,269,,,30541,8216730.7,152,,
2026-07-20,NESDO,,1525,1480,1524,,,765,1147721,25,,
2026-07-20,NFS,,590,575.4,585,,,11713,6853081.2,111,,
2026-07-20,NGPL,,434.9,418,428.8,,,251112,107520172.8,680,,
2026-07-20,NHDL,,654,644,650,,,4401,2853120.8,73,,
2026-07-20,NHPC,,285.3,262.3,280,,,571209,158905152.3,1455,,
2026-07-20,NICA,,348,323,342.1,,,73386,25121794.2,256,,
2026-07-20,NICLBSL,,575,556.2,569,,,5880,3348011.2,65,,
2026-07-20,NIFRA,,258.1,252.1,257.9,,,52428,13459544.8,369,,
2026-07-20,NIMB,,200,187,198,,,138065,27297164.1,444,,
2026-07-20,NLIC,,775,760,768.2,,,25005,19196168.7,214,,
2026-07-20,NLICL,,595,585,590,,,9262,5454211.8,49,,
2026-07-20,NLO,,269.4,269.4,269.4,,,0,0,0,,
2026-07-20,NMB,,247,233,246,,,52880,12928566.8,211,,
2026-07-20,NMBMF,,630,622.1,629,,,896,561568,11,,
2026-07-20,NMFBS,,1140,1130,1139,,,4192,4754999.6,44,,
2026-07-20,NMLBBL,,557,540,553,,,4360,2392779.8,59,,
2026-07-20,NRIC,,1003,913,1000,,,62179,60638133.9,480,,
2026-07-20,NRM,,330,316,322,,,7132,2296213,83,,
2026-07-20,NRN,,1471,1421.1,1470,,,85891,125117245.4,560,,
2026-07-20,NTC,,880,862,869,,,9133,7947092.3,147,,
2026-07-20,NUBL,,645,625.8,630.6,,,3349,2137569.7,38,,
2026-07-20,NWCL,,764.8,730,750,,,2744,2025711.8,57,,
2026-07-20,NYADI,,397,365,385,,,8259,3193132.3,93,,
2026-07-20,OHL,,704.8,683,704.8,,,2595,1801667.8,33,,
2026-07-20,OMPL,,1004,943,989,,,6316,6207581.5,130,,
2026-07-20,PCBL,,248.2,230,242.5,,,33893,8257057.9,178,,
2026-07-20,PCIL,,674.5,650,665,,,50863,33697958.3,985,,
2026-07-20,PFL,,364,364,364,,,0,0,0,,
2026-07-20,PHCL,,310,303,309.9,,,81908,25215227.5,291,,
2026-07-20,PMHPL,,331.5,316.1,328,,,8635,2829993.6,53,,
2026-07-20,PMLI,,461.8,449,454.4,,,7024,3188640.7,86,,
2026-07-20,PPCL,,363.3,343.9,360,,,17235,6047468.5,99,,
2026-07-20,PPL,,348,323,341,,,36655,12529745.8,159,,
2026-07-20,PROFL,,450,442,449.4,,,6463,2885799,42,,
2026-07-20,PRVU,,199.5,195,198.5,,,168988,33455069.5,502,,
2026-07-20,PURE,,879.9,847,872,,,5091,4395840,102,,
2026-07-20,RADHI,,766,733.1,764.9,,,120520,91164182.7,320,,
2026-07-20,RAWA,,453.8,431,453,,,80265,35542049.8,365,,
2026-07-20,RFPL,,353,341,352,,,35490,12339604.1,224,,
2026-07-20,RHGCL,,283.5,270,277,,,17559,4837603.1,119,,
2026-07-20,RHPL,,268.2,262,267,,,11309,3013662.4,108,,
2026-07-20,RIDI,,362.9,332.1,359.7,,,576803,206648378.9,1168,,
2026-07-20,RLEL,,916,785,916,,,31692,27417767.7,536,,
2026-07-20,RLFL,,477.8,465.5,475,,,42873,20227737.1,169,,
2026-07-20,RNLI,,463,446.5,459.5,,,9225,4214881,223,,
2026-07-20,RSDC,,674,655.9,673.9,,,5985,4003154.9,61,,
2026-07-20,RSML,,3498,3150,3498,,,73255,244657766,1020,,
2026-07-20,RURU,,635,620.7,634,,,12374,7738575,58,,
2026-07-20,SAGAR,,1780.3,1690.1,1780.3,,,13838,23977597.8,230,,
2026-07-20,SAHAS,,670,658,666.5,,,124831,83037751.1,540,,
2026-07-20,SAIL,,1069.2,950,1069.2,,,78017,79747450.7,898,,
2026-07-20,SANIMA,,365.9,358.2,362.5,,,46296,16823233.3,237,,
2026-07-20,SANVI,,635,597,633,,,20856,12931337.8,205,,
2026-07-20,SARBTM,,814.5,800,813,,,4981,4020605.2,51,,
2026-07-20,SBI,,409,380,409,,,40616,16352495.1,153,,
2026-07-20,SBL,,407,381,400,,,138847,55845553.5,246,,
2026-07-20,SCB,,665,659.1,665,,,4716,3128885.3,87,,
2026-07-20,SGHC,,338.9,330,338.8,,,44352,14855621,151,,
2026-07-20,SGHL,,506.3,468,503,,,101629,49561867.8,3462,,
2026-07-20,SHEL,,316,309,316,,,68754,21536407,350,,
2026-07-20,SHIVM,,663.7,640,663,,,150670,98990198.1,575,,
2026-07-20,SHL,,510,499,503.8,,,15033,7533616.3,69,,
2026-07-20,SHLB,,1520,1475.1,1475.1,,,70,103902,5,,
2026-07-20,SHPC,,523,508.5,522.9,,,30319,15744981.9,136,,
2026-07-20,SIFC,,540.7,525,533.9,,,13965,7406278,56,,
2026-07-20,SIKLES,,584,565,576,,,6941,4004953.5,59,,
2026-07-20,SIPD,,700,607.3,675,,,27332,17601657.7,498,,
2026-07-20,SJCL,,290,277.8,285.3,,,10633,3035956.1,104,,
2026-07-20,SJLIC,,431.6,418.7,426,,,22968,9754624.8,144,,
2026-07-20,SKBBL,,766,756.5,765,,,7794,5951319.4,102,,
2026-07-20,SKHEL,,1050,981,1029.8,,,5311,5436374,152,,
2026-07-20,SKHL,,931.3,846.9,920,,,18051,16174969.8,335,,
2026-07-20,SLBBL,,826.9,803.3,820,,,2183,1783765.2,49,,
2026-07-20,SLBSL,,1138,1093,1104.5,,,1622,1799073.4,35,,
2026-07-20,SMATA,,763,755,761,,,2029,1541759.3,32,,
2026-07-20,SMB,,1947,1867.2,1900,,,3048,5813235.2,39,,
2026-07-20,SMFBS,,1643.2,1526,1555,,,532,819172,10,,
2026-07-20,SMH,,520,512,513.2,,,35811,18446702.4,197,,
2026-07-20,SMHL,,500,485,497,,,30292,14973089.1,193,,
2026-07-20,SMJC,,458.9,441,452,,,17260,7785488.1,128,,
2026-07-20,SMPDA,,804,781,795,,,1646,1294457.1,34,,
2026-07-20,SNLI,,450,433,442.5,,,8954,3968295.5,183,,
2026-07-20,SNORL,,835,792.1,830,,,26070,21253242.3,746,,
2026-07-20,SOHL,,602,534,596,,,130044,74185570.7,1219,,
2026-07-20,SONA,,427.4,418,425,,,25975,10976491.7,249,,
2026-07-20,SOPL,,850,820,848,,,49405,41423909.3,1120,,
2026-07-20,SPC,,446,425.8,439.8,,,5615,2451756.9,63,,
2026-07-20,SPDL,,406,372,393.3,,,37456,14907148.4,154,,
2026-07-20,SPHL,,554,537,554,,,6374,3461721,55,,
2026-07-20,SPL,,692,641.2,684,,,3997,2710756,30,,
2026-07-20,SRLI,,391.8,382,391.4,,,15067,5867636.9,173,,
2026-07-20,SSHL,,215,203,213,,,161561,34291209,609,,
2026-07-20,STC,,5300,5251,5295,,,359,1897439,15,,
2026-07-20,SWASTIK,,2180,2090,2180,,,960,2061795.8,36,,
2026-07-20,SWBBL,,688,677.8,682.9,,,18663,12691508.6,84,,
2026-07-20,SWMF,,645,634,644.9,,,4457,2851228.9,44,,
2026-07-20,SYPNL,,1411,1338,1397.5,,,108582,150852842,1100,,
2026-07-20,TAMOR,,455.2,444.4,452.1,,,21223,9571011.6,117,,
2026-07-20,TPC,,370.8,360.1,367,,,10946,3999380.1,80,,
2026-07-20,TPKHL,,546.5,504,536.1,,,44722,23694974.1,1301,,
2026-07-20,TRH,,799,766,789.9,,,1480,1146049,16,,
2026-07-20,TSHL,,420,405,411,,,21029,8660464.9,332,,
2026-07-20,TTL,,760,728.2,758,,,11720,8800299.1,255,,
2026-07-20,TVCL,,511,482.2,490,,,4323,2131962.6,47,,
2026-07-20,UHEWA,,603.5,560,597.5,,,82480,48329268.6,223,,
2026-07-20,ULBSL,,2899,2765,2888.9,,,617,1732383.6,31,,
2026-07-20,ULHC,,381.8,365,370.1,,,12330,4615235.2,100,,
2026-07-20,UMHL,,600,575.4,600,,,47646,27980432.6,187,,
2026-07-20,UMRH,,545,533.1,543,,,5520,2982734.5,50,,
2026-07-20,UNHPL,,408.4,392,405,,,48188,19347291.4,195,,
2026-07-20,UNL,,47015,47010.1,47015,,,20,940251,2,,
2026-07-20,UNLB,,1311,1270,1304,,,199,254759,8,,
2026-07-20,UPCL,,370,352,370,,,78562,28503220,259,,
2026-07-20,UPPER,,203,197.1,202.5,,,158748,31962120.6,564,,
2026-07-20,USHEC,,504,494,500.1,,,8723,4358986,79,,
2026-07-20,USHL,,540,515,540,,,4097,2181254.7,60,,
2026-07-20,USLB,,1250,1220.1,1229,,,657,813940.9,33,,
2026-07-20,VLBS,,699.5,665,692,,,1900,1304987,85,,
2026-07-20,VLUCL,,457.3,440,452.5,,,3180,1422074.5,46,,
2026-07-20,YMHL,,623,576,623,,,31396,19017639.6,1001,,
2026-07-21,ACLBSL,,968,920,966.8,,,786,744169.7,26,,
2026-07-21,ADBL,,319,310,314,,,39052,12310082.9,184,,
2026-07-21,AHL,,444,427.1,435,,,7840,3436777.4,68,,
2026-07-21,AHPC,,283,275.1,278,,,112300,31224357.7,351,,
2026-07-21,AKJCL,,387,360,385,,,822835,313740793.2,1693,,
2026-07-21,AKPL,,280.8,264,265,,,67613,18004762,247,,
2026-07-21,ALBSL,,1100,1045,1099.1,,,6135,6687640.5,144,,
2026-07-21,ALICL,,451.9,438,442,,,17026,7554131,115,,
2026-07-21,ANLB,,6345,5620,5845,,,2620,14940864.8,69,,
2026-07-21,APHL,,873,830,840.2,,,46207,39213458.1,654,,
2026-07-21,API,,349.6,341,344,,,409983,141508304.4,1009,,
2026-07-21,AVYAN,,1200,1045,1096,,,6512,6985585,110,,
2026-07-21,BANDIPUR,,781.8,735,745,,,44061,33253975.1,648,,
2026-07-21,BARUN,,340,334,339,,,33137,11139243.9,162,,
2026-07-21,BBC,,4696,4156,4390,,,1912,8330179,71,,
2026-07-21,BEDC,,343,330,334.5,,,39992,13342398.9,213,,
2026-07-21,BFC,,545,513,530,,,106044,56827756.2,337,,
2026-07-21,BGWT,,662,590,614.9,,,7510,4641864.3,120,,
2026-07-21,BHCL,,511.9,490,505,,,53742,26974785.7,432,,
2026-07-21,BHDC,,455,444,447.1,,,17153,7709128.3,121,,
2026-07-21,BHL,,222,216,217.5,,,118595,25930726.1,486,,
2026-07-21,BHPL,,510,485,504,,,18593,9235623,132,,
2026-07-21,BJHL,,824,767,771,,,13838,10919169.3,221,,
2026-07-21,BNHC,,301.9,291.1,294,,,61070,18047442.2,252,,
2026-07-21,BNL,,15200,14500,15200,,,60,894744,5,,
2026-07-21,BNT,,11800,11621,11621,,,20,234210,2,,
2026-07-21,BPCL,,689.9,659.8,673,,,41027,27598426.9,188,,
2026-07-21,BUNGAL,,665,638,638,,,74590,48154117.2,499,,
2026-07-21,CBBL,,947.7,935,935,,,27633,25998717.9,235,,
2026-07-21,CFCL,,647,605,633,,,110669,70593090.5,374,,
2026-07-21,CGH,,793,783,783.2,,,6576,5181052,80,,
2026-07-21,CHCL,,496,477.4,495.9,,,70099,34220809.4,244,,
2026-07-21,CHDC,,2260,2200,2209,,,39734,88566690,270,,
2026-07-21,CHL,,280,270.1,273.5,,,23160,6366563.9,112,,
2026-07-21,CIT,,1751,1713,1730.1,,,5887,10206022.5,168,,
2026-07-21,CITY,,389.8,375.4,377,,,207128,79014903,805,,
2026-07-21,CKHL,,649.9,615,620.1,,,3014,1902685.7,46,,
2026-07-21,CLI,,464.6,450.3,451.5,,,13496,6132140.8,204,,
2026-07-21,CREST,,1244.8,1173,1239.7,,,13937,17104696.6,214,,
2026-07-21,CYCL,,1399.9,1337,1385,,,1045,1440410.4,41,,
2026-07-21,CZBIL,,206.7,195,203.5,,,52657,10786867.7,169,,
2026-07-21,DDBL,,872,811.8,850,,,5247,4442362.8,70,,
2026-07-21,DHEL,,605.9,580,600,,,29310,17423559.2,325,,
2026-07-21,DHPL,,330,300,307.8,,,19679,5986512.5,100,,
2026-07-21,DLBS,,1233.9,1200,1216,,,219,265311.5,15,,
2026-07-21,DOLTI,,340.9,330,339,,,44808,14978877.2,222,,
2026-07-21,DORDI,,270,262,266.7,,,32342,8614251.3,159,,
2026-07-21,EBL,,735,718.1,720.5,,,34312,24757512.9,230,,
2026-07-21,ECL,,428.2,376.1,428.2,,,160,66543,16,,
2026-07-21,EHPL,,370,355,361.6,,,17531,6339071.1,148,,
2026-07-21,ENL,,855,830.1,851.9,,,329,277489.1,13,,
2026-07-21,FMDBL,,806,760,780.5,,,15195,11985295.4,105,,
2026-07-21,FOWAD,,1029.9,980.1,1005,,,1406,1398925.6,34,,
2026-07-21,GBIME,,248.5,243.3,246.9,,,119856,29478360.4,423,,
2026-07-21,GBLBS,,793.8,754.1,759,,,3843,2913171,47,,
2026-07-21,GCIL,,375,364,368.9,,,25472,9409649.8,280,,
2026-07-21,GFCL,,633,615.5,628.9,,,12435,7779105.8,77,,
2026-07-21,GHL,,237,230,232,,,57541,13388493.4,191,,
2026-07-21,GILB,,1131,1103.1,1115,,,1536,1714089.6,37,,
2026-07-21,GLBSL,,1900,1766.1,1766.1,,,236,423914.3,11,,
2026-07-21,GLH,,266,258,263.9,,,62887,16450456.3,231,,
2026-07-21,GMFBS,,1251,1206.1,1251,,,1000,1247084.4,15,,
2026-07-21,GMFIL,,476.8,464,469.9,,,26242,12285994.4,120,,
2026-07-21,GMLI,,1286.9,1200.4,1248.9,,,450,557792,35,,
2026-07-21,GUFL,,575.1,560,565,,,15007,8498994.6,113,,
2026-07-21,GVL,,497,488,492,,,21058,10355297.9,139,,
2026-07-21,HATHY,,785,750,770,,,30191,23079493.6,299,,
2026-07-21,HBL,,202.5,198.2,202,,,74503,14925280.8,770,,
2026-07-21,HDHPC,,225.5,217.2,220.5,,,351246,77550247.8,756,,
2026-07-21,HDL,,1199,1178,1188.5,,,48777,57951312.7,512,,
2026-07-21,HFIN,,745,710,721,,,47746,34643112.1,702,,
2026-07-21,HHL,,356,345,350,,,39913,14046240.9,208,,
2026-07-21,HIDCL,,280.3,262,268.8,,,75633,20100757,320,,
2026-07-21,HIMSTAR,,784,745,774.9,,,15018,11468834.6,225,,
2026-07-21,HLBSL,,910,885.1,905.9,,,2614,2349213,36,,
2026-07-21,HLI,,338.4,331,334,,,41122,13733669.3,297,,
2026-07-21,HPPL,,382,369.9,371.5,,,116926,43529813.7,350,,
2026-07-21,HRL,,657,624,645,,,341552,220121762.9,2682,,
2026-07-21,HURJA,,253,242.1,245.1,,,64980,16019228.1,243,,
2026-07-21,ICFC,,625,614,622,,,7446,4608978.9,63,,
2026-07-21,IHL,,375,362.2,370,,,10216,3768974.6,86,,
2026-07-21,ILBS,,935,874.1,883,,,1208,1081911.3,34,,
2026-07-21,ILI,,430,421,424.3,,,13660,5804605.8,223,,
2026-07-21,JBLB,,1309,1270,1289,,,4138,5333575.8,116,,
2026-07-21,JFL,,408,392.3,403.9,,,6318,2530980.3,56,,
2026-07-21,JHAPA,,1218,1083,1148,,,11053,12735874.9,201,,
2026-07-21,JOSHI,,277,267,272,,,24021,6558594.2,91,,
2026-07-21,JSLBB,,1010,1000,1010,,,785,786216.5,16,,
2026-07-21,KAHL,,574,498.1,546.1,,,78927,42881653.4,2787,,
2026-07-21,KBL,,224,216.5,220.9,,,294583,64661161.7,764,,
2026-07-21,KBSH,,1250,1184,1200,,,963,1167396.3,44,,
2026-07-21,KDL,,824,801,816,,,2299,1864725.5,41,,
2026-07-21,KHPL,,1017,970,992,,,11513,11450483.7,268,,
2026-07-21,KKHC,,271.9,263.2,268,,,70435,18738734.3,220,,
2026-07-21,KMCDB,,823,802,815,,,609,493359.2,21,,
2026-07-21,KPCL,,490,477.1,480.2,,,13052,6284858.6,78,,
2026-07-21,LEC,,228.5,220.1,222.3,,,117551,26338788.6,330,,
2026-07-21,LICN,,809,794,796.5,,,13352,10671515,88,,
2026-07-21,LLBS,,955,916,938,,,695,646212.2,14,,
2026-07-21,LSL,,227,222.2,223.6,,,333917,75031870.5,283,,
2026-07-21,MABEL,,649,611,635.9,,,14570,9234238.1,209,,
2026-07-21,MAKAR,,482.1,446.7,460,,,43388,20132353.4,221,,
2026-07-21,MANDU,,820,801.1,805.1,,,3008,2420598.6,35,,
2026-07-21,MATRI,,889.9,862.2,865,,,1130,977303,22,,
2026-07-21,MBJC,,278.9,275.1,277.5,,,18521,5131826.7,214,,
2026-07-21,MBL,,259.9,250,255.5,,,83782,21396343.5,218,,
2026-07-21,MCHL,,306,293,301.3,,,7178,2145092.6,79,,
2026-07-21,MEHL,,330,315,315,,,6814,2178571.1,76,,
2026-07-21,MEL,,227.3,222,225,,,22998,5171848.5,148,,
2026-07-21,MEN,,610,595,600,,,51644,30909677.3,255,,
2026-07-21,MERO,,730,700,703.9,,,8476,6001758.1,78,,
2026-07-21,MFIL,,800,780,793.9,,,31009,24628218.9,168,,
2026-07-21,MHCL,,339.5,322,328,,,9465,3096640.1,70,,
2026-07-21,MHL,,500,483,490,,,9016,4429550,60,,
2026-07-21,MHNL,,248,235.4,244.5,,,33353,8059826.9,133,,
2026-07-21,MKCL,,1185,1136,1164,,,1669,1958433.9,53,,
2026-07-21,MKHC,,307,298,300.9,,,10735,3227867.2,96,,
2026-07-21,MKHL,,527.9,501,519,,,14809,7560895.3,104,,
2026-07-21,MKJC,,472.9,457,464,,,10602,4920353.7,87,,
2026-07-21,MLBBL,,1187.5,1124.3,1176.5,,,1594,1846897,33,,
2026-07-21,MLBS,,1195,1145,1166,,,652,764998.6,24,,
2026-07-21,MLBSL,,1780,1701.3,1767,,,352,608385,15,,
2026-07-21,MMKJL,,469.5,456,465,,,4295,1991243,46,,
2026-07-21,MPFL,,626,611,622,,,11756,7282315.5,74,,
2026-07-21,MSHL,,655,635,636.4,,,327,209702.8,19,,
2026-07-21,MSLB,,1257.5,1221,1248,,,1124,1394136.8,23,,
2026-07-21,NABIL,,554.9,548,549,,,102884,56659381.6,669,,
2026-07-21,NADEP,,744,739.1,740,,,289,214259.7,10,,
2026-07-21,NBL,,272,265,269,,,27376,7361737.6,140,,
2026-07-21,NESDO,,1548,1502,1519,,,897,1351076,22,,
2026-07-21,NFS,,596,575,580,,,11307,6621024.5,141,,
2026-07-21,NGPL,,435,422,425,,,174734,74628768.1,548,,
2026-07-21,NHDL,,656,640,644.1,,,4863,3147885.7,63,,
2026-07-21,NHPC,,287,277,282.9,,,659711,186191491,1232,,
2026-07-21,NICA,,349,325,342,,,56528,19364349.1,243,,
2026-07-21,NICLBSL,,578,560,564.7,,,5863,3314236.7,110,,
2026-07-21,NIFRA,,258.8,254,256.9,,,90157,23133143.6,482,,
2026-07-21,NIMB,,201,197,198.5,,,169137,33553860.3,480,,
2026-07-21,NLIC,,806,761.1,773.9,,,26947,20702110.3,228,,
2026-07-21,NLICL,,596,580,594,,,11954,7041717.8,69,,
2026-07-21,NLO,,269.4,269.4,269.4,,,0,0,0,,
2026-07-21,NMB,,247.3,243.2,244.9,,,45808,11230280.3,160,,
2026-07-21,NMBMF,,629,620,629,,,1560,973407,25,,
2026-07-21,NMFBS,,1140,1124,1130,,,1814,2053209.3,40,,
2026-07-21,NMLBBL,,562.5,544.1,552,,,5746,3150262.7,62,,
2026-07-21,NRIC,,1036,988.6,1018,,,82944,84531935.4,515,,
2026-07-21,NRM,,332,317.5,330,,,25233,8269702.3,171,,
2026-07-21,NRN,,1514,1425,1495,,,147423,220028040.6,986,,
2026-07-21,NTC,,875,862.5,864.9,,,6076,5267791.1,150,,
2026-07-21,NUBL,,639.7,631.2,632,,,2532,1601623,27,,
2026-07-21,NWCL,,760,720.8,742,,,3496,2575644,46,,
2026-07-21,NYADI,,394,376.3,377,,,6280,2383904,69,,
2026-07-21,OHL,,703.4,684,698.8,,,4353,2987991.9,35,,
2026-07-21,OMPL,,1005,966.1,989,,,6207,6098311.7,130,,
2026-07-21,PCBL,,245,239.5,242.7,,,47015,11396798.9,175,,
2026-07-21,PCIL,,688,650,665,,,71400,47637483.4,1056,,
2026-07-21,PFL,,364,364,364,,,0,0,0,,
2026-07-21,PHCL,,314.5,304,307,,,91387,28222808.3,279,,
2026-07-21,PMHPL,,340,325,330,,,18414,6129266,82,,
2026-07-21,PMLI,,461.8,446.6,450,,,8197,3734767.8,119,,
2026-07-21,PPCL,,378,347,359,,,11606,4088869.5,65,,
2026-07-21,PPL,,347.8,324,341.5,,,49192,16751979.2,190,,
2026-07-21,PROFL,,450,439.2,440,,,7800,3445345,45,,
2026-07-21,PRVU,,208,196,197.2,,,159581,31676787.9,515,,
2026-07-21,PURE,,874.9,839,841,,,8595,7367528,135,,
2026-07-21,RADHI,,779,751,762.5,,,121806,92810144,296,,
2026-07-21,RAWA,,459.9,440.1,447,,,43852,19595062.2,258,,
2026-07-21,RFPL,,369.6,346,350,,,24743,8670079.1,214,,
2026-07-21,RHGCL,,283.6,271.3,280,,,24789,6825394.8,129,,
2026-07-21,RHPL,,276,263,271.8,,,24913,6776667.7,137,,
2026-07-21,RIDI,,380,350,378.9,,,1497165,557750754.9,2763,,
2026-07-21,RLEL,,950,880.1,905,,,19232,17568047.2,429,,
2026-07-21,RLFL,,484,465,465.2,,,50923,24076107.6,180,,
2026-07-21,RNLI,,463.7,456,458.9,,,34536,15832601.9,251,,
2026-07-21,RSDC,,686,665,668,,,16999,11505256.1,83,,
2026-07-21,RSML,,3650,3460,3545,,,77289,273431989.6,1202,,
2026-07-21,RURU,,645,623,633,,,7037,4456941.4,62,,
2026-07-21,SAGAR,,1814,1726,1768.1,,,20809,36831234,301,,
2026-07-21,SAHAS,,675,663,665,,,138790,92823644.9,693,,
2026-07-21,SAIL,,1074,1021,1038.9,,,59912,62394916.8,633,,
2026-07-21,SANIMA,,371,363,368,,,112394,41263677.9,309,,
2026-07-21,SANVI,,641,611,618.1,,,22751,14207138.3,245,,
2026-07-21,SARBTM,,819.5,811,814,,,8330,6769245.6,77,,
2026-07-21,SBI,,410,403,410,,,63183,25677206,153,,
2026-07-21,SBL,,406,398,399,,,116064,46503079.4,215,,
2026-07-21,SCB,,670,660,663.9,,,8964,5969552.5,115,,
2026-07-21,SGHC,,344,330,332,,,67420,22571053.6,221,,
2026-07-21,SGHL,,563,491.1,536,,,129965,68599398,4333,,
2026-07-21,SHEL,,317.5,310,311,,,92747,28967726.9,360,,
2026-07-21,SHIVM,,668,653.1,663.1,,,152420,100482010.1,602,,
2026-07-21,SHL,,510,500,505,,,31042,15602092,126,,
2026-07-21,SHLB,,1560,1467.9,1540,,,430,653064.1,14,,
2026-07-21,SHPC,,528,515,517,,,26580,13857054.4,124,,
2026-07-21,SIFC,,537.6,521,527.9,,,10811,5694859.4,58,,
2026-07-21,SIKLES,,580,568.7,570,,,16584,9524833.6,97,,
2026-07-21,SIPD,,695,660,685,,,37278,25267698.6,509,,
2026-07-21,SJCL,,290,280,285,,,12773,3652696.1,103,,
2026-07-21,SJLIC,,429.9,422,424.9,,,12357,5251023.9,132,,
2026-07-21,SKBBL,,803.2,761.1,769,,,7696,5920064.2,112,,
2026-07-21,SKHEL,,1050,986,999.8,,,5627,5674977.3,159,,
2026-07-21,SKHL,,921.9,865.6,899,,,22590,20540693.1,305,,
2026-07-21,SLBBL,,830,810,820.1,,,2773,2277137.3,45,,
2026-07-21,SLBSL,,1150,1096.1,1120,,,4265,4713347.4,74,,
2026-07-21,SMATA,,776.9,753,760.5,,,2083,1585106.8,40,,
2026-07-21,SMB,,1900,1853,1890,,,559,1041983.5,22,,
2026-07-21,SMFBS,,1560,1520,1543.9,,,820,1257279.5,23,,
2026-07-21,SMH,,541.7,510,521.9,,,75905,39409472,314,,
2026-07-21,SMHL,,500,487.6,491,,,34365,16975271.2,202,,
2026-07-21,SMJC,,455.4,429.4,450,,,11674,5246912.3,122,,
2026-07-21,SMPDA,,814,772,800,,,1767,1386016.9,36,,
2026-07-21,SNLI,,450,432,445,,,16324,7197829.5,257,,
2026-07-21,SNORL,,903,807,880,,,45822,39530558,948,,
2026-07-21,SOHL,,615,570,592,,,135872,80990069.8,1194,,
2026-07-21,SONA,,428,418,425,,,22728,9607691.1,263,,
2026-07-21,SOPL,,879.6,833.2,845,,,70713,60354952.5,1275,,
2026-07-21,SPC,,447,417.9,436.3,,,5319,2338083.8,62,,
2026-07-21,SPDL,,412.9,389,402,,,140886,55900221.7,242,,
2026-07-21,SPHL,,552,536.1,545,,,9824,5334868.1,97,,
2026-07-21,SPL,,695,666,679,,,2290,1535265.5,32,,
2026-07-21,SRLI,,394.9,386.5,390,,,18697,7275158.3,195,,
2026-07-21,SSHL,,223.6,210,214,,,178577,38187361.8,571,,
2026-07-21,STC,,5399,5250,5250,,,481,2531908,14,,
2026-07-21,SWASTIK,,2205,2127,2142,,,882,1909882,44,,
2026-07-21,SWBBL,,702.8,681,688,,,23136,16037707.6,145,,
2026-07-21,SWMF,,648.8,632,644.9,,,5096,3257549.2,54,,
2026-07-21,SYPNL,,1448,1327.7,1405,,,96349,136397739.4,1039,,
2026-07-21,TAMOR,,460,452.1,454,,,50356,22917836,214,,
2026-07-21,TPC,,372.5,362.1,366.8,,,10638,3883779.3,85,,
2026-07-21,TPKHL,,585,531,563,,,72970,40727849.2,1592,,
2026-07-21,TRH,,788.1,767,788,,,3391,2612624,17,,
2026-07-21,TSHL,,413,392.9,398,,,13800,5544530.4,186,,
2026-07-21,TTL,,773.5,745,754,,,20306,15316857.5,294,,
2026-07-21,TVCL,,493,481.1,489.9,,,8013,3885872,41,,
2026-07-21,UHEWA,,607.6,588,600,,,58298,34760669,237,,
2026-07-21,ULBSL,,2879.9,2750,2839,,,480,1347944.1,26,,
2026-07-21,ULHC,,375,365.2,371,,,18169,6750118.6,101,,
2026-07-21,UMHL,,600,570,600,,,35927,21288533.1,153,,
2026-07-21,UMRH,,554.8,540.1,549.9,,,10942,5973878,81,,
2026-07-21,UNHPL,,406.7,398.6,404.8,,,49748,20045585.6,182,,
2026-07-21,UNL,,47040,47040,47040,,,10,470400,1,,
2026-07-21,UNLB,,1304,1275,1292,,,1323,1698813.4,29,,
2026-07-21,UPCL,,370,358,365.9,,,92193,33389288.5,280,,
2026-07-21,UPPER,,203.9,200.2,200.5,,,101133,20444032.6,495,,
2026-07-21,USHEC,,514,496,506,,,13653,6916344.5,113,,
2026-07-21,USHL,,567,528.8,540.8,,,8194,4459321.3,88,,
2026-07-21,USLB,,1230,1170,1205,,,2368,2857421.2,53,,
2026-07-21,VLBS,,703,671.5,692,,,2949,2021995.2,62,,
2026-07-21,VLUCL,,474,440,469,,,9872,4527331.7,121,,
2026-07-21,YMHL,,667,612,630,,,46790,29985739,1170,,
2026-07-22,ACLBSL,,960.9,940.2,952,,,541,511462.6,23,,
2026-07-22,ADBL,,320,310.2,318.9,,,79891,25343030,246,,
2026-07-22,AHL,,445,430.8,430.8,,,1222,529671,32,,
2026-07-22,AHPC,,278,274,275,,,53003,14584223.3,227,,
2026-07-22,AKJCL,,394.6,381,388,,,599402,232015807.7,1242,,
2026-07-22,AKPL,,269,261.1,267,,,135933,35982215,263,,
2026-07-22,ALBSL,,1163.9,1060,1101,,,2604,2861365.9,97,,
2026-07-22,ALICL,,444.9,432,438,,,13723,5990316.3,81,,
2026-07-22,ANLB,,6545,5650,5841,,,1491,8527137.8,75,,
2026-07-22,APHL,,853,826.4,837.5,,,19020,15894464.9,338,,
2026-07-22,API,,345.7,339,343.5,,,229342,78654235.6,539,,
2026-07-22,AVYAN,,1090,1055,1074,,,4771,5110302,59,,
2026-07-22,BANDIPUR,,750,735,739.1,,,20471,15200698,320,,
2026-07-22,BARUN,,339,327,335,,,29119,9728193.8,137,,
2026-07-22,BBC,,4400,4256,4268,,,545,2356241,21,,
2026-07-22,BEDC,,335,327.1,330.1,,,17694,5868292.5,134,,
2026-07-22,BFC,,558,530,535.1,,,289485,158039510.5,1267,,
2026-07-22,BGWT,,619,596,613,,,3182,1924169.7,54,,
2026-07-22,BHCL,,520,495,499,,,39493,19772590.2,289,,
2026-07-22,BHDC,,446.9,437.4,445,,,5850,2591212.2,60,,
2026-07-22,BHL,,220,214.1,215.5,,,77294,16715140.7,349,,
2026-07-22,BHPL,,502,490,495.9,,,7959,3926920,53,,
2026-07-22,BJHL,,794,750.6,756.1,,,8067,6136476.8,128,,
2026-07-22,BNHC,,296.9,290.4,296.9,,,26437,7778039.2,171,,
2026-07-22,BNL,,15200,15200,15200,,,30,456000,2,,
2026-07-22,BNT,,11573,11571,11571,,,30,347160,3,,
2026-07-22,BPCL,,677.9,640,671.8,,,24712,16462005.5,100,,
2026-07-22,BUNGAL,,723,607,705,,,65595,42068325.8,396,,
2026-07-22,CBBL,,939,927,933.5,,,19042,17750689.6,128,,
2026-07-22,CFCL,,650.8,602,641.3,,,113396,72910401.4,444,,
2026-07-22,CGH,,794.8,776.5,785,,,6372,4976480.7,62,,
2026-07-22,CHCL,,496,480.1,495.2,,,44279,21742810.8,204,,
2026-07-22,CHDC,,2224.7,2160,2219,,,10269,22757550.7,115,,
2026-07-22,CHL,,274,268,268,,,12159,3273089.6,67,,
2026-07-22,CIT,,1732,1710,1724,,,4080,7019182.5,117,,
2026-07-22,CITY,,400,375,390,,,399404,156117622.8,1489,,
2026-07-22,CKHL,,629.2,593.7,604.9,,,15236,9101177.1,40,,
2026-07-22,CLI,,453,429,450,,,5568,2494797.6,126,,
2026-07-22,CREST,,1266,1160,1222,,,10216,12418996,145,,
2026-07-22,CYCL,,1375,1350,1375,,,400,542053.8,21,,
2026-07-22,CZBIL,,203.7,200,203,,,29829,6024188.7,121,,
2026-07-22,DDBL,,851.9,841,842.1,,,4449,3755403.7,48,,
2026-07-22,DHEL,,600,585,595,,,18488,10914324.2,190,,
2026-07-22,DHPL,,307.9,295,296.5,,,8229,2440189.6,43,,
2026-07-22,DLBS,,1287.5,1200,1249,,,5635,7059794.7,61,,
2026-07-22,DOLTI,,339,329,334.9,,,26029,8625445.2,125,,
2026-07-22,DORDI,,265.9,260.3,262,,,14235,3732360.9,84,,
2026-07-22,EBL,,725,717,718,,,12550,9026616.9,116,,
2026-07-22,ECL,,492.4,441,492.4,,,100,47992,10,,
2026-07-22,EHPL,,380,350,356.8,,,15190,5435861,107,,
2026-07-22,ENL,,863,820,825,,,1366,1129047,21,,
2026-07-22,FMDBL,,780.6,768,773,,,8719,6727197.1,78,,
2026-07-22,FOWAD,,1005,970,997,,,5433,5310163.2,73,,
2026-07-22,GBIME,,263,242.2,247.2,,,136705,33910569.3,413,,
2026-07-22,GBLBS,,763.5,746.1,762,,,1366,1030950.6,21,,
2026-07-22,GCIL,,367.7,359.2,365,,,22329,8084128.2,228,,
2026-07-22,GFCL,,639.9,615.1,633,,,32871,20711906.7,110,,
2026-07-22,GHL,,232.1,229,231,,,46936,10823723.3,152,,
2026-07-22,GILB,,1122,1095.1,1120.8,,,3591,3968718.3,41,,
2026-07-22,GLBSL,,1813,1799.9,1813,,,499,898539.7,16,,
2026-07-22,GLH,,261,258,258.9,,,29543,7670187.7,125,,
2026-07-22,GMFBS,,1313,1206.1,1251.7,,,1212,1493132,23,,
2026-07-22,GMFIL,,484.9,465.7,475,,,39826,19019352.4,193,,
2026-07-22,GMLI,,1267,1180,1200,,,5648,6788989.8,86,,
2026-07-22,GUFL,,575,560,565,,,11325,6444589.7,76,,
2026-07-22,GVL,,492,485,490,,,12399,6038388.1,83,,
2026-07-22,HATHY,,770,730.5,755,,,9728,7287762.7,126,,
2026-07-22,HBL,,202.4,198,200.9,,,29548,5909795.7,460,,
2026-07-22,HDHPC,,222,217.1,221,,,181769,39884186.5,448,,
2026-07-22,HDL,,1189.9,1170.2,1178,,,30326,35767657,279,,
2026-07-22,HFIN,,721,685,706.9,,,33081,23474517.2,530,,
2026-07-22,HHL,,355,340,352,,,56199,19753830.7,230,,
2026-07-22,HIDCL,,267.8,261.2,266,,,64784,17079665.5,249,,
2026-07-22,HIMSTAR,,760,730.1,751,,,8786,6555661.6,117,,
2026-07-22,HLBSL,,905,890,900,,,259,232712,13,,
2026-07-22,HLI,,340,331.2,335,,,43991,14720373.6,236,,
2026-07-22,HPPL,,381.6,360,370,,,91191,33885496.4,315,,
2026-07-22,HRL,,677.2,635,636.2,,,151511,97303435.6,1088,,
2026-07-22,HURJA,,247.5,239,240,,,62330,15069636.7,159,,
2026-07-22,ICFC,,622,615,618,,,5520,3416259,39,,
2026-07-22,IHL,,378.9,360,366,,,2901,1063052.4,50,,
2026-07-22,ILBS,,940,840,890,,,1399,1234937.3,30,,
2026-07-22,ILI,,429.5,404,424,,,3020,1274332.9,112,,
2026-07-22,JBLB,,1292.6,1255,1275.3,,,2109,2696077.9,60,,
2026-07-22,JFL,,410.9,403,405.5,,,7555,3073248.4,58,,
2026-07-22,JHAPA,,1155,1111,1111,,,11465,12862953.6,137,,
2026-07-22,JOSHI,,270,266.2,267.8,,,4831,1290322.7,30,,
2026-07-22,JSLBB,,1030,1000,1027,,,1618,1649883,29,,
2026-07-22,KAHL,,580,530,560,,,52360,29156532.4,2039,,
2026-07-22,KBL,,221.6,216.6,219,,,208940,45755631.9,492,,
2026-07-22,KBSH,,1235,1171,1230,,,782,950721.1,32,,
2026-07-22,KDL,,822,800,812,,,2798,2241094.7,51,,
2026-07-22,KHPL,,989,942.4,960,,,5111,4954738.5,133,,
2026-07-22,KKHC,,269,260.1,268.5,,,51773,13699267,186,,
2026-07-22,KMCDB,,815,791,803,,,3285,2629158.8,44,,
2026-07-22,KPCL,,480.2,476.1,476.8,,,5024,2406827.2,45,,
2026-07-22,LEC,,224.8,217.5,220,,,70637,15499310.2,231,,
2026-07-22,LICN,,805,790,804.4,,,6504,5183129.6,62,,
2026-07-22,LLBS,,921,915,920,,,78,71610,3,,
2026-07-22,LSL,,225,220,225,,,138502,31062475.1,226,,
2026-07-22,MABEL,,643.7,620.6,625,,,4641,2901241.6,87,,
2026-07-22,MAKAR,,471.9,449.7,456,,,47797,21632435.9,220,,
2026-07-22,MANDU,,824,801.1,824,,,2016,1628716.2,39,,
2026-07-22,MATRI,,890.9,786.3,874,,,2579,2179561.6,51,,
2026-07-22,MBJC,,277,270,275,,,8848,2429378.1,133,,
2026-07-22,MBL,,255,250.6,254,,,71269,17998123.9,174,,
2026-07-22,MCHL,,304.5,290,293,,,7589,2225755.3,59,,
2026-07-22,MEHL,,318,309,315,,,4823,1502575,50,,
2026-07-22,MEL,,235,218,224.6,,,24096,5310448.6,155,,
2026-07-22,MEN,,600,586,595,,,161649,96233473.5,275,,
2026-07-22,MERO,,739,702,708,,,7631,5402424.6,70,,
2026-07-22,MFIL,,800,772,800,,,41644,33115475.3,153,,
2026-07-22,MHCL,,334.9,320,321,,,1792,578303,37,,
2026-07-22,MHL,,487,480.3,485,,,5344,2577580.7,60,,
2026-07-22,MHNL,,244,237.3,242.9,,,16493,3966238.3,74,,
2026-07-22,MKCL,,1163,1130,1160,,,2479,2814969.4,37,,
2026-07-22,MKHC,,302,291.9,300,,,6464,1928786.2,51,,
2026-07-22,MKHL,,518,500.3,514.5,,,17642,8882765.9,84,,
2026-07-22,MKJC,,473,461.9,465,,,1770,823776.8,26,,
2026-07-22,MLBBL,,1176.5,1141.3,1147.1,,,589,673479.3,12,,
2026-07-22,MLBS,,1224,1165.3,1190,,,120,141719,10,,
2026-07-22,MLBSL,,1740,1710,1711,,,210,362230.8,13,,
2026-07-22,MMKJL,,470,442,463.4,,,2554,1186973.5,44,,
2026-07-22,MPFL,,630,600,621.8,,,13077,8117827.4,86,,
2026-07-22,MSHL,,650,620,635,,,735,463834,33,,
2026-07-22,MSLB,,1230,1216,1221,,,157,192036,10,,
2026-07-22,NABIL,,550,546,546.8,,,48017,26339411.4,382,,
2026-07-22,NADEP,,759,726,747,,,3070,2302201.9,26,,
2026-07-22,NBL,,269.5,265.1,268.9,,,29103,7799413.4,125,,
2026-07-22,NESDO,,1519.9,1502,1503.1,,,314,471907.8,11,,
2026-07-22,NFS,,590,577,582.6,,,10990,6430431.1,102,,
2026-07-22,NGPL,,428.5,404,423.4,,,167493,70788931.7,399,,
2026-07-22,NHDL,,658,626,646,,,38264,24102746.6,62,,
2026-07-22,NHPC,,297,280,285.4,,,559326,159769607.6,1117,,
2026-07-22,NICA,,343,336.2,340.9,,,45184,15386691.1,148,,
2026-07-22,NICLBSL,,564.9,555,564.9,,,3933,2199645.9,45,,
2026-07-22,NIFRA,,259.9,252,255,,,46525,11825394.6,288,,
2026-07-22,NIMB,,198.8,195.3,197,,,61972,12205754.9,268,,
2026-07-22,NLIC,,772,761.5,764,,,13922,10653401.6,133,,
2026-07-22,NLICL,,594,580.5,589,,,2245,1314724,31,,
2026-07-22,NLO,,269.4,269.4,269.4,,,0,0,0,,
2026-07-22,NMB,,245.7,240.7,243.9,,,31540,7687434.1,151,,
2026-07-22,NMBMF,,633.5,615.1,621,,,3344,2101937.2,35,,
2026-07-22,NMFBS,,1130.1,1121.3,1130,,,2452,2768200.9,35,,
2026-07-22,NMLBBL,,550,535,545,,,5611,3028606.8,65,,
2026-07-22,NRIC,,1019,991.1,1007.1,,,34488,34527233.5,312,,
2026-07-22,NRM,,334,323.1,325,,,8796,2872042.8,88,,
2026-07-22,NRN,,1530,1459.7,1519.9,,,185785,281062338.6,931,,
2026-07-22,NTC,,875,853,857.1,,,12970,11115716.3,174,,
2026-07-22,NUBL,,634,620,629,,,7278,4550579.4,37,,
2026-07-22,NWCL,,735,724.1,733.9,,,1771,1290033.7,39,,
2026-07-22,NYADI,,377,369,372,,,8179,3050491,39,,
2026-07-22,OHL,,698.8,685,685,,,760,520920,13,,
2026-07-22,OMPL,,989.8,960,978,,,2656,2593591,67,,
2026-07-22,PCBL,,243,238,239,,,19541,4675504,120,,
2026-07-22,PCIL,,670.5,650,665,,,42196,27789602.8,711,,
2026-07-22,PFL,,364,364,364,,,0,0,0,,
2026-07-22,PHCL,,308.9,304,305.9,,,29640,9048675.6,143,,
2026-07-22,PMHPL,,334,322.1,328,,,3522,1145859.5,37,,
2026-07-22,PMLI,,458,441.1,445,,,4821,2155704.4,99,,
2026-07-22,PPCL,,354.9,345,349,,,28952,10056440.7,81,,
2026-07-22,PPL,,340.7,324.5,339,,,12678,4284376.2,88,,
2026-07-22,PROFL,,449.2,439,444,,,6781,3021539.5,57,,
2026-07-22,PRVU,,198,194,195,,,111920,21883646.4,329,,
2026-07-22,PURE,,885,825,885,,,24572,21168892.9,164,,
2026-07-22,RADHI,,764,745,745.1,,,114815,86242604.8,262,,
2026-07-22,RAWA,,449,438,442,,,51392,22722389.4,232,,
2026-07-22,RFPL,,349.5,340,345,,,28089,9625201.8,137,,
2026-07-22,RHGCL,,279.9,266,272.2,,,12577,3440258.8,80,,
2026-07-22,RHPL,,271,265,265.1,,,11656,3105073.5,84,,
2026-07-22,RIDI,,390,368,386,,,1107447,423080031.2,2292,,
2026-07-22,RLEL,,913,867,893.9,,,14317,12589996.6,258,,
2026-07-22,RLFL,,482,466.3,473,,,57262,27221584.1,224,,
2026-07-22,RNLI,,459,450.1,456.7,,,15294,6960306.4,192,,
2026-07-22,RSDC,,677,663,677,,,6228,4153168,51,,
2026-07-22,RSML,,3681,3450,3681,,,75158,263235757.1,939,,
2026-07-22,RURU,,633,621.2,626.4,,,4499,2823252.4,18,,
2026-07-22,SAGAR,,1800,1720,1795,,,23162,41027146.4,267,,
2026-07-22,SAHAS,,670.9,660.1,662,,,73205,48629625.7,375,,
2026-07-22,SAIL,,1100,1000,1083.8,,,88041,93925791.2,849,,
2026-07-22,SANIMA,,372,362.7,367.3,,,59752,21949635.2,180,,
2026-07-22,SANVI,,619,601,607,,,15700,9546309.6,211,,
2026-07-22,SARBTM,,815.9,790,790,,,25694,20500576.4,121,,
2026-07-22,SBI,,412.9,402,412,,,50503,20618844.5,134,,
2026-07-22,SBL,,403,396.1,400.4,,,77485,31058062.6,199,,
2026-07-22,SCB,,661,644,658.1,,,3467,2279267,53,,
2026-07-22,SGHC,,340,316,333,,,69010,22714273.6,220,,
2026-07-22,SGHL,,550,520.9,528,,,89670,48087223.8,3386,,
2026-07-22,SHEL,,313,307.4,308.9,,,90562,28001063,297,,
2026-07-22,SHIVM,,664.9,652,656,,,112792,74083985.1,414,,
2026-07-22,SHL,,505,497.7,502,,,18022,9013671.3,63,,
2026-07-22,SHLB,,1524,1450,1524,,,295,431654,12,,
2026-07-22,SHPC,,519,509.5,512.6,,,14476,7439521.65,79,,
2026-07-22,SIFC,,540,520,527,,,18006,9484975.7,94,,
2026-07-22,SIKLES,,573,555,564,,,15618,8759748.1,93,,
2026-07-22,SIPD,,710,655.5,686.9,,,29651,20227850,392,,
2026-07-22,SJCL,,285,281.2,283,,,7046,1985765.6,60,,
2026-07-22,SJLIC,,425,416.2,421.9,,,10327,4342537.9,106,,
2026-07-22,SKBBL,,770.2,763,767.5,,,2377,1821688.2,54,,
2026-07-22,SKHEL,,1008,970.3,1008,,,2903,2881625.7,82,,
2026-07-22,SKHL,,907,873,905,,,11903,10636681.4,201,,
2026-07-22,SLBBL,,820,805,811.3,,,3364,2725129.1,38,,
2026-07-22,SLBSL,,1120,1097,1109,,,1975,2170921.2,34,,
2026-07-22,SMATA,,766.9,748.2,751.1,,,446,338012.6,14,,
2026-07-22,SMB,,1895,1811,1844.1,,,1353,2507277.7,39,,
2026-07-22,SMFBS,,1621,1526,1575,,,845,1311497,27,,
2026-07-22,SMH,,523,510,514,,,12605,6475131.7,128,,
2026-07-22,SMHL,,491,482.6,484.5,,,19125,9286707,116,,
2026-07-22,SMJC,,450,439,449.8,,,21736,9593580,123,,
2026-07-22,SMPDA,,805,781.1,792,,,716,568521.9,11,,
2026-07-22,SNLI,,445,433.1,440,,,3703,1622026.2,171,,
2026-07-22,SNORL,,884.9,840.1,875,,,24582,21260675.5,674,,
2026-07-22,SOHL,,600,575,584,,,64375,37746509.8,801,,
2026-07-22,SONA,,423,417,419.1,,,14123,5923636.2,138,,
2026-07-22,SOPL,,861.1,835,842.1,,,41452,35015549.5,1023,,
2026-07-22,SPC,,434.7,425.4,434.7,,,2086,900584,34,,
2026-07-22,SPDL,,411,392.1,399.9,,,130096,52349643.8,304,,
2026-07-22,SPHL,,546,527,546,,,5232,2802125.2,50,,
2026-07-22,SPL,,677.9,660,677.9,,,3050,2019335.4,13,,
2026-07-22,SRLI,,389,385,386.7,,,5898,2279634.8,112,,
2026-07-22,SSHL,,214,209,211,,,117892,24852716.1,344,,
2026-07-22,STC,,5250,5190,5200,,,1220,6345630,14,,
2026-07-22,SWASTIK,,2164,2105,2105,,,956,2038708.5,26,,
2026-07-22,SWBBL,,696,681.2,690,,,17605,12105923.3,67,,
2026-07-22,SWMF,,643,626,639,,,4912,3086922.2,34,,
2026-07-22,SYPNL,,1430,1334.8,1408.9,,,69705,98090710.3,765,,
2026-07-22,TAMOR,,454,447,452,,,22745,10269508.2,102,,
2026-07-22,TPC,,366.8,358.2,363,,,11270,4088318,49,,
2026-07-22,TPKHL,,570,551,565,,,44494,24916039.1,1224,,
2026-07-22,TRH,,801.9,773.1,793,,,2520,1973326.5,23,,
2026-07-22,TSHL,,398,386.1,392.9,,,7781,3037378.5,101,,
2026-07-22,TTL,,748,735,735,,,10097,7476318.1,177,,
2026-07-22,TVCL,,509.9,475.3,495,,,17705,8793689.1,116,,
2026-07-22,UHEWA,,604,582,598.8,,,13045,7773735,111,,
2026-07-22,ULBSL,,2829.9,2753.8,2775,,,984,2731295.7,35,,
2026-07-22,ULHC,,382,369,372,,,13376,4961500.7,81,,
2026-07-22,UMHL,,609.7,573,596.4,,,101286,58904616.4,169,,
2026-07-22,UMRH,,546,536,540.5,,,5162,2792099.8,40,,
2026-07-22,UNHPL,,404,395.1,400,,,14951,5982746.5,68,,
2026-07-22,UNL,,47800,47800,47800,,,10,478000,1,,
2026-07-22,UNLB,,1305,1270,1287.9,,,280,356573.5,14,,
2026-07-22,UPCL,,365,356.1,365,,,58012,20924785.1,163,,
2026-07-22,UPPER,,202,190.5,199,,,110414,22004045,401,,
2026-07-22,USHEC,,500,492,495.2,,,5757,2861317,38,,
2026-07-22,USHL,,554.2,514,550,,,2309,1251107.1,61,,
2026-07-22,USLB,,1219.8,1200,1210,,,179,215257,8,,
2026-07-22,VLBS,,690,672,684.3,,,3007,2052769.9,54,,
2026-07-22,VLUCL,,469,452,460,,,2349,1070433,29,,
2026-07-22,YMHL,,650,602.7,633.3,,,33068,21138226.5,860,,
2026-07-23,ACLBSL,,950,925.5,950,,,442,410758.2,17,,
2026-07-23,ADBL,,325,310,317,,,19009,5996917.5,99,,
2026-07-23,AHL,,433.8,425.5,432,,,1873,806361.7,29,,
2026-07-23,AHPC,,277,270.2,277,,,59319,16201890.2,211,,
2026-07-23,AKJCL,,391,370,386.5,,,719259,275233779.8,1322,,
2026-07-23,AKPL,,274.7,255,266,,,68149,18066298.7,168,,
2026-07-23,ALBSL,,1129,1070,1094.9,,,3151,3414794,88,,
2026-07-23,ALICL,,441,435,441,,,7997,3500748.6,66,,
2026-07-23,ANLB,,6491,5600,5818,,,1113,6334660.6,73,,
2026-07-23,APHL,,930,827,930,,,64326,56764243.2,1117,,
2026-07-23,API,,345,339,342.5,,,255571,87279722,495,,
2026-07-23,AVYAN,,1083,1052,1079,,,2060,2196677,44,,
2026-07-23,BANDIPUR,,760,723,760,,,30521,22715386.5,443,,
2026-07-23,BARUN,,335,328,335,,,27519,9136350.2,133,,
2026-07-23,BBC,,4390,4241,4390,,,397,1724000,32,,
2026-07-23,BEDC,,340,325,330,,,23206,7615549.3,138,,
2026-07-23,BFC,,535,520,533,,,64041,33790992.9,381,,
2026-07-23,BGWT,,614.9,601.5,610,,,1013,617254.1,28,,
2026-07-23,BHCL,,518,491,515,,,34661,17537268.7,347,,
2026-07-23,BHDC,,445,437,444.9,,,7813,3438120.2,64,,
2026-07-23,BHL,,217,213.4,215.2,,,62803,13479235.3,257,,
2026-07-23,BHPL,,504.9,487,491,,,2567,1266948,22,,
2026-07-23,BJHL,,792,719,790,,,33953,26130015.4,262,,
2026-07-23,BNHC,,296.9,288.7,295,,,39381,11505297.6,202,,
2026-07-23,BNL,,15200,15200,15200,,,0,0,0,,
2026-07-23,BNT,,11578.1,11578.1,11578.1,,,25,289452.5,3,,
2026-07-23,BPCL,,705.3,656,670.9,,,19529,13010574.1,140,,
2026-07-23,BUNGAL,,669.8,612.1,635,,,191406,122425656.7,1183,,
2026-07-23,CBBL,,934,929.1,932,,,11789,10980282.9,139,,
2026-07-23,CFCL,,660,610,649.9,,,110432,71245102.5,336,,
2026-07-23,CGH,,792,773,792,,,19050,14835498.7,74,,
2026-07-23,CHCL,,495,485.1,494,,,31454,15502322.8,131,,
2026-07-23,CHDC,,2219,2187.1,2205,,,8086,17796586.4,116,,
2026-07-23,CHL,,272.5,265.1,266.1,,,14726,3942030.5,85,,
2026-07-23,CIT,,1739.9,1706,1724.8,,,2666,4595693.4,64,,
2026-07-23,CITY,,393.8,382.1,389,,,98452,38113753.6,490,,
2026-07-23,CKHL,,623,589,622,,,318,190083.8,14,,
2026-07-23,CLI,,455,442,455,,,10896,4890454.9,169,,
2026-07-23,CREST,,1273,1173,1201,,,14145,17167943.4,234,,
2026-07-23,CYCL,,1397.9,1345,1370,,,704,952422.4,33,,
2026-07-23,CZBIL,,209,193,204.5,,,17761,3609533.1,108,,
2026-07-23,DDBL,,854,838.4,849.9,,,2827,2385232.6,45,,
2026-07-23,DHEL,,601,581,598,,,15918,9459686.7,218,,
2026-07-23,DHPL,,303.79,295,298,,,2245,663719,15,,
2026-07-23,DLBS,,1264,1211,1214,,,311,378987.3,17,,
2026-07-23,DOLTI,,333.3,328,329.1,,,28008,9242314.1,140,,
2026-07-23,DORDI,,265,258.5,263,,,21010,5510653,98,,
2026-07-23,EBL,,753,712.1,719,,,21235,15236226.1,155,,
2026-07-23,ECL,,566.2,507.1,566.2,,,120,66509,12,,
2026-07-23,EHPL,,363.9,349.2,355.3,,,8656,3063982.6,70,,
2026-07-23,ENL,,834,810,834,,,671,545738,19,,
2026-07-23,FMDBL,,788,765.2,780,,,4640,3595536.5,45,,
2026-07-23,FOWAD,,996,970.2,996,,,1235,1211588,35,,
2026-07-23,GBIME,,253,235,249,,,105646,26034018,290,,
2026-07-23,GBLBS,,768.8,751,759,,,1234,929997.6,32,,
2026-07-23,GCIL,,365,354.6,364,,,16393,5887489.4,175,,
2026-07-23,GFCL,,636,625.1,636,,,7712,4874681.9,48,,
2026-07-23,GHL,,232.9,228,232.5,,,27581,6367382.7,106,,
2026-07-23,GILB,,1117.8,1095,1110,,,520,576104.9,21,,
2026-07-23,GLBSL,,1820,1740,1793,,,239,428942,14,,
2026-07-23,GLH,,261,252.9,260.8,,,37034,9459455.5,162,,
2026-07-23,GMFBS,,1251.7,1221,1246,,,145,179589.4,10,,
2026-07-23,GMFIL,,498,467.1,478.7,,,8225,3899272.4,45,,
2026-07-23,GMLI,,1201,1170.5,1195,,,2062,2432253.5,52,,
2026-07-23,GUFL,,575,550.1,564,,,10684,5974729.3,66,,
2026-07-23,GVL,,490,480.2,490,,,5271,2562751.4,55,,
2026-07-23,HATHY,,767,744.2,757.9,,,3251,2443182.9,62,,
2026-07-23,HBL,,203,194,202.8,,,44740,8958064.4,619,,
2026-07-23,HDHPC,,221,216.8,220.8,,,123561,26982595.8,266,,
2026-07-23,HDL,,1190,1165.1,1179,,,19870,23398681.7,247,,
2026-07-23,HFIN,,770,680,760,,,73698,53228456.3,903,,
2026-07-23,HHL,,362,342,350.5,,,46686,16470831.7,198,,
2026-07-23,HIDCL,,267,261.1,263.6,,,46621,12293633,177,,
2026-07-23,HIMSTAR,,760,717,759,,,10128,7475787.6,133,,
2026-07-23,HLBSL,,903,873,903,,,1375,1212989,10,,
2026-07-23,HLI,,338.8,330,334.8,,,27177,9033278.6,207,,
2026-07-23,HPPL,,381.9,360,381,,,106938,40120106.4,384,,
2026-07-23,HRL,,645,625.1,641,,,90968,57689260.6,864,,
2026-07-23,HURJA,,243.7,236.2,242.8,,,53462,12796903.2,147,,
2026-07-23,ICFC,,622,611.5,620,,,5166,3191790.2,31,,
2026-07-23,IHL,,370,360.2,367.5,,,3367,1237823.9,42,,
2026-07-23,ILBS,,927,850,891.9,,,1447,1287559,26,,
2026-07-23,ILI,,428.5,420,425,,,8383,3552045.2,179,,
2026-07-23,JBLB,,1293,1267.1,1289,,,2765,3535813.7,82,,
2026-07-23,JFL,,404,395,400,,,5347,2129071.9,39,,
2026-07-23,JHAPA,,1148,1100,1148,,,12509,14025143.2,157,,
2026-07-23,JOSHI,,272,264,271.5,,,12059,3257444.4,45,,
2026-07-23,JSLBB,,1026.7,1010,1026.7,,,47,47687,4,,
2026-07-23,KAHL,,583,533.2,583,,,75792,42335884.2,2419,,
2026-07-23,KBL,,223.9,212,223,,,368248,81300968.7,657,,
2026-07-23,KBSH,,1175,1045.5,1045.5,,,13394,14012207.5,254,,
2026-07-23,KDL,,820,795,813,,,286,229773.3,20,,
2026-07-23,KHPL,,999,930,992,,,17900,17457081.9,335,,
2026-07-23,KKHC,,269,264,266.5,,,42842,11409754.8,141,,
2026-07-23,KMCDB,,808,779.5,806.9,,,1276,1015055.1,25,,
2026-07-23,KPCL,,477,469.4,473,,,5890,2777060.1,50,,
2026-07-23,LEC,,223,216.2,222.6,,,70351,15459776,239,,
2026-07-23,LICN,,844,790.2,803.9,,,6839,5459836.6,43,,
2026-07-23,LLBS,,937,910,937,,,70,64470,7,,
2026-07-23,LSL,,227,214,227,,,259236,58276581.5,251,,
2026-07-23,MABEL,,630.9,614.2,630.9,,,12447,7715312.8,141,,
2026-07-23,MAKAR,,458.9,433.2,450,,,35324,15913476.9,153,,
2026-07-23,MANDU,,874,804.2,839,,,6108,5069769,81,,
2026-07-23,MATRI,,864.9,828,864,,,768,648903,27,,
2026-07-23,MBJC,,278.1,270.1,278.1,,,9932,2726435.6,168,,
2026-07-23,MBL,,259.9,242,255,,,70137,17769500.3,191,,
2026-07-23,MCHL,,291,286,290,,,5549,1600914.5,67,,
2026-07-23,MEHL,,317.2,307.5,313.3,,,1520,471572.3,37,,
2026-07-23,MEL,,223.9,218,220,,,22908,5044263.3,134,,
2026-07-23,MEN,,595,590.3,594.8,,,41095,24424712.2,180,,
2026-07-23,MERO,,725,695,703.8,,,3326,2330041.5,44,,
2026-07-23,MFIL,,799.8,775,797,,,11906,9433854.1,77,,
2026-07-23,MHCL,,325,315.2,324,,,3903,1252073,56,,
2026-07-23,MHL,,489.8,477.6,489.8,,,3249,1566309,28,,
2026-07-23,MHNL,,246,237.7,245,,,12010,2907293.2,67,,
2026-07-23,MKCL,,1179,1131.2,1141,,,1005,1149953,36,,
2026-07-23,MKHC,,299.4,294,299,,,6383,1891551.1,48,,
2026-07-23,MKHL,,528.9,490,512,,,3010,1520230.6,43,,
2026-07-23,MKJC,,488.2,458.8,480,,,16210,7647343.5,101,,
2026-07-23,MLBBL,,1159.9,1134,1159.9,,,960,1106795.3,20,,
2026-07-23,MLBS,,1198,1160.6,1180,,,86,101614,8,,
2026-07-23,MLBSL,,1740,1710,1738,,,317,544966,10,,
2026-07-23,MMKJL,,475,449.2,475,,,6192,2864474,58,,
2026-07-23,MPFL,,626,606,625,,,22732,13958582.3,144,,
2026-07-23,MSHL,,666.7,591,627.3,,,1005,615261.4,18,,
2026-07-23,MSLB,,1237,1204.1,1215,,,1110,1344241,12,,
2026-07-23,NABIL,,550,545,550,,,40281,22089641.4,401,,
2026-07-23,NADEP,,760,726,760,,,386,285255.5,17,,
2026-07-23,NBL,,269.6,265.2,269,,,28186,7541076.8,134,,
2026-07-23,NESDO,,1544.2,1500,1516,,,431,648724.2,18,,
2026-07-23,NFS,,587.9,578.2,584,,,3795,2209962.9,49,,
2026-07-23,NGPL,,424,417.4,419,,,203489,85451049.5,442,,
2026-07-23,NHDL,,648,636.5,646.9,,,896,575568.6,24,,
2026-07-23,NHPC,,299,281.1,284,,,356524,101220418.3,723,,
2026-07-23,NICA,,349,324,341,,,32463,10960211.2,159,,
2026-07-23,NICLBSL,,570,556,560,,,5822,3253341.3,58,,
2026-07-23,NIFRA,,255,250.1,254,,,84407,21286610.6,384,,
2026-07-23,NIMB,,201,190,198.4,,,69542,13682696.4,259,,
2026-07-23,NLIC,,802,760.1,763,,,21570,16479324.2,165,,
2026-07-23,NLICL,,590,577,583,,,6968,4084626.7,24,,
2026-07-23,NLO,,269.4,269.4,269.4,,,0,0,0,,
2026-07-23,NMB,,245,232,243.1,,,26596,6467159.2,161,,
2026-07-23,NMBMF,,635,612.4,635,,,2174,1371295.7,22,,
2026-07-23,NMFBS,,1140,1125,1130,,,7064,7985370.4,38,,
2026-07-23,NMLBBL,,545,530,545,,,4896,2622121.8,42,,
2026-07-23,NRIC,,1008,990,996,,,29266,29167329.9,210,,
2026-07-23,NRM,,332,317,329.2,,,11195,3633711.3,100,,
2026-07-23,NRN,,1510,1480,1487.1,,,108726,162454836.8,471,,
2026-07-23,NTC,,860,855,859,,,3472,2979164.3,81,,
2026-07-23,NUBL,,636,618.1,634.4,,,2126,1333443.4,31,,
2026-07-23,NWCL,,742.9,720,742.9,,,1960,1423443,38,,
2026-07-23,NYADI,,379,367.1,379,,,2387,888972.4,48,,
2026-07-23,OHL,,688.5,680,688.5,,,605,412954.5,11,,
2026-07-23,OMPL,,1004,950,996.1,,,5972,5891697.5,149,,
2026-07-23,PCBL,,244.9,227.1,239,,,29928,7124140.1,144,,
2026-07-23,PCIL,,701,631.8,687,,,58160,38883975.3,944,,
2026-07-23,PFL,,364,364,364,,,0,0,0,,
2026-07-23,PHCL,,307.4,302.4,306,,,24811,7550164.6,175,,
2026-07-23,PMHPL,,329.5,321.5,328.9,,,2640,859388.5,36,,
2026-07-23,PMLI,,484,443,465,,,7836,3565407,109,,
2026-07-23,PPCL,,355.5,342.4,353,,,7149,2474324.1,61,,
2026-07-23,PPL,,340,322.1,338.9,,,23596,7921872.1,125,,
2026-07-23,PROFL,,446,437,443.5,,,4575,2008868.3,28,,
2026-07-23,PRVU,,199,186,195.9,,,72972,14229564,272,,
2026-07-23,PURE,,890,840.8,890,,,5046,4408793.9,97,,
2026-07-23,RADHI,,763.8,720,754,,,65510,49005702.7,166,,
2026-07-23,RAWA,,464,433,442,,,23955,10497615.8,171,,
2026-07-23,RFPL,,345,329,344,,,12529,4297049,100,,
2026-07-23,RHGCL,,278,262.7,270,,,40902,10892036.3,103,,
2026-07-23,RHPL,,268,263.3,267,,,9989,2651994.5,101,,
2026-07-23,RIDI,,384,375,378.1,,,658719,249220390,1240,,
2026-07-23,RLEL,,948.4,867.1,940,,,19571,17847418.4,344,,
2026-07-23,RLFL,,490,460,479,,,32135,15158532,154,,
2026-07-23,RNLI,,458,445.1,458,,,13601,6177998.5,185,,
2026-07-23,RSDC,,677,663,675,,,1340,896965,25,,
2026-07-23,RSML,,3791,3484.9,3516,,,80405,283319144.7,973,,
2026-07-23,RURU,,634.9,625,634,,,6452,4056081.9,44,,
2026-07-23,SAGAR,,1850,1750,1820,,,29234,53151412.5,413,,
2026-07-23,SAHAS,,667.9,658.2,664,,,65752,43561334.8,363,,
2026-07-23,SAIL,,1150.5,1050,1145,,,97608,108663415,1125,,
2026-07-23,SANIMA,,367.9,363.4,366,,,24603,8999682.7,140,,
2026-07-23,SANVI,,634.9,595,634,,,16633,10267000.7,266,,
2026-07-23,SARBTM,,808,783.8,798,,,5592,4415943,60,,
2026-07-23,SBI,,415,392,409,,,7387,3002986.7,70,,
2026-07-23,SBL,,407,380.4,406,,,113029,45701142,268,,
2026-07-23,SCB,,670,625.2,655.2,,,1974,1291361.5,55,,
2026-07-23,SGHC,,330,324.1,325,,,61027,19856142.1,183,,
2026-07-23,SGHL,,552,510,550,,,109172,58185687.9,3818,,
2026-07-23,SHEL,,312.5,306,312.5,,,58597,18099183.7,244,,
2026-07-23,SHIVM,,660,648.1,660,,,58438,38256887.7,311,,
2026-07-23,SHL,,504.4,496.4,499.6,,,9794,4895109.6,45,,
2026-07-23,SHLB,,1498,1456,1498,,,70,102870,7,,
2026-07-23,SHPC,,538,507.5,515.9,,,42994,22519829.7,118,,
2026-07-23,SIFC,,535,520,533,,,7222,3794657.1,48,,
2026-07-23,SIKLES,,570,555.1,567,,,6009,3378994.2,72,,
2026-07-23,SIPD,,745,668.1,745,,,51184,36224648.9,734,,
2026-07-23,SJCL,,284,276,284,,,9553,2668485,101,,
2026-07-23,SJLIC,,427,416,424.9,,,12230,5172089.5,125,,
2026-07-23,SKBBL,,770,760,767,,,6698,5130602.7,69,,
2026-07-23,SKHEL,,1087,960,1060,,,12382,12714673.5,230,,
2026-07-23,SKHL,,929.9,881.2,929,,,17258,15774369.2,328,,
2026-07-23,SLBBL,,820,802.1,814,,,2409,1953258.2,33,,
2026-07-23,SLBSL,,1110,1081.1,1092,,,2568,2808985,40,,
2026-07-23,SMATA,,759.7,740,759.7,,,572,428534.7,32,,
2026-07-23,SMB,,1878.8,1822,1848,,,2058,3764445.3,44,,
2026-07-23,SMFBS,,1578.9,1550,1578,,,735,1144169,21,,
2026-07-23,SMH,,516,509,514.9,,,22173,11332608.2,125,,
2026-07-23,SMHL,,490,481.1,488,,,24159,11735283.3,104,,
2026-07-23,SMJC,,447,435,440,,,9714,4262711.6,88,,
2026-07-23,SMPDA,,800,777,785,,,415,326685.8,21,,
2026-07-23,SNLI,,440,433.5,438.1,,,6454,2816910.2,178,,
2026-07-23,SNORL,,1006.2,851,995,,,44496,41242041.5,1401,,
2026-07-23,SOHL,,627.2,571,623,,,284258,171969426,1828,,
2026-07-23,SONA,,423,415.1,422,,,16385,6866708.5,196,,
2026-07-23,SOPL,,915,833,905,,,82670,72325100.3,1797,,
2026-07-23,SPC,,434,425.5,430,,,3060,1311135.4,38,,
2026-07-23,SPDL,,398.8,380,396,,,76025,29734131.5,203,,
2026-07-23,SPHL,,558,520,553.7,,,12034,6536767.2,53,,
2026-07-23,SPL,,680,660,680,,,4550,3013942,28,,
2026-07-23,SRLI,,386.4,382.4,384.8,,,15884,6096864.9,147,,
2026-07-23,SSHL,,212,207.9,211.7,,,91952,19294590.1,332,,
2026-07-23,STC,,5201,5200,5200,,,1206,6270920,7,,
2026-07-23,SWASTIK,,2130,2053,2098,,,858,1780486,38,,
2026-07-23,SWBBL,,694,676,693,,,65300,44765353.8,53,,
2026-07-23,SWMF,,638.9,629,638.9,,,2596,1643298,24,,
2026-07-23,SYPNL,,1429.5,1385.2,1426.9,,,75287,106090378.7,685,,
2026-07-23,TAMOR,,463.7,446,451.5,,,24468,11060385.3,138,,
2026-07-23,TPC,,364.9,355,361,,,12649,4538801.6,72,,
2026-07-23,TPKHL,,595,551,590,,,62548,35909280.6,1425,,
2026-07-23,TRH,,793,775,791.7,,,827,650724,16,,
2026-07-23,TSHL,,393,382,385,,,4613,1778904.9,76,,
2026-07-23,TTL,,760,725.1,756,,,10131,7558412,256,,
2026-07-23,TVCL,,504,483,486.5,,,2785,1356853,30,,
2026-07-23,UHEWA,,603,583.5,598,,,23374,13863658.2,134,,
2026-07-23,ULBSL,,2972,2722,2831,,,909,2532304,26,,
2026-07-23,ULHC,,379.8,360,362.2,,,10466,3803737.1,83,,
2026-07-23,UMHL,,599.9,570,590.5,,,23783,13882092.2,121,,
2026-07-23,UMRH,,547.8,535,540,,,3102,1664929,36,,
2026-07-23,UNHPL,,403,395,400,,,12256,4872611,70,,
2026-07-23,UNL,,48000,47799.9,48000,,,60,2871399,6,,
2026-07-23,UNLB,,1280,1246,1276,,,888,1124566,25,,
2026-07-23,UPCL,,363,355,362,,,44974,16112948.1,183,,
2026-07-23,UPPER,,200.5,198,200.1,,,54695,10899658.3,302,,
2026-07-23,USHEC,,500,487.5,493.5,,,2945,1462723.5,35,,
2026-07-23,USHL,,577,538.5,550,,,2354,1281595.6,93,,
2026-07-23,USLB,,1212,1175.4,1200,,,673,802567.8,19,,
2026-07-23,VLBS,,692,670.1,685,,,992,675551,57,,
2026-07-23,VLUCL,,460,448,460,,,3640,1652361,52,,
2026-07-23,YMHL,,665,616.9,660,,,42420,27235617.3,1172,,
2026-07-24,ACLBSL,,970,942,945,,,670,640249.5,27,,
2026-07-24,ADBL,,321.4,316,320,,,113909,36395473.4,255,,
2026-07-24,AHL,,439.7,428,428,,,3436,1475541.4,52,,
2026-07-24,AHPC,,279.8,274,275,,,46828,12952461.9,225,,
2026-07-24,AKJCL,,405.8,375.2,379,,,515226,196667184.7,993,,
2026-07-24,AKPL,,268.7,264,265.7,,,58703,15628458.6,180,,
2026-07-24,ALBSL,,1129.9,1045,1087,,,3859,4208938.5,72,,
2026-07-24,ALICL,,446.9,439.5,441.9,,,9351,4134537.7,84,,
2026-07-24,ANLB,,6659,5550,6659,,,3788,21504964.1,140,,
2026-07-24,APHL,,952,900,905,,,35842,33035334.2,775,,
2026-07-24,API,,351,325.4,344,,,242798,83416927.8,579,,
2026-07-24,AVYAN,,1157,1060,1089,,,8162,8818602.9,107,,
2026-07-24,BANDIPUR,,795,755.7,763,,,59743,46144988.6,681,,
2026-07-24,BARUN,,340,318.3,334,,,24615,8253324.3,117,,
2026-07-24,BBC,,4389,4262,4375,,,126,543982,13,,
2026-07-24,BEDC,,339.5,313.5,334,,,32031,10684695.5,183,,
2026-07-24,BFC,,535,525.2,533,,,74820,39725464,283,,
2026-07-24,BGWT,,625,600,600.1,,,5088,3080219.8,60,,
2026-07-24,BHCL,,539.9,495,523.9,,,59608,31348322.7,501,,
2026-07-24,BHDC,,450,440,445.2,,,4356,1943533.5,51,,
2026-07-24,BHL,,225.9,211.2,217,,,92366,20062800,353,,
2026-07-24,BHPL,,500,486,486.6,,,5700,2786518.6,54,,
2026-07-24,BJHL,,810,770,793,,,28911,22658406.3,318,,
2026-07-24,BNHC,,298.8,292.2,297,,,25926,7658260.9,203,,
2026-07-24,BNL,,14744,14744,14744,,,10,147440,1,,
2026-07-24,BNT,,11532.2,11532.2,11532.2,,,19,219111.8,1,,
2026-07-24,BPCL,,674,660,665,,,34471,22848555.2,173,,
2026-07-24,BUNGAL,,646,625,634.9,,,59530,37698707.7,491,,
2026-07-24,CBBL,,940,931.9,938,,,7273,6820216.5,107,,
2026-07-24,CFCL,,667,627,657.2,,,182999,120331669.7,608,,
2026-07-24,CGH,,793,785,787,,,7873,6194831,67,,
2026-07-24,CHCL,,496.5,492,494.2,,,35710,17670134.1,190,,
2026-07-24,CHDC,,2265,2180,2254,,,34043,76039810.3,262,,
2026-07-24,CHL,,274,266.2,270,,,10651,2868020.3,72,,
2026-07-24,CIT,,1745,1724,1734,,,4293,7442512.1,101,,
2026-07-24,CITY,,394,386,387,,,117929,45879105.5,549,,
2026-07-24,CKHL,,620,603.4,618,,,3274,2002269.8,31,,
2026-07-24,CLI,,460.2,443.3,454,,,11247,5119860.8,202,,
2026-07-24,CREST,,1300,1179,1228.9,,,13501,16224475.5,191,,
2026-07-24,CYCL,,1394,1355,1376,,,1100,1491196.2,25,,
2026-07-24,CZBIL,,209.7,204,209.4,,,135021,28097893.3,359,,
2026-07-24,DDBL,,864.8,840,854,,,4706,4004855.3,72,,
2026-07-24,DHEL,,629.8,600,626,,,74284,46212970.4,713,,
2026-07-24,DHPL,,300,290,300,,,5641,1664049.2,44,,
2026-07-24,DLBS,,1248.8,1220,1220.1,,,150,185884,4,,
2026-07-24,DOLTI,,337,312.7,331.9,,,18589,6188699.3,111,,
2026-07-24,DORDI,,267,262,263.1,,,14614,3853798.8,117,,
2026-07-24,EBL,,725.5,720,724,,,84744,61356791.4,180,,
2026-07-24,ECL,,651.1,571.8,651.1,,,250,159778,25,,
2026-07-24,EHPL,,365,355,358.9,,,19434,6969872.5,129,,
2026-07-24,ENL,,855,828.3,849,,,240,203843,16,,
2026-07-24,FMDBL,,786,775,780,,,5442,4247042.6,51,,
2026-07-24,FOWAD,,1010,981,997,,,787,776049.8,23,,
2026-07-24,GBIME,,250.8,246,249.5,,,177663,44299787.7,518,,
2026-07-24,GBLBS,,765,755,761,,,3251,2472003.1,55,,
2026-07-24,GCIL,,372.5,345.8,364,,,17122,6264642.4,163,,
2026-07-24,GFCL,,632.8,627,630.4,,,6717,4226586.4,51,,
2026-07-24,GHL,,244.1,231,234,,,40896,9530238.7,131,,
2026-07-24,GILB,,1129.6,1090.1,1120,,,2229,2503709.8,49,,
2026-07-24,GLBSL,,1826,1792,1800,,,728,1316174.5,23,,
2026-07-24,GLH,,267.9,255.1,259,,,26654,6944975.3,114,,
2026-07-24,GMFBS,,1246,1220,1246,,,429,527569.5,10,,
2026-07-24,GMFIL,,480,470,473,,,14104,6694862,56,,
2026-07-24,GMLI,,1220,1148.5,1186.5,,,4148,4865531.8,102,,
2026-07-24,GUFL,,570,557,557,,,5322,2986153.7,56,,
2026-07-24,GVL,,492.8,482,485,,,15952,7776251.4,96,,
2026-07-24,HATHY,,780,750,755,,,11987,9128127.3,107,,
2026-07-24,HBL,,216.4,192.7,206,,,144301,29710713.5,1110,,
2026-07-24,HDHPC,,222.9,217,218.6,,,145917,32106974.4,339,,
2026-07-24,HDL,,1188,1166,1166,,,24277,28578996.8,326,,
2026-07-24,HFIN,,810,760,779,,,88069,69805564.6,1299,,
2026-07-24,HHL,,356,346.3,349,,,22309,7835817.4,126,,
2026-07-24,HIDCL,,268.8,262,263.7,,,70195,18635926.6,269,,
2026-07-24,HIMSTAR,,794.9,753,770,,,11420,8882361.7,150,,
2026-07-24,HLBSL,,905,880.7,900.9,,,3413,3067763.8,18,,
2026-07-24,HLI,,337.7,330.2,333.5,,,25210,8453277.2,233,,
2026-07-24,HPPL,,385.8,370,380,,,127177,48516102.7,327,,
2026-07-24,HRL,,644.8,629,629,,,98378,62538553.9,795,,
2026-07-24,HURJA,,245.8,240,241,,,51790,12574349.1,154,,
2026-07-24,ICFC,,629,611.1,628,,,9051,5646937.7,52,,
2026-07-24,IHL,,367.9,355,362.5,,,13063,4729889.7,81,,
2026-07-24,ILBS,,900,850,884,,,1485,1323219.4,23,,
2026-07-24,ILI,,430,421.1,425,,,4515,1923828,191,,
2026-07-24,JBLB,,1291.9,1255,1283,,,3348,4298868,85,,
2026-07-24,JFL,,405,395,404,,,4548,1825435.7,42,,
2026-07-24,JHAPA,,1235.9,1140,1211.1,,,22390,26812821.1,316,,
2026-07-24,JOSHI,,274,267.6,270,,,10071,2713767.6,76,,
2026-07-24,JSLBB,,1040,1010,1039,,,684,702088,16,,
2026-07-24,KAHL,,613,575,601.2,,,88604,53373988.2,2463,,
2026-07-24,KBL,,231.7,223.7,228.2,,,1129916,258134231.4,2261,,
2026-07-24,KBSH,,1091.8,888.7,1050,,,148511,141800098.8,1228,,
2026-07-24,KDL,,824,791,813.9,,,1944,1576757,45,,
2026-07-24,KHPL,,1045,965,990,,,31107,31355705.4,578,,
2026-07-24,KKHC,,290,264.5,282.3,,,368499,102437266.1,979,,
2026-07-24,KMCDB,,806,791.6,806,,,1517,1213012.1,21,,
2026-07-24,KPCL,,484,475,482,,,4122,1979800,47,,
2026-07-24,LEC,,227.9,222.4,224,,,140458,31605924.6,340,,
2026-07-24,LICN,,813.8,797,804,,,9884,7950653.4,61,,
2026-07-24,LLBS,,935,920,935,,,235,218235,7,,
2026-07-24,LSL,,230.9,225.3,230.3,,,227090,52038191.5,500,,
2026-07-24,MABEL,,670,632,637,,,25642,16721600.1,286,,
2026-07-24,MAKAR,,455,427.5,450,,,56320,25350729.9,221,,
2026-07-24,MANDU,,857.9,816.2,857.9,,,5451,4586272.1,100,,
2026-07-24,MATRI,,886,840,843,,,1407,1194199,28,,
2026-07-24,MBJC,,277,273.2,276.1,,,8647,2381682,149,,
2026-07-24,MBL,,260,250.8,259.9,,,90145,23271216.9,263,,
2026-07-24,MCHL,,304,283,285,,,9930,2868118.9,96,,
2026-07-24,MEHL,,319,312,315,,,2623,831065.7,56,,
2026-07-24,MEL,,223,218,220,,,27150,5991689.8,169,,
2026-07-24,MEN,,601.5,594,597,,,43290,25876129.2,208,,
2026-07-24,MERO,,738.9,694,694,,,25005,17555192.9,99,,
2026-07-24,MFIL,,799,777,795.9,,,27905,22159460.6,98,,
2026-07-24,MHCL,,331,315.3,330,,,5058,1641011,63,,
2026-07-24,MHL,,489,480,485,,,6501,3145753.7,54,,
2026-07-24,MHNL,,246.8,240,241.5,,,9321,2262003.3,61,,
2026-07-24,MKCL,,1185,1133,1180,,,5080,5957167.8,79,,
2026-07-24,MKHC,,300,295,297.2,,,7089,2116838.9,83,,
2026-07-24,MKHL,,510,498.3,507,,,3735,1878695,53,,
2026-07-24,MKJC,,494,471,487,,,12860,6269197,107,,
2026-07-24,MLBBL,,1160,1131.2,1150,,,1507,1736742.4,29,,
2026-07-24,MLBS,,1193,1144.6,1193,,,506,588613.4,19,,
2026-07-24,MLBSL,,1741,1691.1,1739.9,,,126,217854.9,9,,
2026-07-24,MMKJL,,501.6,475,496,,,6845,3356197.5,92,,
2026-07-24,MPFL,,635,610,626.9,,,11805,7357807.6,86,,
2026-07-24,MSHL,,665,596,632,,,682,431483,25,,
2026-07-24,MSLB,,1244,1215,1244,,,354,433480,24,,
2026-07-24,NABIL,,557.6,546.1,553.1,,,91376,50610822.8,627,,
2026-07-24,NADEP,,760,738,738,,,288,212264.2,16,,
2026-07-24,NBL,,274,265.2,272,,,72549,19719640.9,266,,
2026-07-24,NESDO,,1524,1501,1520,,,333,504657,7,,
2026-07-24,NFS,,595,580,582,,,13295,7765193.6,103,,
2026-07-24,NGPL,,425.8,416,420,,,135494,56993070.6,370,,
2026-07-24,NHDL,,655,646,650,,,2976,1934716.5,41,,
2026-07-24,NHPC,,298,280,280.4,,,320535,90692361.9,690,,
2026-07-24,NICA,,349.5,334.2,344.2,,,91081,31497386.8,280,,
2026-07-24,NICLBSL,,576,552,568,,,9403,5330033.5,117,,
2026-07-24,NIFRA,,257,251.5,255,,,80303,20501645.2,410,,
2026-07-24,NIMB,,206,196,204.2,,,461662,93878220.4,1014,,
2026-07-24,NLIC,,770.5,763,769,,,32030,24553269.4,180,,
2026-07-24,NLICL,,600,580,588,,,76294,44407774.8,75,,
2026-07-24,NLO,,269.4,269.4,269.4,,,0,0,0,,
2026-07-24,NMB,,249,241.8,247.1,,,60861,15022524.2,269,,
2026-07-24,NMBMF,,642.9,622,640,,,4969,3154380.4,28,,
2026-07-24,NMFBS,,1145,1117.5,1131,,,1642,1868546,23,,
2026-07-24,NMLBBL,,550.9,536.2,545.9,,,3140,1709450.9,26,,
2026-07-24,NRIC,,995,960,986,,,61419,60064368.3,497,,
2026-07-24,NRM,,335,320.3,328.4,,,12102,3971322.8,103,,
2026-07-24,NRN,,1528,1413,1463,,,183860,273474131.5,599,,
2026-07-24,NTC,,880,860.1,864,,,7547,6540831,124,,
2026-07-24,NUBL,,640.9,623,640.6,,,8629,5502454.8,59,,
2026-07-24,NWCL,,769,705.8,739.9,,,3403,2521207,54,,
2026-07-24,NYADI,,397.9,371,371,,,8257,3087265.2,60,,
2026-07-24,OHL,,692,675,692,,,1236,839505.5,20,,
2026-07-24,OMPL,,1024.8,985,996,,,6488,6506792.2,120,,
2026-07-24,PCBL,,245,238,243,,,92403,22526461.5,277,,
2026-07-24,PCIL,,717,690.2,692,,,106254,74831683.3,1451,,
2026-07-24,PFL,,364,364,364,,,0,0,0,,
2026-07-24,PHCL,,318,306.1,309,,,121022,37773373.1,467,,
2026-07-24,PMHPL,,329.8,323,324,,,4451,1444647,38,,
2026-07-24,PMLI,,462,452,454,,,7466,3410599.9,125,,
2026-07-24,PPCL,,358,342.7,352.5,,,19158,6663517.4,67,,
2026-07-24,PPL,,344,335,339,,,17291,5861146,121,,
2026-07-24,PROFL,,451,432.7,444,,,8738,3877656.7,45,,
2026-07-24,PRVU,,202.7,196,199.9,,,361992,72537414.6,890,,
2026-07-24,PURE,,919,873,898,,,13573,12225099,196,,
2026-07-24,RADHI,,766.8,721,755,,,114801,87121258,188,,
2026-07-24,RAWA,,464,441.1,445,,,35112,15739809.1,228,,
2026-07-24,RFPL,,350,342.1,345.9,,,18660,6448968,123,,
2026-07-24,RHGCL,,278,265.1,273.7,,,18625,5075071.3,108,,
2026-07-24,RHPL,,270,263.2,267,,,11576,3086581,78,,
2026-07-24,RIDI,,385.9,360,370,,,824107,309319239.7,1112,,
2026-07-24,RLEL,,975.4,905,970,,,28028,26683877.3,407,,
2026-07-24,RLFL,,500,471,471,,,46706,22336280.3,177,,
2026-07-24,RNLI,,458,451.1,455,,,10240,4668033.4,226,,
2026-07-24,RSDC,,681,641.3,670.1,,,4871,3296498.7,53,,
2026-07-24,RSML,,3599,3420,3494,,,43204,151197048.1,703,,
2026-07-24,RURU,,647.9,626,631,,,4884,3079366.1,45,,
2026-07-24,SAGAR,,1842,1787,1792,,,24706,44884539.1,230,,
2026-07-24,SAHAS,,667,660.3,662.3,,,46493,30893626.1,353,,
2026-07-24,SAIL,,1179,1100,1108,,,91423,103439423.6,802,,
2026-07-24,SANIMA,,372.5,365.1,372,,,100183,37149051,327,,
2026-07-24,SANVI,,665.7,625.7,643,,,34711,22430959.1,355,,
2026-07-24,SARBTM,,810,795,805,,,4017,3231312,57,,
2026-07-24,SBI,,413.5,407,413.5,,,68167,28084411.5,161,,
2026-07-24,SBL,,410.9,402,410,,,123839,50509195.8,377,,
2026-07-24,SCB,,660,651,651,,,17211,11280375.05,102,,
2026-07-24,SGHC,,330,323.3,325,,,46724,15224599.2,181,,
2026-07-24,SGHL,,587,550,552,,,105483,59577722.8,3182,,
2026-07-24,SHEL,,315,309,309.7,,,38004,11845428.1,197,,
2026-07-24,SHIVM,,665,638,655,,,64040,42193015.3,363,,
2026-07-24,SHL,,505,499,503,,,15100,7578356.3,78,,
2026-07-24,SHLB,,1513,1453.2,1513,,,169,249052,12,,
2026-07-24,SHPC,,525,512.1,518.6,,,38788,20124059.1,126,,
2026-07-24,SIFC,,535,526.1,529,,,6762,3594363,48,,
2026-07-24,SIKLES,,573.7,559,572,,,5993,3419342.1,72,,
2026-07-24,SIPD,,757,713,727,,,51208,37583094.8,669,,
2026-07-24,SJCL,,285,278,285,,,5913,1669144.3,68,,
2026-07-24,SJLIC,,429,420,427.9,,,13468,5717527,109,,
2026-07-24,SKBBL,,771,755.1,766,,,9366,7196630.9,107,,
2026-07-24,SKHEL,,1120,1007,1077.9,,,8890,9712410,182,,
2026-07-24,SKHL,,970,920.1,935,,,28833,26977209,366,,
2026-07-24,SLBBL,,832,788,823,,,3942,3244712.1,62,,
2026-07-24,SLBSL,,1147.8,1082,1126,,,5231,5808517.4,83,,
2026-07-24,SMATA,,769,741,754,,,2237,1694209.3,42,,
2026-07-24,SMB,,1915,1848,1915,,,4959,9297452.8,82,,
2026-07-24,SMFBS,,1600,1532,1554,,,3316,5205400.3,57,,
2026-07-24,SMH,,519,511.1,517.1,,,31697,16337248.1,102,,
2026-07-24,SMHL,,498.9,488,490,,,38221,18740639.7,181,,
2026-07-24,SMJC,,474.8,441.1,470,,,99658,46367533.9,564,,
2026-07-24,SMPDA,,794,775.2,794,,,971,758697.3,34,,
2026-07-24,SNLI,,447,436.1,441,,,5147,2259892.1,220,,
2026-07-24,SNORL,,1017.1,970,979,,,41940,41379907,1026,,
2026-07-24,SOHL,,633.4,599,605,,,135996,83666703,1266,,
2026-07-24,SONA,,428,415,419.9,,,18074,7593228.1,210,,
2026-07-24,SOPL,,948,893,893,,,93889,86354656.9,1750,,
2026-07-24,SPC,,432,421,426,,,5197,2222028.5,49,,
2026-07-24,SPDL,,399.9,384,389,,,91184,35525662.2,217,,
2026-07-24,SPHL,,556,530,544,,,7475,4036723.4,55,,
2026-07-24,SPL,,679.8,663.2,675,,,1481,990032.2,19,,
2026-07-24,SRLI,,388,383.5,386,,,10494,4053523.4,179,,
2026-07-24,SSHL,,221.1,209,209.5,,,92395,19594752.6,330,,
2026-07-24,STC,,5250,5102,5175,,,1310,6807982,19,,
2026-07-24,SWASTIK,,2154.9,2098,2098,,,845,1785355,30,,
2026-07-24,SWBBL,,703,658.4,693,,,13156,9136402.4,92,,
2026-07-24,SWMF,,646,625.1,642,,,4913,3142625.8,44,,
2026-07-24,SYPNL,,1463,1360,1424,,,75872,109451109.5,930,,
2026-07-24,TAMOR,,456,450,452.6,,,27528,12508837.3,146,,
2026-07-24,TPC,,370,362,369.5,,,9455,3439066.1,71,,
2026-07-24,TPKHL,,610,573,574,,,57766,33986268.3,1360,,
2026-07-24,TRH,,792,776,785,,,270,213356,9,,
2026-07-24,TSHL,,406.8,385,400,,,23022,9165510.9,185,,
2026-07-24,TTL,,785,756,773,,,28478,22006465.9,397,,
2026-07-24,TVCL,,499,484,485,,,8980,4425743,58,,
2026-07-24,UHEWA,,605,584,592,,,48519,28591252.8,225,,
2026-07-24,ULBSL,,2825,2730,2760,,,484,1335787.6,17,,
2026-07-24,ULHC,,369,358.1,359.5,,,7061,2557107.5,86,,
2026-07-24,UMHL,,604,570,594.8,,,86235,50608631.2,279,,
2026-07-24,UMRH,,547.6,534,540.1,,,6744,3659256.8,48,,
2026-07-24,UNHPL,,402.8,397,397,,,25227,10057366.9,107,,
2026-07-24,UNL,,48000,48000,48000,,,0,0,0,,
2026-07-24,UNLB,,1300,1261.1,1279,,,712,904722,24,,
2026-07-24,UPCL,,362,354,357,,,43678,15645855.3,166,,
2026-07-24,UPPER,,201,199.3,200.2,,,85269,17071128,394,,
2026-07-24,USHEC,,500,493,495.5,,,1594,792929.3,35,,
2026-07-24,USHL,,565,548.1,559,,,2854,1590583.3,88,,
2026-07-24,USLB,,1236,1175,1181,,,3770,4509196.2,64,,
2026-07-24,VLBS,,712.8,672,706,,,5121,3595854.2,122,,
2026-07-24,VLUCL,,460,450,452,,,1250,567174,46,,
2026-07-24,YMHL,,693,643.2,655,,,40127,26608401.7,1034,,
2026-07-27,ACLBSL,,950,935.1,949.9,,,295,276338.1,22,,
2026-07-27,ADBL,,329,304,322,,,84053,27182336.2,317,,
2026-07-27,AHL,,430,416.3,420,,,3400,1432051.6,55,,
2026-07-27,AHPC,,276.4,271.3,271.3,,,36752,10032431.4,162,,
2026-07-27,AKJCL,,381,364,366.2,,,372666,138015069.8,987,,
2026-07-27,AKPL,,268,258.1,259.8,,,64949,17015938.9,241,,
2026-07-27,ALBSL,,1145,1051,1096.9,,,3280,3577560.9,91,,
2026-07-27,ALICL,,442.2,432.1,436,,,17605,7665676.1,137,,
2026-07-27,ANLB,,6326.1,5660.2,5768,,,3018,17213257,149,,
2026-07-27,APHL,,905,850,852,,,30226,26445325.7,549,,
2026-07-27,API,,344.8,335.1,336,,,189693,64189969.4,575,,
2026-07-27,AVYAN,,1088,1050,1059,,,2659,2836915.5,54,,
2026-07-27,BANDIPUR,,763,725,730,,,26143,19353306.9,448,,
2026-07-27,BARUN,,335.4,324,325,,,28368,9369986.7,147,,
2026-07-27,BBC,,4377,4264,4265,,,102,439668.9,12,,
2026-07-27,BEDC,,334.9,325,325.4,,,18773,6167402,119,,
2026-07-27,BFC,,538,506.4,516,,,99008,52087859.9,374,,
2026-07-27,BGWT,,605.5,586.5,588,,,1440,858551.6,26,,
2026-07-27,BHCL,,525,500,508,,,36428,18524657.5,391,,
2026-07-27,BHDC,,447.8,432,438.1,,,6847,3010584.5,59,,
2026-07-27,BHL,,219.1,212,214,,,63844,13708826.3,293,,
2026-07-27,BHPL,,493.5,465,480.1,,,5423,2644167.6,52,,
2026-07-27,BJHL,,793,718,746,,,20654,15496348.5,294,,
2026-07-27,BNHC,,305.9,286.5,289.9,,,20853,6049880.7,160,,
2026-07-27,BNL,,14744,14744,14744,,,0,0,0,,
2026-07-27,BNT,,11878,11650,11652,,,80,936600,8,,
2026-07-27,BPCL,,677,645.1,665,,,17921,11843090.7,90,,
2026-07-27,BUNGAL,,634.9,600,603,,,38521,23702419.6,389,,
2026-07-27,CBBL,,945,932,937,,,21752,20466404.7,202,,
2026-07-27,CFCL,,682.8,624.4,660,,,238752,159990517,843,,
2026-07-27,CGH,,789,780,782,,,63570,49629423,81,,
2026-07-27,CHCL,,499.5,494,496.9,,,56689,28165580.5,242,,
2026-07-27,CHDC,,2430,2231.2,2300,,,51266,118554977.2,464,,
2026-07-27,CHL,,283,264.3,267,,,11615,3110215,80,,
2026-07-27,CIT,,1747,1720,1721,,,4295,7440563.9,103,,
2026-07-27,CITY,,387,370.1,372.7,,,144143,54247953.2,725,,
2026-07-27,CKHL,,621,588,614.7,,,2395,1447865.5,32,,
2026-07-27,CLI,,459.9,450.3,453,,,29516,13456135.3,195,,
2026-07-27,CREST,,1290.3,1200.2,1200.3,,,8738,10564302.4,110,,
2026-07-27,CYCL,,1368.9,1345,1355,,,629,848446.4,33,,
2026-07-27,CZBIL,,215,199,208,,,164940,34881812.6,421,,
2026-07-27,DDBL,,854,841.2,844,,,3955,3353175.1,57,,
2026-07-27,DHEL,,630,590,605,,,32479,19808582.7,383,,
2026-07-27,DHPL,,300,290,296.9,,,5135,1496737.9,41,,
2026-07-27,DLBS,,1285,1190.2,1258,,,4370,5400849.9,43,,
2026-07-27,DOLTI,,335,325,325,,,24263,7978707.5,134,,
2026-07-27,DORDI,,266.5,257,257,,,16665,4324989.1,143,,
2026-07-27,EBL,,732.9,720,726,,,58133,42328424.4,257,,
2026-07-27,ECL,,748.7,670.6,748.7,,,530,394917,53,,
2026-07-27,EHPL,,365,346,346.1,,,9591,3369470.3,109,,
2026-07-27,ENL,,845,824,824,,,309,254980,9,,
2026-07-27,FMDBL,,788,765,765,,,7027,5455530.6,63,,
2026-07-27,FOWAD,,997,955,955,,,6867,6631590.2,116,,
2026-07-27,GBIME,,267.8,238,255,,,1089231,281395378.6,2097,,
2026-07-27,GBLBS,,765,750,761.2,,,2341,1773156.5,43,,
2026-07-27,GCIL,,365,355.7,359,,,12425,4495265.6,158,,
2026-07-27,GFCL,,636,618,618,,,10108,6339787.1,91,,
2026-07-27,GHL,,238,229,231,,,45351,10522744.6,136,,
2026-07-27,GILB,,1133.3,1086.4,1096,,,4945,5417307.3,41,,
2026-07-27,GLBSL,,1850,1710,1800,,,246,439654.6,22,,
2026-07-27,GLH,,261.9,253.2,254,,,24815,6360501.3,148,,
2026-07-27,GMFBS,,1220,1212.3,1212.3,,,175,212915,8,,
2026-07-27,GMFIL,,484.7,465.1,469.9,,,30013,14324892.8,85,,
2026-07-27,GMLI,,1205,1157,1175,,,853,998657.3,34,,
2026-07-27,GUFL,,594.9,566.9,578.5,,,157711,91928358.8,747,,
2026-07-27,GVL,,490,482.4,485,,,11292,5485757.8,78,,
2026-07-27,HATHY,,759,725,737,,,10058,7382631.8,125,,
2026-07-27,HBL,,210,201.4,201.9,,,92763,19119967.8,1096,,
2026-07-27,HDHPC,,222,212.5,214,,,180860,39293028.1,421,,
2026-07-27,HDL,,1199,1161,1164.8,,,20739,24242135.7,340,,
2026-07-27,HFIN,,780,715,720,,,53676,40185745.3,793,,
2026-07-27,HHL,,355.9,343,344.3,,,23699,8176901.1,141,,
2026-07-27,HIDCL,,267,260,262,,,55059,14450634.6,261,,
2026-07-27,HIMSTAR,,780,721.1,728,,,7989,5966784.7,121,,
2026-07-27,HLBSL,,900.9,883.1,883.6,,,817,721629,9,,
2026-07-27,HLI,,336,329,329.5,,,31849,10592036.4,244,,
2026-07-27,HPPL,,385,370,379,,,155350,58492553.9,368,,
2026-07-27,HRL,,635,602,603.9,,,168162,103287146.9,1457,,
2026-07-27,HURJA,,246,235,237,,,71050,17041101.7,198,,
2026-07-27,ICFC,,628,613,613,,,4344,2690159.2,48,,
2026-07-27,IHL,,363,350.2,358.8,,,6088,2168453.2,66,,
2026-07-27,ILBS,,930,860,883.9,,,2658,2320951.7,42,,
2026-07-27,ILI,,429.9,420,420.4,,,7541,3187079.8,176,,
2026-07-27,JBLB,,1290,1265,1280,,,2801,3591695.9,68,,
2026-07-27,JFL,,412,399,400,,,5971,2419034.1,56,,
2026-07-27,JHAPA,,1223.9,1130.3,1157,,,13356,15631940,166,,
2026-07-27,JOSHI,,276.9,265.7,267,,,9360,2512606.3,60,,
2026-07-27,JSLBB,,1045,1020,1020,,,201,208230,7,,
2026-07-27,KAHL,,608,527,552,,,71399,40527413.3,2478,,
2026-07-27,KBL,,235,221.2,223.2,,,752797,172226303.2,1551,,
2026-07-27,KBSH,,1053,1000,1022,,,17202,17562347.5,234,,
2026-07-27,KDL,,802,793,796.2,,,527,420860,23,,
2026-07-27,KHPL,,989.9,912,920,,,14408,13771554.4,232,,
2026-07-27,KKHC,,290,280,283,,,297497,84736999.2,956,,
2026-07-27,KMCDB,,800,777,780,,,3094,2429295.5,43,,
2026-07-27,KPCL,,488,470,470.1,,,7212,3443357.7,65,,
2026-07-27,LEC,,234,224.5,225,,,379290,87094227.5,839,,
2026-07-27,LICN,,814.9,794.2,795,,,7761,6205753.1,60,,
2026-07-27,LLBS,,920,908,908,,,1360,1241198.6,20,,
2026-07-27,LSL,,235,218.8,229.7,,,261979,60497252.5,472,,
2026-07-27,MABEL,,649,613.3,615,,,9624,6012923.6,121,,
2026-07-27,MAKAR,,460,444,445,,,53156,23891911.7,229,,
2026-07-27,MANDU,,858,819,839,,,678,564708.8,34,,
2026-07-27,MATRI,,845,828,845,,,529,441802.2,18,,
2026-07-27,MBJC,,276.1,272,273.1,,,13360,3664040.6,188,,
2026-07-27,MBL,,265.5,257.9,260.5,,,289999,76083702.1,598,,
2026-07-27,MCHL,,290,280,280,,,6107,1734322.7,65,,
2026-07-27,MEHL,,323,305,312,,,4601,1434601.6,60,,
2026-07-27,MEL,,224.2,220,221.2,,,5825,1288995.4,130,,
2026-07-27,MEN,,602.9,595,597.4,,,44849,26865194.7,218,,
2026-07-27,MERO,,700,680,681,,,6806,4666947.8,64,,
2026-07-27,MFIL,,835,770,787,,,43541,34447786.4,152,,
2026-07-27,MHCL,,331.5,322,326,,,3106,1017117.9,65,,
2026-07-27,MHL,,487,472,478,,,5142,2443263.2,56,,
2026-07-27,MHNL,,245,235,243.8,,,8338,1993963.8,69,,
2026-07-27,MKCL,,1180,1144.6,1158.9,,,1293,1488232.4,37,,
2026-07-27,MKHC,,300,293,294,,,2973,880194.2,64,,
2026-07-27,MKHL,,516.9,493,501,,,5754,2901652,55,,
2026-07-27,MKJC,,500,467,472,,,8224,3936161.8,47,,
2026-07-27,MLBBL,,1168.5,1145,1158,,,443,507845,13,,
2026-07-27,MLBS,,1165,1160,1162,,,525,611204.5,13,,
2026-07-27,MLBSL,,1738.9,1696.2,1735,,,568,967079.1,22,,
2026-07-27,MMKJL,,517,485,495,,,22732,11439027.2,165,,
2026-07-27,MPFL,,628.9,610,624.7,,,22404,13936460,113,,
2026-07-27,MSHL,,635,615.6,630,,,523,325682.4,22,,
2026-07-27,MSLB,,1230,1207.1,1212.5,,,652,794998,25,,
2026-07-27,NABIL,,568,553,560,,,155380,87108157.9,975,,
2026-07-27,NADEP,,749.9,725,744.8,,,410,299429,14,,
2026-07-27,NBL,,275.3,258.4,270,,,107737,29356830.8,351,,
2026-07-27,NESDO,,1510,1490,1505,,,552,827660,24,,
2026-07-27,NFS,,592,580,585,,,10778,6297580.4,98,,
2026-07-27,NGPL,,422,412.2,413,,,140559,58368873.7,408,,
2026-07-27,NHDL,,646,637,639,,,2457,1574022.5,27,,
2026-07-27,NHPC,,282,267,269.9,,,315028,86132254.1,876,,
2026-07-27,NICA,,353.5,337,340,,,138033,47617496.7,374,,
2026-07-27,NICLBSL,,568.4,559.9,562,,,9570,5364561.2,81,,
2026-07-27,NIFRA,,258,252,254,,,64540,16453434.4,444,,
2026-07-27,NIMB,,213,194,203,,,460463,95284892.3,954,,
2026-07-27,NLIC,,773.9,754,758,,,19115,14597306.9,189,,
2026-07-27,NLICL,,605,581.3,581.3,,,31299,18535057.6,95,,
2026-07-27,NLO,,269.4,269.4,269.4,,,0,0,0,,
2026-07-27,NMB,,268,235,250.2,,,178915,45956878.6,512,,
2026-07-27,NMBMF,,639.5,625,636,,,747,467612,12,,
2026-07-27,NMFBS,,1150,1121.8,1126,,,4027,4576502,47,,
2026-07-27,NMLBBL,,545,533,543.8,,,8804,4715284.5,66,,
2026-07-27,NRIC,,995,960.3,968,,,39329,38233630.3,246,,
2026-07-27,NRM,,326,315,317,,,10749,3440609.6,85,,
2026-07-27,NRN,,1479,1425,1436,,,96305,139728774.5,486,,
2026-07-27,NTC,,865,859.5,862,,,8580,7395522.9,148,,
2026-07-27,NUBL,,639,623,623.1,,,5929,3724323.2,42,,
2026-07-27,NWCL,,744.9,701.2,724,,,5747,4106890.3,87,,
2026-07-27,NYADI,,375,368,368,,,3919,1444661,52,,
2026-07-27,OHL,,692,672,673.1,,,571,385678.1,12,,
2026-07-27,OMPL,,999,896.1,947.6,,,7255,7008300.9,125,,
2026-07-27,PCBL,,248.9,230.9,243,,,107176,26325263,374,,
2026-07-27,PCIL,,700,650.1,664,,,44869,30220277.9,873,,
2026-07-27,PFL,,364,364,364,,,0,0,0,,
2026-07-27,PHCL,,310.5,305.1,305.2,,,38880,11928482.3,180,,
2026-07-27,PMHPL,,327,318,327,,,6100,1953144.5,49,,
2026-07-27,PMLI,,466,442,447.4,,,3915,1767635.1,112,,
2026-07-27,PPCL,,353.9,344,348,,,8157,2825810.8,42,,
2026-07-27,PPL,,342,328.9,339.5,,,19381,6513768.7,135,,
2026-07-27,PROFL,,450,434,437.9,,,5805,2544748.6,40,,
2026-07-27,PRVU,,204.9,196.9,198,,,274515,55108935.8,814,,
2026-07-27,PURE,,899,854,855,,,7627,6603785,114,,
2026-07-27,RADHI,,763.2,720,740,,,46649,34693969.4,163,,
2026-07-27,RAWA,,453,430,434,,,30785,13532168.3,195,,
2026-07-27,RFPL,,350,328.2,339.8,,,35602,11983196.6,190,,
2026-07-27,RHGCL,,276.8,261,268.9,,,6812,1854002.5,79,,
2026-07-27,RHPL,,269,254,264.5,,,10714,2843159.1,106,,
2026-07-27,RIDI,,377,355,366,,,598395,221346823.6,1031,,
2026-07-27,RLEL,,970,877,890.1,,,14627,13485912.2,261,,
2026-07-27,RLFL,,484,465.1,469,,,52582,24990505.8,187,,
2026-07-27,RNLI,,458,441.4,445,,,64248,28719484.7,383,,
2026-07-27,RSDC,,668,641,642,,,6409,4192609.5,57,,
2026-07-27,RSML,,3419.6,3200.1,3240,,,102801,338666581.3,1324,,
2026-07-27,RURU,,649,608.2,627.5,,,8550,5322895.1,73,,
2026-07-27,SAGAR,,1800,1725.5,1743,,,15108,26506737,219,,
2026-07-27,SAHAS,,670,662.1,662.1,,,88971,59236344,475,,
2026-07-27,SAIL,,1163.4,1045,1093,,,76362,82145297.3,720,,
2026-07-27,SANIMA,,390.6,372.2,373,,,225720,84951082.1,695,,
2026-07-27,SANVI,,640,612,616,,,11695,7294419,164,,
2026-07-27,SARBTM,,815,787,793,,,8689,6921570.3,85,,
2026-07-27,SBI,,417.9,410,415,,,58278,24134925.6,168,,
2026-07-27,SBL,,416.1,407.2,409,,,122070,50399573.9,369,,
2026-07-27,SCB,,662,618.5,654,,,17457,11451646.1,93,,
2026-07-27,SGHC,,333.9,319.7,320,,,39421,12708332,170,,
2026-07-27,SGHL,,555,513.5,520,,,113444,60135641.9,3568,,
2026-07-27,SHEL,,311.5,303,305,,,73957,22613735.2,306,,
2026-07-27,SHIVM,,658,643,643.5,,,88207,57383666.3,415,,
2026-07-27,SHL,,505.5,499.1,502,,,25899,13011503.2,76,,
2026-07-27,SHLB,,1470,1450,1470,,,52,75777,6,,
2026-07-27,SHPC,,521,509,509,,,18199,9329178.3,124,,
2026-07-27,SIFC,,536,515,520,,,9051,4772015.8,65,,
2026-07-27,SIKLES,,575,558.4,563.9,,,8682,4886428.5,83,,
2026-07-27,SIPD,,740,681,681,,,35961,25185076.2,635,,
2026-07-27,SJCL,,284.9,270.8,276.4,,,8294,2313465,102,,
2026-07-27,SJLIC,,428.5,419,419,,,13067,5538332.8,124,,
2026-07-27,SKBBL,,771,762,765,,,10866,8331052.3,98,,
2026-07-27,SKHEL,,1075,999.9,999.9,,,4178,4293651.9,128,,
2026-07-27,SKHL,,930,891,915,,,10125,9198281.2,263,,
2026-07-27,SLBBL,,822,806.2,818,,,2196,1790475.1,50,,
2026-07-27,SLBSL,,1118.9,1090,1105,,,1920,2109294.5,36,,
2026-07-27,SMATA,,760,735.1,742,,,2471,1834846.2,50,,
2026-07-27,SMB,,1915,1860,1860,,,1626,3039950.8,44,,
2026-07-27,SMFBS,,1560,1533,1560,,,1085,1668413.6,17,,
2026-07-27,SMH,,519.7,508,510,,,15979,8201502.9,108,,
2026-07-27,SMHL,,491,483,486.5,,,85568,41718902.4,147,,
2026-07-27,SMJC,,479.9,454,458.9,,,33299,15424857.6,204,,
2026-07-27,SMPDA,,789,755,760.5,,,1588,1226292,46,,
2026-07-27,SNLI,,445,433,437,,,7308,3203114.4,181,,
2026-07-27,SNORL,,1010,907,910,,,34165,32480722.4,990,,
2026-07-27,SOHL,,618,581.1,591,,,94026,55907366,1320,,
2026-07-27,SONA,,421,413.6,413.6,,,19252,8019478.5,265,,
2026-07-27,SOPL,,913,845.2,858.9,,,79971,70530987.9,1534,,
2026-07-27,SPC,,432.9,418,418,,,3709,1563733.8,44,,
2026-07-27,SPDL,,396.5,376.1,383,,,44293,16939108.3,135,,
2026-07-27,SPHL,,545,522,535,,,4940,2620538,48,,
2026-07-27,SPL,,676,650,665,,,4535,2966354.5,29,,
2026-07-27,SRLI,,390,381,385,,,23129,8918927.7,190,,
2026-07-27,SSHL,,212,205,205,,,83463,17368229.7,308,,
2026-07-27,STC,,5210,5150,5200,,,1345,6995148.8,16,,
2026-07-27,SWASTIK,,2132,2061.5,2098,,,857,1802229,33,,
2026-07-27,SWBBL,,694,675,689,,,8391,5772629,45,,
2026-07-27,SWMF,,635,630.1,631,,,1176,744465,22,,
2026-07-27,SYPNL,,1432,1352.8,1365,,,61654,85791405.6,825,,
2026-07-27,TAMOR,,455,448.6,451,,,43431,19583297.7,182,,
2026-07-27,TPC,,369.2,359,360,,,12855,4663092.8,59,,
2026-07-27,TPKHL,,580,547,553,,,55680,31359380.7,1497,,
2026-07-27,TRH,,785,770,771,,,767,594629,10,,
2026-07-27,TSHL,,406,387,390,,,7554,2991134.5,96,,
2026-07-27,TTL,,780,744.5,746,,,13884,10511744,260,,
2026-07-27,TVCL,,490,475,483,,,3550,1725594,23,,
2026-07-27,UHEWA,,601,580,582.1,,,18659,10915328.1,115,,
2026-07-27,ULBSL,,2810,2742.8,2800,,,1152,3191376.5,37,,
2026-07-27,ULHC,,365,347.5,350,,,9670,3410851.7,102,,
2026-07-27,UMHL,,595,577,590,,,37375,21875008,128,,
2026-07-27,UMRH,,541.9,534,536,,,6670,3604317.4,31,,
2026-07-27,UNHPL,,400,390.2,392,,,22386,8795401.4,95,,
2026-07-27,UNL,,48000,48000,48000,,,0,0,0,,
2026-07-27,UNLB,,1297.9,1265,1270,,,819,1036792.9,18,,
2026-07-27,UPCL,,359.9,349.6,351,,,30144,10617584.9,166,,
2026-07-27,UPPER,,201.6,196.3,197,,,106500,21223075.6,444,,
2026-07-27,USHEC,,500,495,496.6,,,3925,1951534.5,55,,
2026-07-27,USHL,,565,540.3,540.3,,,1440,792701.6,49,,
2026-07-27,USLB,,1188,1170,1170,,,1859,2194269,28,,
2026-07-27,VLBS,,700,684.8,686,,,3398,2346866.8,65,,
2026-07-27,VLUCL,,470,440,446,,,1857,835653,57,,
2026-07-27,YMHL,,660,606.1,615,,,39992,25262205.8,1081,,
2026-07-28,ACLBSL,,948,922,945.7,,,1404,1316585.7,23,,
2026-07-28,ADBL,,323.5,318.2,320.5,,,109926,35140963.2,214,,
2026-07-28,AHL,,420,415,420,,,3748,1562530.4,40,,
2026-07-28,AHPC,,272.8,268,270,,,96286,25967472.5,288,,
2026-07-28,AKJCL,,372.8,355,369,,,360028,132585720.7,753,,
2026-07-28,AKPL,,262,258.2,258.5,,,31048,8049883.8,161,,
2026-07-28,ALBSL,,1144,1060,1094,,,1130,1227470.1,49,,
2026-07-28,ALICL,,436,428,434,,,16079,6918616.3,139,,
2026-07-28,ANLB,,6292,5552,5735,,,3487,19570759.9,151,,
2026-07-28,APHL,,877,809.4,869,,,19141,16389420.4,376,,
2026-07-28,API,,337.1,332,336.5,,,115848,38859510.3,343,,
2026-07-28,AVYAN,,1059,1040,1042,,,1314,1372577,38,,
2026-07-28,BANDIPUR,,741,718,730,,,18696,13655794.6,316,,
2026-07-28,BARUN,,326.5,322.5,324.2,,,26443,8579710.7,115,,
2026-07-28,BBC,,4350,4209,4300,,,224,955580,20,,
2026-07-28,BEDC,,330,320.2,325,,,11775,3824236.4,107,,
2026-07-28,BFC,,519.9,505.4,514,,,68754,35294536.6,260,,
2026-07-28,BGWT,,592,575,590,,,1769,1039828.9,42,,
2026-07-28,BHCL,,533.4,496,499.2,,,26681,13368766.5,271,,
2026-07-28,BHDC,,440,428.1,435,,,4477,1941385.4,56,,
2026-07-28,BHL,,216,211.5,214.8,,,66542,14205593.2,285,,
2026-07-28,BHPL,,504.1,470.1,483,,,5349,2574350.1,61,,
2026-07-28,BJHL,,765.8,725,745,,,7654,5723371,148,,
2026-07-28,BNHC,,291,284.1,287,,,16311,4671934.1,130,,
2026-07-28,BNL,,14700,14700,14700,,,10,147000,1,,
2026-07-28,BNT,,11750,11600.6,11620.1,,,59,690457,6,,
2026-07-28,BPCL,,666.9,655.6,660,,,9502,6262465,89,,
2026-07-28,BUNGAL,,613,585.2,599.5,,,43141,25887587.3,425,,
2026-07-28,CBBL,,941,930.1,940,,,12282,11515503.7,140,,
2026-07-28,CFCL,,699,627,654.2,,,413605,271417307,604,,
2026-07-28,CGH,,790,776.5,788.6,,,19197,14981445.4,101,,
2026-07-28,CHCL,,497.4,490,497,,,39946,19795300.6,181,,
2026-07-28,CHDC,,2329,2274,2280,,,20017,45880453.7,207,,
2026-07-28,CHL,,269,260.1,262,,,11341,2966835.8,89,,
2026-07-28,CIT,,1721,1717,1717,,,2704,4647275.4,103,,
2026-07-28,CITY,,377,365.1,369,,,103345,38268368.7,524,,
2026-07-28,CKHL,,607.7,580,607.7,,,3742,2195911.1,44,,
2026-07-28,CLI,,454,445.5,450,,,4683,2101576.8,149,,
2026-07-28,CREST,,1230,1165,1197.9,,,3362,4027275,85,,
2026-07-28,CYCL,,1393,1340,1360,,,582,787486.4,27,,
2026-07-28,CZBIL,,209,205.1,208,,,50968,10513494.2,158,,
2026-07-28,DDBL,,843.8,835.5,842,,,2087,1755578.2,43,,
2026-07-28,DHEL,,605,590,597.1,,,19944,11912595.8,276,,
2026-07-28,DHPL,,294,289.1,290,,,712,206279.5,9,,
2026-07-28,DLBS,,1240,1200.1,1215,,,146,177115.3,11,,
2026-07-28,DOLTI,,329,320,323,,,22565,7285242.2,148,,
2026-07-28,DORDI,,263,254.2,259,,,25989,6736736.8,120,,
2026-07-28,EBL,,728,717.5,725,,,23527,17018016.8,156,,
2026-07-28,ECL,,861,771.1,861,,,700,600518,70,,
2026-07-28,EHPL,,351,342.5,351,,,10871,3760152.3,108,,
2026-07-28,ENL,,810,801,805,,,340,273670,10,,
2026-07-28,FMDBL,,773.8,765,765.2,,,5837,4481000.6,43,,
2026-07-28,FOWAD,,983,950.1,972.7,,,1175,1130203.5,33,,
2026-07-28,GBIME,,262.4,251.1,259.4,,,648297,167837439,1084,,
2026-07-28,GBLBS,,762.6,723.2,752,,,1587,1187696.8,34,,
2026-07-28,GCIL,,368,354.5,360,,,20728,7454301.3,222,,
2026-07-28,GFCL,,625,616.2,617.7,,,3144,1943631,31,,
2026-07-28,GHL,,231.9,227.3,227.3,,,19202,4393380.1,73,,
2026-07-28,GILB,,1109,1094,1109,,,1071,1178381.8,18,,
2026-07-28,GLBSL,,1820,1710,1795,,,163,291700.5,15,,
2026-07-28,GLH,,256.9,251,253,,,11075,2802974.2,92,,
2026-07-28,GMFBS,,1212.5,1212.5,1212.5,,,10,12125,1,,
2026-07-28,GMFIL,,477.6,460,471,,,8641,4056757.9,61,,
2026-07-28,GMLI,,1170,1151.3,1164,,,1130,1311212,39,,
2026-07-28,GUFL,,597,579,584,,,66026,38800523.4,384,,
2026-07-28,GVL,,490,479.2,487.9,,,17359,8385028.7,111,,
2026-07-28,HATHY,,740,720,721,,,5096,3688974.4,82,,
2026-07-28,HBL,,205,199,200.8,,,45079,9078956.5,605,,
2026-07-28,HDHPC,,217.7,211.5,215.9,,,133774,28715385.5,351,,
2026-07-28,HDL,,1177.9,1160,1167.5,,,18727,21879152.2,284,,
2026-07-28,HFIN,,745,702,724.1,,,41783,30368001.6,815,,
2026-07-28,HHL,,354.6,337.1,340,,,24027,8174453.2,129,,
2026-07-28,HIDCL,,263.9,258.2,260,,,28585,7436448.9,176,,
2026-07-28,HIMSTAR,,749.8,727.4,739,,,6080,4468722,110,,
2026-07-28,HLBSL,,899.8,880.1,887,,,1675,1475022.7,19,,
2026-07-28,HLI,,330,325.3,328,,,22668,7414570.7,212,,
2026-07-28,HPPL,,385,370,381.9,,,216411,81906339.6,412,,
2026-07-28,HRL,,605,595.1,596,,,95625,57305281.6,871,,
2026-07-28,HURJA,,238,233,234.1,,,56571,13315408.2,179,,
2026-07-28,ICFC,,619.9,610.2,613.1,,,3418,2096669.1,29,,
2026-07-28,IHL,,357,350,354.8,,,2786,982976.4,47,,
2026-07-28,ILBS,,915.6,865,892,,,513,451121,22,,
2026-07-28,ILI,,423,416,419,,,9777,4089421.2,187,,
2026-07-28,JBLB,,1279,1265.1,1267.1,,,1612,2047612.3,61,,
2026-07-28,JFL,,404.9,391,400,,,895,353712.5,14,,
2026-07-28,JHAPA,,1199.2,1121.1,1135,,,6428,7350631,95,,
2026-07-28,JOSHI,,267,262.3,263,,,11562,3060414.6,51,,
2026-07-28,JSLBB,,1010,982,1010,,,440,436504.2,12,,
2026-07-28,KAHL,,575,532,561.3,,,62096,34110813,2248,,
2026-07-28,KBL,,227.4,220.1,223,,,413903,92677201.1,852,,
2026-07-28,KBSH,,1013,954.1,960,,,31240,30326702.1,448,,
2026-07-28,KDL,,794,780,790,,,1967,1546267.8,31,,
2026-07-28,KHPL,,1041,900,944,,,17005,15742750.4,305,,
2026-07-28,KKHC,,287,280,284.7,,,142474,40534120.2,466,,
2026-07-28,KMCDB,,788,756.6,787,,,2495,1895094,27,,
2026-07-28,KPCL,,472.9,467.1,472.9,,,5611,2639810.3,48,,
2026-07-28,LEC,,232,225.3,227.7,,,253807,58182553.2,641,,
2026-07-28,LICN,,800,785.2,786.3,,,10343,8145234.1,46,,
2026-07-28,LLBS,,911,895,910,,,290,261472,15,,
2026-07-28,LSL,,230,226.7,227.5,,,147788,33762888.4,202,,
2026-07-28,MABEL,,617.4,604.5,606,,,6191,3769657.6,107,,
2026-07-28,MAKAR,,446,441,442.5,,,24614,10921191.5,100,,
2026-07-28,MANDU,,845,819.7,839.9,,,3309,2722103.5,38,,
2026-07-28,MATRI,,869.9,820.2,859,,,237,201095.3,13,,
2026-07-28,MBJC,,274.5,270.6,273.4,,,9226,2517939.5,175,,
2026-07-28,MBL,,273.5,256.1,261,,,129578,33566583.8,259,,
2026-07-28,MCHL,,286,275,277.1,,,5429,1526916,63,,
2026-07-28,MEHL,,312,303.5,309,,,2144,654839,45,,
2026-07-28,MEL,,221,218.4,220,,,15115,3327062.8,110,,
2026-07-28,MEN,,600,590.5,597,,,18948,11286699.2,138,,
2026-07-28,MERO,,690,685.6,687.7,,,3344,2299357.3,45,,
2026-07-28,MFIL,,795,775,791.9,,,79785,63158112.1,131,,
2026-07-28,MHCL,,324,311.1,319,,,10653,3365422.2,91,,
2026-07-28,MHL,,478,467,470,,,9647,4545834.5,47,,
2026-07-28,MHNL,,243,236.5,242.9,,,8180,1959127.6,55,,
2026-07-28,MKCL,,1149.7,1110,1139,,,2878,3228806.1,47,,
2026-07-28,MKHC,,295,290.1,291,,,3889,1135131.5,66,,
2026-07-28,MKHL,,505,487.3,503,,,7193,3548684.1,70,,
2026-07-28,MKJC,,474.9,462,471.9,,,3503,1640417.9,26,,
2026-07-28,MLBBL,,1150,1130,1150,,,321,363896.1,8,,
2026-07-28,MLBS,,1150,1136.6,1150,,,20,22866,2,,
2026-07-28,MLBSL,,1729.9,1695,1727,,,586,998603.6,23,,
2026-07-28,MMKJL,,509,491,492.3,,,3759,1864081.8,52,,
2026-07-28,MPFL,,622.5,613.5,622.3,,,11471,7082035.4,67,,
2026-07-28,MSHL,,630,612,616,,,443,272594.94,16,,
2026-07-28,MSLB,,1220,1197,1220,,,140,168618,14,,
2026-07-28,NABIL,,560,554,558,,,61497,34237335.1,518,,
2026-07-28,NADEP,,750,727.5,747,,,1052,785098,23,,
2026-07-28,NBL,,272,268.2,271.9,,,154284,41676220.6,177,,
2026-07-28,NESDO,,1505,1465.3,1500,,,308,454461,12,,
2026-07-28,NFS,,592.9,580,586,,,18187,10630703.9,133,,
2026-07-28,NGPL,,414,409,410,,,125424,51519040.5,412,,
2026-07-28,NHDL,,646,620.1,639.9,,,629,397374.6,19,,
2026-07-28,NHPC,,283,265,268,,,255472,69046831.9,687,,
2026-07-28,NICA,,342.5,332,340,,,89521,30132749.1,225,,
2026-07-28,NICLBSL,,562,552,560,,,5273,2934355.7,59,,
2026-07-28,NIFRA,,254,250.9,251.5,,,34669,8730928.4,307,,
2026-07-28,NIMB,,206,201,202.8,,,98021,19857278.6,386,,
2026-07-28,NLIC,,769,750,755.1,,,16667,12554430.7,111,,
2026-07-28,NLICL,,585,577,578,,,2003,1163472,24,,
2026-07-28,NLO,,269.4,269.4,269.4,,,0,0,0,,
2026-07-28,NMB,,251,237.9,249.2,,,33409,8316922.3,174,,
2026-07-28,NMBMF,,633.9,620,633.9,,,910,566153,9,,
2026-07-28,NMFBS,,1130,1120,1125,,,1845,2079118.9,22,,
2026-07-28,NMLBBL,,542,532,532.2,,,2189,1170778.4,28,,
2026-07-28,NRIC,,1016.4,951,953,,,15784,15122653.8,189,,
2026-07-28,NRM,,322,311,319,,,6260,1981410.2,103,,
2026-07-28,NRN,,1499,1415,1420,,,77185,110593280.8,350,,
2026-07-28,NTC,,864.9,855.1,861.9,,,3201,2757675.1,90,,
2026-07-28,NUBL,,633,610.2,617,,,5909,3640709.9,58,,
2026-07-28,NWCL,,724,708.2,724,,,1274,909588.8,37,,
2026-07-28,NYADI,,368.2,361.1,361.2,,,6418,2331573.2,74,,
2026-07-28,OHL,,689,670,689,,,1913,1289436.7,21,,
2026-07-28,OMPL,,960,932,955,,,3380,3192895.7,93,,
2026-07-28,PCBL,,245,241.3,242,,,66306,16118971.3,164,,
2026-07-28,PCIL,,697.2,641,655,,,33269,21880019.1,877,,
2026-07-28,PFL,,364,364,364,,,0,0,0,,
2026-07-28,PHCL,,306,301.5,302,,,61529,18637623.8,212,,
2026-07-28,PMHPL,,323.9,318,318,,,8237,2626455.2,62,,
2026-07-28,PMLI,,451,441.1,444.3,,,3895,1736676.7,95,,
2026-07-28,PPCL,,349.9,330.9,348,,,5849,2006936.7,44,,
2026-07-28,PPL,,337,322.6,334.9,,,14416,4832444,90,,
2026-07-28,PROFL,,443.2,428,437,,,8160,3531148.2,45,,
2026-07-28,PRVU,,199.8,196.2,198,,,104849,20747044.3,321,,
2026-07-28,PURE,,871.3,840.1,871.3,,,11502,9820500.3,114,,
2026-07-28,RADHI,,777,725,744,,,29341,21544673.6,121,,
2026-07-28,RAWA,,436,426,426.6,,,21778,9347815.9,146,,
2026-07-28,RFPL,,345,331.1,335,,,15924,5336496.6,121,,
2026-07-28,RHGCL,,270,255.2,265.7,,,26229,6841187,136,,
2026-07-28,RHPL,,263.2,251.3,262,,,6650,1744343.3,72,,
2026-07-28,RIDI,,375,355,372,,,575325,212106443.5,875,,
2026-07-28,RLEL,,929,846,905,,,13773,12178319.7,328,,
2026-07-28,RLFL,,474,463,470,,,19694,9223254.1,97,,
2026-07-28,RNLI,,446,440.9,444,,,17410,7704436.2,215,,
2026-07-28,RSDC,,660,643,647.6,,,1371,889131.7,28,,
2026-07-28,RSML,,3401,3100,3185,,,51466,161360121,890,,
2026-07-28,RURU,,627.5,610.1,620.2,,,1643,1018053.3,32,,
2026-07-28,SAGAR,,1764.9,1685.5,1755,,,23845,41260679.6,255,,
2026-07-28,SAHAS,,665.5,659,663.9,,,45440,30145503.8,321,,
2026-07-28,SAIL,,1184.5,1045,1120,,,81614,89023472,695,,
2026-07-28,SANIMA,,375,368,369.5,,,118951,44184926.1,432,,
2026-07-28,SANVI,,621.1,600.2,605.3,,,12008,7331984.3,168,,
2026-07-28,SARBTM,,803,780,791,,,7566,5979384.5,93,,
2026-07-28,SBI,,435,408.1,408.1,,,10946,4496428.5,70,,
2026-07-28,SBL,,414,405,412.5,,,105124,43196647.3,279,,
2026-07-28,SCB,,660,650,655,,,5553,3638400.3,78,,
2026-07-28,SGHC,,323,314,318,,,28212,8974095.6,141,,
2026-07-28,SGHL,,537,505,535,,,85553,44585614.6,3516,,
2026-07-28,SHEL,,307.9,302,306.5,,,110117,33511102.6,239,,
2026-07-28,SHIVM,,646,636.6,641,,,77097,49388710.9,396,,
2026-07-28,SHL,,508,495,500.9,,,25363,12722770,67,,
2026-07-28,SHLB,,1513.9,1433.2,1513.9,,,210,309001,12,,
2026-07-28,SHPC,,514,508,511,,,12002,6127198.4,72,,
2026-07-28,SIFC,,526,520,520,,,7712,4024841.8,42,,
2026-07-28,SIKLES,,561.9,552,559.1,,,31137,17309167,75,,
2026-07-28,SIPD,,715,660,696,,,30875,21208356,522,,
2026-07-28,SJCL,,283,273.3,277,,,9773,2684759.6,90,,
2026-07-28,SJLIC,,424,415.4,417.9,,,7941,3314309.8,94,,
2026-07-28,SKBBL,,765,755.1,761,,,4245,3221571.5,62,,
2026-07-28,SKHEL,,1014,946,979.3,,,5199,5136314,122,,
2026-07-28,SKHL,,910,873,905,,,5564,4953669.4,198,,
2026-07-28,SLBBL,,818,805.1,815,,,2542,2056673.3,26,,
2026-07-28,SLBSL,,1155,1090,1099.9,,,2210,2428184,36,,
2026-07-28,SMATA,,750,742,742,,,544,404423.2,29,,
2026-07-28,SMB,,1860,1835,1835,,,1391,2556963,28,,
2026-07-28,SMFBS,,1560,1521,1521,,,164,250921.5,13,,
2026-07-28,SMH,,514,501,511,,,6534,3325523.3,69,,
2026-07-28,SMHL,,502,482.1,499.9,,,125870,62447596.3,424,,
2026-07-28,SMJC,,464.8,447,460,,,18320,8317288.6,132,,
2026-07-28,SMPDA,,830,750,766.8,,,1190,905369,27,,
2026-07-28,SNLI,,438,430,431.7,,,15476,6689688.4,219,,
2026-07-28,SNORL,,955,887,926,,,43061,40035588.1,965,,
2026-07-28,SOHL,,619,561.5,606.3,,,318237,190916615.4,1861,,
2026-07-28,SONA,,413,409,410,,,12499,5131648.2,213,,
2026-07-28,SOPL,,901,836.1,848,,,45383,38840679.9,1241,,
2026-07-28,SPC,,425.4,410.5,420,,,3222,1345127.6,39,,
2026-07-28,SPDL,,402,372.3,378,,,94930,35673697.8,182,,
2026-07-28,SPHL,,540,520.1,536.9,,,18969,10210901,44,,
2026-07-28,SPL,,678.9,650.6,678.9,,,500,327128,17,,
2026-07-28,SRLI,,385,381,382.6,,,5804,2222994.2,132,,
2026-07-28,SSHL,,207.9,203,205,,,105583,21717323,338,,
2026-07-28,STC,,5200,5125.5,5200,,,3227,16579625,25,,
2026-07-28,SWASTIK,,2100,2000,2080,,,499,1013499,19,,
2026-07-28,SWBBL,,695,668.5,688,,,17148,11786307.4,57,,
2026-07-28,SWMF,,635,626,635,,,2004,1258044.4,22,,
2026-07-28,SYPNL,,1392,1297,1360,,,42583,58337824.6,517,,
2026-07-28,TAMOR,,459,448.7,456,,,26914,12183281.3,211,,
2026-07-28,TPC,,367.9,354,360,,,15673,5639827.6,72,,
2026-07-28,TPKHL,,568,540.4,560,,,46693,25790025.2,1518,,
2026-07-28,TRH,,780,770,780,,,800,621790,12,,
2026-07-28,TSHL,,393,380,382,,,8256,3164658.3,85,,
2026-07-28,TTL,,758.9,730,731,,,10410,7669281,203,,
2026-07-28,TVCL,,491,475.3,490,,,3962,1909353,39,,
2026-07-28,UHEWA,,583,570,578,,,16358,9413332.9,80,,
2026-07-28,ULBSL,,2798,2721,2792,,,720,1987689,16,,
2026-07-28,ULHC,,354,348,348,,,4785,1672527.5,53,,
2026-07-28,UMHL,,594.4,570,585,,,27504,15919751,97,,
2026-07-28,UMRH,,538.8,530,538.7,,,3425,1828145.4,46,,
2026-07-28,UNHPL,,394,385,389.9,,,11948,4642114.1,68,,
2026-07-28,UNL,,48100,47998,47998,,,20,960980,2,,
2026-07-28,UNLB,,1270,1250,1269,,,237,300103,9,,
2026-07-28,UPCL,,354.8,345.3,349.9,,,40013,13985727.6,160,,
2026-07-28,UPPER,,198.9,195.1,195.5,,,56333,11063432.7,381,,
2026-07-28,USHEC,,496,486.2,491.2,,,6608,3259135.1,52,,
2026-07-28,USHL,,567.3,538,550,,,2929,1584620.1,93,,
2026-07-28,USLB,,1189,1156,1178.7,,,117,136791,10,,
2026-07-28,VLBS,,682,670.3,680,,,1138,770401,51,,
2026-07-28,VLUCL,,457,434.1,440,,,1907,831479.5,42,,
2026-07-28,YMHL,,649.8,593.1,642,,,56073,35554652.5,1422,,
2026-07-29,ACLBSL,,945.7,925,926.2,,,2437,2256744.7,27,,
2026-07-29,ADBL,,323,318.1,321.1,,,114885,36838064.4,179,,
2026-07-29,AHL,,430,410.4,417,,,2839,1190906,44,,
2026-07-29,AHPC,,270,267.6,268.3,,,34746,9334426.1,145,,
2026-07-29,AKJCL,,372,355,365,,,235655,86297367.1,465,,
2026-07-29,AKPL,,261.9,256.6,258.9,,,34071,8792616.1,150,,
2026-07-29,ALBSL,,1130,1050,1084.9,,,601,648750.6,39,,
2026-07-29,ALICL,,455.7,429.2,436,,,7937,3445162.6,61,,
2026-07-29,ANLB,,5658,5600,5658,,,2170,12173097,67,,
2026-07-29,APHL,,872.9,825.6,846,,,17484,14950505.7,301,,
2026-07-29,API,,339,334,335,,,110350,37076200.3,369,,
2026-07-29,AVYAN,,1040.1,1013,1013,,,3775,3877819.5,64,,
2026-07-29,BANDIPUR,,742.7,721.1,722.2,,,13667,10002163.2,249,,
2026-07-29,BARUN,,333,323,325.9,,,14537,4741486.7,84,,
2026-07-29,BBC,,4328,4210,4300,,,150,643088,15,,
2026-07-29,BEDC,,328.9,321.5,322.1,,,11327,3658059.3,87,,
2026-07-29,BFC,,525,489,509,,,29657,15264564.5,184,,
2026-07-29,BGWT,,597,573,597,,,1589,931710.5,33,,
2026-07-29,BHCL,,505,495,495.1,,,15748,7843377.8,197,,
2026-07-29,BHDC,,436,426.1,433.9,,,4335,1879206.5,57,,
2026-07-29,BHL,,216,212.2,213,,,29236,6243198.5,181,,
2026-07-29,BHPL,,489,468.6,472.1,,,5072,2410468.6,48,,
2026-07-29,BJHL,,793,710,724.5,,,12310,8948865.1,179,,
2026-07-29,BNHC,,289.9,278.4,285.8,,,15053,4290696.4,108,,
2026-07-29,BNL,,14700,14700,14700,,,0,0,0,,
2026-07-29,BNT,,11750,11750,11750,,,20,235000,2,,
2026-07-29,BPCL,,661,650.2,660,,,22240,14531282.4,97,,
2026-07-29,BUNGAL,,612,590,593,,,26816,16022127.3,267,,
2026-07-29,CBBL,,944,935.3,938,,,13735,12887500.9,119,,
2026-07-29,CFCL,,686,641,642.5,,,258051,167322312.2,425,,
2026-07-29,CGH,,797,787,790,,,12085,9544648.7,128,,
2026-07-29,CHCL,,497.2,492,494,,,79038,39081501.2,134,,
2026-07-29,CHDC,,2339,2235.1,2243,,,20446,46511927.7,152,,
2026-07-29,CHL,,265,260,263.7,,,7782,2033491,45,,
2026-07-29,CIT,,1724,1710,1720,,,2184,3755256.5,77,,
2026-07-29,CITY,,378,357.4,370,,,69481,25706912,366,,
2026-07-29,CKHL,,624,572,585,,,1497,885381.4,43,,
2026-07-29,CLI,,455,441,447,,,14371,6399271.9,164,,
2026-07-29,CREST,,1256,1160,1199.7,,,9303,11061192,133,,
2026-07-29,CYCL,,1360,1327,1327,,,664,886475.1,29,,
2026-07-29,CZBIL,,218.4,205,206.9,,,82254,16927958.2,166,,
2026-07-29,DDBL,,847,836.7,836.7,,,4927,4135751,48,,
2026-07-29,DHEL,,609,586.2,597,,,18392,10937761.2,232,,
2026-07-29,DHPL,,297,287.5,292,,,3008,872865.6,31,,
2026-07-29,DLBS,,1248.6,1184,1201,,,241,290391,14,,
2026-07-29,DOLTI,,326,320,323.6,,,11484,3710456.1,82,,
2026-07-29,DORDI,,262,256,259,,,6738,1744553.4,55,,
2026-07-29,EBL,,730,720,727,,,27058,19639347.6,137,,
2026-07-29,ECL,,990.1,886.8,990.1,,,760,749972,76,,
2026-07-29,EHPL,,360,341.2,343.8,,,5950,2044215.5,74,,
2026-07-29,ENL,,806,801,804,,,315,253478,14,,
2026-07-29,FMDBL,,770,750,762.7,,,6080,4619823.8,57,,
2026-07-29,FOWAD,,960,949,950,,,6796,6474928.9,122,,
2026-07-29,GBIME,,261,253.5,256.9,,,375124,96646477,737,,
2026-07-29,GBLBS,,769.8,736.5,749.9,,,3675,2734963.5,43,,
2026-07-29,GCIL,,365,354.4,358,,,15230,5463863.1,156,,
2026-07-29,GFCL,,626.8,611,613,,,5931,3649756,43,,
2026-07-29,GHL,,232,225.2,227.6,,,19151,4367401.8,92,,
2026-07-29,GILB,,1118,1086.1,1107,,,75,82351.3,11,,
2026-07-29,GLBSL,,1810,1780,1810,,,479,862847,14,,
2026-07-29,GLH,,257.5,251,253.6,,,11310,2887493.7,75,,
2026-07-29,GMFBS,,1273,1186.1,1243.1,,,404,496263.7,17,,
2026-07-29,GMFIL,,479.9,460,464.9,,,12422,5772465.6,55,,
2026-07-29,GMLI,,1172,1145.8,1155,,,1061,1231961.5,40,,
2026-07-29,GUFL,,590,573,579,,,24743,14368921.2,161,,
2026-07-29,GVL,,489.8,480,486,,,14838,7171383.6,84,,
2026-07-29,HATHY,,742.6,703.4,726,,,3398,2450212.6,84,,
2026-07-29,HBL,,201.9,198,198,,,49632,9898051.1,531,,
2026-07-29,HDHPC,,218,212,214.5,,,77244,16514711.5,221,,
2026-07-29,HDL,,1171,1125.8,1165,,,12341,14399514.8,205,,
2026-07-29,HFIN,,740,715,717,,,30574,22109974.1,509,,
2026-07-29,HHL,,345,337,340,,,22933,7803384.4,123,,
2026-07-29,HIDCL,,262.9,258.2,260,,,31911,8294890,172,,
2026-07-29,HIMSTAR,,745.1,722.7,742.9,,,4500,3292378.6,78,,
2026-07-29,HLBSL,,901,876.3,880,,,719,630811.6,13,,
2026-07-29,HLI,,330,325,325.8,,,13625,4445004.8,194,,
2026-07-29,HPPL,,400,378,394.7,,,573369,224840282.9,1491,,
2026-07-29,HRL,,613,600,601.1,,,66078,39935887.9,584,,
2026-07-29,HURJA,,238,232,234.2,,,16960,3998451.4,84,,
2026-07-29,ICFC,,625,610.1,618,,,10039,6206672.5,40,,
2026-07-29,IHL,,357.9,348,350,,,5569,1961316.3,50,,
2026-07-29,ILBS,,888,870,887,,,78,68400,5,,
2026-07-29,ILI,,423,415,418,,,3086,1291092,154,,
2026-07-29,JBLB,,1279.9,1260,1262,,,3416,4325065.7,78,,
2026-07-29,JFL,,405,395.2,401,,,1989,788216,22,,
2026-07-29,JHAPA,,1140,1120,1134.9,,,3628,4103092.8,80,,
2026-07-29,JOSHI,,271,260.1,264,,,7969,2123703,51,,
2026-07-29,JSLBB,,1013.9,985,1013.9,,,80,79089,3,,
2026-07-29,KAHL,,579,540,549,,,48643,27034129.2,1494,,
2026-07-29,KBL,,234.1,220.2,221,,,259969,58002389.6,573,,
2026-07-29,KBSH,,1008,931.2,945,,,25870,24423077.4,324,,
2026-07-29,KDL,,805,780,784,,,3248,2546587.3,48,,
2026-07-29,KHPL,,1061,898.7,1061,,,25608,24196132.3,268,,
2026-07-29,KKHC,,299,281.3,295,,,720327,211706112.9,1709,,
2026-07-29,KMCDB,,789,763.8,784,,,4774,3678589.6,51,,
2026-07-29,KPCL,,474,470,470,,,4940,2324364.9,40,,
2026-07-29,LEC,,231.7,225,226.9,,,200185,45817222.3,432,,
2026-07-29,LICN,,795,783,789.9,,,9285,7312457.7,53,,
2026-07-29,LLBS,,910,885,910,,,2752,2448503.2,27,,
2026-07-29,LSL,,230,225.2,228.5,,,191885,43893508,215,,
2026-07-29,MABEL,,620,590,600,,,7772,4633448.4,116,,
2026-07-29,MAKAR,,450,439.2,440,,,70620,31151929.3,261,,
2026-07-29,MANDU,,839,815.4,825,,,3558,2917749.4,37,,
2026-07-29,MATRI,,865,820,820,,,1200,1002233.2,21,,
2026-07-29,MBJC,,277,265,269,,,37825,10176423.6,243,,
2026-07-29,MBL,,265,258,259,,,79615,20815702.9,226,,
2026-07-29,MCHL,,285.2,272.1,283.3,,,4227,1187640.5,69,,
2026-07-29,MEHL,,314,296,307,,,2393,727331,52,,
2026-07-29,MEL,,222,217,217.9,,,22064,4820523.4,121,,
2026-07-29,MEN,,600,592,599,,,26078,15587760.6,172,,
2026-07-29,MERO,,722,678,679,,,2158,1475748.1,43,,
2026-07-29,MFIL,,794.3,777,791.8,,,64463,50906774.6,106,,
2026-07-29,MHCL,,328.5,314.1,314.1,,,2486,791239.1,39,,
2026-07-29,MHL,,480,465.6,474,,,7960,3715738.8,40,,
2026-07-29,MHNL,,243.1,237,243,,,7798,1873314.2,55,,
2026-07-29,MKCL,,1158,1112,1143.9,,,459,512871.5,18,,
2026-07-29,MKHC,,294.5,288,290.1,,,7635,2214226.8,54,,
2026-07-29,MKHL,,514,488.3,514,,,3608,1809853.6,52,,
2026-07-29,MKJC,,474,463,465.2,,,3515,1656615,25,,
2026-07-29,MLBBL,,1149.9,1134,1134,,,1025,1164233.4,18,,
2026-07-29,MLBS,,1175.2,1116,1172,,,212,240414,14,,
2026-07-29,MLBSL,,1727,1690,1690,,,51,86057.6,6,,
2026-07-29,MMKJL,,492,480,482,,,2585,1248169,30,,
2026-07-29,MPFL,,653,611.1,621,,,3483,2155292.8,31,,
2026-07-29,MSHL,,620,605.1,609.3,,,443,270815.4,18,,
2026-07-29,MSLB,,1239,1201,1205,,,1042,1260650.6,28,,
2026-07-29,NABIL,,560,553.5,557.5,,,58797,32817748,501,,
2026-07-29,NADEP,,747,728,729.3,,,161,117400,8,,
2026-07-29,NBL,,274,269.1,272,,,46665,12640167.2,153,,
2026-07-29,NESDO,,1529,1470,1500,,,371,555641.5,14,,
2026-07-29,NFS,,588,572.1,578.5,,,7640,4444009.5,61,,
2026-07-29,NGPL,,413.8,407.6,409.9,,,131658,54007317.8,353,,
2026-07-29,NHDL,,639.6,621,630,,,6118,3844444.5,32,,
2026-07-29,NHPC,,273,260,267.6,,,131662,35450748.7,405,,
2026-07-29,NICA,,345,335,338.9,,,37161,12537510.6,183,,
2026-07-29,NICLBSL,,560,552.3,558,,,4106,2279220.1,52,,
2026-07-29,NIFRA,,254.4,250,250.1,,,29582,7418133.5,327,,
2026-07-29,NIMB,,203.8,199.1,199.5,,,129373,26039530.5,376,,
2026-07-29,NLIC,,766.5,748.1,750,,,5470,4117293.4,95,,
2026-07-29,NLICL,,606.9,579.1,580,,,5796,3403051.4,51,,
2026-07-29,NLO,,269.4,269.4,269.4,,,0,0,0,,
2026-07-29,NMB,,252,247,248,,,45491,11326413.5,155,,
2026-07-29,NMBMF,,635.5,616.5,631,,,228,141636.5,10,,
2026-07-29,NMFBS,,1130,1117.1,1120,,,2307,2585062.6,35,,
2026-07-29,NMLBBL,,534,525,530.1,,,6400,3393102.3,44,,
2026-07-29,NRIC,,979,951,952,,,15261,14557962.1,139,,
2026-07-29,NRM,,323,311.1,312.1,,,5945,1870602.1,87,,
2026-07-29,NRN,,1440,1383,1398,,,90324,127050942.4,488,,
2026-07-29,NTC,,875,855.2,869.8,,,14738,12812421.4,201,,
2026-07-29,NUBL,,625,602,623,,,9183,5596057.4,66,,
2026-07-29,NWCL,,723.8,707.7,716.8,,,2927,2077685.4,56,,
2026-07-29,NYADI,,366.1,358.1,366.1,,,2032,739638.3,44,,
2026-07-29,OHL,,690.8,669,678,,,3429,2314964.2,31,,
2026-07-29,OMPL,,968,940,959,,,2090,1979919.5,68,,
2026-07-29,PCBL,,244.4,238.5,241.9,,,142194,34218301.7,223,,
2026-07-29,PCIL,,672.7,625,664,,,34063,22368905,729,,
2026-07-29,PFL,,364,364,364,,,0,0,0,,
2026-07-29,PHCL,,305,300.7,302,,,18759,5674004.2,143,,
2026-07-29,PMHPL,,326,315,321,,,7964,2526074.5,50,,
2026-07-29,PMLI,,448,444.1,444.1,,,5734,2552528.2,111,,
2026-07-29,PPCL,,355,341,346.9,,,7070,2426308.8,45,,
2026-07-29,PPL,,345,326,335,,,20801,6924402,109,,
2026-07-29,PROFL,,444,430,432,,,5664,2462073.4,31,,
2026-07-29,PRVU,,207,193,195.7,,,130120,25593903.5,366,,
2026-07-29,PURE,,872,845.7,861,,,5344,4594608.6,53,,
2026-07-29,RADHI,,748,706.9,737,,,30721,22483276.4,146,,
2026-07-29,RAWA,,433,420,425.9,,,34600,14676275.3,230,,
2026-07-29,RFPL,,341.9,330.1,335,,,20971,7068965.2,138,,
2026-07-29,RHGCL,,267.7,258.3,265,,,7317,1923058.9,77,,
2026-07-29,RHPL,,265.9,260.1,262.2,,,7335,1924499.8,77,,
2026-07-29,RIDI,,377,365,369.9,,,389549,144536072.3,643,,
2026-07-29,RLEL,,910,867,899,,,4575,4086727,136,,
2026-07-29,RLFL,,472.9,462.6,463,,,13545,6328893.3,83,,
2026-07-29,RNLI,,448.8,440,445.9,,,12355,5504685.3,192,,
2026-07-29,RSDC,,650.1,642.2,643,,,5340,3451113.7,27,,
2026-07-29,RSML,,3200,3080.5,3118,,,57561,179134488.7,752,,
2026-07-29,RURU,,628,610,618,,,1585,980141,28,,
2026-07-29,SAGAR,,1759,1713,1724,,,4608,7956523,82,,
2026-07-29,SAHAS,,670,662,663.8,,,60637,40300214.3,339,,
2026-07-29,SAIL,,1111,1063.1,1080,,,27598,29845274.5,326,,
2026-07-29,SANIMA,,375.1,368,372.7,,,118077,44082849.5,323,,
2026-07-29,SANVI,,618.9,598,598.5,,,9226,5574796.4,135,,
2026-07-29,SARBTM,,805,780,790,,,9288,7334285,86,,
2026-07-29,SBI,,412,402,409.9,,,14663,5991905.6,46,,
2026-07-29,SBL,,415,409,412.9,,,91431,37675384.9,189,,
2026-07-29,SCB,,659,641,657,,,12523,8189469.1,86,,
2026-07-29,SGHC,,331.8,315,324.8,,,171460,55227421.3,459,,
2026-07-29,SGHL,,544,517,535,,,52308,27684714.6,2580,,
2026-07-29,SHEL,,307,304.1,305,,,48396,14786002.4,130,,
2026-07-29,SHIVM,,644,637,639.2,,,40521,25938615,222,,
2026-07-29,SHL,,502,498.2,500,,,10770,5388888,35,,
2026-07-29,SHLB,,1505,1460,1502.9,,,89,131437.2,9,,
2026-07-29,SHPC,,514,505.3,508,,,9281,4728395.4,58,,
2026-07-29,SIFC,,526,505.1,518.1,,,3492,1815259.8,29,,
2026-07-29,SIKLES,,562,555,557,,,8229,4593898.4,67,,
2026-07-29,SIPD,,716,675.2,680,,,10073,6944132.1,279,,
2026-07-29,SJCL,,280,270.8,275,,,4205,1148586.5,65,,
2026-07-29,SJLIC,,420,414.5,415,,,14893,6202412.9,125,,
2026-07-29,SKBBL,,768,758,758,,,5455,4139624.6,80,,
2026-07-29,SKHEL,,1007,930.4,988,,,4249,4184768,98,,
2026-07-29,SKHL,,903,878,894,,,5088,4516420,151,,
2026-07-29,SLBBL,,816,806,806.6,,,2899,2357222.8,30,,
2026-07-29,SLBSL,,1110,1075,1077.3,,,4347,4718193.5,51,,
2026-07-29,SMATA,,748.9,720.1,740,,,525,388201.8,25,,
2026-07-29,SMB,,1849.9,1816,1849.9,,,952,1735497,28,,
2026-07-29,SMFBS,,1536.9,1515,1536.9,,,326,498285.4,7,,
2026-07-29,SMH,,510,506,506,,,4422,2243468.2,52,,
2026-07-29,SMHL,,507,492.5,498,,,108803,54446609.8,323,,
2026-07-29,SMJC,,461,444,444.6,,,19125,8567118,130,,
2026-07-29,SMPDA,,779,757,770,,,523,401397.7,25,,
2026-07-29,SNLI,,439,430,430.1,,,5050,2176765.4,210,,
2026-07-29,SNORL,,975,925,971.4,,,36032,34689482.6,856,,
2026-07-29,SOHL,,614,589,593.7,,,73945,44273097.7,958,,
2026-07-29,SONA,,419.9,407.2,407.7,,,15755,6455380,241,,
2026-07-29,SOPL,,869,834,836,,,28683,24334618.7,864,,
2026-07-29,SPC,,424.8,412.5,417.1,,,2099,878047.4,27,,
2026-07-29,SPDL,,395,369,385,,,112049,42088025,210,,
2026-07-29,SPHL,,543,522.5,528,,,1446,767211,20,,
2026-07-29,SPL,,678.9,640.9,650,,,5481,3565356.6,40,,
2026-07-29,SRLI,,384.9,380.5,381.2,,,7546,2876247.7,118,,
2026-07-29,SSHL,,207.9,203,204.5,,,91386,18714925,236,,
2026-07-29,STC,,5199,5130,5190,,,1491,7665448.2,21,,
2026-07-29,SWASTIK,,2099,2027,2031,,,390,802214,18,,
2026-07-29,SWBBL,,691,669.2,680,,,3942,2690179.3,47,,
2026-07-29,SWMF,,635,620.1,621.1,,,2606,1629217.3,44,,
2026-07-29,SYPNL,,1379,1333,1334,,,28991,39079806.6,524,,
2026-07-29,TAMOR,,457,449.1,453.9,,,24714,11195704.6,135,,
2026-07-29,TPC,,365.4,358,359,,,10655,3826707.8,53,,
2026-07-29,TPKHL,,569,551,557.9,,,24588,13768452,987,,
2026-07-29,TRH,,780,770,770.4,,,544,419854.2,10,,
2026-07-29,TSHL,,388,377,383,,,4284,1645628.3,45,,
2026-07-29,TTL,,749.9,724,730,,,9862,7216214.4,180,,
2026-07-29,TVCL,,514.5,476.1,489.4,,,1028,496287.3,18,,
2026-07-29,UHEWA,,606.9,560.7,579.6,,,8566,4935028.8,89,,
2026-07-29,ULBSL,,2850,2735.5,2797.5,,,429,1193000,17,,
2026-07-29,ULHC,,354.8,345,345,,,4712,1638503.3,53,,
2026-07-29,UMHL,,585,570,580.9,,,59984,34893328,93,,
2026-07-29,UMRH,,537,530.5,534,,,2783,1482723,24,,
2026-07-29,UNHPL,,390,383,389.5,,,19296,7432877,107,,
2026-07-29,UNL,,47998,47998,47998,,,0,0,0,,
2026-07-29,UNLB,,1274,1240,1274,,,365,459629,16,,
2026-07-29,UPCL,,355,345.1,349.9,,,16979,5940169.4,101,,
2026-07-29,UPPER,,198,195.1,195.4,,,48699,9552666.4,270,,
2026-07-29,USHEC,,495,486,491,,,3861,1888602.6,30,,
2026-07-29,USHL,,550,540,543,,,1136,616924.5,42,,
2026-07-29,USLB,,1188.2,1161,1182,,,281,330483.5,14,,
2026-07-29,VLBS,,689,670,683,,,683,464217.4,48,,
2026-07-29,VLUCL,,442,427,434.9,,,1378,596888,41,,
2026-07-29,YMHL,,665,637.8,650,,,50496,32924734.1,1088,,
2026-07-30,ACLBSL,,940,900.1,930,,,632,586858.3,15,,
2026-07-30,ADBL,,325,306,320,,,44241,14142952.3,126,,
2026-07-30,AHL,,420,416.5,420,,,1836,767036.7,23,,
2026-07-30,AHPC,,270,266.2,267,,,26286,7038160.8,124,,
2026-07-30,AKJCL,,368,358,360,,,246031,88893869,593,,
2026-07-30,AKPL,,259.8,255.2,256.9,,,17297,4440634,107,,
2026-07-30,ALBSL,,1096,1051,1087.6,,,4356,4664516.1,57,,
2026-07-30,ALICL,,436,426,428.7,,,14001,5995951.3,75,,
2026-07-30,ANLB,,6134,5489,5697,,,3867,21648155.6,74,,
2026-07-30,APHL,,865,821.2,834,,,15135,12587702.9,326,,
2026-07-30,API,,339,332,333,,,88031,29380425.9,283,,
2026-07-30,AVYAN,,1030,1013,1015,,,3048,3106983,51,,
2026-07-30,BANDIPUR,,735,710.6,719.8,,,17645,12675183.8,273,,
2026-07-30,BARUN,,329.9,323,323.1,,,21015,6813094.2,92,,
2026-07-30,BBC,,4400,3825,4280,,,706,3003300,35,,
2026-07-30,BEDC,,325,318,320,,,11462,3678181.1,95,,
2026-07-30,BFC,,562,485,509.8,,,34113,17407474,195,,
2026-07-30,BGWT,,597,580,597,,,1583,923897.6,31,,
2026-07-30,BHCL,,497.7,483,486,,,22600,11064077.3,254,,
2026-07-30,BHDC,,440,424,433,,,3106,1337182.8,49,,
2026-07-30,BHL,,214,210.2,210.5,,,56897,12045366.5,263,,
2026-07-30,BHPL,,477,465,466.3,,,3538,1661618.2,50,,
2026-07-30,BJHL,,730,688.3,716,,,9417,6736500.4,112,,
2026-07-30,BNHC,,287,280,283.7,,,10658,3006520.3,91,,
2026-07-30,BNL,,14700,14700,14700,,,0,0,0,,
2026-07-30,BNT,,11850,11620,11620,,,304,3557054,12,,
2026-07-30,BPCL,,693,645,650,,,22963,14887351.6,179,,
2026-07-30,BUNGAL,,599.5,585,587,,,17807,10519337.9,226,,
2026-07-30,CBBL,,943,928,928.2,,,10317,9625454.5,134,,
2026-07-30,CFCL,,661.7,611,660.1,,,133292,87163901.2,406,,
2026-07-30,CGH,,790,785,786,,,3690,2904062.7,54,,
2026-07-30,CHCL,,495.9,490,495,,,63422,31283175.5,137,,
2026-07-30,CHDC,,2255,2215,2229.9,,,9047,20209507,138,,
2026-07-30,CHL,,267,256.5,264,,,24389,6342473.5,82,,
2026-07-30,CIT,,1724.9,1710,1716,,,1962,3366832.5,82,,
2026-07-30,CITY,,374,362.1,366.8,,,84701,30919248.6,445,,
2026-07-30,CKHL,,601.5,571,588,,,273,158297.8,19,,
2026-07-30,CLI,,446.1,425,444.3,,,6750,3006190.4,128,,
2026-07-30,CREST,,1224.9,1160,1193,,,3224,3815124,65,,
2026-07-30,CYCL,,1340,1300,1300,,,1056,1392841,46,,
2026-07-30,CZBIL,,208.9,196.6,205.9,,,74445,15285237.1,139,,
2026-07-30,DDBL,,850,830.3,835,,,3545,2959468.4,45,,
2026-07-30,DHEL,,597,577.2,580,,,27695,16188659.1,251,,
2026-07-30,DHPL,,299,283,295.3,,,4398,1250376.2,35,,
2026-07-30,DLBS,,1224,1171.2,1190,,,1295,1529488.1,17,,
2026-07-30,DOLTI,,325,319,320,,,8810,2827089.7,95,,
2026-07-30,DORDI,,264.9,251.2,252.7,,,44798,11371853.6,136,,
2026-07-30,EBL,,727,721,724,,,10486,7579527.9,93,,
2026-07-30,ECL,,1138.6,990,1138.6,,,2640,3001531,264,,
2026-07-30,EHPL,,360,341.2,343.5,,,5136,1764865.3,63,,
2026-07-30,ENL,,814,796,806,,,410,329250,12,,
2026-07-30,FMDBL,,768,757.6,758,,,5111,3876097.7,42,,
2026-07-30,FOWAD,,960,945,952,,,2251,2130123.9,49,,
2026-07-30,GBIME,,263,244.1,256,,,286885,73871650.9,558,,
2026-07-30,GBLBS,,752,730,748,,,4525,3363086.5,52,,
2026-07-30,GCIL,,363,358,359.8,,,15066,5409930.1,137,,
2026-07-30,GFCL,,624.7,610,612,,,5737,3513573.4,44,,
2026-07-30,GHL,,230,224.3,224.7,,,21285,4807887.8,85,,
2026-07-30,GILB,,1105.9,1076.3,1105.9,,,965,1042329.3,10,,
2026-07-30,GLBSL,,1820,1782.1,1820,,,466,837393.7,19,,
2026-07-30,GLH,,254.8,251,252,,,24736,6239474,108,,
2026-07-30,GMFBS,,1305.2,1222.2,1222.2,,,201,248385,8,,
2026-07-30,GMFIL,,474,456.1,459,,,11836,5452764.8,41,,
2026-07-30,GMLI,,1148.4,1135.4,1137.1,,,851,971552.8,29,,
2026-07-30,GUFL,,582.9,570,575,,,19640,11255225.1,132,,
2026-07-30,GVL,,488,476.1,484.5,,,12929,6221981.1,81,,
2026-07-30,HATHY,,739,711,712,,,3152,2256331.3,72,,
2026-07-30,HBL,,202,188.1,199,,,33687,6649306,408,,
2026-07-30,HDHPC,,215,210.5,213.5,,,76132,16143403,210,,
2026-07-30,HDL,,1170,1160,1161.2,,,17763,20672229.5,258,,
2026-07-30,HFIN,,729.8,696.7,704,,,28853,20413624.7,514,,
2026-07-30,HHL,,345,336,338,,,14272,4837897.4,91,,
2026-07-30,HIDCL,,262.8,256.1,258,,,44775,11524029.3,165,,
2026-07-30,HIMSTAR,,732,715,725,,,3315,2400399.7,65,,
2026-07-30,HLBSL,,897.9,871,880,,,780,679987.8,7,,
2026-07-30,HLI,,329,323.2,324.3,,,16248,5280217.6,192,,
2026-07-30,HPPL,,399.9,380.1,388,,,214904,82936446.2,630,,
2026-07-30,HRL,,610,595.5,597,,,42529,25470794.3,416,,
2026-07-30,HURJA,,237,230.4,232,,,36584,8525228,134,,
2026-07-30,ICFC,,618,612.7,613,,,1785,1095005.9,25,,
2026-07-30,IHL,,355,345.2,347.1,,,1314,459624,26,,
2026-07-30,ILBS,,893.8,842.7,883.9,,,812,711231.4,13,,
2026-07-30,ILI,,420,415.2,420,,,4553,1906124.2,147,,
2026-07-30,JBLB,,1269,1255.1,1255.1,,,2062,2597513.8,67,,
2026-07-30,JFL,,404,393,393,,,3495,1382271.4,34,,
2026-07-30,JHAPA,,1139,1104,1119,,,5278,5902162.5,105,,
2026-07-30,JOSHI,,269.5,265,265,,,11532,3070039.1,64,,
2026-07-30,JSLBB,,1000,970.5,999,,,264,260631.5,12,,
2026-07-30,KAHL,,560,533,536,,,40236,21835860.8,1360,,
2026-07-30,KBL,,224.7,210,222,,,230853,51121757.9,518,,
2026-07-30,KBSH,,959,915,931,,,23815,22128414.2,352,,
2026-07-30,KDL,,785,766.2,770,,,3572,2768817.6,56,,
2026-07-30,KHPL,,1008,901.9,902,,,31485,28801957.3,415,,
2026-07-30,KKHC,,301.7,292,296,,,354765,105841532.1,1076,,
2026-07-30,KMCDB,,784,761.3,779.5,,,2158,1674860.5,16,,
2026-07-30,KPCL,,474,468,473,,,3175,1493044.7,31,,
2026-07-30,LEC,,238.2,222,224.8,,,127642,28774284.9,261,,
2026-07-30,LICN,,789.9,778,788,,,9579,7470140.1,60,,
2026-07-30,LLBS,,900,883,898,,,3094,2744852.4,20,,
2026-07-30,LSL,,230.5,224.9,226.8,,,180338,40923314.4,201,,
2026-07-30,MABEL,,600,582.1,595.5,,,1818,1086170.7,63,,
2026-07-30,MAKAR,,449,434.1,437.9,,,49623,21690572.8,168,,
2026-07-30,MANDU,,830,815,816,,,1759,1434945,14,,
2026-07-30,MATRI,,844.6,820,829.9,,,346,287525.6,23,,
2026-07-30,MBJC,,275,266.5,266.5,,,33879,9094412,194,,
2026-07-30,MBL,,261,246.1,257,,,95668,24557610.9,147,,
2026-07-30,MCHL,,296.2,279,282,,,3153,888398.9,50,,
2026-07-30,MEHL,,309.9,301,306,,,1805,550554.7,39,,
2026-07-30,MEL,,221,210,217,,,30010,6439086.8,189,,
2026-07-30,MEN,,599,592,595.8,,,22761,13536967.7,154,,
2026-07-30,MERO,,680,670,677,,,3566,2394599.1,38,,
2026-07-30,MFIL,,790,772,788,,,31079,24475808,70,,
2026-07-30,MHCL,,323,313,315.2,,,3485,1104414.5,48,,
2026-07-30,MHL,,470,466.2,470,,,3265,1527645,32,,
2026-07-30,MHNL,,245,237.5,245,,,10825,2590892.1,49,,
2026-07-30,MKCL,,1150,1110,1120,,,660,737096.3,27,,
2026-07-30,MKHC,,294,284,285,,,17333,4994362.4,109,,
2026-07-30,MKHL,,510,498,510,,,1482,743607,32,,
2026-07-30,MKJC,,470,462.1,468,,,3650,1705252,46,,
2026-07-30,MLBBL,,1140,1125.1,1134,,,303,341925.5,11,,
2026-07-30,MLBS,,1158,1140.2,1158,,,59,67637,4,,
2026-07-30,MLBSL,,1690,1639,1690,,,1088,1798032,45,,
2026-07-30,MMKJL,,493,474,485,,,4894,2338157,57,,
2026-07-30,MPFL,,623.8,610,618.3,,,3992,2458347.6,40,,
2026-07-30,MSHL,,624,602.5,602.5,,,1445,883579.9,30,,
2026-07-30,MSLB,,1220,1198.1,1220,,,753,907053.4,25,,
2026-07-30,NABIL,,566,530,554.5,,,50772,28143176,397,,
2026-07-30,NADEP,,751,731,741,,,708,522752.5,14,,
2026-07-30,NBL,,274,259,270,,,55675,14903895.5,146,,
2026-07-30,NESDO,,1495,1470.2,1495,,,972,1438196.8,24,,
2026-07-30,NFS,,580,571.5,575,,,4385,2528997.7,46,,
2026-07-30,NGPL,,413.9,405.1,407.9,,,82194,33442793.7,268,,
2026-07-30,NHDL,,648.8,622,630,,,5389,3380448.8,40,,
2026-07-30,NHPC,,274,260,265,,,147186,39136899,467,,
2026-07-30,NICA,,351.7,322,339.9,,,40428,13635510.3,174,,
2026-07-30,NICLBSL,,556,550,552,,,6307,3474066.9,62,,
2026-07-30,NIFRA,,251,247.1,248,,,27905,6944776.2,302,,
2026-07-30,NIMB,,204,190,199,,,107356,21232202.2,332,,
2026-07-30,NLIC,,760,747.1,752,,,9676,7247839.3,129,,
2026-07-30,NLICL,,608,570,570,,,33209,19518390.9,78,,
2026-07-30,NLO,,269.4,269.4,269.4,,,0,0,0,,
2026-07-30,NMB,,253,246,248.6,,,29716,7359724.2,123,,
2026-07-30,NMBMF,,628,620,627.9,,,279,173539,5,,
2026-07-30,NMFBS,,1120,1115,1116,,,1277,1424570.5,24,,
2026-07-30,NMLBBL,,530,515,520,,,8584,4479112.1,80,,
2026-07-30,NRIC,,960,941,945,,,13744,13012670.7,142,,
2026-07-30,NRM,,317,309,313,,,10101,3141226.6,82,,
2026-07-30,NRN,,1419,1390.1,1402,,,58834,82488671.6,323,,
2026-07-30,NTC,,874.9,863,865,,,3581,3099080.8,80,,
2026-07-30,NUBL,,621.5,595.1,611,,,2374,1434871.9,30,,
2026-07-30,NWCL,,712,697,712,,,3359,2355856.5,62,,
2026-07-30,NYADI,,385,360,365,,,4104,1509459.8,67,,
2026-07-30,OHL,,684,665,675,,,1025,684262,25,,
2026-07-30,OMPL,,950,910,934,,,1695,1582101.5,55,,
2026-07-30,PCBL,,244,230,241.5,,,40879,9887544.9,144,,
2026-07-30,PCIL,,669.8,636,649.5,,,47211,30427769.1,658,,
2026-07-30,PFL,,364,364,364,,,0,0,0,,
2026-07-30,PHCL,,302.8,298,300,,,35643,10701043.1,165,,
2026-07-30,PMHPL,,324,314.5,320,,,2370,747418,31,,
2026-07-30,PMLI,,456.5,440.5,440.5,,,4163,1844384.7,76,,
2026-07-30,PPCL,,349,330,338,,,12521,4193097.4,79,,
2026-07-30,PPL,,336.8,325,328,,,20127,6624899,115,,
2026-07-30,PROFL,,437.9,428,434,,,3009,1292955,25,,
2026-07-30,PRVU,,197.9,186,195.4,,,87233,16987062.2,355,,
2026-07-30,PURE,,855.7,840,852.9,,,3160,2674521,69,,
2026-07-30,RADHI,,742,700.3,724.9,,,57946,41667973.6,200,,
2026-07-30,RAWA,,444.9,422.1,428,,,10012,4249698.5,90,,
2026-07-30,RFPL,,342,333,333.5,,,15140,5048689.7,94,,
2026-07-30,RHGCL,,266.5,258,264.2,,,15550,4074834.8,91,,
2026-07-30,RHPL,,263,258.1,258.1,,,19919,5167245.5,103,,
2026-07-30,RIDI,,372,360.7,363,,,294672,107717404.5,517,,
2026-07-30,RLEL,,903,850,867.8,,,11208,9701454.7,194,,
2026-07-30,RLFL,,470.9,457,465,,,13971,6453145,80,,
2026-07-30,RNLI,,444,440.3,441.9,,,8512,3758757.9,146,,
2026-07-30,RSDC,,645,637,640.1,,,1502,962779.7,22,,
2026-07-30,RSML,,3134.9,2970.5,3024,,,80858,243843238.7,1464,,
2026-07-30,RURU,,630,612,614.5,,,2379,1466723.1,29,,
2026-07-30,SAGAR,,1740,1690,1704,,,8271,14199732,117,,
2026-07-30,SAHAS,,667,660,661,,,41565,27526270,305,,
2026-07-30,SAIL,,1120,1060.1,1075,,,40817,43991340.1,341,,
2026-07-30,SANIMA,,375,369.1,370.9,,,58989,21884740.8,197,,
2026-07-30,SANVI,,601.9,582,593.5,,,5263,3123578.2,102,,
2026-07-30,SARBTM,,800,780.5,790,,,2268,1779287.1,36,,
2026-07-30,SBI,,419.9,389.5,406.9,,,4129,1678629.5,48,,
2026-07-30,SBL,,414,392.3,410.7,,,99488,40746363,180,,
2026-07-30,SCB,,660.8,650.3,652,,,3198,2099872.3,59,,
2026-07-30,SGHC,,329.9,317,318,,,50539,16164780.4,227,,
2026-07-30,SGHL,,535.6,515,519.9,,,54154,28184799.2,2008,,
2026-07-30,SHEL,,307.5,304,305,,,57162,17449421.7,176,,
2026-07-30,SHIVM,,674,626.4,636,,,71068,46039942.4,322,,
2026-07-30,SHL,,501.4,498.3,500,,,6446,3219978.4,36,,
2026-07-30,SHLB,,1475,1433.4,1475,,,70,101982,5,,
2026-07-30,SHPC,,510,502,505,,,22396,11299987.2,92,,
2026-07-30,SIFC,,520,514,517.8,,,3324,1713343.5,36,,
2026-07-30,SIKLES,,569.9,555.2,558.6,,,29707,16606794,68,,
2026-07-30,SIPD,,682,651,678.9,,,24436,16262650.1,335,,
2026-07-30,SJCL,,274,270,274,,,4932,1341005.8,65,,
2026-07-30,SJLIC,,418,413,417.7,,,3984,1657884.1,94,,
2026-07-30,SKBBL,,769,751.6,757.9,,,7715,5830565.2,95,,
2026-07-30,SKHEL,,998,950.2,976,,,4074,3932380.8,94,,
2026-07-30,SKHL,,891,855.2,871,,,11782,10259268,171,,
2026-07-30,SLBBL,,810,806.1,809,,,1495,1206643.2,31,,
2026-07-30,SLBSL,,1131.1,1071,1090,,,978,1056639,14,,
2026-07-30,SMATA,,753,728,740,,,2496,1847887.8,51,,
2026-07-30,SMB,,1840,1811,1816,,,750,1364872.1,32,,
2026-07-30,SMFBS,,1537,1500,1500,,,458,693425,15,,
2026-07-30,SMH,,510,500,502.9,,,8196,4122803.7,88,,
2026-07-30,SMHL,,510,495.1,496,,,92151,46169390.3,418,,
2026-07-30,SMJC,,457,441.1,442,,,7500,3326895.5,100,,
2026-07-30,SMPDA,,780,760,768.9,,,450,343819.5,18,,
2026-07-30,SNLI,,434,427,428,,,5359,2300913,165,,
2026-07-30,SNORL,,985,935,938,,,31452,30074499.5,703,,
2026-07-30,SOHL,,600,564.1,571,,,143962,83865787.1,926,,
2026-07-30,SONA,,428,405,408.8,,,17828,7261201.4,215,,
2026-07-30,SOPL,,852,794.2,825,,,59270,48843630.2,1150,,
2026-07-30,SPC,,427.9,411.1,415,,,2448,1017322.8,24,,
2026-07-30,SPDL,,385,370,374.9,,,25621,9538208.9,105,,
2026-07-30,SPHL,,556.2,520.1,536,,,2890,1530672.7,58,,
2026-07-30,SPL,,664,650,664,,,940,617593,14,,
2026-07-30,SRLI,,384,378,381.5,,,7432,2829416.7,104,,
2026-07-30,SSHL,,206.8,201.5,203,,,49737,10118838,227,,
2026-07-30,STC,,5190,5122.1,5189,,,346,1779046.5,8,,
2026-07-30,SWASTIK,,2045,2011.1,2011.1,,,430,868673,20,,
2026-07-30,SWBBL,,685,671.1,673,,,4763,3237387,37,,
2026-07-30,SWMF,,630,619,627,,,4664,2911759.9,30,,
2026-07-30,SYPNL,,1364,1310,1331,,,30930,41033491.7,487,,
2026-07-30,TAMOR,,456.9,448.1,451,,,34393,15606136.5,236,,
2026-07-30,TPC,,363.8,355.3,357.9,,,7495,2677456.6,35,,
2026-07-30,TPKHL,,565,535,539,,,38317,20924487.4,909,,
2026-07-30,TRH,,786,771.2,785.9,,,788,615076.5,21,,
2026-07-30,TSHL,,386.7,372,372,,,5485,2068040.9,58,,
2026-07-30,TTL,,740,720,720.4,,,8053,5841127.7,158,,
2026-07-30,TVCL,,489.2,476.2,476.2,,,1884,899626.9,26,,
2026-07-30,UHEWA,,584,560,571,,,10430,5971409.4,96,,
2026-07-30,ULBSL,,2948,2700,2785,,,1153,3164280.4,40,,
2026-07-30,ULHC,,354.9,340.1,340.1,,,4850,1674835.5,63,,
2026-07-30,UMHL,,587,570,586.7,,,30899,17845895.3,133,,
2026-07-30,UMRH,,563,531.1,539.5,,,10812,5853437.3,79,,
2026-07-30,UNHPL,,392,380,382.9,,,8263,3168107.6,59,,
2026-07-30,UNL,,48200,48200,48200,,,10,482000,1,,
2026-07-30,UNLB,,1337.2,1235,1265,,,745,940188,24,,
2026-07-30,UPCL,,350,345.2,347,,,23902,8277127.6,125,,
2026-07-30,UPPER,,197.8,193.5,194,,,48682,9488543.5,272,,
2026-07-30,USHEC,,497.9,485,492,,,7284,3596071.5,71,,
2026-07-30,USHL,,570,536.5,543,,,2165,1172536.1,52,,
2026-07-30,USLB,,1184,1152.1,1152.3,,,962,1116226.9,23,,
2026-07-30,VLBS,,679.9,670.2,671,,,684,460767,35,,
2026-07-30,VLUCL,,438,426.2,438,,,1238,529658,43,,
2026-07-30,YMHL,,661,630.1,645,,,35977,23152678.7,822,,
2026-07-31,ACLBSL,,935,910.3,934,,,502,459588.8,22,,
2026-07-31,ADBL,,324,317.3,322.5,,,147317,47517908.7,208,,
2026-07-31,AHL,,423,411,420,,,1619,673117.6,47,,
2026-07-31,AHPC,,269.8,265,269,,,117686,31411388.4,196,,
2026-07-31,AKJCL,,367.9,357.1,366,,,223712,81426269.8,556,,
2026-07-31,AKPL,,261.7,254.1,261.7,,,54673,14113758.5,206,,
2026-07-31,ALBSL,,1114.8,1051,1114.8,,,10020,10833880.2,113,,
2026-07-31,ALICL,,433.8,423.5,431.7,,,48252,20633493.8,91,,
2026-07-31,ANLB,,6277,5460,5649,,,1810,10106477.5,82,,
2026-07-31,APHL,,844.9,820.8,839,,,15695,13073343.5,295,,
2026-07-31,API,,337,332,335.3,,,126694,42354011,332,,
2026-07-31,AVYAN,,1029,1002.1,1029,,,1441,1463630,35,,
2026-07-31,BANDIPUR,,728,703.1,727,,,34075,24312461.4,409,,
2026-07-31,BARUN,,327,320,323,,,21104,6829566.3,107,,
2026-07-31,BBC,,4297,4190,4280,,,161,684798,15,,
2026-07-31,BEDC,,323.9,315,318.1,,,25955,8272496.6,121,,
2026-07-31,BFC,,535,501,510,,,57251,29122608.5,244,,
2026-07-31,BGWT,,596.9,565,595,,,1290,757594.5,38,,
2026-07-31,BHCL,,506.6,482,503.9,,,28242,14106893.8,283,,
2026-07-31,BHDC,,435,427.1,431.4,,,3261,1408835.4,52,,
2026-07-31,BHL,,212.8,209,212.4,,,71648,15114085.3,253,,
2026-07-31,BHPL,,488.2,450,480,,,4825,2255503.6,59,,
2026-07-31,BJHL,,731.3,700,731.3,,,4577,3265034,111,,
2026-07-31,BNHC,,283.9,279,282,,,13889,3891271.6,106,,
2026-07-31,BNL,,14700,14700,14700,,,0,0,0,,
2026-07-31,BNT,,11300,11000.5,11000.5,,,25,278007.5,2,,
2026-07-31,BPCL,,658,640.1,655.5,,,20139,13011026,117,,
2026-07-31,BUNGAL,,597,570.2,597,,,27776,16230951,285,,
2026-07-31,CBBL,,933.7,927,932,,,14110,13126509.6,122,,
2026-07-31,CFCL,,675,627.1,662,,,223631,148361078.6,529,,
2026-07-31,CGH,,789,777.1,784,,,8571,6692421.2,55,,
2026-07-31,CHCL,,497.4,492,494.1,,,20369,10096071.6,108,,
2026-07-31,CHDC,,2243,2170,2221.9,,,25958,57586093,203,,
2026-07-31,CHL,,268,260,268,,,15438,4059518,76,,
2026-07-31,CIT,,1726,1701,1715,,,4400,7530482.8,93,,
2026-07-31,CITY,,372,348.5,368.2,,,72331,26563930.2,359,,
2026-07-31,CKHL,,605.6,570.4,605.6,,,943,548584.6,25,,
2026-07-31,CLI,,448,441,448,,,9671,4282178.7,166,,
2026-07-31,CREST,,1252.6,1174.1,1190,,,9053,10666776.6,107,,
2026-07-31,CYCL,,1315,1300,1310,,,857,1116643.2,24,,
2026-07-31,CZBIL,,208.6,203.1,207.9,,,36995,7626483.9,122,,
2026-07-31,DDBL,,836.5,830,836.5,,,3939,3278739.6,45,,
2026-07-31,DHEL,,590,552.5,587.9,,,11475,6680671,210,,
2026-07-31,DHPL,,294,283.1,294,,,749,215817,13,,
2026-07-31,DLBS,,1215,1165,1214,,,233,275389.7,12,,
2026-07-31,DOLTI,,325,315,325,,,19315,6168754.9,120,,
2026-07-31,DORDI,,257.4,250.1,253.5,,,26615,6726632.2,120,,
2026-07-31,EBL,,730.4,720,728.6,,,29334,21369714.5,154,,
2026-07-31,ECL,,1309.3,1195,1309.3,,,13500,17667452,1331,,
2026-07-31,EHPL,,349,337,340.1,,,15290,5230783.5,97,,
2026-07-31,ENL,,814.5,795.1,814.5,,,330,263117,13,,
2026-07-31,FMDBL,,770,756,770,,,8394,6409179,67,,
2026-07-31,FOWAD,,977.9,945,964.9,,,2220,2102642.1,49,,
2026-07-31,GBIME,,265,252,262,,,588735,153254623.4,989,,
2026-07-31,GBLBS,,748,726.1,748,,,1829,1353409.5,36,,
2026-07-31,GCIL,,360.9,354.1,359,,,8094,2899467.7,120,,
2026-07-31,GFCL,,615,603.5,613.1,,,5156,3149873.5,43,,
2026-07-31,GHL,,228,213.5,226.8,,,22211,5000091.9,81,,
2026-07-31,GILB,,1105.9,1078.1,1100,,,218,237677,12,,
2026-07-31,GLBSL,,1845,1791,1810,,,189,340895,10,,
2026-07-31,GLH,,259,248,259,,,67704,17228294.3,261,,
2026-07-31,GMFBS,,1238.9,1202,1215,,,263,319942.9,9,,
2026-07-31,GMFIL,,474,450,470,,,59668,27670238.6,120,,
2026-07-31,GMLI,,1149.9,1130.1,1149,,,444,505211.8,29,,
2026-07-31,GUFL,,579,569,572,,,32720,18711691.9,174,,
2026-07-31,GVL,,489.5,477.6,487,,,8364,4042626.6,55,,
2026-07-31,HATHY,,727,702,714,,,4107,2911448.9,70,,
2026-07-31,HBL,,216,195.8,202,,,61738,12369771.1,553,,
2026-07-31,HDHPC,,215,208,213.7,,,106601,22631405.7,260,,
2026-07-31,HDL,,1167,1160.3,1164,,,18896,21978509.5,224,,
2026-07-31,HFIN,,722,668.8,720,,,22713,16114369,527,,
2026-07-31,HHL,,347,336.3,340,,,9428,3188669,81,,
2026-07-31,HIDCL,,260,256.1,258.8,,,17829,4607313.5,125,,
2026-07-31,HIMSTAR,,740,710,740,,,1586,1145658,44,,
2026-07-31,HLBSL,,885,860.2,881.9,,,274,238531.8,12,,
2026-07-31,HLI,,326,320.6,325,,,25031,8106545,184,,
2026-07-31,HPPL,,388,377,383,,,172178,65429662.7,403,,
2026-07-31,HRL,,604,590,603,,,69303,41283664.09,612,,
2026-07-31,HURJA,,238,230.1,236.1,,,30589,7176218.8,118,,
2026-07-31,ICFC,,614.1,607,613,,,3306,2015303,31,,
2026-07-31,IHL,,352.8,347.6,350,,,2315,809626.4,35,,
2026-07-31,ILBS,,955,850,883.8,,,3205,2789839,34,,
2026-07-31,ILI,,420,415.1,418,,,4115,1713380.5,123,,
2026-07-31,JBLB,,1283.8,1246,1282,,,1652,2082631.5,68,,
2026-07-31,JFL,,394,390,394,,,3470,1359243,30,,
2026-07-31,JHAPA,,1138,1101.1,1138,,,7234,8097109,92,,
2026-07-31,JOSHI,,285,262.5,283,,,94932,26170961.2,426,,
2026-07-31,JSLBB,,999,999,999,,,0,0,0,,
2026-07-31,KAHL,,550,521.1,544,,,37097,19947535.8,1569,,
2026-07-31,KBL,,225.4,219,225,,,282557,62904226.3,665,,
2026-07-31,KBSH,,974,905.1,956,,,23851,22521524.8,294,,
2026-07-31,KDL,,785,765.2,785,,,2819,2197717.9,35,,
2026-07-31,KHPL,,890,849,870,,,51259,44272239.5,560,,
2026-07-31,KKHC,,298,290.8,291.4,,,133825,39192120.9,381,,
2026-07-31,KMCDB,,787,760.3,766.4,,,2071,1605359.2,22,,
2026-07-31,KPCL,,475,465.4,475,,,2716,1275556.5,42,,
2026-07-31,LEC,,227.1,221.2,225.9,,,78017,17527836,200,,
2026-07-31,LICN,,793,781,787.9,,,4020,3149766.5,38,,
2026-07-31,LLBS,,900,874,895,,,767,680202,18,,
2026-07-31,LSL,,228.5,224,228.4,,,104988,23752865.9,175,,
2026-07-31,MABEL,,606.9,583.1,603,,,5395,3219559.9,90,,
2026-07-31,MAKAR,,440,433.1,440,,,7472,3259852.2,66,,
2026-07-31,MANDU,,825,806.2,815,,,6953,5680495,35,,
2026-07-31,MATRI,,834.5,810.2,830,,,326,268065.5,13,,
2026-07-31,MBJC,,270.1,264.2,267,,,19940,5346106.9,169,,
2026-07-31,MBL,,259.9,254,259.2,,,54081,13926580.8,149,,
2026-07-31,MCHL,,285.8,280,283.8,,,1507,427346.1,27,,
2026-07-31,MEHL,,305.8,295.1,302,,,2369,712848,41,,
2026-07-31,MEL,,219,213.1,218.9,,,5108,1109442.7,96,,
2026-07-31,MEN,,595.7,586.1,595.5,,,38358,22753171,184,,
2026-07-31,MERO,,680,665,671.2,,,4523,3053370.6,34,,
2026-07-31,MFIL,,790,760,788,,,24102,18842822,98,,
2026-07-31,MHCL,,322.9,313.3,317.9,,,3275,1030798,39,,
2026-07-31,MHL,,480,463,477.8,,,349,164739,22,,
2026-07-31,MHNL,,248,235.6,242,,,14192,3421199.8,71,,
2026-07-31,MKCL,,1124,1100,1120,,,2255,2506565.3,42,,
2026-07-31,MKHC,,292.4,275,285,,,8370,2391530,59,,
2026-07-31,MKHL,,510,497,504,,,2237,1122907.1,45,,
2026-07-31,MKJC,,468.9,454,462.6,,,6682,3060335.5,31,,
2026-07-31,MLBBL,,1145,1117,1142,,,1210,1374839,25,,
2026-07-31,MLBS,,1159,1126.1,1159,,,362,408077.2,8,,
2026-07-31,MLBSL,,1675,1630,1653,,,3046,4991496,84,,
2026-07-31,MMKJL,,485,471,484,,,2134,1027746.5,48,,
2026-07-31,MPFL,,619.7,607,619.7,,,3811,2352124.4,46,,
2026-07-31,MSHL,,620.5,604,620.5,,,373,228444,23,,
2026-07-31,MSLB,,1229,1190,1229,,,431,518275,16,,
2026-07-31,NABIL,,558.6,550,556,,,45634,25347989.1,389,,
2026-07-31,NADEP,,749,726.6,727,,,277,203824.2,9,,
2026-07-31,NBL,,272,265.6,270.3,,,38421,10331135.3,157,,
2026-07-31,NESDO,,1495,1454,1495,,,436,642623,18,,
2026-07-31,NFS,,582,572,576,,,2941,1689507,39,,
2026-07-31,NGPL,,425,403.5,408.1,,,148643,60559664.4,333,,
2026-07-31,NHDL,,647,630,647,,,5442,3464623,26,,
2026-07-31,NHPC,,271.8,260,269.4,,,164645,44107410,513,,
2026-07-31,NICA,,340,335,336.1,,,26479,8932741.3,151,,
2026-07-31,NICLBSL,,561,545.3,558,,,5387,2973157.9,55,,
2026-07-31,NIFRA,,249.9,246.2,249.1,,,43724,10873701.8,276,,
2026-07-31,NIMB,,201,189.1,199.7,,,140620,27994962.7,379,,
2026-07-31,NLIC,,759.9,747,759.8,,,11910,8940815.1,117,,
2026-07-31,NLICL,,587,560.1,560.1,,,52877,30049652.1,141,,
2026-07-31,NLO,,269.4,269.4,269.4,,,0,0,0,,
2026-07-31,NMB,,250,245.1,249.9,,,31804,7898569.7,126,,
2026-07-31,NMBMF,,623.9,610.1,616,,,430,264232,8,,
2026-07-31,NMFBS,,1125,1111.1,1120,,,2463,2756646.2,33,,
2026-07-31,NMLBBL,,530,516,522,,,6495,3372539.3,60,,
2026-07-31,NRIC,,1030,930,970,,,41920,40144457.3,284,,
2026-07-31,NRM,,319,303.8,315,,,2868,901175.9,67,,
2026-07-31,NRN,,1421,1388,1420,,,55080,77458096.1,294,,
2026-07-31,NTC,,870,850,861,,,6077,5262367.3,131,,
2026-07-31,NUBL,,618.9,601.1,610,,,2862,1746483.5,30,,
2026-07-31,NWCL,,715,692.1,714.3,,,2000,1401121,47,,
2026-07-31,NYADI,,370.9,360.1,370,,,1567,578005.6,32,,
2026-07-31,OHL,,679,665,678,,,2137,1426586.6,20,,
2026-07-31,OMPL,,944,900,940,,,3207,2950029.3,82,,
2026-07-31,PCBL,,247,240.1,247,,,100424,24559123,239,,
2026-07-31,PCIL,,660,630,654,,,32107,20850786.5,658,,
2026-07-31,PFL,,364,364,364,,,0,0,0,,
2026-07-31,PHCL,,301,296.6,299.7,,,39916,11921868.7,156,,
2026-07-31,PMHPL,,320,313.2,315,,,3683,1163709.2,37,,
2026-07-31,PMLI,,448,440,442.2,,,2325,1026782.6,69,,
2026-07-31,PPCL,,346,321.1,345.9,,,10871,3657026.9,65,,
2026-07-31,PPL,,329,311.6,326,,,25427,8282239.2,145,,
2026-07-31,PROFL,,436.9,430,433,,,4539,1972332,24,,
2026-07-31,PRVU,,197.4,187.7,196.5,,,70601,13797552.1,291,,
2026-07-31,PURE,,863,829,863,,,6604,5557204.3,65,,
2026-07-31,RADHI,,729,714,729,,,50725,36464054.1,107,,
2026-07-31,RAWA,,430,420.1,430,,,9126,3901384.6,73,,
2026-07-31,RFPL,,338,330,335.3,,,8669,2897437.2,81,,
2026-07-31,RHGCL,,265,259,265,,,10433,2735512.3,80,,
2026-07-31,RHPL,,259.9,255,259.9,,,17625,4535538.3,101,,
2026-07-31,RIDI,,371,345,370,,,469740,172631722.6,824,,
2026-07-31,RLEL,,890,847.4,885.7,,,6130,5373243.8,174,,
2026-07-31,RLFL,,469.5,459,465,,,11226,5186167.2,82,,
2026-07-31,RNLI,,444.8,439.5,444.5,,,11354,5017976.5,231,,
2026-07-31,RSDC,,645,638,638.2,,,4291,2740902.5,34,,
2026-07-31,RSML,,3175,2950,2999,,,38722,116021764.9,779,,
2026-07-31,RURU,,623.9,614,614.1,,,387,238347.5,12,,
2026-07-31,SAGAR,,1723.8,1682,1710,,,10413,17702620,93,,
2026-07-31,SAHAS,,665,658,665,,,42628,28233271.7,270,,
2026-07-31,SAIL,,1099,1053,1099,,,44123,47893107.7,473,,
2026-07-31,SANIMA,,374,366.1,372.7,,,63629,23628260,205,,
2026-07-31,SANVI,,607,586,604,,,6946,4134477.8,117,,
2026-07-31,SARBTM,,797,776,790.1,,,6077,4800253.3,62,,
2026-07-31,SBI,,409,400,408,,,32635,13260905.8,66,,
2026-07-31,SBL,,417.5,407.2,414.4,,,178151,73478111.9,261,,
2026-07-31,SCB,,657.9,645.2,651,,,10797,7019929.9,89,,
2026-07-31,SGHC,,325,310,317,,,20293,6472729.3,134,,
2026-07-31,SGHL,,545.8,508.2,529,,,69102,35892133,2554,,
2026-07-31,SHEL,,308,302.7,307.7,,,49839,15251848.6,229,,
2026-07-31,SHIVM,,644,633,642,,,69233,44235457.6,282,,
2026-07-31,SHL,,501,496,501,,,9444,4709150.4,38,,
2026-07-31,SHLB,,1474,1438,1474,,,100,144608,6,,
2026-07-31,SHPC,,506,498.1,501,,,35056,17535443.8,118,,
2026-07-31,SIFC,,520.9,508,519,,,2223,1145620.9,19,,
2026-07-31,SIKLES,,559,555.4,559,,,9589,5346386.1,59,,
2026-07-31,SIPD,,685,648,680,,,22151,14837824.9,326,,
2026-07-31,SJCL,,275,266,275,,,9243,2516705.7,56,,
2026-07-31,SJLIC,,419,414,419,,,6837,2839880,82,,
2026-07-31,SKBBL,,768,751.6,757,,,7076,5334209.8,85,,
2026-07-31,SKHEL,,997,952,978,,,2859,2766940.6,74,,
2026-07-31,SKHL,,900,847,884,,,29377,25948020.8,324,,
2026-07-31,SLBBL,,810,801,803,,,1894,1530456.4,33,,
2026-07-31,SLBSL,,1090,1070,1085,,,2655,2875502.5,22,,
2026-07-31,SMATA,,737.5,721,731,,,3028,2212032,32,,
2026-07-31,SMB,,1847.9,1817.1,1835,,,1046,1906677.2,13,,
2026-07-31,SMFBS,,1539,1490,1539,,,357,535365,10,,
2026-07-31,SMH,,515,497,498,,,13751,6975016.9,80,,
2026-07-31,SMHL,,498.9,489,498.9,,,42099,20734113.6,179,,
2026-07-31,SMJC,,446.6,438.1,444,,,4112,1818494.9,62,,
2026-07-31,SMPDA,,769,750.1,762,,,677,513506,25,,
2026-07-31,SNLI,,428,425,428,,,4394,1873753.8,146,,
2026-07-31,SNORL,,996,912,926.1,,,23492,22088309.3,518,,
2026-07-31,SOHL,,589.4,566.2,583.9,,,179906,104488334.3,939,,
2026-07-31,SONA,,410,404,410,,,14952,6083886.5,172,,
2026-07-31,SOPL,,840,783.8,827,,,31094,25700306.3,960,,
2026-07-31,SPC,,422,407,421,,,8408,3503706.8,65,,
2026-07-31,SPDL,,374,365.2,372.1,,,34892,12884400.6,98,,
2026-07-31,SPHL,,565,515,539.6,,,5770,3085077,55,,
2026-07-31,SPL,,663.8,651,663.4,,,1940,1270527,19,,
2026-07-31,SRLI,,381.5,376.1,379.4,,,4482,1697624.8,103,,
2026-07-31,SSHL,,206,202.3,205,,,93044,19010077.1,271,,
2026-07-31,STC,,5200,5150,5150,,,289,1495546,12,,
2026-07-31,SWASTIK,,2026,2005,2020,,,170,343050,11,,
2026-07-31,SWBBL,,684,673,681.9,,,3994,2710374.3,38,,
2026-07-31,SWMF,,629,615.4,617,,,3215,1983001.7,33,,
2026-07-31,SYPNL,,1355,1264.5,1350,,,44453,59284285.2,527,,
2026-07-31,TAMOR,,453,445,449.3,,,27003,12135028.3,143,,
2026-07-31,TPC,,363.8,353.2,358.5,,,5940,2116565.6,45,,
2026-07-31,TPKHL,,548.9,520,548.9,,,39253,21039172.9,990,,
2026-07-31,TRH,,788,769.3,782,,,1222,953463.2,13,,
2026-07-31,TSHL,,381,368,374,,,3561,1324483.7,63,,
2026-07-31,TTL,,731,702,730,,,6475,4700621.9,153,,
2026-07-31,TVCL,,489,476,489,,,2210,1069002.6,27,,
2026-07-31,UHEWA,,579.8,564,572.1,,,13705,7851290.5,70,,
2026-07-31,ULBSL,,2787,2720,2775,,,433,1186866,21,,
2026-07-31,ULHC,,365,337,362,,,24501,8588236,169,,
2026-07-31,UMHL,,584.2,570,581,,,95992,55571232.2,111,,
2026-07-31,UMRH,,544,531,537.2,,,4468,2406650.3,40,,
2026-07-31,UNHPL,,385,380,382.1,,,10081,3843082.3,53,,
2026-07-31,UNL,,48590,48590,48590,,,10,485900,1,,
2026-07-31,UNLB,,1271.9,1235,1259,,,246,306057,15,,
2026-07-31,UPCL,,362,344,362,,,68843,24347310.9,159,,
2026-07-31,UPPER,,196,193,195.5,,,73985,14379602.7,316,,
2026-07-31,USHEC,,497,490,492,,,4347,2142045.4,31,,
2026-07-31,USHL,,570.1,526.3,544.3,,,1246,672294.1,43,,
2026-07-31,USLB,,1156,1135,1135,,,2288,2625228.9,34,,
2026-07-31,VLBS,,680,667,670,,,961,646110.4,57,,
2026-07-31,VLUCL,,430,417,429,,,9513,4015380,103,,
2026-07-31,YMHL,,654.7,622.3,644,,,28063,17970606.2,763,,
