date,symbol,open,high,low,close,prev_close,vwap,volume,turnover,trades,week_52_high,week_52_low
2026-02-01,ACLBSL,,1008,940,950,,,3320,3157696.9,60,,
2026-02-01,ADBL,,304,297,298.1,,,41620,12452476.4,186,,
2026-02-01,AHL,,579,550,572.8,,,4169,2372145,62,,
2026-02-01,AHPC,,275,270,270.2,,,84613,23000878.1,354,,
2026-02-01,AKJCL,,341,305,326.4,,,1746924,555240761.8,3495,,
2026-02-01,AKPL,,275,265,266.8,,,265681,71059716.9,546,,
2026-02-01,ALBSL,,1169,1100,1127,,,14362,16114088.1,172,,
2026-02-01,ALICL,,482.9,473,473,,,21608,10252875.3,185,,
2026-02-01,ANLB,,6110.9,6000,6002,,,146,878014.1,16,,
2026-02-01,API,,300.1,295,297,,,196511,58417035.3,505,,
2026-02-01,AVYAN,,970,930,960,,,4037,3811423.5,82,,
2026-02-01,BANDIPUR,,1088.5,1032.3,1037,,,171319,180869551.9,4154,,
2026-02-01,BARUN,,375,359,365,,,182981,66622072.4,623,,
2026-02-01,BBC,,4900,4802.3,4879,,,1088,5280295,80,,
2026-02-01,BEDC,,561,543,552.9,,,19415,10674315.9,245,,
2026-02-01,BFC,,494.7,474.4,485,,,39184,19063358.8,216,,
2026-02-01,BGWT,,790,770,774,,,6140,4781254.8,82,,
2026-02-01,BHCL,,625,598,604,,,110370,67251165.3,1764,,
2026-02-01,BHDC,,484,477,477,,,24285,11639067.6,200,,
2026-02-01,BHL,,215,205.8,206,,,487787,101953347.6,1596,,
2026-02-01,BHPL,,590,573.5,576,,,81329,47149200,445,,
2026-02-01,BNHC,,572,550.5,564,,,73784,41438252.7,320,,
2026-02-01,BNL,,15900.7,15900.7,15900.7,,,10,159007,1,,
2026-02-01,BNT,,12000,11705,11772,,,283,3366548,16,,
2026-02-01,BPCL,,789,753.2,754,,,89361,68283877.4,388,,
2026-02-01,BUNGAL,,720,695.8,702,,,40218,28305357.1,1037,,
2026-02-01,CBBL,,944.5,931,940.5,,,13311,12480094.9,160,,
2026-02-01,CFCL,,582,550.1,560,,,73720,41780476.6,351,,
2026-02-01,CGH,,882,862,866,,,35443,30862894.4,230,,
2026-02-01,CHCL,,480,469.5,470.1,,,42161,19878202.2,314,,
2026-02-01,CHDC,,2451,2405,2405,,,24262,58908535.3,265,,
2026-02-01,CHL,,292.7,282,283,,,60974,17411496.8,258,,
2026-02-01,CIT,,1780,1752,1764.1,,,5944,10525524.3,180,,
2026-02-01,CITY,,495,480,482,,,15976,7752306.9,177,,
2026-02-01,CKHL,,749.8,714,724.8,,,8909,6397710,95,,
2026-02-01,CLI,,475,468,472,,,28836,13574061.6,420,,
2026-02-01,CREST,,1568.7,1384.8,1568.7,,,43300,61366113.6,824,,
2026-02-01,CYCL,,1608,1549,1578,,,1645,2591238.2,54,,
2026-02-01,CZBIL,,199.1,193,199.1,,,71436,13988026.4,197,,
2026-02-01,DDBL,,856.2,830.5,840,,,7128,6001068.7,91,,
2026-02-01,DHEL,,777,721,760.9,,,74101,55594966.2,1660,,
2026-02-01,DHPL,,309.8,303.5,307.5,,,13932,4273198.3,103,,
2026-02-01,DLBS,,1374,1320.6,1369.9,,,1064,1412129.6,29,,
2026-02-01,DOLTI,,536.5,525.8,530,,,9533,5055285.2,100,,
2026-02-01,DORDI,,290,279,280,,,169135,47813680.2,612,,
2026-02-01,EBL,,675,668,668.5,,,19118,12794895.9,197,,
2026-02-01,EHPL,,458,432,435,,,63485,27792931.1,420,,
2026-02-01,ENL,,968.9,920,935,,,2005,1888181.7,52,,
2026-02-01,FMDBL,,818,796,800,,,24862,20045005.3,142,,
2026-02-01,FOWAD,,1098.5,1074.1,1080,,,2043,2206286.6,48,,
2026-02-01,GBIME,,228.9,226.1,227.9,,,111683,25397468.9,379,,
2026-02-01,GBLBS,,790,767,772.1,,,6279,4876125.1,91,,
2026-02-01,GCIL,,430,421.2,424.9,,,17740,7525596,274,,
2026-02-01,GFCL,,695,658,682,,,88596,59326379.3,551,,
2026-02-01,GHL,,244.7,235.8,236,,,206439,49363340.4,586,,
2026-02-01,GILB,,1185.2,1166.4,1170.1,,,990,1166850.3,17,,
2026-02-01,GLBSL,,2050,2010,2010,,,1206,2435477.5,41,,
2026-02-01,GLH,,271.3,263,268,,,79107,21160200.8,393,,
2026-02-01,GMFBS,,1519,1470.1,1478,,,1170,1725026.1,29,,
2026-02-01,GMFIL,,494.7,481.1,485.9,,,25513,12410119.5,130,,
2026-02-01,GMLI,,1777,1751,1769,,,1900,3336209.6,95,,
2026-02-01,GUFL,,602,561.5,581.4,,,55864,32624563.5,409,,
2026-02-01,GVL,,509,499,502,,,86568,43487740.1,385,,
2026-02-01,HATHY,,930,915,915,,,11222,10317517.5,191,,
2026-02-01,HBL,,193,190.4,191.9,,,68331,13052246.1,1884,,
2026-02-01,HDHPC,,223,204.1,210,,,899086,192248496.7,2467,,
2026-02-01,HDL,,1160,1150,1151,,,65968,76039961,862,,
2026-02-01,HHL,,352,337.2,338,,,37160,12655474.1,203,,
2026-02-01,HIDCL,,270.9,263.2,265,,,171572,45284895.1,436,,
2026-02-01,HIMSTAR,,1050,980,980.2,,,34438,34541659.8,711,,
2026-02-01,HLBSL,,915,907,914,,,3871,3524319.6,40,,
2026-02-01,HLI,,373,365,366.3,,,66162,24287839.2,505,,
2026-02-01,HPPL,,481.8,468.1,470,,,136096,64406103.1,426,,
2026-02-01,HRL,,873.9,850,853,,,135423,115844893.2,1252,,
2026-02-01,HURJA,,261,245.4,257,,,476144,121963657,1423,,
2026-02-01,ICFC,,683,665,670,,,45603,30761556.6,226,,
2026-02-01,IHL,,586.9,567.1,568,,,22199,12676312.2,172,,
2026-02-01,ILBS,,1016,974,999,,,8094,7986418.5,79,,
2026-02-01,ILI,,449,444.4,445,,,15822,7057556,404,,
2026-02-01,JBLB,,1335,1317.1,1325,,,6529,8625204.8,169,,
2026-02-01,JFL,,467,435.1,440,,,18948,8402690.1,168,,
2026-02-01,JHAPA,,1469.9,1404.4,1420,,,11431,16287691.9,405,,
2026-02-01,JOSHI,,308,297,300,,,60091,18118659,312,,
2026-02-01,JSLBB,,1179.9,1167,1179,,,1598,1867236.9,34,,
2026-02-01,KBL,,192.5,188,189,,,223981,42623202.4,689,,
2026-02-01,KBSH,,1710,1660.1,1660.1,,,867,1454504.9,21,,
2026-02-01,KDL,,810,780,790,,,5836,4639944.4,214,,
2026-02-01,KKHC,,244,236,236.3,,,105217,25133371.8,419,,
2026-02-01,KMCDB,,963.9,947,953.1,,,3035,2903632.8,36,,
2026-02-01,KPCL,,587.1,548,555,,,65933,36432551.1,360,,
2026-02-01,LEC,,226,215.6,215.9,,,222941,48899883.6,554,,
2026-02-01,LICN,,870.9,845,855.4,,,15157,13009881.8,95,,
2026-02-01,LLBS,,1010,985,985,,,166,164196,11,,
2026-02-01,LSL,,213.5,210,212.9,,,63777,13498822.5,219,,
2026-02-01,MABEL,,838,807,814,,,37523,30706427.6,750,,
2026-02-01,MAKAR,,553,543,548,,,3725,2042169.2,74,,
2026-02-01,MANDU,,836,803.6,810.1,,,2379,1927665.7,75,,
2026-02-01,MATRI,,990,971,973.5,,,1505,1469861.4,51,,
2026-02-01,MBJC,,294.9,290,291.5,,,23561,6862785.2,306,,
2026-02-01,MBL,,233,227,228,,,62831,14381644.9,162,,
2026-02-01,MCHL,,455,438.2,439.5,,,6336,2791982,84,,
2026-02-01,MEHL,,464.5,445,449.9,,,30411,13694049.3,230,,
2026-02-01,MEL,,290.7,278.1,282,,,21471,6019616.8,255,,
2026-02-01,MEN,,599.1,585,586,,,52985,31275459.5,292,,
2026-02-01,MERO,,760,740,741.1,,,10250,7609895.9,67,,
2026-02-01,MFIL,,824,797,799.9,,,184603,149527269.2,578,,
2026-02-01,MHCL,,404,392.2,392.5,,,5782,2294309.8,95,,
2026-02-01,MHL,,534,516,516,,,18229,9441675.9,139,,
2026-02-01,MHNL,,283,269.4,276,,,59646,16537175.2,233,,
2026-02-01,MKCL,,1425,1386.1,1390,,,4614,6447067.7,108,,
2026-02-01,MKHC,,370,345,352,,,35692,12542652.2,242,,
2026-02-01,MKHL,,853,796.4,819,,,23098,18839155.8,180,,
2026-02-01,MKJC,,539.9,529,537,,,47626,25415945.1,188,,
2026-02-01,MLBBL,,1555,1360.4,1555,,,28463,39630874.7,241,,
2026-02-01,MLBS,,1508,1435,1450,,,1871,2747445.5,29,,
2026-02-01,MLBSL,,1938,1890,1899,,,2109,4000419,47,,
2026-02-01,MMKJL,,614.9,590,600,,,19293,11564418.4,230,,
2026-02-01,MPFL,,649,625,642,,,29265,18710681.6,196,,
2026-02-01,MSHL,,846,821,830,,,5185,4323298.6,55,,
2026-02-01,MSLB,,1367,1237,1361.7,,,10080,13210735.1,100,,
2026-02-01,NABIL,,506,497,498.1,,,84076,41889487.5,632,,
2026-02-01,NADEP,,810,794,807.9,,,2080,1656580,27,,
2026-02-01,NBL,,247.5,240.6,246,,,53349,13073413.7,260,,
2026-02-01,NESDO,,1536,1500,1505,,,2068,3120092.9,46,,
2026-02-01,NFS,,658,645.4,647,,,14489,9405941.8,155,,
2026-02-01,NGPL,,436,420.5,423,,,664723,282865027.6,1601,,
2026-02-01,NHDL,,679,661,669,,,8566,5722968,60,,
2026-02-01,NHPC,,224.4,212.8,215,,,199067,43293606.5,593,,
2026-02-01,NICA,,338,330.5,330.5,,,88265,29373917.1,507,,
2026-02-01,NICLBSL,,580,563.1,565,,,17253,9778461.4,178,,
2026-02-01,NIFRA,,268.5,264,264,,,120251,31855291.1,592,,
2026-02-01,NIMB,,198.8,191.5,192,,,111437,21497098.3,396,,
2026-02-01,NLIC,,791,768,769.4,,,34728,26776630.9,299,,
2026-02-01,NLICL,,591,580,585.3,,,16701,9768748.8,82,,
2026-02-01,NLO,,259.1,259.1,259.1,,,0,0,0,,
2026-02-01,NMB,,240,237,237.2,,,32424,7715937,153,,
2026-02-01,NMBMF,,695,680,684,,,5280,3618422.3,53,,
2026-02-01,NMFBS,,1111,1096,1105.2,,,7226,7976760,77,,
2026-02-01,NMLBBL,,646.1,636,637,,,13647,8736686.5,123,,
2026-02-01,NRIC,,1290,1259,1270,,,36248,45859378.4,387,,
2026-02-01,NRM,,448.9,440,440,,,25460,11255239.2,275,,
2026-02-01,NRN,,1570,1525,1539.9,,,51066,78661698.6,350,,
2026-02-01,NTC,,870,853,856,,,9080,7784000.8,197,,
2026-02-01,NUBL,,720,714.1,715,,,4560,3267984.1,42,,
2026-02-01,NWCL,,984,918,918,,,17013,16021037.7,183,,
2026-02-01,NYADI,,409,400,403,,,11779,4759372.6,134,,
2026-02-01,OHL,,719,705,706.3,,,3605,2545920.7,31,,
2026-02-01,OMPL,,1438,1391,1400,,,25885,36377295.2,571,,
2026-02-01,PCBL,,242,237.5,238,,,77146,18380984.7,174,,
2026-02-01,PFL,,392.6,380.5,385,,,79808,30924113.8,468,,
2026-02-01,PHCL,,304,291.2,294,,,152683,45088476.2,734,,
2026-02-01,PMHPL,,344,333.1,340,,,45638,15453177.2,153,,
2026-02-01,PMLI,,529.7,510.2,513,,,27932,14463747.3,177,,
2026-02-01,PPCL,,385,372,375,,,39455,14835679.8,191,,
2026-02-01,PPL,,385,373.3,375,,,281446,105759697.5,867,,
2026-02-01,PROFL,,484,470,471.2,,,24867,11839896.3,147,,
2026-02-01,PRVU,,190,185,187,,,196619,36634444.9,536,,
2026-02-01,PURE,,1134.2,1069,1080,,,38557,41921960.9,597,,
2026-02-01,RADHI,,870,838,845,,,458748,389828440.8,1256,,
2026-02-01,RAWA,,851.7,751.5,757,,,33610,25599306.7,164,,
2026-02-01,RFPL,,436,413.7,416,,,331732,139834004.4,1356,,
2026-02-01,RHGCL,,306,295,299,,,120622,36018093.4,425,,
2026-02-01,RHPL,,292,285,287,,,27176,7813501.7,238,,
2026-02-01,RIDI,,254.9,243.1,246.5,,,171897,42524642.1,447,,
2026-02-01,RLFL,,490,460.2,465,,,30206,14182501.8,180,,
2026-02-01,RNLI,,473,460.8,461.3,,,44230,20427836.9,464,,
2026-02-01,RSDC,,662,646.1,657,,,15761,10360602.7,88,,
2026-02-01,RURU,,680,662.1,667.9,,,10175,6762173.9,100,,
2026-02-01,SAGAR,,2172.6,2070,2085,,,37451,78369333.1,874,,
2026-02-01,SAHAS,,570,559,562,,,50571,28446885.3,411,,
2026-02-01,SAIL,,1484,1310,1344,,,132819,179887725.5,3681,,
2026-02-01,SANIMA,,336.9,330.2,331.2,,,67765,22517759.9,230,,
2026-02-01,SANVI,,930,863,865,,,101928,91397952.4,1492,,
2026-02-01,SARBTM,,888,863,874.5,,,35687,31033983,154,,
2026-02-01,SBI,,411,405,409.9,,,46960,19128767.1,107,,
2026-02-01,SBL,,394,385.1,385.1,,,212430,82223575.6,204,,
2026-02-01,SCB,,633.9,628.1,631.5,,,22323,14097654.6,144,,
2026-02-01,SGHC,,446,424.4,432,,,87514,38137729,477,,
2026-02-01,SHEL,,292.7,284.1,284.1,,,98486,28270695.4,351,,
2026-02-01,SHIVM,,623,610,612,,,212694,130594396.1,843,,
2026-02-01,SHL,,504.9,490,496.1,,,30983,15420343.7,120,,
2026-02-01,SHLB,,1670,1630,1644.9,,,295,483912.5,21,,
2026-02-01,SHPC,,547.6,537,538.1,,,85860,46585898.6,360,,
2026-02-01,SIFC,,687.4,631,650,,,111598,72010049.2,363,,
2026-02-01,SIKLES,,637.6,610,614.1,,,24762,15354065.6,204,,
2026-02-01,SJCL,,306,297.9,298.4,,,18456,5526133,159,,
2026-02-01,SJLIC,,447,440.1,447,,,27552,12253019.9,218,,
2026-02-01,SKBBL,,794,776,777.3,,,11425,8897123.1,104,,
2026-02-01,SLBBL,,835,823.1,830,,,4926,4075331.3,97,,
2026-02-01,SLBSL,,1365,1315,1340,,,705,943152.3,33,,
2026-02-01,SMATA,,802,792,793.3,,,4513,3590994.6,84,,
2026-02-01,SMB,,1943,1900,1900.1,,,2531,4846607.2,72,,
2026-02-01,SMFBS,,1669,1610,1669,,,356,580776,18,,
2026-02-01,SMH,,733,719.4,720,,,2000,1445936.8,36,,
2026-02-01,SMHL,,540,519,519,,,23198,12170962.2,280,,
2026-02-01,SMJC,,505,488,498.7,,,18166,9053585.1,207,,
2026-02-01,SMPDA,,890.9,880,890.9,,,4345,3854055.7,64,,
2026-02-01,SNLI,,473.6,469,470,,,24720,11636359.5,421,,
2026-02-01,SONA,,440,431.5,434,,,33029,14344963.2,470,,
2026-02-01,SPC,,535,510.1,520,,,26086,13529740.5,175,,
2026-02-01,SPDL,,422,412.6,414.9,,,78486,32731111,256,,
2026-02-01,SPHL,,600,576.5,580,,,18568,10848087.4,170,,
2026-02-01,SPL,,896.3,844.3,862,,,3834,3269316,26,,
2026-02-01,SRLI,,395,391.7,392.2,,,23638,9285312.5,279,,
2026-02-01,SSHL,,211.1,199.9,207.9,,,1515288,313975828.9,4801,,
2026-02-01,STC,,5650,5600,5640,,,1592,8966303,36,,
2026-02-01,SWASTIK,,3010,2950,2960,,,3978,11848991.5,174,,
2026-02-01,SWBBL,,756.9,740,745,,,2916,2172285.3,31,,
2026-02-01,SWMF,,701,671,671,,,8779,5940029.5,65,,
2026-02-01,SYPNL,,2010,1822.1,1846.1,,,284858,536486965.5,11856,,
2026-02-01,TAMOR,,458,449,451,,,13600,6143872.2,176,,
2026-02-01,TPC,,399.7,379,381,,,151597,58107858,569,,
2026-02-01,TRH,,757,740,746.1,,,4091,3054775.6,55,,
2026-02-01,TSHL,,801,775,783,,,22967,17962784.2,145,,
2026-02-01,TTL,,1010,930,940,,,144459,139618091.2,2342,,
2026-02-01,TVCL,,569.1,535,554.9,,,72957,39855007.4,531,,
2026-02-01,UHEWA,,566,556,566,,,14078,7897751.4,132,,
2026-02-01,ULBSL,,3300,3251,3299,,,747,2433342.4,33,,
2026-02-01,ULHC,,494,480,485,,,17033,8257792.6,164,,
2026-02-01,UMHL,,698,640,657,,,167879,110900295.5,687,,
2026-02-01,UMRH,,573,560,562,,,15115,8525574.1,92,,
2026-02-01,UNHPL,,515,499.8,508,,,728599,371143268.6,1899,,
2026-02-01,UNL,,47500,46900,47100,,,60,2824000,6,,
2026-02-01,UNLB,,1887,1876,1881.4,,,169,318060.7,10,,
2026-02-01,UPCL,,394.8,378.1,379,,,124301,47586218.6,486,,
2026-02-01,UPPER,,194,188,189,,,146801,27846384.3,785,,
2026-02-01,USHEC,,495,481,485.1,,,70216,34318105.7,324,,
2026-02-01,USHL,,820.9,777.7,797,,,11692,9208218.8,128,,
2026-02-01,USLB,,1495,1470,1485,,,3877,5734984.1,73,,
2026-02-01,VLBS,,785.8,760.1,770,,,3620,2784250,50,,
2026-02-01,VLUCL,,599,569,582,,,18804,10920616.2,202,,
2026-02-02,ACLBSL,,1006,950,950,,,2323,2216103,51,,
2026-02-02,ADBL,,304,296,299,,,17660,5261467.5,130,,
2026-02-02,AHL,,569,546.9,562.9,,,11953,6655411,121,,
2026-02-02,AHPC,,273,266,266.1,,,83788,22492812.8,326,,
2026-02-02,AKJCL,,338,319.9,326.9,,,1252669,414999662.1,2707,,
2026-02-02,AKPL,,271,266,268,,,544698,146202856,802,,
2026-02-02,ALBSL,,1130,1098,1117,,,12425,13817617.2,185,,
2026-02-02,ALICL,,482,475,479,,,34706,16568406.3,222,,
2026-02-02,ANLB,,6120,6002,6010,,,370,2251772.6,23,,
2026-02-02,API,,301,296,298,,,136059,40427164.5,328,,
2026-02-02,AVYAN,,959,935.9,959,,,5556,5229288.4,59,,
2026-02-02,BANDIPUR,,1140.7,1030.1,1140,,,255110,284143500.5,4443,,
2026-02-02,BARUN,,370,359,363,,,203987,74259203.3,534,,
2026-02-02,BBC,,4970,4790,4883,,,957,4670647,70,,
2026-02-02,BEDC,,551,533,540.1,,,14863,8080097.9,148,,
2026-02-02,BFC,,493.9,481,485,,,26659,12950682.9,174,,
2026-02-02,BGWT,,779.9,770.3,779,,,677,523733,30,,
2026-02-02,BHCL,,652,605,638,,,166349,105003042.7,1813,,
2026-02-02,BHDC,,484,477.2,481,,,34291,16480194.6,192,,
2026-02-02,BHL,,209.2,202.2,203,,,200896,41102633.3,735,,
2026-02-02,BHPL,,587.5,569,569.2,,,54225,31144095.5,319,,
2026-02-02,BNHC,,559.9,538,551,,,43550,24005776.9,238,,
2026-02-02,BNL,,16050,15729,15800,,,70,1109290,7,,
2026-02-02,BNT,,12000,11536.6,11777,,,105,1242652.2,10,,
2026-02-02,BPCL,,769.8,741.2,744,,,157136,117487458,545,,
2026-02-02,BUNGAL,,752,696,740,,,57882,42378159.9,1102,,
2026-02-02,CBBL,,945,932,935,,,5318,4977712.5,129,,
2026-02-02,CFCL,,578.3,548.8,553.1,,,38115,21222398.7,199,,
2026-02-02,CGH,,875,863,868,,,11373,9885193.2,119,,
2026-02-02,CHCL,,475.9,470,472,,,28526,13427311.9,168,,
2026-02-02,CHDC,,2450,2382,2394,,,17337,41549750.7,266,,
2026-02-02,CHL,,287,278,279,,,66913,18836073.8,234,,
2026-02-02,CIT,,1780,1759,1765,,,5866,10352083.5,157,,
2026-02-02,CITY,,485,480,480,,,7215,3472448.3,112,,
2026-02-02,CKHL,,797,698,744,,,13747,10247834.2,202,,
2026-02-02,CLI,,475,465.3,468.5,,,15315,7180920.2,334,,
2026-02-02,CREST,,1537.4,1441,1482,,,52269,76854715.3,741,,
2026-02-02,CYCL,,1599,1560,1562,,,16002,25226971.9,58,,
2026-02-02,CZBIL,,203,194.7,199.5,,,60420,11924711.6,167,,
2026-02-02,DDBL,,844,832,843,,,9142,7669643.3,67,,
2026-02-02,DHEL,,820,761,816,,,104728,83777906.2,1800,,
2026-02-02,DHPL,,311,302.7,303,,,7903,2413889.3,81,,
2026-02-02,DLBS,,1380,1345,1368,,,534,720490,23,,
2026-02-02,DOLTI,,540,520,527,,,3106,1632000.5,61,,
2026-02-02,DORDI,,285.5,278.5,281.9,,,123872,34743592.9,422,,
2026-02-02,EBL,,670,655.2,668.2,,,24631,16452521.3,167,,
2026-02-02,EHPL,,440,427,430,,,69772,30147543,352,,
2026-02-02,ENL,,953,915,915,,,1626,1508866.5,34,,
2026-02-02,FMDBL,,816,798,802,,,18417,14833332.4,137,,
2026-02-02,FOWAD,,1089.9,1071.1,1088,,,2608,2803421.1,48,,
2026-02-02,GBIME,,229,223.4,227.8,,,53749,12227713.2,268,,
2026-02-02,GBLBS,,779.7,765.2,771,,,3120,2416380.7,64,,
2026-02-02,GCIL,,428,418,421.2,,,18722,7882444.5,280,,
2026-02-02,GFCL,,684.9,662,672,,,38609,25838142.5,264,,
2026-02-02,GHL,,239.9,232.5,232.5,,,103891,24468720.9,323,,
2026-02-02,GILB,,1193.5,1151,1193.5,,,3009,3510305.1,55,,
2026-02-02,GLBSL,,2050.2,2001,2030,,,638,1285578.7,26,,
2026-02-02,GLH,,271.8,264.9,266,,,46882,12510843.2,208,,
2026-02-02,GMFBS,,1492,1470,1492,,,1412,2086076.5,32,,
2026-02-02,GMFIL,,495.6,476,479.9,,,33052,15918945.9,126,,
2026-02-02,GMLI,,1822.7,1751.5,1792,,,4119,7354247.6,118,,
2026-02-02,GUFL,,591.7,578,582,,,28839,16811758,183,,
2026-02-02,GVL,,506,495.6,498,,,76091,37964498.9,423,,
2026-02-02,HATHY,,932.5,910,920,,,7043,6435865,150,,
2026-02-02,HBL,,191,188.1,188.8,,,68648,12999435.2,1388,,
2026-02-02,HDHPC,,216.6,203,204.3,,,384572,80330416.9,1156,,
2026-02-02,HDL,,1163,1145,1148,,,61474,70627680.3,688,,
2026-02-02,HHL,,342.7,333,333,,,45211,15235183.4,234,,
2026-02-02,HIDCL,,268,262.1,262.9,,,73258,19303235.2,294,,
2026-02-02,HIMSTAR,,1078.2,960.6,1078.2,,,47789,50636076,619,,
2026-02-02,HLBSL,,932,916.4,918,,,2290,2115334.6,30,,
2026-02-02,HLI,,371,366,367,,,43210,15882600.8,389,,
2026-02-02,HPPL,,479,470,470.2,,,106235,50111348.7,281,,
2026-02-02,HRL,,865,836,846.2,,,142544,121352489.8,1269,,
2026-02-02,HURJA,,259.79,250,255,,,198093,50198187.3,564,,
2026-02-02,ICFC,,674,660,660,,,20854,13857485.3,157,,
2026-02-02,IHL,,569,555,556.6,,,15766,8838797,142,,
2026-02-02,ILBS,,1009.9,975,975,,,6611,6483581.8,79,,
2026-02-02,ILI,,446,441.2,442.2,,,22047,9762295.4,360,,
2026-02-02,JBLB,,1329,1318,1323,,,3868,5115336.3,121,,
2026-02-02,JFL,,445,433.9,440,,,15110,6615087,126,,
2026-02-02,JHAPA,,1560,1420,1514,,,13808,20612703.8,389,,
2026-02-02,JOSHI,,302,295,296,,,44017,13085904,232,,
2026-02-02,JSLBB,,1180,1165.3,1180,,,629,734328,13,,
2026-02-02,KBL,,190.6,186,186.7,,,142438,26671837.3,449,,
2026-02-02,KBSH,,1693.3,1660,1668,,,91,153160,6,,
2026-02-02,KDL,,818,790,810,,,7698,6214718.5,150,,
2026-02-02,KKHC,,240,231.6,233.9,,,73574,17301711.7,293,,
2026-02-02,KMCDB,,955,940.2,941,,,2557,2408269.3,54,,
2026-02-02,KPCL,,556,541,542.1,,,58233,31980863.6,278,,
2026-02-02,LEC,,219.7,211.7,212.6,,,209565,44870460.9,516,,
2026-02-02,LICN,,869,847,849,,,19208,16385196.9,120,,
2026-02-02,LLBS,,1008,946.1,1008,,,1952,1911122,41,,
2026-02-02,LSL,,217.1,209.1,212.3,,,89040,18739621,253,,
2026-02-02,MABEL,,865,810,845,,,38649,32693822.3,708,,
2026-02-02,MAKAR,,586,539.1,560,,,11444,6400048.9,119,,
2026-02-02,MANDU,,846,800,810.1,,,1046,852205,48,,
2026-02-02,MATRI,,978,970.2,978,,,1341,1306644,34,,
2026-02-02,MBJC,,291,288,288,,,30377,8784897.5,344,,
2026-02-02,MBL,,231,228,229,,,24657,5647218.4,81,,
2026-02-02,MCHL,,448,431.1,431.1,,,4618,2006380.1,72,,
2026-02-02,MEHL,,456.8,445,446,,,17282,7749601.8,182,,
2026-02-02,MEL,,285,277,279.9,,,15297,4268068.5,217,,
2026-02-02,MEN,,596,583,585,,,28158,16543563,211,,
2026-02-02,MERO,,755.8,741.5,743,,,5861,4370098.6,64,,
2026-02-02,MFIL,,806.9,785,790,,,115001,91032043.9,433,,
2026-02-02,MHCL,,400,390,392.8,,,15414,6062797.3,139,,
2026-02-02,MHL,,521.9,507.2,510,,,25594,13063114.7,193,,
2026-02-02,MHNL,,281.5,265.1,272.6,,,22766,6272401.8,118,,
2026-02-02,MKCL,,1445,1390,1411,,,4888,6936547.4,121,,
2026-02-02,MKHC,,359,340,353,,,33775,11654394.6,285,,
2026-02-02,MKHL,,868,803.5,839.9,,,20431,16917630.3,140,,
2026-02-02,MKJC,,548,530,538.6,,,54395,29365955.6,298,,
2026-02-02,MLBBL,,1523.9,1399.5,1399.5,,,37359,52296489.8,397,,
2026-02-02,MLBS,,1469,1426.2,1467,,,777,1130416.4,17,,
2026-02-02,MLBSL,,1925,1880,1890,,,1073,2049381.7,34,,
2026-02-02,MMKJL,,612,590,600,,,17243,10281653.7,182,,
2026-02-02,MPFL,,652,630.1,637,,,20657,13156453.1,108,,
2026-02-02,MSHL,,830,818,824,,,560,461040,21,,
2026-02-02,MSLB,,1362,1306,1351.5,,,1428,1897420,56,,
2026-02-02,NABIL,,500,488.2,498.8,,,61083,30416105.6,477,,
2026-02-02,NADEP,,824,792,821,,,1641,1330444.7,28,,
2026-02-02,NBL,,249.8,241.1,246,,,26541,6516964.3,185,,
2026-02-02,NESDO,,1525,1475,1525,,,1967,2923206.1,60,,
2026-02-02,NFS,,657.9,641,647.9,,,13336,8639704.8,164,,
2026-02-02,NGPL,,429.9,420.4,422,,,493270,209632580.3,1079,,
2026-02-02,NHDL,,682,655,662,,,17849,11785618.7,159,,
2026-02-02,NHPC,,217,211.2,211.4,,,100391,21438760.2,360,,
2026-02-02,NICA,,338,330.5,334,,,39025,12973459.3,244,,
2026-02-02,NICLBSL,,579,560,571.8,,,15491,8849114.6,200,,
2026-02-02,NIFRA,,266,262.2,263.5,,,81316,21415906.3,559,,
2026-02-02,NIMB,,194,189.5,192.5,,,121725,23424445.5,283,,
2026-02-02,NLIC,,780,754.2,763.2,,,44965,34387737.6,309,,
2026-02-02,NLICL,,597,582,586.5,,,13531,7931764.6,68,,
2026-02-02,NLO,,269.4,264.2,269.4,,,30,8030,2,,
2026-02-02,NMB,,240,236.1,238,,,27764,6580587.5,116,,
2026-02-02,NMBMF,,689.8,681,681.4,,,2281,1559258.9,30,,
2026-02-02,NMFBS,,1116,1105,1107,,,4088,4520992.3,53,,
2026-02-02,NMLBBL,,640,626.2,640,,,6340,4037822,69,,
2026-02-02,NRIC,,1290,1245,1261,,,71490,90560652.7,409,,
2026-02-02,NRM,,446.6,431.2,435,,,25596,11203126,244,,
2026-02-02,NRN,,1560,1510,1539,,,54382,84134692,355,,
2026-02-02,NTC,,860,850,850,,,16347,13944611.1,230,,
2026-02-02,NUBL,,729,710.1,716,,,4225,3020429.5,34,,
2026-02-02,NWCL,,961.8,919,956,,,15662,14710563.8,167,,
2026-02-02,NYADI,,410,398,404,,,7747,3106990.5,121,,
2026-02-02,OHL,,710.9,706,708,,,1836,1300011.9,27,,
2026-02-02,OMPL,,1460,1400,1441,,,23208,33301304.4,560,,
2026-02-02,PCBL,,240,236,237,,,56722,13449203.2,180,,
2026-02-02,PFL,,392,384,385,,,34213,13261241.4,172,,
2026-02-02,PHCL,,299,286.5,289.8,,,221504,64029097.6,698,,
2026-02-02,PMHPL,,343.9,335.5,335.6,,,59948,20312467.4,162,,
2026-02-02,PMLI,,522.9,509.1,515,,,21394,10966630.3,178,,
2026-02-02,PPCL,,377.5,372,377,,,67071,25127412,169,,
2026-02-02,PPL,,403.9,376,399,,,634437,249666256.7,1938,,
2026-02-02,PROFL,,480,467,467,,,14996,7076405.5,110,,
2026-02-02,PRVU,,190.7,185.1,185.6,,,101171,18799442.8,375,,
2026-02-02,PURE,,1170,1080,1133,,,38362,43298478.1,565,,
2026-02-02,RADHI,,859.9,828.1,844,,,333893,282850533.4,911,,
2026-02-02,RAWA,,765,730.1,761.9,,,5187,3884612,76,,
2026-02-02,RFPL,,428.5,407.7,424.3,,,206026,87106098.9,993,,
2026-02-02,RHGCL,,304.9,286,286.9,,,151517,44125919.4,509,,
2026-02-02,RHPL,,290,281.4,283,,,89638,25659363.9,234,,
2026-02-02,RIDI,,249,241.2,244,,,91794,22446481.8,252,,
2026-02-02,RLFL,,474,456,460,,,18188,8414847.7,140,,
2026-02-02,RNLI,,465,460.2,461.8,,,32505,15020600.3,452,,
2026-02-02,RSDC,,668.8,651.3,661.5,,,9983,6532067.3,85,,
2026-02-02,RURU,,670,661,664,,,7695,5102630.4,73,,
2026-02-02,SAGAR,,2293,2077,2203,,,49340,107809518.9,808,,
2026-02-02,SAHAS,,590,560,562.5,,,87207,49876079.9,458,,
2026-02-02,SAIL,,1478.4,1344.1,1478.4,,,112327,161834959.1,2015,,
2026-02-02,SANIMA,,336,324.6,330,,,67528,22248579.4,243,,
2026-02-02,SANVI,,951,855,951,,,161879,149537032.8,1727,,
2026-02-02,SARBTM,,890,863.1,863.4,,,37022,32077377.8,183,,
2026-02-02,SBI,,410,405,407,,,16136,6550872,38,,
2026-02-02,SBL,,390,383.2,386.3,,,90624,34919209.1,168,,
2026-02-02,SCB,,635,629.5,631.5,,,35979,22764290.8,127,,
2026-02-02,SGHC,,474,423.4,429.1,,,152142,66358523.6,496,,
2026-02-02,SHEL,,291.7,284.2,290,,,166456,48028865,428,,
2026-02-02,SHIVM,,618.2,599.8,612.4,,,151189,92634891.3,541,,
2026-02-02,SHL,,500,490.1,493.1,,,10981,5444531.3,59,,
2026-02-02,SHLB,,1655,1619,1630,,,1064,1732256.5,26,,
2026-02-02,SHPC,,545,528.1,535,,,47330,25476545.2,259,,
2026-02-02,SIFC,,660,635,636,,,115363,73942469,273,,
2026-02-02,SIKLES,,624,610,617,,,11689,7174142.4,141,,
2026-02-02,SJCL,,304,297.3,304,,,19072,5714774.9,196,,
2026-02-02,SJLIC,,450,440,443.8,,,22950,10204181,228,,
2026-02-02,SKBBL,,790,762,770,,,18470,14236517.4,209,,
2026-02-02,SLBBL,,846.5,821.1,828.8,,,9893,8185483.3,124,,
2026-02-02,SLBSL,,1345,1320,1336,,,1426,1884496,48,,
2026-02-02,SMATA,,798,785.1,786.1,,,7425,5859255,99,,
2026-02-02,SMB,,1905,1866,1871,,,2171,4083799.5,62,,
2026-02-02,SMFBS,,1667.9,1615.1,1666.9,,,458,749689.7,26,,
2026-02-02,SMH,,724.5,695,710,,,4845,3447090.7,49,,
2026-02-02,SMHL,,521,505,508,,,30752,15645593.2,383,,
2026-02-02,SMJC,,500,491,495,,,4966,2457957.2,123,,
2026-02-02,SMPDA,,895,885.3,886,,,3074,2727653.1,65,,
2026-02-02,SNLI,,478.9,467.2,468.1,,,28152,13218246.7,417,,
2026-02-02,SONA,,440,426,435,,,40470,17574618.6,412,,
2026-02-02,SPC,,527,505.8,517.9,,,27541,14172364.4,165,,
2026-02-02,SPDL,,419,404,404,,,183719,74895175.6,504,,
2026-02-02,SPHL,,590,574.4,576.1,,,10765,6236438.4,79,,
2026-02-02,SPL,,865,829,850.4,,,3866,3299306.7,48,,
2026-02-02,SRLI,,397.4,384.4,392.4,,,22560,8885619.5,271,,
2026-02-02,SSHL,,211,196.7,197.5,,,791482,159663993.7,2501,,
2026-02-02,STC,,5640,5577,5605,,,635,3570813.9,25,,
2026-02-02,SWASTIK,,3050,2926,2999,,,4063,12179942,169,,
2026-02-02,SWBBL,,750.8,741,745,,,5963,4458208.1,49,,
2026-02-02,SWMF,,683,670,679,,,2611,1754711.8,49,,
2026-02-02,SYPNL,,2030.7,1855,2030.7,,,194676,385003033.7,6673,,
2026-02-02,TAMOR,,454,446,447.2,,,9267,4164398.2,158,,
2026-02-02,TPC,,404.8,374,402.3,,,453542,179593194.7,1381,,
2026-02-02,TRH,,754,739.5,741.1,,,3203,2385209.5,30,,
2026-02-02,TSHL,,793.9,765,767.2,,,9905,7657215.6,116,,
2026-02-02,TTL,,1030,940,1024,,,150411,150839084.3,2427,,
2026-02-02,TVCL,,575.2,547,563,,,137572,77584535,512,,
2026-02-02,UHEWA,,569.8,561.1,563,,,12984,7321275.1,81,,
2026-02-02,ULBSL,,3300,3202.4,3221,,,1351,4380567.5,56,,
2026-02-02,ULHC,,492,481.5,486.6,,,32206,15668208.6,203,,
2026-02-02,UMHL,,658,632,643,,,230730,149124454.1,622,,
2026-02-02,UMRH,,573.2,555.6,562.9,,,13518,7564257.3,86,,
2026-02-02,UNHPL,,523,500,514.9,,,443962,229097796.5,1291,,
2026-02-02,UNL,,47100,47000,47000,,,50,2352000,5,,
2026-02-02,UNLB,,1919,1881,1882,,,603,1136150.3,24,,
2026-02-02,UPCL,,385,371,372,,,190583,71565934.9,628,,
2026-02-02,UPPER,,191.9,185.3,187,,,119509,22496730,541,,
2026-02-02,USHEC,,493.9,480,489.9,,,30294,14783059.7,208,,
2026-02-02,USHL,,824,775.1,789.9,,,9249,7274078,112,,
2026-02-02,USLB,,1500,1465,1470,,,4225,6237593.5,85,,
2026-02-02,VLBS,,784.3,761.1,766.3,,,916,709273.8,45,,
2026-02-02,VLUCL,,582,567,567.1,,,10406,5954857,142,,
2026-02-03,ACLBSL,,969,943,943,,,3235,3087923.9,63,,
2026-02-03,ADBL,,304.8,296.2,298,,,10054,2984354,112,,
2026-02-03,AHL,,566,552,552,,,5921,3287368,66,,
2026-02-03,AHPC,,270,264,264,,,90441,24025950.3,357,,
2026-02-03,AKJCL,,333,320.4,322,,,1258177,410043718,2354,,
2026-02-03,AKPL,,271.9,265,265,,,428824,114198431.7,488,,
2026-02-03,ALBSL,,1140,1087,1135,,,27933,31152640,296,,
2026-02-03,ALICL,,482.7,474.3,477,,,26671,12694393.1,195,,
2026-02-03,ANLB,,6005,5940.1,6001,,,72,429649.4,16,,
2026-02-03,API,,300,292.1,296.5,,,124815,36809129.8,423,,
2026-02-03,AVYAN,,960,940,941,,,5569,5275028.2,67,,
2026-02-03,BANDIPUR,,1190,1125,1140,,,212693,246960739.5,3718,,
2026-02-03,BARUN,,383.5,355.8,378,,,601627,226813560,2169,,
2026-02-03,BBC,,4900,4786.4,4859,,,655,3160001,43,,
2026-02-03,BEDC,,549,530,535,,,14287,7668504.8,145,,
2026-02-03,BFC,,493,477,479,,,28039,13536735.1,170,,
2026-02-03,BGWT,,791,763,766.2,,,5283,4093213.1,56,,
2026-02-03,BHCL,,650.7,618,623,,,106055,66786499.6,1282,,
2026-02-03,BHDC,,489,471.5,478,,,56115,26894544.6,233,,
2026-02-03,BHL,,205,196.2,196.5,,,329580,65584536.7,1073,,
2026-02-03,BHPL,,593.6,557.9,568.9,,,35873,20398639.6,292,,
2026-02-03,BNHC,,579,541.1,563,,,62141,35027977.1,328,,
2026-02-03,BNL,,15600.2,15282.2,15500,,,260,4002117,9,,
2026-02-03,BNT,,11925,11810,11810,,,35,415400,3,,
2026-02-03,BPCL,,753,729.3,739,,,85262,62946358.8,340,,
2026-02-03,BUNGAL,,750,710.6,720,,,35538,25737303.7,669,,
2026-02-03,CBBL,,935,925.1,933,,,11195,10395016.4,152,,
2026-02-03,CFCL,,570,551.5,555,,,28552,15958656.8,147,,
2026-02-03,CGH,,902,864,891,,,45386,40237991.4,351,,
2026-02-03,CHCL,,474.9,468.1,469,,,29136,13715916.8,194,,
2026-02-03,CHDC,,2401.1,2331,2347,,,22496,53019371.6,331,,
2026-02-03,CHL,,284,276,277,,,62358,17382202,219,,
2026-02-03,CIT,,1785,1756,1758,,,5468,9624877.7,153,,
2026-02-03,CITY,,519,479,500,,,46879,23546356.7,438,,
2026-02-03,CKHL,,757,702.1,725.5,,,14490,10520749,132,,
2026-02-03,CLI,,473,465,465.2,,,27227,12700881.7,343,,
2026-02-03,CREST,,1499,1427,1474,,,34876,50731616.2,509,,
2026-02-03,CYCL,,1624,1530.8,1580,,,6654,10621143.8,128,,
2026-02-03,CZBIL,,203.4,195,195.2,,,87511,17386215.4,171,,
2026-02-03,DDBL,,841.5,826.2,826.2,,,13010,10854386,88,,
2026-02-03,DHEL,,877,784,789,,,210982,169801116.5,2245,,
2026-02-03,DHPL,,308.9,300.5,301,,,9018,2721645.4,68,,
2026-02-03,DLBS,,1364.9,1330,1364.9,,,554,743540.6,23,,
2026-02-03,DOLTI,,529.3,519,519.5,,,7646,3998120.9,90,,
2026-02-03,DORDI,,287.3,275.1,280,,,145007,40515637.4,443,,
2026-02-03,EBL,,670,665,665.2,,,52815,35199251.5,183,,
2026-02-03,EHPL,,443,426.8,429,,,92241,40133238.4,415,,
2026-02-03,ENL,,933,910,924,,,549,505163.5,18,,
2026-02-03,FMDBL,,814.9,786,800,,,16305,13047336.4,134,,
2026-02-03,FOWAD,,1095,1012.4,1071,,,25879,27359767.7,276,,
2026-02-03,GBIME,,228,224,226.1,,,59078,13412742.5,279,,
2026-02-03,GBLBS,,780,767.1,774.8,,,4631,3571476,74,,
2026-02-03,GCIL,,422,415.1,418.5,,,21722,9080145.6,276,,
2026-02-03,GFCL,,672.5,656,661.8,,,27408,18153574.4,190,,
2026-02-03,GHL,,236,225.5,227.1,,,163756,37609451.4,419,,
2026-02-03,GILB,,1193.5,1155.3,1165,,,394,461902,10,,
2026-02-03,GLBSL,,2030.1,1951.2,2019.6,,,1443,2857362.3,62,,
2026-02-03,GLH,,268.5,259.2,259.2,,,50162,13101416,269,,
2026-02-03,GMFBS,,1495,1467,1479.9,,,1823,2680735.8,32,,
2026-02-03,GMFIL,,487,470,470,,,8978,4236339.3,90,,
2026-02-03,GMLI,,1800,1760,1780,,,2840,5058250,93,,
2026-02-03,GUFL,,589.5,567.5,567.5,,,23751,13661034.7,155,,
2026-02-03,GVL,,503,490.3,496,,,79175,39188057.5,527,,
2026-02-03,HATHY,,924.9,902.1,914,,,9530,8694296.7,189,,
2026-02-03,HBL,,190,187,189,,,44736,8438719.5,1273,,
2026-02-03,HDHPC,,209.4,196,197,,,566265,114319993.2,1208,,
2026-02-03,HDL,,1154,1135.2,1139,,,81053,92579561.2,909,,
2026-02-03,HHL,,344.6,330,338,,,84344,28325090.1,319,,
2026-02-03,HIDCL,,266.3,260.2,261.9,,,139891,36642043.8,370,,
2026-02-03,HIMSTAR,,1143,1041,1068,,,32280,35032746.1,668,,
2026-02-03,HLBSL,,923.9,905,923.9,,,2111,1935682,27,,
2026-02-03,HLI,,369.8,365,365.1,,,38681,14153660.2,368,,
2026-02-03,HPPL,,477,471,472,,,81527,38525952.4,256,,
2026-02-03,HRL,,863.1,845,846,,,156814,133482395.9,1363,,
2026-02-03,HURJA,,260.1,244.7,244.7,,,145944,36204780.6,491,,
2026-02-03,ICFC,,672,653,655,,,16290,10723726.5,112,,
2026-02-03,IHL,,564.8,545.5,558.8,,,9506,5280891.7,100,,
2026-02-03,ILBS,,994,976,992.8,,,836,824604,22,,
2026-02-03,ILI,,445,440.6,441,,,13390,5914130.6,334,,
2026-02-03,JBLB,,1340,1310,1310,,,6912,9092872.6,183,,
2026-02-03,JFL,,448,425,436.4,,,17882,7720421.3,177,,
2026-02-03,JHAPA,,1544.2,1450.4,1465,,,9305,13781448.7,267,,
2026-02-03,JOSHI,,312,296,299.9,,,67472,20259818.2,362,,
2026-02-03,JSLBB,,1184,1164.1,1184,,,777,908078,17,,
2026-02-03,KBL,,189,184.2,185,,,184817,34248708.8,570,,
2026-02-03,KBSH,,1701.3,1655,1698,,,576,970927.4,18,,
2026-02-03,KDL,,891,807,891,,,25025,21534493.5,445,,
2026-02-03,KKHC,,236.7,228.5,230,,,73834,17038454,324,,
2026-02-03,KMCDB,,953.9,925,945,,,4150,3863172.1,54,,
2026-02-03,KPCL,,549,540,540,,,41676,22600739.5,206,,
2026-02-03,LEC,,216.8,207,208.6,,,228750,48053906.2,596,,
2026-02-03,LICN,,855,846.1,846.1,,,10295,8734626.8,98,,
2026-02-03,LLBS,,1008,1008,1008,,,0,0,0,,
2026-02-03,LSL,,213.2,208.6,209,,,40427,8466410.8,184,,
2026-02-03,MABEL,,860,815,819,,,27151,22448152.7,495,,
2026-02-03,MAKAR,,569,539.9,555,,,25498,13910970.3,172,,
2026-02-03,MANDU,,840,810.1,817.9,,,3515,2864334.5,55,,
2026-02-03,MATRI,,980,970,977.9,,,1123,1093469,15,,
2026-02-03,MBJC,,289,282.1,284.7,,,46568,13231243.5,374,,
2026-02-03,MBL,,230,224.5,226.9,,,65718,14845998,151,,
2026-02-03,MCHL,,439,426.9,432,,,6369,2758026.9,85,,
2026-02-03,MEHL,,451.8,440.1,444.8,,,16834,7472702.5,189,,
2026-02-03,MEL,,282,272,278.9,,,22412,6169441.8,231,,
2026-02-03,MEN,,589.9,581.5,582,,,28332,16564564.5,172,,
2026-02-03,MERO,,757,740,741,,,8282,6138980.8,62,,
2026-02-03,MFIL,,799,774.2,782.1,,,180814,142587623.7,443,,
2026-02-03,MHCL,,395.9,388.7,389,,,12513,4889132.1,112,,
2026-02-03,MHL,,519.9,500,510,,,33083,16764370.9,175,,
2026-02-03,MHNL,,278,263.2,268,,,36163,9734988.9,174,,
2026-02-03,MKCL,,1428,1395.1,1397,,,3228,4523907,69,,
2026-02-03,MKHC,,358.9,340,344,,,28394,9716056.9,169,,
2026-02-03,MKHL,,873.1,808,842.5,,,9075,7524921.5,106,,
2026-02-03,MKJC,,565,535,554,,,141773,78760807.8,805,,
2026-02-03,MLBBL,,1400,1366,1366,,,4518,6234791.1,110,,
2026-02-03,MLBS,,1499.4,1449.5,1469,,,4025,5971080.1,44,,
2026-02-03,MLBSL,,1926.9,1885.5,1922.9,,,998,1910454.8,29,,
2026-02-03,MMKJL,,600.1,588.2,598,,,12654,7485194.4,134,,
2026-02-03,MPFL,,648,625,640,,,35117,22403179.9,133,,
2026-02-03,MSHL,,827,805,821.1,,,2398,1952252.4,43,,
2026-02-03,MSLB,,1325,1312.1,1324,,,817,1078869.4,37,,
2026-02-03,NABIL,,500,496,498,,,78804,39301639.4,494,,
2026-02-03,NADEP,,812,801.1,809,,,645,520128.8,15,,
2026-02-03,NBL,,248,241.1,243.8,,,70856,17263216.3,204,,
2026-02-03,NESDO,,1549,1494.5,1516,,,645,976360.1,22,,
2026-02-03,NFS,,652.1,635,644.9,,,25976,16701050,197,,
2026-02-03,NGPL,,433.5,413.6,417,,,415126,175480824.8,988,,
2026-02-03,NHDL,,669,660,660.1,,,5215,3454619,49,,
2026-02-03,NHPC,,216,205,205.7,,,257839,53777995.9,520,,
2026-02-03,NICA,,337.8,321.5,328,,,106817,35010819.3,395,,
2026-02-03,NICLBSL,,580,568.1,569,,,11987,6836212.1,134,,
2026-02-03,NIFRA,,264.1,261,261.8,,,112892,29557854.1,614,,
2026-02-03,NIMB,,193.8,191.1,193,,,93989,18064691.7,271,,
2026-02-03,NLIC,,775,763,763,,,26908,20567772.6,254,,
2026-02-03,NLICL,,589,584,584.4,,,21128,12353206.6,54,,
2026-02-03,NLO,,269.4,269.4,269.4,,,0,0,0,,
2026-02-03,NMB,,240,235.9,235.9,,,39727,9434138.3,155,,
2026-02-03,NMBMF,,683.8,675.2,675.2,,,4091,2780728.7,37,,
2026-02-03,NMFBS,,1125,1106.8,1106.8,,,6700,7419366,48,,
2026-02-03,NMLBBL,,644.9,631,634.5,,,5502,3482683.7,68,,
2026-02-03,NRIC,,1280,1235.9,1250,,,75855,94580449.9,546,,
2026-02-03,NRM,,440,427,431,,,38839,16780765,315,,
2026-02-03,NRN,,1558,1520,1540,,,37989,58371945,318,,
2026-02-03,NTC,,860,847,850.9,,,9721,8270823.9,162,,
2026-02-03,NUBL,,721,708,712.1,,,5509,3950170.3,25,,
2026-02-03,NWCL,,974,921.2,925,,,7895,7380693.8,111,,
2026-02-03,NYADI,,405,399,400,,,11422,4574400,84,,
2026-02-03,OHL,,745,705.2,730,,,22724,16548161,180,,
2026-02-03,OMPL,,1465,1400,1409.9,,,23758,33732610.2,350,,
2026-02-03,PCBL,,239.8,235.8,235.8,,,37331,8831036.3,134,,
2026-02-03,PFL,,390,380.1,382,,,14580,5599195,98,,
2026-02-03,PHCL,,292,283,286,,,136777,39111881.5,493,,
2026-02-03,PMHPL,,360,335.7,352.9,,,210454,73904276.7,694,,
2026-02-03,PMLI,,524.8,506,508,,,12419,6306945.9,183,,
2026-02-03,PPCL,,380,372,374.6,,,63414,23860623.3,186,,
2026-02-03,PPL,,412,394,402,,,621408,250775917.5,1446,,
2026-02-03,PROFL,,477,462.8,462.8,,,20386,9529923.8,120,,
2026-02-03,PRVU,,187,183.5,183.7,,,121030,22373995.7,458,,
2026-02-03,PURE,,1155,1077,1081,,,28293,31252717.7,437,,
2026-02-03,RADHI,,854,827.2,836,,,246150,207079893.1,773,,
2026-02-03,RAWA,,799,732.1,799,,,7873,5929209.9,123,,
2026-02-03,RFPL,,441.2,415.9,424,,,198275,85326193.5,990,,
2026-02-03,RHGCL,,291.3,274.5,282.9,,,171914,48174148.2,603,,
2026-02-03,RHPL,,288.6,276.5,277.1,,,60079,16846213.2,249,,
2026-02-03,RIDI,,246.9,236.1,239,,,128138,30630400,276,,
2026-02-03,RLFL,,468,451,452.2,,,25924,11851406.5,127,,
2026-02-03,RNLI,,464,460.1,460.4,,,13891,6401214.6,349,,
2026-02-03,RSDC,,660,652,653.1,,,24480,16055648.1,109,,
2026-02-03,RURU,,674.9,660,664.2,,,13418,8932991.1,116,,
2026-02-03,SAGAR,,2230,2100,2150,,,33154,71554141.8,557,,
2026-02-03,SAHAS,,567,555,558.9,,,65600,36711685.3,433,,
2026-02-03,SAIL,,1598,1496,1522,,,145637,224477340.3,3033,,
2026-02-03,SANIMA,,333,328.1,330,,,68791,22722197.4,181,,
2026-02-03,SANVI,,978.9,890,907,,,105327,97584575.8,1140,,
2026-02-03,SARBTM,,874,854,866.9,,,45042,38921882.4,219,,
2026-02-03,SBI,,410,400,400,,,50278,20214863.6,96,,
2026-02-03,SBL,,388.6,378.6,384,,,213382,81831894.1,220,,
2026-02-03,SCB,,634.5,631.1,633,,,28318,17904607.7,121,,
2026-02-03,SGHC,,429,410,418.1,,,60245,25045484.6,337,,
2026-02-03,SHEL,,295.8,285.2,287.1,,,139785,40358508.2,383,,
2026-02-03,SHIVM,,619,607,609,,,156312,95482185.3,598,,
2026-02-03,SHL,,513,493.1,497,,,38791,19438733.6,182,,
2026-02-03,SHLB,,1629,1601,1629,,,766,1232585.4,28,,
2026-02-03,SHPC,,541.8,533,535.2,,,119885,64583541,290,,
2026-02-03,SIFC,,648.5,620,620,,,103617,65288260.5,322,,
2026-02-03,SIKLES,,623.9,610,612,,,21527,13176494.4,130,,
2026-02-03,SJCL,,308.6,296.2,297,,,23860,7118501.5,112,,
2026-02-03,SJLIC,,450,438.1,443,,,34965,15411416.6,259,,
2026-02-03,SKBBL,,771,760.3,764.4,,,14053,10759986.2,148,,
2026-02-03,SLBBL,,838.8,818.5,822,,,8756,7226545.7,115,,
2026-02-03,SLBSL,,1359.9,1300,1359.9,,,2057,2701126,46,,
2026-02-03,SMATA,,801.5,786,788.1,,,6187,4889554.2,100,,
2026-02-03,SMB,,1918,1860,1917,,,2349,4440857.8,55,,
2026-02-03,SMFBS,,1690,1610,1690,,,164,269601.5,14,,
2026-02-03,SMH,,723.8,696.3,700,,,2485,1739722.8,33,,
2026-02-03,SMHL,,512.9,495,499,,,36994,18484029.8,451,,
2026-02-03,SMJC,,502.8,491,497,,,25799,12846044.7,201,,
2026-02-03,SMPDA,,889,880,885,,,3274,2891234.7,52,,
2026-02-03,SNLI,,470,465.2,466,,,15320,7157057,360,,
2026-02-03,SONA,,439,430.2,433.7,,,31700,13764266.1,437,,
2026-02-03,SPC,,530,515,517,,,21348,11115832.4,207,,
2026-02-03,SPDL,,414,399,403,,,191733,77819779.5,446,,
2026-02-03,SPHL,,596.3,572,579.9,,,17860,10363994.2,98,,
2026-02-03,SPL,,863,834.3,849.8,,,2539,2134024.6,44,,
2026-02-03,SRLI,,396,390.1,392.8,,,35652,13990445.6,296,,
2026-02-03,SSHL,,200,186.3,189.5,,,802691,153582800.6,2276,,
2026-02-03,STC,,5640,5571.1,5595,,,1031,5772077.8,31,,
2026-02-03,SWASTIK,,3050,2952,2990,,,2726,8226298.2,136,,
2026-02-03,SWBBL,,755,728,746.9,,,10877,8008053.6,105,,
2026-02-03,SWMF,,681.9,668.1,680,,,6053,4057571.7,50,,
2026-02-03,SYPNL,,2233,2071.3,2128.9,,,273987,592908411.5,8038,,
2026-02-03,TAMOR,,450,440,448,,,15505,6919159.9,206,,
2026-02-03,TPC,,414.8,391.1,393.1,,,210237,83550737,679,,
2026-02-03,TRH,,784,742.1,764,,,10012,7645920.8,119,,
2026-02-03,TSHL,,797.5,761,785,,,10341,8083262.4,134,,
2026-02-03,TTL,,1056,980,990,,,104983,106018116.8,1811,,
2026-02-03,TVCL,,573,528.1,544,,,42019,22759480.4,339,,
2026-02-03,UHEWA,,574.2,556,557.1,,,21280,11927067.3,131,,
2026-02-03,ULBSL,,3285.4,3221,3272,,,559,1806384.6,23,,
2026-02-03,ULHC,,500,485,494,,,31599,15516841.2,195,,
2026-02-03,UMHL,,643,620.2,628,,,158879,100124435.1,542,,
2026-02-03,UMRH,,574,552.1,553,,,16550,9196028.2,117,,
2026-02-03,UNHPL,,531,495,498,,,628491,322225257.4,1638,,
2026-02-03,UNL,,47900,47000,47900,,,11,526400,2,,
2026-02-03,UNLB,,1870,1844.4,1860,,,1076,1998363.7,45,,
2026-02-03,UPCL,,381,370,373,,,151114,56755805.2,482,,
2026-02-03,UPPER,,190.7,182.7,183.4,,,174094,32113566.4,701,,
2026-02-03,USHEC,,499,484,491,,,67829,33438880.3,347,,
2026-02-03,USHL,,805.6,761,770,,,11370,8752557,107,,
2026-02-03,USLB,,1490,1445,1460,,,3809,5568027.6,107,,
2026-02-03,VLBS,,780,765,766,,,3162,2428420.9,62,,
2026-02-03,VLUCL,,583.1,566.5,575.1,,,9496,5472053.6,176,,
2026-02-04,ACLBSL,,961.8,944.1,954.5,,,372,353898.4,30,,
2026-02-04,ADBL,,299,293,295.1,,,22157,6558735.5,175,,
2026-02-04,AHL,,585.6,550,564.9,,,5931,3330905.1,103,,
2026-02-04,AHPC,,267.9,261,262.1,,,83481,22001941.8,326,,
2026-02-04,AKJCL,,354.2,317,354.2,,,2346577,800077405.9,4621,,
2026-02-04,AKPL,,270,262.6,263.9,,,149718,39568825.2,399,,
2026-02-04,ALBSL,,1176,1112.3,1155,,,19822,22911468.9,342,,
2026-02-04,ALICL,,480.5,467.5,474.1,,,25539,12152404.2,175,,
2026-02-04,ANLB,,6222,5900,6024.8,,,5649,33793864.2,76,,
2026-02-04,API,,299,293,296,,,132476,39081669.3,313,,
2026-02-04,AVYAN,,955,932,943,,,4362,4100163,62,,
2026-02-04,BANDIPUR,,1162,1107,1126,,,177439,202518265.8,2448,,
2026-02-04,BARUN,,388,378,383,,,333505,127676273.7,1236,,
2026-02-04,BBC,,4925,4762,4889,,,708,3429512,59,,
2026-02-04,BEDC,,542,530,535,,,19914,10633278.3,157,,
2026-02-04,BFC,,493,476.4,477.6,,,23439,11271334.2,136,,
2026-02-04,BGWT,,780,766,770,,,3058,2366408,48,,
2026-02-04,BHCL,,637.8,614,620,,,69413,43308391.5,1031,,
2026-02-04,BHDC,,515,477,507.9,,,227346,113661414.3,1167,,
2026-02-04,BHL,,201.1,195.1,199.2,,,208207,41164714.5,757,,
2026-02-04,BHPL,,580.2,562,566.9,,,31925,18092678,253,,
2026-02-04,BNHC,,575,559.2,562,,,51564,29241070.8,302,,
2026-02-04,BNL,,15599,15351,15351,,,38,587813,3,,
2026-02-04,BNT,,11998.9,11777,11777,,,60,709257,5,,
2026-02-04,BPCL,,771,724.3,740,,,67863,50468721.7,235,,
2026-02-04,BUNGAL,,734,701.2,705,,,29817,21214227.1,555,,
2026-02-04,CBBL,,946,927,927.2,,,12706,11834717.1,135,,
2026-02-04,CFCL,,574,550.3,560,,,22190,12363710,116,,
2026-02-04,CGH,,908.8,880,886.9,,,27520,24493906.4,213,,
2026-02-04,CHCL,,475,460,467,,,16641,7801675.2,151,,
2026-02-04,CHDC,,2407,2333.4,2369,,,29169,69004783.4,267,,
2026-02-04,CHL,,282,275,280,,,51384,14323955.4,208,,
2026-02-04,CIT,,1768,1740,1759,,,8537,15013288.1,189,,
2026-02-04,CITY,,510,495.2,499.6,,,28694,14420714.9,269,,
2026-02-04,CKHL,,785,702,723,,,11856,8644264.5,138,,
2026-02-04,CLI,,470,462,470,,,19319,9056019.6,311,,
2026-02-04,CREST,,1484,1435,1468,,,20099,29225312.3,355,,
2026-02-04,CYCL,,1605,1518,1585,,,6265,9749914.2,135,,
2026-02-04,CZBIL,,199,191.3,194.6,,,20614,4008271.7,104,,
2026-02-04,DDBL,,828.8,811.1,811.1,,,7183,5898997.4,87,,
2026-02-04,DHEL,,790,755.1,760,,,65853,50488588,1098,,
2026-02-04,DHPL,,306.7,298,301,,,7410,2222473.4,46,,
2026-02-04,DLBS,,1340,1322,1322.4,,,863,1149684.5,26,,
2026-02-04,DOLTI,,540.5,519,523,,,4905,2566018.8,71,,
2026-02-04,DORDI,,284.3,275,276,,,105542,29379672.2,360,,
2026-02-04,EBL,,675,652,670,,,46049,30858117,178,,
2026-02-04,EHPL,,440,427.2,430,,,51858,22308060.3,221,,
2026-02-04,ENL,,941.5,915.1,915.1,,,1497,1390934.4,27,,
2026-02-04,FMDBL,,814.9,784,792.9,,,14639,11620896.1,118,,
2026-02-04,FOWAD,,1085,1054.1,1079,,,1355,1452338.6,28,,
2026-02-04,GBIME,,228.9,221.6,225.8,,,109146,24719893.9,318,,
2026-02-04,GBLBS,,788,766.6,767,,,2995,2302967.6,50,,
2026-02-04,GCIL,,425,410.2,420,,,9133,3844135.6,207,,
2026-02-04,GFCL,,667.5,651,654,,,37748,24808501.5,271,,
2026-02-04,GHL,,231.6,226.3,231.2,,,102655,23490287.2,305,,
2026-02-04,GILB,,1187,1164,1164,,,782,912736.8,13,,
2026-02-04,GLBSL,,2019.6,1941,1942,,,1457,2872263.3,58,,
2026-02-04,GLH,,261.9,256,259,,,34795,9015692.2,180,,
2026-02-04,GMFBS,,1504,1465,1472,,,367,540677.6,17,,
2026-02-04,GMFIL,,478,467,472.9,,,20874,9819428.9,114,,
2026-02-04,GMLI,,1790,1780,1781,,,2353,4201788.6,84,,
2026-02-04,GUFL,,580,567.4,567.4,,,23976,13725299.1,175,,
2026-02-04,GVL,,503,489,491.9,,,114918,56582442.4,496,,
2026-02-04,HATHY,,928.8,904.1,916,,,7373,6744689.3,135,,
2026-02-04,HBL,,191,186,189,,,94517,17896711.4,1390,,
2026-02-04,HDHPC,,205.8,193.1,205.7,,,493640,98506066.5,1232,,
2026-02-04,HDL,,1150,1135,1136,,,58378,66520166.1,709,,
2026-02-04,HHL,,344.7,334.3,340,,,31795,10766642.1,168,,
2026-02-04,HIDCL,,264.9,257.5,260,,,107188,27822607.7,409,,
2026-02-04,HIMSTAR,,1100,990.1,1037.5,,,22088,22707956.3,458,,
2026-02-04,HLBSL,,925,906.5,920,,,1855,1699346.3,29,,
2026-02-04,HLI,,372.4,357.8,365,,,32001,11725739.1,353,,
2026-02-04,HPPL,,478.4,470.1,472,,,96626,45673668.9,175,,
2026-02-04,HRL,,860,845.5,847,,,108005,91973094.4,995,,
2026-02-04,HURJA,,249.5,237.4,244,,,192774,46505157.6,500,,
2026-02-04,ICFC,,668,651.2,658.1,,,21428,14100955.1,135,,
2026-02-04,IHL,,569,547.8,552.1,,,20288,11297397.3,157,,
2026-02-04,ILBS,,1000,974,983,,,2217,2176681.3,57,,
2026-02-04,ILI,,444,431,437.5,,,53066,23139275.9,536,,
2026-02-04,JBLB,,1325,1310,1311.6,,,3204,4214814.2,116,,
2026-02-04,JFL,,445,430,433.9,,,14625,6336823.9,116,,
2026-02-04,JHAPA,,1490,1417.1,1440,,,9170,13205575.5,204,,
2026-02-04,JOSHI,,303,295,297,,,32281,9631369,199,,
2026-02-04,JSLBB,,1207.6,1160.1,1184,,,1419,1674166.2,27,,
2026-02-04,KBL,,187.6,182,184.1,,,125642,23219543.4,439,,
2026-02-04,KBSH,,1671,1666.1,1671,,,220,367376,7,,
2026-02-04,KDL,,980.1,908.8,980.1,,,17288,16863618.4,199,,
2026-02-04,KKHC,,234,224.1,228.9,,,128204,29136584.4,396,,
2026-02-04,KMCDB,,957,926.2,926.2,,,3460,3245739.7,62,,
2026-02-04,KPCL,,548,537.1,538,,,31123,16817481.4,187,,
2026-02-04,LEC,,214,207,210,,,141667,29729982.2,447,,
2026-02-04,LICN,,861,830,843.4,,,18483,15699173.1,114,,
2026-02-04,LLBS,,990,968.3,988.1,,,818,797154.7,16,,
2026-02-04,LSL,,210.5,208,208.6,,,48333,10088796,185,,
2026-02-04,MABEL,,845,785.6,799,,,30041,24385975.5,492,,
2026-02-04,MAKAR,,555,534.3,549.9,,,9869,5428303.6,71,,
2026-02-04,MANDU,,826.2,806,816.1,,,1115,910619,43,,
2026-02-04,MATRI,,997.4,970.1,997.4,,,1736,1711378.4,67,,
2026-02-04,MBJC,,287,281.4,284.9,,,24969,7074351.8,258,,
2026-02-04,MBL,,228.5,222.4,224.2,,,55759,12536443.6,155,,
2026-02-04,MCHL,,454.9,428.1,451.1,,,19283,8579321.2,174,,
2026-02-04,MEHL,,451.4,438.2,446,,,19374,8642520,177,,
2026-02-04,MEL,,281.9,271.6,276,,,14908,4108286.6,175,,
2026-02-04,MEN,,593.6,581.9,589.2,,,34618,20296067.5,205,,
2026-02-04,MERO,,768.9,726.2,737.7,,,4679,3477656.6,74,,
2026-02-04,MFIL,,806.8,778.2,796,,,99388,78569527.1,409,,
2026-02-04,MHCL,,397,387,390.2,,,12716,4985320.5,141,,
2026-02-04,MHL,,518,503.2,507.3,,,21861,11169922.6,137,,
2026-02-04,MHNL,,278,263.2,268.7,,,41517,11133737.7,123,,
2026-02-04,MKCL,,1419,1387,1390,,,3906,5454968.6,78,,
2026-02-04,MKHC,,349.9,339,348.8,,,33545,11539372.6,258,,
2026-02-04,MKHL,,893,810.5,851,,,13457,11374852.9,115,,
2026-02-04,MKJC,,564.1,544,545,,,38331,21169256.3,224,,
2026-02-04,MLBBL,,1393.3,1347.5,1350,,,3679,5006365.4,72,,
2026-02-04,MLBS,,1480,1454.2,1454.2,,,460,673966,14,,
2026-02-04,MLBSL,,1939,1887,1934,,,515,982497.6,22,,
2026-02-04,MMKJL,,604.5,588,591,,,14602,8671220,197,,
2026-02-04,MPFL,,650,630,642.9,,,29279,18803733.5,178,,
2026-02-04,MSHL,,825.9,810,820,,,1697,1398459.7,15,,
2026-02-04,MSLB,,1370,1304,1334,,,1315,1754057.8,53,,
2026-02-04,NABIL,,502,489,496.1,,,49627,24731834.8,365,,
2026-02-04,NADEP,,813.1,793,794,,,1589,1271925,29,,
2026-02-04,NBL,,246.8,239,241,,,41587,10056323,214,,
2026-02-04,NESDO,,1533,1490,1516,,,1061,1598692.9,19,,
2026-02-04,NFS,,682,633.1,666,,,116042,77196038.9,577,,
2026-02-04,NGPL,,425,408.7,417.8,,,360688,150262947.4,823,,
2026-02-04,NHDL,,673,650.1,660,,,9369,6162231.9,99,,
2026-02-04,NHPC,,213.9,204,207,,,96037,19805838.4,306,,
2026-02-04,NICA,,332.9,322,326,,,69033,22530574,336,,
2026-02-04,NICLBSL,,580,569,571.5,,,18533,10630380.3,218,,
2026-02-04,NIFRA,,264.9,260,261.8,,,119640,31266565.1,630,,
2026-02-04,NIMB,,200,190,191.5,,,186001,36149451.7,458,,
2026-02-04,NLIC,,777,748,766,,,34224,26224497.4,267,,
2026-02-04,NLICL,,596,579.3,588,,,3208,1869345.8,46,,
2026-02-04,NLO,,269.4,269.4,269.4,,,0,0,0,,
2026-02-04,NMB,,239,231.2,233,,,69194,16190713.2,207,,
2026-02-04,NMBMF,,685,675.6,677.1,,,1770,1203727.5,20,,
2026-02-04,NMFBS,,1107.1,1106,1106.3,,,1183,1308831.1,20,,
2026-02-04,NMLBBL,,640,629.1,632,,,3864,2439604.2,49,,
2026-02-04,NRIC,,1260,1200.6,1239,,,80030,98697399.5,556,,
2026-02-04,NRM,,438,425.5,427,,,26929,11581705.3,259,,
2026-02-04,NRN,,1565,1509.2,1565,,,73456,113971024.4,366,,
2026-02-04,NTC,,865,834,852.9,,,10761,9157983.8,178,,
2026-02-04,NUBL,,715,705,705,,,3026,2145975.9,45,,
2026-02-04,NWCL,,949.9,912,929,,,11480,10579980.3,117,,
2026-02-04,NYADI,,406.9,394,395,,,7061,2817927.4,97,,
2026-02-04,OHL,,744,712,732.5,,,7773,5655360.5,89,,
2026-02-04,OMPL,,1438,1404,1419,,,17525,24810594.1,304,,
2026-02-04,PCBL,,239.7,232,235.8,,,36116,8507901.8,144,,
2026-02-04,PFL,,389,378,384,,,15995,6083977.7,104,,
2026-02-04,PHCL,,291,280,280.4,,,112721,32007807.1,464,,
2026-02-04,PMHPL,,358,342.2,344.9,,,50792,17765268.1,235,,
2026-02-04,PMLI,,513,499.1,502,,,15122,7606730.7,194,,
2026-02-04,PPCL,,380,372.1,375,,,28846,10830962.1,126,,
2026-02-04,PPL,,418,402.8,408.8,,,487654,200307592.8,1517,,
2026-02-04,PROFL,,478,460,473.5,,,18382,8663884.7,136,,
2026-02-04,PRVU,,187.2,180.1,184,,,122399,22532230.7,407,,
2026-02-04,PURE,,1118,1050,1070,,,33532,35838523.7,389,,
2026-02-04,RADHI,,864.9,840,850,,,308443,262536604.5,876,,
2026-02-04,RAWA,,783.1,737.2,766,,,19082,14197202.1,187,,
2026-02-04,RFPL,,431,414,420,,,205528,86577445.7,779,,
2026-02-04,RHGCL,,285.5,276,280,,,59277,16509758.7,282,,
2026-02-04,RHPL,,282.5,275.3,280,,,54168,15083558,211,,
2026-02-04,RIDI,,245,236,239.7,,,85266,20320886.2,213,,
2026-02-04,RLFL,,465,450.2,458.3,,,30319,13848103.1,172,,
2026-02-04,RNLI,,464.5,457.3,462,,,20753,9550702.2,423,,
2026-02-04,RSDC,,666,656.5,662,,,11464,7572808,69,,
2026-02-04,RURU,,675,663,671,,,12521,8355876.8,85,,
2026-02-04,SAGAR,,2187.9,2090.1,2120,,,22917,48574572.2,420,,
2026-02-04,SAHAS,,564,552,557.6,,,50982,28466911.4,309,,
2026-02-04,SAIL,,1575,1452,1480,,,166974,251885836.2,2553,,
2026-02-04,SANIMA,,334.4,323.4,330,,,31418,10372551.3,147,,
2026-02-04,SANVI,,930,875,895,,,68799,61389626.9,826,,
2026-02-04,SARBTM,,877.9,862,871,,,21563,18719050.9,79,,
2026-02-04,SBI,,413.5,392,400,,,24335,9725292.2,79,,
2026-02-04,SBL,,386,377,380.8,,,96786,36794286.2,168,,
2026-02-04,SCB,,635,621,631,,,11041,6979093.7,87,,
2026-02-04,SGHC,,434,407,422.9,,,60514,25159614.9,272,,
2026-02-04,SHEL,,292.9,286,287.5,,,136435,39319656.9,454,,
2026-02-04,SHIVM,,620,597,609,,,120041,73145252,436,,
2026-02-04,SHL,,505,495,499,,,25371,12600694.7,69,,
2026-02-04,SHLB,,1616,1600,1616,,,638,1024520,31,,
2026-02-04,SHPC,,545,524.5,534.9,,,89594,48006566.9,322,,
2026-02-04,SIFC,,644,620.1,635,,,82902,52218607.4,308,,
2026-02-04,SIKLES,,624,599.8,612.9,,,16453,10057319.9,124,,
2026-02-04,SJCL,,299.9,293.7,295.2,,,48002,14205287.5,131,,
2026-02-04,SJLIC,,445,437.3,437.5,,,26284,11562562.9,212,,
2026-02-04,SKBBL,,776,758,760.1,,,14924,11395502.8,193,,
2026-02-04,SLBBL,,833,821,823,,,3252,2677206.9,62,,
2026-02-04,SLBSL,,1349.8,1293.6,1330,,,3079,4029186.7,72,,
2026-02-04,SMATA,,802,786.1,790.2,,,2211,1744959.3,67,,
2026-02-04,SMB,,1946,1907.2,1928,,,691,1331352.8,22,,
2026-02-04,SMFBS,,1690,1660,1679.9,,,137,227615.8,14,,
2026-02-04,SMH,,770,714,770,,,4498,3461959,65,,
2026-02-04,SMHL,,548.9,508,548.9,,,75980,40965866.2,772,,
2026-02-04,SMJC,,530,498,517,,,67002,34506626,598,,
2026-02-04,SMPDA,,888,875.1,880,,,2189,1925013.8,68,,
2026-02-04,SNLI,,468,463,464,,,19975,9261931,387,,
2026-02-04,SONA,,439,428.3,431,,,30433,13119632.2,405,,
2026-02-04,SPC,,525.8,515.2,519,,,12635,6563597.1,129,,
2026-02-04,SPDL,,410,395,407.9,,,173734,70545334.8,314,,
2026-02-04,SPHL,,595,579,585,,,13734,8043453.8,124,,
2026-02-04,SPL,,861.8,833,860,,,3875,3315761.8,29,,
2026-02-04,SRLI,,397.4,390,390.3,,,35067,13724043.2,250,,
2026-02-04,SSHL,,196.3,187,195.4,,,638909,122259793,1793,,
2026-02-04,STC,,5670,5551,5551,,,1186,6628455,31,,
2026-02-04,SWASTIK,,3002,2960,2960,,,3015,8998933.9,135,,
2026-02-04,SWBBL,,755,735,740,,,3085,2292512,36,,
2026-02-04,SWMF,,685,669,685,,,1305,883804.5,28,,
2026-02-04,SYPNL,,2171.4,2045,2075,,,286844,603059715.6,6888,,
2026-02-04,TAMOR,,456.9,442.1,446,,,14660,6523285.3,158,,
2026-02-04,TPC,,401.9,387.2,393.9,,,158517,62289742,539,,
2026-02-04,TRH,,775,756.1,760.2,,,3624,2792920,29,,
2026-02-04,TSHL,,796.5,770,786,,,3124,2433357.8,49,,
2026-02-04,TTL,,1005,964,970,,,72320,70930533,1109,,
2026-02-04,TVCL,,561,522.6,537,,,44630,24110346.1,233,,
2026-02-04,UHEWA,,568,551,556.8,,,13873,7704097.6,117,,
2026-02-04,ULBSL,,3292,3218,3288,,,633,2054832,37,,
2026-02-04,ULHC,,515.9,491.2,503,,,35249,17859662,316,,
2026-02-04,UMHL,,645,625.4,633,,,139704,88538547.9,461,,
2026-02-04,UMRH,,574,547,553.2,,,14733,8173058.4,121,,
2026-02-04,UNHPL,,513,488.1,497,,,199215,99650857.8,739,,
2026-02-04,UNL,,47980,47980,47980,,,10,479800,1,,
2026-02-04,UNLB,,1879,1850,1877,,,625,1160532.2,25,,
2026-02-04,UPCL,,378,370,376,,,126148,47008167.6,315,,
2026-02-04,UPPER,,188,179.8,184.7,,,104336,19210264.6,422,,
2026-02-04,USHEC,,503,484,489.8,,,48072,23682814.2,299,,
2026-02-04,USHL,,779,745,766.9,,,5208,3940418.9,67,,
2026-02-04,USLB,,1489,1435,1464,,,3460,5030875.5,79,,
2026-02-04,VLBS,,781.3,766.3,766.3,,,1270,979723,34,,
2026-02-04,VLUCL,,585,570.5,572.1,,,9941,5726805.6,127,,
2026-02-05,ACLBSL,,1049.9,945.2,960,,,7503,7290067.4,119,,
2026-02-05,ADBL,,298.5,292.9,296,,,19054,5621421,168,,
2026-02-05,AHL,,578,563,576,,,14549,8346404.4,145,,
2026-02-05,AHPC,,282.5,262.6,277,,,310697,85364638.5,920,,
2026-02-05,AKJCL,,372.3,351,352.8,,,1125013,405550959.4,3103,,
2026-02-05,AKPL,,273,261,271,,,649837,175288074.9,1166,,
2026-02-05,ALBSL,,1190,1134,1178,,,14056,16385327.1,248,,
2026-02-05,ALICL,,483,475,480,,,35987,17167008.6,208,,
2026-02-05,ANLB,,6150.6,5930,6030,,,569,3431371.8,20,,
2026-02-05,API,,312.1,296.2,303,,,536969,163266501.9,1509,,
2026-02-05,AVYAN,,961.8,932.2,958,,,4150,3924436,74,,
2026-02-05,BANDIPUR,,1148,1070,1107,,,218898,241353277.3,2711,,
2026-02-05,BARUN,,388,377.1,379.5,,,258473,98681171.9,915,,
2026-02-05,BBC,,4894.4,4800,4865,,,452,2182311,35,,
2026-02-05,BEDC,,545,534,538,,,16212,8737246,144,,
2026-02-05,BFC,,489.5,476,482.3,,,35080,16923722.4,190,,
2026-02-05,BGWT,,784.8,755,775,,,4292,3276352,84,,
2026-02-05,BHCL,,627,599.3,609,,,112487,68504333.2,1159,,
2026-02-05,BHDC,,515,495,497,,,72446,36557419.1,487,,
2026-02-05,BHL,,207,198.1,204,,,356998,73017706.8,1315,,
2026-02-05,BHPL,,585,560,578,,,64339,37202229.2,449,,
2026-02-05,BNHC,,599.6,558,558,,,323512,187908073.5,1496,,
2026-02-05,BNL,,15649.8,15044,15344,,,270,4098579,16,,
2026-02-05,BNT,,11950,11950,11950,,,20,239000,1,,
2026-02-05,BPCL,,774.9,740.3,755,,,109073,82780715,466,,
2026-02-05,BUNGAL,,715,700.2,708.8,,,35758,25213754.2,661,,
2026-02-05,CBBL,,942,925.4,940,,,11683,10879887.6,163,,
2026-02-05,CFCL,,571.2,550,559.9,,,42108,23660021.7,188,,
2026-02-05,CGH,,895,870,875,,,39666,34858333,298,,
2026-02-05,CHCL,,474,466.1,470,,,23969,11250656.2,196,,
2026-02-05,CHDC,,2440,2372,2425,,,24116,58355095,279,,
2026-02-05,CHL,,308,280.1,298,,,354438,105192858.8,1252,,
2026-02-05,CIT,,1762,1750,1758,,,6960,12223235.9,201,,
2026-02-05,CITY,,505.4,497,497,,,12835,6421212.9,164,,
2026-02-05,CKHL,,774,709.3,774,,,28300,21113997.9,289,,
2026-02-05,CLI,,474,466.2,473,,,20837,9792266.9,370,,
2026-02-05,CREST,,1588,1441,1499.8,,,69339,102308977.6,833,,
2026-02-05,CYCL,,1597,1530,1586,,,8529,13306526.9,133,,
2026-02-05,CZBIL,,196.5,193,193.8,,,18735,3640842.4,142,,
2026-02-05,DDBL,,854,827.3,836.8,,,28704,24178399.7,257,,
2026-02-05,DHEL,,774.7,744.8,758,,,49424,37596731.3,886,,
2026-02-05,DHPL,,320,296.5,314.1,,,38483,11995444.9,189,,
2026-02-05,DLBS,,1360,1311.1,1339.9,,,1267,1674002.1,46,,
2026-02-05,DOLTI,,530.4,520,527.9,,,4210,2220691.5,75,,
2026-02-05,DORDI,,292.5,270.5,287,,,268989,76957468.7,889,,
2026-02-05,EBL,,671,664,669,,,35537,23784389.8,155,,
2026-02-05,EHPL,,442.5,428,436.5,,,84954,37167261,371,,
2026-02-05,ENL,,952,919.6,919.6,,,1894,1753550.5,46,,
2026-02-05,FMDBL,,809.7,793.4,800,,,29281,23443084.8,157,,
2026-02-05,FOWAD,,1090,1063.3,1080,,,2082,2236779.5,50,,
2026-02-05,GBIME,,227.5,225,225.4,,,99731,22507703.2,427,,
2026-02-05,GBLBS,,778,765,776,,,3800,2934751.8,66,,
2026-02-05,GCIL,,428,415.2,427,,,19955,8452104.2,316,,
2026-02-05,GFCL,,667,654,657.3,,,25668,16924884.9,191,,
2026-02-05,GHL,,254.3,230.1,253.5,,,844855,211656166.2,2251,,
2026-02-05,GILB,,1187.2,1161,1174,,,1802,2113940.1,41,,
2026-02-05,GLBSL,,2051.9,1945,1952,,,2184,4288534.7,57,,
2026-02-05,GLH,,274,255,271,,,192001,51727991.4,701,,
2026-02-05,GMFBS,,1480,1467,1478,,,1510,2221858,28,,
2026-02-05,GMFIL,,482.2,471,474,,,22462,10679550.6,114,,
2026-02-05,GMLI,,1840,1770,1833,,,4406,7968010,138,,
2026-02-05,GUFL,,580,568.2,579,,,37178,21306934.9,280,,
2026-02-05,GVL,,501.7,489.5,492,,,101265,50143423.6,445,,
2026-02-05,HATHY,,926,910,919,,,12647,11630788.9,236,,
2026-02-05,HBL,,190,187,190,,,80635,15194094,1258,,
2026-02-05,HDHPC,,216,203.4,208.5,,,767296,162131236.7,1933,,
2026-02-05,HDL,,1149,1138,1141,,,50174,57253949.9,618,,
2026-02-05,HHL,,348,337,341.6,,,104790,35862110.6,346,,
2026-02-05,HIDCL,,266,258.2,263.7,,,121177,31883100.2,429,,
2026-02-05,HIMSTAR,,1050,989.8,1009,,,28766,28972053.2,469,,
2026-02-05,HLBSL,,930,915.5,930,,,1752,1608010.3,28,,
2026-02-05,HLI,,370,364,369.9,,,55084,20253491.1,470,,
2026-02-05,HPPL,,479.7,462.6,475,,,102278,48743980.8,361,,
2026-02-05,HRL,,874,848,870,,,191837,165700695.2,1624,,
2026-02-05,HURJA,,260.9,239.5,255.1,,,460252,117447360.2,1188,,
2026-02-05,ICFC,,667,657,661,,,24109,15945019.6,161,,
2026-02-05,IHL,,569,547,551.4,,,22227,12277392.3,146,,
2026-02-05,ILBS,,989,973,980,,,9825,9593358,66,,
2026-02-05,ILI,,441,433,440.7,,,18569,8142532,421,,
2026-02-05,JBLB,,1320,1305,1307.4,,,7226,9469093.4,200,,
2026-02-05,JFL,,440,425.3,440,,,16206,7057335.2,143,,
2026-02-05,JHAPA,,1458,1416.1,1436,,,9240,13225126.7,275,,
2026-02-05,JOSHI,,311,297.1,305.3,,,133197,40686864.3,602,,
2026-02-05,JSLBB,,1184,1162.2,1178,,,1906,2225264.6,34,,
2026-02-05,KBL,,187,182.7,185.2,,,168355,31228503.5,512,,
2026-02-05,KBSH,,1700,1670,1700,,,955,1615881,19,,
2026-02-05,KDL,,1078.1,989,1078.1,,,22551,24267621,280,,
2026-02-05,KKHC,,251.7,225.2,251.7,,,536005,132139669.3,1074,,
2026-02-05,KMCDB,,957,922.3,935,,,3091,2913566.4,57,,
2026-02-05,KPCL,,552.9,538,543.5,,,44343,24072121.7,249,,
2026-02-05,LEC,,222,210,218,,,420305,91743082.2,1031,,
2026-02-05,LICN,,855,839.2,855,,,22300,18834383.5,171,,
2026-02-05,LLBS,,999,949.5,999,,,3841,3702721.2,41,,
2026-02-05,LSL,,211.6,207,209,,,54196,11281552.6,206,,
2026-02-05,MABEL,,814,790,811,,,32973,26370894.9,534,,
2026-02-05,MAKAR,,554.9,540,546.2,,,11863,6469480.6,96,,
2026-02-05,MANDU,,835,815,835,,,3322,2736193,79,,
2026-02-05,MATRI,,1010,980.1,1000,,,2644,2650719.4,61,,
2026-02-05,MBJC,,291,279.3,290.8,,,41729,12047524.3,412,,
2026-02-05,MBL,,227.5,223,227,,,63584,14276841.4,153,,
2026-02-05,MCHL,,455,446,453,,,9819,4427416.5,90,,
2026-02-05,MEHL,,462,440.2,450,,,22016,10002520.4,214,,
2026-02-05,MEL,,303.6,276.3,303.6,,,173689,51409587.8,1012,,
2026-02-05,MEN,,595,585,595,,,28937,17096839.9,239,,
2026-02-05,MERO,,752,740,749.9,,,8382,6234402.2,74,,
2026-02-05,MFIL,,811,780.1,811,,,106232,84919238,425,,
2026-02-05,MHCL,,398,390.1,398,,,9691,3813034.2,127,,
2026-02-05,MHL,,527.6,509.2,525.7,,,67361,35020554.2,337,,
2026-02-05,MHNL,,286.8,266.6,277,,,54806,15140183.4,261,,
2026-02-05,MKCL,,1409.9,1379,1398,,,7882,10945961.1,106,,
2026-02-05,MKHC,,351,335.6,335.6,,,53777,18307157.8,365,,
2026-02-05,MKHL,,880,818.8,865,,,5937,5022354,116,,
2026-02-05,MKJC,,559,536,552,,,43713,23995975.3,209,,
2026-02-05,MLBBL,,1373,1340,1350,,,6743,9080521.5,139,,
2026-02-05,MLBS,,1512,1455,1478,,,355,521312,14,,
2026-02-05,MLBSL,,1935.9,1898,1930,,,836,1597283.4,29,,
2026-02-05,MMKJL,,609.9,590,608,,,21936,13114738.2,204,,
2026-02-05,MPFL,,676,632,657,,,47607,31176267.5,227,,
2026-02-05,MSHL,,829,806,823,,,975,800791.4,28,,
2026-02-05,MSLB,,1359,1311.1,1337.8,,,7127,9548564.2,69,,
2026-02-05,NABIL,,501,496.5,499.3,,,98644,49234318.5,535,,
2026-02-05,NADEP,,810,785,805,,,3537,2844041,42,,
2026-02-05,NBL,,243.5,240,243,,,54000,13054500.9,263,,
2026-02-05,NESDO,,1539,1500,1529.9,,,2112,3196424,38,,
2026-02-05,NFS,,676,656.6,659,,,20889,13855067.1,170,,
2026-02-05,NGPL,,427,413,422.5,,,801489,338536485.2,1146,,
2026-02-05,NHDL,,671,651,671,,,12397,8173014.7,100,,
2026-02-05,NHPC,,218.4,206,215.8,,,324728,69602398.6,747,,
2026-02-05,NICA,,329.9,325,327.7,,,55997,18354187.2,265,,
2026-02-05,NICLBSL,,584.9,571.5,583,,,18923,10925286.8,226,,
2026-02-05,NIFRA,,266.5,261,266.5,,,119095,31407654,792,,
2026-02-05,NIMB,,192.9,191.6,192.3,,,92817,17831921.6,299,,
2026-02-05,NLIC,,773,760,770.1,,,34466,26398600,257,,
2026-02-05,NLICL,,595,580.1,595,,,12887,7580720.8,68,,
2026-02-05,NLO,,269.4,269.4,269.4,,,0,0,0,,
2026-02-05,NMB,,235.8,233,234.1,,,74262,17406225.4,175,,
2026-02-05,NMBMF,,690,677,677,,,7471,5075042.9,60,,
2026-02-05,NMFBS,,1125,1106,1106.6,,,4453,4940466.3,64,,
2026-02-05,NMLBBL,,635,628.2,630,,,17083,10775067.3,139,,
2026-02-05,NRIC,,1310,1225,1285,,,169369,215480122.95,856,,
2026-02-05,NRM,,452,426,439,,,36807,16148403.6,359,,
2026-02-05,NRN,,1649.8,1576,1647,,,237475,386881535.4,1597,,
2026-02-05,NTC,,860,850,853,,,8449,7195776.2,167,,
2026-02-05,NUBL,,710,703,709,,,5680,4020430.6,48,,
2026-02-05,NWCL,,970,910.5,939,,,4344,4044665.1,102,,
2026-02-05,NYADI,,410,391,405,,,23871,9575027.9,155,,
2026-02-05,OHL,,747.1,720,726,,,2303,1686043.7,41,,
2026-02-05,OMPL,,1441,1408,1408,,,24591,34839954.5,375,,
2026-02-05,PCBL,,237,234.4,235.8,,,42945,10094162.3,163,,
2026-02-05,PFL,,389,377,385,,,13392,5122711.4,120,,
2026-02-05,PHCL,,292.7,281,289.7,,,227346,65660492.5,851,,
2026-02-05,PMHPL,,359,342.7,350,,,81459,28799166.4,234,,
2026-02-05,PMLI,,512,497.2,510,,,20641,10438775.2,290,,
2026-02-05,PPCL,,389,375,386,,,89956,34573083.3,309,,
2026-02-05,PPL,,410.8,394.2,395,,,368332,147183632.1,1333,,
2026-02-05,PROFL,,482.9,470,470.1,,,15605,7387567.9,99,,
2026-02-05,PRVU,,187,183.2,187,,,208736,38673114.5,450,,
2026-02-05,PURE,,1122.9,1040,1097,,,53836,58467023.5,552,,
2026-02-05,RADHI,,895.4,833,875,,,654099,575099438.2,2357,,
2026-02-05,RAWA,,780,735.7,773,,,7089,5373654.4,111,,
2026-02-05,RFPL,,426,411.6,421,,,208120,87864924.8,897,,
2026-02-05,RHGCL,,296.3,275.3,288,,,159070,46094245.2,524,,
2026-02-05,RHPL,,288,277,285,,,64251,18301018.3,353,,
2026-02-05,RIDI,,263.6,237,263.6,,,894684,231470572.9,1692,,
2026-02-05,RLFL,,465,450,458,,,26614,12170410.5,169,,
2026-02-05,RNLI,,467.1,458,467.1,,,47561,21924592.9,511,,
2026-02-05,RSDC,,674,652.1,670.5,,,16369,10857723.9,119,,
2026-02-05,RURU,,677.9,667.2,671.1,,,7709,5173323.3,74,,
2026-02-05,SAGAR,,2178,2083,2160,,,22769,48760041.4,538,,
2026-02-05,SAHAS,,563.9,547.7,563,,,70559,39512241.8,496,,
2026-02-05,SAIL,,1530,1450,1499.4,,,119797,178391057.4,2141,,
2026-02-05,SANIMA,,335,323.4,333,,,143899,46911094.9,244,,
2026-02-05,SANVI,,910,874.2,885,,,68209,60552260.5,778,,
2026-02-05,SARBTM,,879,863.1,879,,,11588,10085016,112,,
2026-02-05,SBI,,407,396.2,407,,,24349,9765836.3,89,,
2026-02-05,SBL,,386,378.1,384.8,,,99484,37880664.4,163,,
2026-02-05,SCB,,640,628.1,639.9,,,27507,17455414,151,,
2026-02-05,SGHC,,428,413,415,,,38824,16156924.6,191,,
2026-02-05,SHEL,,299.7,287,296.6,,,276148,81362167.7,895,,
2026-02-05,SHIVM,,619,606.1,615.1,,,131470,80807142.7,552,,
2026-02-05,SHL,,504,494,503.5,,,16517,8260825.1,80,,
2026-02-05,SHLB,,1648.2,1600,1648.2,,,925,1488282.9,33,,
2026-02-05,SHPC,,544.9,531,541.6,,,81202,43695568.2,284,,
2026-02-05,SIFC,,640,621.9,627.9,,,46025,28984423.8,179,,
2026-02-05,SIKLES,,629.9,603,620.2,,,30536,19021801.7,189,,
2026-02-05,SJCL,,302,293.8,300,,,23311,6936456.1,196,,
2026-02-05,SJLIC,,445.5,434,443,,,19080,8441473.8,263,,
2026-02-05,SKBBL,,766,758.6,761.1,,,21226,16147021.6,179,,
2026-02-05,SLBBL,,830,818.3,823,,,7126,5888393.1,88,,
2026-02-05,SLBSL,,1330,1304,1328.9,,,1466,1924604,36,,
2026-02-05,SMATA,,800,785,796,,,7192,5696832.1,100,,
2026-02-05,SMB,,1924.9,1896.1,1903,,,575,1093403,29,,
2026-02-05,SMFBS,,1679.9,1650,1679,,,169,282799.4,9,,
2026-02-05,SMH,,847,785.4,847,,,2768,2340295,39,,
2026-02-05,SMHL,,538,494.1,494.1,,,356268,176416293,1236,,
2026-02-05,SMJC,,527.5,517.5,520,,,25207,13163755.6,298,,
2026-02-05,SMPDA,,886.9,876.5,877,,,2683,2362135.7,58,,
2026-02-05,SNLI,,470,463,467,,,28977,13487756.6,434,,
2026-02-05,SONA,,437,430,437,,,33945,14723518.9,468,,
2026-02-05,SPC,,538,515.1,527.3,,,26587,13946585,189,,
2026-02-05,SPDL,,415,406,410.8,,,137365,56447691.3,383,,
2026-02-05,SPHL,,596.7,582,587,,,16161,9477570.6,130,,
2026-02-05,SPL,,874,852,866,,,1497,1291585.5,40,,
2026-02-05,SRLI,,396,390.1,394,,,20230,7937325.9,334,,
2026-02-05,SSHL,,205,193,200,,,879665,176529239.7,2244,,
2026-02-05,STC,,5575,5520.1,5527,,,2875,15956425,38,,
2026-02-05,SWASTIK,,2994.9,2950,2987,,,3647,10845190.4,121,,
2026-02-05,SWBBL,,746,735,740,,,6614,4893881.9,56,,
2026-02-05,SWMF,,681,669,676,,,9541,6413361.5,60,,
2026-02-05,SYPNL,,2150,2075,2115,,,255450,537410767.7,6165,,
2026-02-05,TAMOR,,449.9,443,448,,,18240,8153345.1,219,,
2026-02-05,TPC,,399.9,387.2,394,,,143898,56728270.3,499,,
2026-02-05,TRH,,768,755.1,764,,,2202,1676845.5,29,,
2026-02-05,TSHL,,809.9,772.4,801,,,14043,11195867.9,115,,
2026-02-05,TTL,,989,951.1,959.1,,,96422,93063537.9,1218,,
2026-02-05,TVCL,,576.3,539,575,,,127391,71693527.6,657,,
2026-02-05,UHEWA,,564.8,554,564.6,,,9874,5512777.2,107,,
2026-02-05,ULBSL,,3289,3225.1,3259,,,396,1288191.2,20,,
2026-02-05,ULHC,,539,493.1,538,,,146008,76299056.1,834,,
2026-02-05,UMHL,,646,633,641,,,111531,71385373.2,479,,
2026-02-05,UMRH,,575,550,575,,,44968,25425697.3,191,,
2026-02-05,UNHPL,,545,491,531,,,1146555,587763862.6,2323,,
2026-02-05,UNL,,47900,47600,47600,,,23,1100258,5,,
2026-02-05,UNLB,,1900,1858,1867,,,620,1160356,22,,
2026-02-05,UPCL,,388,373,385,,,249569,95891462.2,691,,
2026-02-05,UPPER,,190.5,183.5,188.1,,,247695,46569169.6,880,,
2026-02-05,USHEC,,496.6,483.1,486.6,,,80756,39427921.8,260,,
2026-02-05,USHL,,781.4,740,755,,,8913,6772848.8,114,,
2026-02-05,USLB,,1485,1453,1466,,,3982,5829839.2,87,,
2026-02-05,VLBS,,781,760,769,,,2746,2113899.3,53,,
2026-02-05,VLUCL,,600,565,593.7,,,21672,12806126.8,230,,
2026-02-08,ACLBSL,,998,965,987,,,8893,8702463.5,114,,
2026-02-08,ADBL,,301,295.5,296,,,24811,7366885.3,163,,
2026-02-08,AHL,,595,585,585.5,,,24768,14569449,179,,
2026-02-08,AHPC,,290,275,275.4,,,409323,115493339.6,969,,
2026-02-08,AKJCL,,376,351,363,,,1426865,514957432,2580,,
2026-02-08,AKPL,,279,267,269,,,753935,206239031.2,1372,,
2026-02-08,ALBSL,,1201,1125,1158,,,20147,23365824.5,254,,
2026-02-08,ALICL,,489,477.3,479.9,,,49511,23889231.3,264,,
2026-02-08,ANLB,,6222,5999,6041,,,1220,7425147.4,53,,
2026-02-08,API,,311,299.6,301.9,,,585301,179233038.1,1468,,
2026-02-08,AVYAN,,1009.8,941,966,,,21320,20781908.2,232,,
2026-02-08,BANDIPUR,,1135,1055,1055,,,138461,150596640.3,2338,,
2026-02-08,BARUN,,385,366,367.7,,,264907,98816485.1,867,,
2026-02-08,BBC,,4888.9,4778,4800,,,1287,6180928.4,73,,
2026-02-08,BEDC,,549.9,538,540,,,16845,9131800.8,154,,
2026-02-08,BFC,,496,482.6,485,,,47894,23434312.6,258,,
2026-02-08,BGWT,,782,763.2,776,,,2520,1955000,56,,
2026-02-08,BHCL,,621,600,600,,,58682,35693565,1008,,
2026-02-08,BHDC,,521,487.1,497,,,78308,39403938,469,,
2026-02-08,BHL,,209.8,204.2,204.6,,,419827,86917056.3,1259,,
2026-02-08,BHPL,,589.5,575,582,,,45839,26726145.2,310,,
2026-02-08,BNHC,,613.8,548,548,,,122677,68786311.6,782,,
2026-02-08,BNL,,15400,15200.5,15400,,,30,459505,3,,
2026-02-08,BNT,,12000,11765,11942.9,,,117,1382949,10,,
2026-02-08,BPCL,,770.1,741,743,,,70700,53362493.2,359,,
2026-02-08,BUNGAL,,718,691.8,691.8,,,32238,22714861.8,658,,
2026-02-08,CBBL,,948,935,936,,,13387,12575603.3,152,,
2026-02-08,CFCL,,579.8,552,566,,,45616,25632663.6,185,,
2026-02-08,CGH,,887,855,859.9,,,133312,114835705.1,613,,
2026-02-08,CHCL,,476,468.1,470,,,25141,11854550.9,212,,
2026-02-08,CHDC,,2470,2395,2396,,,34676,84036021.4,266,,
2026-02-08,CHL,,309,292.4,295,,,137920,41015369.6,508,,
2026-02-08,CIT,,1783,1755,1760,,,10344,18203345,213,,
2026-02-08,CITY,,506.6,485.2,492.9,,,16730,8220005.2,184,,
2026-02-08,CKHL,,804,751,751,,,30521,23340274.2,227,,
2026-02-08,CLI,,478,466.2,471.8,,,21293,10024312.4,444,,
2026-02-08,CREST,,1530,1461,1489,,,53035,79935199.7,812,,
2026-02-08,CYCL,,1600,1540,1584,,,5648,8889964.6,117,,
2026-02-08,CZBIL,,194.5,192,192.9,,,67463,13023690.7,232,,
2026-02-08,DDBL,,850,833.2,846,,,13731,11636745.3,116,,
2026-02-08,DHEL,,770,740.8,750,,,56122,42208711.3,988,,
2026-02-08,DHPL,,328,316.2,318.9,,,43005,13801087,227,,
2026-02-08,DLBS,,1360,1313,1330,,,763,1014775.1,36,,
2026-02-08,DOLTI,,537,521,526,,,6696,3530808.6,78,,
2026-02-08,DORDI,,305.8,287,296,,,589154,173811957.2,1417,,
2026-02-08,EBL,,680,665,670,,,55470,37377711.1,221,,
2026-02-08,EHPL,,450,429,430,,,93799,41250681,487,,
2026-02-08,ENL,,989.3,908,940,,,4694,4480987.8,106,,
2026-02-08,FMDBL,,816,794,794,,,25242,20226379.3,146,,
2026-02-08,FOWAD,,1089.9,1063,1075,,,4748,5085707.3,82,,
2026-02-08,GBIME,,228.1,225.4,225.7,,,92958,21063294.9,396,,
2026-02-08,GBLBS,,785,765,765.2,,,10517,8104580.9,132,,
2026-02-08,GCIL,,432.5,421,422,,,23866,10143310.3,280,,
2026-02-08,GFCL,,680,657,665,,,45416,30327780.9,287,,
2026-02-08,GHL,,266.9,253,254.5,,,589736,153545588.1,1682,,
2026-02-08,GILB,,1180,1166,1167,,,726,847949.6,17,,
2026-02-08,GLBSL,,1993,1940,1986,,,2541,5029972.7,46,,
2026-02-08,GLH,,282,270,270.1,,,150932,41874253.3,665,,
2026-02-08,GMFBS,,1499,1452,1470,,,1865,2725737.1,45,,
2026-02-08,GMFIL,,485.9,471.4,477,,,24469,11713938.4,148,,
2026-02-08,GMLI,,1888.9,1800,1800,,,10769,19974703.4,249,,
2026-02-08,GUFL,,594,576,577,,,38535,22572459.7,306,,
2026-02-08,GVL,,503,490,494.9,,,117726,58463947.6,452,,
2026-02-08,HATHY,,978,924,955,,,52848,50582626.4,618,,
2026-02-08,HBL,,192.5,188.9,189.8,,,101487,19311749.7,1726,,
2026-02-08,HDHPC,,217,206.5,207.9,,,625420,132357947.4,1475,,
2026-02-08,HDL,,1163.8,1140,1143,,,66291,75943810.9,687,,
2026-02-08,HHL,,375,348.4,360,,,323353,117033389.6,1489,,
2026-02-08,HIDCL,,268.5,260,260.2,,,179081,47297772.4,528,,
2026-02-08,HIMSTAR,,1034,990,1000,,,22446,22613533.8,413,,
2026-02-08,HLBSL,,940,906,910,,,4485,4123165.2,52,,
2026-02-08,HLI,,374,366,366.2,,,52247,19250333,459,,
2026-02-08,HPPL,,483.9,472,473,,,134090,64051735.6,414,,
2026-02-08,HRL,,887.3,857,857,,,241328,210929031,1720,,
2026-02-08,HURJA,,266.9,258,259.6,,,571043,150160574.4,1323,,
2026-02-08,ICFC,,676,660.2,664.9,,,26210,17550942.1,160,,
2026-02-08,IHL,,559,541,547,,,24328,13292824.1,140,,
2026-02-08,ILBS,,990,965,966.1,,,6573,6407042.7,75,,
2026-02-08,ILI,,445.9,441,441,,,15706,6951488,443,,
2026-02-08,JBLB,,1345,1310.1,1317.8,,,5129,6766476.8,116,,
2026-02-08,JFL,,443.7,432.1,440.1,,,20875,9143928,168,,
2026-02-08,JHAPA,,1487,1408,1445,,,7452,10912739,264,,
2026-02-08,JOSHI,,326,308.4,319,,,369035,117275486.2,1426,,
2026-02-08,JSLBB,,1180,1156.1,1165,,,3177,3695912.9,21,,
2026-02-08,KBL,,190.5,185.1,185.5,,,227052,42521803.1,587,,
2026-02-08,KBSH,,1680,1666.1,1666.1,,,314,524510.9,16,,
2026-02-08,KDL,,1185,970.3,982,,,60968,62970263.7,1159,,
2026-02-08,KKHC,,276.8,256.7,276.8,,,809051,220797065,3157,,
2026-02-08,KMCDB,,953,922.3,931,,,3138,2937123.9,51,,
2026-02-08,KPCL,,554.3,539,544.9,,,26796,14649731.6,174,,
2026-02-08,LEC,,226,220.1,220.6,,,430592,96295687.3,1116,,
2026-02-08,LICN,,868,848,848.1,,,19598,16747030.9,135,,
2026-02-08,LLBS,,990,966,988,,,1974,1928517.4,24,,
2026-02-08,LSL,,212,207.1,208.9,,,56666,11823330.8,189,,
2026-02-08,MABEL,,825.9,796,806,,,24015,19393733.4,500,,
2026-02-08,MAKAR,,572.9,546.3,563,,,38970,21952504.2,232,,
2026-02-08,MANDU,,846,821,827.9,,,6576,5470264.5,73,,
2026-02-08,MATRI,,1005,990.1,993,,,1950,1947551.7,42,,
2026-02-08,MBJC,,294.9,285.9,288,,,38694,11242343,390,,
2026-02-08,MBL,,233.7,228,230,,,77346,17825492.3,216,,
2026-02-08,MCHL,,462,431.2,444.9,,,12522,5577066.6,108,,
2026-02-08,MEHL,,460,450,450.8,,,21642,9842572.1,235,,
2026-02-08,MEL,,328,292.1,293.1,,,131002,40329189.2,920,,
2026-02-08,MEN,,605,583,585.1,,,68756,40549728.1,301,,
2026-02-08,MERO,,764.8,738,738,,,15341,11420985,127,,
2026-02-08,MFIL,,828,794.8,800,,,211792,171418012.7,486,,
2026-02-08,MHCL,,406,395.5,397.5,,,37143,14925823.7,245,,
2026-02-08,MHL,,535,521,523,,,48233,25573158.4,297,,
2026-02-08,MHNL,,285,274.4,277,,,27315,7586530.4,143,,
2026-02-08,MKCL,,1400,1380.1,1385,,,7180,9984886.8,112,,
2026-02-08,MKHC,,364.8,334,350,,,56569,19842095.6,497,,
2026-02-08,MKHL,,915,832,870,,,15590,13358487,137,,
2026-02-08,MKJC,,565,537,537,,,55963,30480006.5,247,,
2026-02-08,MLBBL,,1377,1333,1345,,,4456,5972453.1,105,,
2026-02-08,MLBS,,1507.5,1445,1507.5,,,1912,2810428,38,,
2026-02-08,MLBSL,,1940,1900,1929,,,577,1103255,21,,
2026-02-08,MMKJL,,610,591,591,,,15551,9333154.8,151,,
2026-02-08,MPFL,,669,644,657,,,69365,45645045.6,436,,
2026-02-08,MSHL,,826,810.7,820,,,654,535971,20,,
2026-02-08,MSLB,,1335,1300,1320,,,3304,4333736.4,82,,
2026-02-08,NABIL,,500.9,497,498.5,,,75640,37753491.4,472,,
2026-02-08,NADEP,,815,790.3,795,,,2933,2351478.1,51,,
2026-02-08,NBL,,247,243,244.8,,,51241,12504672.1,205,,
2026-02-08,NESDO,,1559,1475,1526.9,,,2236,3365630.7,44,,
2026-02-08,NFS,,672,654,660,,,40594,26921459.8,225,,
2026-02-08,NGPL,,434.6,425,427.8,,,864010,370750700.1,1382,,
2026-02-08,NHDL,,683.6,657.6,669,,,24215,16093442.6,129,,
2026-02-08,NHPC,,224,217,217,,,483728,106612202.2,965,,
2026-02-08,NICA,,333.9,327.3,328.7,,,48970,16122325,225,,
2026-02-08,NICLBSL,,595,570,578,,,22267,12864773.3,215,,
2026-02-08,NIFRA,,269.4,262,263,,,138605,36686464.9,756,,
2026-02-08,NIMB,,194,190.1,190.3,,,172367,32932287.3,483,,
2026-02-08,NLIC,,775,765.2,765.3,,,21973,16906560.5,244,,
2026-02-08,NLICL,,595,585.1,587,,,10971,6474910.8,55,,
2026-02-08,NLO,,269.4,269.4,269.4,,,0,0,0,,
2026-02-08,NMB,,242,234.2,234.3,,,27583,6502066.2,132,,
2026-02-08,NMBMF,,682,668.1,669.3,,,8331,5602796.7,58,,
2026-02-08,NMFBS,,1124.9,1110,1111,,,1375,1531666.6,35,,
2026-02-08,NMLBBL,,643,627.5,631.7,,,20181,12741891.1,143,,
2026-02-08,NRIC,,1341,1291,1319.9,,,196139,259333698.1,1314,,
2026-02-08,NRM,,447.7,431,433,,,29994,13129706.5,277,,
2026-02-08,NRN,,1694.9,1637,1694,,,209635,349587257.8,1127,,
2026-02-08,NTC,,860,848,850,,,17064,14546845.2,233,,
2026-02-08,NUBL,,716,710.7,710.7,,,7590,5414805.7,31,,
2026-02-08,NWCL,,945,920,920,,,7133,6603074.5,99,,
2026-02-08,NYADI,,420,404,409,,,24623,10134074.1,226,,
2026-02-08,OHL,,735.9,717,717,,,3417,2467256.8,39,,
2026-02-08,OMPL,,1454,1390,1390,,,20073,28404114.6,382,,
2026-02-08,PCBL,,238,234,235.4,,,38599,9102023.8,150,,
2026-02-08,PFL,,391,377.5,383.7,,,18089,6998598.3,135,,
2026-02-08,PHCL,,295,285,288.2,,,167655,48772619.2,697,,
2026-02-08,PMHPL,,361,343,346.9,,,89574,31617314.8,296,,
2026-02-08,PMLI,,518.5,507,507.2,,,8334,4255984.9,197,,
2026-02-08,PPCL,,398.8,385,388.7,,,101958,39686537.9,299,,
2026-02-08,PPL,,403.7,385,387,,,324896,128285356.8,979,,
2026-02-08,PROFL,,481,469,474.8,,,17564,8358779.8,103,,
2026-02-08,PRVU,,188.6,184,185,,,192208,35592082.6,502,,
2026-02-08,PURE,,1118,1055,1068.8,,,28674,30661582.9,360,,
2026-02-08,RADHI,,894,877.1,886,,,497610,439834005.3,1230,,
2026-02-08,RAWA,,780,750,763.7,,,6215,4707701.1,89,,
2026-02-08,RFPL,,432.9,415,415,,,180215,76192298.9,741,,
2026-02-08,RHGCL,,303,283,295,,,251514,75063826.9,819,,
2026-02-08,RHPL,,295,280.4,281,,,43262,12388603.7,261,,
2026-02-08,RIDI,,289.9,268.8,289.9,,,1658725,477492501.2,3865,,
2026-02-08,RLFL,,478.3,459.6,464,,,64074,30143816.9,361,,
2026-02-08,RNLI,,470.4,462.3,463.1,,,37168,17300179.5,506,,
2026-02-08,RSDC,,680,662,662,,,27676,18557605,141,,
2026-02-08,RURU,,679.1,670,670,,,15547,10462118.3,104,,
2026-02-08,SAGAR,,2200,2080,2080,,,24335,51674344.6,489,,
2026-02-08,SAHAS,,568,557.1,564.9,,,64425,36338436.8,422,,
2026-02-08,SAIL,,1511,1403,1450,,,108705,160248892.5,1978,,
2026-02-08,SANIMA,,336,327,329,,,66785,22108389.5,228,,
2026-02-08,SANVI,,900,860.1,865,,,73955,64482159.4,764,,
2026-02-08,SARBTM,,890,872,872,,,18393,16218501.5,109,,
2026-02-08,SBI,,418,398.9,412,,,41210,16617677.6,136,,
2026-02-08,SBL,,387,379.5,380,,,51089,19503461.4,111,,
2026-02-08,SCB,,640.8,633.3,638,,,27351,17478281.6,157,,
2026-02-08,SGHC,,423.3,403.1,405,,,44947,18427921.1,299,,
2026-02-08,SHEL,,306,295.3,296,,,293122,88122819.6,902,,
2026-02-08,SHIVM,,628,615.3,622,,,307474,191390207.8,733,,
2026-02-08,SHL,,504,496,498,,,27063,13556734.9,84,,
2026-02-08,SHLB,,1632,1600,1632,,,511,824566,18,,
2026-02-08,SHPC,,548,535,535.5,,,89818,48531344.6,295,,
2026-02-08,SIFC,,638.8,595,611.4,,,61587,37563270.2,247,,
2026-02-08,SIKLES,,640,620.5,620.5,,,21001,13185883,167,,
2026-02-08,SJCL,,307,293,296.5,,,27726,8306332.8,180,,
2026-02-08,SJLIC,,446,437,438.1,,,38918,17236582.8,264,,
2026-02-08,SKBBL,,774,761.5,761.5,,,20356,15564337.9,177,,
2026-02-08,SLBBL,,834,818,823.9,,,13072,10732661.2,132,,
2026-02-08,SLBSL,,1349,1309,1324,,,1906,2517332.5,40,,
2026-02-08,SMATA,,811,785,800,,,8420,6665587,97,,
2026-02-08,SMB,,1919,1900,1903,,,1205,2293676,33,,
2026-02-08,SMFBS,,1654,1645,1645,,,437,720566.4,28,,
2026-02-08,SMH,,931.7,863.9,931.7,,,10231,9528137.1,171,,
2026-02-08,SMHL,,500,444.7,486,,,1180165,560348155.8,3015,,
2026-02-08,SMJC,,529,498.1,502,,,27555,13965171.6,263,,
2026-02-08,SMPDA,,890,878,880,,,3554,3135647.9,79,,
2026-02-08,SNLI,,474,465.1,465.1,,,26966,12650911.9,470,,
2026-02-08,SONA,,445,433,433,,,36232,15790781.3,448,,
2026-02-08,SPC,,533,516,518,,,23177,12106557.1,184,,
2026-02-08,SPDL,,421,402.6,408,,,90951,37629556.7,333,,
2026-02-08,SPHL,,598,578,578.9,,,6010,3514213.2,80,,
2026-02-08,SPL,,880,852.3,854,,,7956,6905798.8,119,,
2026-02-08,SRLI,,400,389.8,391,,,35645,13949476.1,370,,
2026-02-08,SSHL,,204,194.5,195,,,648044,128692054.7,1722,,
2026-02-08,STC,,5551,5462,5476,,,4692,25904718.5,33,,
2026-02-08,SWASTIK,,3020,2943,2943,,,2713,8050699.3,115,,
2026-02-08,SWBBL,,785,732,736,,,12341,9131978.1,90,,
2026-02-08,SWMF,,686,673,673,,,2968,2015595,48,,
2026-02-08,SYPNL,,2155,2019.1,2019.1,,,202578,424156406.5,4977,,
2026-02-08,TAMOR,,455,446,448,,,25924,11654516.1,273,,
2026-02-08,TPC,,401,383,387,,,211777,82555766.3,612,,
2026-02-08,TRH,,777.5,751,762,,,3228,2454320.3,46,,
2026-02-08,TSHL,,832,793.1,806,,,15615,12693088.3,157,,
2026-02-08,TTL,,989,946,946,,,72351,70064861.5,1191,,
2026-02-08,TVCL,,595,564,589.1,,,135579,78411000.7,561,,
2026-02-08,UHEWA,,574,555,558.7,,,29765,16760675.2,180,,
2026-02-08,ULBSL,,3299,3235,3278.9,,,310,1015727,17,,
2026-02-08,ULHC,,551.9,528,549,,,65395,35618290.7,481,,
2026-02-08,UMHL,,644.5,632,636,,,125517,80134254.4,329,,
2026-02-08,UMRH,,579.9,564,564,,,19168,10962716,110,,
2026-02-08,UNHPL,,530,502,506,,,285678,145521356.7,1144,,
2026-02-08,UNL,,46701,46700,46701,,,20,934010,2,,
2026-02-08,UNLB,,1899,1849,1877,,,1386,2570572.4,55,,
2026-02-08,UPCL,,391,376,377,,,161447,61813294.7,527,,
2026-02-08,UPPER,,191.6,186.1,186.3,,,185555,35073895.7,780,,
2026-02-08,USHEC,,498,476,478,,,59643,28822142.6,269,,
2026-02-08,USHL,,780,763,769.9,,,11482,8852184,117,,
2026-02-08,USLB,,1495,1450,1463,,,6485,9483895.4,114,,
2026-02-08,VLBS,,786,769,773,,,1937,1514075.3,53,,
2026-02-08,VLUCL,,596.2,578,580,,,10873,6362701.1,148,,
2026-02-09,ACLBSL,,1024,960.2,994,,,1203,1185375.1,41,,
2026-02-09,ADBL,,296,292.5,295,,,25210,7399661.82,170,,
2026-02-09,AHL,,586,565,578,,,9993,5778458,80,,
2026-02-09,AHPC,,284,271.1,280,,,284914,79310038.6,679,,
2026-02-09,AKJCL,,374.9,355.9,364.8,,,1321108,484303629.2,2446,,
2026-02-09,AKPL,,273,264.6,266.9,,,361747,96886592.2,814,,
2026-02-09,ALBSL,,1180,1105,1150,,,24593,27508848.3,292,,
2026-02-09,ALICL,,483,471.3,471.3,,,69500,32966039.8,321,,
2026-02-09,ANLB,,6283,6040,6046.1,,,762,4686875.8,44,,
2026-02-09,API,,307.9,296,297,,,448876,133801963.5,896,,
2026-02-09,AVYAN,,985,960,974,,,8535,8284800.3,131,,
2026-02-09,BANDIPUR,,1073,989.9,1019,,,176729,183444103.6,2403,,
2026-02-09,BARUN,,375,358,363.9,,,298000,107914538,857,,
2026-02-09,BBC,,4859,4773.3,4815.9,,,280,1345245,26,,
2026-02-09,BEDC,,549.5,531.2,532,,,14026,7507513.1,160,,
2026-02-09,BFC,,490,473,476.9,,,26381,12627560.4,150,,
2026-02-09,BGWT,,780,770,770.2,,,4265,3302352,49,,
2026-02-09,BHCL,,612,578,585,,,92271,54627773.2,1041,,
2026-02-09,BHDC,,505.9,484,484,,,46195,22567531.7,311,,
2026-02-09,BHL,,210,203,207.9,,,422129,87395218.9,1269,,
2026-02-09,BHPL,,593.6,563,570,,,33625,19219858.2,291,,
2026-02-09,BNHC,,556,524,528,,,112250,60244446.4,697,,
2026-02-09,BNL,,15200,15092,15092,,,70,1057871,7,,
2026-02-09,BNT,,11900,11725,11725,,,84,988460,8,,
2026-02-09,BPCL,,757.8,725.1,727,,,119501,87727485,443,,
2026-02-09,BUNGAL,,699.9,656.1,670,,,42632,28741616.1,681,,
2026-02-09,CBBL,,935,921.2,930,,,13467,12477781.5,153,,
2026-02-09,CFCL,,560,541.1,543,,,35002,19270084.4,159,,
2026-02-09,CGH,,868,843,848,,,75363,63976235.1,458,,
2026-02-09,CHCL,,474.8,466,468,,,27960,13076872.2,243,,
2026-02-09,CHDC,,2410,2350,2374,,,28926,68590948,243,,
2026-02-09,CHL,,297.8,285,287.9,,,147558,42760098.2,567,,
2026-02-09,CIT,,1760,1745.1,1745.1,,,7907,13844653.9,236,,
2026-02-09,CITY,,492.9,479,484.9,,,16864,8152357,160,,
2026-02-09,CKHL,,795,735,738,,,11613,8686216.7,125,,
2026-02-09,CLI,,471.8,465,465.1,,,31226,14570492,341,,
2026-02-09,CREST,,1495,1440,1474,,,34722,50611498.6,464,,
2026-02-09,CYCL,,1584,1522,1560,,,3750,5813611.8,87,,
2026-02-09,CZBIL,,195,189.5,190,,,47780,9111399.7,247,,
2026-02-09,DDBL,,846,832,839.9,,,14355,12007279.9,77,,
2026-02-09,DHEL,,753,715,730,,,43473,31745816.2,756,,
2026-02-09,DHPL,,318.5,307,311,,,8969,2807390.6,62,,
2026-02-09,DLBS,,1356.6,1318.1,1318.1,,,1086,1433901.4,30,,
2026-02-09,DOLTI,,525,516,516.1,,,5224,2714827.4,74,,
2026-02-09,DORDI,,300,287.1,287.1,,,230209,67133519.5,616,,
2026-02-09,EBL,,672,665.1,670,,,57712,38626196.3,158,,
2026-02-09,EHPL,,433.9,422.1,423.6,,,49141,20898196.1,324,,
2026-02-09,ENL,,935,925,929.9,,,820,759809,20,,
2026-02-09,FMDBL,,798,785,787,,,22152,17488164,147,,
2026-02-09,FOWAD,,1068.8,1050,1068.8,,,8786,9281675.9,114,,
2026-02-09,GBIME,,227,223.8,224.6,,,92658,20855176.9,407,,
2026-02-09,GBLBS,,780.5,760,767,,,4565,3486706.6,82,,
2026-02-09,GCIL,,422,416,418,,,22873,9571679.9,264,,
2026-02-09,GFCL,,664,645,650,,,27846,18208205.2,204,,
2026-02-09,GHL,,264.5,249,257,,,593501,152512922.7,1232,,
2026-02-09,GILB,,1154,1105,1141.9,,,4432,5039237,63,,
2026-02-09,GLBSL,,1997.8,1947.3,1947.3,,,673,1313467,30,,
2026-02-09,GLH,,278,268.1,274.6,,,115384,31450796.1,458,,
2026-02-09,GMFBS,,1479,1450,1462.8,,,785,1140696.5,24,,
2026-02-09,GMFIL,,477,460,461,,,17313,8070791,95,,
2026-02-09,GMLI,,1802,1770.4,1772,,,3350,5979893.2,118,,
2026-02-09,GUFL,,595,565.3,566,,,30138,17190681.6,206,,
2026-02-09,GVL,,499,487.1,487.5,,,64777,31759661.8,381,,
2026-02-09,HATHY,,958.8,927.2,932,,,14652,13738855.6,199,,
2026-02-09,HBL,,190,187,188.2,,,100260,18864833.6,924,,
2026-02-09,HDHPC,,218.4,204.2,211.5,,,777735,165273667.2,1667,,
2026-02-09,HDL,,1150,1135,1139,,,50110,57040245.9,585,,
2026-02-09,HHL,,367.2,350,353,,,96804,34371540.2,538,,
2026-02-09,HIDCL,,265,259,262,,,136674,35738838.5,455,,
2026-02-09,HIMSTAR,,1015,936,958,,,30313,29417439.3,445,,
2026-02-09,HLBSL,,910,900.1,910,,,5301,4807281.8,36,,
2026-02-09,HLI,,366.4,362.5,364.1,,,74223,27070597.1,459,,
2026-02-09,HPPL,,482.4,465,466,,,77738,36440107.4,330,,
2026-02-09,HRL,,874.1,847,849,,,117445,99984007.1,1052,,
2026-02-09,HURJA,,274.9,259.9,268.9,,,895478,241048499.9,2320,,
2026-02-09,ICFC,,675,653,654.5,,,20240,13284340.7,126,,
2026-02-09,IHL,,545,534.1,544,,,10564,5689164.1,113,,
2026-02-09,ILBS,,977,945,960,,,4427,4236935.6,79,,
2026-02-09,ILI,,443,437.3,437.4,,,12729,5577657.1,310,,
2026-02-09,JBLB,,1350,1307,1318,,,7777,10312267,217,,
2026-02-09,JFL,,435.2,425,431.5,,,22052,9524335,112,,
2026-02-09,JHAPA,,1440,1395,1396,,,9593,13542534,221,,
2026-02-09,JOSHI,,319,308.7,310.3,,,98456,30778334.1,418,,
2026-02-09,JSLBB,,1179,1148.1,1170,,,914,1053700.7,16,,
2026-02-09,KBL,,186.8,183.2,184.2,,,302783,55765340.5,597,,
2026-02-09,KBSH,,1680,1635.2,1650.1,,,121,200936,8,,
2026-02-09,KDL,,1000,922.3,936,,,17967,17083398.1,407,,
2026-02-09,KKHC,,304.4,261.7,304.4,,,945668,268299479.5,2400,,
2026-02-09,KMCDB,,941,923,925,,,3104,2886269.3,39,,
2026-02-09,KPCL,,544,528,531,,,69251,37009515.3,322,,
2026-02-09,LEC,,238.2,220.6,237.9,,,1586484,370172265.8,3727,,
2026-02-09,LICN,,847.9,838.2,840,,,20460,17195942.7,153,,
2026-02-09,LLBS,,968.3,924,968,,,6332,5964300.8,77,,
2026-02-09,LSL,,210,207.6,208,,,36757,7650887.6,133,,
2026-02-09,MABEL,,806,765.1,766.3,,,19184,15049084.4,445,,
2026-02-09,MAKAR,,560,552,558.5,,,7815,4338080.5,66,,
2026-02-09,MANDU,,829.1,813,813,,,1270,1036104,41,,
2026-02-09,MATRI,,990,957,970.2,,,6504,6271719.9,41,,
2026-02-09,MBJC,,290,284.2,289,,,50980,14577715.8,336,,
2026-02-09,MBL,,230,225,225,,,47111,10663474.3,138,,
2026-02-09,MCHL,,442,434,439,,,5525,2403225.5,56,,
2026-02-09,MEHL,,459,442,452,,,22560,10088239,174,,
2026-02-09,MEL,,300.5,287.5,297.9,,,67910,19922632.3,468,,
2026-02-09,MEN,,593,575.1,581.4,,,77991,45389352.8,292,,
2026-02-09,MERO,,748,735,737,,,8335,6175096.2,58,,
2026-02-09,MFIL,,799.6,777,786.5,,,96396,75711706.5,381,,
2026-02-09,MHCL,,402,392,402,,,20282,8081755.3,136,,
2026-02-09,MHL,,529,512.6,515,,,34173,17667311.4,154,,
2026-02-09,MHNL,,279,268,272,,,24024,6544142.8,126,,
2026-02-09,MKCL,,1402,1365,1381,,,5585,7729271.2,98,,
2026-02-09,MKHC,,349.6,317,331.1,,,378030,124199445.9,1138,,
2026-02-09,MKHL,,887,836.5,863,,,24973,21332770.8,102,,
2026-02-09,MKJC,,550,527,538,,,50415,26854357.8,234,,
2026-02-09,MLBBL,,1370.5,1308.4,1334,,,7528,9954317.8,126,,
2026-02-09,MLBS,,1507.5,1450.6,1456.5,,,2116,3149283.3,25,,
2026-02-09,MLBSL,,1929,1880,1898,,,1531,2892248,41,,
2026-02-09,MMKJL,,599.8,583,586,,,19118,11253740.1,169,,
2026-02-09,MPFL,,660,630,630,,,26416,16917616.5,112,,
2026-02-09,MSHL,,822,810,820,,,2190,1786532,42,,
2026-02-09,MSLB,,1330,1275.1,1319,,,5892,7588610.3,62,,
2026-02-09,NABIL,,499,494,495.9,,,68038,33764079,469,,
2026-02-09,NADEP,,794,765,794,,,8436,6578992,47,,
2026-02-09,NBL,,249,240.2,242,,,56266,13583157.3,217,,
2026-02-09,NESDO,,1539,1513,1524,,,1742,2644417.3,57,,
2026-02-09,NFS,,660.5,638,640,,,30761,19832891.7,221,,
2026-02-09,NGPL,,431,419,423,,,795997,339149822.8,1203,,
2026-02-09,NHDL,,664,659,659,,,8752,5784580.4,79,,
2026-02-09,NHPC,,235,213,229.8,,,1072249,243879117.3,2622,,
2026-02-09,NICA,,328.2,322.2,323,,,114234,36994763,437,,
2026-02-09,NICLBSL,,581.4,564.2,570,,,10852,6158862.8,133,,
2026-02-09,NIFRA,,268.2,259.9,260.8,,,175079,45663120.5,755,,
2026-02-09,NIMB,,193,189.8,190,,,111173,21139584.8,368,,
2026-02-09,NLIC,,770,760.1,760.2,,,25221,19244613.6,262,,
2026-02-09,NLICL,,585,580,584.4,,,16123,9386158.6,90,,
2026-02-09,NLO,,269.4,269.4,269.4,,,0,0,0,,
2026-02-09,NMB,,234.4,232.2,232.7,,,39501,9216046.6,174,,
2026-02-09,NMBMF,,675,665,665,,,5717,3822142.9,49,,
2026-02-09,NMFBS,,1124.9,1111,1111,,,2691,2994748.7,41,,
2026-02-09,NMLBBL,,632,624,624,,,12614,7906429.1,114,,
2026-02-09,NRIC,,1324.9,1262,1275,,,74048,94985138.1,672,,
2026-02-09,NRM,,439.6,426,426,,,38522,16546064.4,218,,
2026-02-09,NRN,,1691,1598,1640,,,130356,213470969,836,,
2026-02-09,NTC,,859.9,844,844,,,19259,16298846,240,,
2026-02-09,NUBL,,724.9,697,707,,,21555,15260695.5,109,,
2026-02-09,NWCL,,920,876,880,,,8353,7454022.2,138,,
2026-02-09,NYADI,,414.9,390.1,399,,,29831,11811941.8,175,,
2026-02-09,OHL,,731,705.6,724,,,8312,5936334.6,48,,
2026-02-09,OMPL,,1412,1378.1,1388,,,21884,30514730.4,318,,
2026-02-09,PCBL,,235.8,230,232,,,67871,15800923.4,233,,
2026-02-09,PFL,,388.9,367.5,379,,,21102,7948611.3,177,,
2026-02-09,PHCL,,291.5,282,284,,,136480,38756847.2,538,,
2026-02-09,PMHPL,,360,341.1,349,,,67066,23503655.4,247,,
2026-02-09,PMLI,,515,495.1,499,,,9399,4700475.7,164,,
2026-02-09,PPCL,,389,378,380,,,54679,20923053.3,164,,
2026-02-09,PPL,,394.8,383.3,385.4,,,193492,74958797.8,777,,
2026-02-09,PROFL,,476.4,460.1,461.7,,,25915,12085888.6,128,,
2026-02-09,PRVU,,185.1,181.3,184.3,,,175132,32206005.6,407,,
2026-02-09,PURE,,1060,1010,1027,,,29947,30919493.2,384,,
2026-02-09,RADHI,,885,855.8,862,,,311170,270297984.3,917,,
2026-02-09,RAWA,,778,734,747,,,3941,2919499.5,55,,
2026-02-09,RFPL,,422,402.1,406,,,181473,74262055.7,932,,
2026-02-09,RHGCL,,299,285,286,,,119507,34687614.3,485,,
2026-02-09,RHPL,,284.9,276,278,,,41635,11613675.6,255,,
2026-02-09,RIDI,,318.8,284.29,316.3,,,2517995,771918685.8,6545,,
2026-02-09,RLFL,,473,452,459,,,23252,10690844.8,168,,
2026-02-09,RNLI,,462,457,458.9,,,26654,12212864.4,380,,
2026-02-09,RSDC,,667,656.1,658,,,13445,8853791.8,71,,
2026-02-09,RURU,,677,659,667,,,20351,13601792.5,89,,
2026-02-09,SAGAR,,2119,2011,2052,,,34884,72014848,576,,
2026-02-09,SAHAS,,569,555,555.3,,,85266,47711359.7,445,,
2026-02-09,SAIL,,1455,1350,1399.9,,,103006,144026216.4,1651,,
2026-02-09,SANIMA,,329,324,326,,,203811,66198728.6,250,,
2026-02-09,SANVI,,875,835,835.2,,,67711,57621964,667,,
2026-02-09,SARBTM,,885.9,861.6,866.9,,,6653,5757275.1,70,,
2026-02-09,SBI,,405.4,397.1,404.9,,,50211,20156545.3,98,,
2026-02-09,SBL,,383,367.6,374,,,109072,40963401.1,182,,
2026-02-09,SCB,,641,633,635.1,,,12711,8073231.6,90,,
2026-02-09,SGHC,,429.8,400.2,414.9,,,186317,78599263.2,412,,
2026-02-09,SHEL,,298.6,292,296.5,,,185641,54795800.8,539,,
2026-02-09,SHIVM,,625,612,614.5,,,148696,91768427.2,492,,
2026-02-09,SHL,,499,490,497,,,25082,12421323.9,86,,
2026-02-09,SHLB,,1608.1,1602,1608,,,350,562586,10,,
2026-02-09,SHPC,,546.2,528,530,,,110179,58517432.9,395,,
2026-02-09,SIFC,,611,587.6,587.6,,,90611,53959643.1,177,,
2026-02-09,SIKLES,,631.9,608.1,611,,,13733,8443411,122,,
2026-02-09,SJCL,,297,291.2,296.9,,,21529,6347174,136,,
2026-02-09,SJLIC,,440,428.5,432,,,60178,26035245.4,362,,
2026-02-09,SKBBL,,772,755,759,,,19597,14872790.1,208,,
2026-02-09,SLBBL,,831.8,815.5,819.9,,,11475,9379102.5,79,,
2026-02-09,SLBSL,,1324,1302,1302.1,,,1515,1975717.4,42,,
2026-02-09,SMATA,,798,780,780,,,10910,8557813.1,142,,
2026-02-09,SMB,,1897,1882,1885,,,971,1835567.5,27,,
2026-02-09,SMFBS,,1645,1630,1630,,,254,415797.4,11,,
2026-02-09,SMH,,1024.8,861,890,,,36942,34107643.2,526,,
2026-02-09,SMHL,,496,478,489.8,,,204971,99223529.7,895,,
2026-02-09,SMJC,,502.9,490.1,492,,,16209,8030057.7,183,,
2026-02-09,SMPDA,,881,873,874.5,,,1093,958770.7,34,,
2026-02-09,SNLI,,466,460,461.9,,,28368,13115864,372,,
2026-02-09,SONA,,432.9,424.4,425.2,,,66225,28302056.4,481,,
2026-02-09,SPC,,525,511,513.1,,,12636,6522448.6,104,,
2026-02-09,SPDL,,414.9,400,412,,,102598,41461953.8,308,,
2026-02-09,SPHL,,583.4,572,574.3,,,7350,4237128.4,67,,
2026-02-09,SPL,,867,810,860,,,10492,8870289,69,,
2026-02-09,SRLI,,393.1,387.2,387.3,,,30039,11693495.8,271,,
2026-02-09,SSHL,,205.8,191.1,198,,,801093,159102183.3,1846,,
2026-02-09,STC,,5520,5415,5435,,,539,2949898.1,30,,
2026-02-09,SWASTIK,,2940,2880,2905,,,3354,9718674.2,119,,
2026-02-09,SWBBL,,747,730,736,,,12456,9138669.3,111,,
2026-02-09,SWMF,,673,651.7,670,,,7994,5270309.8,75,,
2026-02-09,SYPNL,,2050,1900,1939,,,273774,540474871,4966,,
2026-02-09,TAMOR,,448,442.3,444,,,14182,6292663.2,167,,
2026-02-09,TPC,,405,381,395,,,338078,132250902.7,672,,
2026-02-09,TRH,,755,748,748,,,2322,1743056.2,27,,
2026-02-09,TSHL,,820,787,792,,,4233,3348414.2,81,,
2026-02-09,TTL,,960,906.5,913,,,93002,85979551.1,1245,,
2026-02-09,TVCL,,635,586.2,618.5,,,149849,91047542.8,909,,
2026-02-09,UHEWA,,560.7,550.5,551.1,,,12910,7145673.1,94,,
2026-02-09,ULBSL,,3278.9,3200.1,3225,,,636,2049339.9,39,,
2026-02-09,ULHC,,568,538.1,551,,,93784,51474473.3,528,,
2026-02-09,UMHL,,648,618,619,,,102735,64528624.3,388,,
2026-02-09,UMRH,,570,552,555.3,,,22220,12372653.1,99,,
2026-02-09,UNHPL,,516.1,487.3,489,,,242267,119701683.7,847,,
2026-02-09,UNL,,47635,47000,47000,,,31,1470937,4,,
2026-02-09,UNLB,,1880,1850,1880,,,1550,2882183.4,37,,
2026-02-09,UPCL,,381,371,372,,,150551,56243410.4,424,,
2026-02-09,UPPER,,193,185.2,189,,,281626,53363003.8,923,,
2026-02-09,USHEC,,481,470.2,474.9,,,31503,14918786.7,158,,
2026-02-09,USHL,,779.9,746,759.9,,,10732,8062873.1,66,,
2026-02-09,USLB,,1475,1445,1451,,,2040,2960249.9,61,,
2026-02-09,VLBS,,786,771,774,,,6044,4693541.5,66,,
2026-02-09,VLUCL,,579.9,567,570,,,15825,9027370.5,138,,
2026-02-10,ACLBSL,,1013.8,960.1,979,,,2134,2058997.8,41,,
2026-02-10,ADBL,,295,292.3,294,,,12965,3798846.4,106,,
2026-02-10,AHL,,584,566.5,572,,,5539,3175845,47,,
2026-02-10,AHPC,,303.9,280,294.5,,,1530888,452842492.8,3910,,
2026-02-10,AKJCL,,372,355.5,359.1,,,1128753,407913128.2,1739,,
2026-02-10,AKPL,,288.6,267.1,277.3,,,1170140,325310708.2,2754,,
2026-02-10,ALBSL,,1149.5,1110,1140,,,9106,10208500.9,148,,
2026-02-10,ALICL,,479.9,456.7,468,,,99632,46499916.4,357,,
2026-02-10,ANLB,,6289.9,6110.2,6287.6,,,238,1476560.8,19,,
2026-02-10,API,,309.3,297,302,,,416755,126983523.5,1069,,
2026-02-10,AVYAN,,979,960.1,965,,,3200,3091646.9,58,,
2026-02-10,BANDIPUR,,1060,1000,1000,,,100113,102339887.6,1774,,
2026-02-10,BARUN,,369.8,356,358,,,192605,69513469.3,648,,
2026-02-10,BBC,,4909.9,4773.4,4843,,,330,1599210,31,,
2026-02-10,BEDC,,539,528.1,533.9,,,11909,6318844.8,119,,
2026-02-10,BFC,,484,467.7,471.9,,,19215,9065272.5,139,,
2026-02-10,BGWT,,785.5,763.5,770,,,1373,1055149.6,35,,
2026-02-10,BHCL,,625,585,603,,,89637,54180218.8,1158,,
2026-02-10,BHDC,,492.5,480,482,,,37509,18206514.6,219,,
2026-02-10,BHL,,212,206.1,207,,,457970,96041709.5,1410,,
2026-02-10,BHPL,,581.4,555,568,,,44853,25160280.7,320,,
2026-02-10,BNHC,,540,520,533.6,,,39720,21009861.9,338,,
2026-02-10,BNL,,15393.8,15101,15101,,,50,764786,5,,
2026-02-10,BNT,,11551,11550,11550,,,60,693010,3,,
2026-02-10,BPCL,,738,715,716,,,80498,58207082.8,345,,
2026-02-10,BUNGAL,,693.9,660,672,,,26352,17787705.7,537,,
2026-02-10,CBBL,,935,916.3,921,,,18078,16631523,212,,
2026-02-10,CFCL,,549,532.3,534.9,,,19957,10751807.5,127,,
2026-02-10,CGH,,850,836,844,,,34033,28668267.9,242,,
2026-02-10,CHCL,,471,464,468.7,,,36142,16870899.1,230,,
2026-02-10,CHDC,,2399.9,2322,2340,,,30157,70849472.6,241,,
2026-02-10,CHL,,308,287.1,292.9,,,169091,49989294.5,627,,
2026-02-10,CIT,,1750,1739,1739.7,,,9987,17391523.4,226,,
2026-02-10,CITY,,487.4,478,480.5,,,5880,2835077.8,91,,
2026-02-10,CKHL,,782,720,720,,,13202,9712649,93,,
2026-02-10,CLI,,466,462.2,462.5,,,15691,7273635.1,313,,
2026-02-10,CREST,,1475,1430,1448,,,20451,29461536.6,307,,
2026-02-10,CYCL,,1573,1528.8,1528.8,,,3596,5525688.8,66,,
2026-02-10,CZBIL,,192,188.1,191.8,,,52298,9917155.5,200,,
2026-02-10,DDBL,,845,830,832,,,9867,8224856.2,81,,
2026-02-10,DHEL,,755,716,742,,,35517,26107226.9,816,,
2026-02-10,DHPL,,314,304,306.9,,,18239,5631227.7,92,,
2026-02-10,DLBS,,1344.4,1300,1334,,,458,604451,22,,
2026-02-10,DOLTI,,536,517.1,519.8,,,4376,2278850.6,76,,
2026-02-10,DORDI,,294.4,281.4,285,,,118490,34187499.2,454,,
2026-02-10,EBL,,670,664.6,664.6,,,26651,17752096,147,,
2026-02-10,EHPL,,430,421,424,,,34990,14869391.9,188,,
2026-02-10,ENL,,928.7,915,923,,,3868,3566624.3,31,,
2026-02-10,FMDBL,,799,784,789,,,13878,10948033,85,,
2026-02-10,FOWAD,,1095,1041.1,1061,,,7074,7469201,120,,
2026-02-10,GBIME,,225,223.2,224.5,,,78846,17673458.9,348,,
2026-02-10,GBLBS,,767,758,765,,,5095,3877368,76,,
2026-02-10,GCIL,,422,415,416,,,16318,6824618,204,,
2026-02-10,GFCL,,652,633.2,638,,,27090,17320968.4,193,,
2026-02-10,GHL,,260,244.2,246,,,322376,81247883.7,828,,
2026-02-10,GILB,,1141.9,1115,1116,,,4250,4771479.2,65,,
2026-02-10,GLBSL,,1984,1925,1963.5,,,1142,2218958.2,31,,
2026-02-10,GLH,,284.8,273.6,275,,,171643,47570030.4,579,,
2026-02-10,GMFBS,,1463,1435.1,1438,,,1642,2368417.8,43,,
2026-02-10,GMFIL,,479.6,450,462,,,24571,11253237.4,129,,
2026-02-10,GMLI,,1785,1756,1785,,,1405,2490623.5,71,,
2026-02-10,GUFL,,577.3,556,560,,,16763,9436988.7,133,,
2026-02-10,GVL,,494.5,481,481.5,,,69172,33564527.7,401,,
2026-02-10,HATHY,,934.5,915,920,,,12069,11149512.8,173,,
2026-02-10,HBL,,189,187.2,188.5,,,81485,15313761.9,962,,
2026-02-10,HDHPC,,217.9,207.1,208.9,,,505899,107929753.6,1292,,
2026-02-10,HDL,,1150,1133.5,1136,,,42723,48554707.1,566,,
2026-02-10,HHL,,360,345,346,,,66151,23112479.5,304,,
2026-02-10,HIDCL,,267,260,263,,,134163,35242160,443,,
2026-02-10,HIMSTAR,,1024.9,938.9,985,,,29986,29819198.1,519,,
2026-02-10,HLBSL,,910,896.2,909,,,2082,1871572.3,33,,
2026-02-10,HLI,,366.9,363,363.1,,,44028,16013726,406,,
2026-02-10,HPPL,,481.1,464.1,473.7,,,108086,51006034.5,328,,
2026-02-10,HRL,,865.5,842,846,,,113805,96384121.5,1073,,
2026-02-10,HURJA,,276,263,269.9,,,627560,169979422.7,1320,,
2026-02-10,ICFC,,664.7,645,645.3,,,15514,10088328.4,131,,
2026-02-10,IHL,,544.3,533.2,535,,,5552,2977814.7,80,,
2026-02-10,ILBS,,960,938,956,,,5415,5121100,66,,
2026-02-10,ILI,,440,435.5,435.7,,,14373,6277854.4,336,,
2026-02-10,JBLB,,1342,1310,1313,,,11665,15467576.6,160,,
2026-02-10,JFL,,439.6,425.6,428,,,5520,2374906.6,44,,
2026-02-10,JHAPA,,1423,1358,1375,,,7751,10734801.2,208,,
2026-02-10,JOSHI,,314,304.1,309.9,,,105744,32823971.2,455,,
2026-02-10,JSLBB,,1165,1142,1165,,,1192,1367157,19,,
2026-02-10,KBL,,187,182.5,183.8,,,150129,27539337.8,500,,
2026-02-10,KBSH,,1682,1618,1655,,,182,302941,13,,
2026-02-10,KDL,,1025,919,995.5,,,10425,10237440.7,356,,
2026-02-10,KKHC,,315,288,306,,,449026,135913474.3,1988,,
2026-02-10,KMCDB,,930,915,923,,,1842,1698819.9,47,,
2026-02-10,KPCL,,539,523,524,,,42393,22398986.9,229,,
2026-02-10,LEC,,259,227,229,,,815589,194835166.4,2205,,
2026-02-10,LICN,,840,828.2,829.3,,,19668,16395449.4,164,,
2026-02-10,LLBS,,949,930.2,948.7,,,1262,1185065.9,28,,
2026-02-10,LSL,,208,206,207.5,,,52519,10883048.5,190,,
2026-02-10,MABEL,,819,751,780,,,32393,25627438.1,589,,
2026-02-10,MAKAR,,562,549,554.9,,,3374,1868185.5,57,,
2026-02-10,MANDU,,829.2,805.7,807,,,3211,2619656.6,60,,
2026-02-10,MATRI,,975,961,970,,,1520,1475618.7,27,,
2026-02-10,MBJC,,290,284.2,287.1,,,41634,11994358.6,300,,
2026-02-10,MBL,,227,223.5,225.9,,,32512,7305183.7,112,,
2026-02-10,MCHL,,447,429.4,441,,,6029,2613572.5,59,,
2026-02-10,MEHL,,458.9,442,454.8,,,19490,8805578.8,169,,
2026-02-10,MEL,,300,290.4,297,,,32240,9508557.5,271,,
2026-02-10,MEN,,585.8,575,582,,,45854,26566436.5,246,,
2026-02-10,MERO,,751,730,737.4,,,7538,5540938.2,76,,
2026-02-10,MFIL,,800,770.8,780,,,60775,47353292.7,260,,
2026-02-10,MHCL,,403.9,392.1,397,,,16748,6681562.3,124,,
2026-02-10,MHL,,526.2,515.5,517,,,18094,9433824.8,161,,
2026-02-10,MHNL,,289.9,269,280,,,78221,21956824.9,322,,
2026-02-10,MKCL,,1400,1366.3,1368,,,2948,4037129.1,52,,
2026-02-10,MKHC,,346.8,324.5,330,,,92194,31029748.4,475,,
2026-02-10,MKHL,,863,820,823,,,22730,19207504.5,86,,
2026-02-10,MKJC,,548.7,527.4,538,,,44555,23684890.8,177,,
2026-02-10,MLBBL,,1342,1300,1315,,,4851,6355572,97,,
2026-02-10,MLBS,,1465,1430,1433,,,659,949666,26,,
2026-02-10,MLBSL,,1900,1889,1890,,,1313,2481369.6,28,,
2026-02-10,MMKJL,,596.9,580.4,584.5,,,8262,4815492.7,111,,
2026-02-10,MPFL,,650,625,633.9,,,16440,10432312.6,143,,
2026-02-10,MSHL,,820,811,811,,,995,808575,25,,
2026-02-10,MSLB,,1345,1297.7,1320,,,1204,1572703,38,,
2026-02-10,NABIL,,499.8,492.1,496.4,,,63267,31386145.5,451,,
2026-02-10,NADEP,,790,775,775,,,2440,1896700.5,33,,
2026-02-10,NBL,,243.5,240.3,243.5,,,46718,11273539.9,180,,
2026-02-10,NESDO,,1547.3,1513,1523,,,3744,5677517.3,50,,
2026-02-10,NFS,,650,630,638,,,18788,12037353,143,,
2026-02-10,NGPL,,429.6,417,417,,,412554,174006607.9,745,,
2026-02-10,NHDL,,668.9,648,655,,,26743,17441870.6,141,,
2026-02-10,NHPC,,239,223,227,,,615293,143307098.2,1631,,
2026-02-10,NICA,,327.9,320.5,322,,,74460,23948731.6,337,,
2026-02-10,NICLBSL,,570,560.2,561,,,7191,4045911.2,132,,
2026-02-10,NIFRA,,263,259.2,260,,,133772,34839880.6,626,,
2026-02-10,NIMB,,191.9,189,190.4,,,98284,18646485.3,334,,
2026-02-10,NLIC,,764,742,753.5,,,62719,47104399.6,373,,
2026-02-10,NLICL,,595,575,576,,,19076,11095980.1,80,,
2026-02-10,NLO,,269.4,269.4,269.4,,,0,0,0,,
2026-02-10,NMB,,236,232.5,234,,,33042,7726921.5,135,,
2026-02-10,NMBMF,,674.8,663,665,,,2175,1447265.4,22,,
2026-02-10,NMFBS,,1114,1090,1110,,,2121,2349261.4,42,,
2026-02-10,NMLBBL,,626.9,615,615,,,13488,8367868.1,129,,
2026-02-10,NRIC,,1296.8,1263,1266,,,31673,40431452.9,380,,
2026-02-10,NRM,,434,424.3,427.5,,,25804,11035758,213,,
2026-02-10,NRN,,1657,1595,1600,,,71305,115425027.8,528,,
2026-02-10,NTC,,848,840.1,845,,,15995,13490612.9,216,,
2026-02-10,NUBL,,705,701.1,702,,,1842,1294848.3,18,,
2026-02-10,NWCL,,896,863,870,,,3727,3258664,97,,
2026-02-10,NYADI,,405,392,395,,,6989,2786012.9,92,,
2026-02-10,OHL,,715,707,715,,,4732,3358483.5,22,,
2026-02-10,OMPL,,1409,1335,1340,,,19000,26028064.5,281,,
2026-02-10,PCBL,,235.5,230.2,232.3,,,52288,12209221.7,138,,
2026-02-10,PFL,,382,371.5,375,,,10059,3779489.7,108,,
2026-02-10,PHCL,,291,281,285.5,,,133734,38207720.9,553,,
2026-02-10,PMHPL,,357,345.8,346.2,,,48051,16833411.3,188,,
2026-02-10,PMLI,,501,495.1,495.1,,,9664,4802174.6,134,,
2026-02-10,PPCL,,386,372,379.4,,,97647,37188871.2,157,,
2026-02-10,PPL,,390,375,380.9,,,208729,79707673.9,682,,
2026-02-10,PROFL,,469.8,458.4,468,,,21290,9839319.5,100,,
2026-02-10,PRVU,,185,182,182.3,,,150750,27549914.2,420,,
2026-02-10,PURE,,1050,995,1018.9,,,17552,17878257,318,,
2026-02-10,RADHI,,870,850,852.8,,,333691,286374827.8,723,,
2026-02-10,RAWA,,760,732.1,744,,,3818,2830528.5,55,,
2026-02-10,RFPL,,414.1,394,396,,,160726,64531408.9,665,,
2026-02-10,RHGCL,,294,280.3,283.1,,,71730,20679836.2,319,,
2026-02-10,RHPL,,284.9,274,280,,,56222,15796960.8,248,,
2026-02-10,RIDI,,332,304,305,,,1229636,388623785.2,3631,,
2026-02-10,RLFL,,468,447,450.2,,,20768,9381260,125,,
2026-02-10,RNLI,,460.1,454.7,454.7,,,29031,13254400.6,401,,
2026-02-10,RSDC,,660.5,650,654,,,28859,18940694.5,84,,
2026-02-10,RURU,,670,656,659.1,,,10708,7093661.2,100,,
2026-02-10,SAGAR,,2093,2010.1,2066,,,14697,29996394.8,361,,
2026-02-10,SAHAS,,556,549,550,,,114458,63168509.1,567,,
2026-02-10,SAIL,,1426,1347,1373,,,70154,96658149.9,1319,,
2026-02-10,SANIMA,,326,323.6,324.2,,,50581,16417672.8,163,,
2026-02-10,SANVI,,875,831,850,,,50349,42843988.8,604,,
2026-02-10,SARBTM,,872,859,868,,,17607,15227772.9,97,,
2026-02-10,SBI,,405,397,400,,,20830,8318513.6,82,,
2026-02-10,SBL,,378,372,374,,,84094,31433180.2,137,,
2026-02-10,SCB,,638,632.1,638,,,16846,10698403.7,89,,
2026-02-10,SGHC,,437,419,424,,,213155,91340818.1,887,,
2026-02-10,SHEL,,307,293,301.8,,,406564,122906112.4,1142,,
2026-02-10,SHIVM,,618.5,607,610,,,138719,84907616.6,605,,
2026-02-10,SHL,,504.9,494.6,496,,,18543,9191926.6,57,,
2026-02-10,SHLB,,1630,1570,1570,,,1299,2068374.6,34,,
2026-02-10,SHPC,,531.9,522,522.8,,,73839,38969995.7,347,,
2026-02-10,SIFC,,598,573,575,,,40873,23913310.3,191,,
2026-02-10,SIKLES,,616.8,609,612,,,9980,6126063.5,95,,
2026-02-10,SJCL,,302.3,293,294.2,,,22828,6751624,121,,
2026-02-10,SJLIC,,435,427.6,430,,,12919,5571961,176,,
2026-02-10,SKBBL,,768,752.7,762.5,,,3949,3003732,64,,
2026-02-10,SLBBL,,820,812.7,813.5,,,6651,5412930.4,73,,
2026-02-10,SLBSL,,1313,1292,1313,,,834,1081566.1,24,,
2026-02-10,SMATA,,783.7,775.1,780,,,5571,4335107.2,88,,
2026-02-10,SMB,,1888.4,1850.2,1888,,,494,926770.1,19,,
2026-02-10,SMFBS,,1631,1598,1625,,,1844,2950589.4,48,,
2026-02-10,SMH,,907.2,875,892,,,8940,7967830.8,150,,
2026-02-10,SMHL,,490,456,468.9,,,219767,103461200.5,1243,,
2026-02-10,SMJC,,495,484,490,,,20426,9964801.6,183,,
2026-02-10,SMPDA,,890,865,865,,,1961,1710723.1,65,,
2026-02-10,SNLI,,463,458,460,,,19837,9110882.6,338,,
2026-02-10,SONA,,430,421.2,421.5,,,37949,16098219,395,,
2026-02-10,SPC,,522,500,504,,,31161,15777012.2,200,,
2026-02-10,SPDL,,419,400,403.7,,,98469,39937031.5,287,,
2026-02-10,SPHL,,584,563,565,,,10317,5872318.1,74,,
2026-02-10,SPL,,918,774,853,,,40488,31955594.6,381,,
2026-02-10,SRLI,,392.6,384.8,384.8,,,47881,18485991.2,325,,
2026-02-10,SSHL,,204.9,196.4,197,,,439894,88028351,1321,,
2026-02-10,STC,,5532,5441,5441,,,915,5007521,18,,
2026-02-10,SWASTIK,,2915,2870,2880,,,2394,6913364.2,94,,
2026-02-10,SWBBL,,740,730,732,,,6223,4571551.6,53,,
2026-02-10,SWMF,,672,660,660.2,,,4621,3062311.2,50,,
2026-02-10,SYPNL,,2014.9,1918,1933,,,162032,318325898,3584,,
2026-02-10,TAMOR,,448,437.2,439,,,16892,7456020.1,180,,
2026-02-10,TPC,,405,390,390,,,241001,96082246.9,603,,
2026-02-10,TRH,,748,740,742,,,2870,2128604,37,,
2026-02-10,TSHL,,795,775.2,785,,,3664,2853221.6,67,,
2026-02-10,TTL,,948,900,918.1,,,57531,53088609.9,871,,
2026-02-10,TVCL,,645,610,618.9,,,104561,65408226.8,457,,
2026-02-10,UHEWA,,565.9,548,551.2,,,21315,11885810.1,103,,
2026-02-10,ULBSL,,3353,3160.5,3290,,,362,1174829,27,,
2026-02-10,ULHC,,553.5,538,544,,,44874,24329243.8,258,,
2026-02-10,UMHL,,628,612,614.1,,,125272,77501792.7,421,,
2026-02-10,UMRH,,559,548.3,549,,,16336,9021458.2,106,,
2026-02-10,UNHPL,,530,485,497.7,,,649371,326053828.6,1454,,
2026-02-10,UNL,,46311,46300,46300,,,40,1852220,4,,
2026-02-10,UNLB,,1861,1851,1851,,,513,952035.5,23,,
2026-02-10,UPCL,,381,364.6,375,,,207322,78142545.9,386,,
2026-02-10,UPPER,,194.8,189.3,190.2,,,342214,65786617.8,1188,,
2026-02-10,USHEC,,479.4,464,471.4,,,61053,28485434.5,258,,
2026-02-10,USHL,,760,735,753,,,4257,3192059.8,55,,
2026-02-10,USLB,,1475,1440.1,1450,,,2559,3717617.4,66,,
2026-02-10,VLBS,,779,770,770,,,1821,1404889.5,38,,
2026-02-10,VLUCL,,604.8,563,570,,,9248,5313721.7,103,,
2026-02-11,ACLBSL,,986,955,986,,,2727,2636848.1,53,,
2026-02-11,ADBL,,298,293,295,,,27330,8068152.3,139,,
2026-02-11,AHL,,583,561,569,,,3613,2039297.2,48,,
2026-02-11,AHPC,,300,288.2,298,,,609216,180285772.5,1605,,
2026-02-11,AKJCL,,392,360,385,,,1649954,621356947.6,3059,,
2026-02-11,AKPL,,285.6,272,283.2,,,625131,174914538.2,1490,,
2026-02-11,ALBSL,,1152,1108,1121.8,,,6993,7779160.4,100,,
2026-02-11,ALICL,,485,448,461,,,112035,51940202,456,,
2026-02-11,ANLB,,6200,6124,6124,,,84,516554.9,13,,
2026-02-11,API,,311,300.1,303,,,276403,83819180.7,725,,
2026-02-11,AVYAN,,984,950,950.1,,,6399,6117887.7,86,,
2026-02-11,BANDIPUR,,1030,954,968,,,106925,105068463.6,1606,,
2026-02-11,BARUN,,368.2,358,368,,,138625,50314531.2,514,,
2026-02-11,BBC,,4865,4770,4826,,,170,818391,17,,
2026-02-11,BEDC,,539,524,528.1,,,6621,3510954.9,92,,
2026-02-11,BFC,,480,462.5,467.9,,,18678,8741355.4,133,,
2026-02-11,BGWT,,781.7,760,770,,,3044,2324506.2,44,,
2026-02-11,BHCL,,617.9,590,595.9,,,51685,31028051.9,631,,
2026-02-11,BHDC,,511,480.2,484.1,,,42432,20654770.4,192,,
2026-02-11,BHL,,211,203,207,,,271751,56108728.8,803,,
2026-02-11,BHPL,,579.3,552,563.9,,,27128,15175722.3,193,,
2026-02-11,BNHC,,544.2,530.2,536,,,33570,17991026.9,300,,
2026-02-11,BNL,,15600,15200,15200,,,40,617029,4,,
2026-02-11,BNT,,11679,11420,11640,,,411,4726490,27,,
2026-02-11,BPCL,,730,702,721.9,,,55802,40235920.2,294,,
2026-02-11,BUNGAL,,685.2,652,663,,,16616,11005567.1,419,,
2026-02-11,CBBL,,949.8,921,923.2,,,22598,20910081.9,142,,
2026-02-11,CFCL,,545,525.4,527.9,,,12933,6914488.4,100,,
2026-02-11,CGH,,858.9,835,838,,,25745,21596416.8,244,,
2026-02-11,CHCL,,478,466,469.9,,,27179,12756404.5,196,,
2026-02-11,CHDC,,2379.3,2292,2310,,,22979,53271463.8,225,,
2026-02-11,CHL,,302.5,292.8,295,,,83679,24731977.9,285,,
2026-02-11,CIT,,1755,1745,1752,,,13510,23608906,153,,
2026-02-11,CITY,,490.1,477,479.9,,,8256,3964669.9,125,,
2026-02-11,CKHL,,736.4,695,700,,,21519,15365883.5,98,,
2026-02-11,CLI,,469.9,461.9,462.1,,,12674,5866668.6,273,,
2026-02-11,CREST,,1489,1361.3,1364,,,73009,102627373.7,721,,
2026-02-11,CYCL,,1570.8,1499.4,1545,,,2968,4535484,91,,
2026-02-11,CZBIL,,195.6,190,191,,,56844,10865213.4,156,,
2026-02-11,DDBL,,841,831.2,833,,,7110,5959868,42,,
2026-02-11,DHEL,,770,722,742,,,21483,15772885.1,488,,
2026-02-11,DHPL,,319.2,303,306,,,13404,4094138.2,78,,
2026-02-11,DLBS,,1359.9,1315,1325,,,248,329030,14,,
2026-02-11,DOLTI,,524,516,521.8,,,5690,2961168.2,78,,
2026-02-11,DORDI,,292,283,284,,,124173,35508402.9,356,,
2026-02-11,EBL,,674,665,666.1,,,29808,19911270.7,122,,
2026-02-11,EHPL,,436,419,419.2,,,32844,13870025.4,175,,
2026-02-11,ENL,,938,912,928,,,560,514782,17,,
2026-02-11,FMDBL,,818,780,780,,,17845,13992689.6,125,,
2026-02-11,FOWAD,,1082,1043.3,1051,,,1781,1874959.9,35,,
2026-02-11,GBIME,,229.4,224.1,226,,,95890,21654764.9,335,,
2026-02-11,GBLBS,,775,755.1,763,,,4340,3321097.2,62,,
2026-02-11,GCIL,,420.1,415,415.1,,,15866,6605980.4,214,,
2026-02-11,GFCL,,649,635,635,,,11708,7473708.5,89,,
2026-02-11,GHL,,261,245.2,260,,,506940,129543095.9,1301,,
2026-02-11,GILB,,1138.2,1117.1,1124,,,893,1004665.1,26,,
2026-02-11,GLBSL,,1963.5,1915,1920,,,1140,2195420.2,35,,
2026-02-11,GLH,,280.5,272.2,280.5,,,118535,32811291.6,464,,
2026-02-11,GMFBS,,1444,1420,1438,,,1327,1889888.5,40,,
2026-02-11,GMFIL,,470,456,461.9,,,7020,3251791,52,,
2026-02-11,GMLI,,1785,1732,1762.9,,,3679,6425667.6,105,,
2026-02-11,GUFL,,580,550,553,,,17527,9729607.8,157,,
2026-02-11,GVL,,490,481.5,482.9,,,32515,15748327.2,239,,
2026-02-11,HATHY,,938,910,911.1,,,11646,10685272.8,187,,
2026-02-11,HBL,,193.8,186,189.9,,,136358,25762646,1079,,
2026-02-11,HDHPC,,213,206.4,211.5,,,254307,53366786.7,725,,
2026-02-11,HDL,,1146.8,1135,1136.1,,,35684,40611585.9,436,,
2026-02-11,HHL,,352,341.1,343,,,45656,15768860.5,246,,
2026-02-11,HIDCL,,266.3,262.5,264,,,157755,41728650,445,,
2026-02-11,HIMSTAR,,1004.7,940,958,,,17687,17064796.3,292,,
2026-02-11,HLBSL,,925.9,891.2,905,,,1076,965533.6,27,,
2026-02-11,HLI,,370.3,362.1,362.1,,,43711,15910353.3,343,,
2026-02-11,HPPL,,483.1,463.1,469,,,93926,43955887.5,334,,
2026-02-11,HRL,,861,838,840,,,113689,96036649.9,1002,,
2026-02-11,HURJA,,282.3,266.3,281.3,,,804102,220828317.4,1730,,
2026-02-11,ICFC,,658.2,647,649,,,13256,8639709.3,97,,
2026-02-11,IHL,,538.9,517.1,517.1,,,17291,9059868,134,,
2026-02-11,ILBS,,975,943,957,,,3557,3394332.5,44,,
2026-02-11,ILI,,443,435.3,439.8,,,20575,8995932,350,,
2026-02-11,JBLB,,1339.2,1300,1315,,,8469,11111986.8,169,,
2026-02-11,JFL,,439.6,426,428.4,,,8057,3462041.4,59,,
2026-02-11,JHAPA,,1415,1320,1320,,,9763,13079220.4,217,,
2026-02-11,JOSHI,,314,305.1,309,,,90567,27945074.2,300,,
2026-02-11,JSLBB,,1179.9,1127,1130,,,3850,4352569,39,,
2026-02-11,KBL,,189,184.1,185,,,162046,30174286.5,458,,
2026-02-11,KBSH,,1665,1633,1645,,,279,461437,11,,
2026-02-11,KDL,,1010,959,975,,,7280,7140096.1,169,,
2026-02-11,KKHC,,310,294,299,,,360981,108405155.4,1404,,
2026-02-11,KMCDB,,938,920,924.8,,,2545,2353393.9,35,,
2026-02-11,KPCL,,540,520,525,,,27610,14576231.5,184,,
2026-02-11,LEC,,241.1,225.5,237,,,694700,162647461,1678,,
2026-02-11,LICN,,845.8,825,832.8,,,13407,11153296.6,127,,
2026-02-11,LLBS,,985,946,959,,,201,191309,14,,
2026-02-11,LSL,,210,205,205.6,,,68870,14261014.7,174,,
2026-02-11,MABEL,,809.9,759,759,,,16135,12421608.2,308,,
2026-02-11,MAKAR,,550,540,548,,,6467,3520900.2,74,,
2026-02-11,MANDU,,835,806.1,812,,,2395,1950086,39,,
2026-02-11,MATRI,,970,961,961,,,601,579524.3,25,,
2026-02-11,MBJC,,291.8,284,285.2,,,41569,11849921.4,242,,
2026-02-11,MBL,,230.4,225,227.1,,,73303,16705923,149,,
2026-02-11,MCHL,,440,430,437,,,3883,1675468.3,46,,
2026-02-11,MEHL,,461,448,453,,,10408,4716434.9,126,,
2026-02-11,MEL,,297.4,290,295,,,31583,9254739.3,212,,
2026-02-11,MEN,,595,577.6,577.6,,,41691,24230263.1,222,,
2026-02-11,MERO,,740,728,738,,,6438,4707049.4,81,,
2026-02-11,MFIL,,826,764.4,791,,,107550,84451872.6,274,,
2026-02-11,MHCL,,400,390,392,,,13277,5211601.4,96,,
2026-02-11,MHL,,527,510,517,,,34218,17543371.2,171,,
2026-02-11,MHNL,,291,278.3,290,,,99584,28613780.6,449,,
2026-02-11,MKCL,,1422.9,1360,1368,,,3357,4605713,86,,
2026-02-11,MKHC,,343.3,322,323.2,,,64613,21121070.2,357,,
2026-02-11,MKHL,,829,800,816,,,7400,6051500.7,69,,
2026-02-11,MKJC,,542,530.1,530.2,,,36471,19446845.9,113,,
2026-02-11,MLBBL,,1340.9,1310,1329,,,2868,3776411.1,51,,
2026-02-11,MLBS,,1461.6,1423,1459.9,,,1410,2023723.1,27,,
2026-02-11,MLBSL,,1900,1875.5,1899,,,578,1087902.7,25,,
2026-02-11,MMKJL,,594.7,578.5,580.4,,,11064,6439984.7,112,,
2026-02-11,MPFL,,645,625,625,,,18360,11627228.7,103,,
2026-02-11,MSHL,,836,811,815,,,4997,4097623.3,61,,
2026-02-11,MSLB,,1340,1294.1,1318,,,1164,1518210.4,35,,
2026-02-11,NABIL,,500,495,496,,,42061,20905981.1,362,,
2026-02-11,NADEP,,790,765.3,770,,,2893,2271411,31,,
2026-02-11,NBL,,246,242,243,,,29200,7111097.9,139,,
2026-02-11,NESDO,,1550,1500.4,1528,,,2698,4085217.8,39,,
2026-02-11,NFS,,650.7,632,635,,,14342,9113855.3,136,,
2026-02-11,NGPL,,428,418.1,420.3,,,556443,235111436.3,945,,
2026-02-11,NHDL,,665,645.3,645.3,,,13090,8507537.2,81,,
2026-02-11,NHPC,,232.4,223,229,,,305661,69727198.2,794,,
2026-02-11,NICA,,328,315.6,320.9,,,72607,23379514.7,318,,
2026-02-11,NICLBSL,,572.2,556,562,,,5640,3172162.5,108,,
2026-02-11,NIFRA,,264.8,259,260,,,126413,32954111.5,605,,
2026-02-11,NIMB,,194.1,190,191,,,111534,21310434.7,310,,
2026-02-11,NLIC,,768.5,746,751,,,34641,26122114.7,290,,
2026-02-11,NLICL,,596.9,576.5,579,,,23198,13456986.2,49,,
2026-02-11,NLO,,269.4,269.4,269.4,,,0,0,0,,
2026-02-11,NMB,,237,233,233.3,,,16034,3751119.2,99,,
2026-02-11,NMBMF,,677,663,663,,,4060,2697338,28,,
2026-02-11,NMFBS,,1126.8,1108,1120,,,3140,3511421.3,36,,
2026-02-11,NMLBBL,,625,619,619,,,8041,4989989.8,79,,
2026-02-11,NRIC,,1291.3,1251,1263,,,46895,59045447.4,382,,
2026-02-11,NRM,,430.3,422,422,,,30195,12839226.9,221,,
2026-02-11,NRN,,1625,1574.3,1584,,,76935,121962957.2,631,,
2026-02-11,NTC,,861.9,843.5,847.5,,,7097,6005186.5,157,,
2026-02-11,NUBL,,710,696,696,,,10469,7346489.1,63,,
2026-02-11,NWCL,,879,860.1,878,,,2268,1969037.3,61,,
2026-02-11,NYADI,,400,388,399,,,12824,5042896.7,100,,
2026-02-11,OHL,,712,695.1,709,,,11692,8183600,95,,
2026-02-11,OMPL,,1389,1333,1336,,,14737,19734728.5,226,,
2026-02-11,PCBL,,241.6,234,234,,,50133,11851417.5,143,,
2026-02-11,PFL,,380,373,375,,,11245,4217970.5,77,,
2026-02-11,PHCL,,300,284.5,299,,,181126,52837504.5,641,,
2026-02-11,PMHPL,,353,344.5,347,,,36163,12594047.9,116,,
2026-02-11,PMLI,,505,494,495,,,8887,4401738.7,141,,
2026-02-11,PPCL,,380,371,377,,,24778,9302615.2,112,,
2026-02-11,PPL,,393,373,381,,,133989,51143930.3,519,,
2026-02-11,PROFL,,477,458.7,459.3,,,15443,7127923.3,108,,
2026-02-11,PRVU,,187.9,182.7,183,,,107820,19786270.1,387,,
2026-02-11,PURE,,1057,975.2,999,,,36641,36022698.6,312,,
2026-02-11,RADHI,,863,838,848,,,228817,193667417.7,605,,
2026-02-11,RAWA,,758.8,732,739.8,,,1555,1149201.2,18,,
2026-02-11,RFPL,,411,388.1,399,,,88875,35384438.1,480,,
2026-02-11,RHGCL,,293.4,280,282.1,,,70432,19912850.5,265,,
2026-02-11,RHPL,,284.7,277.1,280.5,,,34103,9539126.8,169,,
2026-02-11,RIDI,,335.5,301,334.5,,,2030944,654766572.7,4915,,
2026-02-11,RLFL,,465,441,447,,,22443,9998518,145,,
2026-02-11,RNLI,,458,452.2,453,,,28692,13025654.5,317,,
2026-02-11,RSDC,,667,652,656,,,31844,20937872.2,81,,
2026-02-11,RURU,,679,656,665,,,8386,5530624.8,85,,
2026-02-11,SAGAR,,2100,1995,2014,,,21960,44255230.2,431,,
2026-02-11,SAHAS,,565,550,555.9,,,155835,86534420.8,1037,,
2026-02-11,SAIL,,1425,1264.2,1320,,,92197,123604372.9,1525,,
2026-02-11,SANIMA,,336,324,326,,,68954,22529957.7,196,,
2026-02-11,SANVI,,867,820.1,820.6,,,65926,55209106.5,519,,
2026-02-11,SARBTM,,879,861.6,861.6,,,29651,25626810,70,,
2026-02-11,SBI,,405,396,396,,,19257,7659995.2,75,,
2026-02-11,SBL,,382,368,373,,,154195,57559369.2,148,,
2026-02-11,SCB,,645,632.1,640,,,15782,10080917.8,92,,
2026-02-11,SGHC,,430.9,408.3,411,,,27422,11350252.7,214,,
2026-02-11,SHEL,,330,303.9,328,,,1852367,587658198.9,4569,,
2026-02-11,SHIVM,,625,607.3,609,,,149526,91559054.3,460,,
2026-02-11,SHL,,507,494,497,,,10898,5418893.5,46,,
2026-02-11,SHLB,,1610.9,1575,1610.9,,,340,541554,14,,
2026-02-11,SHPC,,548.9,520,545,,,254776,135519730.5,647,,
2026-02-11,SIFC,,609,564,575,,,19622,11349280.6,106,,
2026-02-11,SIKLES,,615.9,610,612,,,9698,5944749.3,90,,
2026-02-11,SJCL,,306,290,301.5,,,40787,12183974.4,203,,
2026-02-11,SJLIC,,438.6,432,434.9,,,43114,18730286.3,226,,
2026-02-11,SKBBL,,774,760.2,762.9,,,14901,11365418.7,86,,
2026-02-11,SLBBL,,824.9,813,818.3,,,5555,4538736.9,38,,
2026-02-11,SLBSL,,1358.9,1290.2,1290.2,,,1055,1378564.2,30,,
2026-02-11,SMATA,,795.6,773,782,,,6119,4803800.8,83,,
2026-02-11,SMB,,1910,1880.1,1881,,,666,1262510,18,,
2026-02-11,SMFBS,,1630,1603,1630,,,265,427023,9,,
2026-02-11,SMH,,900,811,835,,,16377,13805152.7,227,,
2026-02-11,SMHL,,469,451,461,,,227074,104475843.7,1166,,
2026-02-11,SMJC,,499,483,483,,,24152,11743541.8,159,,
2026-02-11,SMPDA,,899.9,862.4,870,,,3017,2645841.9,68,,
2026-02-11,SNLI,,468.9,457.9,457.9,,,14095,6482659.5,274,,
2026-02-11,SONA,,429.9,423.6,428.9,,,17957,7638265.1,319,,
2026-02-11,SPC,,514,503.1,508,,,13768,6984817.3,131,,
2026-02-11,SPDL,,411.7,400,400,,,95122,38245842.6,278,,
2026-02-11,SPHL,,572,562,564,,,6733,3804803.3,72,,
2026-02-11,SPL,,860,800,800,,,7612,6177713.2,78,,
2026-02-11,SRLI,,391.9,384.5,384.5,,,25536,9895195.2,256,,
2026-02-11,SSHL,,201,194.2,197.5,,,334904,66217692.3,861,,
2026-02-11,STC,,5535,5445,5500,,,976,5366050,26,,
2026-02-11,SWASTIK,,2937.6,2862,2865,,,1181,3392086,65,,
2026-02-11,SWBBL,,743,730,734,,,10134,7428785.2,100,,
2026-02-11,SWMF,,670,659,659,,,8121,5379695.2,63,,
2026-02-11,SYPNL,,2011,1896,1910,,,143236,274991976.1,3337,,
2026-02-11,TAMOR,,445.9,435.1,435.3,,,12822,5610468.7,150,,
2026-02-11,TPC,,414,382.2,407.4,,,531567,215468226.1,1433,,
2026-02-11,TRH,,756,742,751,,,1666,1253489,29,,
2026-02-11,TSHL,,791.6,770,784,,,8084,6333347.4,56,,
2026-02-11,TTL,,946,896.7,899,,,50508,45948732.1,768,,
2026-02-11,TVCL,,631.2,600,610,,,92762,56671233.5,334,,
2026-02-11,UHEWA,,573,551,555,,,13397,7490166.1,91,,
2026-02-11,ULBSL,,3420,3200,3275,,,624,2019112.6,26,,
2026-02-11,ULHC,,550,530,539,,,42452,22704120.4,259,,
2026-02-11,UMHL,,626,605,615.6,,,63495,39259445.9,237,,
2026-02-11,UMRH,,569,550,556,,,27172,15066670,120,,
2026-02-11,UNHPL,,540,496.1,509,,,516821,260793379.7,1136,,
2026-02-11,UNL,,46300,46300,46300,,,0,0,0,,
2026-02-11,UNLB,,1865,1851.5,1855,,,512,950010.5,29,,
2026-02-11,UPCL,,384.4,375,379.5,,,183138,69589109.8,518,,
2026-02-11,UPPER,,194,189,190,,,148781,28392739.9,597,,
2026-02-11,USHEC,,477.9,466,469.1,,,23996,11267682.4,101,,
2026-02-11,USHL,,768,715.2,747,,,5814,4278009.7,85,,
2026-02-11,USLB,,1465,1442,1443,,,1607,2333251.5,40,,
2026-02-11,VLBS,,785,765,765,,,3587,2756156,49,,
2026-02-11,VLUCL,,577,563,564,,,8604,4875660.8,116,,
2026-02-12,ACLBSL,,980,951,970,,,1332,1286604,25,,
2026-02-12,ADBL,,299.1,291.2,297,,,27084,8059207.3,161,,
2026-02-12,AHL,,568,555.7,564.5,,,9393,5264389.5,95,,
2026-02-12,AHPC,,301,291,293.9,,,478502,141833573.4,1282,,
2026-02-12,AKJCL,,390,373,375,,,1051684,399120326.7,1722,,
2026-02-12,AKPL,,287.5,277,277,,,548623,154930900.9,1355,,
2026-02-12,ALBSL,,1126.9,1100.1,1119,,,15536,17204997.7,177,,
2026-02-12,ALICL,,448,440,445.9,,,66042,29305340.4,454,,
2026-02-12,ANLB,,6375,6010.1,6200,,,1318,8202542.7,71,,
2026-02-12,API,,309,302.2,303,,,409062,124964568.3,908,,
2026-02-12,AVYAN,,978,936,975,,,3212,3113664.5,76,,
2026-02-12,BANDIPUR,,984.7,930,935,,,135427,128251299.6,2149,,
2026-02-12,BARUN,,377.1,364,365.2,,,193036,71550490.2,745,,
2026-02-12,BBC,,4840,4768,4817,,,460,2207480,31,,
2026-02-12,BEDC,,530,519,519.5,,,20791,10880740.5,186,,
2026-02-12,BFC,,477.2,463,470,,,16470,7731475.2,143,,
2026-02-12,BGWT,,773,762,764,,,3002,2300056.4,35,,
2026-02-12,BHCL,,602,585,588,,,67877,40145064.4,829,,
2026-02-12,BHDC,,499,480.6,493,,,71657,35372511,275,,
2026-02-12,BHL,,210.5,207,207.4,,,415020,86697352.6,1158,,
2026-02-12,BHPL,,575.2,553,558,,,54556,30557632.4,267,,
2026-02-12,BNHC,,547,526,526.2,,,183891,97998314.1,1178,,
2026-02-12,BNL,,15400,14896,15300,,,227,3434990,17,,
2026-02-12,BNT,,11700,11316,11700,,,96,1099910,11,,
2026-02-12,BPCL,,736.3,708.6,713,,,97346,69770270.5,416,,
2026-02-12,BUNGAL,,675,642,647,,,25892,16894438.8,502,,
2026-02-12,CBBL,,936,919,919.2,,,20721,19129089.9,166,,
2026-02-12,CFCL,,559,518,525,,,20838,11049832.7,127,,
2026-02-12,CGH,,838,820,825,,,92118,75959055.1,440,,
2026-02-12,CHCL,,480,468.2,477,,,62819,29858241.5,366,,
2026-02-12,CHDC,,2450,2310,2350,,,27477,64753934,255,,
2026-02-12,CHL,,306,295.1,297,,,170303,51324820.5,624,,
2026-02-12,CIT,,1760,1755,1756,,,11388,20008916.6,158,,
2026-02-12,CITY,,485,472,472,,,13326,6342867.1,178,,
2026-02-12,CKHL,,733,686,699,,,42672,29899067.2,93,,
2026-02-12,CLI,,467,459.2,464,,,27426,12663190.8,404,,
2026-02-12,CREST,,1447,1316,1447,,,29377,39305493.8,566,,
2026-02-12,CYCL,,1560,1516.1,1538,,,2093,3197936.9,67,,
2026-02-12,CZBIL,,193,189,191,,,28582,5448717,143,,
2026-02-12,DDBL,,845,825,836.9,,,14302,11989119.5,88,,
2026-02-12,DHEL,,739.5,720,721,,,47798,34712338.1,657,,
2026-02-12,DHPL,,318.8,300.6,312,,,24933,7779624.8,130,,
2026-02-12,DLBS,,1325,1310,1315,,,565,741487,25,,
2026-02-12,DOLTI,,525,520,520,,,7237,3772980.6,74,,
2026-02-12,DORDI,,300,285,289.5,,,445371,131156783.4,1129,,
2026-02-12,EBL,,670,664,666.4,,,24688,16471999.4,183,,
2026-02-12,EHPL,,440,419,430.1,,,77369,33547696,447,,
2026-02-12,ENL,,946.4,915,932.7,,,1244,1156904.2,28,,
2026-02-12,FMDBL,,803.9,775,789,,,33955,26702179.4,157,,
2026-02-12,FOWAD,,1062,1048.2,1061,,,3942,4162452,52,,
2026-02-12,GBIME,,226.2,224.5,224.9,,,92347,20794009.6,343,,
2026-02-12,GBLBS,,768,756.3,760,,,6892,5249252.5,85,,
2026-02-12,GCIL,,420,414,416.2,,,20556,8553476.7,264,,
2026-02-12,GFCL,,655,628,641,,,25505,16397279.8,168,,
2026-02-12,GHL,,264.9,252,256.9,,,432655,112203988.8,1072,,
2026-02-12,GILB,,1120,1107.1,1110.6,,,1964,2186177.5,56,,
2026-02-12,GLBSL,,1938,1903.5,1929,,,1407,2687320,29,,
2026-02-12,GLH,,297,280,284,,,404426,117243176,1425,,
2026-02-12,GMFBS,,1424,1400,1410,,,1790,2524819.6,43,,
2026-02-12,GMFIL,,470,455,467.9,,,11941,5562384.5,68,,
2026-02-12,GMLI,,1749,1725,1745,,,1717,2975305.1,70,,
2026-02-12,GUFL,,564,549,552.2,,,37578,20830744.4,202,,
2026-02-12,GVL,,495.5,474,486.3,,,71630,34982546.3,400,,
2026-02-12,HATHY,,930,914,917,,,16056,14768223.8,202,,
2026-02-12,HBL,,191,188,190,,,68377,12944071.1,1101,,
2026-02-12,HDHPC,,216,208,209.9,,,631121,133959898.3,1322,,
2026-02-12,HDL,,1145,1130,1137.5,,,52164,59363873.9,575,,
2026-02-12,HHL,,354.9,342.2,346,,,102170,35661003.5,420,,
2026-02-12,HIDCL,,269.7,264,266.5,,,218225,58219738,648,,
2026-02-12,HIMSTAR,,978,935.2,956,,,14019,13340959.1,290,,
2026-02-12,HLBSL,,909,892.4,905,,,2234,2013686.6,20,,
2026-02-12,HLI,,366,360,362.1,,,66545,24130400.8,452,,
2026-02-12,HPPL,,476,465,468,,,103001,48484328,314,,
2026-02-12,HRL,,856.8,840,843.3,,,122931,103825273.6,1071,,
2026-02-12,HURJA,,295,276,283.9,,,1085097,313958587.2,2568,,
2026-02-12,ICFC,,658.9,645,651.2,,,13587,8859068.3,97,,
2026-02-12,IHL,,530,508,511,,,24005,12422286.5,205,,
2026-02-12,ILBS,,967,915,956,,,8691,8237931,73,,
2026-02-12,ILI,,443.9,436,437.3,,,14488,6352238.6,324,,
2026-02-12,JBLB,,1325,1307,1316,,,5937,7807406.3,135,,
2026-02-12,JFL,,434,425,425,,,11212,4810728.5,94,,
2026-02-12,JHAPA,,1316,1285,1300,,,9500,12367133.4,235,,
2026-02-12,JOSHI,,315,307.1,307.6,,,128416,39915223.2,453,,
2026-02-12,JSLBB,,1152,1135,1135,,,246,281375.3,11,,
2026-02-12,KBL,,188.5,184,188,,,201565,37659455,608,,
2026-02-12,KBSH,,1660,1655,1656.4,,,262,434412.7,9,,
2026-02-12,KDL,,960.5,898,901,,,13296,12341917.6,252,,
2026-02-12,KKHC,,326.4,287.2,320,,,719782,215420486.6,1820,,
2026-02-12,KMCDB,,935,915,917,,,6085,5608556.9,55,,
2026-02-12,KPCL,,536,521.1,535,,,30147,15999852.8,172,,
2026-02-12,LEC,,241.7,230,230.5,,,520628,122065076.6,1336,,
2026-02-12,LICN,,840.5,829,835,,,13746,11464394.3,87,,
2026-02-12,LLBS,,974.9,925,966.9,,,274,260299.4,9,,
2026-02-12,LSL,,209.7,205.1,207,,,53728,11081655.2,171,,
2026-02-12,MABEL,,783.7,750,755,,,24759,18855552.9,404,,
2026-02-12,MAKAR,,593.6,539.2,558,,,27881,15541740.2,148,,
2026-02-12,MANDU,,830,805,830,,,3644,2993106,72,,
2026-02-12,MATRI,,980,961,970,,,1653,1602495.3,40,,
2026-02-12,MBJC,,313.7,281.4,313.7,,,454178,139779013.3,1948,,
2026-02-12,MBL,,230.2,227,229,,,50319,11543143.1,155,,
2026-02-12,MCHL,,437,428.3,428.3,,,10436,4493547.5,94,,
2026-02-12,MEHL,,459,445,453.1,,,19184,8716427.3,188,,
2026-02-12,MEL,,300,289.1,291,,,46294,13653143.3,349,,
2026-02-12,MEN,,585,575,578.3,,,56127,32559723.6,241,,
2026-02-12,MERO,,752.7,724,727,,,8894,6483090.9,93,,
2026-02-12,MFIL,,794,771.1,778.9,,,49070,38318724.2,239,,
2026-02-12,MHCL,,407.7,390.2,390.3,,,13919,5486479.1,114,,
2026-02-12,MHL,,526,513.1,521,,,54576,28294665.3,240,,
2026-02-12,MHNL,,295,284.3,287,,,77823,22609942.9,334,,
2026-02-12,MKCL,,1380,1351,1370,,,3190,4370856.7,64,,
2026-02-12,MKHC,,329,319.1,323,,,76237,24566653.1,419,,
2026-02-12,MKHL,,826,800,809,,,21391,17173749,83,,
2026-02-12,MKJC,,539,525.1,528,,,35558,18932104.7,173,,
2026-02-12,MLBBL,,1329,1306,1325,,,2845,3736429.1,64,,
2026-02-12,MLBS,,1450,1417.9,1420,,,1224,1747002,43,,
2026-02-12,MLBSL,,1900,1861.2,1880,,,1037,1943005,34,,
2026-02-12,MMKJL,,591.8,581,583,,,10910,6367300,89,,
2026-02-12,MPFL,,637,613.5,630,,,22757,14314071.7,131,,
2026-02-12,MSHL,,846,810.4,815.2,,,1508,1248643.6,30,,
2026-02-12,MSLB,,1344,1278,1315,,,6369,8425387.2,79,,
2026-02-12,NABIL,,498.7,492.5,495,,,83293,41246451.3,452,,
2026-02-12,NADEP,,785.4,768,768,,,818,635664.7,18,,
2026-02-12,NBL,,244.6,241.9,243.9,,,60629,14744756.5,195,,
2026-02-12,NESDO,,1520,1500,1519,,,647,975723.8,32,,
2026-02-12,NFS,,640,630.4,632,,,21794,13830813.4,188,,
2026-02-12,NGPL,,445,424,434,,,1622098,705329086.5,3149,,
2026-02-12,NHDL,,655,639,650,,,23323,14955829.1,204,,
2026-02-12,NHPC,,241.8,229,234.5,,,1205239,282452297.8,2217,,
2026-02-12,NICA,,330,320.1,329.9,,,195633,64117459.4,318,,
2026-02-12,NICLBSL,,565,556.2,561.9,,,10780,6049825.7,114,,
2026-02-12,NIFRA,,265,259.6,262,,,170886,44759326.1,754,,
2026-02-12,NIMB,,192,188.7,190,,,118627,22541037.6,360,,
2026-02-12,NLIC,,759,745,754,,,28341,21329048.2,272,,
2026-02-12,NLICL,,587.6,574.1,585,,,15949,9305560.3,76,,
2026-02-12,NLO,,269.4,269.4,269.4,,,0,0,0,,
2026-02-12,NMB,,235,233,234,,,22160,5177121,110,,
2026-02-12,NMBMF,,670.9,656,658.9,,,6897,4563322.5,54,,
2026-02-12,NMFBS,,1134.5,1114,1114,,,3495,3914897.9,46,,
2026-02-12,NMLBBL,,627.9,616,622,,,11686,7237292.2,108,,
2026-02-12,NRIC,,1288.2,1246,1252,,,41236,51776481.3,398,,
2026-02-12,NRM,,430.4,420,425,,,38154,16136769.6,285,,
2026-02-12,NRN,,1606,1565,1590,,,89688,141832448.7,514,,
2026-02-12,NTC,,855,845,848,,,16335,13830575.5,165,,
2026-02-12,NUBL,,705,696,699,,,9813,6873328.8,55,,
2026-02-12,NWCL,,895,860.5,880,,,5637,4964067,94,,
2026-02-12,NYADI,,405,391.1,405,,,23323,9303589,160,,
2026-02-12,OHL,,723,695,708,,,16246,11435112.8,70,,
2026-02-12,OMPL,,1350,1322,1333,,,10850,14509305.6,215,,
2026-02-12,PCBL,,237.8,234.6,236,,,35174,8295214.7,101,,
2026-02-12,PFL,,382,370,377.9,,,28197,10534085.2,178,,
2026-02-12,PHCL,,320,297.1,314,,,926327,289911101,3381,,
2026-02-12,PMHPL,,372,350,363.3,,,155431,56519657.1,573,,
2026-02-12,PMLI,,499.9,490.1,493,,,6376,3145037.1,152,,
2026-02-12,PPCL,,390,375.2,382,,,52505,20118528,202,,
2026-02-12,PPL,,400.5,381,392.5,,,273957,107542823.4,900,,
2026-02-12,PROFL,,469,450.2,458.1,,,13641,6326585,114,,
2026-02-12,PRVU,,184,182.2,182.9,,,145905,26712293.6,464,,
2026-02-12,PURE,,998,943.3,978,,,28846,27853929.4,330,,
2026-02-12,RADHI,,855,831.1,845,,,269454,227364092.3,662,,
2026-02-12,RAWA,,738.9,720,725.1,,,2636,1919409.4,47,,
2026-02-12,RFPL,,420,391.1,410,,,163746,67310119.2,806,,
2026-02-12,RHGCL,,299,283,289,,,175238,51451799.2,643,,
2026-02-12,RHPL,,308.5,282,308.2,,,603032,184387870.7,1686,,
2026-02-12,RIDI,,342,320,322.9,,,1271708,419792598.6,3152,,
2026-02-12,RLFL,,472,445,461.1,,,57324,26268189,284,,
2026-02-12,RNLI,,455.9,450.2,455,,,27426,12432290.6,413,,
2026-02-12,RSDC,,660,650.2,654.1,,,14480,9489081.8,103,,
2026-02-12,RURU,,668,656,657,,,16906,11184509.2,110,,
2026-02-12,SAGAR,,2054,1950,1965,,,16658,33000611.7,435,,
2026-02-12,SAHAS,,564,552,559,,,154547,86099336.9,901,,
2026-02-12,SAIL,,1403,1282,1403,,,144607,191238113.9,1879,,
2026-02-12,SANIMA,,337.9,325.4,331.9,,,110590,36789843.9,320,,
2026-02-12,SANVI,,850,811,835,,,63447,52478931.1,608,,
2026-02-12,SARBTM,,870,862,868,,,24076,20806130,98,,
2026-02-12,SBI,,401.5,397,401.5,,,8730,3483001.5,56,,
2026-02-12,SBL,,375,368.5,371.5,,,73398,27318397.2,126,,
2026-02-12,SCB,,641,636.2,637.6,,,18299,11693024.9,124,,
2026-02-12,SGHC,,420,407,410,,,42400,17456032.2,269,,
2026-02-12,SHEL,,339.5,315,317,,,777158,253340058.4,2694,,
2026-02-12,SHIVM,,615.9,610,612,,,133822,81926276.8,463,,
2026-02-12,SHL,,503,488.1,491.5,,,41181,20255981.8,142,,
2026-02-12,SHLB,,1635,1585,1586.2,,,1109,1761507,22,,
2026-02-12,SHPC,,552.9,542.2,552.9,,,190746,104567545,529,,
2026-02-12,SIFC,,600,564,591,,,36033,21245055.3,170,,
2026-02-12,SIKLES,,620,611,614,,,23666,14552998.2,114,,
2026-02-12,SJCL,,325,297.6,319.9,,,177229,56317806.9,841,,
2026-02-12,SJLIC,,443,430,436,,,29255,12789340.9,212,,
2026-02-12,SKBBL,,770,762,763.5,,,27913,21337850,158,,
2026-02-12,SLBBL,,825,815,824,,,7968,6531207,72,,
2026-02-12,SLBSL,,1310,1280,1309,,,2175,2811365.8,45,,
2026-02-12,SMATA,,790,775,781,,,4153,3246109.3,64,,
2026-02-12,SMB,,1900,1860.2,1890,,,1114,2089461.8,35,,
2026-02-12,SMFBS,,1629.9,1590,1629.9,,,875,1399240.3,23,,
2026-02-12,SMH,,849,818,823.3,,,6435,5353150.8,138,,
2026-02-12,SMHL,,469.8,455.4,464,,,101605,47138959.3,535,,
2026-02-12,SMJC,,499,481.1,486,,,16816,8187597.1,175,,
2026-02-12,SMPDA,,882,863.1,870,,,3505,3062340.2,81,,
2026-02-12,SNLI,,461,453.5,456.9,,,22789,10395388.7,428,,
2026-02-12,SONA,,432,422,429,,,43780,18679610.5,452,,
2026-02-12,SPC,,529,505,509,,,28490,14606783,195,,
2026-02-12,SPDL,,412,401,407.9,,,99555,40711889,355,,
2026-02-12,SPHL,,573.4,550,555,,,23900,13350908.9,141,,
2026-02-12,SPL,,810,769,799,,,22771,17765618.1,215,,
2026-02-12,SRLI,,392,383.3,392,,,33106,12864541.5,364,,
2026-02-12,SSHL,,202,195,195.5,,,550700,109171608.4,1399,,
2026-02-12,STC,,5575,5500,5550,,,2897,16111993.5,64,,
2026-02-12,SWASTIK,,2905,2825.9,2870,,,2213,6340052.8,117,,
2026-02-12,SWBBL,,736.5,726,732.9,,,10683,7820968.1,79,,
2026-02-12,SWMF,,676,650.2,675,,,6098,4053687,59,,
2026-02-12,SYPNL,,1974,1852,1892,,,229050,434236761.5,4942,,
2026-02-12,TAMOR,,448,430.3,435.2,,,34402,15002492.5,298,,
2026-02-12,TPC,,441,399.5,429,,,824475,354099920.3,2503,,
2026-02-12,TRH,,766,750,757,,,2019,1523376,30,,
2026-02-12,TSHL,,792,768.4,770.5,,,4465,3490512.2,61,,
2026-02-12,TTL,,925,878.1,899,,,72151,64615113,1068,,
2026-02-12,TVCL,,652,600,620,,,129178,81037174.7,517,,
2026-02-12,UHEWA,,570,557.3,560,,,33525,18827153.1,178,,
2026-02-12,ULBSL,,3270,3173.1,3253.8,,,1193,3814062.8,51,,
2026-02-12,ULHC,,540,530,533.1,,,31168,16636348.8,233,,
2026-02-12,UMHL,,622,610,614,,,77866,48122140.7,328,,
2026-02-12,UMRH,,564.1,553.2,557,,,20103,11220925.3,117,,
2026-02-12,UNHPL,,510.4,500,510,,,348321,175521349.2,649,,
2026-02-12,UNL,,46950,46600,46600,,,40,1869560,4,,
2026-02-12,UNLB,,1860,1835,1842,,,320,589638.5,24,,
2026-02-12,UPCL,,392.7,372,382.1,,,365311,141396818.9,919,,
2026-02-12,UPPER,,195,189.1,192.9,,,374165,72139902.2,1066,,
2026-02-12,USHEC,,475,464,469,,,27321,12872342.6,157,,
2026-02-12,USHL,,750,725,739.5,,,8767,6458376.7,92,,
2026-02-12,USLB,,1450,1435,1437,,,4977,7162164.2,98,,
2026-02-12,VLBS,,770,750,760,,,5440,4095118.2,85,,
2026-02-12,VLUCL,,576.3,560.5,570,,,4385,2501367,104,,
2026-02-16,ACLBSL,,980,942.1,959.9,,,1416,1346782.4,35,,
2026-02-16,ADBL,,299,294.1,297,,,69167,20422449.1,125,,
2026-02-16,AHL,,562,551,558,,,6848,3797702.8,58,,
2026-02-16,AHPC,,296,280,280.1,,,465743,132643195.6,1346,,
2026-02-16,AKJCL,,396,373,380,,,1361580,523615815.8,2515,,
2026-02-16,AKPL,,279,265,269,,,366580,98904184.3,939,,
2026-02-16,ALBSL,,1122,1100.1,1113.8,,,29188,32360261.9,154,,
2026-02-16,ALICL,,451,439,447,,,35171,15564745.5,220,,
2026-02-16,ANLB,,6315,6200.2,6296.9,,,291,1817686.4,27,,
2026-02-16,API,,306,297.3,299.5,,,266669,79978858.3,589,,
2026-02-16,AVYAN,,992,972,972.1,,,12571,12323608.3,141,,
2026-02-16,BANDIPUR,,972,935,960,,,74723,71443083.4,1481,,
2026-02-16,BARUN,,372,358,359,,,92498,33483631.3,398,,
2026-02-16,BBC,,4834,4769,4780,,,322,1539594,27,,
2026-02-16,BEDC,,520,505,511,,,16163,8258018.6,175,,
2026-02-16,BFC,,477.8,460.6,473.9,,,17493,8199516,138,,
2026-02-16,BGWT,,770,760,761.1,,,1700,1296840.5,45,,
2026-02-16,BHCL,,602,582.1,587,,,35324,20850292.6,623,,
2026-02-16,BHDC,,502,485,485,,,33709,16468794,173,,
2026-02-16,BHL,,211.5,206,207,,,335836,69990568.5,889,,
2026-02-16,BHPL,,567.8,546.9,555,,,13807,7694711.9,142,,
2026-02-16,BNHC,,344.4,313.1,344.4,,,13585,4673758,65,,
2026-02-16,BNL,,15300,15300,15300,,,0,0,0,,
2026-02-16,BNT,,11620,11555,11560,,,60,694450,6,,
2026-02-16,BPCL,,727.2,705,706.2,,,51352,36510586.8,223,,
2026-02-16,BUNGAL,,670,643.5,661,,,24556,16247770.3,515,,
2026-02-16,CBBL,,926,918,924,,,39958,36894283.5,179,,
2026-02-16,CFCL,,555,524,554,,,82621,45131580.4,329,,
2026-02-16,CGH,,850,830,835,,,28657,24073563.8,222,,
2026-02-16,CHCL,,482.5,467.5,470,,,37653,17752411.4,277,,
2026-02-16,CHDC,,2454.5,2360,2430,,,60057,145202848.1,638,,
2026-02-16,CHL,,308,291,291,,,82442,24279871,319,,
2026-02-16,CIT,,1760,1740,1741,,,6167,10766153.1,167,,
2026-02-16,CITY,,483,469,472,,,8476,4033984.7,114,,
2026-02-16,CKHL,,740,686,699,,,5715,3967702.7,88,,
2026-02-16,CLI,,466,459,460,,,17216,7931874.9,314,,
2026-02-16,CREST,,1418.1,1365,1385,,,13957,19221048.8,286,,
2026-02-16,CYCL,,1540,1507.6,1520,,,2834,4296472.3,54,,
2026-02-16,CZBIL,,191,188.6,188.6,,,31457,5958401.8,176,,
2026-02-16,DDBL,,850,836,836,,,8528,7155265.9,77,,
2026-02-16,DHEL,,740,712,729,,,29374,21244215.5,704,,
2026-02-16,DHPL,,320.2,305.9,305.9,,,12560,3910351.6,80,,
2026-02-16,DLBS,,1340,1300.1,1340,,,288,378272.7,15,,
2026-02-16,DOLTI,,520,513,515.1,,,3906,2016884.6,77,,
2026-02-16,DORDI,,293.9,283,285.5,,,117669,33854163.8,410,,
2026-02-16,EBL,,677.9,665.1,668.5,,,50722,34076513,184,,
2026-02-16,EHPL,,437,423.1,424,,,44770,19171132.6,197,,
2026-02-16,ENL,,930,921,927.8,,,1682,1554141.5,26,,
2026-02-16,FMDBL,,799.9,785,786.3,,,17896,14142385.2,96,,
2026-02-16,FOWAD,,1082,1050,1058,,,5218,5522578.3,89,,
2026-02-16,GBIME,,229,224,224.2,,,42658,9578422.4,318,,
2026-02-16,GBLBS,,774,761,762.2,,,2101,1603509.4,48,,
2026-02-16,GCIL,,418,415,416.9,,,16184,6729512.6,245,,
2026-02-16,GFCL,,656.8,643,650,,,23838,15468918.2,123,,
2026-02-16,GHL,,262,245.4,247,,,317555,79822738.3,551,,
2026-02-16,GILB,,1115,1103,1112,,,3802,4228329,47,,
2026-02-16,GLBSL,,1940.9,1911,1932,,,144,277581.2,12,,
2026-02-16,GLH,,288.9,272,275,,,136499,38060455.2,467,,
2026-02-16,GMFBS,,1494,1392,1494,,,1927,2706176.4,45,,
2026-02-16,GMFIL,,476,460,472,,,35105,16453830,84,,
2026-02-16,GMLI,,1737,1720,1726,,,1305,2256272.5,66,,
2026-02-16,GUFL,,580,553,556.1,,,28465,15927066.2,121,,
2026-02-16,GVL,,503.9,485,490,,,31932,15538246.5,239,,
2026-02-16,HATHY,,919.5,903.1,907.1,,,10444,9501194.1,191,,
2026-02-16,HBL,,190.5,188,188.5,,,55564,10481433.1,902,,
2026-02-16,HDHPC,,212,203.1,203.9,,,325538,67297941.4,953,,
2026-02-16,HDL,,1150,1136,1137.7,,,43826,49992238.3,530,,
2026-02-16,HHL,,353,342.5,343,,,42599,14783646.7,234,,
2026-02-16,HIDCL,,269.8,264,265,,,60177,15975438.8,260,,
2026-02-16,HIMSTAR,,978,937,957,,,17505,16670010.7,279,,
2026-02-16,HLBSL,,905,900,901,,,198,178740,12,,
2026-02-16,HLI,,370,362.1,365,,,57230,20914766.6,426,,
2026-02-16,HPPL,,473,466,469,,,39752,18649876.7,218,,
2026-02-16,HRL,,860.1,839,839.6,,,71745,60405881.9,895,,
2026-02-16,HURJA,,284,269.7,271.2,,,650748,179370066.6,1250,,
2026-02-16,ICFC,,664.2,645.1,654.9,,,14242,9243449.3,90,,
2026-02-16,IHL,,520.5,504,510,,,12245,6237986,124,,
2026-02-16,ILBS,,970,930,934.8,,,5571,5272580.8,62,,
2026-02-16,ILI,,440,436.2,436.2,,,11578,5058719.2,304,,
2026-02-16,JBLB,,1335,1308.3,1313,,,6230,8183857.9,155,,
2026-02-16,JFL,,431,420.1,425,,,5187,2217510,48,,
2026-02-16,JHAPA,,1417.6,1300.1,1360,,,11124,15317944.6,264,,
2026-02-16,JOSHI,,313.5,301,301,,,73831,22532689.7,308,,
2026-02-16,JSLBB,,1170,1142,1142,,,165,191420,7,,
2026-02-16,KBL,,188,184.3,185.9,,,88926,16509726.8,355,,
2026-02-16,KBSH,,1698,1651,1651,,,516,860125,14,,
2026-02-16,KDL,,941,900,910,,,5138,4708127.4,142,,
2026-02-16,KKHC,,327.5,289,290,,,841788,255209628.6,2156,,
2026-02-16,KMCDB,,928,898,910,,,8550,7706991.2,96,,
2026-02-16,KPCL,,541,527.1,528,,,23069,12229391,130,,
2026-02-16,LEC,,235,221.6,223,,,315274,71130721.3,888,,
2026-02-16,LICN,,851,830,837,,,7319,6114930.5,80,,
2026-02-16,LLBS,,955,930,938,,,491,463330.7,16,,
2026-02-16,LSL,,209,205.6,207.5,,,68971,14333932.8,171,,
2026-02-16,MABEL,,777.2,750.3,777,,,8998,6882643.8,284,,
2026-02-16,MAKAR,,558,540.5,545,,,1990,1083799.5,46,,
2026-02-16,MANDU,,819,814,814,,,840,685627,42,,
2026-02-16,MATRI,,970,953.1,959,,,1698,1632245.5,42,,
2026-02-16,MBJC,,333,307,307.2,,,218246,69736146.9,1383,,
2026-02-16,MBL,,230,227,228,,,34496,7860653.3,105,,
2026-02-16,MCHL,,435,422,427,,,5347,2265662.5,60,,
2026-02-16,MEHL,,460,450,454,,,35422,16102117.7,173,,
2026-02-16,MEL,,293,285.6,287,,,16073,4628868,218,,
2026-02-16,MEN,,584,575,579,,,44682,25812066.8,223,,
2026-02-16,MERO,,745,714.5,725,,,9648,6993284.7,89,,
2026-02-16,MFIL,,785,764,777,,,126316,98322081.4,234,,
2026-02-16,MHCL,,395,381.1,382.1,,,12107,4670227.7,105,,
2026-02-16,MHL,,529,520,522,,,43956,23015591.7,187,,
2026-02-16,MHNL,,287,271,277,,,66002,18163159.5,238,,
2026-02-16,MKCL,,1405,1374,1384,,,2920,4067013.6,55,,
2026-02-16,MKHC,,325,318,319,,,49624,15869859.1,304,,
2026-02-16,MKHL,,825,778.1,811,,,12230,9761198.3,134,,
2026-02-16,MKJC,,536.9,520.1,522,,,21684,11402105.1,127,,
2026-02-16,MLBBL,,1325,1308.2,1323,,,2263,2967677.3,44,,
2026-02-16,MLBS,,1495,1417.2,1458,,,2630,3858744.5,33,,
2026-02-16,MLBSL,,1890,1860,1875,,,740,1377900,32,,
2026-02-16,MMKJL,,584,577,577.6,,,7005,4061399.8,75,,
2026-02-16,MPFL,,639,615.1,618,,,12732,7927647.1,107,,
2026-02-16,MSHL,,830,810,820,,,3306,2725084.9,50,,
2026-02-16,MSLB,,1350,1285,1288.6,,,1902,2476520.1,47,,
2026-02-16,NABIL,,498.8,493,497.9,,,82231,40828153.5,498,,
2026-02-16,NADEP,,772,756.1,769,,,1948,1489196.5,37,,
2026-02-16,NBL,,247,241,243.5,,,55546,13528278.8,172,,
2026-02-16,NESDO,,1535,1505.3,1528,,,754,1146636.6,29,,
2026-02-16,NFS,,643,628,629.9,,,17480,11042802.8,136,,
2026-02-16,NGPL,,444,435,437,,,1100808,482785650.4,1736,,
2026-02-16,NHDL,,655,647,654,,,7278,4730980.8,63,,
2026-02-16,NHPC,,248.5,229.2,230.1,,,955179,228257777.3,2229,,
2026-02-16,NICA,,330,324.2,325.9,,,25760,8386080.3,217,,
2026-02-16,NICLBSL,,563.1,558,559.2,,,6472,3624032.7,136,,
2026-02-16,NIFRA,,265,259.3,259.6,,,111297,29003558.2,650,,
2026-02-16,NIMB,,193,188.3,189.9,,,87262,16550585.3,267,,
2026-02-16,NLIC,,769,749.5,751,,,40704,30610061.1,295,,
2026-02-16,NLICL,,587.9,577.1,579.9,,,11798,6822826,47,,
2026-02-16,NLO,,269.4,269.4,269.4,,,0,0,0,,
2026-02-16,NMB,,237,234,235,,,32445,7639093.4,131,,
2026-02-16,NMBMF,,663.1,650.1,657,,,629,414660.6,17,,
2026-02-16,NMFBS,,1130,1110,1125,,,4565,5126655.3,44,,
2026-02-16,NMLBBL,,625,615,618,,,7018,4331210.1,98,,
2026-02-16,NRIC,,1277,1240,1249,,,49201,61452287.3,384,,
2026-02-16,NRM,,428,419,422.5,,,19811,8364004.4,191,,
2026-02-16,NRN,,1603,1555,1558,,,35688,56046154.7,314,,
2026-02-16,NTC,,855,840,848,,,17535,14828752.7,245,,
2026-02-16,NUBL,,700.3,676.5,687,,,10834,7445966.7,73,,
2026-02-16,NWCL,,897.6,865,870.1,,,3510,3080697.6,66,,
2026-02-16,NYADI,,421.2,408,415,,,38842,16101215.8,285,,
2026-02-16,OHL,,719.4,699,699,,,5607,3980291.6,39,,
2026-02-16,OMPL,,1350,1290,1309.9,,,22309,29123140.6,331,,
2026-02-16,PCBL,,239,232.2,233,,,22437,5237136.4,131,,
2026-02-16,PFL,,384.5,375,379,,,13229,5030673.9,107,,
2026-02-16,PHCL,,320,302,303,,,246274,75571174,1100,,
2026-02-16,PMHPL,,377.9,350.3,352,,,29207,10456662.6,162,,
2026-02-16,PMLI,,498.9,488.1,489,,,5954,2920938.7,167,,
2026-02-16,PPCL,,390,378,382.7,,,48797,18867173.8,186,,
2026-02-16,PPL,,413,383.3,405,,,555296,223397898.5,1071,,
2026-02-16,PROFL,,467.2,458,464.9,,,7160,3299105.5,57,,
2026-02-16,PRVU,,184.5,182.1,183.2,,,81151,14845405.4,346,,
2026-02-16,PURE,,1002,958.5,994.9,,,17879,17690445.2,265,,
2026-02-16,RADHI,,855,828.1,845,,,163075,137571922.9,408,,
2026-02-16,RAWA,,739,711.1,725,,,2402,1724460,43,,
2026-02-16,RFPL,,418.4,401.8,413.5,,,101246,41841587.8,419,,
2026-02-16,RHGCL,,292,280,282.1,,,55326,15709661.4,252,,
2026-02-16,RHPL,,322,303,305,,,277243,86971915.4,1179,,
2026-02-16,RIDI,,336,306,329,,,2014126,650322163.7,4002,,
2026-02-16,RLFL,,478,455,458.6,,,17267,8028547,135,,
2026-02-16,RNLI,,464.1,451.5,455,,,30332,13794090.5,418,,
2026-02-16,RSDC,,665,651,651,,,10664,6976340.5,85,,
2026-02-16,RSML,,330,300,330,,,130,40150,11,,
2026-02-16,RURU,,670,654,654,,,17022,11209779.4,82,,
2026-02-16,SAGAR,,2135,1966.1,2013,,,24781,49888980.5,464,,
2026-02-16,SAHAS,,567,555.1,557,,,110378,61652218.1,720,,
2026-02-16,SAIL,,1463,1350,1450,,,146638,207896005.4,2286,,
2026-02-16,SANIMA,,338.1,330,335,,,74537,24888315.2,255,,
2026-02-16,SANVI,,856,820.5,845,,,35349,29880286.7,480,,
2026-02-16,SARBTM,,874,863,866,,,11620,10041022.9,92,,
2026-02-16,SBI,,405,396.1,403,,,21488,8562679.3,71,,
2026-02-16,SBL,,373.1,368.5,372,,,54304,20151474.7,139,,
2026-02-16,SCB,,640,636,640,,,33111,21148527.4,139,,
2026-02-16,SGHC,,418.3,393.1,404.9,,,46424,18644657.3,279,,
2026-02-16,SHEL,,322,306.1,306.1,,,552263,171622207.8,1482,,
2026-02-16,SHIVM,,620,610.2,611,,,131649,80956046.2,507,,
2026-02-16,SHL,,498,485,491,,,20299,9990712.4,88,,
2026-02-16,SHLB,,1598,1560,1598,,,288,453311,19,,
2026-02-16,SHPC,,557.4,542,545,,,148945,81779699.3,554,,
2026-02-16,SIFC,,602.8,582.1,586,,,18535,10975933.3,99,,
2026-02-16,SIKLES,,617,610.1,614,,,7967,4887014.9,100,,
2026-02-16,SJCL,,323,307,309.7,,,35099,11000400.4,284,,
2026-02-16,SJLIC,,434.9,430,431.5,,,16638,7182677.6,213,,
2026-02-16,SKBBL,,770,759,761.3,,,12189,9278684.1,126,,
2026-02-16,SLBBL,,836,815,823,,,1965,1613270.9,46,,
2026-02-16,SLBSL,,1308.9,1285,1308.9,,,1100,1419777.6,34,,
2026-02-16,SMATA,,782,776,778,,,5621,4380533.4,69,,
2026-02-16,SMB,,1890,1862,1865.1,,,332,619410.4,15,,
2026-02-16,SMFBS,,1635,1601,1635,,,944,1517181.6,26,,
2026-02-16,SMH,,835,800,812.3,,,7139,5851883.9,147,,
2026-02-16,SMHL,,469.9,453.1,456.1,,,144604,66455343.8,721,,
2026-02-16,SMJC,,502,481,490,,,16871,8385813.8,203,,
2026-02-16,SMPDA,,870,861.1,867,,,2071,1793104.8,62,,
2026-02-16,SNLI,,460,451.1,453.5,,,17707,8026410.9,340,,
2026-02-16,SONA,,430,424,428,,,29119,12398568.4,385,,
2026-02-16,SPC,,517,503,503.4,,,11291,5719690.2,114,,
2026-02-16,SPDL,,414,399.8,401.9,,,70473,28536959.4,198,,
2026-02-16,SPHL,,566,548.8,555,,,14410,7987704.1,91,,
2026-02-16,SPL,,790,771.1,773,,,12282,9524206.2,116,,
2026-02-16,SRLI,,392,388,388.8,,,11959,4655993.7,250,,
2026-02-16,SSHL,,197.5,188,190.4,,,408485,78567679.1,1068,,
2026-02-16,STC,,5620,5540,5565,,,1302,7262414.5,52,,
2026-02-16,SWASTIK,,2900,2831,2840,,,2135,6084468,85,,
2026-02-16,SWBBL,,735,730,735,,,4310,3154716,51,,
2026-02-16,SWMF,,670,664,669,,,2138,1422964,36,,
2026-02-16,SYPNL,,1979.9,1892,1960,,,177335,344211045.6,4290,,
2026-02-16,TAMOR,,440,428.1,428.1,,,28230,12183249.9,202,,
2026-02-16,TPC,,431.5,407.7,409,,,267634,111767844.3,975,,
2026-02-16,TRH,,752,748,750,,,3757,2818931,29,,
2026-02-16,TSHL,,799.9,760,773,,,3355,2618667.6,52,,
2026-02-16,TTL,,925,881.3,910,,,56209,50804175.8,940,,
2026-02-16,TVCL,,630,612,615,,,63720,39681884.6,275,,
2026-02-16,UHEWA,,569.8,561,561,,,10249,5785569.4,123,,
2026-02-16,ULBSL,,3260,3153,3228,,,673,2141182,32,,
2026-02-16,ULHC,,538.9,531,535,,,20168,10775632.2,197,,
2026-02-16,UMHL,,622.9,610,612,,,60769,37213103,187,,
2026-02-16,UMRH,,568.1,552,560,,,7558,4204548,79,,
2026-02-16,UNHPL,,518,492.2,495,,,168500,84373705.5,534,,
2026-02-16,UNL,,46600,46600,46600,,,0,0,0,,
2026-02-16,UNLB,,1847,1835,1847,,,421,773120.2,25,,
2026-02-16,UPCL,,387.8,375,377.4,,,135659,51723961.8,316,,
2026-02-16,UPPER,,195,189,189.8,,,182329,34934367.9,719,,
2026-02-16,USHEC,,476,465,465,,,15166,7107749.9,141,,
2026-02-16,USHL,,804,721,800,,,14701,10900659.5,164,,
2026-02-16,USLB,,1455,1433.1,1443,,,3132,4519103.6,69,,
2026-02-16,VLBS,,775,750,750,,,1545,1163684.5,43,,
2026-02-16,VLUCL,,580,563,567.1,,,4184,2375613.9,95,,
2026-02-17,ACLBSL,,1017,943,1017,,,3683,3551082.8,60,,
2026-02-17,ADBL,,299,293,296.5,,,59291,17469420,149,,
2026-02-17,AHL,,559.9,540,540.5,,,5522,3007042.2,84,,
2026-02-17,AHPC,,285.7,274.3,275.9,,,375967,104423103,976,,
2026-02-17,AKJCL,,388.1,369,373,,,1182474,445280620,1951,,
2026-02-17,AKPL,,274.3,258.8,265,,,510157,133841386.9,1195,,
2026-02-17,ALBSL,,1121,1094.1,1114,,,5335,5888565.6,103,,
2026-02-17,ALICL,,447.9,440,442.8,,,68435,30260090.9,167,,
2026-02-17,ANLB,,6338.9,6172.6,6299.9,,,181,1133860,14,,
2026-02-17,API,,301.4,292.1,295,,,233251,68999719.3,680,,
2026-02-17,AVYAN,,991,946,960,,,6029,5774484,84,,
2026-02-17,BANDIPUR,,969.9,919.4,920,,,74333,69513545.7,1272,,
2026-02-17,BARUN,,362.9,346,346.2,,,159977,56078096.6,682,,
2026-02-17,BBC,,4837,4750,4793,,,547,2613497,44,,
2026-02-17,BEDC,,540,508,522,,,17349,9024794.8,186,,
2026-02-17,BFC,,472,462,465,,,16137,7515863.4,111,,
2026-02-17,BGWT,,765,755,760,,,2220,1686568,45,,
2026-02-17,BHCL,,595,569.1,574,,,37443,21607973.7,645,,
2026-02-17,BHDC,,492.5,478,478,,,65158,31531407.6,244,,
2026-02-17,BHL,,208.4,201,201.1,,,312178,63445303.4,909,,
2026-02-17,BHPL,,562,543.9,551.9,,,42131,23198163.4,244,,
2026-02-17,BNHC,,378.8,351.2,373.3,,,388463,145092526.6,2779,,
2026-02-17,BNL,,15550,15010,15550,,,20,305600,2,,
2026-02-17,BNT,,11780,11540.1,11780,,,110,1275321,8,,
2026-02-17,BPCL,,718,692.2,711,,,81908,58446392.1,308,,
2026-02-17,BUNGAL,,670,645,648,,,19262,12614918.1,344,,
2026-02-17,CBBL,,925,917,920,,,9733,8943501.2,176,,
2026-02-17,CFCL,,554,535,535,,,23391,12665329.3,117,,
2026-02-17,CGH,,849,813.4,821.1,,,63227,51923880.4,458,,
2026-02-17,CHCL,,474,464,466.9,,,41946,19556220.6,265,,
2026-02-17,CHDC,,2560,2430,2511,,,123830,311199777.5,1381,,
2026-02-17,CHL,,293.9,280.2,280.5,,,89403,25398404.2,353,,
2026-02-17,CIT,,1750,1735.1,1735.5,,,14124,24570854.2,227,,
2026-02-17,CITY,,477.5,472,472.3,,,11577,5486352.5,112,,
2026-02-17,CKHL,,727,682.2,699.7,,,7425,5128752,80,,
2026-02-17,CLI,,463.7,456.3,456.9,,,18647,8566219.1,294,,
2026-02-17,CREST,,1385,1326,1328,,,15654,20995699.2,294,,
2026-02-17,CYCL,,1616.5,1501,1542,,,18915,29819064,255,,
2026-02-17,CZBIL,,192,185,188.1,,,36738,6940169.8,152,,
2026-02-17,DDBL,,842.9,830,830,,,11535,9618627.8,86,,
2026-02-17,DHEL,,743.5,698,720,,,34915,24980547.4,553,,
2026-02-17,DHPL,,308,302,303.9,,,13310,4049136.5,73,,
2026-02-17,DLBS,,1335,1310,1310,,,2032,2676589.7,36,,
2026-02-17,DOLTI,,525,506,508,,,8488,4312986.1,95,,
2026-02-17,DORDI,,287.9,274,274,,,159329,44411532.2,496,,
2026-02-17,EBL,,672,665.4,665.5,,,14184,9462436.7,157,,
2026-02-17,EHPL,,425,412.6,413,,,59323,24838371.5,346,,
2026-02-17,ENL,,917,900.5,917,,,1691,1534937.4,36,,
2026-02-17,FMDBL,,785,778,779,,,25629,20022749.9,124,,
2026-02-17,FOWAD,,1070,1048.6,1051,,,2151,2265769.7,55,,
2026-02-17,GBIME,,225,223.1,223.2,,,71273,15938645.3,378,,
2026-02-17,GBLBS,,763,752.8,752.8,,,5980,4521739,100,,
2026-02-17,GCIL,,416.9,411.1,411.5,,,13710,5665864.3,228,,
2026-02-17,GFCL,,651,637.1,640,,,23457,15087333.1,114,,
2026-02-17,GHL,,251.9,236,240,,,317369,76623104.9,680,,
2026-02-17,GILB,,1134,1103,1103,,,2522,2797828.5,45,,
2026-02-17,GLBSL,,1932,1894.1,1894.1,,,997,1899553.4,33,,
2026-02-17,GLH,,280.5,262,265.4,,,146809,39327345.2,544,,
2026-02-17,GMFBS,,1523,1408,1458,,,4598,6706448.7,50,,
2026-02-17,GMFIL,,471,457,457,,,20269,9415480,71,,
2026-02-17,GMLI,,1735,1701,1730,,,1606,2756148.3,99,,
2026-02-17,GUFL,,562,545,548,,,23895,13176391.3,131,,
2026-02-17,GVL,,488.8,482,485,,,56423,27357781.7,279,,
2026-02-17,HATHY,,917,900,903,,,12990,11740841.7,189,,
2026-02-17,HBL,,190,185,188.6,,,74582,14015044.7,923,,
2026-02-17,HDHPC,,205.9,195,195.1,,,452811,89812397.3,1232,,
2026-02-17,HDL,,1145,1133,1134,,,56083,63639011.3,630,,
2026-02-17,HHL,,347,335,336,,,50761,17288291.4,319,,
2026-02-17,HIDCL,,264,259.7,259.9,,,129492,33846187.5,414,,
2026-02-17,HIMSTAR,,975,930,937.9,,,17947,17030742.7,256,,
2026-02-17,HLBSL,,937.3,892.5,905.1,,,9740,8990164.6,66,,
2026-02-17,HLI,,364.5,361,361,,,62974,22879763.2,334,,
2026-02-17,HPPL,,470,461.3,461.4,,,66233,30734014.7,274,,
2026-02-17,HRL,,848,833,836,,,113608,95180648.7,1008,,
2026-02-17,HURJA,,278,261,263,,,429569,115062558.9,1059,,
2026-02-17,ICFC,,656,640.2,640.2,,,20215,13041480.1,128,,
2026-02-17,IHL,,514.7,505,506,,,9678,4924513.1,107,,
2026-02-17,ILBS,,991,917.3,940,,,5294,4940713.6,104,,
2026-02-17,ILI,,438,434,434.5,,,17162,7462839.2,328,,
2026-02-17,JBLB,,1315,1310,1313.9,,,5352,7024462.5,136,,
2026-02-17,JFL,,430,420,424.8,,,8826,3726380.3,83,,
2026-02-17,JHAPA,,1360,1335,1345,,,3246,4365867.5,124,,
2026-02-17,JOSHI,,305.8,292,296,,,79799,23711020.1,378,,
2026-02-17,JSLBB,,1142,1120.2,1124,,,1303,1470497.2,25,,
2026-02-17,KBL,,186.9,182.2,183,,,156416,28681533.1,534,,
2026-02-17,KBSH,,1684,1660,1662,,,665,1106370,18,,
2026-02-17,KDL,,920,891.8,895,,,8570,7708720.5,125,,
2026-02-17,KKHC,,290,268,288.6,,,571987,159145305,1908,,
2026-02-17,KMCDB,,987.2,897.3,911,,,3660,3375823.3,47,,
2026-02-17,KPCL,,536,520.1,522.2,,,29483,15448061.9,148,,
2026-02-17,LEC,,227.4,214.1,215,,,357770,78375581.2,1056,,
2026-02-17,LICN,,839.9,815,825,,,30951,25494684.9,196,,
2026-02-17,LLBS,,956.7,915,925,,,1738,1610960,38,,
2026-02-17,LSL,,211.5,205.2,206.4,,,58722,12096361.1,184,,
2026-02-17,MABEL,,785,756.1,767,,,15961,12270561.4,296,,
2026-02-17,MAKAR,,554.8,533,542,,,6320,3423916,64,,
2026-02-17,MANDU,,820,803.1,803.7,,,2642,2128354.5,65,,
2026-02-17,MATRI,,970,941,965,,,1785,1704420.3,40,,
2026-02-17,MBJC,,309,291.8,292,,,182944,54803518.4,731,,
2026-02-17,MBL,,230,224,226,,,48531,10919482.3,142,,
2026-02-17,MCHL,,425,418,420,,,4479,1881737,49,,
2026-02-17,MEHL,,463,450,451,,,27145,12348482.3,227,,
2026-02-17,MEL,,288,278,281.8,,,26665,7526051.5,263,,
2026-02-17,MEN,,579,573.1,574.3,,,40091,23104357.4,235,,
2026-02-17,MERO,,728,700.7,716,,,19245,13648588.3,129,,
2026-02-17,MFIL,,787.5,746.2,747,,,49324,37216943.7,214,,
2026-02-17,MHCL,,384,375.1,382.1,,,19260,7299654.2,123,,
2026-02-17,MHL,,549.9,523,534,,,154646,83025760.6,778,,
2026-02-17,MHNL,,277,265,265.7,,,34562,9270465.4,185,,
2026-02-17,MKCL,,1389.9,1370.5,1374,,,3263,4501756,59,,
2026-02-17,MKHC,,323.9,315,317,,,53960,17122445.3,323,,
2026-02-17,MKHL,,812,776,800,,,3765,2967620,63,,
2026-02-17,MKJC,,532,512,529,,,41297,21706678.7,209,,
2026-02-17,MLBBL,,1318.9,1302.5,1303.6,,,3606,4710141.5,64,,
2026-02-17,MLBS,,1440,1421,1423,,,1595,2278633.9,15,,
2026-02-17,MLBSL,,1875,1851,1875,,,1229,2285496.5,42,,
2026-02-17,MMKJL,,580,572,580,,,14275,8208400.9,128,,
2026-02-17,MPFL,,624,603.6,610,,,21452,13136170,154,,
2026-02-17,MSHL,,820.1,808,808.3,,,1403,1135700.8,46,,
2026-02-17,MSLB,,1300,1275.1,1280,,,717,921305.1,27,,
2026-02-17,NABIL,,498.5,492,497,,,90768,44975581.7,549,,
2026-02-17,NADEP,,772.9,756.3,772.9,,,2156,1635070.5,27,,
2026-02-17,NBL,,244.2,239,240.7,,,83367,20025081.1,263,,
2026-02-17,NESDO,,1519,1500,1515,,,894,1344392.9,30,,
2026-02-17,NFS,,637,620.1,625,,,15799,9891717.2,187,,
2026-02-17,NGPL,,445.7,425,425.1,,,727380,312866971.4,1328,,
2026-02-17,NHDL,,649,641,647,,,15524,9989507.6,87,,
2026-02-17,NHPC,,234,218,218,,,500742,111946711.9,1173,,
2026-02-17,NICA,,330,322,323,,,145521,47176032.3,293,,
2026-02-17,NICLBSL,,559,550,550,,,10586,5860153.1,168,,
2026-02-17,NIFRA,,262,258.5,258.8,,,142288,36917096.7,638,,
2026-02-17,NIMB,,190.7,186.7,187,,,152076,28649114.3,472,,
2026-02-17,NLIC,,752.6,734.1,750,,,64765,48282514.6,402,,
2026-02-17,NLICL,,580,569,569,,,65418,37647457.9,117,,
2026-02-17,NLO,,269.4,269.4,269.4,,,0,0,0,,
2026-02-17,NMB,,236,233,235,,,43208,10149805.4,125,,
2026-02-17,NMBMF,,665.1,652,660,,,2723,1794488.5,24,,
2026-02-17,NMFBS,,1128,1112.5,1119,,,3853,4329863.5,39,,
2026-02-17,NMLBBL,,617,611,615,,,6024,3700420.3,54,,
2026-02-17,NRIC,,1272,1236.1,1240,,,41129,51344562.7,360,,
2026-02-17,NRM,,425,417.2,420,,,22710,9539361.3,193,,
2026-02-17,NRN,,1570,1530,1534,,,93933,145549361.8,413,,
2026-02-17,NTC,,850,845,845,,,14321,12128465.8,148,,
2026-02-17,NUBL,,688,677,681,,,8455,5776112.9,65,,
2026-02-17,NWCL,,887.5,870,875,,,2921,2547710.1,66,,
2026-02-17,NYADI,,415,399,401.5,,,19012,7741456,153,,
2026-02-17,OHL,,708,686,708,,,3234,2240578,42,,
2026-02-17,OMPL,,1308,1274,1300,,,16533,21274816,272,,
2026-02-17,PCBL,,233,231,231.5,,,29731,6887682.6,147,,
2026-02-17,PFL,,383.8,371,372,,,10781,4027079.9,89,,
2026-02-17,PHCL,,309,288.2,289,,,247378,72580210.4,1141,,
2026-02-17,PMHPL,,352,342,348,,,53891,18685442.6,252,,
2026-02-17,PMLI,,490,485,487,,,6005,2923976.3,123,,
2026-02-17,PPCL,,388,372.2,372.2,,,53441,20142914.8,150,,
2026-02-17,PPL,,412.8,394.1,399,,,413382,166983620,1233,,
2026-02-17,PROFL,,461,452,453,,,12850,5851457,111,,
2026-02-17,PRVU,,183.9,181.2,182,,,115308,20972677.6,413,,
2026-02-17,PURE,,1004,956.3,968.7,,,21283,20594039.8,221,,
2026-02-17,RADHI,,848.8,830.1,831.7,,,222802,186091868,566,,
2026-02-17,RAWA,,725,709,709,,,2620,1868916,56,,
2026-02-17,RFPL,,415,397,401,,,118989,48012405.9,519,,
2026-02-17,RHGCL,,286,275,275.6,,,86998,24201457.8,316,,
2026-02-17,RHPL,,309.5,293.4,294,,,157523,46887922.9,455,,
2026-02-17,RIDI,,343.2,323.4,324,,,1599384,533614842.7,3157,,
2026-02-17,RLFL,,467.7,447,447,,,22954,10368277.2,164,,
2026-02-17,RNLI,,462,451,453,,,20652,9348680.7,364,,
2026-02-17,RSDC,,659,641,641,,,18647,12084108.7,110,,
2026-02-17,RSML,,361.8,328,361.8,,,60,20681,6,,
2026-02-17,RURU,,667,650,660,,,5153,3363369.1,77,,
2026-02-17,SAGAR,,2062,1961,1975,,,20949,41914258.2,375,,
2026-02-17,SAHAS,,564,546,556,,,109531,60832968.4,708,,
2026-02-17,SAIL,,1451,1363,1375,,,77445,108911795.2,1213,,
2026-02-17,SANIMA,,335.9,330.2,332.5,,,77189,25702855.1,182,,
2026-02-17,SANVI,,850,818.1,820,,,39146,32509813.1,399,,
2026-02-17,SARBTM,,870,856.8,857.1,,,40019,34404626.4,117,,
2026-02-17,SBI,,405,398.3,405,,,88664,35671859.6,67,,
2026-02-17,SBL,,375.9,370,373,,,67739,25193668,135,,
2026-02-17,SCB,,640.8,629.2,640.8,,,50691,32184678.5,173,,
2026-02-17,SGHC,,401.1,390,392.1,,,43608,17182177.9,266,,
2026-02-17,SHEL,,309.9,298.6,300.9,,,462790,139689575,1335,,
2026-02-17,SHIVM,,614.5,604,604,,,124501,75625560.5,451,,
2026-02-17,SHL,,496,485,489,,,20615,10104569.8,90,,
2026-02-17,SHLB,,1589,1567,1582,,,454,714479.5,16,,
2026-02-17,SHPC,,550,530.1,536,,,73710,39489604.6,359,,
2026-02-17,SIFC,,598,575.3,577,,,14276,8280430.8,73,,
2026-02-17,SIKLES,,615.9,603,603,,,14106,8536742.5,113,,
2026-02-17,SJCL,,307,299,301.8,,,89234,26848698.2,292,,
2026-02-17,SJLIC,,434,427,432.5,,,42433,18217790,273,,
2026-02-17,SKBBL,,765,756,756,,,15366,11650750.8,161,,
2026-02-17,SLBBL,,823,810,817,,,16586,13493869.1,99,,
2026-02-17,SLBSL,,1314,1283,1314,,,2996,3895529.2,43,,
2026-02-17,SMATA,,786.9,776,780,,,8172,6381820.3,75,,
2026-02-17,SMB,,1865,1840,1840,,,2468,4570957.3,40,,
2026-02-17,SMFBS,,1667.7,1583,1667.7,,,2610,4225220.9,31,,
2026-02-17,SMH,,796.1,731.1,731.1,,,86038,63159798.4,709,,
2026-02-17,SMHL,,459,443,445,,,187803,84420461.1,871,,
2026-02-17,SMJC,,493,485.1,485.1,,,11732,5722102.8,116,,
2026-02-17,SMPDA,,872,858,860,,,7195,6202497.9,98,,
2026-02-17,SNLI,,459,451.2,452,,,15926,7202065,310,,
2026-02-17,SONA,,429,421.1,421.6,,,22409,9490838.1,303,,
2026-02-17,SPC,,510.9,492,499,,,22428,11169226.2,182,,
2026-02-17,SPDL,,404.1,394.1,401.9,,,101821,40494273.5,284,,
2026-02-17,SPHL,,558.5,524,542,,,13470,7344741,131,,
2026-02-17,SPL,,770.5,750.6,751,,,32596,24597573.2,161,,
2026-02-17,SRLI,,393,384,384.5,,,46627,17996736.5,245,,
2026-02-17,SSHL,,193.9,184,185.5,,,453115,84643024.1,1341,,
2026-02-17,STC,,5560,5510,5549,,,1397,7723559,35,,
2026-02-17,SWASTIK,,2835,2788,2788.9,,,3341,9352380.5,185,,
2026-02-17,SWBBL,,736,728,730,,,6987,5109373.5,66,,
2026-02-17,SWMF,,669,656.1,661,,,2082,1372842.9,44,,
2026-02-17,SYPNL,,1980,1901,1906,,,145770,283268419.6,2958,,
2026-02-17,TAMOR,,430,418.1,419,,,26787,11321873,220,,
2026-02-17,TPC,,417.1,392,392,,,292292,116885066,864,,
2026-02-17,TRH,,745,740,743,,,1978,1465180.6,38,,
2026-02-17,TSHL,,774,755,760,,,3578,2728767.9,57,,
2026-02-17,TTL,,920,888,890.2,,,51240,46145944.6,729,,
2026-02-17,TVCL,,667.7,610,653.8,,,153680,97621503.6,623,,
2026-02-17,UHEWA,,568,555,555.2,,,21112,11767147.4,129,,
2026-02-17,ULBSL,,3209,3103,3189,,,1068,3358465.9,42,,
2026-02-17,ULHC,,540,525,530.1,,,20213,10742393,180,,
2026-02-17,UMHL,,621.8,606,613,,,83875,51228012.3,234,,
2026-02-17,UMRH,,568,546,546,,,17571,9666954.3,94,,
2026-02-17,UNHPL,,499.9,477,482.9,,,219684,106579683.6,600,,
2026-02-17,UNL,,46600,46600,46600,,,1,46000,1,,
2026-02-17,UNLB,,1850,1821.7,1850,,,649,1189244.9,25,,
2026-02-17,UPCL,,384.9,371.4,373,,,180630,67463595.4,391,,
2026-02-17,UPPER,,193.5,185,185.3,,,200779,37355620.5,760,,
2026-02-17,USHEC,,472,460.5,461,,,20063,9294730.7,128,,
2026-02-17,USHL,,816,726,743.9,,,7131,5277801.4,109,,
2026-02-17,USLB,,1469,1425,1434,,,3107,4446884.2,93,,
2026-02-17,VLBS,,782.3,740,760,,,4468,3387163.2,85,,
2026-02-17,VLUCL,,570,560,561,,,7667,4321604.5,68,,
2026-02-22,ACLBSL,,999,966.1,994,,,3320,3254605.8,58,,
2026-02-22,ADBL,,298,292,293,,,70740,20717094.1,278,,
2026-02-22,AHL,,544.7,499.5,510,,,14218,7295671.7,160,,
2026-02-22,AHPC,,276,270,271.9,,,264237,71854637,675,,
2026-02-22,AKJCL,,373.2,335.7,342.1,,,1782903,634240101.3,2688,,
2026-02-22,AKPL,,270.3,255.2,256.8,,,274699,70886805.1,723,,
2026-02-22,ALBSL,,1101,1060.1,1060.1,,,5786,6233489.9,164,,
2026-02-22,ALICL,,444,437,437,,,37050,16290039.4,207,,
2026-02-22,ANLB,,6398,5950,6250,,,2452,15016606.6,39,,
2026-02-22,API,,299,290,291,,,191264,55946148.1,522,,
2026-02-22,AVYAN,,960,941,946,,,4891,4631280.5,64,,
2026-02-22,BANDIPUR,,938.2,885,887,,,77375,69365360.3,1435,,
2026-02-22,BARUN,,347,335,336,,,131875,44683733.6,579,,
2026-02-22,BBC,,4794,4515.1,4600,,,2702,12536227.7,110,,
2026-02-22,BEDC,,520,513,514.1,,,7617,3930535.5,87,,
2026-02-22,BFC,,462,457.1,458,,,16681,7675261.7,114,,
2026-02-22,BGWT,,758,755,755,,,987,746175,32,,
2026-02-22,BHCL,,571,553,557.7,,,53366,29919431.4,725,,
2026-02-22,BHDC,,486,470,471,,,31513,14928498.3,215,,
2026-02-22,BHL,,202.9,196,197.2,,,208735,41349469.6,741,,
2026-02-22,BHPL,,562,537,550,,,35759,19456685,251,,
2026-02-22,BNHC,,380.7,340,340,,,46594,16388758.9,514,,
2026-02-22,BNL,,15550,15550,15550,,,0,0,0,,
2026-02-22,BNT,,11800,11564,11564,,,50,583280,5,,
2026-02-22,BPCL,,725.2,695,695,,,56200,39433913.1,334,,
2026-02-22,BUNGAL,,642.9,626.1,630,,,22907,14494486.2,446,,
2026-02-22,CBBL,,956,910.2,920.1,,,52728,49472435.8,227,,
2026-02-22,CFCL,,539.9,528.2,534,,,21745,11551482.8,85,,
2026-02-22,CGH,,832.8,811,813.5,,,15282,12474373.3,156,,
2026-02-22,CHCL,,470,457,461.9,,,43181,19867107.3,350,,
2026-02-22,CHDC,,2561,2463.1,2495,,,57486,142737504.8,530,,
2026-02-22,CHL,,280.9,271.5,271.5,,,65294,18007547.1,253,,
2026-02-22,CIT,,1755,1735.1,1741,,,13081,22816582.7,233,,
2026-02-22,CITY,,475.6,466,468,,,8883,4159396,100,,
2026-02-22,CKHL,,699.7,680.2,680.2,,,7992,5459505,54,,
2026-02-22,CLI,,457,450.1,452,,,19375,8787379.6,322,,
2026-02-22,CREST,,1339,1310,1330,,,8922,11772406.4,251,,
2026-02-22,CYCL,,1599.5,1540,1564,,,2827,4402225.6,88,,
2026-02-22,CZBIL,,189,186,187.1,,,44768,8371722.1,171,,
2026-02-22,DDBL,,834,822.1,830,,,16479,13616729.2,96,,
2026-02-22,DHEL,,729,680,683,,,30816,21347148.3,647,,
2026-02-22,DHPL,,304,295.1,297,,,10573,3158157.3,67,,
2026-02-22,DLBS,,1300,1285.4,1286,,,1130,1460727.9,41,,
2026-02-22,DOLTI,,507.8,497.9,498,,,4693,2355106,78,,
2026-02-22,DORDI,,277.8,267,267.1,,,137234,37151348.5,457,,
2026-02-22,EBL,,668,663.2,664.4,,,30370,20185118.7,211,,
2026-02-22,EHPL,,413,401.3,402.2,,,37378,15165154.7,230,,
2026-02-22,ENL,,917.9,890,898.5,,,973,875227,37,,
2026-02-22,FMDBL,,779,768,774,,,19011,14661804.4,143,,
2026-02-22,FOWAD,,1055,1037,1038,,,2302,2397964.5,65,,
2026-02-22,GBIME,,225,220.6,221.3,,,132847,29519287.4,524,,
2026-02-22,GBLBS,,767.8,748.2,752,,,4438,3339873.5,71,,
2026-02-22,GCIL,,412,407.1,408.6,,,15988,6533611.1,211,,
2026-02-22,GFCL,,638,620,621,,,14536,9112694.1,115,,
2026-02-22,GHL,,244.8,231,231.3,,,115586,26906872.6,366,,
2026-02-22,GILB,,1125,1106,1108,,,565,629328,18,,
2026-02-22,GLBSL,,1890.1,1875,1889.8,,,1490,2806219.1,39,,
2026-02-22,GLH,,264,257,257,,,74809,19436171.5,295,,
2026-02-22,GMFBS,,1487.1,1385.1,1455,,,1002,1410924.6,28,,
2026-02-22,GMFIL,,457.9,448,456.9,,,10058,4555586.5,57,,
2026-02-22,GMLI,,1739,1701.9,1705,,,1756,3003271.9,82,,
2026-02-22,GUFL,,541.3,530,531,,,17403,9290553,152,,
2026-02-22,GVL,,489,479.1,480,,,41135,19801031.1,263,,
2026-02-22,HATHY,,903,888,891.9,,,10927,9744714.6,188,,
2026-02-22,HBL,,189,185.5,186.9,,,60032,11209107.5,915,,
2026-02-22,HDHPC,,198,191.2,192,,,183989,35465277.5,616,,
2026-02-22,HDL,,1144.5,1128,1135,,,80601,91453752.8,765,,
2026-02-22,HHL,,337,324.5,331,,,81810,26924274.6,338,,
2026-02-22,HIDCL,,260,254.6,255,,,133171,34164306.1,448,,
2026-02-22,HIMSTAR,,940,903.6,905,,,12777,11755137.1,225,,
2026-02-22,HLBSL,,911.5,900.5,911,,,1674,1510640,22,,
2026-02-22,HLI,,365,359,361,,,71552,25800965.3,440,,
2026-02-22,HPPL,,465,459,460,,,63676,29318087.4,243,,
2026-02-22,HRL,,837,827,827.9,,,105641,87681609.5,1065,,
2026-02-22,HURJA,,264,251,252,,,231914,59271702,662,,
2026-02-22,ICFC,,650.9,625,625,,,18672,11773389.8,125,,
2026-02-22,IHL,,522.2,496,520,,,37292,19148376.3,277,,
2026-02-22,ILBS,,940,920.3,938,,,4181,3866015.7,39,,
2026-02-22,ILI,,442.6,431,433.1,,,12131,5256937.7,302,,
2026-02-22,JBLB,,1313.9,1295.1,1300,,,21464,27919260.7,301,,
2026-02-22,JFL,,424,417,419.3,,,11892,4981055.9,88,,
2026-02-22,JHAPA,,1372,1300,1324,,,4374,5782190.5,135,,
2026-02-22,JOSHI,,295.1,283,287,,,75383,21631089.2,407,,
2026-02-22,JSLBB,,1124,1111.2,1111.2,,,440,491843.4,19,,
2026-02-22,KBL,,184.5,179.4,182,,,182914,33319375.6,550,,
2026-02-22,KBSH,,1695,1633,1695,,,460,754499,14,,
2026-02-22,KDL,,910,864.1,864.1,,,3744,3256782,114,,
2026-02-22,KKHC,,290,273.6,274,,,164750,45816086.6,734,,
2026-02-22,KMCDB,,958.1,893,958.1,,,4633,4226308.6,50,,
2026-02-22,KPCL,,522,514,517,,,30848,15948872,162,,
2026-02-22,LEC,,216,210,214,,,231771,49279281.7,663,,
2026-02-22,LICN,,826.1,805,816,,,20009,16310501.1,148,,
2026-02-22,LLBS,,934.5,920,920,,,1479,1363891,20,,
2026-02-22,LSL,,209,203.5,204.5,,,65136,13298483.3,192,,
2026-02-22,MABEL,,760,722,730,,,22696,16571240.9,364,,
2026-02-22,MAKAR,,544.9,532,542.5,,,13401,7284820.9,55,,
2026-02-22,MANDU,,810,798,798.1,,,1092,874525.8,62,,
2026-02-22,MATRI,,955,950,950,,,643,611451.7,18,,
2026-02-22,MBJC,,295,283,283.1,,,88915,25420316.6,522,,
2026-02-22,MBL,,227.9,223.7,224.9,,,70361,15818848.7,143,,
2026-02-22,MCHL,,418,395.2,404,,,10159,4097001.2,134,,
2026-02-22,MEHL,,455,442.1,444.7,,,17282,7733168.8,149,,
2026-02-22,MEL,,285,275,282,,,32675,9127012.2,264,,
2026-02-22,MEN,,579,569.7,570.2,,,52333,29870706.1,228,,
2026-02-22,MERO,,730,707,711,,,4129,2945335.1,54,,
2026-02-22,MFIL,,795,740.3,780,,,163227,124835104,516,,
2026-02-22,MHCL,,382.1,364,364,,,16715,6188993.6,147,,
2026-02-22,MHL,,539,517,517,,,24340,12766899.5,183,,
2026-02-22,MHNL,,265,255,256,,,29101,7528224.9,119,,
2026-02-22,MKCL,,1365,1335,1345,,,5592,7550841.1,95,,
2026-02-22,MKHC,,323.3,313,317,,,40902,12946991.6,261,,
2026-02-22,MKHL,,798,770,798,,,385,303781,35,,
2026-02-22,MKJC,,529,519.1,527,,,33270,17375534.5,148,,
2026-02-22,MLBBL,,1316,1291,1309.9,,,2932,3807800.2,57,,
2026-02-22,MLBS,,1430,1410,1417,,,441,625834,14,,
2026-02-22,MLBSL,,1875,1841.2,1850,,,218,404795.1,13,,
2026-02-22,MMKJL,,591.6,568,568,,,8354,4774531.4,84,,
2026-02-22,MPFL,,623,588,623,,,20461,12199144.3,147,,
2026-02-22,MSHL,,820,795,795.1,,,1363,1098078.2,31,,
2026-02-22,MSLB,,1280,1264.2,1280,,,1529,1939512,45,,
2026-02-22,NABIL,,497.8,490,495,,,43286,21371862.2,470,,
2026-02-22,NADEP,,778,739,754,,,2981,2210462.8,33,,
2026-02-22,NBL,,243.8,237,241,,,52722,12695170.7,223,,
2026-02-22,NESDO,,1529,1495,1500,,,1459,2194774.6,33,,
2026-02-22,NFS,,628,617,619.3,,,18797,11666515.9,164,,
2026-02-22,NGPL,,425.1,415,416.9,,,463187,194179607.5,953,,
2026-02-22,NHDL,,644,635,635,,,8882,5649410.6,84,,
2026-02-22,NHPC,,220,211,212,,,297291,63834806.6,753,,
2026-02-22,NICA,,327.5,320.4,321,,,34856,11214035.4,230,,
2026-02-22,NICLBSL,,554,546.2,546.5,,,8031,4399906.6,129,,
2026-02-22,NIFRA,,260.8,256,256.3,,,107462,27709240.2,578,,
2026-02-22,NIMB,,188,185.5,186,,,231146,43090148.6,434,,
2026-02-22,NLIC,,753,740.4,748.7,,,31189,23198865.2,273,,
2026-02-22,NLICL,,570,560.2,565,,,12162,6859836.1,99,,
2026-02-22,NLO,,269.4,269.4,269.4,,,0,0,0,,
2026-02-22,NMB,,235,232.1,234,,,25804,6025004.2,124,,
2026-02-22,NMBMF,,651.8,647.1,648,,,5243,3402079.9,37,,
2026-02-22,NMFBS,,1125,1100,1123,,,2286,2551059,41,,
2026-02-22,NMLBBL,,611.9,600,609.9,,,20757,12564179.8,182,,
2026-02-22,NRIC,,1242,1215,1225,,,66329,81003224.6,392,,
2026-02-22,NRM,,420,415,420,,,9784,4085002,151,,
2026-02-22,NRN,,1525,1472,1474.2,,,64255,95651604.8,461,,
2026-02-22,NTC,,850,845,845.2,,,10506,8892546.9,191,,
2026-02-22,NUBL,,688,680,683,,,4758,3243745.3,54,,
2026-02-22,NWCL,,862,844,855,,,3411,2907463,73,,
2026-02-22,NYADI,,400,391.1,395,,,5086,2008766.5,86,,
2026-02-22,OHL,,721.9,695,704.9,,,4545,3222598,33,,
2026-02-22,OMPL,,1300,1257,1260,,,9304,11766588.5,239,,
2026-02-22,PCBL,,232,230,230.8,,,41796,9642799.6,160,,
2026-02-22,PFL,,375,365.1,367,,,16641,6121389.2,122,,
2026-02-22,PHCL,,293,281,283,,,136235,38865987.7,652,,
2026-02-22,PMHPL,,345,333.5,334,,,48971,16573564.6,182,,
2026-02-22,PMLI,,482,475,475,,,18732,8980652.2,190,,
2026-02-22,PPCL,,370.1,365.2,366.1,,,37449,13737039.1,89,,
2026-02-22,PPL,,401.9,382.2,383,,,224994,88018302,646,,
2026-02-22,PROFL,,453,445.1,447,,,9353,4194540.9,64,,
2026-02-22,PRVU,,184,180.9,182,,,84479,15334349.3,432,,
2026-02-22,PURE,,965,924.1,934.9,,,28259,26515791.6,208,,
2026-02-22,RADHI,,845,827.5,840,,,215666,179869126,612,,
2026-02-22,RAWA,,723.1,694.9,704,,,2379,1662584,38,,
2026-02-22,RFPL,,401,388,388.3,,,102655,40217802.6,487,,
2026-02-22,RHGCL,,275,261.1,263,,,70911,18968887.9,303,,
2026-02-22,RHPL,,290,280.1,282,,,72104,20454042.6,335,,
2026-02-22,RIDI,,328,295,297,,,1213582,376027758.1,2467,,
2026-02-22,RLFL,,455.9,435,436.3,,,12343,5422292.2,132,,
2026-02-22,RNLI,,462,448.1,450,,,19072,8577506.4,371,,
2026-02-22,RSDC,,653,630,634.4,,,8638,5486311.3,83,,
2026-02-22,RSML,,395.3,358.2,395.3,,,60,22590,6,,
2026-02-22,RURU,,654,645,649,,,7259,4702516.4,90,,
2026-02-22,SAGAR,,1975,1851,1852,,,26386,49765868.9,418,,
2026-02-22,SAHAS,,560,552.6,553,,,89700,49716769.6,623,,
2026-02-22,SAIL,,1450,1315,1335,,,67995,91372229,1161,,
2026-02-22,SANIMA,,337,328,330,,,135094,44967819.4,311,,
2026-02-22,SANVI,,832,790.1,790.1,,,31792,25681224.9,491,,
2026-02-22,SARBTM,,863.9,851,855.8,,,21478,18435041.5,105,,
2026-02-22,SBI,,400,396.9,400,,,11374,4523350.1,45,,
2026-02-22,SBL,,378.4,368.5,373.4,,,123587,45777271,169,,
2026-02-22,SCB,,653.6,630,637,,,16872,10713677,115,,
2026-02-22,SGHC,,389,380,381,,,33026,12625928,196,,
2026-02-22,SHEL,,301.9,291.1,293.9,,,312096,92253424.3,935,,
2026-02-22,SHIVM,,607,598,601.9,,,150106,90186263.9,789,,
2026-02-22,SHL,,492,485,487.1,,,31530,15394484.9,91,,
2026-02-22,SHLB,,1644,1551,1558,,,260,406435,17,,
2026-02-22,SHPC,,532.1,521.8,530,,,92088,48485095,320,,
2026-02-22,SIFC,,584,572.2,573.1,,,40506,23279330.8,66,,
2026-02-22,SIKLES,,604,588,589,,,6760,4010216,100,,
2026-02-22,SJCL,,301,291.2,296,,,14569,4285631.1,144,,
2026-02-22,SJLIC,,434,427,429,,,13996,6006293.4,153,,
2026-02-22,SKBBL,,766,752,756,,,16023,12154873.9,157,,
2026-02-22,SLBBL,,813.9,800,813.9,,,5824,4695383.9,70,,
2026-02-22,SLBSL,,1319,1285,1290,,,769,998403.5,22,,
2026-02-22,SMATA,,780,772.1,772.2,,,5450,4217155.5,77,,
2026-02-22,SMB,,1835,1806,1835,,,947,1718468,30,,
2026-02-22,SMFBS,,1725,1600,1639.9,,,1565,2572717,40,,
2026-02-22,SMH,,716.5,689,699.9,,,118791,82965591.7,874,,
2026-02-22,SMHL,,474,443.1,463.5,,,168919,77039325.7,1138,,
2026-02-22,SMJC,,485.1,478.5,479,,,11095,5337220.2,147,,
2026-02-22,SMPDA,,866.9,852,863.7,,,3858,3307167.4,75,,
2026-02-22,SNLI,,452,447.1,448,,,25826,11579963.9,340,,
2026-02-22,SONA,,425,418,418.2,,,26780,11232189.6,352,,
2026-02-22,SPC,,494,484,486,,,12832,6273496.7,91,,
2026-02-22,SPDL,,400,394,400,,,93167,36896550.2,246,,
2026-02-22,SPHL,,538,530,530.1,,,7460,3975061.1,71,,
2026-02-22,SPL,,768,725.1,739,,,11734,8624360.4,140,,
2026-02-22,SRLI,,388,383.2,384,,,39461,15161969.6,264,,
2026-02-22,SSHL,,188,180,181.4,,,201934,36725976.2,782,,
2026-02-22,STC,,5594,5465.2,5594,,,985,5437497,32,,
2026-02-22,SWASTIK,,2790,2749,2751,,,1686,4646758.2,91,,
2026-02-22,SWBBL,,740.9,725,725.2,,,6218,4530502.6,91,,
2026-02-22,SWMF,,660,655,656,,,1641,1077340.7,22,,
2026-02-22,SYPNL,,1938,1818,1822,,,170423,317780938.7,3651,,
2026-02-22,TAMOR,,425,411,413.1,,,18372,7624906.8,210,,
2026-02-22,TPC,,399.8,377,383,,,243250,94482292.4,688,,
2026-02-22,TRH,,757.8,740,747.9,,,1834,1366621.4,29,,
2026-02-22,TSHL,,774,711,728.3,,,2741,2047999.7,64,,
2026-02-22,TTL,,895,850,858,,,50905,44135928.4,814,,
2026-02-22,TVCL,,680,636.1,667,,,243601,161903038.1,680,,
2026-02-22,UHEWA,,557,547,550,,,11506,6333020.2,97,,
2026-02-22,ULBSL,,3187,3127,3187,,,744,2332669,40,,
2026-02-22,ULHC,,527,500,502,,,20657,10616822.3,188,,
2026-02-22,UMHL,,620.9,605,614,,,101038,61734175.8,286,,
2026-02-22,UMRH,,545,537,542.5,,,10283,5555635.6,88,,
2026-02-22,UNHPL,,482.9,474,474,,,168835,80686409.9,500,,
2026-02-22,UNL,,46200,46200,46200,,,50,2310000,1,,
2026-02-22,UNLB,,1880,1823,1830,,,135,248420,10,,
2026-02-22,UPCL,,371.7,361,364.9,,,163477,59903296.1,432,,
2026-02-22,UPPER,,186,181.1,182,,,112000,20474024.8,607,,
2026-02-22,USHEC,,469,455,457.1,,,15008,6866447.3,152,,
2026-02-22,USHL,,739,708.2,723,,,5213,3738569.5,57,,
2026-02-22,USLB,,1430,1405,1425,,,5200,7363057.4,122,,
2026-02-22,VLBS,,769.9,750,763.5,,,2467,1871125.1,43,,
2026-02-22,VLUCL,,571.9,551,564,,,7592,4223112.5,103,,
2026-02-23,ACLBSL,,994.9,957,979.9,,,1479,1438163.3,25,,
2026-02-23,ADBL,,295,291,292.5,,,26805,7814199.4,183,,
2026-02-23,AHL,,520,505,509.9,,,4952,2523812.7,74,,
2026-02-23,AHPC,,274,268,269.3,,,220668,59659277.3,670,,
2026-02-23,AKJCL,,352.8,335,343,,,1047593,360293556.6,1826,,
2026-02-23,AKPL,,261.9,254,256,,,116004,29762143.9,439,,
2026-02-23,ALBSL,,1079.8,1045.1,1058.3,,,7045,7421665.9,155,,
2026-02-23,ALICL,,440,435.2,436.2,,,25577,11172608.3,158,,
2026-02-23,ANLB,,6315,6125,6300,,,573,3558092,29,,
2026-02-23,API,,297.8,290.4,297.8,,,173416,50921171,484,,
2026-02-23,AVYAN,,967,936.2,951,,,2670,2553789.2,40,,
2026-02-23,BANDIPUR,,902,862.8,875,,,65484,57524638.3,1228,,
2026-02-23,BARUN,,344.7,336.4,338.9,,,99661,33947264.7,317,,
2026-02-23,BBC,,4739,4600,4600,,,812,3763281.6,58,,
2026-02-23,BEDC,,535.5,507.1,514.9,,,6660,3433950.6,92,,
2026-02-23,BFC,,461.9,454,457,,,18677,8523256.5,108,,
2026-02-23,BGWT,,761,742,743.5,,,1750,1313131,33,,
2026-02-23,BHCL,,566,557,564.9,,,30371,17043548.9,496,,
2026-02-23,BHDC,,478.8,463,466.2,,,25896,12160442.7,172,,
2026-02-23,BHL,,199,193.3,195,,,119792,23511003.3,519,,
2026-02-23,BHPL,,555,539,555,,,12182,6693740,118,,
2026-02-23,BNHC,,350,335,339.9,,,18697,6405566,218,,
2026-02-23,BNL,,15498,14635.8,15498,,,250,3734827,16,,
2026-02-23,BNT,,11650,11520,11650,,,210,2438532,15,,
2026-02-23,BPCL,,708.9,696,699,,,49306,34550323.1,185,,
2026-02-23,BUNGAL,,639,620,624,,,12090,7549991.7,312,,
2026-02-23,CBBL,,925,904,918,,,20245,18518080.7,222,,
2026-02-23,CFCL,,543,524,527,,,15131,8018570,90,,
2026-02-23,CGH,,827.5,810,815,,,18122,14737003.2,146,,
2026-02-23,CHCL,,465,458.2,460.9,,,20552,9476852.6,163,,
2026-02-23,CHDC,,2560,2469,2535,,,75439,189594462.5,719,,
2026-02-23,CHL,,276.6,268,269,,,36299,9830323.7,160,,
2026-02-23,CIT,,1750,1740,1741.5,,,4859,8474064.4,125,,
2026-02-23,CITY,,473,466,468,,,6953,3263862.3,66,,
2026-02-23,CKHL,,717,661.3,674.2,,,23501,15896961.9,62,,
2026-02-23,CLI,,457,447,455,,,12983,5885597.4,250,,
2026-02-23,CREST,,1348,1300,1320,,,14383,18957686.4,220,,
2026-02-23,CYCL,,1589,1532.8,1564,,,1723,2676677.6,54,,
2026-02-23,CZBIL,,188.7,186,188.7,,,34823,6514366.4,129,,
2026-02-23,DDBL,,835,830,831.9,,,4831,4014175.1,69,,
2026-02-23,DHEL,,693,665,680,,,36742,24766642,521,,
2026-02-23,DHPL,,300,293,294,,,9291,2749387,66,,
2026-02-23,DLBS,,1300,1265,1300,,,482,622461,21,,
2026-02-23,DOLTI,,528,493,507,,,4209,2108758.8,65,,
2026-02-23,DORDI,,273,265.2,267,,,78307,21035824.7,272,,
2026-02-23,EBL,,668,664,664.5,,,18319,12185048.5,162,,
2026-02-23,EHPL,,408.9,400,405,,,35058,14128159.2,185,,
2026-02-23,ENL,,908,890.3,900,,,1102,989904,23,,
2026-02-23,FMDBL,,781,768.4,776.4,,,24081,18741561,87,,
2026-02-23,FOWAD,,1045,1030,1045,,,3108,3212774.3,86,,
2026-02-23,GBIME,,224,220.5,221.1,,,115620,25581988.1,404,,
2026-02-23,GBLBS,,767,740,742,,,8577,6396433.2,158,,
2026-02-23,GCIL,,411,405,407,,,9682,3953969.7,170,,
2026-02-23,GFCL,,640,616,625.1,,,14768,9240313.2,90,,
2026-02-23,GHL,,235,226.5,227,,,89725,20602222.6,292,,
2026-02-23,GILB,,1108,1100,1101,,,1034,1139284.3,29,,
2026-02-23,GLBSL,,1881.1,1876,1876.1,,,1675,3147525,10,,
2026-02-23,GLH,,261,254,256.5,,,55394,14214764.8,261,,
2026-02-23,GMFBS,,1445,1398,1433,,,222,313502,12,,
2026-02-23,GMFIL,,464.9,452.2,457,,,4195,1921657.5,38,,
2026-02-23,GMLI,,1720,1700,1715,,,1300,2217221.1,67,,
2026-02-23,GUFL,,554.9,528.5,536.1,,,6175,3329152.5,65,,
2026-02-23,GVL,,484.9,479.1,479.4,,,39517,18989114.4,221,,
2026-02-23,HATHY,,893,885,887,,,9733,8645095,147,,
2026-02-23,HBL,,187.5,184.4,186,,,44160,8225784.9,706,,
2026-02-23,HDHPC,,195,190,191.1,,,142513,27382652.8,472,,
2026-02-23,HDL,,1141,1131,1133.1,,,27013,30653874.6,405,,
2026-02-23,HHL,,334,326.1,328,,,18208,5982723.4,159,,
2026-02-23,HIDCL,,260,255,256.9,,,72501,18689194.7,258,,
2026-02-23,HIMSTAR,,969,886.9,958.9,,,27929,26145451.9,426,,
2026-02-23,HLBSL,,919.9,893,904,,,2051,1863456.9,17,,
2026-02-23,HLI,,362,358,358.9,,,38914,13981760.7,312,,
2026-02-23,HPPL,,464.5,458.5,459.9,,,37482,17277750.6,179,,
2026-02-23,HRL,,832,825.1,827,,,61825,51215318.4,747,,
2026-02-23,HURJA,,256.8,245,247.8,,,166121,41231424.5,529,,
2026-02-23,ICFC,,638,620.4,630.6,,,10469,6611174.4,88,,
2026-02-23,IHL,,530.4,512,515,,,2319,1195615.8,39,,
2026-02-23,ILBS,,945,915,924.9,,,6025,5539982.5,54,,
2026-02-23,ILI,,437,430.2,433.1,,,9557,4144488.6,255,,
2026-02-23,JBLB,,1313,1294,1299.2,,,6142,7989535.9,117,,
2026-02-23,JFL,,422,411,411,,,18494,7680790.1,123,,
2026-02-23,JHAPA,,1325,1300,1305,,,5144,6709189.3,145,,
2026-02-23,JOSHI,,291.9,282,288.4,,,41037,11827877.5,190,,
2026-02-23,JSLBB,,1115,1103.5,1107.5,,,746,827979.5,10,,
2026-02-23,KBL,,183,178.4,182.3,,,149398,27159762.5,424,,
2026-02-23,KBSH,,1700,1690,1690,,,20,33900,2,,
2026-02-23,KDL,,875,854,873,,,1562,1352212.9,71,,
2026-02-23,KKHC,,282,267.5,269.1,,,176481,48355378.5,687,,
2026-02-23,KMCDB,,939,915.2,920,,,3386,3119465.9,58,,
2026-02-23,KPCL,,519.9,512,514.8,,,16422,8442469,114,,
2026-02-23,LEC,,219.3,210.3,213,,,192169,40986460,536,,
2026-02-23,LICN,,822,805.1,815,,,11175,9073352.1,93,,
2026-02-23,LLBS,,920,912,919,,,302,276461,14,,
2026-02-23,LSL,,206.8,203.1,204,,,18925,3859729.6,120,,
2026-02-23,MABEL,,740,716,740,,,15519,11257835.7,311,,
2026-02-23,MAKAR,,540,533,533,,,4029,2154760.4,52,,
2026-02-23,MANDU,,804.9,791,800,,,2193,1751629.8,60,,
2026-02-23,MATRI,,955.5,940,947.2,,,286,270921.4,18,,
2026-02-23,MBJC,,286.5,280,282.5,,,41478,11764116.9,322,,
2026-02-23,MBL,,227,222.4,226.9,,,86388,19397572.8,125,,
2026-02-23,MCHL,,418,392,408,,,11602,4658100.9,100,,
2026-02-23,MEHL,,450.9,431,437.9,,,13788,6011149,107,,
2026-02-23,MEL,,284,276.5,281.9,,,12221,3409085.9,159,,
2026-02-23,MEN,,575.5,570.2,574.5,,,31816,18195531.5,171,,
2026-02-23,MERO,,724,709.6,714,,,3596,2574530.5,33,,
2026-02-23,MFIL,,795,764.4,794,,,158083,124823585.1,512,,
2026-02-23,MHCL,,365,345,347.9,,,33323,11771952.8,207,,
2026-02-23,MHL,,523,506.7,513.2,,,11619,6012126.3,116,,
2026-02-23,MHNL,,261,252.1,255.9,,,22323,5692464.8,119,,
2026-02-23,MKCL,,1353,1341,1345.5,,,1493,2009682.2,41,,
2026-02-23,MKHC,,318,311,312.1,,,27795,8725520.4,172,,
2026-02-23,MKHL,,790,767,770,,,26227,20362912.4,60,,
2026-02-23,MKJC,,530,517,525,,,26132,13674190.6,145,,
2026-02-23,MLBBL,,1315.6,1300,1300,,,1401,1825771.9,31,,
2026-02-23,MLBS,,1435,1425,1435,,,351,501955,9,,
2026-02-23,MLBSL,,1860,1830,1852.9,,,726,1337363.5,22,,
2026-02-23,MMKJL,,569,552.1,560,,,9000,5017597,101,,
2026-02-23,MPFL,,620,602.7,614,,,11720,7184658.1,72,,
2026-02-23,MSHL,,805,785.1,796.9,,,1672,1320125,38,,
2026-02-23,MSLB,,1300,1262.4,1288.2,,,1226,1558725.5,44,,
2026-02-23,NABIL,,498.6,493,495.4,,,57825,28657902.8,460,,
2026-02-23,NADEP,,768.9,739.1,748,,,1044,778607.5,24,,
2026-02-23,NBL,,243,238,241.8,,,44369,10685615,151,,
2026-02-23,NESDO,,1505,1490,1500,,,1507,2259874.8,31,,
2026-02-23,NFS,,625,618,622.9,,,11651,7240469,126,,
2026-02-23,NGPL,,422,415,416.4,,,401739,167523470.6,751,,
2026-02-23,NHDL,,639,630.2,632,,,3473,2197957.7,33,,
2026-02-23,NHPC,,218.8,210.2,212.2,,,215340,45906088.3,543,,
2026-02-23,NICA,,324.5,320,322,,,53331,17153651.6,265,,
2026-02-23,NICLBSL,,569.9,542.1,549.9,,,8349,4604388.7,122,,
2026-02-23,NIFRA,,260,251.2,257.9,,,60854,15662860.5,499,,
2026-02-23,NIMB,,187,184.5,185,,,212186,39309626.6,399,,
2026-02-23,NLIC,,756,741,753,,,25230,18885416.2,271,,
2026-02-23,NLICL,,577.8,557.2,569,,,5606,3197434.9,53,,
2026-02-23,NLO,,269.4,269.4,269.4,,,0,0,0,,
2026-02-23,NMB,,235,232.4,233,,,43924,10246388.8,125,,
2026-02-23,NMBMF,,655,646,646,,,2017,1311779.5,24,,
2026-02-23,NMFBS,,1126,1116.2,1122.2,,,1639,1839083.2,34,,
2026-02-23,NMLBBL,,614.5,605,610,,,5665,3451575.2,68,,
2026-02-23,NRIC,,1230,1210,1217.5,,,44202,53775091.6,337,,
2026-02-23,NRM,,421.9,416.2,418,,,11703,4888951.9,171,,
2026-02-23,NRN,,1509,1444.8,1478.8,,,24910,36584133,255,,
2026-02-23,NTC,,859,845,855,,,10926,9273794.3,170,,
2026-02-23,NUBL,,690.9,680.1,685,,,4174,2865317,38,,
2026-02-23,NWCL,,853.5,840,840,,,3480,2938360.1,48,,
2026-02-23,NYADI,,399,390,390,,,7573,2967200,100,,
2026-02-23,OHL,,712.9,691.5,706,,,4862,3446212.9,26,,
2026-02-23,OMPL,,1279.6,1245.1,1257,,,6753,8487779.9,170,,
2026-02-23,PCBL,,232.1,230,230.5,,,26446,6094276,119,,
2026-02-23,PFL,,374,368,371,,,10026,3712081,87,,
2026-02-23,PHCL,,288.6,281,281,,,85951,24376035.8,436,,
2026-02-23,PMHPL,,340,332.2,338,,,28505,9581928.2,101,,
2026-02-23,PMLI,,481,472.7,475.2,,,6358,3022251,138,,
2026-02-23,PPCL,,369.9,363.1,364.5,,,16971,6204532.5,75,,
2026-02-23,PPL,,387.8,374,380.1,,,112190,42416520.1,431,,
2026-02-23,PROFL,,455.9,447,450,,,6520,2926291.2,59,,
2026-02-23,PRVU,,183,180.9,181.5,,,106213,19277475.2,321,,
2026-02-23,PURE,,942,915.1,934,,,19538,18106931.2,240,,
2026-02-23,RADHI,,850.1,835,847.9,,,176577,149145562.9,534,,
2026-02-23,RAWA,,718,692.1,709.9,,,1220,863145,22,,
2026-02-23,RFPL,,395,379.6,380,,,83672,32131318.4,433,,
2026-02-23,RHGCL,,273,261,263.1,,,31525,8392977.3,201,,
2026-02-23,RHPL,,289,277,279,,,92412,26047274.9,317,,
2026-02-23,RIDI,,309.8,281,289,,,1091227,321953408.8,2416,,
2026-02-23,RLFL,,447,434,446.8,,,9802,4305885.8,83,,
2026-02-23,RNLI,,459,447.2,448.7,,,16905,7602987.5,298,,
2026-02-23,RSDC,,645,634.4,635.1,,,3761,2393309.6,42,,
2026-02-23,RSML,,432,391.5,432,,,60,24689,6,,
2026-02-23,RURU,,658.8,649,649,,,2899,1885584.1,38,,
2026-02-23,SAGAR,,1888,1810,1819.9,,,14267,26170737.9,345,,
2026-02-23,SAHAS,,556,551,554,,,67425,37359067.5,564,,
2026-02-23,SAIL,,1355,1280,1315.8,,,73776,96718232,1180,,
2026-02-23,SANIMA,,334,329,331.5,,,69397,22969460.9,198,,
2026-02-23,SANVI,,812,775.2,779,,,33909,26733521.7,389,,
2026-02-23,SARBTM,,865,851,864.4,,,8594,7369836.9,73,,
2026-02-23,SBI,,424,392,424,,,19017,7614133.9,87,,
2026-02-23,SBL,,375.1,367.6,373.7,,,21730,8097438.5,93,,
2026-02-23,SCB,,641,634.1,640,,,18763,11984675.2,140,,
2026-02-23,SGHC,,388.6,375,377.2,,,31341,11896017.7,131,,
2026-02-23,SHEL,,297,290,294,,,196861,57857662.4,507,,
2026-02-23,SHIVM,,607.9,598,605,,,94814,57096518.6,487,,
2026-02-23,SHL,,489.5,483,486.3,,,31198,15211406.6,127,,
2026-02-23,SHLB,,1570,1546,1546,,,966,1496608.8,24,,
2026-02-23,SHPC,,534.7,524.1,525.1,,,64147,33888071.1,239,,
2026-02-23,SIFC,,591.6,576.1,581.6,,,15328,8943303.8,101,,
2026-02-23,SIKLES,,603.9,590,603.7,,,9269,5540665.3,78,,
2026-02-23,SJCL,,301,290.5,291.2,,,13370,3926912,118,,
2026-02-23,SJLIC,,429,425.1,428.9,,,22422,9579408.6,190,,
2026-02-23,SKBBL,,763,755.1,756,,,9440,7154583.3,90,,
2026-02-23,SLBBL,,828.8,805.5,810,,,2227,1803507.4,39,,
2026-02-23,SLBSL,,1301.9,1280,1300,,,296,379774.1,18,,
2026-02-23,SMATA,,780,769,770.3,,,4195,3239054.2,72,,
2026-02-23,SMB,,1947,1804,1947,,,2772,5091237.4,56,,
2026-02-23,SMFBS,,1640.8,1600,1608,,,120,193875.6,10,,
2026-02-23,SMH,,711,698.5,699,,,94675,66440426.7,513,,
2026-02-23,SMHL,,465,451,451.1,,,190995,87267419.8,710,,
2026-02-23,SMJC,,510,472,475.1,,,23623,11571358.5,141,,
2026-02-23,SMPDA,,868,860,862.3,,,3816,3286521.3,68,,
2026-02-23,SNLI,,450,444,444,,,26744,11917555.6,358,,
2026-02-23,SONA,,426.5,415.2,416.1,,,21473,8973416.9,281,,
2026-02-23,SPC,,495,477.1,480.9,,,12641,6086825.6,103,,
2026-02-23,SPDL,,408,392.3,408,,,83486,33301127.1,202,,
2026-02-23,SPHL,,540,525,533.8,,,3383,1800539.8,44,,
2026-02-23,SPL,,735,715,715.6,,,8795,6349067.1,61,,
2026-02-23,SRLI,,389,383.3,385.1,,,21812,8406802.4,201,,
2026-02-23,SSHL,,183.8,178.7,180.5,,,246664,44711168.8,690,,
2026-02-23,STC,,5700,5475,5575,,,5730,31957299,58,,
2026-02-23,SWASTIK,,2770,2730.1,2770,,,2289,6285053.2,76,,
2026-02-23,SWBBL,,730,722,725.4,,,5593,4053196.9,54,,
2026-02-23,SWMF,,660,646.6,660,,,679,445050.1,22,,
2026-02-23,SYPNL,,1887,1762,1770,,,159678,287886070,3247,,
2026-02-23,TAMOR,,417,411,413,,,19663,8120112.5,181,,
2026-02-23,TPC,,396.7,371,375,,,137028,52036973,524,,
2026-02-23,TRH,,745,733,740,,,4178,3089730,23,,
2026-02-23,TSHL,,742,716,728,,,3698,2682621.6,39,,
2026-02-23,TTL,,869.9,846,846.2,,,33099,28359564.7,553,,
2026-02-23,TVCL,,675.4,651,665,,,57589,38157572.3,299,,
2026-02-23,UHEWA,,557,545,551,,,4558,2514718.5,59,,
2026-02-23,ULBSL,,3185,3108.9,3165,,,590,1840795.2,29,,
2026-02-23,ULHC,,516,501.2,503.2,,,13761,6945260.5,124,,
2026-02-23,UMHL,,620,610.6,616,,,34516,21214390.8,180,,
2026-02-23,UMRH,,545,538,538.5,,,4688,2531101.4,43,,
2026-02-23,UNHPL,,483.4,472,480,,,68540,32836274.9,274,,
2026-02-23,UNL,,46115,46115,46115,,,10,461150,1,,
2026-02-23,UNLB,,1833,1820,1829.9,,,535,976722,26,,
2026-02-23,UPCL,,369,362,364,,,77874,28373790.3,243,,
2026-02-23,UPPER,,183.9,179.1,182,,,99553,18113576.6,451,,
2026-02-23,USHEC,,478.9,452,464,,,14400,6706916.2,113,,
2026-02-23,USHL,,722.7,699.1,710,,,11294,8020787.2,65,,
2026-02-23,USLB,,1448,1410,1422,,,1141,1625257,29,,
2026-02-23,VLBS,,770,755,755,,,1078,815979,38,,
2026-02-23,VLUCL,,560,553,556,,,4034,2237675.5,91,,
2026-02-24,ACLBSL,,1050,945,978,,,4144,4045821.5,62,,
2026-02-24,ADBL,,297.8,291,293,,,18006,5270482.3,166,,
2026-02-24,AHL,,520,505,508,,,3775,1915982.2,61,,
2026-02-24,AHPC,,272.3,269,272,,,130188,35224571.2,398,,
2026-02-24,AKJCL,,366,341,365,,,697148,246953631.9,1328,,
2026-02-24,AKPL,,261,256.1,259.9,,,83838,21675315.6,299,,
2026-02-24,ALBSL,,1080,1042.2,1070,,,10756,11455639.15,171,,
2026-02-24,ALICL,,441,435,439,,,29169,12751844.6,150,,
2026-02-24,ANLB,,6345,6250,6320,,,644,4053285.8,55,,
2026-02-24,API,,299,291.9,297,,,116135,34478375.2,334,,
2026-02-24,AVYAN,,969.9,950,960,,,2470,2377746,47,,
2026-02-24,BANDIPUR,,948,860,948,,,73914,66967620.7,1325,,
2026-02-24,BARUN,,344,339,342.9,,,59190,20190342.7,301,,
2026-02-24,BBC,,4689,4601,4670,,,156,723673,14,,
2026-02-24,BEDC,,534,509,509,,,5807,2970400.7,81,,
2026-02-24,BFC,,464,455.2,462,,,8848,4060506.2,67,,
2026-02-24,BGWT,,760,744.5,745,,,2296,1721722,51,,
2026-02-24,BHCL,,601,562.1,590,,,41918,24132342.1,642,,
2026-02-24,BHDC,,475,466.2,470,,,14354,6736403.6,103,,
2026-02-24,BHL,,198,191.1,197.2,,,81335,16029336.9,379,,
2026-02-24,BHPL,,559,547.9,557.9,,,23629,13013520.9,144,,
2026-02-24,BNHC,,346,316.1,339,,,36931,12380020.5,309,,
2026-02-24,BNL,,15498,15498,15498,,,0,0,0,,
2026-02-24,BNT,,11700,11520.1,11700,,,61,711711,7,,
2026-02-24,BPCL,,723,695,704.9,,,35037,24604711.7,177,,
2026-02-24,BUNGAL,,647.7,616,646,,,20441,12943126.6,403,,
2026-02-24,CBBL,,932,906.2,932,,,13290,12255374,97,,
2026-02-24,CFCL,,548.2,527,535.9,,,11679,6223622.5,83,,
2026-02-24,CGH,,824,804,810.6,,,26700,21713137.1,214,,
2026-02-24,CHCL,,466,460.9,462.9,,,16692,7712056.7,130,,
2026-02-24,CHDC,,2570,2528,2531.1,,,26954,68575771.1,401,,
2026-02-24,CHL,,276.4,270,275,,,33131,9097005.7,206,,
2026-02-24,CIT,,1755,1737,1750.1,,,8589,15020595.4,128,,
2026-02-24,CITY,,473,466,472,,,3892,1827991.5,60,,
2026-02-24,CKHL,,715,662,675,,,8957,6060821,41,,
2026-02-24,CLI,,462,450,462,,,18695,8499757.3,297,,
2026-02-24,CREST,,1400,1295,1400,,,29444,39170140.8,372,,
2026-02-24,CYCL,,1581,1540,1551.1,,,1587,2470900.8,63,,
2026-02-24,CZBIL,,188.9,187,188,,,11318,2126802.2,70,,
2026-02-24,DDBL,,840,829,830,,,5269,4390894.6,58,,
2026-02-24,DHEL,,719,673.1,719,,,34247,23791550.1,588,,
2026-02-24,DHPL,,298,290.2,297.8,,,5741,1694430.4,44,,
2026-02-24,DLBS,,1305,1295,1300,,,797,1035369.7,19,,
2026-02-24,DOLTI,,517.1,503.1,505.1,,,1390,704943,32,,
2026-02-24,DORDI,,275.7,265.6,275.5,,,59064,16092978,213,,
2026-02-24,EBL,,672,664.4,667.9,,,16952,11278052.2,91,,
2026-02-24,EHPL,,410,402,406.3,,,29209,11854283.4,143,,
2026-02-24,ENL,,918,890,903,,,1450,1301874.7,38,,
2026-02-24,FMDBL,,807.9,778,798.5,,,33599,26777134.5,230,,
2026-02-24,FOWAD,,1045,1032.2,1040,,,569,591007.4,23,,
2026-02-24,GBIME,,225,221.1,224,,,67421,15063529.2,273,,
2026-02-24,GBLBS,,754.8,735,750,,,1088,810186,27,,
2026-02-24,GCIL,,412,406.4,412,,,9185,3766682.7,196,,
2026-02-24,GFCL,,634.8,622.1,633,,,9044,5685105,55,,
2026-02-24,GHL,,235.4,227,234,,,84160,19408295.3,258,,
2026-02-24,GILB,,1115,1100,1112,,,1848,2051677.8,18,,
2026-02-24,GLBSL,,1905,1838.6,1899.9,,,1637,3054260.9,39,,
2026-02-24,GLH,,266.1,256.6,264,,,77729,20287162.9,267,,
2026-02-24,GMFBS,,1433.1,1405,1433.1,,,365,518090,15,,
2026-02-24,GMFIL,,462,450,457,,,5322,2428475.9,35,,
2026-02-24,GMLI,,1725,1695.1,1707.4,,,770,1317162,42,,
2026-02-24,GUFL,,546,534.1,540,,,12449,6713226.3,83,,
2026-02-24,GVL,,484,480.1,482.1,,,12527,6037414.2,128,,
2026-02-24,HATHY,,896,887,895,,,4356,3876714.8,90,,
2026-02-24,HBL,,189,185.5,187.6,,,37752,7076288.3,668,,
2026-02-24,HDHPC,,194,190,192,,,118305,22614650.9,371,,
2026-02-24,HDL,,1140,1132,1135.4,,,30055,34168489.9,384,,
2026-02-24,HHL,,333.9,329,333,,,15630,5195514.2,95,,
2026-02-24,HIDCL,,260,256.5,259.9,,,94267,24364057.6,268,,
2026-02-24,HIMSTAR,,979.2,939.8,970.2,,,21992,21256028.1,245,,
2026-02-24,HLBSL,,915,903,915,,,2835,2573537,31,,
2026-02-24,HLI,,361,359,360,,,20106,7239346.7,230,,
2026-02-24,HPPL,,502,456.1,502,,,75407,35222901.7,259,,
2026-02-24,HRL,,835.9,827,833,,,52083,43396460.2,641,,
2026-02-24,HURJA,,255.3,243,254,,,106794,26815111,328,,
2026-02-24,ICFC,,649,631,648,,,4963,3166380.1,56,,
2026-02-24,IHL,,522.7,507.2,519,,,5884,3020402.6,67,,
2026-02-24,ILBS,,935,917,934.9,,,5610,5177390.4,54,,
2026-02-24,ILI,,437,430.4,435,,,11527,5013300.2,252,,
2026-02-24,JBLB,,1318,1296.5,1306,,,3905,5096379.6,114,,
2026-02-24,JFL,,419,411.4,418.7,,,9981,4132720.3,92,,
2026-02-24,JHAPA,,1389,1304.1,1368,,,6006,8064639.6,147,,
2026-02-24,JOSHI,,293,285,289,,,28192,8119050.2,132,,
2026-02-24,JSLBB,,1120,1100.2,1120,,,165,182257.6,8,,
2026-02-24,KBL,,184.4,180.2,183.5,,,78453,14365099.7,296,,
2026-02-24,KBSH,,1670,1656.7,1670,,,70,116766,3,,
2026-02-24,KDL,,936,860,907,,,4263,3821490.1,107,,
2026-02-24,KKHC,,286.4,265,276.9,,,208564,58094605.3,862,,
2026-02-24,KMCDB,,933,909,929.9,,,1408,1297847.8,35,,
2026-02-24,KPCL,,518,512,515.2,,,20414,10520401,109,,
2026-02-24,LEC,,216.9,212,216,,,117265,25087829.7,354,,
2026-02-24,LICN,,827,800.1,817,,,12333,10023972.2,110,,
2026-02-24,LLBS,,929.9,903,929.9,,,814,751113.5,15,,
2026-02-24,LSL,,208,203,205,,,25509,5240011.5,90,,
2026-02-24,MABEL,,765,729,755,,,14703,10927900.5,285,,
2026-02-24,MAKAR,,533,526,527.1,,,1810,956408,33,,
2026-02-24,MANDU,,812,797.1,811,,,1149,926690.5,49,,
2026-02-24,MATRI,,965,939.9,959,,,1891,1795140.2,35,,
2026-02-24,MBJC,,286,280.1,285.9,,,49337,13982717,328,,
2026-02-24,MBL,,229.5,224,228.3,,,32234,7335633.9,84,,
2026-02-24,MCHL,,415,407.1,413,,,2529,1035475.8,40,,
2026-02-24,MEHL,,446.6,430.1,436.4,,,6185,2692807.8,81,,
2026-02-24,MEL,,283.9,278,282,,,15019,4220991.2,144,,
2026-02-24,MEN,,582.9,574,579.8,,,23004,13342342.7,136,,
2026-02-24,MERO,,727,713,715,,,2054,1476185.7,35,,
2026-02-24,MFIL,,797,779,794.9,,,93510,74125234.6,337,,
2026-02-24,MHCL,,351.9,325,343,,,44637,15061696.4,300,,
2026-02-24,MHL,,524.9,505,522,,,13047,6769919.6,151,,
2026-02-24,MHNL,,260,252.1,260,,,17849,4591307.6,73,,
2026-02-24,MKCL,,1360,1341,1346.1,,,2190,2959475.5,46,,
2026-02-24,MKHC,,316,310.7,315.8,,,27116,8482337.4,162,,
2026-02-24,MKHL,,792,760,764.6,,,3510,2721248.5,56,,
2026-02-24,MKJC,,528,514.5,527.5,,,12380,6485860.3,81,,
2026-02-24,MLBBL,,1320,1302.8,1308,,,727,954083.7,19,,
2026-02-24,MLBS,,1440,1420,1430,,,615,877344.5,22,,
2026-02-24,MLBSL,,1858,1825.1,1832.1,,,654,1203581.6,28,,
2026-02-24,MMKJL,,564.8,552.1,558.3,,,4845,2703812.1,69,,
2026-02-24,MPFL,,615,602.5,614,,,3645,2216404.8,48,,
2026-02-24,MSHL,,820,787,802,,,462,372844.2,21,,
2026-02-24,MSLB,,1300,1266,1293,,,3382,4371097.8,34,,
2026-02-24,NABIL,,497.9,495,496,,,33305,16521094.8,304,,
2026-02-24,NADEP,,762.7,740,754.8,,,155,116053,12,,
2026-02-24,NBL,,245,239.2,240.4,,,34772,8405009.1,127,,
2026-02-24,NESDO,,1515,1485,1514.5,,,710,1068466.4,23,,
2026-02-24,NFS,,625.8,620,625,,,9210,5737762.9,86,,
2026-02-24,NGPL,,426,417.6,425,,,366922,154682220.9,712,,
2026-02-24,NHDL,,638,633,637,,,3593,2279345.6,52,,
2026-02-24,NHPC,,215.9,213,215,,,90498,19393803.5,270,,
2026-02-24,NICA,,326.9,321,323.7,,,24034,7762089,147,,
2026-02-24,NICLBSL,,557,546.3,553,,,7904,4383060.3,91,,
2026-02-24,NIFRA,,262,252.8,257.8,,,63962,16509111,410,,
2026-02-24,NIMB,,187,184.5,184.6,,,110756,20487328.6,325,,
2026-02-24,NLIC,,759.9,743,757,,,16770,12624723.9,168,,
2026-02-24,NLICL,,571,565.1,571,,,6222,3536641.6,44,,
2026-02-24,NLO,,269.4,269.4,269.4,,,0,0,0,,
2026-02-24,NMB,,235,232.4,234.8,,,11140,2599408.1,97,,
2026-02-24,NMBMF,,651.9,640.3,651.9,,,1540,996097.3,21,,
2026-02-24,NMFBS,,1135,1108.8,1130,,,760,853444.6,32,,
2026-02-24,NMLBBL,,615.6,609,614,,,8823,5399491.4,78,,
2026-02-24,NRIC,,1229,1215,1220,,,69551,84837325.8,310,,
2026-02-24,NRM,,420,415.6,420,,,8739,3657167,112,,
2026-02-24,NRN,,1521,1475,1504.2,,,23039,34556723.9,205,,
2026-02-24,NTC,,858.7,850,853,,,7123,6088720.2,122,,
2026-02-24,NUBL,,698.7,676,688,,,6550,4525385,40,,
2026-02-24,NWCL,,856.7,833,850,,,1291,1089817.7,47,,
2026-02-24,NYADI,,399,390,397.8,,,2544,1004817.7,67,,
2026-02-24,OHL,,704,695,704,,,1966,1379524,11,,
2026-02-24,OMPL,,1290.4,1260,1290.4,,,7770,9876570.5,184,,
2026-02-24,PCBL,,234,231,233.5,,,22631,5267535.7,81,,
2026-02-24,PFL,,376,368,370,,,6922,2560120.9,66,,
2026-02-24,PHCL,,287,280.6,286.8,,,77081,21791324.9,403,,
2026-02-24,PMHPL,,348,337.2,346,,,16237,5549137.5,82,,
2026-02-24,PMLI,,483,475.2,478,,,4538,2168550.2,109,,
2026-02-24,PPCL,,379,366.8,370,,,16035,5969617,78,,
2026-02-24,PPL,,387.7,375.2,378,,,73054,27758670.2,259,,
2026-02-24,PROFL,,459,447,450.7,,,2716,1229203.8,38,,
2026-02-24,PRVU,,183,180.5,181.5,,,105219,19076774.5,332,,
2026-02-24,PURE,,971,920,958.9,,,17734,16661138.6,235,,
2026-02-24,RADHI,,859,831,855.6,,,188890,161224193.8,495,,
2026-02-24,RAWA,,723.9,698,720,,,1910,1346347.1,33,,
2026-02-24,RFPL,,388,380,387.9,,,46712,17993932.8,274,,
2026-02-24,RHGCL,,269.8,264.6,269,,,23442,6251423,138,,
2026-02-24,RHPL,,284,280,284,,,36620,10305142.4,217,,
2026-02-24,RIDI,,300,290,297,,,389242,114643533.9,1066,,
2026-02-24,RLFL,,455.7,439,449.8,,,7781,3467128.4,66,,
2026-02-24,RNLI,,457.6,445,453.5,,,12314,5566583.4,271,,
2026-02-24,RSDC,,651,628.8,651,,,9202,5907536.3,78,,
2026-02-24,RSML,,472.2,427.9,472.2,,,60,26986,6,,
2026-02-24,RURU,,656,645.2,653,,,2926,1901820.3,38,,
2026-02-24,SAGAR,,1983,1809,1983,,,28190,53395753,426,,
2026-02-24,SAHAS,,562,552.1,557,,,137303,76550248.3,635,,
2026-02-24,SAIL,,1376,1290,1365,,,69200,92065530.2,1241,,
2026-02-24,SANIMA,,338,327,333.1,,,37561,12502148,155,,
2026-02-24,SANVI,,838,770,808,,,36291,28935549.8,420,,
2026-02-24,SARBTM,,865.9,858,863,,,12124,10432288,65,,
2026-02-24,SBI,,415.6,399.3,408.8,,,31822,12925654.9,104,,
2026-02-24,SBL,,378,370,375,,,61772,22957304.1,102,,
2026-02-24,SCB,,648,638,648,,,21552,13851424.4,160,,
2026-02-24,SGHC,,403,377.2,400,,,26003,10192614.8,251,,
2026-02-24,SHEL,,299.8,288.2,298,,,116070,34449720.2,465,,
2026-02-24,SHIVM,,612,598,611.8,,,77311,47000060.9,407,,
2026-02-24,SHL,,490,480,490,,,16284,7928767.2,82,,
2026-02-24,SHLB,,1576.9,1546,1552,,,205,320404.2,12,,
2026-02-24,SHPC,,539,528.2,535,,,100216,53609039,364,,
2026-02-24,SIFC,,604,570,574,,,14473,8473604.7,61,,
2026-02-24,SIKLES,,610,603,608,,,9881,5987953.4,78,,
2026-02-24,SJCL,,297.3,290.2,297.3,,,11256,3291091.3,113,,
2026-02-24,SJLIC,,432,426,432,,,6813,2927291.2,142,,
2026-02-24,SKBBL,,766.5,755.1,766.5,,,8318,6324331.9,79,,
2026-02-24,SLBBL,,813.8,806,813,,,2180,1769277.8,30,,
2026-02-24,SLBSL,,1305,1290,1303.9,,,561,729762.6,17,,
2026-02-24,SMATA,,776,770,771.2,,,4593,3553061.5,52,,
2026-02-24,SMB,,2024,1832.6,1998,,,3851,7304894.9,68,,
2026-02-24,SMFBS,,1669.9,1589.1,1669.9,,,995,1629240.9,24,,
2026-02-24,SMH,,727,703,710,,,135815,96216067.7,1067,,
2026-02-24,SMHL,,463,450.2,459.3,,,169517,77351430.1,499,,
2026-02-24,SMJC,,483,472,473.4,,,12177,5785131.4,157,,
2026-02-24,SMPDA,,872,855.3,866.9,,,1671,1442634.2,25,,
2026-02-24,SNLI,,453,444,449.5,,,19032,8564248.1,307,,
2026-02-24,SONA,,423,414,421,,,22141,9301511.5,299,,
2026-02-24,SPC,,498,477.3,485.3,,,15826,7783985.3,111,,
2026-02-24,SPDL,,410,399,400.3,,,87164,35162206.1,179,,
2026-02-24,SPHL,,536.4,531,536,,,2086,1114607.1,45,,
2026-02-24,SPL,,730,696.3,725,,,16316,11639735,135,,
2026-02-24,SRLI,,390,384.2,386,,,17677,6835534.1,206,,
2026-02-24,SSHL,,183.5,180.5,183.4,,,87060,15866366.4,377,,
2026-02-24,STC,,5642,5575,5640,,,2757,15459215,63,,
2026-02-24,SWASTIK,,2825.4,2760,2825.4,,,975,2724845,56,,
2026-02-24,SWBBL,,734.5,725.4,734,,,4345,3165223.4,37,,
2026-02-24,SWMF,,665,652,664.5,,,676,444424.3,23,,
2026-02-24,SYPNL,,1875,1780,1871.1,,,207908,377291320.3,3469,,
2026-02-24,TAMOR,,416,409,416,,,9512,3936707.7,123,,
2026-02-24,TPC,,388,371.6,384,,,69712,26602929.8,296,,
2026-02-24,TRH,,747,735,747,,,760,560718.1,11,,
2026-02-24,TSHL,,742.5,718.5,728,,,2135,1560446.5,48,,
2026-02-24,TTL,,895,850,887,,,39728,34479927.6,659,,
2026-02-24,TVCL,,680,650,664,,,62036,40905449.4,261,,
2026-02-24,UHEWA,,554.8,548,553,,,2889,1594825,51,,
2026-02-24,ULBSL,,3199,3050,3159,,,612,1916557.8,39,,
2026-02-24,ULHC,,550.8,500,532,,,39567,20787234.7,371,,
2026-02-24,UMHL,,625,614.1,621.9,,,51660,31952887.1,170,,
2026-02-24,UMRH,,545,538.4,543,,,8371,4520118.2,63,,
2026-02-24,UNHPL,,485.3,476,483,,,66358,31974869.3,203,,
2026-02-24,UNL,,46601,46200,46600,,,60,2780510,6,,
2026-02-24,UNLB,,1833,1820,1830,,,680,1242635,20,,
2026-02-24,UPCL,,371,364,369.1,,,73381,27058356.8,184,,
2026-02-24,UPPER,,184.5,182,183.8,,,49031,8976625.4,319,,
2026-02-24,USHEC,,469,460.1,465,,,6994,3237167.3,76,,
2026-02-24,USHL,,721,707,710.3,,,1493,1063738,26,,
2026-02-24,USLB,,1430,1401,1413.1,,,4200,5936904.4,75,,
2026-02-24,VLBS,,759,745,745,,,2180,1637914.6,44,,
2026-02-24,VLUCL,,567,545.3,565,,,10969,6110546.3,59,,
2026-02-25,ACLBSL,,977,958.5,977,,,370,357605.3,22,,
2026-02-25,ADBL,,295.5,291,294.6,,,36465,10663448.1,222,,
2026-02-25,AHL,,510,482,500,,,10920,5423621.4,131,,
2026-02-25,AHPC,,277,270.3,275,,,86213,23481898.2,402,,
2026-02-25,AKJCL,,365.9,352,352,,,803610,286919275,1327,,
2026-02-25,AKPL,,262,257.2,260,,,125242,32472741.7,312,,
2026-02-25,ALBSL,,1101,1045,1101,,,11701,12445940.4,162,,
2026-02-25,ALICL,,450,440,444.3,,,59466,26550124.6,220,,
2026-02-25,ANLB,,6394.9,6300,6357.9,,,259,1634683.9,19,,
2026-02-25,API,,304,295,302,,,271738,81394139.6,539,,
2026-02-25,AVYAN,,975,955,970,,,2716,2638371.8,47,,
2026-02-25,BANDIPUR,,980,936,957,,,108341,104210526.4,1355,,
2026-02-25,BARUN,,348,341.3,346,,,54797,18920071.7,264,,
2026-02-25,BBC,,4683.7,4600.5,4607.2,,,431,1998643.5,34,,
2026-02-25,BEDC,,519,509,510,,,8148,4173449.7,97,,
2026-02-25,BFC,,467.8,455,459.2,,,16431,7535596.9,108,,
2026-02-25,BGWT,,753,730.7,751,,,1385,1038625,37,,
2026-02-25,BHCL,,602,587.1,592,,,54007,32059647.4,639,,
2026-02-25,BHDC,,479,470,470.7,,,28154,13314200.7,130,,
2026-02-25,BHL,,200,195,197.8,,,78767,15614252.7,367,,
2026-02-25,BHPL,,557.8,549.1,554.9,,,13692,7560043.3,133,,
2026-02-25,BNHC,,345,334,334.1,,,17451,5874814.5,190,,
2026-02-25,BNL,,15498,15498,15498,,,0,0,0,,
2026-02-25,BNT,,11700,11700,11700,,,0,0,0,,
2026-02-25,BPCL,,717,700,710,,,51706,36565043.7,234,,
2026-02-25,BUNGAL,,660.5,643,649,,,18029,11741526.2,371,,
2026-02-25,CBBL,,938,924,931,,,11098,10325336.8,108,,
2026-02-25,CFCL,,541.7,518,523,,,36130,18939432.4,189,,
2026-02-25,CGH,,830,815.1,825.1,,,11690,9620324.7,114,,
2026-02-25,CHCL,,470,456.1,466,,,21656,10077462.3,154,,
2026-02-25,CHDC,,2550.5,2490,2506.5,,,25934,65178183.9,337,,
2026-02-25,CHL,,281.8,275,280,,,28569,7993722.2,192,,
2026-02-25,CIT,,1755,1748,1755,,,5638,9882009.9,116,,
2026-02-25,CITY,,478,468,471,,,4673,2203464.1,63,,
2026-02-25,CKHL,,683,662.3,683,,,6559,4464988.5,46,,
2026-02-25,CLI,,472.2,456.1,471,,,19924,9340544.3,293,,
2026-02-25,CREST,,1374,1323,1370,,,16676,22602008.5,198,,
2026-02-25,CYCL,,1588.9,1528,1580,,,6059,9562287.4,89,,
2026-02-25,CZBIL,,189.9,188.3,189.6,,,20314,3841836.4,80,,
2026-02-25,DDBL,,836.5,830,835,,,1776,1479545.5,28,,
2026-02-25,DHEL,,730,696,730,,,35376,25300303.5,537,,
2026-02-25,DHPL,,303.5,295,296,,,2455,730266.9,24,,
2026-02-25,DLBS,,1320,1280.1,1300,,,490,637089,22,,
2026-02-25,DOLTI,,513.9,495,509,,,2328,1179550,38,,
2026-02-25,DORDI,,279.1,272,274,,,45870,12644598,209,,
2026-02-25,EBL,,672,665,670,,,35579,23830988.3,166,,
2026-02-25,EHPL,,413.3,405,407.1,,,31879,13031237.9,153,,
2026-02-25,ENL,,918,894.5,910,,,408,365851,18,,
2026-02-25,FMDBL,,809,792.1,798.9,,,39083,31038549.7,54,,
2026-02-25,FOWAD,,1047,1033.5,1043,,,1091,1136237.7,34,,
2026-02-25,GBIME,,225,222,224.9,,,44087,9868105.3,250,,
2026-02-25,GBLBS,,763,744.1,755,,,4502,3370104.3,62,,
2026-02-25,GCIL,,415,407.8,411.5,,,7577,3116684.6,152,,
2026-02-25,GFCL,,640,628,628,,,8852,5589462.4,66,,
2026-02-25,GHL,,238,233,235,,,107101,25197828,246,,
2026-02-25,GILB,,1113,1111,1111.1,,,362,402360,14,,
2026-02-25,GLBSL,,1937,1900,1905,,,630,1214229.5,31,,
2026-02-25,GLH,,267,260.1,265,,,37448,9899731.7,177,,
2026-02-25,GMFBS,,1440,1390,1440,,,522,735440.1,20,,
2026-02-25,GMFIL,,468,449,457.7,,,5195,2389366.6,42,,
2026-02-25,GMLI,,1739.4,1700,1739.4,,,2401,4128105,63,,
2026-02-25,GUFL,,549,538,543.9,,,5333,2882697.8,49,,
2026-02-25,GVL,,489,480,485,,,19225,9321513,146,,
2026-02-25,HATHY,,912.9,900,902,,,5914,5340873.5,122,,
2026-02-25,HBL,,189.9,187,187.5,,,39655,7441311.6,624,,
2026-02-25,HDHPC,,195.7,191,193,,,112114,21659528.7,333,,
2026-02-25,HDL,,1149,1135,1138,,,26569,30235479.1,358,,
2026-02-25,HHL,,336,330,334.8,,,13769,4586687.9,109,,
2026-02-25,HIDCL,,263,258,259.2,,,58412,15125080.5,213,,
2026-02-25,HIMSTAR,,1005,951,1000,,,22686,22527509.3,353,,
2026-02-25,HLBSL,,929,901.3,908.1,,,803,732857.5,26,,
2026-02-25,HLI,,377,360.2,366.3,,,63534,23383577.4,442,,
2026-02-25,HPPL,,500,464,472,,,197826,92996085.4,657,,
2026-02-25,HRL,,846,830,837,,,32452,27210640.7,533,,
2026-02-25,HURJA,,257.4,253,256.8,,,101469,25955234,267,,
2026-02-25,ICFC,,652,640,645,,,5923,3832687.7,65,,
2026-02-25,IHL,,521,509.5,515,,,8870,4533471.4,95,,
2026-02-25,ILBS,,944,917,934.9,,,1754,1619461,48,,
2026-02-25,ILI,,442.8,435,442.7,,,11690,5135045.4,298,,
2026-02-25,JBLB,,1320,1300.1,1320,,,3932,5148660,108,,
2026-02-25,JFL,,423.9,415,416.2,,,3596,1504467.1,42,,
2026-02-25,JHAPA,,1402,1366.1,1400,,,6660,9227094.5,135,,
2026-02-25,JOSHI,,296.8,287.1,290,,,31405,9123330.1,148,,
2026-02-25,JSLBB,,1135,1120,1120,,,469,529975,10,,
2026-02-25,KBL,,184.9,182.5,184,,,292282,53763108.7,275,,
2026-02-25,KBSH,,1670,1670,1670,,,10,16700,1,,
2026-02-25,KDL,,923.9,893,904.9,,,2357,2124995,66,,
2026-02-25,KKHC,,289.8,272,282,,,301246,84882153.7,898,,
2026-02-25,KMCDB,,925,910,925,,,3536,3226741.1,33,,
2026-02-25,KPCL,,525,515,520,,,21997,11389041.1,104,,
2026-02-25,LEC,,221.6,212.1,219,,,139204,30481035,491,,
2026-02-25,LICN,,833,815,830,,,6588,5447420.8,59,,
2026-02-25,LLBS,,948,921,948,,,840,783195.6,11,,
2026-02-25,LSL,,207,204,206.4,,,25955,5348343.1,95,,
2026-02-25,MABEL,,767,742.1,756.1,,,9164,6956067.5,215,,
2026-02-25,MAKAR,,532,525.3,525.5,,,6340,3342222.9,68,,
2026-02-25,MANDU,,813,800,810,,,1001,808332.5,29,,
2026-02-25,MATRI,,950,945,950,,,326,308827.7,15,,
2026-02-25,MBJC,,291,286,290,,,43098,12404838.6,287,,
2026-02-25,MBL,,229.2,224,228,,,20540,4640080,85,,
2026-02-25,MCHL,,421.2,405,411.8,,,7429,3030624.9,63,,
2026-02-25,MEHL,,448.5,432.1,435,,,5937,2591637.1,71,,
2026-02-25,MEL,,284,277.2,280,,,13999,3918038,155,,
2026-02-25,MEN,,587,579.2,580.1,,,23546,13686901.9,131,,
2026-02-25,MERO,,725,713,719,,,1659,1187961.1,24,,
2026-02-25,MFIL,,794.9,780,787.9,,,92109,72531785.3,229,,
2026-02-25,MHCL,,345.4,336.2,337.4,,,22654,7696209,131,,
2026-02-25,MHL,,525,511.6,519,,,9134,4760179.9,84,,
2026-02-25,MHNL,,264,258,262.6,,,6424,1673480.9,51,,
2026-02-25,MKCL,,1367,1347,1351.1,,,1155,1563353.9,28,,
2026-02-25,MKHC,,318,314,317,,,29926,9449588.4,165,,
2026-02-25,MKHL,,790,750,790,,,2383,1825722,59,,
2026-02-25,MKJC,,548,518,525,,,23670,12493891.3,104,,
2026-02-25,MLBBL,,1331,1310,1322,,,678,890813,22,,
2026-02-25,MLBS,,1436.9,1420.2,1431,,,200,285982,8,,
2026-02-25,MLBSL,,1844,1808.4,1840,,,1206,2204726.4,22,,
2026-02-25,MMKJL,,563.9,556,556,,,3869,2164961.9,59,,
2026-02-25,MPFL,,622.2,603,614.9,,,6845,4194494.4,49,,
2026-02-25,MSHL,,818,788,789,,,1259,997362,29,,
2026-02-25,MSLB,,1345,1268,1320,,,1855,2427821.1,66,,
2026-02-25,NABIL,,499,495,496,,,30849,15328310.3,297,,
2026-02-25,NADEP,,762,742,744,,,2025,1518673,20,,
2026-02-25,NBL,,243.1,240.5,240.7,,,22150,5338005,134,,
2026-02-25,NESDO,,1529,1505,1529,,,1977,3008424.7,38,,
2026-02-25,NFS,,631.8,622,627,,,8623,5404969.9,77,,
2026-02-25,NGPL,,430.9,424.9,430,,,594107,254716416.8,884,,
2026-02-25,NHDL,,647,636.1,646,,,5661,3641794.1,35,,
2026-02-25,NHPC,,225,215,223.3,,,273938,60628271.4,666,,
2026-02-25,NICA,,326,322,322.3,,,32708,10560127.2,186,,
2026-02-25,NICLBSL,,559,550.2,553,,,4658,2589243.1,79,,
2026-02-25,NIFRA,,262,252.7,260,,,44827,11647788.4,430,,
2026-02-25,NIMB,,188,185,187.9,,,174944,32480386.4,315,,
2026-02-25,NLIC,,775,755,768,,,38077,29078844.4,299,,
2026-02-25,NLICL,,590,565,576,,,22814,13234618.8,107,,
2026-02-25,NLO,,269.4,269.4,269.4,,,0,0,0,,
2026-02-25,NMB,,236,233.1,234.5,,,22338,5227786.5,88,,
2026-02-25,NMBMF,,652,645.5,650,,,2502,1622673,21,,
2026-02-25,NMFBS,,1130,1120.5,1125,,,1631,1836197.5,36,,
2026-02-25,NMLBBL,,620,602,611.9,,,15727,9559798.4,116,,
2026-02-25,NRIC,,1244,1222.3,1227,,,13935,17137328.3,188,,
2026-02-25,NRM,,427.8,418,418,,,8915,3742281.8,111,,
2026-02-25,NRN,,1534.2,1505,1528,,,20846,31710006,204,,
2026-02-25,NTC,,854,850,853,,,4753,4052826.7,118,,
2026-02-25,NUBL,,688,680,680,,,1739,1191568,31,,
2026-02-25,NWCL,,901,840,860,,,2976,2585166.5,90,,
2026-02-25,NYADI,,400,391.1,391.2,,,7314,2883323.7,72,,
2026-02-25,OHL,,717.9,698.1,700,,,4302,3055070.2,29,,
2026-02-25,OMPL,,1304,1280,1285.2,,,8910,11506855.5,162,,
2026-02-25,PCBL,,235,232,233,,,26283,6134032.3,110,,
2026-02-25,PFL,,375,368,370.3,,,12663,4711807,77,,
2026-02-25,PHCL,,292.5,285,285.5,,,65693,18840309.8,317,,
2026-02-25,PMHPL,,347.9,341,346,,,19288,6642996,89,,
2026-02-25,PMLI,,506,478,494,,,13269,6517261.1,196,,
2026-02-25,PPCL,,373.2,366.2,372,,,10911,4043835.3,79,,
2026-02-25,PPL,,386,375.2,377,,,94427,35971392.2,369,,
2026-02-25,PROFL,,459,447,447.2,,,4683,2106775.5,48,,
2026-02-25,PRVU,,183,181.1,182.4,,,190094,34608881,317,,
2026-02-25,PURE,,996,938,959.9,,,14996,14459444.7,211,,
2026-02-25,RADHI,,863.9,850,850,,,112176,95900758.3,372,,
2026-02-25,RAWA,,715,700,715,,,1004,708336.5,19,,
2026-02-25,RFPL,,399,380.2,393.5,,,51018,20023977.5,282,,
2026-02-25,RHGCL,,277,269.1,271,,,31826,8655747.5,151,,
2026-02-25,RHPL,,290.8,284,285.2,,,28492,8171509.4,189,,
2026-02-25,RIDI,,305.9,291.1,299.4,,,493119,148011701.3,1025,,
2026-02-25,RLFL,,458.7,440,449,,,8399,3740169.9,75,,
2026-02-25,RNLI,,468.9,452,468,,,53095,24622509.2,514,,
2026-02-25,RSDC,,655,641,651,,,2196,1417561.1,39,,
2026-02-25,RSML,,519.4,467.5,519.4,,,60,29717,6,,
2026-02-25,RURU,,663,650,654.9,,,3547,2314346.1,41,,
2026-02-25,SAGAR,,2040,1983,2008,,,22170,44459435.6,378,,
2026-02-25,SAHAS,,562.7,548.1,562.7,,,80571,45087176.5,490,,
2026-02-25,SAIL,,1428,1348,1368.8,,,49719,68238000.7,1039,,
2026-02-25,SANIMA,,337,331.1,335,,,24261,8113726.7,135,,
2026-02-25,SANVI,,832,792,804,,,30665,25067247.6,374,,
2026-02-25,SARBTM,,872,850.1,863,,,19176,16546891.4,69,,
2026-02-25,SBI,,415,403,408.3,,,8461,3446660,58,,
2026-02-25,SBL,,380,375,376.5,,,28953,10912919.8,108,,
2026-02-25,SCB,,649.9,638.9,642.2,,,14223,9160194.8,94,,
2026-02-25,SGHC,,408,392.5,400,,,19529,7766669.7,176,,
2026-02-25,SHEL,,302.9,294.4,299,,,173991,52127458.1,576,,
2026-02-25,SHIVM,,618,608.3,617,,,144147,88147248.5,544,,
2026-02-25,SHL,,494,490,491,,,7134,3510471,52,,
2026-02-25,SHLB,,1560,1552,1560,,,670,1040320,7,,
2026-02-25,SHPC,,540,534,536.4,,,44979,24094704.5,240,,
2026-02-25,SIFC,,589.8,582,585,,,15375,8998106.3,58,,
2026-02-25,SIKLES,,618,600,600.5,,,4701,2859797.7,80,,
2026-02-25,SJCL,,301,295.2,301,,,13525,4032455,114,,
2026-02-25,SJLIC,,444,428.1,443,,,41350,18149193.6,294,,
2026-02-25,SKBBL,,775,760,761.2,,,12025,9196332.1,97,,
2026-02-25,SLBBL,,819,812,817,,,1391,1133085.5,32,,
2026-02-25,SLBSL,,1314.5,1290,1296,,,1434,1861365.9,33,,
2026-02-25,SMATA,,780,772.4,778.5,,,2824,2194322.5,52,,
2026-02-25,SMB,,2001,1906.4,1964,,,2829,5560010.1,64,,
2026-02-25,SMFBS,,1652,1617.2,1652,,,610,992069.2,15,,
2026-02-25,SMH,,650.7,603,646,,,61139,38909591.4,675,,
2026-02-25,SMHL,,467,459,463.4,,,116834,54128840.3,495,,
2026-02-25,SMJC,,484,470,470,,,12015,5663354.4,134,,
2026-02-25,SMPDA,,875,860,875,,,2541,2190098.8,61,,
2026-02-25,SNLI,,463.9,445.3,462,,,19376,8879664.8,315,,
2026-02-25,SONA,,425,415,422,,,9997,4225125.9,275,,
2026-02-25,SPC,,499.9,489,493,,,11008,5433972.4,87,,
2026-02-25,SPDL,,407,396,399,,,56573,22585184.8,138,,
2026-02-25,SPHL,,540.5,531,535,,,4206,2246248.8,39,,
2026-02-25,SPL,,749,726,743.8,,,2606,1916215,45,,
2026-02-25,SRLI,,399.9,384,393.4,,,29429,11539907.9,302,,
2026-02-25,SSHL,,189,183,188,,,156302,29077692.4,500,,
2026-02-25,STC,,6000,5650,5819,,,9792,56812844.9,258,,
2026-02-25,SWASTIK,,2889.9,2800,2865,,,1264,3594148.9,56,,
2026-02-25,SWBBL,,735,726.1,733.8,,,6329,4632365.5,65,,
2026-02-25,SWMF,,672,657.1,659.6,,,2210,1468757.5,34,,
2026-02-25,SYPNL,,1950,1845,1898.9,,,122755,234713682.6,2029,,
2026-02-25,TAMOR,,418,411,414,,,12095,5008657.5,134,,
2026-02-25,TPC,,390.5,380,383,,,58786,22573562.6,205,,
2026-02-25,TRH,,755,745.1,755,,,2192,1646812.2,22,,
2026-02-25,TSHL,,739.5,699.3,720,,,4430,3153267.6,67,,
2026-02-25,TTL,,918,885.1,889,,,53522,48288605.8,794,,
2026-02-25,TVCL,,669.9,641,657,,,56298,36680378.2,273,,
2026-02-25,UHEWA,,561,553.3,560,,,8896,4967193.7,94,,
2026-02-25,ULBSL,,3195,3111,3166,,,383,1206597.5,15,,
2026-02-25,ULHC,,555,538,554.1,,,87723,48157278.1,684,,
2026-02-25,UMHL,,634,624,630.9,,,50937,32050915.9,223,,
2026-02-25,UMRH,,549.4,543.1,548,,,4006,2187768.1,34,,
2026-02-25,UNHPL,,500,481,497,,,126698,62144457.7,360,,
2026-02-25,UNL,,47479,47479,47479,,,13,620046,4,,
2026-02-25,UNLB,,1830,1810,1810,,,433,785861.6,24,,
2026-02-25,UPCL,,375,365,367.2,,,88711,32789265.8,272,,
2026-02-25,UPPER,,185,183,184.4,,,65458,12054667.6,330,,
2026-02-25,USHEC,,480,464,467,,,12818,6012826.6,103,,
2026-02-25,USHL,,723.8,700,708.8,,,3579,2518805.2,47,,
2026-02-25,USLB,,1441.3,1405,1429.8,,,3597,5096078.3,65,,
2026-02-25,VLBS,,758.9,745.6,747,,,981,736774.4,31,,
2026-02-25,VLUCL,,564,557,559,,,2280,1277455.5,60,,
2026-02-26,ACLBSL,,980,960.4,970,,,531,515567.8,29,,
2026-02-26,ADBL,,300.4,292.3,298,,,21933,6475022.88,138,,
2026-02-26,AHL,,500,462.6,493,,,14115,6898184.8,312,,
2026-02-26,AHPC,,283.8,271,280,,,244579,68061304.6,618,,
2026-02-26,AKJCL,,359,349,352,,,598657,211389927.4,842,,
2026-02-26,AKPL,,268,258.8,263.8,,,203635,53659096.3,534,,
2026-02-26,ALBSL,,1099.9,1061,1099.5,,,7415,7977306.4,127,,
2026-02-26,ALICL,,447,440,443,,,21947,9703721,126,,
2026-02-26,ANLB,,6355.4,6230.8,6355.4,,,218,1381804,17,,
2026-02-26,API,,315,296.9,312.4,,,1054543,326832574,2632,,
2026-02-26,AVYAN,,975,966,970.3,,,2975,2886427.6,58,,
2026-02-26,BANDIPUR,,957,935,937.9,,,59677,56321271.3,880,,
2026-02-26,BARUN,,352,342,345,,,42095,14500151.7,199,,
2026-02-26,BBC,,4695.9,4600,4620,,,626,2890534.5,38,,
2026-02-26,BEDC,,515,507,513.9,,,14763,7547934.8,90,,
2026-02-26,BFC,,466,460,462.1,,,7016,3247056.6,54,,
2026-02-26,BGWT,,775,750,757.2,,,2762,2107094.3,45,,
2026-02-26,BHCL,,592.1,576.4,581,,,32661,18952934.1,371,,
2026-02-26,BHDC,,475,469,470,,,22283,10494373,128,,
2026-02-26,BHL,,201.7,196,197.2,,,126906,25142889.8,472,,
2026-02-26,BHPL,,564.4,543.9,549,,,9891,5457388.3,102,,
2026-02-26,BNHC,,340.7,330,332.6,,,19023,6363228.3,185,,
2026-02-26,BNL,,15200,15188.1,15200,,,32,486281,3,,
2026-02-26,BNT,,11780,11769,11780,,,20,235490,2,,
2026-02-26,BPCL,,749,682,713,,,108908,78339792.4,466,,
2026-02-26,BUNGAL,,652,632.3,642,,,9866,6301476.2,264,,
2026-02-26,CBBL,,935,916.3,923,,,18401,16979119.6,195,,
2026-02-26,CFCL,,527,520,522.3,,,17005,8869774.8,85,,
2026-02-26,CGH,,830,817.6,826,,,6387,5271865.9,93,,
2026-02-26,CHCL,,475.3,461.1,468,,,29534,13737842.9,170,,
2026-02-26,CHDC,,2530,2486.7,2497,,,23085,57627567.1,239,,
2026-02-26,CHL,,283,278,282.7,,,32485,9151407.2,145,,
2026-02-26,CIT,,1771.5,1758,1769,,,6296,11113527.7,136,,
2026-02-26,CITY,,476,468.2,472.8,,,6191,2911838.2,71,,
2026-02-26,CKHL,,685,669.9,685,,,6016,4086722.5,30,,
2026-02-26,CLI,,474.3,462.1,474,,,13648,6423639.9,224,,
2026-02-26,CREST,,1380,1335,1349,,,3857,5192289.3,111,,
2026-02-26,CYCL,,1589,1549,1550,,,2565,4010922.9,46,,
2026-02-26,CZBIL,,193.3,187,192.8,,,46147,8811856.5,124,,
2026-02-26,DDBL,,844.4,833,834,,,7843,6558671.9,60,,
2026-02-26,DHEL,,744.6,710,729,,,30786,22114281.3,404,,
2026-02-26,DHPL,,305,291,299.5,,,5982,1795106.3,39,,
2026-02-26,DLBS,,1319,1300,1310.1,,,408,534221.1,12,,
2026-02-26,DOLTI,,519,508,508,,,1779,905519,46,,
2026-02-26,DORDI,,279.4,273.9,275,,,48140,13247091.8,174,,
2026-02-26,EBL,,683,668,672.5,,,28856,19473388.6,174,,
2026-02-26,EHPL,,415,403.1,410,,,30496,12397156.8,180,,
2026-02-26,ENL,,916.6,881.1,914,,,1099,987028.3,32,,
2026-02-26,FMDBL,,804,789,794,,,13990,11132835.5,106,,
2026-02-26,FOWAD,,1060,1034,1050,,,2453,2580822,46,,
2026-02-26,GBIME,,229.3,225,226.7,,,75123,16962104.4,272,,
2026-02-26,GBLBS,,765,746.1,755.2,,,3294,2497708.6,45,,
2026-02-26,GCIL,,418,409.1,415,,,10852,4498153.1,172,,
2026-02-26,GFCL,,638,628,635,,,7116,4509533.3,66,,
2026-02-26,GHL,,244.4,232.5,240,,,89980,21364857.3,246,,
2026-02-26,GILB,,1132,1104,1111.6,,,672,754857.4,14,,
2026-02-26,GLBSL,,1941,1890,1919.9,,,1850,3537653.5,57,,
2026-02-26,GLH,,270.3,260.1,264,,,49728,13126697.9,164,,
2026-02-26,GMFBS,,1466.9,1412,1412,,,66,94502.8,4,,
2026-02-26,GMFIL,,466,458,458,,,3695,1696204.8,22,,
2026-02-26,GMLI,,1748.9,1715,1748.9,,,794,1368539,41,,
2026-02-26,GUFL,,549.8,534,544,,,8633,4676805.4,72,,
2026-02-26,GVL,,486,482.9,484.5,,,28822,13958945,160,,
2026-02-26,HATHY,,912,891.3,904,,,7829,7056581.2,107,,
2026-02-26,HBL,,191.2,187.4,188.5,,,52592,9895341.8,530,,
2026-02-26,HDHPC,,196.7,192.2,193.9,,,85128,16580566.1,307,,
2026-02-26,HDL,,1148,1139.1,1141.1,,,29740,33937183.9,376,,
2026-02-26,HHL,,336.6,333,335.9,,,14901,4986544,104,,
2026-02-26,HIDCL,,264.3,259.2,261.2,,,80779,21066427.8,232,,
2026-02-26,HIMSTAR,,1060,965,1060,,,24397,24291643.6,371,,
2026-02-26,HLBSL,,920,905,920,,,1708,1563849.6,35,,
2026-02-26,HLI,,373.6,365,365,,,24328,8929125.3,226,,
2026-02-26,HPPL,,472.9,459.2,463,,,128179,59432079.7,412,,
2026-02-26,HRL,,853.7,837,838.9,,,71368,60062430.5,667,,
2026-02-26,HURJA,,259,253.2,255,,,97906,25035517.7,254,,
2026-02-26,ICFC,,650,640,650,,,6214,4011406,55,,
2026-02-26,IHL,,514.5,505,507.6,,,7857,3983790.3,57,,
2026-02-26,ILBS,,938,916.7,918,,,1648,1514285.8,34,,
2026-02-26,ILI,,443.9,436.6,441.5,,,14112,6226459.1,195,,
2026-02-26,JBLB,,1325,1300,1310,,,8600,11254091.2,126,,
2026-02-26,JFL,,420.8,415,415.3,,,9991,4178437.8,60,,
2026-02-26,JHAPA,,1455,1372,1455,,,10767,15256397.1,210,,
2026-02-26,JOSHI,,295,287.2,290,,,28516,8285557.3,150,,
2026-02-26,JSLBB,,1157.9,1100,1102.4,,,1252,1386966.9,23,,
2026-02-26,KBL,,187.2,183.6,187,,,192053,35666701.9,486,,
2026-02-26,KBSH,,1658,1657.1,1657.1,,,70,116051,2,,
2026-02-26,KDL,,920,886.1,892,,,1723,1538234,47,,
2026-02-26,KKHC,,287.6,273.8,279,,,159576,44505723.9,534,,
2026-02-26,KMCDB,,930,911.5,917,,,565,519391.7,16,,
2026-02-26,KPCL,,529.9,516.1,522.5,,,14234,7386401.4,84,,
2026-02-26,LEC,,223.2,214.7,217.9,,,87111,19019094.9,295,,
2026-02-26,LICN,,846,821.4,824,,,13289,11014334.1,106,,
2026-02-26,LLBS,,954.9,931,931,,,361,340916.9,6,,
2026-02-26,LSL,,210.5,205.1,209.9,,,26165,5431331.5,111,,
2026-02-26,MABEL,,770,737.1,750,,,7594,5656749.6,150,,
2026-02-26,MAKAR,,546.7,526.1,534,,,8796,4733664.2,64,,
2026-02-26,MANDU,,807,796,802,,,867,695041.4,27,,
2026-02-26,MATRI,,947,935.3,941,,,3077,2903978.2,47,,
2026-02-26,MBJC,,292.8,286.5,289,,,26631,7679132.1,186,,
2026-02-26,MBL,,232.5,227.3,229.6,,,21359,4884844.9,98,,
2026-02-26,MCHL,,413.1,405,407.7,,,5518,2267039.5,47,,
2026-02-26,MEHL,,445,433,438,,,4007,1759468.5,86,,
2026-02-26,MEL,,290,278.3,279.1,,,10951,3067172.3,146,,
2026-02-26,MEN,,591.7,580.5,583,,,28984,16893254.9,156,,
2026-02-26,MERO,,720,711,716,,,7019,5017457.5,52,,
2026-02-26,MFIL,,806,773,806,,,160288,127634640.6,471,,
2026-02-26,MHCL,,351.8,335.1,350,,,37604,12920280.6,222,,
2026-02-26,MHL,,527,508.7,518,,,10180,5289740.9,83,,
2026-02-26,MHNL,,266.9,257.7,258.9,,,13994,3619315.4,64,,
2026-02-26,MKCL,,1375,1351,1368,,,2271,3089649.8,41,,
2026-02-26,MKHC,,320,314,318,,,26874,8538704.1,127,,
2026-02-26,MKHL,,790,760,790,,,9431,7241568.6,65,,
2026-02-26,MKJC,,526.3,516,522,,,15794,8253029.3,73,,
2026-02-26,MLBBL,,1359.7,1306,1342,,,3451,4627003.4,59,,
2026-02-26,MLBS,,1430.1,1425.2,1428.5,,,375,535891,9,,
2026-02-26,MLBSL,,1866.6,1835,1866.6,,,207,383493.1,10,,
2026-02-26,MMKJL,,562,552.8,555.2,,,5844,3246457.6,68,,
2026-02-26,MPFL,,620.9,603,618.5,,,5215,3217192.4,48,,
2026-02-26,MSHL,,800,782,793,,,2533,2002244,28,,
2026-02-26,MSLB,,1335,1281.3,1315,,,1012,1322253.4,28,,
2026-02-26,NABIL,,499,496.5,497.9,,,32698,16267191,315,,
2026-02-26,NADEP,,741,727,741,,,9884,7279064,72,,
2026-02-26,NBL,,245.5,240.6,241.6,,,67197,16257586.2,164,,
2026-02-26,NESDO,,1545.3,1503,1545.3,,,1733,2665190.5,37,,
2026-02-26,NFS,,638,618,626,,,11967,7523613.1,86,,
2026-02-26,NGPL,,431,424.2,424.9,,,347021,147937328.2,507,,
2026-02-26,NHDL,,650,638,643.1,,,2057,1332474.9,23,,
2026-02-26,NHPC,,227.7,220,224,,,153366,34143779.8,388,,
2026-02-26,NICA,,328.7,322.8,325,,,29539,9563016.6,164,,
2026-02-26,NICLBSL,,559,553.1,556,,,2569,1425211.7,64,,
2026-02-26,NIFRA,,265.2,258,261.5,,,56185,14657912,411,,
2026-02-26,NIMB,,191,186,187.5,,,72485,13618961.3,257,,
2026-02-26,NLIC,,783.3,765,772.1,,,15777,12152457.8,194,,
2026-02-26,NLICL,,581.4,570.6,579.1,,,5457,3159230.1,41,,
2026-02-26,NLO,,269.4,269.4,269.4,,,0,0,0,,
2026-02-26,NMB,,239.1,234,238.5,,,40152,9509203.6,130,,
2026-02-26,NMBMF,,656.9,650,656.9,,,1513,991298.4,16,,
2026-02-26,NMFBS,,1130,1120.3,1122.7,,,1105,1245036.9,21,,
2026-02-26,NMLBBL,,616,611,615,,,4787,2934685.5,51,,
2026-02-26,NRIC,,1251.5,1220.5,1222,,,22131,27166182.9,259,,
2026-02-26,NRM,,423,417,420,,,14992,6286035.5,105,,
2026-02-26,NRN,,1538,1490,1495,,,12456,18837873.7,136,,
2026-02-26,NTC,,870,853,855,,,7300,6246213.3,128,,
2026-02-26,NUBL,,687,670,671,,,12588,8522976.2,87,,
2026-02-26,NWCL,,872,845,869,,,982,841258.6,41,,
2026-02-26,NYADI,,399.5,391,393.1,,,7925,3119193.3,79,,
2026-02-26,OHL,,706,689.1,705,,,5451,3775257,21,,
2026-02-26,OMPL,,1298.1,1277,1282.1,,,4692,6037799.3,118,,
2026-02-26,PCBL,,237.6,232.1,234.8,,,28965,6756780.6,109,,
2026-02-26,PFL,,385.2,368,380,,,10181,3817554.2,74,,
2026-02-26,PHCL,,288.9,283,284,,,85985,24466526.5,374,,
2026-02-26,PMHPL,,366,339.5,349,,,20620,7140693,110,,
2026-02-26,PMLI,,499,485.2,494.5,,,5064,2507966.3,95,,
2026-02-26,PPCL,,372,370,371,,,14205,5262523,64,,
2026-02-26,PPL,,387,375,380,,,88842,33874073.6,315,,
2026-02-26,PROFL,,464,449,455,,,4707,2125539.2,41,,
2026-02-26,PRVU,,186,182.1,183.5,,,100712,18434286.7,291,,
2026-02-26,PURE,,968.7,945.5,957,,,22914,21797838.4,174,,
2026-02-26,RADHI,,853,846.2,849,,,127962,108720021.6,304,,
2026-02-26,RAWA,,720,690,716.9,,,2540,1788121.5,32,,
2026-02-26,RFPL,,399.8,385.7,392,,,62372,24341542.4,328,,
2026-02-26,RHGCL,,275,267,267,,,28501,7653562.7,150,,
2026-02-26,RHPL,,289,283,284,,,28856,8202427.8,132,,
2026-02-26,RIDI,,304,289.1,291,,,447312,131469637.4,1008,,
2026-02-26,RLFL,,452.9,442,446.9,,,5513,2451277.7,51,,
2026-02-26,RNLI,,477.3,461.1,468.9,,,22853,10660783.9,265,,
2026-02-26,RSDC,,664,641,641.1,,,5299,3429591.2,46,,
2026-02-26,RSML,,567.5,514.3,567.5,,,60,32431,6,,
2026-02-26,RURU,,660,650,657.6,,,2711,1777566.2,39,,
2026-02-26,SAGAR,,2019,1929.8,1985,,,13243,25868419.5,304,,
2026-02-26,SAHAS,,572,556.2,566,,,52864,29781694.9,474,,
2026-02-26,SAIL,,1395,1315,1320,,,44478,59211792.5,665,,
2026-02-26,SANIMA,,341.7,332.1,333,,,34106,11393860.2,129,,
2026-02-26,SANVI,,819.9,795,815,,,32562,26133073,286,,
2026-02-26,SARBTM,,877,863,866.1,,,8653,7512362.2,66,,
2026-02-26,SBI,,413.5,401.5,410,,,39774,16115936.7,65,,
2026-02-26,SBL,,384,375,376,,,34496,13008767.8,97,,
2026-02-26,SCB,,652,643,647.1,,,24303,15761927.3,171,,
2026-02-26,SGHC,,405,392,399.7,,,18157,7217107.6,112,,
2026-02-26,SHEL,,301.9,296.7,298.7,,,123869,36933936.8,373,,
2026-02-26,SHIVM,,620,611,617,,,56479,34763448.9,367,,
2026-02-26,SHL,,500,488,493.1,,,10105,4985044,58,,
2026-02-26,SHLB,,1560,1555.1,1556,,,184,286229.9,8,,
2026-02-26,SHPC,,544.9,530.1,535,,,30145,16112259.2,160,,
2026-02-26,SIFC,,589,573.3,584.9,,,9521,5565065,40,,
2026-02-26,SIKLES,,611,600,600.3,,,4094,2465494.6,51,,
2026-02-26,SJCL,,300,292,296,,,9702,2865873,79,,
2026-02-26,SJLIC,,444,437,443.7,,,36569,16117580.7,138,,
2026-02-26,SKBBL,,770,757,764,,,7891,6026315.3,84,,
2026-02-26,SLBBL,,824.8,815.7,816.6,,,3295,2695782.1,52,,
2026-02-26,SLBSL,,1316.5,1278,1293.1,,,580,748193.8,15,,
2026-02-26,SMATA,,784.9,771.9,784.9,,,1963,1527696.8,39,,
2026-02-26,SMB,,1940,1900,1920,,,1920,3666727,28,,
2026-02-26,SMFBS,,1670,1632,1654,,,6517,10821467,23,,
2026-02-26,SMH,,671,618,625,,,34375,21799552.8,340,,
2026-02-26,SMHL,,472,457,461.5,,,81997,37866604.2,468,,
2026-02-26,SMJC,,475,470,475,,,3398,1601917.5,101,,
2026-02-26,SMPDA,,875.9,861.8,874,,,1125,977561.2,34,,
2026-02-26,SNLI,,466.5,456,462,,,12124,5600899.7,223,,
2026-02-26,SONA,,426,420.2,425.9,,,14829,6268465.7,219,,
2026-02-26,SPC,,499,490.2,493.9,,,4847,2396263,55,,
2026-02-26,SPDL,,403.9,395,395,,,28768,11413648.3,124,,
2026-02-26,SPHL,,540,532,534.5,,,5040,2692862.8,51,,
2026-02-26,SPL,,735,722,732,,,3057,2227110.2,29,,
2026-02-26,SRLI,,394,390,393,,,10504,4111746.2,179,,
2026-02-26,SSHL,,189.4,185.1,186,,,123567,23087153.8,430,,
2026-02-26,STC,,5954,5763,5954,,,6185,36394388.1,155,,
2026-02-26,SWASTIK,,2830,2780,2790,,,1275,3568538.5,65,,
2026-02-26,SWBBL,,740,729,729,,,4687,3426421.5,42,,
2026-02-26,SWMF,,668,655,656.1,,,1546,1018530.8,26,,
2026-02-26,SYPNL,,1916,1830,1855,,,83064,155195443.1,1442,,
2026-02-26,TAMOR,,418.5,412.6,414,,,7752,3208793.4,75,,
2026-02-26,TPC,,386,377,384,,,75222,28823386.4,251,,
2026-02-26,TRH,,765,750,755.3,,,2214,1673211.8,27,,
2026-02-26,TSHL,,731,715,725,,,3283,2386216.5,32,,
2026-02-26,TTL,,895,880,882,,,28625,25364249.6,427,,
2026-02-26,TVCL,,670,637.6,645,,,77258,49623337.7,241,,
2026-02-26,UHEWA,,565,556.2,562,,,8087,4515200.2,84,,
2026-02-26,ULBSL,,3187,3110,3170,,,157,490328,9,,
2026-02-26,ULHC,,565,545,558,,,49101,27299838.5,333,,
2026-02-26,UMHL,,639,621,624,,,55611,34912406.7,205,,
2026-02-26,UMRH,,553.6,547,552,,,5776,3164279.8,43,,
2026-02-26,UNHPL,,505.9,490,496,,,132780,66196728.6,370,,
2026-02-26,UNL,,47479,46600,46600,,,52,2425428,3,,
2026-02-26,UNLB,,1865.6,1820,1826,,,551,1008676.4,23,,
2026-02-26,UPCL,,373,366,367.2,,,28310,10425003.6,147,,
2026-02-26,UPPER,,188,184,184.9,,,96838,17899124.7,374,,
2026-02-26,USHEC,,473,463.2,467.6,,,13754,6471901.1,76,,
2026-02-26,USHL,,735,710.1,714,,,2540,1827391,62,,
2026-02-26,USLB,,1438,1405,1421.1,,,1183,1683034.4,34,,
2026-02-26,VLBS,,757,747.1,747.1,,,808,607056.5,19,,
2026-02-26,VLUCL,,564,553.1,557,,,2787,1552078,46,,
