date,symbol,open,high,low,close,prev_close,vwap,volume,turnover,trades,week_52_high,week_52_low
2026-04-01,ACLBSL,,1067.4,1001.1,1045,,,7363,7525610.3,100,,
2026-04-01,ADBL,,320,309.2,309.5,,,53170,16553101.4,329,,
2026-04-01,AHL,,505,490,493,,,10336,5108861,130,,
2026-04-01,AHPC,,298,284,285,,,409553,118363572.1,1396,,
2026-04-01,AKJCL,,396,370,377,,,1114099,423429565.5,1476,,
2026-04-01,AKPL,,285,270,272,,,449822,124099466.1,1252,,
2026-04-01,ALBSL,,1224,1156.1,1181,,,43866,51531871.2,316,,
2026-04-01,ALICL,,472,458,467.9,,,53051,24639161.2,247,,
2026-04-01,ANLB,,6474.9,6303,6316,,,694,4422988.2,35,,
2026-04-01,API,,358.5,343.1,350,,,1304796,457216511.3,2393,,
2026-04-01,AVYAN,,1283,1137,1221,,,23730,28334029.5,291,,
2026-04-01,BANDIPUR,,920,875,878,,,75225,67275602.8,1003,,
2026-04-01,BARUN,,362,345,346.1,,,145292,51071430.5,761,,
2026-04-01,BBC,,5197,4850,4886,,,853,4253961,54,,
2026-04-01,BEDC,,515,488.1,493.1,,,13072,6454224.9,123,,
2026-04-01,BFC,,488,461,467,,,23278,10944500.4,166,,
2026-04-01,BGWT,,755,740.2,755,,,5326,3970340.2,81,,
2026-04-01,BHCL,,586,564.5,565.1,,,37302,21285228.2,451,,
2026-04-01,BHDC,,486.5,465,469,,,51469,24330585.6,351,,
2026-04-01,BHL,,232,217.1,218,,,566393,126657117,1961,,
2026-04-01,BHPL,,570,550,558,,,26918,15052540.3,214,,
2026-04-01,BJHL,,636.4,590.1,636.4,,,660,418888,66,,
2026-04-01,BNHC,,363,345,350,,,15310,5393008.1,150,,
2026-04-01,BNL,,15549,15200,15200,,,30,460490,3,,
2026-04-01,BNT,,12100,11580,11580,,,256,3042441,12,,
2026-04-01,BPCL,,718,680,698.7,,,123208,85866304.3,591,,
2026-04-01,BUNGAL,,634.9,605.7,611,,,19951,12361130.7,383,,
2026-04-01,CBBL,,943,916.5,920,,,37094,34363133.3,454,,
2026-04-01,CFCL,,540,522,529.8,,,29560,15678887.7,138,,
2026-04-01,CGH,,856,816.1,820.1,,,57180,47241950.5,428,,
2026-04-01,CHCL,,508.7,491.1,493,,,52270,25885207.2,373,,
2026-04-01,CHDC,,2500,2394,2398,,,35370,85614438.7,398,,
2026-04-01,CHL,,302,287,290,,,96989,28379153.8,352,,
2026-04-01,CIT,,1824,1780,1800,,,17849,32118484.3,387,,
2026-04-01,CITY,,499,473,477,,,35261,16991884.4,177,,
2026-04-01,CKHL,,698.5,660.9,697,,,6180,4247920.9,64,,
2026-04-01,CLI,,480,466,470.5,,,33633,15853063.8,353,,
2026-04-01,CREST,,1369,1291,1351,,,23261,30652538.5,358,,
2026-04-01,CYCL,,1649,1568.9,1590,,,6102,9720385.8,115,,
2026-04-01,CZBIL,,219,208,212,,,92903,19634043.1,370,,
2026-04-01,DDBL,,885,853,853.1,,,20944,18043139.1,163,,
2026-04-01,DHEL,,695,653.1,661,,,22369,15051348,459,,
2026-04-01,DHPL,,325.9,308,310,,,18173,5683539,121,,
2026-04-01,DLBS,,1338,1295,1319,,,2104,2758850,48,,
2026-04-01,DOLTI,,497.9,478.1,485,,,8236,4004579,112,,
2026-04-01,DORDI,,295,279.3,282,,,160022,45801728.1,585,,
2026-04-01,EBL,,706,692.1,697,,,50636,35326675.7,288,,
2026-04-01,EHPL,,430,410,413,,,39675,16530422,267,,
2026-04-01,ENL,,921,902.2,910,,,1741,1589814.7,30,,
2026-04-01,FMDBL,,842,811,815,,,67708,55677537.9,360,,
2026-04-01,FOWAD,,1159.9,1115.6,1127,,,7427,8339338.9,95,,
2026-04-01,GBIME,,245.5,236.2,239,,,388885,93358770.1,783,,
2026-04-01,GBLBS,,790,770,779,,,4815,3756860.1,86,,
2026-04-01,GCIL,,444.9,432.1,436.9,,,42413,18503575.2,373,,
2026-04-01,GFCL,,671,645,646,,,26515,17305089.7,209,,
2026-04-01,GHL,,256,237,239.9,,,216834,52990863.1,699,,
2026-04-01,GILB,,1173,1149,1149,,,3043,3514974.2,52,,
2026-04-01,GLBSL,,1940,1895.1,1914,,,1957,3726478.5,58,,
2026-04-01,GLH,,290,274,278,,,184070,51444990.7,720,,
2026-04-01,GMFBS,,1440,1370,1370,,,2075,2881551.5,51,,
2026-04-01,GMFIL,,504,480,485,,,15420,7485519.6,108,,
2026-04-01,GMLI,,1705,1635,1650,,,6217,10454368.9,214,,
2026-04-01,GUFL,,557,545.1,545.1,,,9439,5213207.9,114,,
2026-04-01,GVL,,500,489,490,,,52383,25820216.7,305,,
2026-04-01,HATHY,,930,902,910,,,13691,12457913.8,190,,
2026-04-01,HBL,,218,206.8,208.9,,,145294,30462367.3,1248,,
2026-04-01,HDHPC,,236,215,217.5,,,744682,165994236.2,1985,,
2026-04-01,HDL,,1200,1160.1,1170,,,66565,78065052.6,959,,
2026-04-01,HFIN,,384.7,356,384.7,,,450,172111,45,,
2026-04-01,HHL,,364,341.1,343.1,,,61241,21322897.7,350,,
2026-04-01,HIDCL,,283.8,270,271,,,357309,97829523.6,1133,,
2026-04-01,HIMSTAR,,944,910,931,,,11755,10882247.3,234,,
2026-04-01,HLBSL,,938.1,910,920,,,4471,4109678.9,53,,
2026-04-01,HLI,,374,360,365,,,230832,84523091.8,1082,,
2026-04-01,HPPL,,397,383,390.6,,,138405,53737278.8,546,,
2026-04-01,HRL,,827,785,786.9,,,889897,713126644.6,7230,,
2026-04-01,HURJA,,296,276.1,277,,,503961,143558099.1,1025,,
2026-04-01,ICFC,,654.6,633.1,642,,,22068,14160104.2,143,,
2026-04-01,IHL,,507.9,499.4,499.6,,,7197,3602372,85,,
2026-04-01,ILBS,,1020,972,989,,,4766,4702339.4,73,,
2026-04-01,ILI,,453.8,443,443.2,,,22514,10054319.4,321,,
2026-04-01,JBLB,,1347.1,1304,1315,,,11983,15827609.9,267,,
2026-04-01,JFL,,449,427.6,430,,,8157,3521069.3,97,,
2026-04-01,JHAPA,,1440,1315,1415,,,19401,26423426,198,,
2026-04-01,JOSHI,,310,289,293,,,69239,20442909.2,363,,
2026-04-01,JSLBB,,1189,1160,1170,,,508,595379.7,14,,
2026-04-01,KBL,,232.8,220.1,221,,,1882209,422199137.2,3009,,
2026-04-01,KBSH,,1678.8,1650.2,1650.2,,,496,818987.8,15,,
2026-04-01,KDL,,891.2,856.6,861,,,5224,4538508.3,113,,
2026-04-01,KKHC,,278,260.1,261.9,,,102373,27387374.2,517,,
2026-04-01,KMCDB,,942,920,920,,,3454,3198235.9,43,,
2026-04-01,KPCL,,525,511.5,514,,,39384,20332182.2,276,,
2026-04-01,LEC,,244.9,227,230,,,458268,107810843,1236,,
2026-04-01,LICN,,850.5,826,830,,,27673,23129045.6,226,,
2026-04-01,LLBS,,1000,980,989,,,697,684447,18,,
2026-04-01,LSL,,222.8,212.3,214.5,,,205121,44325568.7,429,,
2026-04-01,MABEL,,745,705.1,712,,,14447,10407689.6,290,,
2026-04-01,MAKAR,,529,510,510,,,7239,3739748.4,77,,
2026-04-01,MANDU,,837.2,805,825,,,3592,2951816.6,89,,
2026-04-01,MATRI,,970,955,955,,,1849,1774167.8,38,,
2026-04-01,MBJC,,303,292.3,293,,,43968,12999211.2,377,,
2026-04-01,MBL,,259.5,245,248,,,203926,50650128.5,394,,
2026-04-01,MCHL,,407,396,396,,,9869,3967661.1,69,,
2026-04-01,MEHL,,455,435.1,440,,,17459,7730900,140,,
2026-04-01,MEL,,289,278,280,,,26430,7440582.5,226,,
2026-04-01,MEN,,605,587,599.9,,,135322,80399266.4,695,,
2026-04-01,MERO,,754.1,725,749,,,31223,23036352.8,203,,
2026-04-01,MFIL,,824.1,797,800,,,73022,58813366,302,,
2026-04-01,MHCL,,373.1,359,362,,,22103,8084403.5,207,,
2026-04-01,MHL,,535,516,519,,,25407,13285576.3,180,,
2026-04-01,MHNL,,287,270,276,,,42366,11665371.7,167,,
2026-04-01,MKCL,,1392,1346,1360,,,6453,8813334.1,120,,
2026-04-01,MKHC,,351,328,329,,,49649,16556728,285,,
2026-04-01,MKHL,,776,745,761.1,,,5896,4426380.7,68,,
2026-04-01,MKJC,,523,510,518,,,16895,8693708.4,161,,
2026-04-01,MLBBL,,1328,1293.7,1306,,,3933,5143165.9,71,,
2026-04-01,MLBS,,1458,1402,1445,,,1459,2074596.3,34,,
2026-04-01,MLBSL,,1885,1840,1840,,,1378,2558351,61,,
2026-04-01,MMKJL,,560,542,550,,,9941,5456589.3,96,,
2026-04-01,MPFL,,658,611,626.9,,,28061,17667442.7,258,,
2026-04-01,MSHL,,780,756,773,,,3433,2635319.3,44,,
2026-04-01,MSLB,,1336.2,1280,1285.1,,,2483,3245883.3,69,,
2026-04-01,NABIL,,531,520,523,,,70913,37157925.3,628,,
2026-04-01,NADEP,,800,765,781.9,,,1976,1536259.4,40,,
2026-04-01,NBL,,280,267.7,269,,,219719,59835623.3,589,,
2026-04-01,NESDO,,1598.9,1553.2,1577,,,436,682464.4,21,,
2026-04-01,NFS,,647.7,613,617,,,28961,18097600.8,277,,
2026-04-01,NGPL,,481.3,452,458.2,,,939756,432338779.9,1731,,
2026-04-01,NHDL,,658,644.9,647,,,4302,2781029.9,56,,
2026-04-01,NHPC,,294,269.1,272,,,1102318,306413144.3,2881,,
2026-04-01,NICA,,387.8,372.5,374,,,220782,83323335.4,582,,
2026-04-01,NICLBSL,,619,590,591.1,,,35157,21096009.4,300,,
2026-04-01,NIFRA,,275,266,267,,,265167,71367408.9,1126,,
2026-04-01,NIMB,,215,204,205,,,231352,47752472.7,806,,
2026-04-01,NLIC,,798.1,780,785,,,53767,42230522.4,417,,
2026-04-01,NLICL,,605,589,594.5,,,30785,18283375.5,180,,
2026-04-01,NLO,,269.4,269.4,269.4,,,0,0,0,,
2026-04-01,NMB,,257.9,247.1,248.1,,,69545,17345756.7,216,,
2026-04-01,NMBMF,,680,665,677,,,2741,1843410.3,36,,
2026-04-01,NMFBS,,1182.9,1163,1165,,,8038,9414738.9,83,,
2026-04-01,NMLBBL,,640.9,618.3,621,,,15976,9986207.5,149,,
2026-04-01,NRIC,,1155.5,1061.1,1063,,,393298,426405324.4,4175,,
2026-04-01,NRM,,436,423,425,,,22901,9763669.7,216,,
2026-04-01,NRN,,1610,1510,1527.9,,,198867,307026197.5,1614,,
2026-04-01,NTC,,880,866,868,,,22437,19584172.4,311,,
2026-04-01,NUBL,,707,686,697,,,7422,5150821.2,114,,
2026-04-01,NWCL,,860,820,820,,,10461,8824303.5,140,,
2026-04-01,NYADI,,426.5,406,410,,,15516,6399004.3,167,,
2026-04-01,OHL,,715,701,714,,,3147,2223205.6,54,,
2026-04-01,OMPL,,1292,1260,1260,,,6349,8075204.4,167,,
2026-04-01,PCBL,,255,238,242.1,,,206199,50014790.6,592,,
2026-04-01,PFL,,409,393.3,395,,,18463,7368319.8,137,,
2026-04-01,PHCL,,325,304.5,312,,,155477,48627280.8,733,,
2026-04-01,PMHPL,,380,352,355,,,58411,21015570.3,279,,
2026-04-01,PMLI,,500,480.4,484.8,,,19709,9569880.9,246,,
2026-04-01,PPCL,,422.2,387.5,390,,,65186,25868952.5,271,,
2026-04-01,PPL,,384.5,365,366,,,112378,41959024.2,466,,
2026-04-01,PROFL,,468,455,458,,,18252,8414903.5,120,,
2026-04-01,PRVU,,215,204.9,206,,,279751,58116486.7,918,,
2026-04-01,PURE,,967,921.2,938.9,,,17938,16930450.4,210,,
2026-04-01,RADHI,,853,810,823,,,258655,214803525.8,743,,
2026-04-01,RAWA,,691,685,690,,,2583,1779661.1,44,,
2026-04-01,RFPL,,409,383,383.2,,,130170,50935847.9,628,,
2026-04-01,RHGCL,,318.3,299,305,,,84743,25984676.4,392,,
2026-04-01,RHPL,,302.9,289.5,293.8,,,50045,14710650.1,298,,
2026-04-01,RIDI,,364.3,340.2,348,,,1166475,408410971.1,2781,,
2026-04-01,RLEL,,439.2,400.5,439.2,,,150,64371,15,,
2026-04-01,RLFL,,482.3,452,455,,,27231,12475035.4,144,,
2026-04-01,RNLI,,478.8,465,468.5,,,38508,18054173.3,384,,
2026-04-01,RSDC,,729,701,709,,,43447,30696323.2,195,,
2026-04-01,RSML,,2947.2,2678.2,2947.2,,,5120,15066432.5,139,,
2026-04-01,RURU,,695.9,660,670,,,16296,10941132.8,130,,
2026-04-01,SAGAR,,1939,1860.1,1876,,,10317,19481521.8,249,,
2026-04-01,SAHAS,,634,614,620,,,460776,287433415.5,2273,,
2026-04-01,SAIL,,1318,1215.2,1218,,,44063,55407498.3,885,,
2026-04-01,SANIMA,,357,343.2,344.1,,,99280,34333086.9,318,,
2026-04-01,SANVI,,803,750,770,,,39974,31164382.3,427,,
2026-04-01,SARBTM,,880,862,871.9,,,19338,16812602.5,170,,
2026-04-01,SBI,,415,405.5,406,,,33484,13630164.8,130,,
2026-04-01,SBL,,402,392,393.6,,,224654,89066479,415,,
2026-04-01,SCB,,660,648,650,,,24372,15900474.8,154,,
2026-04-01,SGHC,,420,403.1,417,,,40475,16581575.8,242,,
2026-04-01,SHEL,,333,311,315,,,475191,151061691.4,1342,,
2026-04-01,SHIVM,,690.9,660,669,,,637105,428378464.1,2157,,
2026-04-01,SHL,,505,481,491,,,82708,40669694.6,277,,
2026-04-01,SHLB,,1620,1555,1578,,,600,952154,27,,
2026-04-01,SHPC,,546,530,535,,,142320,76525054.2,458,,
2026-04-01,SIFC,,578.2,555.1,559.5,,,18465,10391683.5,99,,
2026-04-01,SIKLES,,625,604.6,608,,,23177,14171081.6,224,,
2026-04-01,SJCL,,335.6,310,317.1,,,46382,14784317.8,244,,
2026-04-01,SJLIC,,458,440.2,443.5,,,21445,9545118.6,221,,
2026-04-01,SKBBL,,780,768.2,770,,,36899,28509216.9,306,,
2026-04-01,SKHEL,,416,377.1,416,,,110,44579,11,,
2026-04-01,SKHL,,531.4,492.7,531.4,,,340,179724,34,,
2026-04-01,SLBBL,,840,815,828.9,,,14219,11774193,142,,
2026-04-01,SLBSL,,1405,1330,1362,,,2953,4021692.2,50,,
2026-04-01,SMATA,,823.9,799.1,799.1,,,10969,8845410.4,192,,
2026-04-01,SMB,,1882,1819,1882,,,2049,3772775.4,50,,
2026-04-01,SMFBS,,1700.3,1667,1669,,,393,657515.7,21,,
2026-04-01,SMH,,627.1,611,611,,,12497,7724742.5,166,,
2026-04-01,SMHL,,520,501,511,,,277222,140705598.2,878,,
2026-04-01,SMJC,,502.5,485,488.2,,,72143,35397063,345,,
2026-04-01,SMPDA,,900,861.3,863.3,,,8570,7451661.9,106,,
2026-04-01,SNLI,,472,457.5,458,,,43520,20040103.7,453,,
2026-04-01,SOHL,,700,655.7,666,,,130296,87168467.6,7523,,
2026-04-01,SONA,,461.8,444.1,447,,,123219,55413618.2,659,,
2026-04-01,SPC,,504,486.9,488,,,11676,5744864.1,113,,
2026-04-01,SPDL,,438,409,415,,,184203,77033343.7,515,,
2026-04-01,SPHL,,550,535,543.9,,,7687,4158796.8,64,,
2026-04-01,SPL,,751.8,720,723,,,14123,10300452.3,143,,
2026-04-01,SRLI,,405,395,397,,,33699,13389289.3,334,,
2026-04-01,SSHL,,230,208.9,213.9,,,634655,138473151.7,1828,,
2026-04-01,STC,,5967,5750,5764.1,,,6920,40108844.1,104,,
2026-04-01,SWASTIK,,2765,2705.1,2710,,,1780,4883259,79,,
2026-04-01,SWBBL,,763,748,763,,,11529,8686899.5,101,,
2026-04-01,SWMF,,698,669.5,689.9,,,8701,5899455.6,89,,
2026-04-01,SYPNL,,1899,1830,1843,,,144439,268779194.5,1872,,
2026-04-01,TAMOR,,464.9,448,453,,,200990,91068942.2,439,,
2026-04-01,TPC,,404,382,387.9,,,108392,42162964,420,,
2026-04-01,TRH,,782,760,766.2,,,3315,2545712.7,54,,
2026-04-01,TSHL,,734,707,718.9,,,3250,2310096.9,49,,
2026-04-01,TTL,,902,862,870,,,46741,40943560.3,620,,
2026-04-01,TVCL,,618.1,575,578,,,16940,9802635.5,97,,
2026-04-01,UHEWA,,601.9,575,577.2,,,41139,24105571.2,268,,
2026-04-01,ULBSL,,3209.9,3100,3174,,,701,2197656.4,53,,
2026-04-01,ULHC,,530,500,500.5,,,21440,10847794,137,,
2026-04-01,UMHL,,620,590.1,600.9,,,88108,53318184.2,342,,
2026-04-01,UMRH,,560,540,543.1,,,22213,12145570.4,140,,
2026-04-01,UNHPL,,538,503,510,,,177877,91896610.4,519,,
2026-04-01,UNL,,46780,46700,46700,,,20,934800,2,,
2026-04-01,UNLB,,1775,1671.2,1694,,,3981,6774007.7,104,,
2026-04-01,UPCL,,401,383.2,387,,,251590,98656284.9,1171,,
2026-04-01,UPPER,,221,206.5,208.1,,,594242,125503704,2185,,
2026-04-01,USHEC,,500,484.2,488.9,,,36459,17904299.9,166,,
2026-04-01,USHL,,722,693.9,703.9,,,5618,3925590.4,59,,
2026-04-01,USLB,,1450,1420,1428,,,4497,6436272.5,102,,
2026-04-01,VLBS,,791,771.1,772.1,,,12703,9895028.1,334,,
2026-04-01,VLUCL,,559,537.1,542.1,,,14583,7980590.2,158,,
2026-04-02,ACLBSL,,1040,971.2,1021.2,,,7060,7084094.4,116,,
2026-04-02,ADBL,,312.9,304,309.1,,,51652,15991251.4,259,,
2026-04-02,AHL,,499.8,484,486.1,,,5648,2766998.3,74,,
2026-04-02,AHPC,,292,280,285.1,,,422084,121015849,1242,,
2026-04-02,AKJCL,,394.8,369.3,388.4,,,659026,252822882.1,983,,
2026-04-02,AKPL,,278.4,265,271.9,,,304627,82959050.2,1004,,
2026-04-02,ALBSL,,1207,1155,1196.8,,,19895,23454640.3,318,,
2026-04-02,ALICL,,468,450,463.8,,,61841,28459100.9,257,,
2026-04-02,ANLB,,6549.8,6316,6549.8,,,791,5083811.4,31,,
2026-04-02,API,,356.8,343,353,,,787287,277271271,2125,,
2026-04-02,AVYAN,,1225.5,1153.1,1189,,,29686,35376159.1,410,,
2026-04-02,BANDIPUR,,883,861.2,872,,,60460,52718615,898,,
2026-04-02,BARUN,,359,340,353,,,185301,65393798.3,770,,
2026-04-02,BBC,,5082,4791,5024,,,572,2837631.5,42,,
2026-04-02,BEDC,,490,478,478,,,18633,8980047.3,197,,
2026-04-02,BFC,,476,460,467,,,16232,7596968.1,150,,
2026-04-02,BGWT,,754.9,741,750,,,3487,2596938.6,81,,
2026-04-02,BHCL,,571.2,540,562,,,28483,15940212,457,,
2026-04-02,BHDC,,477,461,467.8,,,30685,14375968.7,248,,
2026-04-02,BHL,,223.6,210,219.8,,,656967,143398292.2,2095,,
2026-04-02,BHPL,,563,542,549.9,,,35413,19512600.8,232,,
2026-04-02,BJHL,,700,649.1,700,,,1840,1286750,184,,
2026-04-02,BNHC,,353,336.2,345,,,16340,5604604.7,174,,
2026-04-02,BNL,,15300,15300,15300,,,12,183000,2,,
2026-04-02,BNT,,11600,11348.4,11575.3,,,100,1155558,6,,
2026-04-02,BPCL,,704.9,681.2,690,,,108201,74802675.6,463,,
2026-04-02,BUNGAL,,620,599,612,,,16792,10216786.5,334,,
2026-04-02,CBBL,,930,914,922.9,,,24396,22486916.6,329,,
2026-04-02,CFCL,,534,502,517,,,22301,11606945.9,150,,
2026-04-02,CGH,,830,806.1,824,,,18111,14892004.4,214,,
2026-04-02,CHCL,,497,484.2,493.8,,,54700,26864562.9,309,,
2026-04-02,CHDC,,2430,2325.3,2416.5,,,44013,105496785.5,344,,
2026-04-02,CHL,,294,282,285.7,,,57241,16489449.2,259,,
2026-04-02,CIT,,1807,1750,1796,,,12383,22116614.9,264,,
2026-04-02,CITY,,480,470,474,,,9194,4379884.6,133,,
2026-04-02,CKHL,,693.5,664,690,,,5915,4045762,63,,
2026-04-02,CLI,,470,460,467.1,,,19783,9224445.7,295,,
2026-04-02,CREST,,1350,1311,1315.2,,,9505,12585845.8,234,,
2026-04-02,CYCL,,1600,1558.3,1590,,,3144,4981327.1,75,,
2026-04-02,CZBIL,,212.8,204.4,208,,,116287,24268400.9,394,,
2026-04-02,DDBL,,860,839.4,849,,,11476,9754548.6,134,,
2026-04-02,DHEL,,675,647.8,659.9,,,29697,19583145.3,511,,
2026-04-02,DHPL,,312.1,300.2,307,,,16428,5041322.9,102,,
2026-04-02,DLBS,,1330,1298.1,1300,,,1274,1667501.5,39,,
2026-04-02,DOLTI,,487,477,479,,,7300,3507998.5,117,,
2026-04-02,DORDI,,294,278,285.3,,,288178,82940358.2,1002,,
2026-04-02,EBL,,700,685.6,692.5,,,37489,26062460.1,285,,
2026-04-02,EHPL,,419.7,406,411,,,29971,12368111.1,248,,
2026-04-02,ENL,,909,892.1,909,,,703,635888.5,16,,
2026-04-02,FMDBL,,830,790.1,817,,,37321,30394143.1,269,,
2026-04-02,FOWAD,,1131.9,1093,1125,,,7799,8745175.2,88,,
2026-04-02,GBIME,,242,235,236.3,,,167409,39816187.5,641,,
2026-04-02,GBLBS,,781.3,765,775,,,7593,5902029.1,67,,
2026-04-02,GCIL,,444,431.1,434,,,48620,21288306.2,390,,
2026-04-02,GFCL,,663,630.2,647,,,21987,14240822.4,157,,
2026-04-02,GHL,,246,233,237.4,,,235745,56395072,530,,
2026-04-02,GILB,,1170,1126.2,1154.6,,,1640,1893740.3,30,,
2026-04-02,GLBSL,,1914,1870,1876,,,1974,3730761.1,53,,
2026-04-02,GLH,,281,267.8,274,,,193514,53070413.7,640,,
2026-04-02,GMFBS,,1401,1343,1368.2,,,1151,1586147.6,34,,
2026-04-02,GMFIL,,494,474,479,,,21076,10199786.9,109,,
2026-04-02,GMLI,,1650,1585.2,1649.9,,,5381,8753603.9,158,,
2026-04-02,GUFL,,555,530,544.3,,,19052,10345922.5,145,,
2026-04-02,GVL,,496.7,483.3,491,,,39500,19307264.5,270,,
2026-04-02,HATHY,,914.9,891.8,901,,,10255,9248106.4,174,,
2026-04-02,HBL,,211.9,205,207.5,,,115804,24117143.9,1198,,
2026-04-02,HDHPC,,230,211.5,220.5,,,698152,154873554.1,1977,,
2026-04-02,HDL,,1183,1150,1169.8,,,58074,67975556.2,735,,
2026-04-02,HFIN,,423.1,381.7,423.1,,,590,247484,59,,
2026-04-02,HHL,,349.9,338.6,344.1,,,53262,18329461.6,272,,
2026-04-02,HIDCL,,276,266,272,,,215576,58566603.8,817,,
2026-04-02,HIMSTAR,,928,880.2,910,,,8341,7557076.9,242,,
2026-04-02,HLBSL,,925,907.1,923,,,1128,1030572.5,34,,
2026-04-02,HLI,,368,360,365.9,,,67259,24504471.6,543,,
2026-04-02,HPPL,,393,380.2,383,,,80731,31153042.1,505,,
2026-04-02,HRL,,798.9,745,783,,,380411,296539855.7,3550,,
2026-04-02,HURJA,,285,268.8,274,,,295047,82093813.4,744,,
2026-04-02,ICFC,,644,622.3,636,,,32671,20690293.9,179,,
2026-04-02,IHL,,504,492.6,496.9,,,2252,1123478.4,60,,
2026-04-02,ILBS,,1000,975,975,,,3649,3600615.5,83,,
2026-04-02,ILI,,448,436.4,446,,,20977,9298383.9,399,,
2026-04-02,JBLB,,1325,1290,1313,,,10006,13106475.4,264,,
2026-04-02,JFL,,435,413,420,,,13813,5863558.3,137,,
2026-04-02,JHAPA,,1414,1313,1382,,,17621,23698494.6,197,,
2026-04-02,JOSHI,,297,282,288.2,,,63948,18573088.7,336,,
2026-04-02,JSLBB,,1170,1150,1152,,,475,550996.6,21,,
2026-04-02,KBL,,226.2,213,222,,,1079921,238672578.8,2197,,
2026-04-02,KBSH,,1663.6,1628,1663.6,,,136,223369,8,,
2026-04-02,KDL,,869.9,840,852,,,4990,4233227,91,,
2026-04-02,KKHC,,267,251.8,261,,,101552,26508170.2,541,,
2026-04-02,KMCDB,,928,895,901.5,,,8464,7695699,100,,
2026-04-02,KPCL,,517,505.1,512,,,39810,20388536.5,269,,
2026-04-02,LEC,,237,226,234.9,,,344665,79765249.8,903,,
2026-04-02,LICN,,841,816.5,832,,,17339,14474732.6,116,,
2026-04-02,LLBS,,989,971,980,,,870,849011,17,,
2026-04-02,LSL,,217.5,208,214.1,,,82853,17746624.4,348,,
2026-04-02,MABEL,,712.9,693,700,,,23319,16391403.8,211,,
2026-04-02,MAKAR,,520.2,500,503.1,,,9607,4888951.2,95,,
2026-04-02,MANDU,,829.8,806.3,825,,,3629,2958106,82,,
2026-04-02,MATRI,,962,936,951.1,,,1523,1444842.7,38,,
2026-04-02,MBJC,,297,287.4,292,,,52660,15421955.2,375,,
2026-04-02,MBL,,256,243,248,,,182198,45329960.2,450,,
2026-04-02,MCHL,,400,388.1,389,,,7920,3096696.1,76,,
2026-04-02,MEHL,,445,431.4,434,,,14621,6391096.8,139,,
2026-04-02,MEL,,282,273,275,,,26017,7216606.7,244,,
2026-04-02,MEN,,599,572.4,589.9,,,148605,86874916.5,690,,
2026-04-02,MERO,,763,733,735,,,9741,7232191.5,142,,
2026-04-02,MFIL,,805,784.1,785.1,,,89701,71317204,313,,
2026-04-02,MHCL,,365,348,358,,,13717,4928363.1,157,,
2026-04-02,MHL,,535,511,522.7,,,24113,12599847.4,170,,
2026-04-02,MHNL,,279,261.7,269.5,,,27961,7595040.3,148,,
2026-04-02,MKCL,,1387,1335,1355,,,5075,6933138.5,104,,
2026-04-02,MKHC,,338.9,322.5,331.9,,,35531,11755071.9,224,,
2026-04-02,MKHL,,775,730,756.3,,,25237,18579613.3,132,,
2026-04-02,MKJC,,520,510.3,514.9,,,24187,12421877.8,134,,
2026-04-02,MLBBL,,1312,1288.2,1291,,,3101,4020422.9,76,,
2026-04-02,MLBS,,1443,1415,1441,,,343,493194,15,,
2026-04-02,MLBSL,,1890,1826,1859.5,,,1567,2904614.7,54,,
2026-04-02,MMKJL,,554.7,539.1,548.8,,,2575,1411185.5,54,,
2026-04-02,MPFL,,638,625,627,,,16920,10641592.8,157,,
2026-04-02,MSHL,,772.7,757.6,762,,,1195,913289,18,,
2026-04-02,MSLB,,1323.9,1250,1285,,,2924,3750044.5,91,,
2026-04-02,NABIL,,524.9,512,517.5,,,83066,43064809,785,,
2026-04-02,NADEP,,784,772,783,,,1897,1483055.8,31,,
2026-04-02,NBL,,270,263.2,269.7,,,189444,50615020.1,487,,
2026-04-02,NESDO,,1590,1551,1585,,,2049,3227701.7,35,,
2026-04-02,NFS,,629.9,610,617,,,20328,12582309.8,241,,
2026-04-02,NGPL,,464.8,450.1,462,,,673745,309259443,1390,,
2026-04-02,NHDL,,658,638,640,,,11473,7379016.2,66,,
2026-04-02,NHPC,,286,262,276.8,,,874968,241908780.9,2412,,
2026-04-02,NICA,,381.4,367.3,376.9,,,195379,73154676.7,557,,
2026-04-02,NICLBSL,,608,585,595,,,16329,9727687.5,190,,
2026-04-02,NIFRA,,271.3,263,266,,,168920,45206305.4,915,,
2026-04-02,NIMB,,209,200,206.9,,,243068,50042503.9,719,,
2026-04-02,NLIC,,795.7,769,785,,,55782,43557593.4,342,,
2026-04-02,NLICL,,596.9,585.1,590,,,18926,11139606.9,113,,
2026-04-02,NLO,,269.4,269.4,269.4,,,0,0,0,,
2026-04-02,NMB,,252,243.2,249,,,40655,10079893,193,,
2026-04-02,NMBMF,,677,650,674,,,5756,3822690.2,72,,
2026-04-02,NMFBS,,1183,1137,1160,,,3072,3548112.3,46,,
2026-04-02,NMLBBL,,630,611.3,622,,,15552,9678430.3,123,,
2026-04-02,NRIC,,1124,1030,1071,,,151036,161361588.9,1799,,
2026-04-02,NRM,,431.4,412.2,419,,,21026,8847573.4,217,,
2026-04-02,NRN,,1610,1510,1575,,,187809,293215002.9,1262,,
2026-04-02,NTC,,875,850.7,866,,,17213,14939199.1,305,,
2026-04-02,NUBL,,700,685,691.1,,,4170,2889881.8,60,,
2026-04-02,NWCL,,836.4,803.6,803.6,,,5062,4121939.4,115,,
2026-04-02,NYADI,,418.2,405,411.9,,,20919,8568241.7,175,,
2026-04-02,OHL,,712.9,699.8,712.4,,,2353,1671857.9,25,,
2026-04-02,OMPL,,1275,1250,1265,,,10768,13568338,175,,
2026-04-02,PCBL,,245.9,238,244,,,74939,18113572.5,339,,
2026-04-02,PFL,,400,385,392.2,,,14353,5663726.1,138,,
2026-04-02,PHCL,,318.1,302,311,,,168190,52242949.2,735,,
2026-04-02,PMHPL,,360,341.1,350,,,37740,13251054.3,203,,
2026-04-02,PMLI,,488.9,471,480.3,,,19566,9389283.3,263,,
2026-04-02,PPCL,,399,380,392.5,,,66237,25909174.4,236,,
2026-04-02,PPL,,373,360,361,,,74317,27116866.1,369,,
2026-04-02,PROFL,,464,445.8,455,,,20158,9211142.7,138,,
2026-04-02,PRVU,,209.9,202,206.2,,,233724,48259916.3,808,,
2026-04-02,PURE,,949,904.2,937,,,13659,12637517.3,212,,
2026-04-02,RADHI,,843,811,821,,,168981,139690940.6,551,,
2026-04-02,RAWA,,700,676.2,690,,,1823,1247541.5,29,,
2026-04-02,RFPL,,393,375.6,388,,,99332,38316602.3,552,,
2026-04-02,RHGCL,,308,295.1,303.9,,,83054,24998380.9,382,,
2026-04-02,RHPL,,295,276.1,292,,,55284,16006211.5,298,,
2026-04-02,RIDI,,357,335,347.9,,,700868,243764445.5,1576,,
2026-04-02,RLEL,,483.1,445,483.1,,,270,129055,27,,
2026-04-02,RLFL,,464.1,445.9,448,,,28371,12804502.3,184,,
2026-04-02,RNLI,,472.4,460.5,469,,,34933,16362462.2,429,,
2026-04-02,RSDC,,714,690,696,,,23222,16276178.7,146,,
2026-04-02,RSML,,3241.9,3006.1,3241.9,,,16025,51908127.5,457,,
2026-04-02,RURU,,673.1,643.6,663,,,7310,4831571.9,106,,
2026-04-02,SAGAR,,1947,1839,1902,,,16159,30237267.7,302,,
2026-04-02,SAHAS,,630,613,625,,,232244,144993989.1,1145,,
2026-04-02,SAIL,,1300,1193.7,1300,,,67146,82656744.4,1050,,
2026-04-02,SANIMA,,348,338.2,346,,,54469,18748558.8,297,,
2026-04-02,SANVI,,774.9,740,756.5,,,20144,15303574.3,341,,
2026-04-02,SARBTM,,871,840,856.3,,,25420,21889386.7,213,,
2026-04-02,SBI,,408,398,408,,,42269,17026246.8,172,,
2026-04-02,SBL,,397,385.8,394,,,108148,42547723.5,310,,
2026-04-02,SCB,,653.9,645,653.5,,,21410,13920893,118,,
2026-04-02,SGHC,,449,408,415,,,74184,30962923.4,297,,
2026-04-02,SHEL,,321.3,308.1,315.9,,,286286,90234784.7,945,,
2026-04-02,SHIVM,,682,660,675,,,355138,238790952.3,1378,,
2026-04-02,SHL,,495,481.2,492,,,33660,16568734,154,,
2026-04-02,SHLB,,1580,1519,1556,,,900,1398641,34,,
2026-04-02,SHPC,,538,528,530,,,95460,50824702.3,405,,
2026-04-02,SIFC,,570.6,538.4,561,,,23124,12889799.8,92,,
2026-04-02,SIKLES,,611.9,590,608,,,26294,15892575.7,245,,
2026-04-02,SJCL,,321.9,306.1,321,,,41654,13122044.4,231,,
2026-04-02,SJLIC,,450,436.1,443,,,29692,13163264.9,230,,
2026-04-02,SKBBL,,780,760,771.9,,,20720,16002084.2,222,,
2026-04-02,SKHEL,,457.6,424.3,457.6,,,150,67820,15,,
2026-04-02,SKHL,,584.5,542,584.5,,,570,332121,57,,
2026-04-02,SLBBL,,829,815,823,,,7908,6517038.8,119,,
2026-04-02,SLBSL,,1389.2,1317.8,1384,,,3928,5303083.2,69,,
2026-04-02,SMATA,,808,776,792,,,12286,9805932.4,200,,
2026-04-02,SMB,,1880,1820,1839.9,,,1340,2478468,38,,
2026-04-02,SMFBS,,1704.9,1650,1703,,,6399,10792894.4,51,,
2026-04-02,SMH,,618,601,608,,,19073,11642666.5,208,,
2026-04-02,SMHL,,521,501,508,,,140125,71187346.9,645,,
2026-04-02,SMJC,,495.4,483.1,485.9,,,27837,13538412.6,254,,
2026-04-02,SMPDA,,878,856,871.9,,,2728,2368951.5,80,,
2026-04-02,SNLI,,464.5,455.1,460.1,,,23184,10671585.7,419,,
2026-04-02,SOHL,,687,640.1,660.5,,,117989,78290318.7,7119,,
2026-04-02,SONA,,454.5,438.2,442,,,78530,35030213.9,528,,
2026-04-02,SPC,,494,480.1,489,,,11455,5578167.3,107,,
2026-04-02,SPDL,,421.9,406.7,411,,,89923,37228835.2,309,,
2026-04-02,SPHL,,543.8,524,542,,,6051,3250813.6,55,,
2026-04-02,SPL,,733,714,726,,,7507,5405243.8,91,,
2026-04-02,SRLI,,400,389.3,396,,,24342,9611933.3,278,,
2026-04-02,SSHL,,222.3,202.1,214.8,,,513194,110121503.8,1625,,
2026-04-02,STC,,5820,5689,5731,,,2799,16141617,36,,
2026-04-02,SWASTIK,,2800,2700,2720,,,2218,6051992,73,,
2026-04-02,SWBBL,,760,747.8,750,,,7343,5511016.7,98,,
2026-04-02,SWMF,,683,663,680.8,,,5030,3402915.2,77,,
2026-04-02,SYPNL,,1880,1806.2,1845,,,194397,357012589.3,2262,,
2026-04-02,TAMOR,,456,441,448.2,,,115950,52188611.3,378,,
2026-04-02,TPC,,392,370,386,,,162078,61887993.3,583,,
2026-04-02,TRH,,770,755,765,,,1804,1385450.7,17,,
2026-04-02,TSHL,,719,704,704.6,,,4817,3414946.9,83,,
2026-04-02,TTL,,885,852.6,860,,,38602,33445719.4,584,,
2026-04-02,TVCL,,612.5,566.6,583,,,22283,12914137.1,108,,
2026-04-02,UHEWA,,590.5,568,575,,,19061,11055480.9,174,,
2026-04-02,ULBSL,,3210,3085,3130,,,1465,4615787.2,29,,
2026-04-02,ULHC,,519,491,506,,,20494,10358612.9,162,,
2026-04-02,UMHL,,610,592,604,,,62004,37368367.4,284,,
2026-04-02,UMRH,,550.3,538,540,,,11630,6316382.9,117,,
2026-04-02,UNHPL,,520,502.6,512,,,95735,49080723.3,357,,
2026-04-02,UNL,,47400,46695,46700,,,53,2482978.1,8,,
2026-04-02,UNLB,,1690,1650,1665,,,3865,6448749.3,106,,
2026-04-02,UPCL,,392.9,376.1,384,,,167214,64441536.4,767,,
2026-04-02,UPPER,,213.5,199,208,,,563584,117256398.7,2250,,
2026-04-02,USHEC,,495,465,495,,,36781,17823251.1,208,,
2026-04-02,USHL,,713,690,697,,,4017,2784907.9,48,,
2026-04-02,USLB,,1443,1399,1420,,,4005,5643318.2,98,,
2026-04-02,VLBS,,775,755,762.3,,,7112,5437067.7,297,,
2026-04-02,VLUCL,,560.9,523,540,,,6829,3723021.9,105,,
2026-04-05,ACLBSL,,1041,920.1,935,,,7057,6635124.3,133,,
2026-04-05,ADBL,,311.1,302,302,,,81577,24837160,411,,
2026-04-05,AHL,,495.8,466,466.3,,,9634,4562166.3,126,,
2026-04-05,AHPC,,280.2,270.6,271,,,464737,128042728.5,1419,,
2026-04-05,AKJCL,,380.7,356,359.6,,,712721,260994983.2,1185,,
2026-04-05,AKPL,,272,257.9,257.9,,,472952,123748516.7,1304,,
2026-04-05,ALBSL,,1218,1109.4,1160,,,25559,28904306.2,265,,
2026-04-05,ALICL,,472.5,437.2,449.9,,,83282,37227250.7,397,,
2026-04-05,ANLB,,6450,6295,6311,,,326,2075653.2,31,,
2026-04-05,API,,350.5,324.6,325,,,979663,329838998.4,2612,,
2026-04-05,AVYAN,,1198,1070.1,1114,,,14422,16099996.7,268,,
2026-04-05,BANDIPUR,,872,799,799,,,107665,88665143.9,1397,,
2026-04-05,BARUN,,350,332.9,334,,,172225,58276750.1,830,,
2026-04-05,BBC,,5024,4729.5,4837,,,1686,8077065.5,103,,
2026-04-05,BEDC,,483.5,430.2,430.2,,,24011,10688545.8,247,,
2026-04-05,BFC,,465.8,449,449,,,41274,18767464.5,262,,
2026-04-05,BGWT,,759.9,719,720,,,3687,2693423.3,76,,
2026-04-05,BHCL,,560,506.5,515,,,58923,31106151.4,668,,
2026-04-05,BHDC,,477.1,450,450,,,47508,21679619.1,322,,
2026-04-05,BHL,,219,205,207,,,674099,141504186,2297,,
2026-04-05,BHPL,,554,518,525,,,39973,21239359.3,290,,
2026-04-05,BJHL,,770,714,770,,,3690,2839924,369,,
2026-04-05,BNHC,,355,325.1,337,,,57807,19508614.2,387,,
2026-04-05,BNL,,15000,15000,15000,,,40,600000,4,,
2026-04-05,BNT,,11775,11300,11300,,,495,5660998.9,29,,
2026-04-05,BPCL,,690,655,664,,,163042,108420880.2,496,,
2026-04-05,BUNGAL,,602,558,564,,,25673,14861712.5,438,,
2026-04-05,CBBL,,916,898,898,,,57291,51867613.2,766,,
2026-04-05,CFCL,,522.9,486,488.9,,,25383,12632482.1,209,,
2026-04-05,CGH,,820,807.1,809,,,44669,36277332.1,372,,
2026-04-05,CHCL,,489,473,476,,,57591,27461077.8,515,,
2026-04-05,CHDC,,2380,2280,2285,,,102194,237825206.6,580,,
2026-04-05,CHL,,284,265,270,,,73771,20105533.7,360,,
2026-04-05,CIT,,1790,1746,1758,,,19941,34999593.1,351,,
2026-04-05,CITY,,472,452,452,,,18365,8429477.5,253,,
2026-04-05,CKHL,,686,637,637,,,5945,3920532.5,64,,
2026-04-05,CLI,,463.9,453,454,,,48556,22201047.6,480,,
2026-04-05,CREST,,1341.5,1196,1196,,,25520,31420014.4,460,,
2026-04-05,CYCL,,1598,1530,1530.1,,,6571,10139736.5,78,,
2026-04-05,CZBIL,,208,198,200,,,177037,35503775.2,541,,
2026-04-05,DDBL,,848.9,821,821,,,29829,24785650,217,,
2026-04-05,DHEL,,660,594,598,,,40562,24955061.6,675,,
2026-04-05,DHPL,,306,288,289,,,17225,5105154.4,136,,
2026-04-05,DLBS,,1300,1275,1275.1,,,2146,2746614.3,38,,
2026-04-05,DOLTI,,479,445,457,,,13353,6077349.1,178,,
2026-04-05,DORDI,,285.3,272.5,277,,,177843,49150771.4,732,,
2026-04-05,EBL,,692,680,681,,,80444,54997263.6,485,,
2026-04-05,EHPL,,411,395,395.1,,,50050,20084849.1,354,,
2026-04-05,ENL,,890.9,852.6,869.5,,,3577,3100426.2,62,,
2026-04-05,FMDBL,,810,774.3,789,,,44369,35085975.7,302,,
2026-04-05,FOWAD,,1147.5,1065,1065.2,,,14262,15488906.7,138,,
2026-04-05,GBIME,,235,227.7,229.3,,,308041,70850571.8,948,,
2026-04-05,GBLBS,,775,755,758,,,11461,8704375.6,105,,
2026-04-05,GCIL,,430,414.2,414.2,,,47234,19922087.4,454,,
2026-04-05,GFCL,,640.2,622.4,626.5,,,28121,17698346.7,210,,
2026-04-05,GHL,,237.4,225.1,227.9,,,214244,49064324,621,,
2026-04-05,GILB,,1145,1105.1,1115,,,3117,3473650.3,51,,
2026-04-05,GLBSL,,1869.9,1705.2,1715,,,2820,5010001.3,105,,
2026-04-05,GLH,,279,256.6,256.8,,,192686,50340617.8,780,,
2026-04-05,GMFBS,,1345,1314,1325,,,1743,2315437.3,47,,
2026-04-05,GMFIL,,479.4,443,460,,,29903,13802222.5,184,,
2026-04-05,GMLI,,1617,1485,1485,,,12052,18102921.9,365,,
2026-04-05,GUFL,,540,516.2,520,,,24415,12875148.8,178,,
2026-04-05,GVL,,486.5,470,473.5,,,70113,33370081.5,382,,
2026-04-05,HATHY,,895,860.6,860.7,,,12474,10937842.6,290,,
2026-04-05,HBL,,207,197,198,,,233747,46893134.5,1675,,
2026-04-05,HDHPC,,220,204,207,,,786751,165516600,1840,,
2026-04-05,HDL,,1161,1130,1139,,,105334,120268743,1501,,
2026-04-05,HFIN,,465.4,423.1,465.4,,,960,444682,96,,
2026-04-05,HHL,,341,326.1,329.7,,,71532,23777436.9,428,,
2026-04-05,HIDCL,,270,261,262.4,,,272116,71965691.8,985,,
2026-04-05,HIMSTAR,,892,819,827,,,15686,13313874.5,294,,
2026-04-05,HLBSL,,912,885,897,,,13238,11857606.2,79,,
2026-04-05,HLI,,361,349,349,,,222790,78577328.8,1143,,
2026-04-05,HPPL,,386,360,380,,,153612,56812779.7,691,,
2026-04-05,HRL,,767.4,704.7,704.7,,,811186,582848748.8,7380,,
2026-04-05,HURJA,,270,255.3,256.5,,,520171,136225652.8,992,,
2026-04-05,ICFC,,635,607,611,,,35709,21967156.9,227,,
2026-04-05,IHL,,490.4,452,460,,,12562,5874114.8,151,,
2026-04-05,ILBS,,975,920,938,,,9837,9240594.2,106,,
2026-04-05,ILI,,442,433,434,,,35434,15437835.8,486,,
2026-04-05,JBLB,,1305,1270,1273,,,22084,28352058,444,,
2026-04-05,JFL,,424,406,406.2,,,26345,10873313.3,209,,
2026-04-05,JHAPA,,1360,1260,1299.1,,,9399,12191262.8,174,,
2026-04-05,JOSHI,,288,272,272.2,,,94092,26117364.8,463,,
2026-04-05,JSLBB,,1135,1107,1107.5,,,1422,1586074.3,32,,
2026-04-05,KBL,,220,207.9,209.1,,,1549535,329291690.2,3054,,
2026-04-05,KBSH,,1638,1602.4,1638,,,636,1035380.4,21,,
2026-04-05,KDL,,867,825.2,830,,,4253,3554556.8,114,,
2026-04-05,KKHC,,261,240,241,,,148400,36599805.9,681,,
2026-04-05,KMCDB,,919.5,861,875,,,10769,9456046.2,102,,
2026-04-05,KPCL,,506.1,485,485,,,59983,29675259.2,421,,
2026-04-05,LEC,,231,215.1,216,,,324054,71673584.9,1014,,
2026-04-05,LICN,,825,809,810,,,33465,27286637.4,218,,
2026-04-05,LLBS,,996,941.2,949,,,945,914006,27,,
2026-04-05,LSL,,212.9,203.1,207.7,,,344546,71462047.5,649,,
2026-04-05,MABEL,,708.8,654,654,,,18594,12639992.9,289,,
2026-04-05,MAKAR,,503,470,473,,,13633,6589188.3,146,,
2026-04-05,MANDU,,810,790,791,,,8787,7007413.4,94,,
2026-04-05,MATRI,,960,917.1,925,,,4456,4141753,61,,
2026-04-05,MBJC,,288.9,280.1,280.2,,,88605,25176157.4,497,,
2026-04-05,MBL,,247.9,237.1,240.5,,,336129,81324625.7,568,,
2026-04-05,MCHL,,390,355.5,369.9,,,4298,1610652.9,84,,
2026-04-05,MEHL,,428,402,405,,,22711,9482220.1,185,,
2026-04-05,MEL,,272,260.8,262.9,,,44617,11899921.1,374,,
2026-04-05,MEN,,592,565,568,,,160183,91456611.2,872,,
2026-04-05,MERO,,735,706.1,716.9,,,19657,14108272.4,208,,
2026-04-05,MFIL,,782,750.2,770,,,129771,99432663.9,359,,
2026-04-05,MHCL,,354,338.1,339,,,20201,6925495.1,223,,
2026-04-05,MHL,,523,494.4,499.9,,,35916,18201528.1,185,,
2026-04-05,MHNL,,270.5,255,258.8,,,42856,11126438,217,,
2026-04-05,MKCL,,1366.7,1318,1334,,,6013,8052497.6,158,,
2026-04-05,MKHC,,328.9,313,314,,,35396,11313501.3,251,,
2026-04-05,MKHL,,742.3,701.5,703,,,4039,2898505.1,74,,
2026-04-05,MKJC,,516.5,486.2,492,,,33067,16387140.1,226,,
2026-04-05,MLBBL,,1310,1240.5,1250,,,6542,8251055,117,,
2026-04-05,MLBS,,1430,1366,1367,,,2395,3304452.5,51,,
2026-04-05,MLBSL,,1842,1765,1772,,,2622,4732081.8,78,,
2026-04-05,MMKJL,,543,525,525,,,8586,4549336.2,101,,
2026-04-05,MPFL,,627,588,588,,,33251,20100931.9,267,,
2026-04-05,MSHL,,757,728,740,,,2042,1519412,38,,
2026-04-05,MSLB,,1286.2,1240,1241,,,1455,1831333.1,68,,
2026-04-05,NABIL,,518,499.8,505.3,,,103324,52632630.3,1093,,
2026-04-05,NADEP,,770,725.6,743,,,4988,3723033.5,84,,
2026-04-05,NBL,,275,254,257,,,210212,54212964.3,752,,
2026-04-05,NESDO,,1580,1507,1537,,,5377,8276562.6,59,,
2026-04-05,NFS,,619,590,590,,,39752,24072065.3,398,,
2026-04-05,NGPL,,459,437,437,,,949330,420605884.7,1937,,
2026-04-05,NHDL,,644.5,620,620,,,9076,5686036.95,108,,
2026-04-05,NHPC,,277,249.2,251,,,1437001,367636542.4,2929,,
2026-04-05,NICA,,371,352.1,353,,,302502,109112849.9,846,,
2026-04-05,NICLBSL,,597,563,563,,,29634,16987043.9,285,,
2026-04-05,NIFRA,,265,257,258,,,318047,82673954.1,1466,,
2026-04-05,NIMB,,205,198.9,199,,,279967,56160683,886,,
2026-04-05,NLIC,,779,754.6,755,,,89336,68433927.6,593,,
2026-04-05,NLICL,,587,576,580,,,32128,18607771.5,175,,
2026-04-05,NLO,,269.4,269.4,269.4,,,0,0,0,,
2026-04-05,NMB,,249,239.5,240,,,88847,21518332,288,,
2026-04-05,NMBMF,,669,634.5,637.3,,,7973,5126934.8,84,,
2026-04-05,NMFBS,,1142,1114,1114,,,8272,9254770.7,128,,
2026-04-05,NMLBBL,,618.8,605,605.2,,,17818,10884159.7,177,,
2026-04-05,NRIC,,1060,963.9,968,,,203378,201453362.6,2311,,
2026-04-05,NRM,,417,391,400,,,48297,19453267.8,405,,
2026-04-05,NRN,,1550,1481,1488,,,229379,344930359.8,1448,,
2026-04-05,NTC,,883.3,854.2,858.5,,,17865,15368254.1,376,,
2026-04-05,NUBL,,695,660,671,,,12577,8447804.3,154,,
2026-04-05,NWCL,,817.5,755,769,,,7315,5686219.7,148,,
2026-04-05,NYADI,,408,390.2,391.1,,,19091,7597448.6,180,,
2026-04-05,OHL,,705,675,675,,,8994,6190711.6,104,,
2026-04-05,OMPL,,1252,1180.1,1189.9,,,14478,17493590.2,317,,
2026-04-05,PCBL,,242,235.2,238,,,130743,31091135.6,471,,
2026-04-05,PFL,,390,365,369,,,29162,10985426,249,,
2026-04-05,PHCL,,310,290,292,,,223409,66615714.8,996,,
2026-04-05,PMHPL,,346,325.5,333,,,41966,14013293.6,237,,
2026-04-05,PMLI,,476.9,460,462.1,,,23185,10757105.4,286,,
2026-04-05,PPCL,,400.3,370.1,370.1,,,111491,42454127.4,237,,
2026-04-05,PPL,,368,336.4,341,,,92607,31774954.1,444,,
2026-04-05,PROFL,,446.6,429,435,,,25230,11052013.3,188,,
2026-04-05,PRVU,,210,195,198,,,414277,82877634.1,1291,,
2026-04-05,PURE,,930,843.4,843.4,,,20350,17755311.2,304,,
2026-04-05,RADHI,,811,771,776,,,296038,232685781.3,789,,
2026-04-05,RAWA,,703,653,659,,,1709,1139743,44,,
2026-04-05,RFPL,,390,358,359,,,168397,61797328,693,,
2026-04-05,RHGCL,,298,277.7,278,,,88839,25335165.5,415,,
2026-04-05,RHPL,,293.6,273,274.6,,,79919,22338889.3,427,,
2026-04-05,RIDI,,341,315,316,,,953928,309336913.1,2132,,
2026-04-05,RLEL,,531.4,492.7,531.4,,,440,232864,44,,
2026-04-05,RLFL,,454,423,425,,,33540,14477929.4,213,,
2026-04-05,RNLI,,464,453,454,,,45889,20964814.6,516,,
2026-04-05,RSDC,,687,672,672,,,45735,31084040.4,193,,
2026-04-05,RSML,,3566,3306.7,3566,,,18487,65817675,547,,
2026-04-05,RURU,,660,631,636,,,19672,12643473.8,170,,
2026-04-05,SAGAR,,1864,1712.1,1729,,,32297,57012399.3,606,,
2026-04-05,SAHAS,,637.5,600.5,604,,,257088,156166909.8,1617,,
2026-04-05,SAIL,,1274,1170,1178.8,,,46569,55836317.2,977,,
2026-04-05,SANIMA,,346.8,333.5,337,,,136480,46073929.7,475,,
2026-04-05,SANVI,,742,680.9,680.9,,,58704,41293243.9,581,,
2026-04-05,SARBTM,,856.3,831,838,,,32922,27502155.8,262,,
2026-04-05,SBI,,406,390.1,393.5,,,56500,22253733.9,240,,
2026-04-05,SBL,,401.8,377,379,,,350867,134143170.9,533,,
2026-04-05,SCB,,650,637.3,640.3,,,36523,23467211.9,234,,
2026-04-05,SGHC,,418,384,387,,,36394,14283239.3,248,,
2026-04-05,SHEL,,322.2,297,297.3,,,621810,187839440.72,1546,,
2026-04-05,SHIVM,,665,643,646,,,694509,452596476.6,2632,,
2026-04-05,SHL,,492,479,479,,,61854,29870127.5,255,,
2026-04-05,SHLB,,1555,1488,1555,,,1903,2859818.3,44,,
2026-04-05,SHPC,,529,500,503,,,174012,89035117.7,702,,
2026-04-05,SIFC,,561,518.6,534.9,,,30995,16689433.1,152,,
2026-04-05,SIKLES,,605,580,585,,,40995,24199989.5,319,,
2026-04-05,SJCL,,321,303.1,309,,,37198,11426665.4,196,,
2026-04-05,SJLIC,,438,428.1,428.2,,,53801,23213873,331,,
2026-04-05,SKBBL,,772,756,756.6,,,40004,30413416.8,399,,
2026-04-05,SKHEL,,503.3,466.7,503.3,,,250,124927,25,,
2026-04-05,SKHL,,642.9,584,642.9,,,1320,846280,132,,
2026-04-05,SLBBL,,817,800,802.1,,,17573,14157081.9,167,,
2026-04-05,SLBSL,,1408.8,1299.6,1325,,,5042,6720668.8,57,,
2026-04-05,SMATA,,807.8,765.1,771,,,16056,12428396.8,206,,
2026-04-05,SMB,,1838,1741,1838,,,1998,3559129.4,77,,
2026-04-05,SMFBS,,1681,1646.1,1660,,,4573,7597895.7,51,,
2026-04-05,SMH,,620.1,590,593.9,,,25795,15419287.2,234,,
2026-04-05,SMHL,,501.1,478,482,,,186737,91053054.6,971,,
2026-04-05,SMJC,,487,465,467,,,51595,24355631,360,,
2026-04-05,SMPDA,,889,840,840,,,9840,8397914.8,160,,
2026-04-05,SNLI,,455,445,445.2,,,58741,26411609.8,642,,
2026-04-05,SOHL,,660.5,600.5,603.9,,,187035,116677827.7,8848,,
2026-04-05,SONA,,444,423.6,425.5,,,138532,59924467.1,702,,
2026-04-05,SPC,,495,461,464,,,27189,12800030.3,170,,
2026-04-05,SPDL,,410,385.1,398.8,,,177693,70524638.2,467,,
2026-04-05,SPHL,,533,508,510,,,8221,4267677,72,,
2026-04-05,SPL,,717,670.4,670.4,,,9565,6563873.6,128,,
2026-04-05,SRLI,,395,380.3,382.5,,,83112,31990104.5,515,,
2026-04-05,SSHL,,215,198,199,,,663308,134651654,2304,,
2026-04-05,STC,,5697,5610,5610,,,2079,11715751,60,,
2026-04-05,SWASTIK,,2700,2500,2500,,,5135,13246720.8,199,,
2026-04-05,SWBBL,,739,713.1,713.1,,,15051,10895944.2,184,,
2026-04-05,SWMF,,668,650,659,,,10645,6977789.6,111,,
2026-04-05,SYPNL,,1830,1717.2,1759,,,172225,307154751.1,2516,,
2026-04-05,TAMOR,,444,431.3,435,,,136660,59516926.8,441,,
2026-04-05,TPC,,384.1,361.7,369.9,,,99513,36727804,454,,
2026-04-05,TRH,,760,740.3,750,,,8927,6676671.4,62,,
2026-04-05,TSHL,,716.9,640,640,,,9732,6415380.9,147,,
2026-04-05,TTL,,874,795,797,,,64190,52895842.3,910,,
2026-04-05,TVCL,,588,546.9,546.9,,,25991,14465900.2,100,,
2026-04-05,UHEWA,,583,553,556.7,,,28708,16056182.4,233,,
2026-04-05,ULBSL,,3189.5,2928,2990,,,2356,7041803.8,52,,
2026-04-05,ULHC,,498,470,476,,,139525,67948345.4,130,,
2026-04-05,UMHL,,601,581.5,584,,,135837,79702313.1,401,,
2026-04-05,UMRH,,535.1,512,512.4,,,38526,19988522.6,261,,
2026-04-05,UNHPL,,513,494,513,,,273308,138270988.4,680,,
2026-04-05,UNL,,47000,46200,46400,,,77,3584700,8,,
2026-04-05,UNLB,,1667.9,1569,1570,,,3944,6305823,105,,
2026-04-05,UPCL,,381,363.3,366,,,301805,111326695.6,839,,
2026-04-05,UPPER,,209,198,198.6,,,528921,106524742.5,2431,,
2026-04-05,USHEC,,485.1,476,480,,,33252,15945189,181,,
2026-04-05,USHL,,697,657,657,,,4703,3161983,72,,
2026-04-05,USLB,,1400,1322,1330,,,8188,11115786.3,179,,
2026-04-05,VLBS,,759,735,735.1,,,10123,7538977.5,401,,
2026-04-05,VLUCL,,540,515.1,518.1,,,15411,8090693.5,158,,
2026-04-06,ACLBSL,,972,931,959.1,,,11343,10769986.4,138,,
2026-04-06,ADBL,,313,301.2,309,,,93235,28591944.5,404,,
2026-04-06,AHL,,488,461.1,485,,,4487,2160586.5,74,,
2026-04-06,AHPC,,290,270,286,,,330227,92880429.7,1196,,
2026-04-06,AKJCL,,389,359.4,381,,,684434,257009480.5,1168,,
2026-04-06,AKPL,,277,253,272,,,351747,94017635.8,1128,,
2026-04-06,ALBSL,,1193.5,1136.6,1187.8,,,15212,17635302.9,233,,
2026-04-06,ALICL,,463.5,446,457.1,,,24314,11108475,202,,
2026-04-06,ANLB,,6548,6184.8,6500,,,1122,7150283.7,62,,
2026-04-06,API,,348,324,346,,,936872,315298562,2345,,
2026-04-06,AVYAN,,1212.7,1090.8,1135,,,20606,23066989.7,307,,
2026-04-06,BANDIPUR,,852,800,840,,,58017,48036734.5,976,,
2026-04-06,BARUN,,360.8,334,357,,,178742,62574600.5,825,,
2026-04-06,BBC,,4998,4827,4958,,,558,2728103.5,41,,
2026-04-06,BEDC,,465,424,448,,,12704,5710032.5,179,,
2026-04-06,BFC,,467,450.1,464,,,28527,13152251.3,177,,
2026-04-06,BGWT,,735,710,715,,,5089,3691645.5,70,,
2026-04-06,BHCL,,550.8,515,533,,,44697,23780089.9,533,,
2026-04-06,BHDC,,470,448,467.9,,,35670,16439101.6,263,,
2026-04-06,BHL,,227,203,222,,,632959,137153551.3,2381,,
2026-04-06,BHPL,,543.6,522,539.7,,,32346,17252660.6,235,,
2026-04-06,BJHL,,847,770,847,,,4620,3910090,461,,
2026-04-06,BNHC,,358.4,335,351,,,19908,6965223.4,173,,
2026-04-06,BNL,,15300,15100,15100,,,20,304000,2,,
2026-04-06,BNT,,11799.9,11526,11564,,,100,1170088,8,,
2026-04-06,BPCL,,700,659.1,700,,,72344,49625262.6,395,,
2026-04-06,BUNGAL,,598,555.1,580,,,17129,9955929.8,344,,
2026-04-06,CBBL,,919,882,907,,,43153,39125976.6,563,,
2026-04-06,CFCL,,522,480,518,,,34492,17409199.7,202,,
2026-04-06,CGH,,832,798,828.9,,,37704,30821841.5,302,,
2026-04-06,CHCL,,497,476,486,,,62785,30565962.6,384,,
2026-04-06,CHDC,,2395,2290,2378,,,41715,97911341.8,371,,
2026-04-06,CHL,,293.7,270,288,,,87431,24382052.3,361,,
2026-04-06,CIT,,1794,1758,1789.8,,,9604,17059886.6,249,,
2026-04-06,CITY,,470,452.1,470,,,9147,4234254.4,131,,
2026-04-06,CKHL,,700.7,625.3,694.6,,,45662,30794595.9,105,,
2026-04-06,CLI,,468.9,450,468,,,19674,9095456.1,353,,
2026-04-06,CREST,,1250,1172.1,1242,,,19064,23436788.5,287,,
2026-04-06,CYCL,,1574.9,1540,1568,,,1357,2113066,46,,
2026-04-06,CZBIL,,209.9,197.2,206,,,113461,23283360.5,368,,
2026-04-06,DDBL,,847.8,823,839,,,9721,8142859.1,134,,
2026-04-06,DHEL,,634,588,620,,,34959,21628757,523,,
2026-04-06,DHPL,,312.9,289,310,,,16564,4963036.4,99,,
2026-04-06,DLBS,,1352,1276.1,1317,,,868,1119316.6,27,,
2026-04-06,DOLTI,,467.9,449,465,,,7699,3564486.3,134,,
2026-04-06,DORDI,,289.5,273.7,287,,,150685,42756172.2,603,,
2026-04-06,EBL,,698.2,675,693.9,,,30269,20942644.6,297,,
2026-04-06,EHPL,,414,395.1,414,,,33318,13609164.2,281,,
2026-04-06,ENL,,896,880,886,,,964,853995,22,,
2026-04-06,FMDBL,,826,788.5,810,,,33616,27223586.1,228,,
2026-04-06,FOWAD,,1104.9,1066,1100,,,3706,4039614.7,74,,
2026-04-06,GBIME,,238.1,226.1,237.8,,,160876,37518778.6,769,,
2026-04-06,GBLBS,,772,760,770,,,9825,7497985.2,79,,
2026-04-06,GCIL,,430,410,420.1,,,49982,20976132.9,482,,
2026-04-06,GFCL,,654,620,640,,,34995,22094130.1,250,,
2026-04-06,GHL,,246.8,230,243.5,,,296938,70902997.5,793,,
2026-04-06,GILB,,1159,1115,1138.9,,,6272,7148428.5,57,,
2026-04-06,GLBSL,,1836,1749,1835,,,1532,2740586.9,49,,
2026-04-06,GLH,,273.5,255.2,272.5,,,194106,52038943.7,646,,
2026-04-06,GMFBS,,1358,1298.5,1332,,,1021,1362008,22,,
2026-04-06,GMFIL,,480,460.1,480,,,19241,9096190,92,,
2026-04-06,GMLI,,1570.9,1455.3,1536,,,6551,9949212.7,179,,
2026-04-06,GUFL,,539,523,529,,,30132,15972211.3,185,,
2026-04-06,GVL,,493.6,475,489.9,,,30454,14802451.6,260,,
2026-04-06,HATHY,,890,861,880,,,17054,14932586.4,234,,
2026-04-06,HBL,,209.9,198,208.9,,,184639,37795259,1471,,
2026-04-06,HDHPC,,227,205.5,226,,,780886,170474207.5,1969,,
2026-04-06,HDL,,1180,1137,1159.9,,,71773,82985277.5,1016,,
2026-04-06,HFIN,,511.9,474.7,511.9,,,1310,668929,131,,
2026-04-06,HHL,,349.7,331.5,349,,,54706,18664503.9,352,,
2026-04-06,HIDCL,,284,260.3,275.2,,,301255,81835837.2,928,,
2026-04-06,HIMSTAR,,894.8,805,873,,,9777,8410021.7,208,,
2026-04-06,HLBSL,,914.9,885,902,,,4396,3982026.9,49,,
2026-04-06,HLI,,360,343.2,359,,,168871,59456186.7,918,,
2026-04-06,HPPL,,387.9,365.6,383,,,87503,33262513,498,,
2026-04-06,HRL,,747,665,720,,,788078,549298784.3,6635,,
2026-04-06,HURJA,,276.8,256.1,275.6,,,380753,101901657.7,1022,,
2026-04-06,ICFC,,630,615,627.9,,,18395,11413723.2,140,,
2026-04-06,IHL,,480,458.1,478.9,,,8394,3960102.3,92,,
2026-04-06,ILBS,,989,951,987,,,3906,3782145.4,82,,
2026-04-06,ILI,,446,430,445,,,16990,7495250.7,331,,
2026-04-06,JBLB,,1312.9,1248,1307,,,12132,15783854.5,245,,
2026-04-06,JFL,,426,407,426,,,15098,6318524,105,,
2026-04-06,JHAPA,,1410,1265,1338,,,23236,30361460.7,276,,
2026-04-06,JOSHI,,289,273,288,,,51044,14440380.2,312,,
2026-04-06,JSLBB,,1150,1124.9,1140,,,448,509315.9,14,,
2026-04-06,KBL,,224,207,222,,,1096074,238055072.8,2319,,
2026-04-06,KBSH,,1670.7,1606,1644,,,331,536034.1,12,,
2026-04-06,KDL,,862.9,829.9,837,,,4511,3790464.4,117,,
2026-04-06,KKHC,,265.1,236.2,260,,,140309,35464630.8,616,,
2026-04-06,KMCDB,,901,874.7,900,,,7988,7089522.6,71,,
2026-04-06,KPCL,,505,478.1,499,,,37687,18681753.5,285,,
2026-04-06,LEC,,236,216,235,,,406826,92258960,1226,,
2026-04-06,LICN,,831.3,805,825,,,12803,10521841.9,129,,
2026-04-06,LLBS,,980,949.7,978,,,1432,1370503.1,22,,
2026-04-06,LSL,,219.6,206,217,,,170128,36238553.1,483,,
2026-04-06,MABEL,,680,642,680,,,11293,7543656.5,250,,
2026-04-06,MAKAR,,520,455,509,,,11105,5449897.9,113,,
2026-04-06,MANDU,,822,791,817.6,,,4589,3727756,80,,
2026-04-06,MATRI,,957.7,926,950,,,2574,2417619.7,50,,
2026-04-06,MBJC,,295,277.1,289,,,55643,16056646.6,459,,
2026-04-06,MBL,,250,238,250,,,143441,35162674.1,362,,
2026-04-06,MCHL,,384.7,370,380,,,3744,1419719.8,53,,
2026-04-06,MEHL,,428,410.2,428,,,14766,6170420.3,149,,
2026-04-06,MEL,,280.5,261.6,276.5,,,29539,7965218.2,279,,
2026-04-06,MEN,,589.9,565,585.1,,,128318,74654542.6,630,,
2026-04-06,MERO,,774.1,700,743,,,21815,15909949.6,157,,
2026-04-06,MFIL,,818,755,818,,,113642,89958304.9,480,,
2026-04-06,MHCL,,363.9,339.3,360,,,33272,11688732.4,188,,
2026-04-06,MHL,,517.9,500,509.2,,,20475,10390798.1,162,,
2026-04-06,MHNL,,277,255.4,273.5,,,42308,11291977.3,192,,
2026-04-06,MKCL,,1364,1330,1364,,,4684,6304282.4,107,,
2026-04-06,MKHC,,333.4,314,332.5,,,31195,10199987.6,228,,
2026-04-06,MKHL,,759,677,759,,,90152,64039808.8,133,,
2026-04-06,MKJC,,514,484.2,511.7,,,14043,7039248,142,,
2026-04-06,MLBBL,,1295,1250,1290,,,2828,3574586,54,,
2026-04-06,MLBS,,1418.9,1370,1418.9,,,130,180549,10,,
2026-04-06,MLBSL,,1870,1770,1870,,,2080,3740928.1,47,,
2026-04-06,MMKJL,,540,525,537,,,4263,2279441,73,,
2026-04-06,MPFL,,621.9,587.1,612,,,37061,22611990.5,238,,
2026-04-06,MSHL,,754.8,740,754,,,1738,1297878,16,,
2026-04-06,MSLB,,1285,1238.3,1267,,,2828,3573186.4,55,,
2026-04-06,NABIL,,522,505,518,,,66226,34227090.8,744,,
2026-04-06,NADEP,,775,745,775,,,2645,2016439,33,,
2026-04-06,NBL,,280.9,254,270.8,,,279703,74218501,703,,
2026-04-06,NESDO,,1580,1507,1548.4,,,3358,5222123.5,49,,
2026-04-06,NFS,,614,590,610,,,21543,13065894.7,259,,
2026-04-06,NGPL,,463,436.6,460.1,,,628289,284458877.4,1529,,
2026-04-06,NHDL,,638.9,622,634.3,,,13268,8357775,71,,
2026-04-06,NHPC,,276.1,251,276.1,,,991527,263279257.8,2320,,
2026-04-06,NICA,,375,355,373.5,,,157316,57779717.9,536,,
2026-04-06,NICLBSL,,591.5,556.1,582,,,20081,11584422.6,247,,
2026-04-06,NIFRA,,271.6,254,268.8,,,279610,73969055.6,1275,,
2026-04-06,NIMB,,208,198,207,,,192220,39209293.9,735,,
2026-04-06,NLIC,,780,755,773,,,57276,44195510.2,407,,
2026-04-06,NLICL,,598.4,581.1,598.4,,,10142,5984656.6,88,,
2026-04-06,NLO,,269.4,269.4,269.4,,,0,0,0,,
2026-04-06,NMB,,247,240.1,244.2,,,54907,13397071.5,248,,
2026-04-06,NMBMF,,669,640,669,,,16302,10608299.6,66,,
2026-04-06,NMFBS,,1155,1114,1135,,,11682,13138005.5,130,,
2026-04-06,NMLBBL,,625,605.09,618,,,16593,10202841.8,136,,
2026-04-06,NRIC,,1015,950,990,,,140927,137969782.5,1633,,
2026-04-06,NRM,,417,392,410,,,20009,8208184.6,246,,
2026-04-06,NRN,,1567,1480,1566.9,,,317330,481918423.7,1202,,
2026-04-06,NTC,,879.5,861,877,,,20360,17797448.8,313,,
2026-04-06,NUBL,,691.9,671,681,,,10061,6864335.9,114,,
2026-04-06,NWCL,,814.9,760,808,,,3754,2985506.3,107,,
2026-04-06,NYADI,,409,392,409,,,17381,7000570.1,154,,
2026-04-06,OHL,,702.2,671.1,689,,,5259,3633336.3,48,,
2026-04-06,OMPL,,1230,1167,1224.5,,,11849,14311337.8,261,,
2026-04-06,PCBL,,246.7,235.1,242,,,95068,23009572.6,382,,
2026-04-06,PFL,,392,368,386.4,,,30469,11555013.5,232,,
2026-04-06,PHCL,,309.9,292,309,,,147570,44770628,707,,
2026-04-06,PMHPL,,348.9,327.2,345,,,32012,10894863.4,176,,
2026-04-06,PMLI,,483.4,461,475,,,16001,7533114.9,229,,
2026-04-06,PPCL,,395.2,375,395.2,,,27080,10464177.3,162,,
2026-04-06,PPL,,365,335.1,360,,,83886,29726258.7,410,,
2026-04-06,PROFL,,451,441,450,,,20655,9248483.8,136,,
2026-04-06,PRVU,,209.8,195,205.2,,,437020,88746685.4,1221,,
2026-04-06,PURE,,902,842,898,,,25331,22317386.7,276,,
2026-04-06,RADHI,,819,779,809.5,,,161644,129166279.7,591,,
2026-04-06,RAWA,,685.5,659,673.9,,,2500,1666435.8,36,,
2026-04-06,RFPL,,381,355,380.9,,,161184,59679100,673,,
2026-04-06,RHGCL,,304,276.2,300,,,101424,29598727.8,393,,
2026-04-06,RHPL,,288,271.1,285,,,55382,15628501.3,323,,
2026-04-06,RIDI,,347.6,317,347.6,,,894154,300766521.4,2117,,
2026-04-06,RLEL,,584.5,542,584.5,,,430,250291,43,,
2026-04-06,RLFL,,459.5,424.9,447,,,26079,11490900,148,,
2026-04-06,RNLI,,466.7,452,465,,,39706,18367920.3,410,,
2026-04-06,RSDC,,699,680,693,,,17149,11795154.4,123,,
2026-04-06,RSML,,3922.6,3210,3509,,,326117,1135858154,9683,,
2026-04-06,RURU,,657.9,638,654,,,15220,9805078,92,,
2026-04-06,SAGAR,,1832,1723,1820,,,15403,27495473.7,328,,
2026-04-06,SAHAS,,623,595.1,615.5,,,181657,111292649.8,1074,,
2026-04-06,SAIL,,1226,1156,1198,,,86494,103012287.4,923,,
2026-04-06,SANIMA,,348,331.2,345.5,,,65418,22435745.8,274,,
2026-04-06,SANVI,,737,667.3,708.9,,,50700,35523667.3,545,,
2026-04-06,SARBTM,,868,823.7,855,,,17316,14673600.4,163,,
2026-04-06,SBI,,402.9,386.2,400,,,51193,20249792.7,203,,
2026-04-06,SBL,,392,376.1,389.6,,,108492,41773072.9,329,,
2026-04-06,SCB,,655,639,642,,,18284,11823185.3,211,,
2026-04-06,SGHC,,417,380.1,403,,,42407,17022936.1,242,,
2026-04-06,SHEL,,319,297,314,,,320503,99348939.2,1180,,
2026-04-06,SHIVM,,674.9,642,666,,,372890,246337960.4,1617,,
2026-04-06,SHL,,499,475,491,,,36249,17692554.8,189,,
2026-04-06,SHLB,,1565,1530,1555,,,360,558135,23,,
2026-04-06,SHPC,,531,495.2,527,,,130048,67772742.3,436,,
2026-04-06,SIFC,,566,530,560,,,16655,9091459.9,128,,
2026-04-06,SIKLES,,612,584.2,604,,,23526,14050057.3,208,,
2026-04-06,SJCL,,326.2,302.9,320,,,35091,11079963.8,211,,
2026-04-06,SJLIC,,444,428,443,,,33619,14758103.8,258,,
2026-04-06,SKBBL,,778,750,769,,,30225,23201745.4,273,,
2026-04-06,SKHEL,,553.6,513.3,553.6,,,310,170624,31,,
2026-04-06,SKHL,,707.1,655.7,707.1,,,2109,1489894.1,211,,
2026-04-06,SLBBL,,835,806.6,828,,,15152,12433774.2,151,,
2026-04-06,SLBSL,,1350,1298.5,1344,,,1911,2527227.4,30,,
2026-04-06,SMATA,,795,770,788,,,12333,9716156.8,122,,
2026-04-06,SMB,,1850,1801.3,1840,,,1199,2186193.9,29,,
2026-04-06,SMFBS,,1700,1670,1698.9,,,3148,5295219.8,42,,
2026-04-06,SMH,,614.9,583,611,,,9392,5689970.8,141,,
2026-04-06,SMHL,,515,477.3,505,,,130009,64289949.8,706,,
2026-04-06,SMJC,,488.5,461,482,,,46883,22446216.8,288,,
2026-04-06,SMPDA,,872,838,864,,,6501,5538724.3,117,,
2026-04-06,SNLI,,466,440,460,,,24439,11130977.5,463,,
2026-04-06,SOHL,,627,592,622,,,125001,76679528.3,6534,,
2026-04-06,SONA,,448,422,442.2,,,75849,33282670.9,543,,
2026-04-06,SPC,,488.5,467,477,,,27283,13033238.4,143,,
2026-04-06,SPDL,,418.9,394,418.9,,,143879,58711662.4,411,,
2026-04-06,SPHL,,535.5,500,525,,,8487,4449451.3,86,,
2026-04-06,SPL,,711,680,705,,,10931,7639108.5,90,,
2026-04-06,SRLI,,397,381,392.9,,,56453,22111687.6,376,,
2026-04-06,SSHL,,218.9,197,218,,,740626,156512178.8,2194,,
2026-04-06,STC,,5700,5501,5688,,,4115,22997968,59,,
2026-04-06,SWASTIK,,2651,2547,2600,,,1756,4523161,70,,
2026-04-06,SWBBL,,740.5,711,730,,,14977,10909559.5,157,,
2026-04-06,SWMF,,678,660,678,,,9623,6422756.3,86,,
2026-04-06,SYPNL,,1845,1740,1820,,,148598,266700354,1921,,
2026-04-06,TAMOR,,454,427,446.3,,,122567,54659386,551,,
2026-04-06,TPC,,389.6,368,386.9,,,77875,29491832.6,309,,
2026-04-06,TRH,,765,736.3,755.1,,,3018,2286926.5,26,,
2026-04-06,TSHL,,698,650,678,,,4008,2710364,90,,
2026-04-06,TTL,,843.9,797,835,,,49565,40876942.7,677,,
2026-04-06,TVCL,,571,554,559.7,,,20073,11245162,96,,
2026-04-06,UHEWA,,588.5,553,575,,,26515,15229268.1,199,,
2026-04-06,ULBSL,,3289,2930.3,3289,,,3913,11789707.6,87,,
2026-04-06,ULHC,,519,470,519,,,10927,5377876.7,127,,
2026-04-06,UMHL,,616,572.4,608,,,108669,65331549,396,,
2026-04-06,UMRH,,533,516,529.5,,,26483,13958259.3,158,,
2026-04-06,UNHPL,,526,506.1,526,,,116287,60269764.6,394,,
2026-04-06,UNL,,47220,47000,47200,,,30,1414200,3,,
2026-04-06,UNLB,,1609.9,1540,1598,,,1214,1932250,55,,
2026-04-06,UPCL,,387.6,368,383,,,223577,84737288.8,785,,
2026-04-06,UPPER,,215.9,194.7,213,,,550177,114681922.9,2471,,
2026-04-06,USHEC,,508,480,503.9,,,23023,11449882,150,,
2026-04-06,USHL,,693.8,660.2,689.5,,,5162,3519967.5,67,,
2026-04-06,USLB,,1383.1,1345,1377,,,4451,6061965.5,91,,
2026-04-06,VLBS,,762.9,721.3,750,,,8036,5998777,290,,
2026-04-06,VLUCL,,538,508,520,,,22181,11634257.1,147,,
2026-04-07,ACLBSL,,997,957,970,,,1913,1839458.8,55,,
2026-04-07,ADBL,,315,307,308,,,29429,9113724.7,203,,
2026-04-07,AHL,,495,481,485,,,4816,2348242,77,,
2026-04-07,AHPC,,292,284.3,285,,,210616,60688909.6,829,,
2026-04-07,AKJCL,,392,377.1,390,,,612515,235728049.2,848,,
2026-04-07,AKPL,,277.9,269,270,,,287220,78403567.9,817,,
2026-04-07,ALBSL,,1210,1142,1171,,,4793,5562021.9,116,,
2026-04-07,ALICL,,466,455,459,,,26387,12087286.8,145,,
2026-04-07,ANLB,,6476,6331,6476,,,287,1830197.3,16,,
2026-04-07,API,,350.8,339.2,341.5,,,428867,147577756.3,1270,,
2026-04-07,AVYAN,,1154,1089,1100,,,17755,19642216.7,256,,
2026-04-07,BANDIPUR,,865,835,838.4,,,57172,48444744.6,718,,
2026-04-07,BARUN,,364,350.5,353,,,93867,33422510.6,483,,
2026-04-07,BBC,,5050,4859,4859,,,584,2860523.6,42,,
2026-04-07,BEDC,,465.5,441.5,445,,,13043,5884898.5,147,,
2026-04-07,BFC,,470,460,463.9,,,15635,7281845,115,,
2026-04-07,BGWT,,730,716.1,720,,,2915,2105307.4,42,,
2026-04-07,BHCL,,550,528,529.1,,,21013,11235066.3,403,,
2026-04-07,BHDC,,473.1,461.1,463,,,27094,12610094.7,206,,
2026-04-07,BHL,,230,221,222.1,,,514549,116135063.1,1759,,
2026-04-07,BHPL,,559.9,530,548.2,,,16685,9123002.9,146,,
2026-04-07,BJHL,,931.7,863.9,931.7,,,7560,7035207,570,,
2026-04-07,BNHC,,355,345,348.5,,,8172,2863572.8,114,,
2026-04-07,BNL,,14798.2,14798.2,14798.2,,,10,147982,1,,
2026-04-07,BNT,,11742.2,11512,11700,,,209,2421471,12,,
2026-04-07,BPCL,,707.9,691,699,,,61630,43008357.7,277,,
2026-04-07,BUNGAL,,595,578.4,584,,,13100,7685120.6,273,,
2026-04-07,CBBL,,926,900.1,920,,,34988,31927260.9,388,,
2026-04-07,CFCL,,528.3,508,514,,,7172,3696105.6,84,,
2026-04-07,CGH,,837,816,826,,,10585,8760271.9,168,,
2026-04-07,CHCL,,499.6,483,485.9,,,22499,10963761.3,194,,
2026-04-07,CHDC,,2417,2332,2369,,,15814,37461303.9,260,,
2026-04-07,CHL,,293.6,282,286.8,,,36118,10383165.1,191,,
2026-04-07,CIT,,1812,1773,1779.9,,,5407,9668153.5,171,,
2026-04-07,CITY,,477,468,472,,,5660,2674997.5,106,,
2026-04-07,CKHL,,699.5,668,668,,,5634,3824193.1,60,,
2026-04-07,CLI,,475.5,465.5,466,,,12120,5679204.4,248,,
2026-04-07,CREST,,1284,1221,1245,,,9664,12042581.5,230,,
2026-04-07,CYCL,,1574.8,1540,1540,,,2511,3882015,46,,
2026-04-07,CZBIL,,210,205.4,208,,,173134,35921556.1,367,,
2026-04-07,DDBL,,850,833,839.2,,,8425,7082136.8,111,,
2026-04-07,DHEL,,642,611.4,614,,,16836,10466493.4,336,,
2026-04-07,DHPL,,316,304.1,307,,,8999,2797073.8,70,,
2026-04-07,DLBS,,1325,1289,1295,,,764,990014,23,,
2026-04-07,DOLTI,,469.9,459,459,,,4554,2108900,74,,
2026-04-07,DORDI,,295.7,285,286,,,119562,34538554.2,475,,
2026-04-07,EBL,,706,692,695,,,28459,19833869.4,220,,
2026-04-07,EHPL,,418,409,410.3,,,27546,11367536.3,211,,
2026-04-07,ENL,,890,870.3,874,,,1394,1221415.2,33,,
2026-04-07,FMDBL,,825.9,808,809,,,21297,17323555.4,115,,
2026-04-07,FOWAD,,1117.5,1081,1110,,,5465,6031479.9,73,,
2026-04-07,GBIME,,240.5,233.5,235,,,124563,29394066.1,599,,
2026-04-07,GBLBS,,780,756.5,762,,,4485,3443359.1,79,,
2026-04-07,GCIL,,432.8,418,423.8,,,28207,11967295.7,308,,
2026-04-07,GFCL,,650,628.3,635,,,14289,9067593.8,109,,
2026-04-07,GHL,,250.8,240.3,242,,,175401,43137095.6,562,,
2026-04-07,GILB,,1159,1120.5,1132,,,992,1128553.7,28,,
2026-04-07,GLBSL,,1869,1785,1800,,,916,1666542.1,37,,
2026-04-07,GLH,,279.7,270,273.8,,,163238,44779524,551,,
2026-04-07,GMFBS,,1360,1332.1,1349,,,1624,2176815.2,25,,
2026-04-07,GMFIL,,489.6,468.2,481,,,13617,6471612.5,72,,
2026-04-07,GMLI,,1549.9,1506,1519.9,,,3845,5847480,95,,
2026-04-07,GUFL,,546.5,528.3,530,,,11440,6096602,110,,
2026-04-07,GVL,,495,483.2,484.6,,,29648,14458453.4,179,,
2026-04-07,HATHY,,917,873,876,,,12814,11369811.3,192,,
2026-04-07,HBL,,212,205.2,206.2,,,95783,19954096.3,997,,
2026-04-07,HDHPC,,230.5,221,226,,,575821,130076906.6,1487,,
2026-04-07,HDL,,1182,1159,1162,,,55019,64200091.2,576,,
2026-04-07,HFIN,,563,513.7,563,,,1090,611752,109,,
2026-04-07,HHL,,354.5,340.3,344,,,41646,14406709.1,230,,
2026-04-07,HIDCL,,279.9,271,275.9,,,168351,46260386.1,612,,
2026-04-07,HIMSTAR,,904.9,848,849,,,7834,6805455,142,,
2026-04-07,HLBSL,,919.8,895,899,,,824,742000.9,33,,
2026-04-07,HLI,,364.2,351.4,355.1,,,85251,30335926.6,633,,
2026-04-07,HPPL,,390.6,379,385.7,,,74340,28596102.6,306,,
2026-04-07,HRL,,744,720,727,,,244100,178549402.6,2176,,
2026-04-07,HURJA,,286,268.1,274,,,185614,51275949.7,654,,
2026-04-07,ICFC,,635,619.8,624,,,9955,6233790,93,,
2026-04-07,IHL,,497,469.4,471.8,,,3446,1638974.3,54,,
2026-04-07,ILBS,,1000,955,973,,,5155,5050450.7,69,,
2026-04-07,ILI,,449.9,437,440,,,13093,5798025.2,269,,
2026-04-07,JBLB,,1331,1285,1295,,,6572,8617717.1,182,,
2026-04-07,JFL,,437,419,419,,,8712,3697109.4,72,,
2026-04-07,JHAPA,,1339.7,1285,1285,,,13566,17722803.6,150,,
2026-04-07,JOSHI,,293,284,284,,,32938,9495147.3,210,,
2026-04-07,JSLBB,,1162.8,1108.6,1125,,,1509,1700473.6,26,,
2026-04-07,KBL,,227,219,222,,,662425,147648383.3,1719,,
2026-04-07,KBSH,,1662,1658,1662,,,71,117848,6,,
2026-04-07,KDL,,870,843,859,,,3030,2591472.7,77,,
2026-04-07,KKHC,,272,261,262,,,104872,27849420.5,490,,
2026-04-07,KMCDB,,918,893.1,904,,,4434,3998344.2,57,,
2026-04-07,KPCL,,510,495,496.1,,,24304,12186193.9,162,,
2026-04-07,LEC,,240,228.7,232,,,275062,64236560.8,780,,
2026-04-07,LICN,,838,820,822,,,10326,8487366,87,,
2026-04-07,LLBS,,978,960,971,,,549,531624,14,,
2026-04-07,LSL,,220.8,213,215.4,,,98347,21146169.1,324,,
2026-04-07,MABEL,,692,666.5,668.8,,,11520,7754147.4,192,,
2026-04-07,MAKAR,,515,495.3,495.3,,,4567,2300235.1,37,,
2026-04-07,MANDU,,833.9,808,822,,,1468,1199876.3,41,,
2026-04-07,MATRI,,968,940,958.9,,,886,836219.1,21,,
2026-04-07,MBJC,,299.9,285,291,,,40708,11852982.1,325,,
2026-04-07,MBL,,254,244.7,248.9,,,161739,40276722.6,413,,
2026-04-07,MCHL,,388.5,373.1,380,,,2535,967398.6,46,,
2026-04-07,MEHL,,436.5,416,423,,,17358,7298310.2,133,,
2026-04-07,MEL,,287,269.1,277,,,16244,4479728,192,,
2026-04-07,MEN,,595.9,583.2,584,,,82452,48419742,354,,
2026-04-07,MERO,,757.8,732.1,739.8,,,3868,2861666.8,79,,
2026-04-07,MFIL,,821,802,820,,,80207,65203112.1,318,,
2026-04-07,MHCL,,369,357,360.2,,,13432,4865407.3,115,,
2026-04-07,MHL,,521.2,505.1,509.9,,,14763,7562635.8,124,,
2026-04-07,MHNL,,280,268.3,274.9,,,29668,8105301.1,138,,
2026-04-07,MKCL,,1364,1346,1351,,,1730,2339428,39,,
2026-04-07,MKHC,,336,325.2,325.4,,,21496,7058642.3,160,,
2026-04-07,MKHL,,773,705,773,,,11654,8482722.8,155,,
2026-04-07,MKJC,,519,496.1,506,,,15425,7802479.5,133,,
2026-04-07,MLBBL,,1298,1265,1279,,,1923,2449243.9,41,,
2026-04-07,MLBS,,1428,1380,1428,,,866,1214493.8,29,,
2026-04-07,MLBSL,,1855,1815,1840,,,952,1738549,39,,
2026-04-07,MMKJL,,547,527,528,,,5221,2772978.1,65,,
2026-04-07,MPFL,,630,613.7,620,,,18976,11788336.2,131,,
2026-04-07,MSHL,,760,745,750,,,1060,794130,21,,
2026-04-07,MSLB,,1392,1251.1,1289,,,1661,2119968.6,60,,
2026-04-07,NABIL,,525.9,518,520,,,48132,25072792.4,561,,
2026-04-07,NADEP,,775,750,770,,,2009,1525913.2,39,,
2026-04-07,NBL,,276.4,266.4,270.6,,,236601,64640658,540,,
2026-04-07,NESDO,,1570,1538.6,1570,,,2372,3698584.2,17,,
2026-04-07,NFS,,619,605,606,,,20018,12237392.6,173,,
2026-04-07,NGPL,,465,452,457,,,528717,242261299.5,992,,
2026-04-07,NHDL,,639.5,625,627,,,3308,2085810,51,,
2026-04-07,NHPC,,287,272,276,,,843664,234659983.4,2166,,
2026-04-07,NICA,,377,364,375,,,120597,44680664,423,,
2026-04-07,NICLBSL,,590,575,582,,,10679,6212956,169,,
2026-04-07,NIFRA,,270.9,264,266.8,,,124067,33143180,788,,
2026-04-07,NIMB,,209.9,203.4,206,,,133819,27548956.1,568,,
2026-04-07,NLIC,,784.9,770,774,,,22220,17233712.5,243,,
2026-04-07,NLICL,,602,587.1,588,,,12237,7235189.5,96,,
2026-04-07,NLO,,269.4,269.4,269.4,,,1,265.5,1,,
2026-04-07,NMB,,249,242.1,242.2,,,35655,8758441.4,178,,
2026-04-07,NMBMF,,669,652.2,660,,,1560,1027220,29,,
2026-04-07,NMFBS,,1150,1122.1,1137,,,4308,4887704.4,78,,
2026-04-07,NMLBBL,,624,612,617,,,25722,15880101.1,132,,
2026-04-07,NRIC,,1031,990,1009.9,,,94913,95943337.7,998,,
2026-04-07,NRM,,418,405,408,,,24932,10197866.1,222,,
2026-04-07,NRN,,1578,1520,1548,,,139004,214724836.6,1059,,
2026-04-07,NTC,,890,873,877,,,10567,9292745.3,185,,
2026-04-07,NUBL,,696.9,680,680,,,16816,11585651.2,131,,
2026-04-07,NWCL,,824.1,790.9,795,,,3741,3013709,81,,
2026-04-07,NYADI,,423.9,406,406.1,,,11735,4835411.2,131,,
2026-04-07,OHL,,703.8,690,697,,,3776,2637386,35,,
2026-04-07,OMPL,,1246.5,1196,1210,,,4883,5933449.9,132,,
2026-04-07,PCBL,,246,241,243,,,114872,27906552.6,317,,
2026-04-07,PFL,,394,385,387,,,17021,6615452.6,116,,
2026-04-07,PHCL,,317,305.3,307.1,,,127885,39763071.2,641,,
2026-04-07,PMHPL,,352.7,338.7,342.5,,,37029,12835023.2,176,,
2026-04-07,PMLI,,484.5,470,470,,,8582,4072931.9,187,,
2026-04-07,PPCL,,401.9,389,392.9,,,38961,15391052,154,,
2026-04-07,PPL,,371,359,360,,,71557,26043613.1,331,,
2026-04-07,PROFL,,466.9,445,447,,,10244,4629062,75,,
2026-04-07,PRVU,,211,201.1,205.6,,,217605,45004069.7,722,,
2026-04-07,PURE,,908,871.1,892.5,,,14149,12545519.1,166,,
2026-04-07,RADHI,,824.9,800.5,809,,,108105,87638713.1,455,,
2026-04-07,RAWA,,687.1,656.6,660,,,1665,1105712,35,,
2026-04-07,RFPL,,394,376,389,,,145982,56404603.6,535,,
2026-04-07,RHGCL,,307,291,293.3,,,67557,20168643.4,303,,
2026-04-07,RHPL,,292.9,285,287,,,37867,10871732.7,190,,
2026-04-07,RIDI,,356,338,343,,,537721,186031222.9,1341,,
2026-04-07,RLEL,,642.9,596.1,642.9,,,510,326730,51,,
2026-04-07,RLFL,,455.9,436,437,,,14601,6500206.7,124,,
2026-04-07,RNLI,,469.9,463,465,,,50597,23537202,396,,
2026-04-07,RSDC,,706.7,685,685,,,12369,8551206,72,,
2026-04-07,RSML,,3650,3440,3545,,,68424,242162426.7,2319,,
2026-04-07,RURU,,667,645,648,,,7375,4818981.4,87,,
2026-04-07,SAGAR,,1853,1800,1810,,,22486,40967764.4,248,,
2026-04-07,SAHAS,,625,613,614,,,92888,57505969.2,625,,
2026-04-07,SAIL,,1246,1170,1185,,,24296,29121080.2,485,,
2026-04-07,SANIMA,,352.4,343.1,346.2,,,63115,21913413.3,212,,
2026-04-07,SANVI,,733,698,704.1,,,23142,16445252.9,273,,
2026-04-07,SARBTM,,869,845,852,,,14201,12171530.8,142,,
2026-04-07,SBI,,405.9,398,405.6,,,89132,35993181.8,156,,
2026-04-07,SBL,,396,388,395,,,95227,37223955.7,277,,
2026-04-07,SCB,,653.8,642.1,648,,,11479,7421534.5,143,,
2026-04-07,SGHC,,443.3,386.3,443.3,,,104391,42385278,378,,
2026-04-07,SHEL,,321,311.1,314,,,249367,78619321.1,844,,
2026-04-07,SHIVM,,679,661,665.3,,,323631,216493978,1105,,
2026-04-07,SHL,,500,480,493.9,,,60466,29682568.8,200,,
2026-04-07,SHLB,,1540,1525,1526.1,,,755,1156628,29,,
2026-04-07,SHPC,,535.8,515,516.2,,,67923,35514997.2,310,,
2026-04-07,SIFC,,562,535,556,,,21802,11957934.8,100,,
2026-04-07,SIKLES,,614.8,595.8,603,,,14657,8910019.4,150,,
2026-04-07,SJCL,,324,312.9,313.9,,,56392,17830656,169,,
2026-04-07,SJLIC,,449.8,437,443,,,20848,9222118.1,205,,
2026-04-07,SKBBL,,783,765.4,768.9,,,11545,8925942.8,154,,
2026-04-07,SKHEL,,608.9,564.6,608.9,,,360,218115,36,,
2026-04-07,SKHL,,777.8,721.1,777.8,,,2810,2182525,247,,
2026-04-07,SLBBL,,835.9,820.5,821.2,,,4905,4042139,104,,
2026-04-07,SLBSL,,1365,1320,1321,,,858,1136651.4,26,,
2026-04-07,SMATA,,796,780.1,783,,,6177,4876033.7,93,,
2026-04-07,SMB,,1839.9,1800,1800,,,555,1003039.3,22,,
2026-04-07,SMFBS,,1700,1680.1,1683.1,,,2055,3472397.1,31,,
2026-04-07,SMH,,620,604,604,,,7703,4709194.2,99,,
2026-04-07,SMHL,,514,493.1,493.1,,,75285,37884575,466,,
2026-04-07,SMJC,,490.9,472.6,480,,,34298,16460994.6,224,,
2026-04-07,SMPDA,,880,855.1,860,,,1825,1574113.9,48,,
2026-04-07,SNLI,,469.2,455,458,,,17691,8103970.2,379,,
2026-04-07,SOHL,,634.1,609.6,622,,,77730,48217514.9,4868,,
2026-04-07,SONA,,450,435,435.2,,,46921,20691791.4,430,,
2026-04-07,SPC,,490,475.2,480,,,7791,3749472.6,65,,
2026-04-07,SPDL,,422,406.7,409,,,76335,31419753.6,233,,
2026-04-07,SPHL,,535.5,517,518,,,6483,3409336.6,58,,
2026-04-07,SPL,,722.9,700,705.9,,,5188,3709152.7,60,,
2026-04-07,SRLI,,397.9,390,392,,,29784,11691634,281,,
2026-04-07,SSHL,,229,220,222.1,,,665457,148749968.7,1920,,
2026-04-07,STC,,5768,5574.3,5651,,,2751,15578415.6,41,,
2026-04-07,SWASTIK,,2645,2580,2595,,,1764,4591100,56,,
2026-04-07,SWBBL,,740,726.3,727.2,,,7623,5573797.1,72,,
2026-04-07,SWMF,,688.4,669,672.9,,,2955,1992046.3,54,,
2026-04-07,SYPNL,,1893,1810,1839,,,127619,234885300.2,1602,,
2026-04-07,TAMOR,,455,441,442,,,87866,38981484.3,261,,
2026-04-07,TPC,,392,378,382,,,51370,19704486.8,228,,
2026-04-07,TRH,,770.2,746.1,758,,,4884,3673972.6,34,,
2026-04-07,TSHL,,714,680,702,,,3840,2670500.6,62,,
2026-04-07,TTL,,851.7,822,828,,,31875,26662832.3,464,,
2026-04-07,TVCL,,608,560,608,,,30125,17794884.2,160,,
2026-04-07,UHEWA,,585,575,579,,,16971,9816375.9,138,,
2026-04-07,ULBSL,,3223.3,2980,3188,,,10908,33889221.8,132,,
2026-04-07,ULHC,,515,498.9,500,,,14395,7266945.5,116,,
2026-04-07,UMHL,,618.9,601,605.9,,,43793,26520365,201,,
2026-04-07,UMRH,,540,526,526.9,,,12583,6672901.4,92,,
2026-04-07,UNHPL,,536.5,517.4,521,,,76262,39719274.4,361,,
2026-04-07,UNL,,47200,47000,47000,,,21,987000,3,,
2026-04-07,UNLB,,1730,1576,1600,,,1722,2756909,56,,
2026-04-07,UPCL,,391.8,375.4,381,,,111183,42573369.4,486,,
2026-04-07,UPPER,,220,210.1,211.5,,,328607,70605864.3,1460,,
2026-04-07,USHEC,,507.9,487.3,496,,,21015,10519892.6,177,,
2026-04-07,USHL,,710,680.1,681,,,1521,1055612,19,,
2026-04-07,USLB,,1385,1360,1360.3,,,2568,3510375.6,59,,
2026-04-07,VLBS,,775,751,762.1,,,9798,7452148.2,275,,
2026-04-07,VLUCL,,539,514.1,524,,,9320,4861489.5,124,,
2026-04-08,ACLBSL,,988,960,988,,,2729,2674184.8,38,,
2026-04-08,ADBL,,313.7,307,310.9,,,92440,28496920.5,228,,
2026-04-08,AHL,,522,485.1,522,,,12280,6137185.9,114,,
2026-04-08,AHPC,,291,286.5,289.9,,,239065,69051512.5,707,,
2026-04-08,AKJCL,,400,386,392.6,,,465936,182936428.9,795,,
2026-04-08,AKPL,,278,272,277.5,,,192682,52954291.9,586,,
2026-04-08,ALBSL,,1193.3,1147.6,1171,,,23083,26895937.4,188,,
2026-04-08,ALICL,,468.1,455,461,,,30112,13837626.7,158,,
2026-04-08,ANLB,,6599,6361,6365.4,,,881,5635721.1,49,,
2026-04-08,API,,350,342,349,,,472857,163775731.1,1152,,
2026-04-08,AVYAN,,1175,1101,1130,,,13668,15506651.1,147,,
2026-04-08,BANDIPUR,,908,840,907,,,111596,98249630.6,1251,,
2026-04-08,BARUN,,363.5,353,360,,,97047,34942848.8,468,,
2026-04-08,BBC,,4956.1,4798.1,4888,,,964,4652954,51,,
2026-04-08,BEDC,,453,445.5,446.6,,,9183,4126485.6,100,,
2026-04-08,BFC,,473.1,465.1,472,,,9316,4389041.6,79,,
2026-04-08,BGWT,,748,720,748,,,2301,1682618.5,56,,
2026-04-08,BHCL,,563,531,563,,,54886,30335846,670,,
2026-04-08,BHDC,,472,464,470,,,17582,8236781.1,164,,
2026-04-08,BHL,,227,224,226.2,,,251524,56825167.4,897,,
2026-04-08,BHPL,,569,546.9,554.3,,,14238,7924899.5,145,,
2026-04-08,BJHL,,1024.8,852.9,985,,,111652,104744288.5,10422,,
2026-04-08,BNHC,,355,345,350,,,9348,3261743.7,105,,
2026-04-08,BNL,,15080,15080,15080,,,10,150800,1,,
2026-04-08,BNT,,11760.8,11530.2,11570.2,,,130,1516072,8,,
2026-04-08,BPCL,,710,699,702,,,33759,23732521.6,197,,
2026-04-08,BUNGAL,,626,582,623,,,33455,20547773.3,530,,
2026-04-08,CBBL,,931,915,925,,,19676,18118404.5,252,,
2026-04-08,CFCL,,523.8,509.3,522,,,17409,9023656.9,85,,
2026-04-08,CGH,,835,820,830.9,,,21399,17720518.8,179,,
2026-04-08,CHCL,,494.5,479,490,,,40232,19635261,226,,
2026-04-08,CHDC,,2439,2350,2439,,,26193,62971827.2,349,,
2026-04-08,CHL,,292.5,285.3,290,,,30684,8863119.3,179,,
2026-04-08,CIT,,1815.4,1780.2,1795,,,6869,12299913.9,148,,
2026-04-08,CITY,,478,466.5,477.9,,,9217,4370341.1,112,,
2026-04-08,CKHL,,698,655.2,682,,,9439,6359363.5,66,,
2026-04-08,CLI,,469,457.1,467,,,9911,4619803.5,204,,
2026-04-08,CREST,,1293.9,1241,1293.9,,,9987,12616128.1,204,,
2026-04-08,CYCL,,1565,1536.1,1558,,,1723,2658959.3,48,,
2026-04-08,CZBIL,,211.9,206.2,210.9,,,49628,10364973.4,226,,
2026-04-08,DDBL,,855,842,850,,,10499,8906823.9,113,,
2026-04-08,DHEL,,657.9,615,655,,,52691,33850122.6,634,,
2026-04-08,DHPL,,313,302,312.5,,,16672,5164071.2,53,,
2026-04-08,DLBS,,1326,1300,1300.1,,,920,1207312,30,,
2026-04-08,DOLTI,,488.9,451.8,473.9,,,7466,3495407,101,,
2026-04-08,DORDI,,294.9,286,291.5,,,109503,31883381.9,376,,
2026-04-08,EBL,,708.9,689,699.9,,,51964,36135080.5,273,,
2026-04-08,EHPL,,419,410.2,419,,,22430,9331033.8,201,,
2026-04-08,ENL,,895,876.1,895,,,910,809414.5,23,,
2026-04-08,FMDBL,,849,810,840,,,45129,37493177.7,262,,
2026-04-08,FOWAD,,1142,1101,1142,,,11735,13277558.3,132,,
2026-04-08,GBIME,,239.7,230.5,238.5,,,130276,30762491.8,532,,
2026-04-08,GBLBS,,776.2,760,776,,,5157,3986961.3,80,,
2026-04-08,GCIL,,441,423,437.2,,,33866,14697643.5,373,,
2026-04-08,GFCL,,647,635,642,,,9691,6203485,76,,
2026-04-08,GHL,,248.5,240,248,,,132082,32507261.3,352,,
2026-04-08,GILB,,1147.5,1128,1140,,,1408,1607872.7,32,,
2026-04-08,GLBSL,,1839.5,1801,1805,,,731,1326429.1,35,,
2026-04-08,GLH,,284,274,281,,,152568,42644641,494,,
2026-04-08,GMFBS,,1375.9,1349,1375.9,,,441,599772,13,,
2026-04-08,GMFIL,,494,481.3,494,,,14235,6978443.6,106,,
2026-04-08,GMLI,,1550,1488.7,1530,,,1876,2849664.3,70,,
2026-04-08,GUFL,,544,530,543.8,,,15456,8367355.1,73,,
2026-04-08,GVL,,494,485,494,,,19935,9790356.7,144,,
2026-04-08,HATHY,,898,873,897,,,10096,8926384.2,138,,
2026-04-08,HBL,,209.9,205,209.2,,,96297,20025207.8,1166,,
2026-04-08,HDHPC,,230.9,224,227.1,,,397054,90286018.5,1001,,
2026-04-08,HDL,,1180,1160,1171,,,41179,48197117.3,424,,
2026-04-08,HFIN,,619.3,574.2,619.3,,,1220,754437,122,,
2026-04-08,HHL,,352.7,344,349,,,26227,9156031.5,172,,
2026-04-08,HIDCL,,279.8,273.3,279.8,,,142941,39563783.8,463,,
2026-04-08,HIMSTAR,,918,850,906.6,,,12632,11235978.5,201,,
2026-04-08,HLBSL,,919,899,919,,,3265,2964388.9,46,,
2026-04-08,HLI,,360,350.5,358.3,,,109243,38812677.5,569,,
2026-04-08,HPPL,,392.7,380,392.7,,,59135,22957399,244,,
2026-04-08,HRL,,740,710,716,,,230400,165439640.6,2158,,
2026-04-08,HURJA,,281.5,272.6,279,,,175801,48725450.2,524,,
2026-04-08,ICFC,,643.5,629,637,,,9414,5959927,78,,
2026-04-08,IHL,,480,471.1,479,,,2262,1079058.5,50,,
2026-04-08,ILBS,,999,956.6,979,,,2058,2011759.9,49,,
2026-04-08,ILI,,450,440,447,,,14768,6591970.5,312,,
2026-04-08,JBLB,,1338,1300,1315,,,5118,6712211.9,161,,
2026-04-08,JFL,,427,420,423,,,3775,1592472,43,,
2026-04-08,JHAPA,,1350,1301.2,1345,,,8394,11144442.9,158,,
2026-04-08,JOSHI,,294,285,293,,,27168,7891056.6,163,,
2026-04-08,JSLBB,,1169.9,1146,1146,,,311,359947,14,,
2026-04-08,KBL,,228,220.5,226,,,708749,159056274.9,1433,,
2026-04-08,KBSH,,1656.6,1646,1646,,,211,347664,9,,
2026-04-08,KDL,,872.4,843.5,871,,,3113,2706327.3,87,,
2026-04-08,KKHC,,271.6,262.1,271.6,,,74849,20058541.5,322,,
2026-04-08,KMCDB,,937.5,890,937.5,,,6303,5777812,57,,
2026-04-08,KPCL,,509.7,500.2,505.5,,,22756,11496826.3,151,,
2026-04-08,LEC,,237,230,233.5,,,306321,71797832.1,704,,
2026-04-08,LICN,,840,826,838,,,11882,9892859.8,104,,
2026-04-08,LLBS,,985,960,984,,,1207,1173192,18,,
2026-04-08,LSL,,217.7,213,217.2,,,81962,17683043.7,323,,
2026-04-08,MABEL,,722,669,720,,,21974,15405252.7,344,,
2026-04-08,MAKAR,,509.9,466,490,,,26921,13048834.9,153,,
2026-04-08,MANDU,,828,815,828,,,1302,1068052,31,,
2026-04-08,MATRI,,966,941.1,959.9,,,1194,1132432.2,36,,
2026-04-08,MBJC,,300,285.2,294,,,28503,8398003.7,321,,
2026-04-08,MBL,,257,247,256,,,212290,53598995.1,475,,
2026-04-08,MCHL,,385.8,376,380,,,4718,1799081.2,49,,
2026-04-08,MEHL,,431.4,416,429.5,,,12650,5392183.4,109,,
2026-04-08,MEL,,282.5,273,279,,,11816,3277454.1,183,,
2026-04-08,MEN,,597,587,593,,,67081,39714446.4,297,,
2026-04-08,MERO,,754,736.2,747,,,6219,4617656.6,74,,
2026-04-08,MFIL,,833,804,819,,,109776,89896213.9,300,,
2026-04-08,MHCL,,373.3,362,372,,,16881,6229011.3,117,,
2026-04-08,MHL,,520.8,499.9,517,,,17423,8977265.5,131,,
2026-04-08,MHNL,,279,270.1,279,,,33671,9307752.8,91,,
2026-04-08,MKCL,,1372.8,1351,1368,,,1625,2207064.7,41,,
2026-04-08,MKHC,,339.8,325,336.4,,,41572,13862978.7,230,,
2026-04-08,MKHL,,758.2,720,748,,,12898,9401733.5,140,,
2026-04-08,MKJC,,514.9,502,513,,,12128,6159961.9,105,,
2026-04-08,MLBBL,,1300,1276,1286,,,1415,1833335.8,30,,
2026-04-08,MLBS,,1433,1399.5,1433,,,440,618936,13,,
2026-04-08,MLBSL,,1839.2,1803.2,1839,,,1805,3270153,34,,
2026-04-08,MMKJL,,559.6,528.1,542.4,,,5850,3176610,78,,
2026-04-08,MPFL,,632,614.2,627,,,18031,11293030.6,100,,
2026-04-08,MSHL,,780,759.5,769,,,777,595604,28,,
2026-04-08,MSLB,,1324,1288.7,1314,,,862,1122432.8,44,,
2026-04-08,NABIL,,525,520,524,,,63582,33266796.2,472,,
2026-04-08,NADEP,,780,765,780,,,892,693112,26,,
2026-04-08,NBL,,292.7,269.5,280,,,540047,150402342.2,724,,
2026-04-08,NESDO,,1595,1539,1575,,,1502,2346756.4,28,,
2026-04-08,NFS,,619,607.4,619,,,11317,6948912,150,,
2026-04-08,NGPL,,463.9,457.1,462.5,,,544353,250568497.8,1195,,
2026-04-08,NHDL,,643,627,635,,,4285,2712135.6,56,,
2026-04-08,NHPC,,289.7,271,288,,,1066106,302506058.2,2151,,
2026-04-08,NICA,,379.8,368,379,,,282931,106024776.5,395,,
2026-04-08,NICLBSL,,598,582.5,595,,,12969,7657617.5,156,,
2026-04-08,NIFRA,,272.1,265,267.9,,,175982,47089832,759,,
2026-04-08,NIMB,,210.1,203.9,207,,,112380,23213856.8,411,,
2026-04-08,NLIC,,789.4,770,783.7,,,38622,29961700.3,244,,
2026-04-08,NLICL,,599,585,594,,,22685,13407920.3,94,,
2026-04-08,NLO,,269.4,269.4,269.4,,,0,0,0,,
2026-04-08,NMB,,249.9,244,248.9,,,69279,17025364.8,148,,
2026-04-08,NMBMF,,672,663,668,,,1348,899134,24,,
2026-04-08,NMFBS,,1155,1126,1150,,,7382,8376541.4,102,,
2026-04-08,NMLBBL,,626,614.6,623.7,,,7677,4765128.8,88,,
2026-04-08,NRIC,,1025,980,1014,,,83543,83377677.2,711,,
2026-04-08,NRM,,418.2,408,418,,,9644,3979294.7,151,,
2026-04-08,NRN,,1590.1,1540.1,1590,,,195711,307002398.8,884,,
2026-04-08,NTC,,894.5,872.2,876,,,15283,13433132,193,,
2026-04-08,NUBL,,695,681.1,691,,,10722,7352628.5,76,,
2026-04-08,NWCL,,825.9,810,825.4,,,4071,3334094.1,71,,
2026-04-08,NYADI,,415,402,415,,,5771,2381236,109,,
2026-04-08,OHL,,715,697,714,,,5381,3825965.6,42,,
2026-04-08,OMPL,,1262.7,1186,1262.7,,,16238,19937987.5,174,,
2026-04-08,PCBL,,247.8,241.2,247.8,,,75742,18562451.8,267,,
2026-04-08,PFL,,395,388,395,,,11823,4622063,96,,
2026-04-08,PHCL,,319,301,319,,,227588,71926517.9,677,,
2026-04-08,PMHPL,,349.3,342.2,348,,,40674,14040676.6,186,,
2026-04-08,PMLI,,482,470,482,,,10506,4993796.3,243,,
2026-04-08,PPCL,,402.9,392,397.2,,,27382,10888453.4,133,,
2026-04-08,PPL,,374.2,363.3,367.5,,,47375,17429293.2,251,,
2026-04-08,PROFL,,459,450.6,459,,,9052,4107821.8,62,,
2026-04-08,PRVU,,209.7,204,208.2,,,211806,43699082.6,586,,
2026-04-08,PURE,,938.5,876.2,938.5,,,21623,19821394.5,231,,
2026-04-08,RADHI,,825,808,825,,,141394,115466045.9,371,,
2026-04-08,RAWA,,671.6,662.2,669.9,,,1798,1201853,38,,
2026-04-08,RFPL,,398,387,397,,,97088,38155606.6,383,,
2026-04-08,RHGCL,,305,295,301,,,55875,16773202.2,250,,
2026-04-08,RHPL,,292,288.1,288.1,,,21585,6266712.3,147,,
2026-04-08,RIDI,,355.8,343,348,,,682410,239146362,1340,,
2026-04-08,RLEL,,707.1,655.7,707.1,,,830,585632,83,,
2026-04-08,RLFL,,452,441,447,,,13035,5803034.2,85,,
2026-04-08,RNLI,,471.9,464,470.8,,,19147,8956339.6,339,,
2026-04-08,RSDC,,707,678,702,,,21744,15169463.4,135,,
2026-04-08,RSML,,3899.5,3545,3899.5,,,110003,421668054.5,2847,,
2026-04-08,RURU,,670,654,670,,,9980,6627635.8,98,,
2026-04-08,SAGAR,,1989,1804.9,1925,,,37853,72070809.1,469,,
2026-04-08,SAHAS,,624,614,619,,,117234,72558572.8,681,,
2026-04-08,SAIL,,1303.5,1167,1303.5,,,156157,200245033.7,1576,,
2026-04-08,SANIMA,,350.2,347,349,,,77417,27040406.6,218,,
2026-04-08,SANVI,,769,696,769,,,48476,36117515.4,518,,
2026-04-08,SARBTM,,867,853.1,857.5,,,10496,9031989.3,134,,
2026-04-08,SBI,,413.7,402.1,408,,,17126,6944931.5,86,,
2026-04-08,SBL,,402.9,390.1,395.2,,,83057,32844679.2,248,,
2026-04-08,SCB,,653.5,645,649,,,12367,8019234,102,,
2026-04-08,SGHC,,487.6,400,424,,,359346,148366808.5,1175,,
2026-04-08,SHEL,,324.9,307.8,322.1,,,287506,91983628.8,932,,
2026-04-08,SHIVM,,696,666,693,,,545654,372047983.9,1670,,
2026-04-08,SHL,,500,488,496.9,,,75218,37070610.6,217,,
2026-04-08,SHLB,,1554,1523.1,1540,,,290,446826,9,,
2026-04-08,SHPC,,530,521,530,,,63866,33591132.4,278,,
2026-04-08,SIFC,,564,545,559,,,9218,5129066.3,57,,
2026-04-08,SIKLES,,614,604,610.9,,,15961,9717980.9,131,,
2026-04-08,SJCL,,322,316,316.3,,,51670,16434097.2,171,,
2026-04-08,SJLIC,,447.9,440,446,,,33627,14903078,251,,
2026-04-08,SKBBL,,776,761.4,776,,,19275,14879494,206,,
2026-04-08,SKHEL,,669.7,621,669.7,,,360,239897,36,,
2026-04-08,SKHL,,855.5,793,855.5,,,6090,5207830,609,,
2026-04-08,SLBBL,,832.5,818,829.9,,,7760,6407768.2,113,,
2026-04-08,SLBSL,,1340,1295,1337,,,8416,11196373.7,54,,
2026-04-08,SMATA,,798,785,795,,,6000,4760214,92,,
2026-04-08,SMB,,1835,1780,1805,,,1422,2574987,37,,
2026-04-08,SMFBS,,1719,1650.1,1706,,,1635,2788266,51,,
2026-04-08,SMH,,614,605,611,,,5138,3131614.5,67,,
2026-04-08,SMHL,,508,499,504.9,,,92869,46741430.5,388,,
2026-04-08,SMJC,,484,475,481,,,35220,16910490.6,209,,
2026-04-08,SMPDA,,877.2,862,873.8,,,4601,3996316.4,78,,
2026-04-08,SNLI,,467.1,456,465,,,22560,10383817.1,419,,
2026-04-08,SOHL,,684.2,618.1,684.2,,,250400,165922635.6,10115,,
2026-04-08,SONA,,465,435,459,,,57550,25768259.9,513,,
2026-04-08,SPC,,493.5,477.5,493.5,,,15485,7478040.3,120,,
2026-04-08,SPDL,,418,408,414,,,72587,29944714.8,275,,
2026-04-08,SPHL,,539,510.1,539,,,7540,3959175.5,53,,
2026-04-08,SPL,,723.4,700.3,723.4,,,8954,6357070.1,64,,
2026-04-08,SRLI,,398,391,397.9,,,20621,8173571,237,,
2026-04-08,SSHL,,226,220.5,223.1,,,378248,84526531.3,1043,,
2026-04-08,STC,,5764,5630,5700,,,7170,40475268,42,,
2026-04-08,SWASTIK,,2705,2600,2700,,,2392,6311462,90,,
2026-04-08,SWBBL,,741.6,727,740,,,3559,2622425.2,48,,
2026-04-08,SWMF,,686.3,663.1,686.3,,,7296,4916183.8,90,,
2026-04-08,SYPNL,,1903,1815,1901,,,251874,468182727.6,2588,,
2026-04-08,TAMOR,,450.1,441,444.1,,,64894,28969964.3,274,,
2026-04-08,TPC,,396,381,396,,,103992,40416320.2,380,,
2026-04-08,TRH,,773,750,753.1,,,14198,10660344.8,34,,
2026-04-08,TSHL,,713,685,686,,,9099,6269113.6,83,,
2026-04-08,TTL,,880,830.3,880,,,43765,37578353.9,665,,
2026-04-08,TVCL,,612.1,588,610,,,19502,11837771.8,118,,
2026-04-08,UHEWA,,596.8,576.6,596.8,,,22061,12997343.1,139,,
2026-04-08,ULBSL,,3249.7,2980,3149,,,2994,9084031.1,118,,
2026-04-08,ULHC,,519,490,518,,,11297,5765829.9,131,,
2026-04-08,UMHL,,622,602,616,,,38455,23592688.6,213,,
2026-04-08,UMRH,,544,527.5,544,,,7873,4224310.1,81,,
2026-04-08,UNHPL,,525,515,520.7,,,60966,31580318,310,,
2026-04-08,UNL,,47100,47000,47100,,,75,3527001,7,,
2026-04-08,UNLB,,1662.6,1569,1633,,,2110,3442961.1,46,,
2026-04-08,UPCL,,389.9,373.4,389,,,110981,42912990.2,500,,
2026-04-08,UPPER,,216.7,213,214,,,250714,53770409.1,1000,,
2026-04-08,USHEC,,506,497.1,502,,,9321,4681703.3,95,,
2026-04-08,USHL,,704,668,694.9,,,1914,1319316.4,31,,
2026-04-08,USLB,,1380.1,1334,1363,,,3020,4122632,61,,
2026-04-08,VLBS,,776,755,766.5,,,4167,3182734.3,288,,
2026-04-08,VLUCL,,542.6,517,537,,,4929,2638647.6,80,,
2026-04-09,ACLBSL,,1007,993,1002,,,2665,2663960.1,57,,
2026-04-09,ADBL,,319,311,317.6,,,76204,24145710.9,258,,
2026-04-09,AHL,,530,503,526,,,23012,11942668.4,198,,
2026-04-09,AHPC,,297,290,295,,,199310,58684581.4,846,,
2026-04-09,AKJCL,,406,386,400,,,860475,343805553.3,1225,,
2026-04-09,AKPL,,285,275,282,,,266185,74959649.8,816,,
2026-04-09,ALBSL,,1203,1147.6,1177.9,,,10171,11871346.4,187,,
2026-04-09,ALICL,,467,452,466,,,28934,13396334.7,168,,
2026-04-09,ANLB,,6128.6,5682.8,6128.6,,,1470,8840176,62,,
2026-04-09,API,,355,344,352.2,,,740288,260840030.9,1634,,
2026-04-09,AVYAN,,1195,1107.4,1182,,,9523,11154900,131,,
2026-04-09,BANDIPUR,,949,890,924,,,94954,88456341.2,1280,,
2026-04-09,BARUN,,377,357.1,377,,,186472,68609875.6,665,,
2026-04-09,BBC,,5060,4869.7,4912,,,1044,5161215,59,,
2026-04-09,BEDC,,455,446,454.7,,,8728,3931305.2,105,,
2026-04-09,BFC,,480,472,472.2,,,15471,7365492,110,,
2026-04-09,BGWT,,750,725.1,742,,,6166,4569412.6,80,,
2026-04-09,BHCL,,590,563.3,574,,,71824,41637334.8,727,,
2026-04-09,BHDC,,481.7,470,478,,,22835,10892277.2,211,,
2026-04-09,BHL,,237,226,235,,,496108,114999061.3,1521,,
2026-04-09,BHPL,,570,545.1,570,,,25452,14220324.3,155,,
2026-04-09,BJHL,,1083.5,950,1083.5,,,29023,29838936.5,2842,,
2026-04-09,BNHC,,355,348.1,351.5,,,13650,4801388.8,108,,
2026-04-09,BNL,,15083,15082,15083,,,20,301650,2,,
2026-04-09,BNT,,11801.6,11650,11800,,,174,2040002,12,,
2026-04-09,BPCL,,717,700,715,,,41647,29577785,290,,
2026-04-09,BUNGAL,,648.7,612,633,,,27276,17460727.9,466,,
2026-04-09,CBBL,,939.9,922,930,,,16119,14984970.6,188,,
2026-04-09,CFCL,,538,519,537,,,20314,10767315.7,100,,
2026-04-09,CGH,,844,829,836,,,25320,21149962.2,206,,
2026-04-09,CHCL,,495,485,495,,,24915,12280238.1,194,,
2026-04-09,CHDC,,2487,2419,2469,,,42053,103483402.5,355,,
2026-04-09,CHL,,305,290.9,304.8,,,73573,21954027.3,310,,
2026-04-09,CIT,,1800,1775,1800,,,12048,21638866.6,187,,
2026-04-09,CITY,,482,471.5,481,,,9855,4712379.2,137,,
2026-04-09,CKHL,,725,669,699,,,7359,5156977.5,84,,
2026-04-09,CLI,,473,467,472,,,14718,6926936.8,332,,
2026-04-09,CREST,,1325,1280.1,1323,,,13120,17165319.1,245,,
2026-04-09,CYCL,,1585,1534.1,1569,,,1134,1763102.3,37,,
2026-04-09,CZBIL,,215,207.6,214.4,,,75128,16017290.4,288,,
2026-04-09,DDBL,,859,846.1,852,,,8478,7226132.5,122,,
2026-04-09,DHEL,,678.3,655,669,,,45194,30232445.6,582,,
2026-04-09,DHPL,,317.9,307.3,317,,,6703,2116735.5,54,,
2026-04-09,DLBS,,1349,1300.3,1337,,,457,605034.2,28,,
2026-04-09,DOLTI,,478.5,465,472,,,6363,2997419.5,98,,
2026-04-09,DORDI,,298,290,296.1,,,130296,38452131.5,438,,
2026-04-09,EBL,,701.9,694,700,,,41712,29169688.5,210,,
2026-04-09,EHPL,,426.4,412.1,419,,,35044,14715791.4,229,,
2026-04-09,ENL,,923,895,923,,,712,646894,28,,
2026-04-09,FMDBL,,855,833,846,,,31463,26607707.8,211,,
2026-04-09,FOWAD,,1156.9,1135,1150,,,11008,12593342.8,106,,
2026-04-09,GBIME,,241.8,236,240,,,127776,30692112.2,523,,
2026-04-09,GBLBS,,790,764,790,,,5247,4110094.6,124,,
2026-04-09,GCIL,,448,433,441,,,45425,20113970.5,410,,
2026-04-09,GFCL,,654.8,640,654,,,18037,11700596.5,106,,
2026-04-09,GHL,,261,245,258.5,,,252210,64811936.7,614,,
2026-04-09,GILB,,1172,1155,1171,,,889,1030129.1,36,,
2026-04-09,GLBSL,,1840,1786,1825,,,615,1121101.6,53,,
2026-04-09,GLH,,290,278.1,288,,,194797,55783731.5,733,,
2026-04-09,GMFBS,,1400,1353,1399,,,180,250328,10,,
2026-04-09,GMFIL,,497.9,491,495.5,,,13547,6687009,90,,
2026-04-09,GMLI,,1584.9,1500,1560,,,6916,10726792.2,137,,
2026-04-09,GUFL,,558.7,541,550.3,,,19145,10569932.6,123,,
2026-04-09,GVL,,503,490,503,,,33884,16956012.3,224,,
2026-04-09,HATHY,,913,886.1,900.1,,,10496,9428340.8,170,,
2026-04-09,HBL,,214.2,208,212,,,148030,31336113.8,1540,,
2026-04-09,HDHPC,,238.5,224.5,237,,,842683,197664257.1,1707,,
2026-04-09,HDL,,1185,1175,1181,,,44366,52372311.5,599,,
2026-04-09,HFIN,,681.2,610.7,681.2,,,2390,1625715,239,,
2026-04-09,HHL,,361.8,345,358.6,,,71987,25542071.6,326,,
2026-04-09,HIDCL,,284.9,276.1,282.8,,,148662,41954155.5,536,,
2026-04-09,HIMSTAR,,994,888.5,994,,,32701,31217118.2,463,,
2026-04-09,HLBSL,,936,906,933,,,1438,1318743.6,33,,
2026-04-09,HLI,,364.1,355,363,,,97161,35085806.7,532,,
2026-04-09,HPPL,,398.8,388,398.8,,,79113,31150528.9,370,,
2026-04-09,HRL,,784,720,769.9,,,531040,398612578.3,4451,,
2026-04-09,HURJA,,286,275,280,,,269791,76210903.2,779,,
2026-04-09,ICFC,,661,631,651.2,,,24183,15745629.6,133,,
2026-04-09,IHL,,486.9,470,479.9,,,13203,6261021.7,125,,
2026-04-09,ILBS,,999,947,993,,,7066,6908149.7,97,,
2026-04-09,ILI,,451.5,441,451,,,21809,9757312.7,408,,
2026-04-09,JBLB,,1341,1315.1,1339,,,5940,7887628.1,164,,
2026-04-09,JFL,,434,415.7,430,,,8401,3618786.6,66,,
2026-04-09,JHAPA,,1380,1313,1350,,,9489,12856026.2,168,,
2026-04-09,JOSHI,,297,292,295.5,,,46910,13828272.7,193,,
2026-04-09,JSLBB,,1162.8,1137,1141,,,361,414961,12,,
2026-04-09,KBL,,234.5,224,233,,,1018644,235974954.9,2021,,
2026-04-09,KBSH,,1669,1642,1642,,,206,339886,7,,
2026-04-09,KDL,,888,865,876,,,2854,2501833.2,88,,
2026-04-09,KKHC,,285,266.4,282,,,113654,31767360.6,545,,
2026-04-09,KMCDB,,958,926.2,950,,,5553,5222699.4,77,,
2026-04-09,KPCL,,516,505,515.6,,,38516,19669229.4,255,,
2026-04-09,LEC,,242.3,231,242,,,325019,77915008.8,860,,
2026-04-09,LICN,,853,834,847,,,18492,15536743.4,127,,
2026-04-09,LLBS,,1000,966,995,,,608,601810.4,12,,
2026-04-09,LSL,,223.7,215.1,220,,,200362,44032004.3,438,,
2026-04-09,MABEL,,744,708,739,,,26373,19348561,334,,
2026-04-09,MAKAR,,504,480.5,486.4,,,14738,7222024.7,127,,
2026-04-09,MANDU,,840,823.1,840,,,4312,3598748,71,,
2026-04-09,MATRI,,973.8,954.8,956,,,1879,1797691.4,27,,
2026-04-09,MBJC,,302,291,301,,,36894,11027534.3,421,,
2026-04-09,MBL,,259,250.9,258,,,214437,54866595.8,377,,
2026-04-09,MCHL,,391,374.2,385,,,7583,2902404.5,70,,
2026-04-09,MEHL,,437.7,425,434.9,,,10178,4370642,121,,
2026-04-09,MEL,,282.5,274,281,,,37355,10410950.9,343,,
2026-04-09,MEN,,607,590.2,600.8,,,111314,66772586.7,451,,
2026-04-09,MERO,,761.4,740,756,,,10926,8242226,148,,
2026-04-09,MFIL,,850,805,825,,,68229,55970184.9,305,,
2026-04-09,MHCL,,379.3,366,375,,,8896,3315031.6,146,,
2026-04-09,MHL,,535,506.7,526.1,,,17694,9311567.9,143,,
2026-04-09,MHNL,,286.7,275.1,282,,,57271,16132292.7,232,,
2026-04-09,MKCL,,1381,1365,1369.2,,,3553,4870712.9,65,,
2026-04-09,MKHC,,346.5,330,342,,,40762,13852642.8,233,,
2026-04-09,MKHL,,792,706,792,,,14628,10671682.5,121,,
2026-04-09,MKJC,,523.2,511.5,519.9,,,19052,9893939,102,,
2026-04-09,MLBBL,,1322,1285,1321,,,2311,3032271.8,38,,
2026-04-09,MLBS,,1461.6,1433,1459.9,,,722,1044619.5,29,,
2026-04-09,MLBSL,,1856,1820,1840,,,1393,2554206.6,48,,
2026-04-09,MMKJL,,553.2,539,551,,,6307,3456778.2,73,,
2026-04-09,MPFL,,663.9,625.3,663.9,,,47871,30928565.8,289,,
2026-04-09,MSHL,,784,759.6,766,,,1030,800359,29,,
2026-04-09,MSLB,,1326,1236.9,1319,,,787,1027550.3,39,,
2026-04-09,NABIL,,530,521,528,,,38820,20507937.7,442,,
2026-04-09,NADEP,,799,776.1,796,,,3263,2569197.6,42,,
2026-04-09,NBL,,285,277.1,284,,,437211,123335296.5,611,,
2026-04-09,NESDO,,1600,1550,1594,,,1404,2220606.1,37,,
2026-04-09,NFS,,627.9,615,625,,,16277,10125460.5,181,,
2026-04-09,NGPL,,474,459,470,,,663357,309976937.5,1368,,
2026-04-09,NHDL,,646,631,645,,,14013,8961463.6,84,,
2026-04-09,NHPC,,315,288.2,307,,,1439197,434766449.4,3351,,
2026-04-09,NICA,,382.9,375,375,,,154661,58658590.5,456,,
2026-04-09,NICLBSL,,609.9,585,608.7,,,17766,10672814.9,229,,
2026-04-09,NIFRA,,274,266.1,272.9,,,166400,45155484,873,,
2026-04-09,NIMB,,223.8,205,216.1,,,346398,73608335.4,947,,
2026-04-09,NLIC,,796,774.1,793,,,25872,20352735.9,269,,
2026-04-09,NLICL,,603,587,596,,,15162,9049270,84,,
2026-04-09,NLO,,269.4,269.4,269.4,,,0,0,0,,
2026-04-09,NMB,,263,248,252,,,58876,14878335.5,234,,
2026-04-09,NMBMF,,678.9,672,677,,,6353,4278448.9,40,,
2026-04-09,NMFBS,,1164,1130,1150.3,,,5947,6853747.7,66,,
2026-04-09,NMLBBL,,659,617.2,633,,,13271,8444247.1,138,,
2026-04-09,NRIC,,1080,999.5,1068,,,115751,120054727.8,1032,,
2026-04-09,NRM,,425,417,423.9,,,24862,10478649,211,,
2026-04-09,NRN,,1648,1575,1627,,,224826,366235782.5,1340,,
2026-04-09,NTC,,884,875,879.8,,,35471,31101423.4,245,,
2026-04-09,NUBL,,702,682,700,,,7255,5049328.9,99,,
2026-04-09,NWCL,,842.9,820,840,,,3119,2606783.8,55,,
2026-04-09,NYADI,,421,410.4,418.2,,,10579,4426732.4,113,,
2026-04-09,OHL,,724.7,700,722,,,1761,1259563,25,,
2026-04-09,OMPL,,1306,1260,1290,,,8379,10815146.6,205,,
2026-04-09,PCBL,,252.9,244,252.9,,,95824,23978019,326,,
2026-04-09,PFL,,400,388.4,398,,,20529,8143012.4,142,,
2026-04-09,PHCL,,326,317.1,324,,,121346,39124740.8,686,,
2026-04-09,PMHPL,,364,345,359,,,36503,13039977.6,183,,
2026-04-09,PMLI,,491.6,480,486,,,12843,6243410.3,200,,
2026-04-09,PPCL,,410,396.9,409.9,,,37257,15016411.2,177,,
2026-04-09,PPL,,377,363.1,377,,,53366,19924211,274,,
2026-04-09,PROFL,,467,455,462,,,17421,8015499.2,119,,
2026-04-09,PRVU,,213.8,206,212.9,,,320213,67477426.5,791,,
2026-04-09,PURE,,968.9,919.8,947.1,,,17097,16297825.5,206,,
2026-04-09,RADHI,,842,817.1,840,,,132099,110286806.4,401,,
2026-04-09,RAWA,,683,663.1,679.9,,,890,597658,27,,
2026-04-09,RFPL,,403,390,400,,,154529,61577323.8,446,,
2026-04-09,RHGCL,,310,298,306.2,,,75008,22961291,324,,
2026-04-09,RHPL,,297,286.2,295,,,42193,12401629.1,300,,
2026-04-09,RIDI,,372.1,349,372,,,1132834,413410785.7,2174,,
2026-04-09,RLEL,,777.8,721.2,777.8,,,1200,931406,120,,
2026-04-09,RLFL,,467,450,455.5,,,34833,15984343.3,171,,
2026-04-09,RNLI,,479,465.6,475,,,28591,13501441.4,383,,
2026-04-09,RSDC,,714,700.2,705,,,14519,10294159.5,145,,
2026-04-09,RSML,,4289.4,3825,4289.4,,,68240,284147469.1,1651,,
2026-04-09,RURU,,680,668,671.1,,,11527,7747388.3,77,,
2026-04-09,SAGAR,,1980,1900,1949,,,25393,49592011.2,310,,
2026-04-09,SAHAS,,632,615,627.8,,,164885,103316247,930,,
2026-04-09,SAIL,,1400,1310.1,1348.9,,,106190,143910345.6,1344,,
2026-04-09,SANIMA,,355,348,354,,,90218,31783834.5,302,,
2026-04-09,SANVI,,816,763,797,,,52377,41307643,551,,
2026-04-09,SARBTM,,880,850,875,,,37791,32874501.7,229,,
2026-04-09,SBI,,412,405,408.8,,,25909,10591507.3,137,,
2026-04-09,SBL,,400.9,393,397,,,116826,46196404.9,318,,
2026-04-09,SCB,,658,641.7,655,,,27670,18087345.2,181,,
2026-04-09,SGHC,,422,407.4,413.2,,,54558,22595909.8,376,,
2026-04-09,SHEL,,336,320,331,,,402803,132578127.7,1202,,
2026-04-09,SHIVM,,700,688.1,695,,,447466,310390172.5,1721,,
2026-04-09,SHL,,510,495,509,,,49840,25130180.4,203,,
2026-04-09,SHLB,,1586.1,1525,1575,,,822,1284213.7,26,,
2026-04-09,SHPC,,538.9,525.1,536.2,,,48699,26042420.1,250,,
2026-04-09,SIFC,,567,555,564.7,,,23468,13193709.4,70,,
2026-04-09,SIKLES,,620,611,619,,,15949,9857890,170,,
2026-04-09,SJCL,,326,311.1,324,,,74847,24111872.2,252,,
2026-04-09,SJLIC,,450,440,448,,,25454,11368769.4,250,,
2026-04-09,SKBBL,,785,770,780,,,26598,20684372.9,220,,
2026-04-09,SKHEL,,736.6,669.7,736.6,,,670,491537,67,,
2026-04-09,SKHL,,941,872.6,941,,,7650,7195957,765,,
2026-04-09,SLBBL,,842.9,822,840,,,7085,5906851,98,,
2026-04-09,SLBSL,,1363.7,1311.4,1354,,,2227,2983510.3,56,,
2026-04-09,SMATA,,814.7,793,809,,,5179,4186468.8,107,,
2026-04-09,SMB,,1845,1802.2,1829,,,601,1102753,29,,
2026-04-09,SMFBS,,1747,1700,1747,,,2921,5030207.1,69,,
2026-04-09,SMH,,617.8,609,615.9,,,10846,6642667.4,150,,
2026-04-09,SMHL,,512.5,501,509,,,109179,55574630.9,521,,
2026-04-09,SMJC,,496.5,479.4,490,,,65344,31807439,330,,
2026-04-09,SMPDA,,889,860,879,,,2971,2598580.9,67,,
2026-04-09,SNLI,,473,461.1,467.9,,,16014,7462181.9,392,,
2026-04-09,SOHL,,752.6,685,752.6,,,384690,280167357.1,12135,,
2026-04-09,SONA,,467,452.1,460,,,71280,32828681.9,531,,
2026-04-09,SPC,,504.8,490,504.8,,,12766,6335838,138,,
2026-04-09,SPDL,,429,413,425,,,159709,67423330.9,449,,
2026-04-09,SPHL,,548.9,530,545,,,5161,2780012.4,56,,
2026-04-09,SPL,,730,715,726.9,,,4578,3318568,52,,
2026-04-09,SRLI,,404,393.2,401,,,33215,13295126.7,358,,
2026-04-09,SSHL,,229,220.6,227.3,,,504789,114339247.4,1185,,
2026-04-09,STC,,5848,5612.2,5818.9,,,1626,9367165.6,42,,
2026-04-09,SWASTIK,,2780,2700,2760,,,2137,5835088.5,59,,
2026-04-09,SWBBL,,757.8,735,757,,,8723,6555666.9,85,,
2026-04-09,SWMF,,698,673,697.8,,,3909,2689558.8,60,,
2026-04-09,SYPNL,,1960,1864,1885,,,181302,346844798.2,2437,,
2026-04-09,TAMOR,,455.9,442.2,447.1,,,150848,67972251.8,567,,
2026-04-09,TPC,,403,391,399.5,,,70536,27888618.7,282,,
2026-04-09,TRH,,770,750.2,766,,,2834,2164778.6,32,,
2026-04-09,TSHL,,724,699,700,,,6855,4821843.5,88,,
2026-04-09,TTL,,904.7,867,892,,,44699,39952569.1,623,,
2026-04-09,TVCL,,621.9,590,599.9,,,23061,13844498.2,120,,
2026-04-09,UHEWA,,606.8,591.2,602.4,,,19072,11474395.6,181,,
2026-04-09,ULBSL,,3200,3000,3095,,,2544,7745324.7,99,,
2026-04-09,ULHC,,523.7,513,523.7,,,5029,2614450,86,,
2026-04-09,UMHL,,623.6,610,622,,,52934,32742362.1,224,,
2026-04-09,UMRH,,554.7,538.2,549,,,12622,6938236.4,112,,
2026-04-09,UNHPL,,530,511,522,,,104842,54616311.9,415,,
2026-04-09,UNL,,47099,47000,47099,,,70,3290990,5,,
2026-04-09,UNLB,,1650,1610,1636.9,,,1761,2861590.8,56,,
2026-04-09,UPCL,,396.7,382.2,393,,,155398,60926597.8,567,,
2026-04-09,UPPER,,218.2,214,216.5,,,302238,65414555.9,1102,,
2026-04-09,USHEC,,509.9,495.2,509,,,17145,8682955.8,135,,
2026-04-09,USHL,,750,682,713,,,4055,2861728,58,,
2026-04-09,USLB,,1428,1364,1410,,,2588,3624480.7,55,,
2026-04-09,VLBS,,787,766.1,772.1,,,7818,6071939.2,282,,
2026-04-09,VLUCL,,550,523,542.1,,,11503,6187791.6,140,,
2026-04-10,ACLBSL,,1050,988,998,,,3050,3054618.3,69,,
2026-04-10,ADBL,,322.8,313.1,316.5,,,47257,14957745.2,189,,
2026-04-10,AHL,,536,514,536,,,17797,9272921.7,136,,
2026-04-10,AHPC,,297.5,288.3,290,,,248446,72405918.3,688,,
2026-04-10,AKJCL,,415,400,406,,,771206,314619140.5,1277,,
2026-04-10,AKPL,,284,274,276,,,225775,62884930.8,726,,
2026-04-10,ALBSL,,1197.9,1142,1161.9,,,9656,11132361.4,202,,
2026-04-10,ALICL,,470,462,469.8,,,31943,14883998.5,177,,
2026-04-10,ANLB,,6399.8,6128.6,6368.1,,,552,3453465.6,39,,
2026-04-10,API,,355,346,351,,,571583,200065133.4,1227,,
2026-04-10,AVYAN,,1224,1158.4,1198.7,,,19577,23390152.5,261,,
2026-04-10,BANDIPUR,,942.4,891.2,902.1,,,83512,75735552.2,1108,,
2026-04-10,BARUN,,376.9,366,367.8,,,127441,47170828.3,500,,
2026-04-10,BBC,,5006.7,4857,4857,,,712,3493287,52,,
2026-04-10,BEDC,,455.9,444,450.8,,,13033,5839964.6,124,,
2026-04-10,BFC,,477,465.3,470,,,14384,6747211.5,93,,
2026-04-10,BGWT,,740,731.2,733,,,1190,876340.6,26,,
2026-04-10,BHCL,,583,560,562,,,49888,28305801.7,543,,
2026-04-10,BHDC,,485,468.6,475.8,,,40533,19318840.7,189,,
2026-04-10,BHL,,237,226.9,230,,,368735,85047926.7,1227,,
2026-04-10,BHPL,,580,552,560,,,13276,7415713.3,139,,
2026-04-10,BJHL,,1191.8,1105,1191.8,,,19720,23447913.5,1089,,
2026-04-10,BNHC,,353,348.5,350,,,9044,3168615.5,98,,
2026-04-10,BNL,,15380,15369,15369,,,45,691990,4,,
2026-04-10,BNT,,11800,11620.2,11800,,,125,1467807,6,,
2026-04-10,BPCL,,725,705.4,723,,,68641,49243933.6,327,,
2026-04-10,BUNGAL,,640,612.7,622.9,,,19547,12148342.2,347,,
2026-04-10,CBBL,,948,911,918,,,35512,32798658.4,352,,
2026-04-10,CFCL,,547.5,521.5,529.9,,,11951,6316347.7,71,,
2026-04-10,CGH,,835,825,826,,,24587,20387576.1,176,,
2026-04-10,CHCL,,503,485,493,,,62674,30785521.7,187,,
2026-04-10,CHDC,,2518,2423,2449.9,,,34201,83520549.4,277,,
2026-04-10,CHL,,305,295.2,300.9,,,65944,19706962.4,277,,
2026-04-10,CIT,,1803.9,1783,1793,,,5200,9341453,96,,
2026-04-10,CITY,,482.9,472,474,,,9914,4693233.8,118,,
2026-04-10,CKHL,,727,683,700,,,1421,992338.7,57,,
2026-04-10,CLI,,475,465,468.5,,,9688,4544617.7,210,,
2026-04-10,CREST,,1339,1277,1312.8,,,8282,10726893.1,189,,
2026-04-10,CYCL,,1600,1538,1570,,,1149,1801759,40,,
2026-04-10,CZBIL,,214.9,210,211,,,89925,18977974.8,215,,
2026-04-10,DDBL,,859,843,846.1,,,7022,5952259.7,102,,
2026-04-10,DHEL,,680,646,656,,,32500,21360969.2,500,,
2026-04-10,DHPL,,323,306,314,,,9455,2930964.4,83,,
2026-04-10,DLBS,,1355,1292,1310.1,,,1089,1419486.9,22,,
2026-04-10,DOLTI,,475,460.2,470,,,5841,2716584.5,95,,
2026-04-10,DORDI,,297,291.2,292.1,,,112098,32865501,355,,
2026-04-10,EBL,,707.9,697.1,699,,,25439,17807316.8,137,,
2026-04-10,EHPL,,427,416,418,,,19741,8266263.7,158,,
2026-04-10,ENL,,910,904.6,905,,,1781,1613379,26,,
2026-04-10,FMDBL,,860,826.1,831.1,,,26883,22513470.7,187,,
2026-04-10,FOWAD,,1169.9,1134,1160,,,10664,12345928.6,129,,
2026-04-10,GBIME,,243,234,237.9,,,195135,46349870,580,,
2026-04-10,GBLBS,,790,775.1,784.4,,,2288,1787773.6,42,,
2026-04-10,GCIL,,449.8,435,440,,,37544,16541460.4,282,,
2026-04-10,GFCL,,659.9,643.1,648.1,,,29762,19375285,132,,
2026-04-10,GHL,,263,253.7,256,,,263522,68073303.2,570,,
2026-04-10,GILB,,1173,1150.1,1150.5,,,635,732046.4,21,,
2026-04-10,GLBSL,,1830,1801,1810,,,466,845562,30,,
2026-04-10,GLH,,287.8,282,282.5,,,136641,38768537.6,490,,
2026-04-10,GMFBS,,1398,1360,1393,,,203,281475,12,,
2026-04-10,GMFIL,,494.9,480.1,482,,,5624,2729931,44,,
2026-04-10,GMLI,,1570,1510,1554,,,2129,3279451,73,,
2026-04-10,GUFL,,557,535,544,,,12206,6609016.6,85,,
2026-04-10,GVL,,505,493,500,,,29957,14950909.2,181,,
2026-04-10,HATHY,,906.5,886.6,888.7,,,6753,6028976.3,104,,
2026-04-10,HBL,,213,208.1,210.2,,,91913,19356923.3,1189,,
2026-04-10,HDHPC,,243.7,234.6,237,,,898933,215159666,1806,,
2026-04-10,HDL,,1200,1170,1175.5,,,46840,55206908.8,446,,
2026-04-10,HFIN,,749.3,694.8,749.3,,,2140,1602162,214,,
2026-04-10,HHL,,389,352.2,389,,,266225,99630416.1,984,,
2026-04-10,HIDCL,,288.4,274.1,277,,,166218,46107358.5,547,,
2026-04-10,HIMSTAR,,1057,955,995,,,24426,24212715,452,,
2026-04-10,HLBSL,,929,900,925,,,1733,1576845.7,24,,
2026-04-10,HLI,,365.9,359.8,360.2,,,113941,41271647.3,520,,
2026-04-10,HPPL,,402,390.1,402,,,66397,26227653.3,296,,
2026-04-10,HRL,,782.2,750.8,756,,,222552,169288684.4,2205,,
2026-04-10,HURJA,,285,274.4,279,,,306144,85514365.6,653,,
2026-04-10,ICFC,,659,644.2,649.9,,,15070,9748483.4,72,,
2026-04-10,IHL,,480,471.1,473.2,,,5475,2606841.2,61,,
2026-04-10,ILBS,,1012.8,956,969.3,,,4429,4332540,69,,
2026-04-10,ILI,,451,443,445,,,22493,10040000.1,300,,
2026-04-10,JBLB,,1339,1310,1317,,,8367,11052315,153,,
2026-04-10,JFL,,431,422,422.6,,,5585,2369609.9,57,,
2026-04-10,JHAPA,,1376,1307,1320,,,9837,13105760.8,176,,
2026-04-10,JOSHI,,296,289,292,,,32312,9462332.1,178,,
2026-04-10,JSLBB,,1153.7,1130,1136.4,,,137,155446.7,7,,
2026-04-10,KBL,,235.1,227.7,230.8,,,681252,156898228.7,1359,,
2026-04-10,KBSH,,1660,1593.5,1650,,,718,1166471,23,,
2026-04-10,KDL,,892.5,860.1,872,,,2429,2111670.4,57,,
2026-04-10,KKHC,,287.5,277,281,,,147538,41573240.4,519,,
2026-04-10,KMCDB,,963,926.2,928,,,9136,8533708.8,92,,
2026-04-10,KPCL,,515,508,512.1,,,22764,11617742.4,130,,
2026-04-10,LEC,,246.1,237.1,244,,,354767,85673195.6,784,,
2026-04-10,LICN,,842,833,833,,,15984,13388079.8,89,,
2026-04-10,LLBS,,995,976,993.9,,,190,185795.9,7,,
2026-04-10,LSL,,224,216.4,218.1,,,94357,20597109.3,221,,
2026-04-10,MABEL,,752,708.1,717,,,18915,13590391.4,309,,
2026-04-10,MAKAR,,525,486.7,508,,,34261,17546944.8,312,,
2026-04-10,MANDU,,851,824,851,,,7573,6355874.7,104,,
2026-04-10,MATRI,,959,941,945,,,766,728227.4,19,,
2026-04-10,MBJC,,307,296,305.9,,,40787,12334594.7,365,,
2026-04-10,MBL,,258,250.9,252.5,,,243065,61428810.3,259,,
2026-04-10,MCHL,,389.8,375,376.1,,,4984,1907608.3,37,,
2026-04-10,MEHL,,443,425,432,,,15186,6517912,112,,
2026-04-10,MEL,,286.6,275,280,,,25396,7061430,262,,
2026-04-10,MEN,,607,595,598,,,105563,63273543.8,343,,
2026-04-10,MERO,,769.8,740.1,750,,,4921,3672244.9,65,,
2026-04-10,MFIL,,830,808.5,830,,,66919,54986039.9,217,,
2026-04-10,MHCL,,371,365,365,,,7907,2909597.6,89,,
2026-04-10,MHL,,526,515.6,521,,,19159,9955500.4,123,,
2026-04-10,MHNL,,287.5,273,273.6,,,44497,12320558.1,213,,
2026-04-10,MKCL,,1370,1355,1356.2,,,4763,6471141.5,86,,
2026-04-10,MKHC,,345,335,338,,,22173,7508945.6,167,,
2026-04-10,MKHL,,777,719.9,760,,,17772,13035280.2,209,,
2026-04-10,MKJC,,540.6,509.5,520,,,15576,8042886,129,,
2026-04-10,MLBBL,,1320,1288.1,1295,,,3071,3982633.2,62,,
2026-04-10,MLBS,,1460,1435.2,1436.8,,,937,1348426.6,22,,
2026-04-10,MLBSL,,1875,1840.1,1845,,,702,1299322,30,,
2026-04-10,MMKJL,,549.9,535,535,,,2685,1451766,49,,
2026-04-10,MPFL,,675,651.2,664.2,,,55085,36487734.6,281,,
2026-04-10,MSHL,,779.9,755,771.9,,,1277,971987.7,25,,
2026-04-10,MSLB,,1345,1241.9,1317,,,640,836990.6,39,,
2026-04-10,NABIL,,538,526.2,529.5,,,85950,45681664.7,598,,
2026-04-10,NADEP,,800,781.4,792,,,2989,2345904.3,35,,
2026-04-10,NBL,,289,279.2,279.4,,,287344,80612709,406,,
2026-04-10,NESDO,,1620,1546,1572,,,493,772457.1,22,,
2026-04-10,NFS,,631,610,619.7,,,18294,11321792.1,138,,
2026-04-10,NGPL,,477,462,465,,,424821,197741773.1,977,,
2026-04-10,NHDL,,657.8,635,640,,,11020,7132360.9,85,,
2026-04-10,NHPC,,316.6,301,310.5,,,1641255,513299456.2,3289,,
2026-04-10,NICA,,382.5,367.6,369.1,,,135801,50355430.7,399,,
2026-04-10,NICLBSL,,618.9,591.1,615,,,20125,12207845.5,255,,
2026-04-10,NIFRA,,273.3,267.1,269,,,113310,30522716,715,,
2026-04-10,NIMB,,220,210.7,213.7,,,173460,37003727.5,631,,
2026-04-10,NLIC,,804,777,786,,,20343,16015262.4,208,,
2026-04-10,NLICL,,598.5,590.3,595,,,12040,7167070.3,70,,
2026-04-10,NLO,,269.4,269.4,269.4,,,0,0,0,,
2026-04-10,NMB,,257,250,251,,,24529,6171164.9,154,,
2026-04-10,NMBMF,,685,666.5,668.5,,,2824,1888285.5,21,,
2026-04-10,NMFBS,,1164,1147,1150,,,6038,6944369.7,48,,
2026-04-10,NMLBBL,,639,625,632,,,7325,4600927.4,73,,
2026-04-10,NRIC,,1079,1020,1040,,,88515,91469396.8,839,,
2026-04-10,NRM,,423.9,414.2,417.2,,,22867,9526737.4,180,,
2026-04-10,NRN,,1637.5,1595,1604,,,139756,224795607.3,1162,,
2026-04-10,NTC,,890,875.5,880,,,18347,16149296.6,161,,
2026-04-10,NUBL,,700,687.2,694,,,1843,1276950.4,37,,
2026-04-10,NWCL,,836.8,817,829.7,,,2416,1995959,66,,
2026-04-10,NYADI,,426.5,410.2,412.2,,,6014,2489778.6,87,,
2026-04-10,OHL,,733,704.1,714.9,,,1787,1276235,26,,
2026-04-10,OMPL,,1290,1266,1266.1,,,10734,13631127,149,,
2026-04-10,PCBL,,255.9,247.2,247.5,,,65934,16443531.4,209,,
2026-04-10,PCIL,,330,300,330,,,250,81310,25,,
2026-04-10,PFL,,402,390,396,,,7887,3101104.7,70,,
2026-04-10,PHCL,,326,314.6,322,,,90519,28819016.3,497,,
2026-04-10,PMHPL,,378.9,351.9,366,,,40034,14364555.8,198,,
2026-04-10,PMLI,,490,482,485,,,9912,4817272.4,189,,
2026-04-10,PPCL,,417.6,397,407,,,36284,14767087.6,101,,
2026-04-10,PPL,,383,364.9,367.1,,,74438,27506956.6,295,,
2026-04-10,PROFL,,460,452.8,454.1,,,6707,3058616.8,52,,
2026-04-10,PRVU,,216,208.7,211,,,151190,31925998.8,482,,
2026-04-10,PURE,,947.1,917,925,,,21116,19566275.5,205,,
2026-04-10,RADHI,,845,820,825.1,,,162553,134720842.2,514,,
2026-04-10,RAWA,,669,667,669,,,240,160244.5,14,,
2026-04-10,RFPL,,403.4,391.1,392.3,,,100706,39984914.6,390,,
2026-04-10,RHGCL,,316,301,303,,,52929,16141274.9,252,,
2026-04-10,RHPL,,297,291,293,,,29559,8666644.1,188,,
2026-04-10,RIDI,,385,368.8,371,,,1016874,381497832.8,2170,,
2026-04-10,RLEL,,855.5,793.3,855.5,,,1290,1102068,129,,
2026-04-10,RLFL,,463.8,447.1,457.9,,,15729,7108290.2,95,,
2026-04-10,RNLI,,475,467.5,468,,,18488,8687465.8,359,,
2026-04-10,RSDC,,717,695,703.1,,,7725,5437432.7,79,,
2026-04-10,RSML,,4718.3,4375.1,4691,,,93429,435952980.3,2361,,
2026-04-10,RURU,,679.9,667,672,,,16509,11090850,74,,
2026-04-10,SAGAR,,1990,1915,1929.9,,,27171,52697199.5,306,,
2026-04-10,SAHAS,,635,619,622.1,,,129814,81334100.8,735,,
2026-04-10,SAIL,,1395,1314,1320,,,142633,192319666.2,1502,,
2026-04-10,SANIMA,,357,350.2,351.9,,,68209,23983351,194,,
2026-04-10,SANVI,,812.9,761.1,776.9,,,71389,55130173.9,600,,
2026-04-10,SARBTM,,888,865.2,880,,,19829,17415948.4,157,,
2026-04-10,SBI,,415,400,407,,,32030,13020813,109,,
2026-04-10,SBL,,404,389.8,393,,,102319,40081598,227,,
2026-04-10,SCB,,656,649,655.5,,,24520,16041886.4,106,,
2026-04-10,SGHC,,414.9,400,408.7,,,70675,28759198.9,341,,
2026-04-10,SHEL,,336.9,327,329,,,458027,151212570.3,1192,,
2026-04-10,SHIVM,,700,682.1,685,,,367225,252741592.2,1375,,
2026-04-10,SHL,,512,495,501,,,67873,34107983.5,167,,
2026-04-10,SHLB,,1551,1547,1551,,,190,294057,11,,
2026-04-10,SHPC,,539,525.6,530,,,47536,25187129.4,242,,
2026-04-10,SIFC,,569.8,550.1,564.9,,,15758,8804023.4,83,,
2026-04-10,SIKLES,,620,609.2,613,,,7357,4518801.7,92,,
2026-04-10,SIPD,,312.7,284.3,312.7,,,140,42647,14,,
2026-04-10,SJCL,,325,318,318.2,,,35120,11256447,187,,
2026-04-10,SJLIC,,450,440,445,,,26699,11837875.6,202,,
2026-04-10,SKBBL,,780,771.2,774,,,12147,9403811.3,121,,
2026-04-10,SKHEL,,810.2,750,810.2,,,770,622358,77,,
2026-04-10,SKHL,,1035.1,959.8,1035.1,,,8860,9167630,886,,
2026-04-10,SLBBL,,840,825.1,831,,,5150,4296004.4,87,,
2026-04-10,SLBSL,,1379,1300,1323,,,1955,2569023.7,51,,
2026-04-10,SMATA,,810,791.5,791.5,,,7155,5708953.9,102,,
2026-04-10,SMB,,1837,1811.5,1836,,,407,739225.4,15,,
2026-04-10,SMFBS,,1735,1713,1735,,,3005,5171063.6,44,,
2026-04-10,SMH,,616,605,610,,,9502,5794709.8,100,,
2026-04-10,SMHL,,515.9,502.5,505,,,105971,53819740.9,471,,
2026-04-10,SMJC,,515,483,501.9,,,91370,45987743.7,391,,
2026-04-10,SMPDA,,893,865,878.9,,,3127,2729200.5,40,,
2026-04-10,SNLI,,475,461.3,464,,,33642,15602514.1,356,,
2026-04-10,SOHL,,800,765,769,,,469480,368202089.7,15180,,
2026-04-10,SONA,,464,452.3,460.3,,,110798,50673173.3,502,,
2026-04-10,SPC,,508.9,483,497,,,11753,5781287.3,123,,
2026-04-10,SPDL,,428,417,418.8,,,100991,42434449,295,,
2026-04-10,SPHL,,539,530,538.5,,,4579,2449503,43,,
2026-04-10,SPL,,728.1,715,724.9,,,3075,2214696.9,58,,
2026-04-10,SRLI,,405,396,402,,,36369,14605891,313,,
2026-04-10,SSHL,,231.8,219.7,223.3,,,568790,126948249,1397,,
2026-04-10,STC,,5820,5740,5790,,,1533,8825696,29,,
2026-04-10,SWASTIK,,2715,2670,2700,,,1365,3678078,62,,
2026-04-10,SWBBL,,765,743,750,,,4729,3552999.7,59,,
2026-04-10,SWMF,,707.9,678,688.8,,,1050,718791,20,,
2026-04-10,SYPNL,,1922,1830,1849,,,131213,244429989.8,1619,,
2026-04-10,TAMOR,,450,443.2,443.7,,,103386,46090418.5,327,,
2026-04-10,TPC,,400,391,392.6,,,80666,31863770.6,278,,
2026-04-10,TRH,,765,756.2,765,,,1137,861749.4,13,,
2026-04-10,TSHL,,714,687,695,,,1645,1140503.9,24,,
2026-04-10,TTL,,899.9,860,870,,,47562,41534369,552,,
2026-04-10,TVCL,,598.9,583.1,584,,,21143,12470883.9,152,,
2026-04-10,UHEWA,,602.8,588,599,,,25016,14843784.9,141,,
2026-04-10,ULBSL,,3150,2974.5,3070,,,3818,11659639.1,78,,
2026-04-10,ULHC,,531,515,530,,,27842,14533647.8,135,,
2026-04-10,UMHL,,640,618,637.5,,,123190,77369713.7,592,,
2026-04-10,UMRH,,550,540,543.1,,,6286,3410404.7,67,,
2026-04-10,UNHPL,,532.2,513.09,525,,,149858,77977060.59,446,,
2026-04-10,UNL,,47100,47099,47100,,,30,1412980,2,,
2026-04-10,UNLB,,1650,1605,1610,,,2266,3666282.7,50,,
2026-04-10,UPCL,,395,383.8,385,,,124880,48331458.3,527,,
2026-04-10,UPPER,,217.9,212.2,213,,,314264,67271383.1,1255,,
2026-04-10,USHEC,,508,502,507.5,,,21397,10821463.5,117,,
2026-04-10,USHL,,717,684.9,700,,,4809,3328522.5,65,,
2026-04-10,USLB,,1410,1370,1387,,,5266,7280307,93,,
2026-04-10,VLBS,,795,765.6,781,,,9728,7598252.7,262,,
2026-04-10,VLUCL,,542.1,532,538,,,4990,2677647.5,79,,
2026-04-13,ACLBSL,,1000,980,996.9,,,1637,1611839.2,44,,
2026-04-13,ADBL,,318,313.1,315.3,,,60185,18980234.6,204,,
2026-04-13,AHL,,568,515.1,550.2,,,14939,7998197.7,162,,
2026-04-13,AHPC,,295.8,288,290.3,,,123539,35991002.3,530,,
2026-04-13,AKJCL,,411,399,401.6,,,963143,388142142.6,1230,,
2026-04-13,AKPL,,281,272,278,,,158325,43893341.5,477,,
2026-04-13,ALBSL,,1184.6,1128.5,1147.9,,,16795,19195512,261,,
2026-04-13,ALICL,,469.6,460.3,463.8,,,14887,6875027.6,111,,
2026-04-13,ANLB,,6492,6240.8,6465,,,492,3125051.2,48,,
2026-04-13,API,,354,345,348.2,,,382840,133726246.8,920,,
2026-04-13,AVYAN,,1198,1160,1163.1,,,6895,8089782.3,116,,
2026-04-13,BANDIPUR,,910,884.2,889,,,56402,50351646.2,1041,,
2026-04-13,BARUN,,375.1,367,369.9,,,103996,38422381.6,305,,
2026-04-13,BBC,,4931,4775,4851.1,,,472,2300885.9,37,,
2026-04-13,BEDC,,467,442.1,464,,,21661,9877968.8,217,,
2026-04-13,BFC,,470,465,465.7,,,12162,5683807.9,113,,
2026-04-13,BGWT,,753,730,753,,,4454,3282273.2,60,,
2026-04-13,BHCL,,568.7,550,557,,,33162,18427215.6,533,,
2026-04-13,BHDC,,493.6,470,488.8,,,118691,57582530.8,392,,
2026-04-13,BHL,,232.9,226,231.1,,,338493,77906711.7,1059,,
2026-04-13,BHPL,,569.9,555,559.9,,,8213,4584414.5,76,,
2026-04-13,BJHL,,1305,1097.6,1240,,,85733,104278929.3,3647,,
2026-04-13,BNHC,,357,350,353,,,16199,5721784.7,120,,
2026-04-13,BNL,,15620,15620,15620,,,20,312400,1,,
2026-04-13,BNT,,11800,11800,11800,,,10,118000,1,,
2026-04-13,BPCL,,737.4,710.2,714.9,,,25403,18157061.6,150,,
2026-04-13,BUNGAL,,623,600,615,,,17249,10574650.9,351,,
2026-04-13,CBBL,,925,905,912,,,32284,29397488.4,423,,
2026-04-13,CFCL,,530,522,528.1,,,8362,4410917.2,60,,
2026-04-13,CGH,,835,822.3,827,,,10739,8884782.9,151,,
2026-04-13,CHCL,,502.8,490.3,495.4,,,29632,14625996.3,193,,
2026-04-13,CHDC,,2470,2405.1,2470,,,26743,64821564.2,260,,
2026-04-13,CHL,,303,298.5,299,,,44381,13323490,165,,
2026-04-13,CIT,,1802,1785,1796,,,7086,12727827.6,110,,
2026-04-13,CITY,,479,468.1,473.4,,,4563,2147129,95,,
2026-04-13,CKHL,,730,674,714,,,6803,4761498.3,86,,
2026-04-13,CLI,,468.5,461.1,466,,,11890,5532518.9,260,,
2026-04-13,CREST,,1365.5,1275,1289,,,10445,13463015,198,,
2026-04-13,CYCL,,1565,1551,1563,,,178,276479.7,14,,
2026-04-13,CZBIL,,212,209,210.2,,,55757,11742599.3,187,,
2026-04-13,DDBL,,850,840,841.1,,,7899,6667828.2,73,,
2026-04-13,DHEL,,659.9,640,647,,,28521,18422984.9,460,,
2026-04-13,DHPL,,314,308,313.9,,,7867,2446644,56,,
2026-04-13,DLBS,,1305,1283.9,1290.1,,,533,687632.6,25,,
2026-04-13,DOLTI,,479,464,479,,,7660,3609140.7,109,,
2026-04-13,DORDI,,297,292,294,,,76845,22617943.1,300,,
2026-04-13,EBL,,711,688.1,698,,,42065,29434408.3,184,,
2026-04-13,EHPL,,426.3,417,422,,,32233,13590455.6,209,,
2026-04-13,ENL,,905,890,905,,,1196,1065871.5,25,,
2026-04-13,FMDBL,,847,823,825.5,,,13495,11187196.7,94,,
2026-04-13,FOWAD,,1174,1143,1165.7,,,8048,9301514,67,,
2026-04-13,GBIME,,240,237,238,,,50348,11971550.7,350,,
2026-04-13,GBLBS,,800,769,785,,,3869,3017223.9,66,,
2026-04-13,GCIL,,444,431.2,442.9,,,21146,9310938.5,278,,
2026-04-13,GFCL,,658.9,643.2,643.2,,,5823,3759295.5,58,,
2026-04-13,GHL,,260,255,258,,,153192,39583254.6,392,,
2026-04-13,GILB,,1150,1138.5,1144,,,642,736973.7,8,,
2026-04-13,GLBSL,,1845,1800,1800,,,476,865220,28,,
2026-04-13,GLH,,287.7,277.1,281,,,89761,25549260.1,345,,
2026-04-13,GMFBS,,1380,1350.1,1380,,,248,338896.8,13,,
2026-04-13,GMFIL,,497,475.1,476,,,16057,7693086.8,89,,
2026-04-13,GMLI,,1610,1510,1568.9,,,2655,4128625.4,109,,
2026-04-13,GUFL,,549,535,535,,,9180,4933916.1,57,,
2026-04-13,GVL,,503,496,500,,,29304,14658176,193,,
2026-04-13,HATHY,,900,886.2,890,,,8952,8025122,126,,
2026-04-13,HBL,,212.5,208,208.5,,,119698,25116593.5,1563,,
2026-04-13,HDHPC,,251.1,233.2,249.3,,,1002588,247106353.4,2315,,
2026-04-13,HDL,,1185,1166,1167.9,,,68863,80576161.2,531,,
2026-04-13,HFIN,,824.2,764.2,824.2,,,4160,3424796,416,,
2026-04-13,HHL,,408,385,398,,,469961,187840737.8,1767,,
2026-04-13,HIDCL,,280,275,277,,,106753,29623857.7,364,,
2026-04-13,HIMSTAR,,990,951.7,975,,,10445,10148213.6,254,,
2026-04-13,HLBSL,,936,909,924.9,,,3692,3367943.7,25,,
2026-04-13,HLI,,363.7,358.1,361.1,,,31746,11455039.3,367,,
2026-04-13,HPPL,,405.9,395,405.9,,,87376,34851695.1,335,,
2026-04-13,HRL,,756,739.9,742,,,154179,115054937.8,1658,,
2026-04-13,HURJA,,287.8,275.1,287,,,385970,108906758.3,712,,
2026-04-13,ICFC,,654.8,644.5,649,,,5015,3247572.5,48,,
2026-04-13,IHL,,479.5,472.4,472.4,,,9295,4419088,70,,
2026-04-13,ILBS,,979.9,954,968,,,2363,2271733.6,45,,
2026-04-13,ILI,,453.9,442.8,446,,,18643,8324289.8,315,,
2026-04-13,JBLB,,1328,1301,1307,,,9513,12433172.9,215,,
2026-04-13,JFL,,432.9,425,425,,,5527,2356387,45,,
2026-04-13,JHAPA,,1331,1300.1,1309,,,10937,14346973.9,148,,
2026-04-13,JOSHI,,298,289,294.4,,,34192,10033115.1,158,,
2026-04-13,JSLBB,,1167,1126.3,1145,,,578,660864.9,12,,
2026-04-13,KBL,,232.9,227,229,,,516887,118349444.7,1095,,
2026-04-13,KBSH,,1681,1617,1681,,,286,464630,13,,
2026-04-13,KDL,,872.1,859,872.1,,,2158,1874908.3,74,,
2026-04-13,KKHC,,295,277.2,287.4,,,243252,69752994.7,829,,
2026-04-13,KMCDB,,930,911,915,,,6480,5937371.3,52,,
2026-04-13,KPCL,,515.1,505.1,511,,,17791,9100820.3,129,,
2026-04-13,LEC,,254.3,239.2,250,,,425157,105893409.4,1109,,
2026-04-13,LICN,,849.6,829,830,,,4255,3545971,55,,
2026-04-13,LLBS,,994.5,960.2,975,,,410,396333.6,13,,
2026-04-13,LSL,,220,214,215.5,,,90743,19649216.9,278,,
2026-04-13,MABEL,,729,697,700,,,13925,9855344,312,,
2026-04-13,MAKAR,,544.9,497.9,532.1,,,97936,51832682.2,646,,
2026-04-13,MANDU,,858,836.5,849.9,,,1765,1488637,49,,
2026-04-13,MATRI,,952.5,937,952,,,1105,1048428.6,25,,
2026-04-13,MBJC,,307.1,300,303.1,,,37235,11329483.4,349,,
2026-04-13,MBL,,253,248.8,252,,,136710,34200517.9,256,,
2026-04-13,MCHL,,413,383,410,,,15833,6311910.3,177,,
2026-04-13,MEHL,,435,424,432,,,14235,6096005.4,120,,
2026-04-13,MEL,,280,274.5,278,,,16731,4627166.2,233,,
2026-04-13,MEN,,601,591,599,,,77712,46332674.3,296,,
2026-04-13,MERO,,755.8,741,747,,,4167,3105349,63,,
2026-04-13,MFIL,,897.7,813.4,839,,,75417,62738350.3,286,,
2026-04-13,MHCL,,374,358,371,,,13462,4964534.4,141,,
2026-04-13,MHL,,537,522,528,,,16614,8807567.6,143,,
2026-04-13,MHNL,,283,269.1,279,,,32429,9089116.3,236,,
2026-04-13,MKCL,,1365.2,1342,1356.5,,,2451,3325242,49,,
2026-04-13,MKHC,,351.5,340,344.7,,,38501,13200043.8,235,,
2026-04-13,MKHL,,774,702.5,738.4,,,19145,13908646.4,181,,
2026-04-13,MKJC,,529,512.2,518,,,13261,6936821.7,96,,
2026-04-13,MLBBL,,1300,1287,1287,,,599,772509,21,,
2026-04-13,MLBS,,1430,1381.8,1400,,,2686,3758348,70,,
2026-04-13,MLBSL,,1861,1820,1861,,,805,1480311.8,24,,
2026-04-13,MMKJL,,544,537,538.1,,,5240,2827643.9,62,,
2026-04-13,MPFL,,688,653.1,671,,,85211,57194526.1,258,,
2026-04-13,MSHL,,787,760.5,774.9,,,433,334434,24,,
2026-04-13,MSLB,,1320.8,1290.7,1305.2,,,1212,1581507.2,45,,
2026-04-13,NABIL,,540,520,530,,,51167,27168537.4,537,,
2026-04-13,NADEP,,796,781,791.7,,,1550,1218718.6,31,,
2026-04-13,NBL,,282.4,277.5,278,,,96704,27027997.4,348,,
2026-04-13,NESDO,,1579.9,1550.1,1579.9,,,565,878779,28,,
2026-04-13,NFS,,626,615,617,,,9531,5877586.7,108,,
2026-04-13,NGPL,,469,462,468.8,,,602653,280608813.9,874,,
2026-04-13,NHDL,,655,641,655,,,11203,7309235.8,59,,
2026-04-13,NHPC,,334.5,310.8,331.2,,,2854266,931941980.4,6269,,
2026-04-13,NICA,,372,363,370,,,70305,25821505.2,271,,
2026-04-13,NICLBSL,,615,600.1,608,,,10217,6184183.1,136,,
2026-04-13,NIFRA,,271,266,267.8,,,156458,42038782.3,765,,
2026-04-13,NIMB,,217.9,209,210.7,,,102396,21609023.2,411,,
2026-04-13,NLIC,,789.8,775.1,780,,,20786,16257691.3,202,,
2026-04-13,NLICL,,618.9,593.1,594,,,9412,5636959.4,64,,
2026-04-13,NLO,,269.4,269.4,269.4,,,0,0,0,,
2026-04-13,NMB,,254,248.4,248.4,,,20999,5244161,122,,
2026-04-13,NMBMF,,668,663.2,664.2,,,1046,694935.2,13,,
2026-04-13,NMFBS,,1168.7,1146,1146,,,3037,3497079.3,46,,
2026-04-13,NMLBBL,,638.7,624.3,635,,,4571,2887570.5,63,,
2026-04-13,NRIC,,1040,1006,1014.7,,,63825,64976318.7,677,,
2026-04-13,NRM,,419.9,413.4,416.3,,,12352,5145789.6,165,,
2026-04-13,NRN,,1636,1608,1618,,,126296,204945513.1,908,,
2026-04-13,NTC,,887.3,869.9,870,,,12536,10992674.2,247,,
2026-04-13,NUBL,,700,687,694.8,,,2194,1514529.9,41,,
2026-04-13,NWCL,,860,820,854,,,5651,4772874.3,86,,
2026-04-13,NYADI,,414.1,405.3,410,,,5276,2161321,100,,
2026-04-13,OHL,,714,700,701,,,6984,4898526.4,50,,
2026-04-13,OMPL,,1260,1240.9,1241,,,9195,11483905.9,200,,
2026-04-13,PCBL,,249.8,243,245.5,,,65073,16012382.9,247,,
2026-04-13,PCIL,,363,330,363,,,410,147191,41,,
2026-04-13,PFL,,400,390.5,393,,,6602,2609836.9,59,,
2026-04-13,PHCL,,326,315,319,,,93493,29695148.3,447,,
2026-04-13,PMHPL,,380.6,360,366.5,,,37259,13563035.2,179,,
2026-04-13,PMLI,,487.7,477,482,,,7384,3559677.3,171,,
2026-04-13,PPCL,,421,399.1,415,,,105458,43386886.6,208,,
2026-04-13,PPL,,374.5,366,373,,,61753,22877474.3,262,,
2026-04-13,PROFL,,462,444.5,455,,,19065,8561343.2,126,,
2026-04-13,PRVU,,212.7,208,209,,,86493,18135107.8,421,,
2026-04-13,PURE,,924,902,910,,,8067,7341669.3,156,,
2026-04-13,RADHI,,833,812,812,,,104467,85849822.2,318,,
2026-04-13,RAWA,,695,661,670,,,2042,1362178,43,,
2026-04-13,RFPL,,395.9,389,392,,,77031,30207831,321,,
2026-04-13,RHGCL,,305.5,296,300.2,,,60352,18108743,240,,
2026-04-13,RHPL,,299.8,287.2,295,,,49312,14593905.1,227,,
2026-04-13,RIDI,,385,369.2,379.5,,,1292336,491962986.4,2400,,
2026-04-13,RLEL,,941,872.6,941,,,1960,1841999,196,,
2026-04-13,RLFL,,467,448,455.5,,,8357,3778244.2,63,,
2026-04-13,RNLI,,473.5,465.1,466,,,9671,4514413.1,349,,
2026-04-13,RSDC,,705,690,702,,,9170,6379436.4,93,,
2026-04-13,RSML,,5049,4611,4799,,,94947,454439080.5,2155,,
2026-04-13,RURU,,684,658.6,676,,,20604,13864001.8,150,,
2026-04-13,SAGAR,,1944,1900,1922,,,13507,25902187.1,214,,
2026-04-13,SAHAS,,634,622.1,623.5,,,76570,47812120.7,576,,
2026-04-13,SAIL,,1310,1285,1296,,,97080,125973389,903,,
2026-04-13,SANIMA,,354,350,350,,,48496,17028653.5,181,,
2026-04-13,SANVI,,777,747,753.9,,,47082,35626581.3,472,,
2026-04-13,SARBTM,,889.8,862.5,862.5,,,12919,11233133.4,94,,
2026-04-13,SBI,,410.5,403,405,,,13821,5585008.3,85,,
2026-04-13,SBL,,396,389.7,392,,,74863,29264493.4,243,,
2026-04-13,SCB,,657.6,648,651,,,8316,5434561.8,123,,
2026-04-13,SGHC,,407,397,398.1,,,66654,26730450,361,,
2026-04-13,SHEL,,333,325.1,329,,,170408,56195601.5,647,,
2026-04-13,SHIVM,,692.9,683.2,688,,,275103,189239091.7,951,,
2026-04-13,SHL,,509,500,508,,,38220,19328074.6,148,,
2026-04-13,SHLB,,1550,1534,1545,,,530,816915,13,,
2026-04-13,SHPC,,533.8,523.7,528.9,,,81688,43141081.9,266,,
2026-04-13,SIFC,,556.2,545.3,556,,,7215,3992096.9,44,,
2026-04-13,SIKLES,,618.9,605.2,611.2,,,10361,6345375.9,96,,
2026-04-13,SIPD,,343.9,312.1,343.9,,,230,77502,23,,
2026-04-13,SJCL,,336,312.2,324.5,,,41652,13630183,245,,
2026-04-13,SJLIC,,448.4,440,445,,,23952,10635983.3,205,,
2026-04-13,SKBBL,,778,770,772,,,10189,7877599,122,,
2026-04-13,SKHEL,,891.2,826.4,891.2,,,1050,934170,105,,
2026-04-13,SKHL,,1138.6,1055.8,1138.6,,,50391,56884333.4,4281,,
2026-04-13,SLBBL,,847,816.3,832.2,,,4029,3363568.4,89,,
2026-04-13,SLBSL,,1348,1253,1322.9,,,5049,6483853.2,76,,
2026-04-13,SMATA,,799,786.1,788,,,3629,2870146.4,92,,
2026-04-13,SMB,,1836,1803.6,1811,,,486,880909,12,,
2026-04-13,SMFBS,,1736,1702,1734,,,344,589924,15,,
2026-04-13,SMH,,615,600,600,,,26482,15964929.4,191,,
2026-04-13,SMHL,,511,504,505,,,86610,43902949.6,358,,
2026-04-13,SMJC,,511.9,495.1,499.4,,,34014,16956983.1,259,,
2026-04-13,SMPDA,,875,855,860,,,3757,3241376.9,50,,
2026-04-13,SNLI,,466,457.1,458.2,,,18982,8732070.3,381,,
2026-04-13,SOHL,,787,735,752.1,,,384582,292975067.6,13919,,
2026-04-13,SONA,,465.3,451.1,457,,,69791,32089759.8,466,,
2026-04-13,SPC,,505,487.3,497,,,5331,2627779.9,61,,
2026-04-13,SPDL,,427.1,414.1,425,,,85380,36049331.8,263,,
2026-04-13,SPHL,,551.9,528.1,534,,,7198,3888224.2,76,,
2026-04-13,SPL,,745.4,711,725,,,3950,2859936.6,62,,
2026-04-13,SRLI,,405.9,400,400.2,,,37872,15290721.7,257,,
2026-04-13,SSHL,,228,222,227,,,403448,91206161.6,1100,,
2026-04-13,STC,,5795,5677,5720,,,2752,15893771,33,,
2026-04-13,SWASTIK,,2700,2650.1,2658,,,310,824566,23,,
2026-04-13,SWBBL,,747,738.1,738.1,,,4597,3405857.7,55,,
2026-04-13,SWMF,,702,676,676,,,5422,3677289,66,,
2026-04-13,SYPNL,,1860,1820,1841,,,174910,320898520.5,1968,,
2026-04-13,TAMOR,,459,449,454,,,97040,43988740,546,,
2026-04-13,TPC,,397,385,390,,,52581,20518194.5,206,,
2026-04-13,TRH,,760,750.4,755.9,,,664,501025.9,9,,
2026-04-13,TSHL,,697,677.1,682,,,3760,2575856.5,72,,
2026-04-13,TTL,,879.8,855,860,,,27952,24186721,504,,
2026-04-13,TVCL,,606,566.5,581,,,12244,7107913.8,103,,
2026-04-13,UHEWA,,599,592.8,599,,,11120,6632905.2,108,,
2026-04-13,ULBSL,,3290,2948.5,3290,,,6052,18228445.8,174,,
2026-04-13,ULHC,,540,526,537,,,47431,25267714.7,215,,
2026-04-13,UMHL,,649,630,639,,,75651,47880832.9,353,,
2026-04-13,UMRH,,554,540.2,550.1,,,31413,17315352.9,118,,
2026-04-13,UNHPL,,530,512,521,,,77259,39859204.5,242,,
2026-04-13,UNL,,46900,46600,46700,,,70,3270000,7,,
2026-04-13,UNLB,,1585,1550,1552,,,3574,5601779.9,106,,
2026-04-13,UPCL,,395,385,392,,,129904,50920225,503,,
2026-04-13,UPPER,,217.2,209.5,217,,,362753,78143198.1,1369,,
2026-04-13,USHEC,,515,500.1,507,,,15556,7896031.3,135,,
2026-04-13,USHL,,711,690,698,,,997,693803.8,26,,
2026-04-13,USLB,,1400,1355,1387.7,,,3182,4358218.2,64,,
2026-04-13,VLBS,,780,765.4,780,,,4685,3614085.1,299,,
2026-04-13,VLUCL,,545,522,540,,,6771,3631697.2,89,,
2026-04-15,ACLBSL,,996.9,980,993.9,,,3124,3084482.4,65,,
2026-04-15,ADBL,,327,313.3,322,,,195466,62879665.1,443,,
2026-04-15,AHL,,593,528.5,560,,,45497,25033135,334,,
2026-04-15,AHPC,,301.9,293,300.4,,,368792,110295308.6,1226,,
2026-04-15,AKJCL,,413.1,400,403.5,,,727048,294796667.8,1167,,
2026-04-15,AKPL,,291,278.3,286.5,,,380076,108917073.3,1137,,
2026-04-15,ALBSL,,1173,1125,1161,,,9881,11463068,216,,
2026-04-15,ALICL,,469,460.5,466,,,19077,8894241.4,138,,
2026-04-15,ANLB,,6655,6230,6590,,,441,2825072,32,,
2026-04-15,API,,357.2,345,353.7,,,568585,201565221.1,1373,,
2026-04-15,AVYAN,,1184,1150,1170,,,10297,11978498.2,146,,
2026-04-15,BANDIPUR,,927.9,887.1,904,,,74798,67807251.1,1300,,
2026-04-15,BARUN,,377,369.9,369.9,,,107080,39949358,401,,
2026-04-15,BBC,,5000,4920,4969,,,435,2154052,22,,
2026-04-15,BEDC,,475,460,475,,,10726,5051282.3,169,,
2026-04-15,BFC,,481,470,477.5,,,8547,4064014.8,72,,
2026-04-15,BGWT,,750,740,749,,,2581,1927322.3,65,,
2026-04-15,BHCL,,572.9,555,569,,,37995,21468751.2,650,,
2026-04-15,BHDC,,498.5,485,489.9,,,34142,16742507.5,232,,
2026-04-15,BHL,,241.9,232.1,236.3,,,505034,120178202.3,1764,,
2026-04-15,BHPL,,566.7,555,561,,,8178,4604443.8,91,,
2026-04-15,BJHL,,1305,1191,1286,,,50568,63069335.5,3131,,
2026-04-15,BNHC,,355,351.1,354,,,18890,6680343.3,154,,
2026-04-15,BNL,,15620,15620,15620,,,0,0,0,,
2026-04-15,BNT,,11625,11620.1,11625,,,30,348653,3,,
2026-04-15,BPCL,,729,710.9,711,,,56657,40541351.4,248,,
2026-04-15,BUNGAL,,633.3,610.1,618,,,15769,9878921,442,,
2026-04-15,CBBL,,924,910.1,921,,,10670,9819597,187,,
2026-04-15,CFCL,,539,521.3,530,,,11343,6047392.1,74,,
2026-04-15,CGH,,840.8,820,836,,,18098,15121780.5,203,,
2026-04-15,CHCL,,500.2,492,497,,,36272,18075999.1,244,,
2026-04-15,CHDC,,2480,2440,2440,,,18645,45795162.3,236,,
2026-04-15,CHL,,315,300.1,306.5,,,105983,32597425.8,377,,
2026-04-15,CIT,,1809,1791,1799,,,7193,12944858.3,117,,
2026-04-15,CITY,,498,471.1,492.3,,,24197,11819361.1,324,,
2026-04-15,CKHL,,743,690,707,,,6713,4784025,100,,
2026-04-15,CLI,,470,461.2,467,,,14824,6917638,405,,
2026-04-15,CREST,,1305,1281,1290,,,7383,9531920.4,184,,
2026-04-15,CYCL,,1574,1531.8,1570,,,511,799150.9,49,,
2026-04-15,CZBIL,,217.5,210,215,,,108348,23292616.6,347,,
2026-04-15,DDBL,,885,840.1,851,,,15984,13635175.1,153,,
2026-04-15,DHEL,,658,640,654,,,29123,18943016,581,,
2026-04-15,DHPL,,321,307.7,319.5,,,11717,3721829.9,70,,
2026-04-15,DLBS,,1320,1265,1319.8,,,352,457921,21,,
2026-04-15,DOLTI,,488,470,480,,,9280,4441059.6,120,,
2026-04-15,DORDI,,302,292,299,,,188380,56329667.7,569,,
2026-04-15,EBL,,705,693.1,700,,,30581,21404120.4,190,,
2026-04-15,EHPL,,430.4,421,424,,,31142,13258595.1,188,,
2026-04-15,ENL,,922,905,914.5,,,395,359376,18,,
2026-04-15,FMDBL,,848,828,840,,,26925,22595611.2,153,,
2026-04-15,FOWAD,,1220,1160,1183,,,43823,52043271.1,343,,
2026-04-15,GBIME,,242.7,236,240,,,129675,31270588.6,526,,
2026-04-15,GBLBS,,799.5,773,780,,,9528,7423144.4,114,,
2026-04-15,GCIL,,464,437,453.8,,,88141,40264122.9,680,,
2026-04-15,GFCL,,655.9,646,648,,,6899,4483041.9,80,,
2026-04-15,GHL,,268,259,263.1,,,222352,58675322.9,557,,
2026-04-15,GILB,,1165,1150,1151.9,,,573,659941.4,19,,
2026-04-15,GLBSL,,1836,1800,1810,,,331,601713.1,22,,
2026-04-15,GLH,,292.4,282.6,288.9,,,183234,52987098.7,598,,
2026-04-15,GMFBS,,1390,1363.1,1387.9,,,414,571124.9,16,,
2026-04-15,GMFIL,,494.9,479.1,484,,,8434,4080034.6,42,,
2026-04-15,GMLI,,1622,1529,1549.5,,,5080,7843006.9,112,,
2026-04-15,GUFL,,550,538,544,,,6766,3682940.9,77,,
2026-04-15,GVL,,510,500,504.5,,,35799,18132861.4,252,,
2026-04-15,HATHY,,903.8,890,898,,,8166,7338140,144,,
2026-04-15,HBL,,216,204.4,215,,,142604,30510292.1,2186,,
2026-04-15,HDHPC,,260.5,246.1,250,,,1172317,298398357.1,2357,,
2026-04-15,HDL,,1189.9,1170,1180,,,36725,43276900.4,473,,
2026-04-15,HFIN,,906.6,840.6,906.6,,,3760,3405876,376,,
2026-04-15,HHL,,411,388,396,,,325697,130470177.8,1177,,
2026-04-15,HIDCL,,288.6,277.1,284.7,,,199644,56829721.9,673,,
2026-04-15,HIMSTAR,,1013,950,979,,,25974,25203736.1,432,,
2026-04-15,HLBSL,,943,912.1,914,,,1153,1072827.8,28,,
2026-04-15,HLI,,366,360.2,362,,,68816,25060931.6,551,,
2026-04-15,HPPL,,411,398,409.9,,,120884,49173203,479,,
2026-04-15,HRL,,747,725.2,732.1,,,270193,198262185,2663,,
2026-04-15,HURJA,,294.6,284,290.9,,,502919,146080214.2,1031,,
2026-04-15,ICFC,,658,648.1,649.9,,,19781,12881301.3,88,,
2026-04-15,IHL,,480,473,480,,,10566,5052221.1,108,,
2026-04-15,ILBS,,1005,953,971,,,2600,2540867.7,39,,
2026-04-15,ILI,,451,442,450,,,18445,8276690.8,466,,
2026-04-15,JBLB,,1332,1280.9,1305,,,8253,10805890.6,203,,
2026-04-15,JFL,,439.9,425,431,,,6980,3015108.1,73,,
2026-04-15,JHAPA,,1323.7,1298.3,1318,,,9062,11849236.5,174,,
2026-04-15,JOSHI,,302,295,298,,,40326,12037243.7,196,,
2026-04-15,JSLBB,,1167,1152.6,1154,,,66,76258.8,5,,
2026-04-15,KBL,,240,229.7,233,,,1164921,274615257.8,2323,,
2026-04-15,KBSH,,1690,1648,1690,,,431,712022,12,,
2026-04-15,KDL,,887.4,870,887.3,,,2696,2377049.5,98,,
2026-04-15,KKHC,,297,288,289,,,147909,43238732.4,531,,
2026-04-15,KMCDB,,933,902,921,,,8168,7509621.2,105,,
2026-04-15,KPCL,,520,511.5,520,,,15304,7905553.7,143,,
2026-04-15,LEC,,258.4,250,250.4,,,406610,103412866.8,971,,
2026-04-15,LICN,,844.5,821.3,829.9,,,17654,14655743.1,128,,
2026-04-15,LLBS,,1010,965.1,989,,,461,451370.5,17,,
2026-04-15,LSL,,223,215.6,221,,,142248,31456501.4,455,,
2026-04-15,MABEL,,723,701,715,,,11866,8469194,309,,
2026-04-15,MAKAR,,542,525.3,530,,,31577,16782597.8,235,,
2026-04-15,MANDU,,845,835.1,842,,,2120,1779790.3,57,,
2026-04-15,MATRI,,970.9,942.1,965,,,1351,1306230.8,52,,
2026-04-15,MBJC,,309,302.1,305.5,,,62789,19217002,469,,
2026-04-15,MBL,,262,253,254,,,170275,43933352.6,432,,
2026-04-15,MCHL,,426.4,403.3,407,,,10558,4357514.9,131,,
2026-04-15,MEHL,,440,426.1,433.3,,,16489,7140124,163,,
2026-04-15,MEL,,283,274,278.4,,,31626,8836298.4,318,,
2026-04-15,MEN,,606,591.2,600.5,,,81027,48864922.6,379,,
2026-04-15,MERO,,761.9,741.4,742,,,9620,7217522.3,114,,
2026-04-15,MFIL,,853,822.3,852,,,101917,86629353.5,472,,
2026-04-15,MHCL,,380,366,377,,,15133,5703095.6,155,,
2026-04-15,MHL,,538.4,530,535,,,15196,8101006.6,140,,
2026-04-15,MHNL,,299,274.2,287,,,62055,17876673.3,376,,
2026-04-15,MKCL,,1383,1350,1375,,,3055,4178924.2,86,,
2026-04-15,MKHC,,355,344,348.8,,,39140,13667122.6,273,,
2026-04-15,MKHL,,780,711,722,,,13391,9755351.4,152,,
2026-04-15,MKJC,,534.1,513.6,530,,,16761,8822704,142,,
2026-04-15,MLBBL,,1317,1285,1309,,,2347,3079804.9,39,,
2026-04-15,MLBS,,1410,1380.2,1405,,,1382,1930653.8,33,,
2026-04-15,MLBSL,,1860,1825,1840,,,636,1170470.9,25,,
2026-04-15,MMKJL,,555,536,546.6,,,2645,1451029,65,,
2026-04-15,MPFL,,693,668,675,,,41951,28535823.5,210,,
2026-04-15,MSHL,,805,764,778,,,290,226186,20,,
2026-04-15,MSLB,,1327,1300,1324,,,2203,2884259.8,70,,
2026-04-15,NABIL,,534,530,531.9,,,57069,30335608.3,572,,
2026-04-15,NADEP,,806,787,787,,,1808,1436468.4,40,,
2026-04-15,NBL,,285,280,285,,,330079,93345228.2,605,,
2026-04-15,NESDO,,1600,1555,1599,,,740,1176913.6,31,,
2026-04-15,NFS,,630,617,625.5,,,12706,7949565.8,107,,
2026-04-15,NGPL,,481,471,473.6,,,687662,327318267.4,1507,,
2026-04-15,NHDL,,670,655.4,664,,,12530,8367849,80,,
2026-04-15,NHPC,,340,324.1,324.9,,,1728398,571122020.2,3688,,
2026-04-15,NICA,,382,370,376.5,,,168998,63714059.7,427,,
2026-04-15,NICLBSL,,618,595.9,609,,,11958,7306077.2,173,,
2026-04-15,NIFRA,,277,262.5,273,,,242684,66433788.4,1169,,
2026-04-15,NIMB,,217.5,210,214.4,,,234585,50377214.4,798,,
2026-04-15,NLIC,,792.4,785,787,,,25968,20483436.3,236,,
2026-04-15,NLICL,,603,594.2,595.8,,,13098,7840464.5,76,,
2026-04-15,NLO,,269.4,269.4,269.4,,,0,0,0,,
2026-04-15,NMB,,253,249,252,,,47809,12026629.2,204,,
2026-04-15,NMBMF,,675,660,672,,,928,623708.3,28,,
2026-04-15,NMFBS,,1170,1132,1145,,,5978,6842247.9,106,,
2026-04-15,NMLBBL,,642,626,641,,,9639,6155520.5,81,,
2026-04-15,NRIC,,1024,1000,1011,,,61598,61946000.5,729,,
2026-04-15,NRM,,429.9,415,426.6,,,22879,9730507.7,282,,
2026-04-15,NRN,,1646,1594,1605,,,119547,193658282,815,,
2026-04-15,NTC,,883,873,879,,,9051,7948408.9,191,,
2026-04-15,NUBL,,703,687,700,,,7121,4981335.1,90,,
2026-04-15,NWCL,,856,837.5,850,,,1790,1518416.5,72,,
2026-04-15,NYADI,,420,410,412,,,10947,4525594.6,149,,
2026-04-15,OHL,,740,690.3,737,,,11235,8201464,105,,
2026-04-15,OMPL,,1269,1240,1250.1,,,5988,7529887.9,189,,
2026-04-15,PCBL,,249.8,245,248,,,67663,16794578.4,251,,
2026-04-15,PCIL,,399.3,370.2,399.3,,,630,249971,63,,
2026-04-15,PFL,,399,392,397,,,10430,4143331.5,77,,
2026-04-15,PHCL,,330,319,326.3,,,139584,45673482.6,688,,
2026-04-15,PMHPL,,373,361.1,370,,,47651,17489963,178,,
2026-04-15,PMLI,,491,477,485.1,,,10666,5184836.5,203,,
2026-04-15,PPCL,,424.9,413.6,417,,,62381,26107071.3,173,,
2026-04-15,PPL,,390,370,386,,,105563,40402915.8,425,,
2026-04-15,PROFL,,472.9,452,466,,,11703,5436609.4,78,,
2026-04-15,PRVU,,215.1,209,213,,,260210,55627137.9,813,,
2026-04-15,PURE,,928,902,923,,,9554,8780663.5,177,,
2026-04-15,RADHI,,832.6,816.3,825,,,127361,104911165.9,366,,
2026-04-15,RAWA,,683,660,670,,,1973,1317648.6,43,,
2026-04-15,RFPL,,400,388,397,,,70036,27831327.6,373,,
2026-04-15,RHGCL,,312,302,309.9,,,74280,22915712.8,342,,
2026-04-15,RHPL,,301,294,298,,,27129,8104360.1,241,,
2026-04-15,RIDI,,388,371,375.1,,,989186,376510179.1,1857,,
2026-04-15,RLEL,,1035.1,959.8,1035.1,,,2500,2585900,250,,
2026-04-15,RLFL,,471,450,464,,,22644,10490668,157,,
2026-04-15,RNLI,,477,467.2,470.2,,,30744,14506186,621,,
2026-04-15,RSDC,,715,700,713,,,17804,12658149.8,115,,
2026-04-15,RSML,,4896,4500,4530,,,106020,494192549,2586,,
2026-04-15,RURU,,688,666.4,683.6,,,22553,15302131.8,140,,
2026-04-15,SAGAR,,1940,1892.1,1918,,,15617,29978731,269,,
2026-04-15,SAHAS,,632,620,629.9,,,86887,54537755.8,702,,
2026-04-15,SAIL,,1348.3,1292,1309,,,61772,81070334,863,,
2026-04-15,SANIMA,,356.9,350,352.5,,,47786,16917567.3,239,,
2026-04-15,SANVI,,780,746,766,,,27245,20762863,432,,
2026-04-15,SARBTM,,896.9,863,888.9,,,27525,24354776.1,217,,
2026-04-15,SBI,,410,401,409,,,16890,6876369.5,94,,
2026-04-15,SBL,,396.8,389.1,393.9,,,187522,73464708.7,293,,
2026-04-15,SCB,,659,651,658.9,,,10631,6964931.7,128,,
2026-04-15,SGHC,,408,398,398.6,,,65821,26489219.4,387,,
2026-04-15,SHEL,,338.2,331.2,333.9,,,346111,115873234.4,990,,
2026-04-15,SHIVM,,718,688,708,,,817913,580963438.2,3049,,
2026-04-15,SHL,,535,501,521.1,,,186977,97180497,419,,
2026-04-15,SHLB,,1575,1530,1555,,,480,747730,21,,
2026-04-15,SHPC,,542.5,529,534.1,,,88471,47517005.3,284,,
2026-04-15,SIFC,,578,551.2,563.8,,,18585,10416336.7,98,,
2026-04-15,SIKLES,,639.5,610.1,638,,,48593,30557211.7,373,,
2026-04-15,SIPD,,378.2,340.6,378.2,,,280,104683,28,,
2026-04-15,SJCL,,332.5,323,326,,,59496,19445776.9,263,,
2026-04-15,SJLIC,,451,439,447,,,29068,13023378.7,313,,
2026-04-15,SKBBL,,787.3,774.2,778.7,,,12567,9773097.9,164,,
2026-04-15,SKHEL,,980.3,900,980.3,,,1080,1055740,108,,
2026-04-15,SKHL,,1252.4,1161.3,1252.4,,,33670,42075119,2431,,
2026-04-15,SLBBL,,848,834,840,,,5057,4230951.9,109,,
2026-04-15,SLBSL,,1340,1291,1318.9,,,1726,2257971.6,52,,
2026-04-15,SMATA,,804,790.1,800,,,5075,4049034.1,96,,
2026-04-15,SMB,,1838,1806,1821.3,,,438,800112.8,23,,
2026-04-15,SMFBS,,1730,1705,1708,,,1287,2197543.7,33,,
2026-04-15,SMH,,614,600,606.2,,,54333,32838266.4,225,,
2026-04-15,SMHL,,523,505.3,522,,,116007,59804446.4,546,,
2026-04-15,SMJC,,502,490.1,498.5,,,30987,15323873.2,277,,
2026-04-15,SMPDA,,889,870,871,,,1621,1418512.1,58,,
2026-04-15,SNLI,,465,450.9,462.1,,,16999,7840154,524,,
2026-04-15,SOHL,,827,750,817,,,517281,413214900.4,17358,,
2026-04-15,SONA,,478,458.1,471.9,,,134381,63465836.7,983,,
2026-04-15,SPC,,506.7,490.2,501,,,10160,5057831.7,95,,
2026-04-15,SPDL,,435,423.4,427,,,98096,42115201.5,365,,
2026-04-15,SPHL,,547,536.1,537.5,,,5953,3217164,50,,
2026-04-15,SPL,,749,721.1,739,,,4780,3486906.1,48,,
2026-04-15,SRLI,,404.9,398,401.9,,,24809,9964928.3,345,,
2026-04-15,SSHL,,239.7,228.3,235.2,,,1024815,241604470.5,2738,,
2026-04-15,STC,,5818.9,5720,5799,,,1301,7537325.5,26,,
2026-04-15,SWASTIK,,2708,2606.3,2679.9,,,2101,5571083,80,,
2026-04-15,SWBBL,,752.7,738.1,750,,,7616,5694527.9,85,,
2026-04-15,SWMF,,688,670,685,,,11160,7578689.5,84,,
2026-04-15,SYPNL,,1865,1825,1844,,,111290,205249567.4,1705,,
2026-04-15,TAMOR,,463,450,453,,,111264,50600287.8,491,,
2026-04-15,TPC,,402,390,397.8,,,101525,40255674,339,,
2026-04-15,TRH,,773,760,765,,,3068,2357573,40,,
2026-04-15,TSHL,,689,672.3,680,,,8670,5884203,97,,
2026-04-15,TTL,,879.9,851,867.2,,,19341,16840635.6,465,,
2026-04-15,TVCL,,601.8,571.6,583.9,,,24303,14162986.2,107,,
2026-04-15,UHEWA,,605,595,602,,,22977,13787771.2,191,,
2026-04-15,ULBSL,,3224.2,3015,3144,,,2581,8003407,80,,
2026-04-15,ULHC,,579,527,535,,,77743,41592079.4,287,,
2026-04-15,UMHL,,644,627,642.8,,,75133,47849992.1,398,,
2026-04-15,UMRH,,565,553.2,553.6,,,20400,11363774.8,146,,
2026-04-15,UNHPL,,525,514.5,516.2,,,136673,70712752.8,388,,
2026-04-15,UNL,,46950,46700,46950,,,20,936500,2,,
2026-04-15,UNLB,,1583,1521,1537,,,3710,5716235.4,128,,
2026-04-15,UPCL,,401,390,393,,,185778,73754847.8,553,,
2026-04-15,UPPER,,227,217,224.5,,,771030,172627694.8,2567,,
2026-04-15,USHEC,,515,502.1,511.1,,,25331,12955876,187,,
2026-04-15,USHL,,706,690,699,,,2001,1388830.9,45,,
2026-04-15,USLB,,1389.9,1365,1381,,,2328,3202982,51,,
2026-04-15,VLBS,,789,765,774,,,5336,4117512.4,319,,
2026-04-15,VLUCL,,550,535,542.9,,,10525,5702173.1,120,,
2026-04-16,ACLBSL,,1013.7,958.1,977,,,831,810254.2,36,,
2026-04-16,ADBL,,327.9,317.1,318.4,,,58004,18532985.9,196,,
2026-04-16,AHL,,581.4,523,581.4,,,41954,22644323.6,248,,
2026-04-16,AHPC,,302,292,293,,,213567,62940590.1,740,,
2026-04-16,AKJCL,,404.5,385.5,386,,,712262,279429693.3,1202,,
2026-04-16,AKPL,,292.2,276,276.9,,,267302,74785116.4,799,,
2026-04-16,ALBSL,,1203,1135,1157.7,,,8209,9438473.3,94,,
2026-04-16,ALICL,,468,458.1,462,,,32772,15151963.2,150,,
2026-04-16,ANLB,,6989,6310,6458.8,,,833,5299396.6,53,,
2026-04-16,API,,357,348.8,349.5,,,511242,180346821.7,1253,,
2026-04-16,AVYAN,,1193,1132,1134,,,6778,7774424.7,122,,
2026-04-16,BANDIPUR,,904,882.2,887.9,,,52856,47007148.2,812,,
2026-04-16,BARUN,,374,358.7,361.8,,,107213,38918500.2,434,,
2026-04-16,BBC,,4975,4851,4910,,,562,2756414,34,,
2026-04-16,BEDC,,470,427.5,438,,,712762,311128051.4,2346,,
2026-04-16,BFC,,477,465,465,,,14375,6729517.8,94,,
2026-04-16,BGWT,,747,730.1,731,,,2260,1657568.8,53,,
2026-04-16,BHCL,,575,550,550.1,,,27967,15499245,421,,
2026-04-16,BHDC,,485.2,475.1,476.6,,,20074,9658953.1,128,,
2026-04-16,BHL,,239,228,228.5,,,376748,87025240.2,1169,,
2026-04-16,BHPL,,564,542,559.5,,,21875,12112768.6,172,,
2026-04-16,BJHL,,1300,1167,1191,,,55251,67083955.8,3057,,
2026-04-16,BNHC,,352,345,346,,,9915,3447316,114,,
2026-04-16,BNL,,15620,15320,15320,,,22,340064,3,,
2026-04-16,BNT,,11730.2,11500.2,11730.2,,,210,2422770,10,,
2026-04-16,BPCL,,711,691,696,,,46817,32773865,267,,
2026-04-16,BUNGAL,,625,601,605,,,19013,11558928.5,378,,
2026-04-16,CBBL,,928.9,911,924.5,,,16976,15619829.9,211,,
2026-04-16,CFCL,,526,515,523.9,,,7392,3844954.5,65,,
2026-04-16,CGH,,835,822,825,,,12236,10106736,140,,
2026-04-16,CHCL,,502.9,490,491.4,,,27568,13584293.5,201,,
2026-04-16,CHDC,,2440,2400,2403,,,11684,28159951.9,199,,
2026-04-16,CHL,,315,302,311,,,145276,45051286.3,488,,
2026-04-16,CIT,,1819.9,1786.5,1788.1,,,4564,8189410.1,107,,
2026-04-16,CITY,,490,475,476,,,9342,4471216,133,,
2026-04-16,CKHL,,714,680,700,,,3415,2380279,68,,
2026-04-16,CLI,,470,463,464,,,13096,6076224.8,224,,
2026-04-16,CREST,,1280,1227,1230,,,30070,37517525.4,281,,
2026-04-16,CYCL,,1600,1530,1558,,,3176,4886258.5,79,,
2026-04-16,CZBIL,,219.3,211,211,,,168081,35660047.2,210,,
2026-04-16,DDBL,,853,842.1,849.9,,,10307,8757517.4,113,,
2026-04-16,DHEL,,653,633.2,635,,,24253,15517747.6,429,,
2026-04-16,DHPL,,318,307,308,,,12130,3750773.9,81,,
2026-04-16,DLBS,,1320,1275,1300,,,512,657539,24,,
2026-04-16,DOLTI,,488.9,463,463,,,6853,3219423.6,83,,
2026-04-16,DORDI,,300,290.3,291,,,115989,33968094.8,356,,
2026-04-16,EBL,,701.6,695,699,,,41898,29300645.5,194,,
2026-04-16,EHPL,,431.9,416,420,,,18293,7672975.1,128,,
2026-04-16,ENL,,905.5,895,905.5,,,885,795612.5,18,,
2026-04-16,FMDBL,,841.4,815.3,820,,,23621,19481241.8,185,,
2026-04-16,FOWAD,,1212.9,1160,1186.9,,,30293,35947144.4,198,,
2026-04-16,GBIME,,240,237.3,238,,,78489,18691862.1,407,,
2026-04-16,GBLBS,,789,766,773,,,7426,5708453.7,73,,
2026-04-16,GCIL,,458.9,440,444,,,58594,25992823.9,396,,
2026-04-16,GFCL,,654.9,630,643,,,18417,11727212.5,112,,
2026-04-16,GHL,,262,250.5,254,,,147316,37496696,454,,
2026-04-16,GILB,,1155,1150,1150,,,2313,2661887,38,,
2026-04-16,GLBSL,,1810,1790,1800,,,324,582897.1,16,,
2026-04-16,GLH,,288.9,277.9,280.8,,,122524,34462414.3,458,,
2026-04-16,GMFBS,,1385,1365,1372.9,,,561,767487.4,22,,
2026-04-16,GMFIL,,489.6,477,477,,,12385,5963522,61,,
2026-04-16,GMLI,,1540,1500,1524,,,2205,3344968.7,78,,
2026-04-16,GUFL,,549,525.4,530,,,14541,7736485.8,111,,
2026-04-16,GVL,,507,496.3,506,,,43755,21936321.5,180,,
2026-04-16,HATHY,,900,886,890,,,6877,6118164.7,126,,
2026-04-16,HBL,,217,211.2,213.5,,,119447,25445098.8,1528,,
2026-04-16,HDHPC,,250,237,239,,,798301,192655549.3,2046,,
2026-04-16,HDL,,1181,1168,1170,,,33385,39154872.2,461,,
2026-04-16,HFIN,,997.2,924.7,997.2,,,5250,5233520,525,,
2026-04-16,HHL,,416,391,408.5,,,554028,224946980.1,1707,,
2026-04-16,HIDCL,,284.9,276,277.2,,,156344,43725831.5,553,,
2026-04-16,HIMSTAR,,972.5,925,948,,,13924,13114016.7,262,,
2026-04-16,HLBSL,,923,906.1,918,,,2591,2357391.5,23,,
2026-04-16,HLI,,363,356.4,357,,,61449,22080565.2,488,,
2026-04-16,HPPL,,413,394,413,,,157117,63608979.3,472,,
2026-04-16,HRL,,730,712,713,,,256498,183686677.1,2758,,
2026-04-16,HURJA,,296.7,275,280,,,470931,132622517.7,960,,
2026-04-16,ICFC,,649,635.1,642,,,11043,7063653,64,,
2026-04-16,IHL,,480,472,475,,,3715,1773559,52,,
2026-04-16,ILBS,,980,962,969.9,,,1530,1482149,34,,
2026-04-16,ILI,,453,444,445,,,8284,3688511.8,230,,
2026-04-16,JBLB,,1310,1293.3,1296,,,6741,8767161.1,191,,
2026-04-16,JFL,,431.6,420,422,,,8551,3612188.6,67,,
2026-04-16,JHAPA,,1314,1285,1299,,,6342,8222091.7,137,,
2026-04-16,JOSHI,,300,291.1,293,,,20884,6125911.6,138,,
2026-04-16,JSLBB,,1155,1134.5,1155,,,392,446104.8,14,,
2026-04-16,KBL,,236,228.5,230.9,,,592273,136381362.8,1234,,
2026-04-16,KBSH,,1667.7,1635,1636,,,301,500736.7,10,,
2026-04-16,KDL,,880,870,871,,,1760,1537432,50,,
2026-04-16,KKHC,,289,275,276,,,88531,24833765.2,391,,
2026-04-16,KMCDB,,957,900.5,925,,,6534,5958756.3,112,,
2026-04-16,KPCL,,515,508.2,510.8,,,22520,11505691.5,142,,
2026-04-16,LEC,,253,240,241,,,291629,70944812.7,800,,
2026-04-16,LICN,,831,822,825,,,6880,5674103.3,71,,
2026-04-16,LLBS,,986.8,964,986.8,,,324,314718.1,13,,
2026-04-16,LSL,,219.5,216.4,217.4,,,110529,24009532.6,251,,
2026-04-16,MABEL,,710,680.1,696.8,,,22033,15237794.1,306,,
2026-04-16,MAKAR,,526,515,524,,,24519,12698977.2,215,,
2026-04-16,MANDU,,835,816.1,816.1,,,2542,2109083.8,55,,
2026-04-16,MATRI,,964.9,946,964.9,,,679,646507.6,28,,
2026-04-16,MBJC,,310,298.1,298.2,,,45380,13662641.4,407,,
2026-04-16,MBL,,255.9,250,251.1,,,81945,20638494,208,,
2026-04-16,MCHL,,405,393.6,394,,,3422,1356079.3,51,,
2026-04-16,MEHL,,441,420.3,428,,,12898,5494931.9,113,,
2026-04-16,MEL,,280,273,277,,,15693,4342577.4,189,,
2026-04-16,MEN,,600.9,596,600,,,59148,35393193.7,283,,
2026-04-16,MERO,,743,730.3,735,,,6476,4762917.1,87,,
2026-04-16,MFIL,,850,818.3,830,,,78993,65789730.4,264,,
2026-04-16,MHCL,,375,367.2,367.2,,,11886,4395737.9,97,,
2026-04-16,MHL,,539,520.1,525.9,,,15752,8261827.2,113,,
2026-04-16,MHNL,,287,275,280,,,26950,7515739.9,108,,
2026-04-16,MKCL,,1362,1345,1355,,,2898,3921513.1,81,,
2026-04-16,MKHC,,348.7,336,338,,,27673,9427431.6,182,,
2026-04-16,MKHL,,729.3,703.7,717,,,5680,4050776.1,108,,
2026-04-16,MKJC,,537,517.2,518.9,,,15272,7931127.4,73,,
2026-04-16,MLBBL,,1295,1288.2,1295,,,1143,1475501.4,17,,
2026-04-16,MLBS,,1420,1386,1409,,,566,786941.1,26,,
2026-04-16,MLBSL,,1840,1795,1840,,,1243,2257452.9,37,,
2026-04-16,MMKJL,,549,538.2,542,,,1005,543346.6,30,,
2026-04-16,MPFL,,676,651,651.2,,,20548,13583618.3,150,,
2026-04-16,MSHL,,793.5,766,781,,,1962,1527530.7,37,,
2026-04-16,MSLB,,1309.9,1275,1309.9,,,464,603440.8,26,,
2026-04-16,NABIL,,538,530,531,,,59730,31709332.4,510,,
2026-04-16,NADEP,,787,772,787,,,1183,917809.3,25,,
2026-04-16,NBL,,285,278.7,280.4,,,140362,39372255.7,367,,
2026-04-16,NESDO,,1579,1567,1579,,,1400,2196711.6,20,,
2026-04-16,NFS,,625,615,616.6,,,9847,6084132,83,,
2026-04-16,NGPL,,492,462,463.7,,,490571,229575636.9,1236,,
2026-04-16,NHDL,,677.2,656.1,663,,,10861,7238397,58,,
2026-04-16,NHPC,,326,317,318.9,,,1732317,555962898.3,3152,,
2026-04-16,NICA,,379,371.2,371.6,,,32826,12224739,192,,
2026-04-16,NICLBSL,,608.9,592,597,,,21247,12688488.5,194,,
2026-04-16,NIFRA,,278,268.2,270.3,,,132840,36048427.1,634,,
2026-04-16,NIMB,,218.6,209.5,210.1,,,148361,31298248.9,453,,
2026-04-16,NLIC,,789,778.2,779,,,32388,25271030.5,193,,
2026-04-16,NLICL,,599,588,594.9,,,8308,4908100.5,71,,
2026-04-16,NLO,,269.4,269.4,269.4,,,0,0,0,,
2026-04-16,NMB,,251,247,250,,,31666,7878080.2,203,,
2026-04-16,NMBMF,,672,663,663,,,2469,1642853.5,21,,
2026-04-16,NMFBS,,1154,1131,1147,,,4689,5331913.9,59,,
2026-04-16,NMLBBL,,634,622,629,,,10258,6447687.3,90,,
2026-04-16,NRIC,,1010,960,972.5,,,185865,181229270.7,1741,,
2026-04-16,NRM,,434,414.3,415.9,,,13414,5586167.6,140,,
2026-04-16,NRN,,1612,1570,1580,,,124905,198115850.6,780,,
2026-04-16,NTC,,881,870.1,880,,,11980,10511398.1,168,,
2026-04-16,NUBL,,700,689,690.2,,,2777,1920888.2,65,,
2026-04-16,NWCL,,844,827,838,,,1799,1501992.4,46,,
2026-04-16,NYADI,,408.1,400,403,,,11181,4515531.9,121,,
2026-04-16,OHL,,745,718,728,,,5443,3972943.8,62,,
2026-04-16,OMPL,,1250,1211.1,1225,,,8507,10442436.8,207,,
2026-04-16,PCBL,,250,243.2,245,,,60821,14895289.9,211,,
2026-04-16,PCIL,,439.2,407.2,439.2,,,420,183677,42,,
2026-04-16,PFL,,394.9,384,386.1,,,14971,5843502.2,81,,
2026-04-16,PHCL,,327,316,317,,,68593,21920723.2,426,,
2026-04-16,PMHPL,,372,355.8,357,,,30034,10810780.6,143,,
2026-04-16,PMLI,,486,475,480,,,9157,4368169.4,203,,
2026-04-16,PPCL,,425,402.7,405,,,40680,16550734.4,140,,
2026-04-16,PPL,,389.9,373,373,,,115561,43514249.5,329,,
2026-04-16,PROFL,,466,454,454,,,8551,3933917.2,52,,
2026-04-16,PRVU,,213,208.2,209,,,160962,33742635.3,523,,
2026-04-16,PURE,,925,892,896,,,9327,8408422.8,134,,
2026-04-16,RADHI,,827.2,808.1,814.5,,,116129,94652202,320,,
2026-04-16,RAWA,,670,660,660,,,1830,1211680.2,28,,
2026-04-16,RFPL,,399,384,385.1,,,115499,44872202.7,391,,
2026-04-16,RHGCL,,309,300,301.6,,,67082,20385189.8,237,,
2026-04-16,RHPL,,300,289,292.7,,,28943,8437413.4,204,,
2026-04-16,RIDI,,382,363,364.2,,,862811,317505305.1,1529,,
2026-04-16,RLEL,,1138.6,1055,1138.6,,,3660,4165214,366,,
2026-04-16,RLFL,,460.7,450,452,,,13852,6283845.6,96,,
2026-04-16,RNLI,,474,468.1,468.8,,,25212,11836520.3,353,,
2026-04-16,RSDC,,719,691,700,,,10367,7247877.6,82,,
2026-04-16,RSML,,4600,4280,4366,,,140365,618043448,3636,,
2026-04-16,RURU,,681.9,672.1,677.5,,,24600,16687114.3,104,,
2026-04-16,SAGAR,,1908,1870,1880,,,12949,24407735.2,203,,
2026-04-16,SAHAS,,635,623.1,625,,,75215,47033757.3,546,,
2026-04-16,SAIL,,1324.1,1249.6,1275,,,47974,60997384.3,748,,
2026-04-16,SANIMA,,353,346.6,352,,,40203,14063641.8,201,,
2026-04-16,SANVI,,760,738,741,,,37455,27934150.7,389,,
2026-04-16,SARBTM,,888,872.1,878,,,12162,10669611.7,134,,
2026-04-16,SBI,,411,402.1,407.4,,,28530,11642112.7,56,,
2026-04-16,SBL,,395,390,395,,,88049,34489897.4,229,,
2026-04-16,SCB,,660,650.3,660,,,11086,7267893.1,109,,
2026-04-16,SGHC,,400.1,395,396.1,,,27938,11111187.7,218,,
2026-04-16,SHEL,,337.4,325,325.1,,,233848,76576212.7,771,,
2026-04-16,SHIVM,,711,690.2,690.2,,,384656,268483995.3,1762,,
2026-04-16,SHL,,522,507,512.5,,,55865,28592192.3,218,,
2026-04-16,SHLB,,1550,1511.2,1511.2,,,320,492372,14,,
2026-04-16,SHPC,,533,527.6,529,,,47712,25256047.6,219,,
2026-04-16,SIFC,,565,545.6,556.2,,,14654,8099540.9,70,,
2026-04-16,SIKLES,,638,620.1,624.9,,,19465,12219605.1,224,,
2026-04-16,SIPD,,416,372.5,416,,,200,81729,20,,
2026-04-16,SJCL,,329.4,316,324.7,,,43492,14025326.4,190,,
2026-04-16,SJLIC,,446.9,440,441.8,,,26406,11671200,167,,
2026-04-16,SKBBL,,779.9,770,774,,,9910,7653918.4,138,,
2026-04-16,SKHEL,,1078.3,999.9,1078.3,,,1270,1367516,127,,
2026-04-16,SKHL,,1360,1220,1251,,,114850,147461148.5,10838,,
2026-04-16,SLBBL,,838,826.4,835.9,,,4692,3890367,79,,
2026-04-16,SLBSL,,1336,1270,1290.1,,,4035,5170510,59,,
2026-04-16,SMATA,,800,786.9,791,,,1718,1361387.3,48,,
2026-04-16,SMB,,1844,1798.2,1798.2,,,1424,2590106.5,43,,
2026-04-16,SMFBS,,1720,1674.3,1698.8,,,1216,2057492.4,28,,
2026-04-16,SMH,,614.4,600,605,,,22666,13765122.4,163,,
2026-04-16,SMHL,,523,513.1,522,,,109803,56801601.8,500,,
2026-04-16,SMJC,,498,482.4,488.7,,,30600,14920167.7,205,,
2026-04-16,SMPDA,,885,863,870,,,2559,2220678.8,65,,
2026-04-16,SNLI,,465,456,463.9,,,31818,14688074.3,481,,
2026-04-16,SOHL,,820,785,810.2,,,403251,324067493.7,12900,,
2026-04-16,SONA,,472,457.1,461,,,89730,41394768.1,474,,
2026-04-16,SPC,,506.9,473.1,486,,,39126,18875301.9,156,,
2026-04-16,SPDL,,435.5,411,412,,,90600,37766005.8,316,,
2026-04-16,SPHL,,547,529,531,,,1731,919223,32,,
2026-04-16,SPL,,750,711.6,723,,,3665,2641646.4,49,,
2026-04-16,SRLI,,402.5,395.5,396,,,18705,7427949.2,216,,
2026-04-16,SSHL,,239,227,228,,,446270,102676182.1,1435,,
2026-04-16,STC,,5940,5760,5850,,,2556,15041938,66,,
2026-04-16,SWASTIK,,2645,2602,2628,,,1350,3548594,60,,
2026-04-16,SWBBL,,760,736,741.2,,,5019,3739142.7,46,,
2026-04-16,SWMF,,685,669,677.5,,,4940,3329247.3,61,,
2026-04-16,SYPNL,,1835,1765,1771,,,287358,516017105.8,2690,,
2026-04-16,TAMOR,,455,444,444.1,,,84831,37875807.4,319,,
2026-04-16,TPC,,397.7,385,386,,,44665,17390421,210,,
2026-04-16,TRH,,760,750,750,,,4282,3237822,36,,
2026-04-16,TSHL,,681,659.7,666,,,4096,2735454.7,59,,
2026-04-16,TTL,,883,840,844.2,,,24664,20986165.7,511,,
2026-04-16,TVCL,,595.5,568,579,,,18729,10792043.1,91,,
2026-04-16,UHEWA,,600,583.1,585,,,23016,13563647.7,155,,
2026-04-16,ULBSL,,3096.9,3045,3096.9,,,1180,3604962.8,40,,
2026-04-16,ULHC,,556,518.1,524,,,15366,8074866.1,136,,
2026-04-16,UMHL,,655.6,637.1,646,,,217148,139884655,1012,,
2026-04-16,UMRH,,554,544,546.1,,,9400,5151441.1,106,,
2026-04-16,UNHPL,,520,506,510.8,,,45118,23026404.6,191,,
2026-04-16,UNL,,47200,47000,47200,,,30,1412000,3,,
2026-04-16,UNLB,,1590,1530,1540,,,1771,2765282.5,83,,
2026-04-16,UPCL,,395,385.2,386,,,94683,36817333.7,374,,
2026-04-16,UPPER,,225,216.1,216.9,,,375273,82118151.3,1437,,
2026-04-16,USHEC,,510,500,500,,,18919,9514287.7,131,,
2026-04-16,USHL,,707.9,682,695,,,2122,1455392.2,28,,
2026-04-16,USLB,,1375,1357,1358,,,1978,2701348.2,56,,
2026-04-16,VLBS,,789,760,765,,,6024,4593024.7,306,,
2026-04-16,VLUCL,,550.5,528,530.2,,,7139,3796996.6,104,,
2026-04-17,ACLBSL,,1015,958,977,,,1545,1493506.2,43,,
2026-04-17,ADBL,,322,313.1,318,,,29709,9371588.4,172,,
2026-04-17,AHL,,569.8,523.3,555,,,40343,21587330.9,379,,
2026-04-17,AHPC,,298.8,288.3,291.9,,,144389,42067984,558,,
2026-04-17,AKJCL,,397.5,383.1,392,,,359221,139717731.4,664,,
2026-04-17,AKPL,,283,275,282,,,214197,59726540,579,,
2026-04-17,ALBSL,,1179,1134,1156,,,9180,10451502.7,153,,
2026-04-17,ALICL,,465,458,465,,,20180,9298356.6,105,,
2026-04-17,ANLB,,6987,6203.2,6404.9,,,459,2911490.2,39,,
2026-04-17,API,,352,345.1,349,,,303048,105594385.9,757,,
2026-04-17,AVYAN,,1201.5,1111.4,1135,,,5255,5972035.5,94,,
2026-04-17,BANDIPUR,,896,872,883,,,40034,35172487,699,,
2026-04-17,BARUN,,367,356.4,361,,,80257,28932920.2,339,,
2026-04-17,BBC,,4968.8,4835,4914,,,161,785569,15,,
2026-04-17,BEDC,,442,410,427.6,,,349240,146266574.6,1569,,
2026-04-17,BFC,,473.4,459,466,,,10648,4938429.3,72,,
2026-04-17,BGWT,,740,725,740,,,1557,1139421.4,45,,
2026-04-17,BHCL,,559.9,539.2,556,,,37232,20361371.4,464,,
2026-04-17,BHDC,,479.7,470,479,,,12228,5800218.4,118,,
2026-04-17,BHL,,232,225,230,,,279123,63660695.2,997,,
2026-04-17,BHPL,,559,547.9,553,,,12081,6677900.8,81,,
2026-04-17,BJHL,,1205,1105.5,1180,,,56116,64943386.4,2816,,
2026-04-17,BNHC,,352.9,339.5,345,,,3501,1214555.7,54,,
2026-04-17,BNL,,15350,15320,15350,,,20,306700,2,,
2026-04-17,BNT,,11500.2,11500.1,11500.1,,,40,460006,3,,
2026-04-17,BPCL,,709.8,683,697,,,22921,15998516.2,161,,
2026-04-17,BUNGAL,,621,596.1,618.1,,,24626,14864124.4,367,,
2026-04-17,CBBL,,924,913,920,,,19327,17733279,194,,
2026-04-17,CFCL,,534.3,512,515,,,8932,4618126.1,76,,
2026-04-17,CGH,,828,822,826,,,8190,6750125.2,107,,
2026-04-17,CHCL,,501.2,488.1,492,,,21075,10345323.4,208,,
2026-04-17,CHDC,,2417.9,2365,2380.1,,,22220,53053039,256,,
2026-04-17,CHL,,317,310.1,316,,,121691,38203910.1,482,,
2026-04-17,CIT,,1791,1781.1,1787,,,3036,5424469.6,78,,
2026-04-17,CITY,,480,471.3,477.7,,,10699,5071297.4,128,,
2026-04-17,CKHL,,710,686.5,695.1,,,1628,1128337.5,54,,
2026-04-17,CLI,,466.5,460,465,,,15161,7003378.1,242,,
2026-04-17,CREST,,1279,1210,1234.9,,,7466,9127423.4,179,,
2026-04-17,CYCL,,1632,1526.9,1550,,,1530,2381267.6,52,,
2026-04-17,CZBIL,,211,207.6,210.7,,,53243,11120099.7,205,,
2026-04-17,DDBL,,849.9,836,841,,,5903,4956895.7,76,,
2026-04-17,DHEL,,647,622.3,635,,,14201,9063524.9,407,,
2026-04-17,DHPL,,313,303.5,313,,,5154,1592395.3,46,,
2026-04-17,DLBS,,1333.1,1285,1301,,,458,599702.9,33,,
2026-04-17,DOLTI,,465,441,449,,,12910,5857420.6,151,,
2026-04-17,DORDI,,296,285,292,,,70059,20226427.4,331,,
2026-04-17,EBL,,703.8,697,701,,,35324,24714356.5,178,,
2026-04-17,EHPL,,420,415,417.9,,,16605,6925805.8,113,,
2026-04-17,ENL,,900,873,873,,,1776,1590046.3,21,,
2026-04-17,FMDBL,,829,795,820,,,61220,49496862.8,266,,
2026-04-17,FOWAD,,1186.9,1145,1163,,,9029,10444536.9,76,,
2026-04-17,GBIME,,242,234.5,237,,,82417,19502446.9,369,,
2026-04-17,GBLBS,,775,761,769.9,,,4721,3611268.8,62,,
2026-04-17,GCIL,,447,436,441.5,,,22437,9877483.2,244,,
2026-04-17,GFCL,,640,630.2,635,,,8746,5539513.3,52,,
2026-04-17,GHL,,256,248.1,253,,,171511,43144751.5,424,,
2026-04-17,GILB,,1149,1127,1137,,,595,672931.5,17,,
2026-04-17,GLBSL,,1815,1780,1796,,,414,740986.5,29,,
2026-04-17,GLH,,286.6,276.3,279.8,,,76304,21364189.9,306,,
2026-04-17,GMFBS,,1375,1341,1349.1,,,554,750057.1,21,,
2026-04-17,GMFIL,,479.7,468,479,,,8058,3803644.7,61,,
2026-04-17,GMLI,,1522,1505,1520,,,1918,2900662.3,73,,
2026-04-17,GUFL,,540,526.6,536.9,,,7513,4002174.5,67,,
2026-04-17,GVL,,508,497.5,507,,,21664,10916087.1,172,,
2026-04-17,HATHY,,885,872.2,878,,,15211,13360070.3,185,,
2026-04-17,HBL,,213.3,209.1,213,,,79588,16842880.3,1203,,
2026-04-17,HDHPC,,248,234,246,,,1039020,251511836.9,1890,,
2026-04-17,HDL,,1175,1161,1170,,,28015,32675209.8,383,,
2026-04-17,HFIN,,1096.9,1017.1,1096.9,,,11840,12982146,1184,,
2026-04-17,HHL,,416.6,400.8,404,,,189285,76551277.3,686,,
2026-04-17,HIDCL,,282.7,275,278,,,158094,43947880,494,,
2026-04-17,HIMSTAR,,953,918,938.9,,,6846,6363901.8,193,,
2026-04-17,HLBSL,,918,900,915,,,1398,1261478.2,20,,
2026-04-17,HLI,,362.9,354.3,356,,,40908,14569816.9,421,,
2026-04-17,HPPL,,411.9,400,410,,,111827,45263136.8,454,,
2026-04-17,HRL,,720,701,715.2,,,190793,135367186.6,2158,,
2026-04-17,HURJA,,283.9,273,279.5,,,209037,57842594.6,547,,
2026-04-17,ICFC,,654,626.3,635,,,18836,11902580.2,110,,
2026-04-17,IHL,,476,470,474.5,,,7059,3331455.8,61,,
2026-04-17,ILBS,,985,952,972,,,7971,7641591.3,50,,
2026-04-17,ILI,,446,439,442,,,13039,5746897.6,257,,
2026-04-17,JBLB,,1300,1280,1295,,,6864,8847212.1,167,,
2026-04-17,JFL,,425,419,425,,,10800,4541831.7,66,,
2026-04-17,JHAPA,,1318,1275,1287.1,,,5068,6497691.1,103,,
2026-04-17,JOSHI,,297,289,295,,,35938,10491382,148,,
2026-04-17,JSLBB,,1155,1133,1140,,,407,464017.5,15,,
2026-04-17,KBL,,231,224.5,228.9,,,436683,99223834.4,916,,
2026-04-17,KBSH,,1640,1615,1640,,,237,386879.6,11,,
2026-04-17,KDL,,888,858.6,872,,,1395,1207099.4,52,,
2026-04-17,KKHC,,303.6,275,299,,,254045,72193594.5,791,,
2026-04-17,KMCDB,,937,900,910,,,5226,4742789.1,59,,
2026-04-17,KPCL,,517,506.5,510.3,,,21422,10944501.5,119,,
2026-04-17,LEC,,245.5,235.2,245,,,255939,61625470.2,655,,
2026-04-17,LICN,,837.4,810,824.1,,,8724,7150654.3,98,,
2026-04-17,LLBS,,969,950,969,,,2083,2014850.4,23,,
2026-04-17,LSL,,219.9,215,217.2,,,59441,12862332.4,164,,
2026-04-17,MABEL,,695,683,689.3,,,7152,4920149,157,,
2026-04-17,MAKAR,,530,515,520,,,21939,11353428.7,130,,
2026-04-17,MANDU,,848.6,820,839.7,,,2299,1915069,65,,
2026-04-17,MATRI,,964,946.1,963,,,143,136565.6,7,,
2026-04-17,MBJC,,302,295,302,,,30980,9227068.4,290,,
2026-04-17,MBL,,253,249.1,252,,,102091,25634576.7,217,,
2026-04-17,MCHL,,398,388,388,,,6361,2485110,67,,
2026-04-17,MEHL,,436,410.8,428.9,,,32072,13402779.4,154,,
2026-04-17,MEL,,277.9,272,276,,,19104,5235618.7,203,,
2026-04-17,MEN,,601,595,601,,,35965,21545279.3,209,,
2026-04-17,MERO,,742,728,739,,,1758,1288365.6,41,,
2026-04-17,MFIL,,880,810,822.8,,,44619,36600388.7,277,,
2026-04-17,MHCL,,369.8,363,364,,,9580,3503814.5,87,,
2026-04-17,MHL,,525.9,515.5,519.9,,,13431,6993242.1,94,,
2026-04-17,MHNL,,280,274.5,279.2,,,28921,8013885.3,86,,
2026-04-17,MKCL,,1356,1347,1347,,,916,1238874.5,46,,
2026-04-17,MKHC,,344.7,333.6,338.1,,,19443,6550974.2,122,,
2026-04-17,MKHL,,731,710.1,723.9,,,3312,2366458.7,78,,
2026-04-17,MKJC,,538,508.6,524.8,,,15942,8259853.4,113,,
2026-04-17,MLBBL,,1300,1250.1,1300,,,1877,2400404.8,39,,
2026-04-17,MLBS,,1397,1367.1,1397,,,406,560863,13,,
2026-04-17,MLBSL,,1848,1803.2,1848,,,1802,3265727.6,49,,
2026-04-17,MMKJL,,542,530,535,,,3656,1945352.6,47,,
2026-04-17,MPFL,,660,631.2,655,,,29472,18885290,153,,
2026-04-17,MSHL,,796.5,760.2,775,,,242,187372.8,14,,
2026-04-17,MSLB,,1323,1284,1310,,,727,941149,41,,
2026-04-17,NABIL,,541.6,528,530,,,39114,20726889.9,426,,
2026-04-17,NADEP,,781,756.7,781,,,1266,971491.6,26,,
2026-04-17,NBL,,281,276.5,279.7,,,62065,17281092.8,243,,
2026-04-17,NESDO,,1569,1552,1554,,,1149,1793432.5,22,,
2026-04-17,NFS,,617.7,610,614,,,14147,8678544.9,118,,
2026-04-17,NGPL,,468,458,462.3,,,422787,195855113.5,810,,
2026-04-17,NHDL,,660,655.2,656,,,5881,3859235.5,34,,
2026-04-17,NHPC,,326,309.2,318.5,,,2116424,668637151,3529,,
2026-04-17,NICA,,374,365.1,366.3,,,115093,42526928.6,279,,
2026-04-17,NICLBSL,,600,586,590,,,12406,7341863.5,161,,
2026-04-17,NIFRA,,275.6,268.1,272.5,,,150871,40974183.2,686,,
2026-04-17,NIMB,,213.8,205,210,,,200531,41649843.5,468,,
2026-04-17,NLIC,,780,773,775,,,30119,23368386.4,194,,
2026-04-17,NLICL,,597,582,593.7,,,13780,8101668.4,102,,
2026-04-17,NLO,,269.4,269.4,269.4,,,0,0,0,,
2026-04-17,NMB,,253.9,245,248.5,,,35272,8707994.8,106,,
2026-04-17,NMBMF,,668.9,657,658,,,1508,994984.9,21,,
2026-04-17,NMFBS,,1153.7,1131.1,1153.7,,,2154,2466597.3,38,,
2026-04-17,NMLBBL,,634,616.5,625,,,7966,4965845.2,62,,
2026-04-17,NRIC,,990,953.2,987.9,,,35790,35054425.3,471,,
2026-04-17,NRM,,423.3,408.4,416.9,,,22433,9259177.2,176,,
2026-04-17,NRN,,1589.9,1558,1574,,,99345,155835851.9,604,,
2026-04-17,NTC,,885,871,880,,,12852,11322800.4,190,,
2026-04-17,NUBL,,692,677,691.8,,,6569,4482431.2,73,,
2026-04-17,NWCL,,850.1,822.9,829.9,,,1061,879470,32,,
2026-04-17,NYADI,,409.9,396.3,402,,,11232,4505525.2,120,,
2026-04-17,OHL,,741,701,729.8,,,6840,4911269.7,83,,
2026-04-17,OMPL,,1224,1200,1222,,,6764,8176550,174,,
2026-04-17,PCBL,,246,242.5,245,,,37403,9123982.8,149,,
2026-04-17,PCIL,,483.1,447.9,483.1,,,550,260263,55,,
2026-04-17,PFL,,393.8,383.2,385,,,4884,1884815.8,66,,
2026-04-17,PHCL,,319.9,311.8,316,,,115051,36236192.7,446,,
2026-04-17,PMHPL,,360,350,358.5,,,20283,7167212.5,106,,
2026-04-17,PMLI,,479.6,471,479,,,7128,3391904.5,108,,
2026-04-17,PPCL,,425,400.2,404.9,,,83912,34076439.6,153,,
2026-04-17,PPL,,380.4,368.1,374,,,30968,11525877.8,188,,
2026-04-17,PROFL,,460,448.2,457,,,7210,3279543.5,50,,
2026-04-17,PRVU,,215.2,204.9,206,,,1194367,245850879.9,1837,,
2026-04-17,PURE,,904.7,884,904.7,,,4611,4109086.9,107,,
2026-04-17,RADHI,,819,798.1,806,,,101556,81794505,378,,
2026-04-17,RAWA,,662,653,662,,,1690,1107028,30,,
2026-04-17,RFPL,,390,380.1,387,,,50956,19618487.9,324,,
2026-04-17,RHGCL,,307,297.8,301,,,38021,11442825.6,154,,
2026-04-17,RHPL,,294,286.1,292.5,,,27163,7852952.4,147,,
2026-04-17,RIDI,,372,353,365,,,937821,340242266.8,1413,,
2026-04-17,RLEL,,1252.4,1116.1,1252.4,,,12230,15312116,1223,,
2026-04-17,RLFL,,461,443,448.9,,,13444,6000823,143,,
2026-04-17,RNLI,,469.7,465,469.7,,,15386,7167421.2,298,,
2026-04-17,RSDC,,690,675.5,688,,,11325,7751922.5,113,,
2026-04-17,RSML,,4730,4300,4649.1,,,72648,329523377.3,2081,,
2026-04-17,RURU,,685,674,680.6,,,7487,5062365.7,108,,
2026-04-17,SAGAR,,1897.8,1809.2,1865,,,16588,30447784.7,192,,
2026-04-17,SAHAS,,629.8,620.4,625,,,73229,45716610.6,488,,
2026-04-17,SAIL,,1276.1,1237,1259,,,29782,37260090.9,542,,
2026-04-17,SANIMA,,353,347.7,351.7,,,29062,10193993,145,,
2026-04-17,SANVI,,753,727,750,,,26416,19492431.5,305,,
2026-04-17,SARBTM,,878,865.1,868,,,9389,8167546.4,81,,
2026-04-17,SBI,,410,402.2,407.6,,,18404,7473979.6,80,,
2026-04-17,SBL,,395.6,390,395,,,92095,36242210.6,197,,
2026-04-17,SCB,,659.9,652.1,658.9,,,12279,8056159.5,92,,
2026-04-17,SGHC,,403.9,390,394.1,,,31419,12357098.8,236,,
2026-04-17,SHEL,,328.5,321.1,325.2,,,152437,49474666.6,541,,
2026-04-17,SHIVM,,701,678,695,,,345817,239512185.1,1243,,
2026-04-17,SHL,,522.5,502.4,515,,,96258,49234138.8,213,,
2026-04-17,SHLB,,1522,1517.7,1520,,,205,311486,9,,
2026-04-17,SHPC,,530,520,521.1,,,81129,42456702.3,328,,
2026-04-17,SIFC,,555,536,554.1,,,5715,3118370,47,,
2026-04-17,SIKLES,,631.9,610,622,,,12105,7486541.2,150,,
2026-04-17,SIPD,,457.6,424.3,457.6,,,220,97854,22,,
2026-04-17,SJCL,,324.7,315,322.8,,,42321,13440070.2,169,,
2026-04-17,SJLIC,,444,436.5,440,,,16929,7431845.1,200,,
2026-04-17,SKBBL,,774,766.6,772,,,5038,3880163,102,,
2026-04-17,SKHEL,,1186.1,1099.8,1186.1,,,2070,2450519,207,,
2026-04-17,SKHL,,1251,1170,1196,,,121778,145238480.2,9047,,
2026-04-17,SLBBL,,830,823,829,,,3835,3170146.8,81,,
2026-04-17,SLBSL,,1319.8,1250.2,1319.8,,,8647,11003677.3,120,,
2026-04-17,SMATA,,795,781.1,792,,,3499,2752478.3,69,,
2026-04-17,SMB,,1833.5,1796,1796,,,700,1267067.9,30,,
2026-04-17,SMFBS,,1699,1666,1699,,,765,1281062,22,,
2026-04-17,SMH,,613,598.5,598.8,,,20245,12165431.9,172,,
2026-04-17,SMHL,,525,517,523,,,102699,53560472.8,488,,
2026-04-17,SMJC,,492,480.1,481.1,,,22346,10782114.9,200,,
2026-04-17,SMPDA,,882,855,875,,,1361,1178784.5,42,,
2026-04-17,SNLI,,468,458.5,460.8,,,14263,6574124.7,343,,
2026-04-17,SOHL,,852,790,847,,,455168,372664433.2,12525,,
2026-04-17,SONA,,463.5,450.1,461.9,,,50734,23206019.4,419,,
2026-04-17,SPC,,494.4,467.7,487.7,,,17405,8309431.3,133,,
2026-04-17,SPDL,,418.8,411,413.2,,,61906,25663414.1,260,,
2026-04-17,SPHL,,541,520,539.5,,,4825,2537826,57,,
2026-04-17,SPL,,729,709.2,729,,,5359,3845611.4,59,,
2026-04-17,SRLI,,409.5,392.1,405.5,,,72521,29081652.5,373,,
2026-04-17,SSHL,,232,222.2,229.3,,,437760,99322406.7,1224,,
2026-04-17,STC,,5850,5774.3,5824,,,320,1859316,12,,
2026-04-17,SWASTIK,,2600,2580,2595,,,1410,3657673,60,,
2026-04-17,SWBBL,,753.9,730,751,,,3980,2958335.5,44,,
2026-04-17,SWMF,,683,660.1,670,,,4234,2831433.5,53,,
2026-04-17,SYPNL,,1775,1721,1750,,,132703,231870608.3,1883,,
2026-04-17,TAMOR,,452,444,446,,,36152,16128056.2,267,,
2026-04-17,TPC,,393,382.1,386,,,52648,20326512.7,216,,
2026-04-17,TRH,,765,750,751,,,7567,5702335.1,48,,
2026-04-17,TSHL,,677.7,660,660.1,,,4196,2787997.8,58,,
2026-04-17,TTL,,860,828,853,,,22259,18791901,451,,
2026-04-17,TVCL,,583,565,575.8,,,13408,7659228.5,80,,
2026-04-17,UHEWA,,595,581,586,,,6383,3726935.4,103,,
2026-04-17,ULBSL,,3099.9,3035,3075.1,,,2985,9111696.2,45,,
2026-04-17,ULHC,,528,510,515,,,3089,1592499.9,65,,
2026-04-17,UMHL,,615.8,592.9,603.8,,,79970,48288806.6,572,,
2026-04-17,UMRH,,555,540,545,,,11502,6279656.4,77,,
2026-04-17,UNHPL,,516,503,510.9,,,45863,23380038.6,174,,
2026-04-17,UNL,,47300,47250,47300,,,60,2837500,2,,
2026-04-17,UNLB,,1540,1499,1516,,,4480,6753888.3,88,,
2026-04-17,UPCL,,390,380.1,387,,,104784,40352169,335,,
2026-04-17,UPPER,,219,213.1,217,,,247624,53437456.4,1052,,
2026-04-17,USHEC,,504,493,500,,,8977,4478783,97,,
2026-04-17,USHL,,694.7,681.1,688,,,1413,967289,26,,
2026-04-17,USLB,,1364.9,1337,1350.6,,,1423,1920230.3,37,,
2026-04-17,VLBS,,778.2,755,778,,,5859,4479740,316,,
2026-04-17,VLUCL,,540,523,536,,,2854,1520492,66,,
2026-04-20,ACLBSL,,1001,950.1,978,,,2267,2171401.4,33,,
2026-04-20,ADBL,,318,302.5,316,,,51411,16305879.5,148,,
2026-04-20,AHL,,550,525.5,530,,,5397,2866215.5,128,,
2026-04-20,AHPC,,295,286.8,288.9,,,109453,31503620.3,445,,
2026-04-20,AKJCL,,411.6,376,382.8,,,622166,237068176.6,1014,,
2026-04-20,AKPL,,281.6,275,278,,,105502,29253773.5,369,,
2026-04-20,ALBSL,,1213,1135.9,1150,,,3882,4438409.1,89,,
2026-04-20,ALICL,,488.2,453,458.5,,,7837,3609109.7,79,,
2026-04-20,ANLB,,6477,6215,6380,,,1362,8502836.5,47,,
2026-04-20,API,,350,341.5,345,,,223229,77042929.8,714,,
2026-04-20,AVYAN,,1149,1078.3,1149,,,8147,9106138.7,129,,
2026-04-20,BANDIPUR,,927,865.4,875,,,22829,19946168.9,662,,
2026-04-20,BARUN,,361,355,357.5,,,33199,11858527.9,188,,
2026-04-20,BBC,,4990,4780.1,4945,,,660,3213690,37,,
2026-04-20,BEDC,,431,406,416,,,229272,94525516.3,1112,,
2026-04-20,BFC,,470,459,462,,,8389,3894227.6,76,,
2026-04-20,BGWT,,755,723,748.9,,,1448,1076619.5,38,,
2026-04-20,BHCL,,582,540.3,557,,,34971,19512005.7,521,,
2026-04-20,BHDC,,478.8,470.1,472,,,14032,6628465.6,98,,
2026-04-20,BHL,,230.5,225.1,226.9,,,191118,43360621.1,679,,
2026-04-20,BHPL,,580.6,541.4,550,,,10137,5556810,96,,
2026-04-20,BJHL,,1280,1099,1225,,,43095,50658187.8,2274,,
2026-04-20,BNHC,,355.2,337,340,,,11859,4034859.5,96,,
2026-04-20,BNL,,15350,15350,15350,,,0,0,0,,
2026-04-20,BNT,,11832,11500.2,11832,,,142,1644156,11,,
2026-04-20,BPCL,,731.8,690.3,697.9,,,25428,17747237.7,140,,
2026-04-20,BUNGAL,,631.2,596.1,628.8,,,22429,13896305.8,427,,
2026-04-20,CBBL,,920,911,911,,,15036,13752525.1,186,,
2026-04-20,CFCL,,540.7,500,517.9,,,9507,4841038.7,68,,
2026-04-20,CGH,,826.9,816.4,819,,,8050,6602605,101,,
2026-04-20,CHCL,,497.1,485,487,,,18028,8785115.2,215,,
2026-04-20,CHDC,,2388,2350,2370,,,12308,29077299.5,209,,
2026-04-20,CHL,,316,307,308.5,,,39549,12210740.4,165,,
2026-04-20,CIT,,1800,1775,1785,,,4814,8576889.5,111,,
2026-04-20,CITY,,477.7,460,466.3,,,11487,5356871.3,141,,
2026-04-20,CKHL,,700,665,689.1,,,1320,906326.5,45,,
2026-04-20,CLI,,465,460.2,463.8,,,9333,4308620.4,265,,
2026-04-20,CREST,,1309,1210.3,1226,,,2973,3660528.6,138,,
2026-04-20,CYCL,,1627.5,1531.4,1556.8,,,979,1510367.4,46,,
2026-04-20,CZBIL,,212.1,201,207.7,,,32853,6829755.8,159,,
2026-04-20,DDBL,,850,831,835,,,3254,2717318.7,51,,
2026-04-20,DHEL,,654,620,648.9,,,26725,17171414.4,559,,
2026-04-20,DHPL,,317,305.4,305.4,,,8593,2655097.3,56,,
2026-04-20,DLBS,,1325,1263.2,1292,,,109,140630.4,10,,
2026-04-20,DOLTI,,447.1,422.5,425,,,23393,10076379.9,290,,
2026-04-20,DORDI,,306,288,288,,,39789,11510098.3,232,,
2026-04-20,EBL,,703.9,695,700,,,17988,12581518.8,168,,
2026-04-20,EHPL,,438.7,413,415,,,6440,2675850.9,82,,
2026-04-20,ENL,,911,869.5,905,,,2771,2503130.6,69,,
2026-04-20,FMDBL,,834.9,780.5,808.8,,,21891,17624705.3,167,,
2026-04-20,FOWAD,,1162,1121.2,1154,,,6177,7038692.8,64,,
2026-04-20,GBIME,,240,234.2,237,,,78035,18422771.6,406,,
2026-04-20,GBLBS,,779,753,778.5,,,2294,1773523.4,41,,
2026-04-20,GCIL,,463,421.2,435.1,,,17807,7727103.9,251,,
2026-04-20,GFCL,,650,627,628,,,4830,3053186.7,63,,
2026-04-20,GHL,,259.7,245,249.8,,,88185,21996866.6,248,,
2026-04-20,GILB,,1140,1130,1140,,,63,71559,6,,
2026-04-20,GLBSL,,1841,1796,1827,,,425,776374.2,25,,
2026-04-20,GLH,,283,265.9,278,,,76487,21228124.9,307,,
2026-04-20,GMFBS,,1350,1331,1350,,,309,412043.5,8,,
2026-04-20,GMFIL,,502,467.1,474.9,,,7257,3423057.9,72,,
2026-04-20,GMLI,,1515,1476,1476.1,,,2105,3128055,85,,
2026-04-20,GUFL,,540,530,534,,,4316,2297399.7,48,,
2026-04-20,GVL,,507,497.6,498,,,16489,8230028.9,175,,
2026-04-20,HATHY,,880,855.1,868,,,12612,10943145.6,219,,
2026-04-20,HBL,,213,209,211.2,,,50010,10524395.2,1397,,
2026-04-20,HDHPC,,249.6,238.1,238.9,,,284512,68652539.4,829,,
2026-04-20,HDL,,1181,1160,1162,,,30135,35054016.7,480,,
2026-04-20,HFIN,,1261.4,1151.7,1261.4,,,292797,360159585.9,27772,,
2026-04-20,HHL,,415,395.1,398,,,157137,63400158.9,578,,
2026-04-20,HIDCL,,280,273,274.1,,,58134,16003750.9,326,,
2026-04-20,HIMSTAR,,964,911.1,947,,,15455,14453698.6,317,,
2026-04-20,HLBSL,,905,893.5,900,,,1156,1037046.1,18,,
2026-04-20,HLI,,372,352.8,355.9,,,33704,11947691.7,404,,
2026-04-20,HPPL,,424.3,390,424.3,,,123366,49775102.5,432,,
2026-04-20,HRL,,716,701,705,,,123104,86792979.6,1529,,
2026-04-20,HURJA,,280,270.1,272,,,130566,35638427.7,388,,
2026-04-20,ICFC,,635,622.1,625,,,11608,7270796.4,75,,
2026-04-20,IHL,,475,470.1,474,,,2893,1363318.4,40,,
2026-04-20,ILBS,,973,948,948,,,3897,3707692,54,,
2026-04-20,ILI,,444,435,439.5,,,14504,6360198.8,333,,
2026-04-20,JBLB,,1300,1281.5,1289.9,,,3969,5116657.8,114,,
2026-04-20,JFL,,425,419,419,,,8297,3484776.3,52,,
2026-04-20,JHAPA,,1443,1225,1440,,,37422,51853814.6,484,,
2026-04-20,JOSHI,,300,289,290,,,40950,12045527.9,213,,
2026-04-20,JSLBB,,1140,1140,1140,,,50,57000,2,,
2026-04-20,KBL,,233,218,224.1,,,280991,63115164.6,845,,
2026-04-20,KBSH,,1640,1601,1601,,,163,261411.4,7,,
2026-04-20,KDL,,872,860,862,,,750,646638,41,,
2026-04-20,KKHC,,299,284.4,293.7,,,128369,37335047.7,539,,
2026-04-20,KMCDB,,926.4,890,915,,,4281,3929642.8,28,,
2026-04-20,KPCL,,535.8,508.7,512,,,11281,5793358.3,54,,
2026-04-20,LEC,,244,237,239,,,126508,30311191.1,375,,
2026-04-20,LICN,,834,810,820,,,4566,3745623.7,54,,
2026-04-20,LLBS,,998,960.3,960.3,,,346,333649,12,,
2026-04-20,LSL,,220,208,215.3,,,44776,9643390.3,160,,
2026-04-20,MABEL,,715,681,713,,,12909,9008930.5,277,,
2026-04-20,MAKAR,,519,505,510,,,15707,8004324.8,119,,
2026-04-20,MANDU,,840,821.3,825.3,,,1053,872236.1,36,,
2026-04-20,MATRI,,989,945,970.9,,,388,370464.3,28,,
2026-04-20,MBJC,,305,295,298,,,41281,12293807.2,279,,
2026-04-20,MBL,,257,240,251.1,,,39578,9933292.6,126,,
2026-04-20,MCHL,,417,381.4,386,,,11152,4354032.1,161,,
2026-04-20,MEHL,,450,414.1,421,,,4761,1998254,80,,
2026-04-20,MEL,,276,265.1,272,,,13946,3762217.3,249,,
2026-04-20,MEN,,600,595,599,,,26438,15784512.4,202,,
2026-04-20,MERO,,766.9,702.1,731,,,1692,1247197,38,,
2026-04-20,MFIL,,865,787,810,,,38592,31173281.1,165,,
2026-04-20,MHCL,,380,357.2,366,,,6644,2421001.1,106,,
2026-04-20,MHL,,534.9,511.1,513.9,,,5632,2905781.9,60,,
2026-04-20,MHNL,,298.3,265.3,278,,,11016,3027555,68,,
2026-04-20,MKCL,,1359,1337,1359,,,2047,2755729,58,,
2026-04-20,MKHC,,341,330.2,334,,,15501,5173482,116,,
2026-04-20,MKHL,,740,699,700,,,3986,2829250.5,70,,
2026-04-20,MKJC,,533.9,516,523.8,,,17621,9129146.5,71,,
2026-04-20,MLBBL,,1310,1276.6,1294,,,1463,1882263.1,31,,
2026-04-20,MLBS,,1437,1369,1369,,,120,169046,10,,
2026-04-20,MLBSL,,1870,1820,1847.9,,,190,351707.9,11,,
2026-04-20,MMKJL,,548,530.2,537.1,,,6161,3326778.5,81,,
2026-04-20,MPFL,,679,625,646.6,,,6410,4143047,74,,
2026-04-20,MSHL,,780,750,750,,,680,515799,24,,
2026-04-20,MSLB,,1400.5,1244.5,1295,,,1714,2214036.9,48,,
2026-04-20,NABIL,,534.9,527.1,528,,,39912,21109795.6,494,,
2026-04-20,NADEP,,820,770,787.9,,,946,740233.8,25,,
2026-04-20,NBL,,279,271.4,274,,,58512,16135958.9,227,,
2026-04-20,NESDO,,1598.9,1520,1548.9,,,1560,2390946.2,53,,
2026-04-20,NFS,,614,607,611.1,,,7650,4668736.7,71,,
2026-04-20,NGPL,,466,452,452.5,,,293719,133625952.7,668,,
2026-04-20,NHDL,,665,648,648,,,2923,1897680.2,32,,
2026-04-20,NHPC,,318.5,303,306,,,938127,288854905.1,2420,,
2026-04-20,NICA,,370,360,362,,,67632,24422683.2,269,,
2026-04-20,NICLBSL,,601.6,580,587.2,,,7274,4290013.9,118,,
2026-04-20,NIFRA,,275,266,269,,,102307,27455321.5,601,,
2026-04-20,NIMB,,216,199.5,206.3,,,57763,11955824.5,335,,
2026-04-20,NLIC,,788,768,772.6,,,15689,12124403,196,,
2026-04-20,NLICL,,595,585.1,585.5,,,3344,1968861.8,51,,
2026-04-20,NLO,,269.4,269.4,269.4,,,0,0,0,,
2026-04-20,NMB,,257,236.1,245.6,,,15882,3902357.7,112,,
2026-04-20,NMBMF,,666,650,655,,,1989,1296086.6,25,,
2026-04-20,NMFBS,,1153.7,1122.3,1125,,,2408,2723883.5,50,,
2026-04-20,NMLBBL,,630,615,625.9,,,9340,5826766,77,,
2026-04-20,NRIC,,1007,938.6,975,,,39217,37743176.7,350,,
2026-04-20,NRM,,436,411.1,412,,,6945,2872154.7,118,,
2026-04-20,NRN,,1560,1530,1534,,,80110,123204942,569,,
2026-04-20,NTC,,885,875,883,,,9319,8193932.4,214,,
2026-04-20,NUBL,,691,676.2,684,,,1708,1166069.4,32,,
2026-04-20,NWCL,,829.7,800,820,,,2850,2305544.5,59,,
2026-04-20,NYADI,,422.1,400.3,403.1,,,3889,1573298.8,79,,
2026-04-20,OHL,,718.9,701.2,713,,,3792,2676530,54,,
2026-04-20,OMPL,,1229,1200,1212,,,4625,5592296,166,,
2026-04-20,PCBL,,247,233,242.2,,,24066,5822393.5,144,,
2026-04-20,PCIL,,555.5,507.2,555.5,,,900,498464,90,,
2026-04-20,PFL,,390.9,385,389,,,5181,2004139.3,80,,
2026-04-20,PHCL,,314.9,308.3,310.3,,,70984,22083347.5,362,,
2026-04-20,PMHPL,,369,346.5,351.1,,,14230,4993902.2,81,,
2026-04-20,PMLI,,479.9,465.2,478,,,2845,1352864.3,161,,
2026-04-20,PPCL,,425.1,390,394.9,,,54158,21587626.3,174,,
2026-04-20,PPL,,379,367,372,,,37725,14005590,197,,
2026-04-20,PROFL,,479.8,449,451,,,7270,3284755.3,58,,
2026-04-20,PRVU,,207.1,204,204.9,,,124691,25547355.2,565,,
2026-04-20,PURE,,940,880.2,925,,,9368,8561055.1,197,,
2026-04-20,RADHI,,811,765.7,799.8,,,57776,46170457.8,222,,
2026-04-20,RAWA,,673,653,657,,,490,323707,20,,
2026-04-20,RFPL,,397.7,380,380.2,,,45192,17263425.5,220,,
2026-04-20,RHGCL,,318,293,293.5,,,40425,12037964.7,218,,
2026-04-20,RHPL,,293,285.1,288,,,23755,6805739.9,160,,
2026-04-20,RIDI,,383,354,355,,,289933,103643973.7,890,,
2026-04-20,RLEL,,1440.2,1207,1390,,,140360,185875315.8,12882,,
2026-04-20,RLFL,,456,443,446,,,2764,1237622,31,,
2026-04-20,RNLI,,473,460,465,,,12293,5702696.6,408,,
2026-04-20,RSDC,,697,671,692.9,,,11218,7618856.8,64,,
2026-04-20,RSML,,4700,4465,4479,,,42038,190915119,951,,
2026-04-20,RURU,,684,661,671.3,,,5185,3487352.7,95,,
2026-04-20,SAGAR,,1869,1792,1819,,,11644,21125154.1,235,,
2026-04-20,SAHAS,,629.9,621,621,,,64841,40399863,519,,
2026-04-20,SAIL,,1275,1220,1231,,,38707,47658536.4,602,,
2026-04-20,SANIMA,,356,345.5,348,,,26311,9148374.1,157,,
2026-04-20,SANVI,,787.5,731,741,,,13126,9679503.5,272,,
2026-04-20,SARBTM,,868,855,857,,,6616,5669892.4,79,,
2026-04-20,SBI,,406,403.2,405.8,,,13177,5327287,58,,
2026-04-20,SBL,,401.7,376,391,,,76545,29938476.9,146,,
2026-04-20,SCB,,665.1,651,654,,,10777,7046169,101,,
2026-04-20,SGHC,,403,390.1,394,,,29291,11572226.8,198,,
2026-04-20,SHEL,,329,309,322.4,,,98789,31774664,342,,
2026-04-20,SHIVM,,700,680.1,682,,,235104,160880908.1,1163,,
2026-04-20,SHL,,511,503.6,509.5,,,51947,26255512.3,141,,
2026-04-20,SHLB,,1550.1,1500,1530,,,702,1057605,19,,
2026-04-20,SHPC,,547.1,520,522,,,43512,22767514.1,202,,
2026-04-20,SIFC,,570,542,554,,,7999,4438536.3,44,,
2026-04-20,SIKLES,,622,611.2,614.5,,,4978,3051195.1,74,,
2026-04-20,SIPD,,526.2,471.3,526.2,,,380,198622,38,,
2026-04-20,SJCL,,325,311,316.5,,,28371,8947148.5,159,,
2026-04-20,SJLIC,,444.8,435.9,440,,,8663,3793810,169,,
2026-04-20,SKBBL,,773.9,768.5,770.1,,,9929,7647712.3,125,,
2026-04-20,SKHEL,,1364,1245.4,1364,,,7150,9735907,715,,
2026-04-20,SKHL,,1335,1128.1,1260,,,69209,82358338.7,5905,,
2026-04-20,SLBBL,,849,824,826,,,2313,1910370.1,53,,
2026-04-20,SLBSL,,1318,1278.5,1285,,,4533,5808296.8,25,,
2026-04-20,SMATA,,824.9,780.1,788.1,,,3959,3115221.2,68,,
2026-04-20,SMB,,1800,1770,1785,,,573,1018926,26,,
2026-04-20,SMFBS,,1705,1652.1,1699.9,,,197,328770.7,11,,
2026-04-20,SMH,,612,588,594,,,18697,11117934.1,182,,
2026-04-20,SMHL,,540,513.5,516,,,75926,39256533.4,335,,
2026-04-20,SMJC,,482,468.2,470,,,71050,33477329.7,338,,
2026-04-20,SMPDA,,900,850.3,883,,,1780,1526500.4,53,,
2026-04-20,SNLI,,465,455.1,458.2,,,10786,4961435.4,409,,
2026-04-20,SOHL,,875.5,825.1,849,,,350008,298173479.1,9566,,
2026-04-20,SONA,,484.9,450,454,,,23636,10867641.5,362,,
2026-04-20,SPC,,500,456,485,,,3821,1850087.6,65,,
2026-04-20,SPDL,,425.5,408.1,410.9,,,50738,20869027.6,150,,
2026-04-20,SPHL,,533,526,530,,,1810,959751,23,,
2026-04-20,SPL,,731,711,721,,,1988,1433360.9,33,,
2026-04-20,SRLI,,405.5,396,402,,,19081,7650599,235,,
2026-04-20,SSHL,,230,222,225,,,220936,49574338.9,724,,
2026-04-20,STC,,5799,5710,5777,,,111,637386.3,6,,
2026-04-20,SWASTIK,,2610,2556.1,2581,,,1910,4948235,43,,
2026-04-20,SWBBL,,750,741.5,744.9,,,4091,3053044.7,43,,
2026-04-20,SWMF,,680,664,680,,,2335,1554676.8,35,,
2026-04-20,SYPNL,,1770,1715.4,1715.4,,,75166,129961619.3,1443,,
2026-04-20,TAMOR,,445.4,440.2,445,,,100310,44367543.4,351,,
2026-04-20,TPC,,397,379,385,,,20692,7941718.6,131,,
2026-04-20,TRH,,751.1,750,750,,,300,225222,5,,
2026-04-20,TSHL,,660.1,642,658,,,3606,2345833.9,49,,
2026-04-20,TTL,,867,825,846.2,,,15819,13328564.7,420,,
2026-04-20,TVCL,,604.5,560,570,,,5250,2978169.3,43,,
2026-04-20,UHEWA,,595,576.3,584,,,4471,2596727.7,88,,
2026-04-20,ULBSL,,3115,3030,3089.8,,,1171,3560910.7,32,,
2026-04-20,ULHC,,512,501,505.1,,,28351,14385690.8,140,,
2026-04-20,UMHL,,624,574,605,,,56253,33384825.2,236,,
2026-04-20,UMRH,,561.3,545,550.2,,,7119,3909894.8,77,,
2026-04-20,UNHPL,,546,486,515,,,96782,50065440,413,,
2026-04-20,UNL,,47300,47300,47300,,,0,0,0,,
2026-04-20,UNLB,,1550,1466,1490,,,2001,2971342.8,59,,
2026-04-20,UPCL,,406.3,383.5,385,,,69594,26905027.9,251,,
2026-04-20,UPPER,,218,212,214.6,,,249935,53638824,899,,
2026-04-20,USHEC,,515,493.7,494,,,13197,6688418.9,72,,
2026-04-20,USHL,,722.4,630.9,690,,,2018,1385906,45,,
2026-04-20,USLB,,1390,1350.6,1359,,,1255,1712512,27,,
2026-04-20,VLBS,,778,754.7,773,,,4483,3436098.1,284,,
2026-04-20,VLUCL,,552,520.1,545.9,,,8636,4564566.4,138,,
2026-04-21,ACLBSL,,979,953,979,,,198,190390.5,15,,
2026-04-21,ADBL,,318,312.3,316.9,,,24666,7801237,170,,
2026-04-21,AHL,,589,503.5,585,,,24581,13099136.2,202,,
2026-04-21,AHPC,,290,278,282,,,170347,48424852.5,557,,
2026-04-21,AKJCL,,389.5,363.7,375,,,343885,129752448.3,660,,
2026-04-21,AKPL,,279.8,272,272.1,,,107684,29591157.7,354,,
2026-04-21,ALBSL,,1148,1115,1144.9,,,4583,5174181.5,122,,
2026-04-21,ALICL,,481.4,455,459,,,12738,5824204.4,98,,
2026-04-21,ANLB,,6329.9,6200,6329,,,268,1673271.8,25,,
2026-04-21,API,,348,339,339.1,,,241252,82611307.1,829,,
2026-04-21,AVYAN,,1149,1101.1,1105.5,,,6470,7196670,116,,
2026-04-21,BANDIPUR,,899,860,879.5,,,37663,33300412.3,870,,
2026-04-21,BARUN,,360,348.5,350,,,49973,17637942.8,286,,
2026-04-21,BBC,,4920,4785,4895,,,400,1932955.5,29,,
2026-04-21,BEDC,,435,402,404,,,81215,33115801.5,586,,
2026-04-21,BFC,,469,460,460,,,7253,3348124.5,57,,
2026-04-21,BGWT,,745,727.1,745,,,939,695124,43,,
2026-04-21,BHCL,,569.9,542,551,,,36884,20574918.3,566,,
2026-04-21,BHDC,,482,463.2,465,,,25209,11821388.4,186,,
2026-04-21,BHL,,232,220,221.8,,,251540,56188605.8,844,,
2026-04-21,BHPL,,577.5,541,541,,,5926,3235415.3,86,,
2026-04-21,BJHL,,1280,1191,1211,,,42812,53460961.9,1615,,
2026-04-21,BNHC,,350,334.1,340,,,5194,1769273.5,80,,
2026-04-21,BNL,,15350,15350,15350,,,0,0,0,,
2026-04-21,BNT,,11755,11680,11719,,,55,644543,7,,
2026-04-21,BPCL,,732.7,687,697,,,26704,18523670,197,,
2026-04-21,BUNGAL,,628.1,611.5,619,,,12926,8037703.8,301,,
2026-04-21,CBBL,,927,907,907,,,12798,11651718.9,244,,
2026-04-21,CFCL,,543.7,508,511.5,,,4802,2452942.9,48,,
2026-04-21,CGH,,825,810,820,,,12686,10387415.9,107,,
2026-04-21,CHCL,,494.8,483,484,,,14699,7123183,170,,
2026-04-21,CHDC,,2398.9,2328,2344,,,14892,34909234.8,196,,
2026-04-21,CHL,,304.9,296,298,,,31151,9405690.5,150,,
2026-04-21,CIT,,1799,1782,1785.1,,,4642,8297713,79,,
2026-04-21,CITY,,465,453.3,455.5,,,13322,6116970.2,204,,
2026-04-21,CKHL,,691,660.3,678,,,4948,3344921.9,41,,
2026-04-21,CLI,,465,460,463,,,10134,4686084.3,294,,
2026-04-21,CREST,,1230,1218,1225,,,5034,6144270.1,185,,
2026-04-21,CYCL,,1634,1500.1,1545,,,4088,6253596,84,,
2026-04-21,CZBIL,,209.9,205,209.8,,,66975,13827117.5,215,,
2026-04-21,DDBL,,843,823.5,835.3,,,3990,3334753.1,81,,
2026-04-21,DHEL,,681.3,635,640,,,15599,10038601.6,391,,
2026-04-21,DHPL,,320,292,309,,,13728,4225000.5,102,,
2026-04-21,DLBS,,1310.2,1255,1301,,,554,722252,26,,
2026-04-21,DOLTI,,412,384.4,388,,,286319,113099742.3,1610,,
2026-04-21,DORDI,,293,280,280.1,,,63805,18118828.6,328,,
2026-04-21,EBL,,704,690.2,699,,,24389,17063336.9,165,,
2026-04-21,EHPL,,423.9,405.6,406,,,36956,15119450.7,227,,
2026-04-21,ENL,,930,896.1,897,,,2444,2205519.8,29,,
2026-04-21,FMDBL,,848.9,800,802,,,11576,9325684.5,92,,
2026-04-21,FOWAD,,1210,1120,1143,,,4808,5440786.4,66,,
2026-04-21,GBIME,,239.9,234.5,235,,,95056,22391387.1,360,,
2026-04-21,GBLBS,,778.5,761,775,,,6244,4784479.8,69,,
2026-04-21,GCIL,,444.4,430,435,,,26237,11397511.6,351,,
2026-04-21,GFCL,,640,622.5,622.5,,,8712,5455668.3,67,,
2026-04-21,GHL,,251.1,242.4,244.9,,,88109,21685121.8,250,,
2026-04-21,GILB,,1142,1130.1,1130.4,,,386,437821.3,12,,
2026-04-21,GLBSL,,1838,1802,1807,,,339,616741.8,21,,
2026-04-21,GLH,,278,270.2,271,,,69169,18915242.3,281,,
2026-04-21,GMFBS,,1350,1317,1321,,,541,718438.3,22,,
2026-04-21,GMFIL,,480,468,470,,,6076,2876393,38,,
2026-04-21,GMLI,,1503,1455,1460,,,3639,5315237.7,122,,
2026-04-21,GUFL,,536,525.1,527,,,4430,2344804.5,63,,
2026-04-21,GVL,,500,491.3,496,,,10254,5076167.9,134,,
2026-04-21,HATHY,,874.9,860,864.9,,,5849,5063683.5,134,,
2026-04-21,HBL,,211,208.1,208.8,,,54692,11437323.2,1267,,
2026-04-21,HDHPC,,250.1,230.1,231,,,438219,103058016.5,1001,,
2026-04-21,HDL,,1174,1155,1157,,,29804,34587743.1,433,,
2026-04-21,HFIN,,1450.6,1286,1386,,,159134,222342401.2,14055,,
2026-04-21,HHL,,408,378.1,390,,,214695,83829766.2,568,,
2026-04-21,HIDCL,,277,271,271.6,,,75315,20589932.8,339,,
2026-04-21,HIMSTAR,,960,920,944,,,11239,10567280.6,212,,
2026-04-21,HLBSL,,903,877,903,,,1316,1179534.2,12,,
2026-04-21,HLI,,359.9,353,354,,,29084,10315191.1,394,,
2026-04-21,HPPL,,443,400,404,,,71033,28745621.6,372,,
2026-04-21,HRL,,715,680,703,,,86062,60650549.6,1184,,
2026-04-21,HURJA,,276.9,258.4,264,,,189362,50539195.3,530,,
2026-04-21,ICFC,,639.9,622,622,,,8915,5571499.6,73,,
2026-04-21,IHL,,475,461,472,,,6530,3064745.5,99,,
2026-04-21,ILBS,,960,936.4,958.9,,,1629,1539818.8,47,,
2026-04-21,ILI,,442,435.2,437,,,7489,3283083.9,274,,
2026-04-21,JBLB,,1303.1,1282.2,1288,,,5204,6736730.4,139,,
2026-04-21,JFL,,429,416.3,417.5,,,6366,2662590.2,51,,
2026-04-21,JHAPA,,1490,1385,1406,,,25060,36216652.4,563,,
2026-04-21,JOSHI,,295.5,285.1,290,,,20456,5907457.6,154,,
2026-04-21,JSLBB,,1143.2,1110,1143.2,,,213,238621.9,13,,
2026-04-21,KBL,,230,220,221.5,,,269293,60010906.3,824,,
2026-04-21,KBSH,,1698.9,1557.1,1675,,,669,1117590.4,35,,
2026-04-21,KDL,,881,859.1,863,,,1841,1590387.5,63,,
2026-04-21,KKHC,,299,281,281.6,,,94992,27139386.9,326,,
2026-04-21,KMCDB,,918,905,908,,,13365,12156419.9,88,,
2026-04-21,KPCL,,515.9,505.3,509,,,7851,3994202.1,76,,
2026-04-21,LEC,,245,232.2,232.5,,,116606,27503694.2,395,,
2026-04-21,LICN,,861,815.5,821.8,,,2531,2073334.4,31,,
2026-04-21,LLBS,,987,932,955,,,689,656428.4,32,,
2026-04-21,LSL,,221,213.7,214,,,55962,12036815.6,210,,
2026-04-21,MABEL,,734.3,695,700,,,18783,13333935.5,306,,
2026-04-21,MAKAR,,509,498,500,,,27042,13571158.8,144,,
2026-04-21,MANDU,,849.5,816.2,838,,,2731,2266526.5,67,,
2026-04-21,MATRI,,979,930,961,,,1489,1411305.8,49,,
2026-04-21,MBJC,,302,294.2,297.8,,,34809,10376715.9,297,,
2026-04-21,MBL,,254,250,250,,,65179,16339502.5,160,,
2026-04-21,MCHL,,396.9,375.4,380,,,5555,2127315,65,,
2026-04-21,MEHL,,420,412.1,414,,,3966,1651707.2,102,,
2026-04-21,MEL,,280.1,265.7,268.9,,,15768,4223231.2,215,,
2026-04-21,MEN,,610,593.2,595,,,68918,41044996.3,223,,
2026-04-21,MERO,,745,725.5,726,,,3914,2849341.5,64,,
2026-04-21,MFIL,,850.5,780,788.9,,,157935,126577114.6,362,,
2026-04-21,MHCL,,370,360,360.1,,,6729,2443191,89,,
2026-04-21,MHL,,520.9,489,514.9,,,5693,2920737,55,,
2026-04-21,MHNL,,283.7,270.1,270.1,,,12481,3411492.5,77,,
2026-04-21,MKCL,,1355,1340,1344.3,,,2608,3510921.6,57,,
2026-04-21,MKHC,,337.9,329,332,,,21696,7206207.1,163,,
2026-04-21,MKHL,,700.3,680,690,,,3319,2287971.6,72,,
2026-04-21,MKJC,,530.5,500.1,517,,,4658,2415265.4,58,,
2026-04-21,MLBBL,,1291,1275,1275.2,,,792,1016301,20,,
2026-04-21,MLBS,,1400,1360,1385,,,175,241711,9,,
2026-04-21,MLBSL,,1847.9,1804,1844,,,253,460667.5,22,,
2026-04-21,MMKJL,,547,531.7,534,,,955,511724,38,,
2026-04-21,MPFL,,649.9,627,629.7,,,23622,14961464,147,,
2026-04-21,MSHL,,795.6,740,740,,,1986,1510002,58,,
2026-04-21,MSLB,,1295,1267.2,1291,,,929,1183304.9,37,,
2026-04-21,NABIL,,550,525,526,,,35671,18812349.4,457,,
2026-04-21,NADEP,,787.9,750,769,,,972,739673.2,29,,
2026-04-21,NBL,,280,270.1,270.1,,,75031,20653750,276,,
2026-04-21,NESDO,,1550.1,1515.9,1539,,,1464,2228758.3,46,,
2026-04-21,NFS,,614,605,605.1,,,8532,5191421.6,106,,
2026-04-21,NGPL,,475,446.1,448,,,209435,94333586.5,698,,
2026-04-21,NHDL,,655,629,650,,,2693,1745654.5,32,,
2026-04-21,NHPC,,308.5,296,298,,,777373,234150960,2103,,
2026-04-21,NICA,,365,358.3,360,,,51180,18476961,240,,
2026-04-21,NICLBSL,,597,580,587,,,7547,4421765.5,115,,
2026-04-21,NIFRA,,270,266,267,,,110054,29481038.3,659,,
2026-04-21,NIMB,,212.4,204.7,205.2,,,94876,19492510.3,370,,
2026-04-21,NLIC,,811.2,771.6,773,,,17724,13690814.5,171,,
2026-04-21,NLICL,,614.7,579.1,588,,,5651,3289703.2,72,,
2026-04-21,NLO,,269.4,269.4,269.4,,,0,0,0,,
2026-04-21,NMB,,248,241.2,243,,,31857,7770112.9,154,,
2026-04-21,NMBMF,,658,650,657.9,,,3968,2587542.2,33,,
2026-04-21,NMFBS,,1125,1105,1120,,,7980,8884543.8,122,,
2026-04-21,NMLBBL,,630,619,622,,,6177,3851442.7,64,,
2026-04-21,NRIC,,984,955,958.9,,,44217,42521208.1,614,,
2026-04-21,NRM,,415,405.3,407,,,12650,5174372.9,147,,
2026-04-21,NRN,,1560,1491,1503.9,,,66836,101052099.1,674,,
2026-04-21,NTC,,885,870.5,870.6,,,9597,8441165.3,214,,
2026-04-21,NUBL,,691.9,670,684,,,5578,3797479.4,56,,
2026-04-21,NWCL,,820,785,800,,,5135,4093872,79,,
2026-04-21,NYADI,,405,398,405,,,4966,1991676,114,,
2026-04-21,OHL,,723.8,700,702,,,3440,2415015.1,47,,
2026-04-21,OMPL,,1235,1196,1204.9,,,7477,9013714.4,179,,
2026-04-21,PCBL,,244,240.4,242.2,,,25963,6285854.2,130,,
2026-04-21,PCIL,,638.8,580,638.8,,,1000,637512,100,,
2026-04-21,PFL,,389,381,384,,,5157,1982528.5,55,,
2026-04-21,PHCL,,317,306.1,307,,,57068,17644515.8,332,,
2026-04-21,PMHPL,,357,343.1,347.9,,,13994,4870764.6,108,,
2026-04-21,PMLI,,480,470.1,473.2,,,2822,1337155.7,121,,
2026-04-21,PPCL,,417.5,383.1,389.9,,,33489,13223558.2,155,,
2026-04-21,PPL,,376.5,355.1,369,,,30028,10970565.9,223,,
2026-04-21,PROFL,,457,446.2,457,,,5523,2479132.5,53,,
2026-04-21,PRVU,,205.7,202.1,202.9,,,139790,28459160.4,509,,
2026-04-21,PURE,,940.9,903,918.7,,,10698,9835050.4,171,,
2026-04-21,RADHI,,810,759.9,794,,,53081,42152137.9,216,,
2026-04-21,RAWA,,678,657,674.5,,,2430,1634223,48,,
2026-04-21,RFPL,,390,372.5,378,,,45870,17363288.8,259,,
2026-04-21,RHGCL,,299,290,295,,,39647,11695519.6,168,,
2026-04-21,RHPL,,293,282,286,,,16974,4890634.3,156,,
2026-04-21,RIDI,,361.9,338,350,,,361244,127935612.7,847,,
2026-04-21,RLEL,,1592.3,1310,1400,,,62780,91310426.5,5214,,
2026-04-21,RLFL,,450,441,442.3,,,5944,2634305.2,57,,
2026-04-21,RNLI,,466,455,463,,,7430,3435703.9,327,,
2026-04-21,RSDC,,712,683,684.9,,,8194,5611351.3,52,,
2026-04-21,RSML,,4539.9,4210,4290,,,68901,301904728.6,1403,,
2026-04-21,RURU,,674,667.2,670,,,2773,1858678.5,69,,
2026-04-21,SAGAR,,1843,1751,1759,,,21532,38621698,331,,
2026-04-21,SAHAS,,625,618.5,620,,,66699,41438634.1,533,,
2026-04-21,SAIL,,1258,1210,1224.9,,,36008,44155149.9,648,,
2026-04-21,SANIMA,,352,346,348.2,,,21940,7625637,126,,
2026-04-21,SANVI,,751.9,703.3,720,,,42667,30750382.3,447,,
2026-04-21,SARBTM,,865.9,851.2,858,,,9046,7746886.2,100,,
2026-04-21,SBI,,408.9,402.2,406,,,14464,5840281.3,69,,
2026-04-21,SBL,,395,388,390.5,,,102542,40010579.1,165,,
2026-04-21,SCB,,658,651,652.5,,,10277,6728813.8,87,,
2026-04-21,SGHC,,399,390,392,,,14875,5850042.5,130,,
2026-04-21,SHEL,,326,316.1,317.4,,,134970,43129346.2,415,,
2026-04-21,SHIVM,,697.9,678,680,,,246868,168782034.6,942,,
2026-04-21,SHL,,515,503.1,506.9,,,32825,16610810.6,124,,
2026-04-21,SHLB,,1520,1490.1,1505,,,629,946896,22,,
2026-04-21,SHPC,,531,517.7,518,,,63633,33192306.1,230,,
2026-04-21,SIFC,,581.7,546,552.9,,,5496,3013379.6,35,,
2026-04-21,SIKLES,,618.5,610,610,,,10407,6366107.9,91,,
2026-04-21,SIPD,,605.1,528.7,605.1,,,580,347240,58,,
2026-04-21,SJCL,,317.9,310,314.5,,,11812,3699584.8,130,,
2026-04-21,SJLIC,,445.9,432.5,440,,,19585,8541061.8,220,,
2026-04-21,SKBBL,,778.5,765.5,769,,,8701,6706516.1,101,,
2026-04-21,SKHEL,,1568.6,1432.2,1568.6,,,7280,11390662,708,,
2026-04-21,SKHL,,1360,1203,1285,,,84702,109891850.8,3533,,
2026-04-21,SLBBL,,832,815,820.5,,,8808,7210957.1,113,,
2026-04-21,SLBSL,,1319,1252,1284,,,3971,5188073.2,23,,
2026-04-21,SMATA,,800,780,785,,,3576,2807199,81,,
2026-04-21,SMB,,1850,1770,1800,,,2024,3701519.5,42,,
2026-04-21,SMFBS,,1700,1675,1681,,,450,757276,11,,
2026-04-21,SMH,,623,590,596,,,12487,7437741,121,,
2026-04-21,SMHL,,520,505,511,,,65309,33468824.7,322,,
2026-04-21,SMJC,,476,465,466,,,23143,10838222.3,235,,
2026-04-21,SMPDA,,899,858,872,,,1095,948968.7,35,,
2026-04-21,SNLI,,463.9,456.2,456.3,,,8140,3721833.4,358,,
2026-04-21,SOHL,,860,792.1,800,,,448273,370735921.8,8418,,
2026-04-21,SONA,,460,445,446,,,35544,16023988.9,421,,
2026-04-21,SPC,,509.2,467.1,469.3,,,21633,10261983.3,138,,
2026-04-21,SPDL,,431.4,399.7,403.2,,,75085,30408017.9,268,,
2026-04-21,SPHL,,543.6,521,522.3,,,5180,2722668,45,,
2026-04-21,SPL,,721,704,717,,,3900,2773549.7,42,,
2026-04-21,SRLI,,406.8,396,396.3,,,14469,5760346.5,227,,
2026-04-21,SSHL,,227,216.2,220,,,238571,52934047.4,858,,
2026-04-21,STC,,5845,5712,5750,,,714,4112246.3,19,,
2026-04-21,SWASTIK,,2600,2550,2575,,,1244,3213971,53,,
2026-04-21,SWBBL,,760,739,739,,,6011,4452775.9,58,,
2026-04-21,SWMF,,681,666,667.3,,,2358,1586202.6,31,,
2026-04-21,SYPNL,,1730,1670,1680,,,105818,180822981.4,1831,,
2026-04-21,TAMOR,,449,422.8,440,,,108087,47649990.2,258,,
2026-04-21,TPC,,392,365.8,381,,,31761,12238109.2,179,,
2026-04-21,TRH,,757,751,753,,,1528,1152069.9,21,,
2026-04-21,TSHL,,670,645.1,650,,,3540,2313488.8,59,,
2026-04-21,TTL,,888,835,837.1,,,14614,12335971,434,,
2026-04-21,TVCL,,590,563.1,565,,,7667,4334506.4,54,,
2026-04-21,UHEWA,,585,580,584.8,,,9698,5644041.6,82,,
2026-04-21,ULBSL,,3098,3000,3063,,,1174,3557768.9,30,,
2026-04-21,ULHC,,509.5,500,506,,,4891,2470163,91,,
2026-04-21,UMHL,,607,589,595,,,21917,13004047.4,168,,
2026-04-21,UMRH,,553,538.2,540,,,24466,13264021,163,,
2026-04-21,UNHPL,,520,498,498,,,52686,26641418.2,232,,
2026-04-21,UNL,,47300,47200,47200,,,15,705549,6,,
2026-04-21,UNLB,,1512,1470.1,1495,,,1441,2154587.3,46,,
2026-04-21,UPCL,,404.2,379,379,,,68543,26103006.6,294,,
2026-04-21,UPPER,,215,208.1,210,,,257415,54365450.6,1140,,
2026-04-21,USHEC,,499,488.1,495,,,6612,3247361.2,85,,
2026-04-21,USHL,,690,669.3,680,,,2414,1637810.4,33,,
2026-04-21,USLB,,1381,1355,1355,,,1082,1471412.9,32,,
2026-04-21,VLBS,,765,750.1,765,,,6382,4836907.3,266,,
2026-04-21,VLUCL,,562.2,525,530.1,,,1888,1008178,72,,
2026-04-22,ACLBSL,,979,945,956,,,1822,1735629.1,48,,
2026-04-22,ADBL,,316.9,310,315,,,23838,7452188.2,204,,
2026-04-22,AHL,,555.8,523.8,536,,,34906,18637295.3,292,,
2026-04-22,AHPC,,286.5,277,284.8,,,197828,55450196.7,731,,
2026-04-22,AKJCL,,388.2,362,383,,,565247,210699162,871,,
2026-04-22,AKPL,,278,258.5,275,,,171776,46400368.2,573,,
2026-04-22,ALBSL,,1202.1,1118.1,1138,,,6188,6955302.1,138,,
2026-04-22,ALICL,,460,450.4,457,,,13616,6178622.7,126,,
2026-04-22,ANLB,,6424,6056,6285,,,588,3626630.4,28,,
2026-04-22,API,,347,332,341,,,383874,129901644.7,997,,
2026-04-22,AVYAN,,1129,1068.1,1080,,,10634,11486764.7,156,,
2026-04-22,BANDIPUR,,921.9,850.3,862,,,58291,50430976.9,962,,
2026-04-22,BARUN,,358,340.7,349,,,136267,47074422.2,561,,
2026-04-22,BBC,,4900,4774,4839.9,,,315,1518715,23,,
2026-04-22,BEDC,,406.3,393.6,399.9,,,99682,39597068.7,708,,
2026-04-22,BFC,,469.6,452,467.9,,,8124,3727870,72,,
2026-04-22,BGWT,,750,729,750,,,2668,1977823.2,70,,
2026-04-22,BHCL,,578,535,555.9,,,46355,25310052.9,484,,
2026-04-22,BHDC,,475,460,473.8,,,18311,8496563.6,178,,
2026-04-22,BHL,,230,214,222,,,323051,71140908.6,1217,,
2026-04-22,BHPL,,557,531,546,,,16722,9030638,155,,
2026-04-22,BJHL,,1211,1135,1164,,,27539,31935685.9,1215,,
2026-04-22,BNHC,,340,330.1,338,,,12641,4237644.6,116,,
2026-04-22,BNL,,15350,15350,15350,,,0,0,0,,
2026-04-22,BNT,,11719,11460,11460,,,12,138100,2,,
2026-04-22,BPCL,,702,680,697,,,35822,24669902.3,229,,
2026-04-22,BUNGAL,,617.8,595,610,,,17239,10432159.4,371,,
2026-04-22,CBBL,,914,900.2,909,,,14967,13535009,271,,
2026-04-22,CFCL,,517,500,507.5,,,15789,7966180.9,104,,
2026-04-22,CGH,,824,814,820,,,14098,11499177.3,148,,
2026-04-22,CHCL,,489.9,476,485,,,33048,15837723.5,276,,
2026-04-22,CHDC,,2350,2288,2350,,,34392,79473027.8,327,,
2026-04-22,CHL,,306,290,302,,,67286,19898257.9,252,,
2026-04-22,CIT,,1793,1767.1,1790,,,4962,8820562.2,126,,
2026-04-22,CITY,,478.2,440.3,455.6,,,11842,5316664.3,161,,
2026-04-22,CKHL,,699,650.2,683.5,,,17136,11698166.8,64,,
2026-04-22,CLI,,463,455,458.2,,,19796,9059995.2,300,,
2026-04-22,CREST,,1229.9,1190,1228.7,,,9463,11376631.7,250,,
2026-04-22,CYCL,,1545,1508,1540,,,2805,4273747.5,46,,
2026-04-22,CZBIL,,211.9,200,211.9,,,61566,12744638.9,199,,
2026-04-22,DDBL,,840,822.2,835,,,6233,5168630.6,85,,
2026-04-22,DHEL,,643.7,615,631,,,26039,16301291,493,,
2026-04-22,DHPL,,314.9,299.9,305,,,15241,4640388.7,73,,
2026-04-22,DLBS,,1318.4,1271.1,1311,,,2359,3056048.4,29,,
2026-04-22,DOLTI,,399,384.2,396,,,168932,66033068.9,655,,
2026-04-22,DORDI,,285,272.3,277,,,178111,49231847.2,603,,
2026-04-22,EBL,,703,694,697.5,,,43628,30416823,229,,
2026-04-22,EHPL,,426.3,398,398,,,70184,28190108.4,415,,
2026-04-22,ENL,,916.8,880.6,916.8,,,395,354939,19,,
2026-04-22,FMDBL,,824,795,811,,,23960,19253731.4,169,,
2026-04-22,FOWAD,,1200,1110,1135,,,5557,6217181.3,88,,
2026-04-22,GBIME,,236.9,232.2,234.1,,,88657,20716235.5,401,,
2026-04-22,GBLBS,,776,756,774.4,,,4429,3364791.1,62,,
2026-04-22,GCIL,,439,426.1,435,,,11549,4969463.3,210,,
2026-04-22,GFCL,,635,619,623.1,,,15955,9935131.4,135,,
2026-04-22,GHL,,249,235,243,,,194397,46865209.4,478,,
2026-04-22,GILB,,1152,1113.3,1135,,,2239,2527272.8,38,,
2026-04-22,GLBSL,,1810,1771.1,1810,,,467,835440.7,22,,
2026-04-22,GLH,,280,257.5,274,,,99036,26797285,425,,
2026-04-22,GMFBS,,1442,1280,1442,,,1875,2450938.3,68,,
2026-04-22,GMFIL,,479,456,475,,,10349,4838537.1,56,,
2026-04-22,GMLI,,1460,1390,1440,,,7965,11185556,207,,
2026-04-22,GUFL,,538,520.1,522,,,10504,5511651.1,117,,
2026-04-22,GVL,,500,487,500,,,19092,9392329.1,158,,
2026-04-22,HATHY,,870,851,861.2,,,12449,10717887.4,185,,
2026-04-22,HBL,,210,203.1,206,,,108744,22375039.7,1507,,
2026-04-22,HDHPC,,242.9,220,235.9,,,619305,142739445,1429,,
2026-04-22,HDL,,1168,1145,1156,,,44490,51186355,668,,
2026-04-22,HFIN,,1404,1208.1,1237,,,228942,285967762.7,21374,,
2026-04-22,HHL,,409,379,395,,,167609,64855420.8,610,,
2026-04-22,HIDCL,,278,268,272.1,,,92938,25154681.5,488,,
2026-04-22,HIMSTAR,,941,910.1,928,,,10904,10042762,179,,
2026-04-22,HLBSL,,910,868,910,,,3998,3529870.6,62,,
2026-04-22,HLI,,354,346,351.4,,,71452,25069734.2,475,,
2026-04-22,HPPL,,409.9,393,409.9,,,70623,28192114.9,271,,
2026-04-22,HRL,,738,679,695.2,,,237378,163952932.2,2662,,
2026-04-22,HURJA,,275,258,271,,,196862,52150132.6,552,,
2026-04-22,ICFC,,638,616.2,634,,,10832,6715355.1,98,,
2026-04-22,IHL,,465,458.4,462,,,4358,2012786.2,60,,
2026-04-22,ILBS,,959,935,959,,,9817,9254960.9,79,,
2026-04-22,ILI,,440,430,438,,,21872,9491345.5,387,,
2026-04-22,JBLB,,1290,1276.1,1280,,,6682,8552463.3,213,,
2026-04-22,JFL,,423,405,418,,,14504,5992315.1,97,,
2026-04-22,JHAPA,,1604,1363.9,1604,,,37502,54384326,505,,
2026-04-22,JOSHI,,294,284,293.2,,,33447,9607536.6,189,,
2026-04-22,JSLBB,,1135,1105,1105,,,1021,1131893,31,,
2026-04-22,KBL,,227.9,215.1,224,,,671206,147351248.7,1511,,
2026-04-22,KBSH,,1681,1630,1660,,,451,746461,19,,
2026-04-22,KDL,,856.5,840,850,,,4648,3945269.7,81,,
2026-04-22,KKHC,,283.2,272,277.7,,,82768,22846256.1,362,,
2026-04-22,KMCDB,,917,885,895,,,13300,11896627.4,115,,
2026-04-22,KPCL,,507,498,504,,,37519,18808842.9,172,,
2026-04-22,LEC,,244,226,235,,,217584,50438774,669,,
2026-04-22,LICN,,833.9,805.6,820.1,,,12550,10231119.2,127,,
2026-04-22,LLBS,,1010,898.7,950.9,,,1265,1167776.4,34,,
2026-04-22,LSL,,216,211.2,216,,,101764,21758723.9,266,,
2026-04-22,MABEL,,699,680,685,,,17720,12166172.5,251,,
2026-04-22,MAKAR,,514,481.7,502.1,,,38540,18830194.7,217,,
2026-04-22,MANDU,,840,810,833,,,1546,1273289,50,,
2026-04-22,MATRI,,958,935.4,954,,,547,519096.4,17,,
2026-04-22,MBJC,,296.9,290.6,292.3,,,55237,16212501.1,307,,
2026-04-22,MBL,,252.1,244.2,250,,,103207,25530603.2,221,,
2026-04-22,MCHL,,373,362,370,,,8848,3267580.9,122,,
2026-04-22,MEHL,,420,394.5,420,,,9755,4006929,113,,
2026-04-22,MEL,,271,261,267.8,,,23566,6214249.3,240,,
2026-04-22,MEN,,595,581.1,588,,,44367,25981870.7,331,,
2026-04-22,MERO,,740,718.5,735,,,4208,3058311.3,58,,
2026-04-22,MFIL,,811.7,778.2,794,,,38246,30011211.5,259,,
2026-04-22,MHCL,,358,350.5,358,,,7845,2778833.8,81,,
2026-04-22,MHL,,518,502.1,510,,,13103,6669899.2,96,,
2026-04-22,MHNL,,280.2,256.6,274,,,23143,6203721.4,109,,
2026-04-22,MKCL,,1349,1335,1349,,,3227,4318174.4,84,,
2026-04-22,MKHC,,336,323.1,330,,,43534,14246251.8,176,,
2026-04-22,MKHL,,690,650,661.1,,,9565,6326059.6,128,,
2026-04-22,MKJC,,516.8,503.8,509,,,12260,6237089.9,84,,
2026-04-22,MLBBL,,1294,1212.5,1272.9,,,4210,5210011.7,79,,
2026-04-22,MLBS,,1370,1344,1370,,,1206,1627053,28,,
2026-04-22,MLBSL,,1865,1810,1840,,,510,926094.8,17,,
2026-04-22,MMKJL,,538,527.1,529,,,3697,1963017,61,,
2026-04-22,MPFL,,639,610.9,625.2,,,20975,13030268.6,151,,
2026-04-22,MSHL,,770,730,741.3,,,908,673489.3,36,,
2026-04-22,MSLB,,1292,1226.5,1292,,,2220,2792126.5,56,,
2026-04-22,NABIL,,527,519,526.5,,,66642,34754254.81,629,,
2026-04-22,NADEP,,766,750,766,,,866,652357.7,28,,
2026-04-22,NBL,,274.1,265,270,,,108926,29317093.5,344,,
2026-04-22,NESDO,,1548,1494,1548,,,1156,1747933.4,36,,
2026-04-22,NFS,,610,596.1,603.1,,,30009,18041928,253,,
2026-04-22,NGPL,,459.9,438,450,,,437184,195060535.4,1148,,
2026-04-22,NHDL,,650,628,641.5,,,5413,3442860.5,61,,
2026-04-22,NHPC,,319.9,292,310,,,1359116,413478380.3,3153,,
2026-04-22,NICA,,368,352.1,364.5,,,120256,43384117.5,278,,
2026-04-22,NICLBSL,,590,563,583,,,17259,9984706.6,200,,
2026-04-22,NIFRA,,270,261.2,265.2,,,116327,30746011.1,682,,
2026-04-22,NIMB,,207,199.1,205.6,,,392128,78870112.6,896,,
2026-04-22,NLIC,,784.9,767.1,776,,,21807,16804909,203,,
2026-04-22,NLICL,,612,558.6,583.5,,,25457,15214449.6,97,,
2026-04-22,NLO,,269.4,269.4,269.4,,,0,0,0,,
2026-04-22,NMB,,247.8,240.5,245,,,34106,8242069.6,179,,
2026-04-22,NMBMF,,660,645.8,659,,,2795,1830399,24,,
2026-04-22,NMFBS,,1120,1100,1100,,,9295,10253375.9,148,,
2026-04-22,NMLBBL,,622,611,616.5,,,5742,3535227.9,70,,
2026-04-22,NRIC,,965,915,959,,,113177,105903158.8,1205,,
2026-04-22,NRM,,412,398,409.9,,,32699,13144767.8,273,,
2026-04-22,NRN,,1539,1489,1515,,,65260,98299632.6,680,,
2026-04-22,NTC,,883,865,870.1,,,12121,10543271.5,229,,
2026-04-22,NUBL,,689.9,670.2,682,,,7750,5255546.4,70,,
2026-04-22,NWCL,,808,785,805,,,4918,3924192.9,68,,
2026-04-22,NYADI,,409,393.1,409,,,6250,2500149,80,,
2026-04-22,OHL,,709,690,709,,,2366,1642315.9,31,,
2026-04-22,OMPL,,1228.1,1185,1220,,,7629,9119171,243,,
2026-04-22,PCBL,,246,239,244,,,63663,15359991.8,237,,
2026-04-22,PCIL,,734.6,657.9,734.6,,,1740,1276342,174,,
2026-04-22,PFL,,386,375,385.9,,,8830,3339168.2,110,,
2026-04-22,PHCL,,314,300,310,,,116067,35284651.5,510,,
2026-04-22,PMHPL,,357,342,353.8,,,19537,6845547.9,101,,
2026-04-22,PMLI,,475,465,475,,,11104,5195227.3,218,,
2026-04-22,PPCL,,396,378.3,393,,,36140,13963826.3,162,,
2026-04-22,PPL,,371,355.2,365.9,,,67081,24096220.9,315,,
2026-04-22,PROFL,,457,441.1,453,,,11133,4971556.2,78,,
2026-04-22,PRVU,,213,199,202.9,,,295171,59229573.3,1074,,
2026-04-22,PURE,,920,874.7,916,,,13251,11941803.3,175,,
2026-04-22,RADHI,,805.3,775,803,,,105077,82932221.5,354,,
2026-04-22,RAWA,,674,660,660,,,600,397981,13,,
2026-04-22,RFPL,,384,367,378,,,75542,28186136.6,363,,
2026-04-22,RHGCL,,298.5,283,295,,,44913,12995561.5,229,,
2026-04-22,RHPL,,290,280.4,288,,,30225,8550379.2,211,,
2026-04-22,RIDI,,367,340,355.3,,,556519,195213313.2,1187,,
2026-04-22,RLEL,,1430,1265,1352,,,71250,93203007,6426,,
2026-04-22,RLFL,,449.9,423,444,,,30044,13029668.1,147,,
2026-04-22,RNLI,,465,456.8,460.1,,,31773,14582715.8,362,,
2026-04-22,RSDC,,691.9,670,675,,,7704,5204401.9,70,,
2026-04-22,RSML,,4326,4080,4230,,,78442,327861815.3,1744,,
2026-04-22,RURU,,670,659,668,,,9524,6321699.7,114,,
2026-04-22,SAGAR,,1800,1710,1780,,,18045,31314542.1,365,,
2026-04-22,SAHAS,,625,612.4,613.2,,,114510,70561977.1,803,,
2026-04-22,SAIL,,1220,1180,1205,,,46621,55699052.4,827,,
2026-04-22,SANIMA,,350,341,348,,,64795,22328421.5,183,,
2026-04-22,SANVI,,723,690,711,,,40033,28195531.5,447,,
2026-04-22,SARBTM,,860,848,860,,,12391,10547045.7,120,,
2026-04-22,SBI,,408,400,407.8,,,37842,15309610,103,,
2026-04-22,SBL,,393,383.1,390.5,,,71348,27720114.9,224,,
2026-04-22,SCB,,650,634.1,648,,,7133,4605832.3,80,,
2026-04-22,SGHC,,400,384,388,,,34373,13372396,206,,
2026-04-22,SHEL,,324,310.1,319,,,167624,52664554.2,683,,
2026-04-22,SHIVM,,690,666.4,680,,,377686,254580505.6,1520,,
2026-04-22,SHL,,505,483,503,,,48418,24164042.9,138,,
2026-04-22,SHLB,,1505,1488.1,1500,,,485,725408,14,,
2026-04-22,SHPC,,530,513,521,,,56554,29354900.8,211,,
2026-04-22,SIFC,,603,537,570,,,16115,8857527,87,,
2026-04-22,SIKLES,,609,594,603,,,12825,7724187.7,118,,
2026-04-22,SIPD,,695.8,623.2,695.8,,,780,540960,78,,
2026-04-22,SJCL,,315.6,298.8,311.9,,,42016,12904227.8,191,,
2026-04-22,SJLIC,,440,425.1,436.5,,,38044,16495289.6,234,,
2026-04-22,SKBBL,,807.4,760.6,774,,,11073,8477484.1,140,,
2026-04-22,SKHEL,,1803.8,1647,1803.8,,,10180,18335914,1010,,
2026-04-22,SKHL,,1270,1150.1,1185,,,56625,67676462.5,2495,,
2026-04-22,SLBBL,,827.5,810,822.2,,,4486,3663172.1,84,,
2026-04-22,SLBSL,,1287.5,1250,1266,,,961,1206046,26,,
2026-04-22,SMATA,,785,776.3,777.2,,,4921,3841565.2,95,,
2026-04-22,SMB,,1830,1750,1775,,,238,421231,16,,
2026-04-22,SMFBS,,1729,1650,1698,,,1515,2541565,23,,
2026-04-22,SMH,,610,585,592.9,,,17301,10195626.6,148,,
2026-04-22,SMHL,,511,495.7,506.2,,,80634,40447359.9,450,,
2026-04-22,SMJC,,477.9,460,476,,,17113,8000770.3,160,,
2026-04-22,SMPDA,,883,821,865,,,3662,3111120.2,72,,
2026-04-22,SNLI,,464,452.3,456,,,18782,8596584.9,411,,
2026-04-22,SOHL,,816.7,762.6,795,,,405236,316949568.2,8664,,
2026-04-22,SONA,,454,436,447.9,,,43491,19244795.5,429,,
2026-04-22,SPC,,492.7,460,480,,,17401,8127623.1,125,,
2026-04-22,SPDL,,412,396,409.7,,,66229,26568471.7,267,,
2026-04-22,SPHL,,537,517.3,524,,,4054,2131879.9,44,,
2026-04-22,SPL,,717,700,711,,,3879,2733227.4,55,,
2026-04-22,SRLI,,396,380.3,396,,,16690,6551415.2,222,,
2026-04-22,SSHL,,231,213,221.9,,,514472,112839613.7,1546,,
2026-04-22,STC,,5795,5617,5700,,,663,3775399.4,25,,
2026-04-22,SWASTIK,,2702.9,2543.3,2619,,,1662,4268604,73,,
2026-04-22,SWBBL,,745,728.1,744.8,,,10975,8037455.5,60,,
2026-04-22,SWMF,,670,660.4,670,,,7083,4712841.5,71,,
2026-04-22,SYPNL,,1700,1589,1645,,,165694,268908280.1,2752,,
2026-04-22,TAMOR,,444.9,437.1,444,,,99782,43905697.8,253,,
2026-04-22,TPC,,382,370,377.5,,,85956,32167857,348,,
2026-04-22,TRH,,755,740,749.9,,,676,503698.6,15,,
2026-04-22,TSHL,,660,634.1,660,,,1317,853179.1,33,,
2026-04-22,TTL,,845,807.2,835,,,29546,24364893.4,563,,
2026-04-22,TVCL,,570,554,557.4,,,26066,14609299,88,,
2026-04-22,UHEWA,,588,572.3,578,,,12865,7441480.1,96,,
2026-04-22,ULBSL,,3090,2900,3084,,,784,2328467,22,,
2026-04-22,ULHC,,515,489,506,,,11460,5719163.5,110,,
2026-04-22,UMHL,,599,565.3,594.9,,,45614,26673313,259,,
2026-04-22,UMRH,,548,526.2,548,,,14459,7750739.4,95,,
2026-04-22,UNHPL,,508.9,473.1,501.9,,,43013,21392769.3,223,,
2026-04-22,UNL,,47000,46500,46500,,,25,1163000,3,,
2026-04-22,UNLB,,1479.9,1435,1478.8,,,2265,3282992.2,63,,
2026-04-22,UPCL,,385,370.5,385,,,98944,37224913.9,381,,
2026-04-22,UPPER,,215,204,207,,,408969,85171893.7,1533,,
2026-04-22,USHEC,,494.8,483.1,490,,,15294,7449817.6,116,,
2026-04-22,USHL,,685,651,675,,,5865,3942942,62,,
2026-04-22,USLB,,1350,1315,1349,,,2883,3843797.3,59,,
2026-04-22,VLBS,,759,740,750,,,5703,4265290.2,279,,
2026-04-22,VLUCL,,544.5,520,529,,,5036,2626410.1,94,,
2026-04-23,ACLBSL,,972.8,945,964.9,,,452,436218.9,18,,
2026-04-23,ADBL,,320,312,312,,,21470,6724688.2,140,,
2026-04-23,AHL,,548,520,522,,,9783,5138033,86,,
2026-04-23,AHPC,,286,279,279.9,,,148677,41704961.03,494,,
2026-04-23,AKJCL,,402,372.1,393,,,674988,260579849.8,831,,
2026-04-23,AKPL,,275.5,267,268,,,158300,42795881.5,460,,
2026-04-23,ALBSL,,1194.9,1116.1,1137.9,,,3527,3967618.8,126,,
2026-04-23,ALICL,,458.9,452.2,458,,,7715,3515553.2,76,,
2026-04-23,ANLB,,6244,6106.1,6235.9,,,265,1633846,12,,
2026-04-23,API,,350,335,339.9,,,189547,64260796.1,626,,
2026-04-23,AVYAN,,1180,1062,1100,,,5886,6442874.5,116,,
2026-04-23,BANDIPUR,,877.9,850,855,,,36224,31099490.7,678,,
2026-04-23,BARUN,,353.9,343,346,,,26706,9286306,182,,
2026-04-23,BBC,,4900,4790,4864,,,459,2224477,26,,
2026-04-23,BEDC,,408,380,395,,,103390,40983156.9,579,,
2026-04-23,BFC,,471,457,460,,,10034,4614137.6,61,,
2026-04-23,BGWT,,754.5,717.8,754,,,3751,2763564.5,79,,
2026-04-23,BHCL,,560,544.3,548,,,26829,14753703.3,432,,
2026-04-23,BHDC,,474.9,460.2,467,,,28610,13286316.8,140,,
2026-04-23,BHL,,227,219,221,,,142678,31597580.2,557,,
2026-04-23,BHPL,,546,536,538,,,4618,2491677.7,61,,
2026-04-23,BJHL,,1200,1130,1131.1,,,25617,29358757.3,1132,,
2026-04-23,BNHC,,345.9,332.1,338,,,2983,1001523,44,,
2026-04-23,BNL,,15350,15350,15350,,,0,0,0,,
2026-04-23,BNT,,11797,11505,11505,,,40,466090,4,,
2026-04-23,BPCL,,698,681.1,690,,,20341,14028950.8,81,,
2026-04-23,BUNGAL,,607.9,592,596.4,,,11698,7000121.2,289,,
2026-04-23,CBBL,,915,900,904,,,12899,11677541.9,192,,
2026-04-23,CFCL,,514,495,509,,,9818,4926712.8,67,,
2026-04-23,CGH,,825,815,816,,,8285,6769176.4,71,,
2026-04-23,CHCL,,486,482,482.1,,,16085,7771439.3,126,,
2026-04-23,CHDC,,2350,2298,2310,,,10482,24212254.6,124,,
2026-04-23,CHL,,302,292,292.1,,,24203,7163549.4,117,,
2026-04-23,CIT,,1788,1770,1780,,,2402,4272065.4,63,,
2026-04-23,CITY,,455.7,450,454.9,,,8957,4052139.9,131,,
2026-04-23,CKHL,,690.1,663,675.1,,,1970,1341186,28,,
2026-04-23,CLI,,457.8,452,456.3,,,9923,4516320.1,257,,
2026-04-23,CREST,,1240,1188,1199,,,21482,25792305.7,241,,
2026-04-23,CYCL,,1540,1518,1518,,,545,829339.4,23,,
2026-04-23,CZBIL,,209,205,207,,,50740,10477358.7,142,,
2026-04-23,DDBL,,840,820.1,834,,,875,729524.3,34,,
2026-04-23,DHEL,,639.9,618,619.5,,,17531,10924631.7,361,,
2026-04-23,DHPL,,312.9,301.6,307,,,3460,1047678.1,29,,
2026-04-23,DLBS,,1311,1285.1,1309,,,431,557074.3,21,,
2026-04-23,DOLTI,,415.8,387,388.9,,,71477,28311263.2,419,,
2026-04-23,DORDI,,283.9,274.9,279,,,49895,13889722.4,285,,
2026-04-23,EBL,,703,690,692,,,31308,21726540.4,204,,
2026-04-23,EHPL,,417.9,398,402,,,63580,25495776.8,362,,
2026-04-23,ENL,,900,890,900,,,870,776949,20,,
2026-04-23,FMDBL,,819.4,800,809.9,,,6067,4881552.1,53,,
2026-04-23,FOWAD,,1140,1095.1,1095.1,,,8882,9823899.1,105,,
2026-04-23,GBIME,,236,231.1,233,,,48025,11182606.9,279,,
2026-04-23,GBLBS,,767.9,756,767.9,,,4531,3446302,44,,
2026-04-23,GCIL,,435,425.7,435,,,16213,6937486.8,283,,
2026-04-23,GFCL,,625,618,624.5,,,14124,8762858.6,100,,
2026-04-23,GHL,,243.9,238,240.9,,,63212,15168054.3,198,,
2026-04-23,GILB,,1135,1101,1117,,,3488,3864524.7,40,,
2026-04-23,GLBSL,,1815,1810,1814,,,77,139388,8,,
2026-04-23,GLH,,274,268,268.8,,,51777,14004600,226,,
2026-04-23,GMFBS,,1420,1335,1350,,,1495,2041202.3,42,,
2026-04-23,GMFIL,,473.7,465,473,,,2455,1149461.2,24,,
2026-04-23,GMLI,,1442,1390,1390,,,1460,2045927,66,,
2026-04-23,GUFL,,534,507,522,,,5747,2976380.2,60,,
2026-04-23,GVL,,502,493,498,,,23720,11837204,166,,
2026-04-23,HATHY,,868.9,855.1,860,,,6588,5684893.6,101,,
2026-04-23,HBL,,209.9,204.5,209,,,68265,14154656.5,1278,,
2026-04-23,HDHPC,,242,225,230.5,,,360324,83582499.1,770,,
2026-04-23,HDL,,1166,1141.1,1149,,,22104,25421277.4,366,,
2026-04-23,HFIN,,1237,1142,1180,,,188547,221559006.3,15428,,
2026-04-23,HHL,,398,384,386,,,80382,31285480.2,303,,
2026-04-23,HIDCL,,275,269.2,270.7,,,65713,17844625.5,322,,
2026-04-23,HIMSTAR,,937,905,905,,,8868,8129805.5,158,,
2026-04-23,HLBSL,,920,885.2,907,,,485,436403,11,,
2026-04-23,HLI,,355,349,349.1,,,45253,15845159.7,478,,
2026-04-23,HPPL,,430.3,388,391,,,82327,32506155,324,,
2026-04-23,HRL,,709,670,685,,,97271,66846287.1,1398,,
2026-04-23,HURJA,,272,257.5,264.4,,,174063,45706897,463,,
2026-04-23,ICFC,,633,620,629.5,,,4905,3069831.7,43,,
2026-04-23,IHL,,471,448.3,450.1,,,5678,2575399.7,73,,
2026-04-23,ILBS,,1020,911.1,952,,,4826,4574915.1,46,,
2026-04-23,ILI,,438,432.4,436.4,,,8556,3726126.2,216,,
2026-04-23,JBLB,,1290,1271,1275.7,,,3643,4654425.5,123,,
2026-04-23,JFL,,430,415,415,,,4129,1728284.7,61,,
2026-04-23,JHAPA,,1692,1500,1612,,,40339,62919458.9,799,,
2026-04-23,JOSHI,,307.8,285,285,,,18164,5222807.2,130,,
2026-04-23,JSLBB,,1107.1,1106,1107.1,,,124,137214.2,6,,
2026-04-23,KBL,,227,218,222.2,,,386873,86041586.8,764,,
2026-04-23,KBSH,,1742.9,1650,1650,,,72,121157.9,5,,
2026-04-23,KDL,,850,840,840,,,2385,2012892,68,,
2026-04-23,KKHC,,281.4,263.9,271,,,50144,13834904,235,,
2026-04-23,KMCDB,,910,890,893.1,,,3520,3161748.1,48,,
2026-04-23,KPCL,,504,496,496,,,10261,5115227.2,92,,
2026-04-23,LEC,,240,230.1,231,,,90395,21026428.1,338,,
2026-04-23,LICN,,829,811,821,,,3491,2845443.6,46,,
2026-04-23,LLBS,,978,941,968,,,312,298114,16,,
2026-04-23,LSL,,219.9,210.3,215.6,,,59734,12787131.8,153,,
2026-04-23,MABEL,,700,663,680.9,,,12065,8130545.7,215,,
2026-04-23,MAKAR,,502,489.3,495,,,8507,4207179.8,87,,
2026-04-23,MANDU,,830,815.6,830,,,2775,2273686,48,,
2026-04-23,MATRI,,955,931.1,940,,,318,299590.1,18,,
2026-04-23,MBJC,,294.5,287.1,291.6,,,9368,2739662.2,201,,
2026-04-23,MBL,,252.9,244,245,,,72150,17707177.2,236,,
2026-04-23,MCHL,,380,360.1,363,,,4997,1825833.7,77,,
2026-04-23,MEHL,,419.7,408.1,409.2,,,8346,3433073.2,87,,
2026-04-23,MEL,,268,262,263.9,,,11309,2978763.9,173,,
2026-04-23,MEN,,591,580.3,587.9,,,38556,22602422.5,206,,
2026-04-23,MERO,,740,720.5,731.1,,,2456,1777172.2,48,,
2026-04-23,MFIL,,833.7,775.3,777,,,32339,25247334.4,187,,
2026-04-23,MHCL,,358.9,344.2,353,,,6181,2179494.2,79,,
2026-04-23,MHL,,514.8,498,504.9,,,6491,3280953.6,75,,
2026-04-23,MHNL,,278,265.8,271.9,,,3680,997737.4,53,,
2026-04-23,MKCL,,1350,1330,1336.5,,,1192,1594135.9,41,,
2026-04-23,MKHC,,346.5,325,326,,,8126,2664515,105,,
2026-04-23,MKHL,,680.9,604.4,630,,,16463,10328711,163,,
2026-04-23,MKJC,,511.5,503.1,508,,,23757,12073403,89,,
2026-04-23,MLBBL,,1273,1240,1250,,,2699,3353301.5,47,,
2026-04-23,MLBS,,1409,1344,1360,,,390,526911,14,,
2026-04-23,MLBSL,,1806.1,1795,1806.1,,,481,866665.4,20,,
2026-04-23,MMKJL,,533,520,525,,,8095,4246791.5,86,,
2026-04-23,MPFL,,638,612,623.9,,,20140,12586296.4,89,,
2026-04-23,MSHL,,745,725,730,,,315,230347,13,,
2026-04-23,MSLB,,1298,1220,1260,,,3089,3810924.3,34,,
2026-04-23,NABIL,,530,518,520,,,33344,17393485.5,457,,
2026-04-23,NADEP,,760,740,760,,,1194,893576.6,17,,
2026-04-23,NBL,,275,268.3,270,,,40349,10858472.3,167,,
2026-04-23,NESDO,,1561,1521,1550,,,785,1199578.3,23,,
2026-04-23,NFS,,609.8,596,596,,,19043,11424443.8,152,,
2026-04-23,NGPL,,456.6,442.1,444.9,,,215922,96253426.6,534,,
2026-04-23,NHDL,,655,629,636,,,2317,1470187.5,27,,
2026-04-23,NHPC,,325,303,307,,,606389,186683743.3,1542,,
2026-04-23,NICA,,368,357,361,,,23161,8354283.6,151,,
2026-04-23,NICLBSL,,600.4,566,584,,,6977,4026011.5,88,,
2026-04-23,NIFRA,,267,263,266,,,58571,15482823.8,494,,
2026-04-23,NIMB,,207.7,201.1,201.9,,,51304,10393896.7,300,,
2026-04-23,NLIC,,776,768,771,,,10749,8269329.8,143,,
2026-04-23,NLICL,,588,581.1,586,,,3769,2203383.3,43,,
2026-04-23,NLO,,269.4,269.4,269.4,,,0,0,0,,
2026-04-23,NMB,,246.8,241,242.9,,,15968,3864940.1,116,,
2026-04-23,NMBMF,,660,648,659.9,,,2045,1339356.5,13,,
2026-04-23,NMFBS,,1120,1096.5,1100.2,,,6528,7182078.6,61,,
2026-04-23,NMLBBL,,622.9,609,614,,,8760,5376042.4,84,,
2026-04-23,NRIC,,965,932,941.1,,,26085,24600221.7,360,,
2026-04-23,NRM,,410,401.1,404.5,,,5185,2095893.6,111,,
2026-04-23,NRN,,1533,1492,1495,,,74993,113103636.2,608,,
2026-04-23,NTC,,896,865,872,,,14205,12463275.1,173,,
2026-04-23,NUBL,,687.8,671,687.8,,,4973,3387632,37,,
2026-04-23,NWCL,,808,787,794.8,,,1349,1073518.6,49,,
2026-04-23,NYADI,,405,400,400.3,,,3394,1361348,79,,
2026-04-23,OHL,,710,696.1,697,,,1589,1112646,16,,
2026-04-23,OMPL,,1220,1190,1196.9,,,3849,4625285.6,141,,
2026-04-23,PCBL,,245,238,241,,,29723,7142474.7,164,,
2026-04-23,PCIL,,844.7,756.6,844.7,,,4760,4018632,476,,
2026-04-23,PFL,,390,380,384,,,4303,1640580.1,47,,
2026-04-23,PHCL,,315,301.1,304.8,,,77971,23890091.3,412,,
2026-04-23,PMHPL,,359,341,341.8,,,11354,3924915,91,,
2026-04-23,PMLI,,477,466,474.9,,,8199,3856426.7,154,,
2026-04-23,PPCL,,404.7,382,384.3,,,11727,4531184.3,91,,
2026-04-23,PPL,,369.2,348.1,360,,,26547,9598883.2,162,,
2026-04-23,PROFL,,466.5,440,451,,,7974,3577318,66,,
2026-04-23,PRVU,,206,199,201,,,164612,33071523.4,586,,
2026-04-23,PURE,,928.9,874,920,,,24064,22095208.3,239,,
2026-04-23,RADHI,,824,762.9,789,,,46925,36972005.6,232,,
2026-04-23,RAWA,,656.5,654,655,,,998,654005,23,,
2026-04-23,RFPL,,383,368.1,371.9,,,37312,13908514.2,248,,
2026-04-23,RHGCL,,303,287,300,,,61244,18009967.6,201,,
2026-04-23,RHPL,,286.5,281.1,281.7,,,16929,4784614.1,114,,
2026-04-23,RIDI,,373,349.5,357.5,,,456263,162272377.9,811,,
2026-04-23,RLEL,,1431.7,1260.2,1279.9,,,88355,115359676.3,4994,,
2026-04-23,RLFL,,452,434.6,438.9,,,3450,1525015.7,44,,
2026-04-23,RNLI,,463,455,457.7,,,11273,5156580.5,303,,
2026-04-23,RSDC,,685,667.2,672,,,4594,3088366.6,39,,
2026-04-23,RSML,,4425,4070,4320,,,70488,304252021,1501,,
2026-04-23,RURU,,673,661,661.2,,,2448,1624172.2,55,,
2026-04-23,SAGAR,,1798,1750,1760,,,9657,17113669.8,186,,
2026-04-23,SAHAS,,625,612.3,615,,,54564,33606890.3,460,,
2026-04-23,SAIL,,1215,1155.8,1161,,,54744,64480093.4,724,,
2026-04-23,SANIMA,,353,340,342.5,,,37071,12711743.5,195,,
2026-04-23,SANVI,,729,698,704,,,26846,18966304.7,276,,
2026-04-23,SARBTM,,861,840.3,848,,,6685,5673953.4,76,,
2026-04-23,SBI,,420,401.5,408.7,,,22677,9236894.1,86,,
2026-04-23,SBL,,391,386,391,,,29755,11588946.7,97,,
2026-04-23,SCB,,654,643.2,646,,,12008,7773298.4,93,,
2026-04-23,SGHC,,399,381.1,382,,,17860,6884969.4,154,,
2026-04-23,SHEL,,323.7,313.1,316.9,,,67897,21426637,311,,
2026-04-23,SHIVM,,700,670,673,,,135387,91151321,695,,
2026-04-23,SHL,,510,483.1,497.5,,,18979,9454061,66,,
2026-04-23,SHLB,,1500,1463,1490,,,370,554410,11,,
2026-04-23,SHPC,,530,516,520,,,37417,19475709.7,175,,
2026-04-23,SIFC,,598.5,541,545,,,27571,15176995.1,73,,
2026-04-23,SIKLES,,610,600,601,,,8688,5226993.9,95,,
2026-04-23,SIPD,,800.1,730.5,800.1,,,1640,1309327,164,,
2026-04-23,SJCL,,311,300.1,308,,,15432,4709972.7,120,,
2026-04-23,SJLIC,,442,431,435,,,8130,3541185.9,135,,
2026-04-23,SKBBL,,822,760.5,772,,,15376,12097312.5,122,,
2026-04-23,SKHEL,,2069.4,1591,1591.2,,,109130,183395876.5,9138,,
2026-04-23,SKHL,,1181,1092,1100,,,56335,63093556.8,2593,,
2026-04-23,SLBBL,,825,805.5,820,,,11877,9628450.7,91,,
2026-04-23,SLBSL,,1277.3,1202.7,1250,,,1647,2057485.4,33,,
2026-04-23,SMATA,,789,770,778,,,3014,2338950.2,69,,
2026-04-23,SMB,,1814,1740,1750,,,1038,1819661,38,,
2026-04-23,SMFBS,,1698,1698,1698,,,5,8239.4,2,,
2026-04-23,SMH,,605,582,588,,,7740,4541925,69,,
2026-04-23,SMHL,,515,501.5,505,,,39120,19873487.8,231,,
2026-04-23,SMJC,,476,466.5,469.8,,,8869,4155867.3,112,,
2026-04-23,SMPDA,,887,847.5,855,,,441,377417.1,25,,
2026-04-23,SNLI,,459.8,452,454,,,9643,4373164,334,,
2026-04-23,SOHL,,825,776,795,,,324344,260752022.8,7987,,
2026-04-23,SONA,,449,437,440,,,32964,14535997.8,307,,
2026-04-23,SPC,,488.9,465,470,,,31317,14716076.8,208,,
2026-04-23,SPDL,,430.1,399.6,401,,,44777,18027639.7,209,,
2026-04-23,SPHL,,529,517.4,527.9,,,2160,1119575,31,,
2026-04-23,SPL,,740,705.1,721,,,7681,5557725.7,98,,
2026-04-23,SRLI,,395,391.2,393,,,15147,5945475.5,196,,
2026-04-23,SSHL,,225.3,217,218.5,,,189785,41949062.3,611,,
2026-04-23,STC,,5800,5550,5689.9,,,3909,22432383,57,,
2026-04-23,SWASTIK,,2619,2540,2545,,,1408,3596087,39,,
2026-04-23,SWBBL,,760,731,735,,,1630,1201670.2,31,,
2026-04-23,SWMF,,670,660,668.7,,,3424,2268724.3,42,,
2026-04-23,SYPNL,,1700,1590,1600,,,66822,107724448,1273,,
2026-04-23,TAMOR,,448.9,438.1,441,,,30890,13618867.2,182,,
2026-04-23,TPC,,396.3,370.3,374,,,23820,8941486,143,,
2026-04-23,TRH,,752,742,746,,,1045,782650,17,,
2026-04-23,TSHL,,655,642,642,,,2018,1305338,34,,
2026-04-23,TTL,,840,810,820,,,21675,17740631.6,446,,
2026-04-23,TVCL,,599,550,570,,,29867,16872934,128,,
2026-04-23,UHEWA,,595,571,571,,,16149,9495104.7,67,,
2026-04-23,ULBSL,,3200,2930,3074,,,2010,6072303.3,41,,
2026-04-23,ULHC,,513,500,513,,,19471,9760702.8,114,,
2026-04-23,UMHL,,618.7,579,586,,,71487,41647321.7,224,,
2026-04-23,UMRH,,549,535.1,540,,,6733,3634330.8,74,,
2026-04-23,UNHPL,,503.9,490.1,496.4,,,34456,17093356.1,135,,
2026-04-23,UNL,,46300,46220,46220,,,30,1388200,3,,
2026-04-23,UNLB,,1523.1,1407,1487,,,3564,5204440,68,,
2026-04-23,UPCL,,397.7,373,382,,,65894,24941962.8,284,,
2026-04-23,UPPER,,212.9,206,208.5,,,135500,28253230.9,753,,
2026-04-23,USHEC,,487,478,482,,,12305,5934698,80,,
2026-04-23,USHL,,675,654.8,668,,,6295,4146907.5,54,,
2026-04-23,USLB,,1350,1325,1335,,,2722,3626136.2,61,,
2026-04-23,VLBS,,748,732.4,740,,,7476,5550086.9,272,,
2026-04-23,VLUCL,,539,518.2,520,,,5150,2681145.1,89,,
2026-04-24,ACLBSL,,987,940,974,,,667,640437.8,23,,
2026-04-24,ADBL,,313.4,306.2,313,,,17185,5338674.6,153,,
2026-04-24,AHL,,556,500.1,528.5,,,10640,5508498.4,129,,
2026-04-24,AHPC,,281.1,273,280,,,144437,39966932.9,402,,
2026-04-24,AKJCL,,397.8,384,389.9,,,520164,202992633.2,802,,
2026-04-24,AKPL,,272,263.5,268,,,117700,31430210.9,398,,
2026-04-24,ALBSL,,1170,1103,1129,,,2154,2414962.5,96,,
2026-04-24,ALICL,,460,451,458,,,5596,2537252.5,60,,
2026-04-24,ANLB,,6282,6096,6282,,,503,3096266,32,,
2026-04-24,API,,341,331.1,339.9,,,255929,86458494.9,549,,
2026-04-24,AVYAN,,1100,1067,1089.7,,,2458,2648050.7,62,,
2026-04-24,BANDIPUR,,907,812.3,843,,,27672,23390254.9,608,,
2026-04-24,BARUN,,350,339,346,,,62666,21607556.5,250,,
2026-04-24,BBC,,4889.9,4719,4888.8,,,488,2338622,36,,
2026-04-24,BEDC,,414.7,385,386.9,,,63573,24665092,411,,
2026-04-24,BFC,,460,451.2,454,,,9470,4291059.5,68,,
2026-04-24,BGWT,,760,730,735,,,4080,3048646.8,62,,
2026-04-24,BHCL,,553.7,535,544,,,18024,9783385.5,323,,
2026-04-24,BHDC,,465,455.2,465,,,12692,5853175,104,,
2026-04-24,BHL,,222,216,220.9,,,148761,32599663.8,600,,
2026-04-24,BHPL,,547.9,530,536,,,10756,5742746.9,97,,
2026-04-24,BJHL,,1163,1074.6,1142,,,20195,22820813.5,913,,
2026-04-24,BNHC,,335,325,329,,,32814,10778119.2,176,,
2026-04-24,BNL,,15198,15198,15198,,,10,151980,1,,
2026-04-24,BNT,,11790,11716,11790,,,40,469730,4,,
2026-04-24,BPCL,,695,675,682,,,32946,22405204.9,166,,
2026-04-24,BUNGAL,,597,585,591.2,,,8118,4792005.5,207,,
2026-04-24,CBBL,,906,895,898,,,23801,21460112.4,287,,
2026-04-24,CFCL,,534.4,490,505,,,6030,3015135.2,58,,
2026-04-24,CGH,,817,810,813,,,4303,3499890.3,72,,
2026-04-24,CHCL,,486.9,475,479,,,14082,6741710.9,133,,
2026-04-24,CHDC,,2320,2281,2300,,,9674,22195932.7,145,,
2026-04-24,CHL,,294,285.6,292,,,22335,6496873,123,,
2026-04-24,CIT,,1785,1765.1,1772.4,,,7476,13231115.7,148,,
2026-04-24,CITY,,455,442,455,,,6964,3122249.6,97,,
2026-04-24,CKHL,,708,642,688,,,3413,2328474,45,,
2026-04-24,CLI,,460,450.1,459,,,10823,4929135.8,239,,
2026-04-24,CREST,,1271,1166.3,1192,,,6263,7432743.2,177,,
2026-04-24,CYCL,,1525,1455,1492,,,6797,10067430.9,78,,
2026-04-24,CZBIL,,217,203.5,208,,,79575,16623315.7,209,,
2026-04-24,DDBL,,834,816.2,826.3,,,3592,2967127.6,59,,
2026-04-24,DHEL,,620,601.2,620,,,20088,12320366.2,366,,
2026-04-24,DHPL,,305.5,298,300.1,,,5726,1723986.8,43,,
2026-04-24,DLBS,,1300,1288,1300,,,340,438343.9,17,,
2026-04-24,DOLTI,,395,378.7,382,,,87118,33212346.9,383,,
2026-04-24,DORDI,,283,272,279,,,38379,10656386,208,,
2026-04-24,EBL,,695,682,693.6,,,26222,18134293.8,186,,
2026-04-24,EHPL,,418,390,390,,,66734,26583113.4,347,,
2026-04-24,ENL,,899,873.2,898,,,490,435406,20,,
2026-04-24,FMDBL,,805,798.3,800.3,,,8295,6639375.5,65,,
2026-04-24,FOWAD,,1120,1080,1115,,,5000,5547826.5,65,,
2026-04-24,GBIME,,236,230,232.5,,,74675,17310349.2,359,,
2026-04-24,GBLBS,,762,745,762,,,2149,1623619.3,43,,
2026-04-24,GCIL,,430,420,427.5,,,18141,7699337.3,228,,
2026-04-24,GFCL,,628,617,625,,,5086,3151293.1,63,,
2026-04-24,GHL,,242,233,242,,,86633,20647375.7,250,,
2026-04-24,GILB,,1120,1114,1114,,,679,758387.6,15,,
2026-04-24,GLBSL,,1836,1792.1,1793,,,191,343468,19,,
2026-04-24,GLH,,270.3,264.1,267.2,,,43887,11731006.5,230,,
2026-04-24,GMFBS,,1380,1300,1380,,,268,356384,13,,
2026-04-24,GMFIL,,469.8,460,467.9,,,5835,2691617.3,45,,
2026-04-24,GMLI,,1400,1355.1,1375,,,2713,3714753.1,94,,
2026-04-24,GUFL,,523.5,515,516.5,,,6347,3282508.3,48,,
2026-04-24,GVL,,500,484,500,,,23922,11766397.8,143,,
2026-04-24,HATHY,,857,840,853,,,12621,10690787.2,183,,
2026-04-24,HBL,,209.9,204,206.4,,,32258,6652125.5,872,,
2026-04-24,HDHPC,,242,225,229.8,,,469482,107245077.2,985,,
2026-04-24,HDL,,1150,1135,1146,,,54300,62199954.4,525,,
2026-04-24,HFIN,,1225,1111,1195,,,111477,128612529.4,7897,,
2026-04-24,HHL,,391.5,379.1,388,,,76435,29682035.4,313,,
2026-04-24,HIDCL,,272,266,270.8,,,92605,24966120.9,342,,
2026-04-24,HIMSTAR,,905.5,881,892.9,,,6686,5964519,129,,
2026-04-24,HLBSL,,900,884.1,900,,,477,426654.9,10,,
2026-04-24,HLI,,350.5,347,348.4,,,39050,13622775.7,329,,
2026-04-24,HPPL,,391,380,382,,,55568,21500795.5,273,,
2026-04-24,HRL,,690,665.1,683,,,123903,84234466.2,1326,,
2026-04-24,HURJA,,263.9,257,262,,,103513,26998578.8,285,,
2026-04-24,ICFC,,626.5,621.2,622,,,8339,5192210.7,62,,
2026-04-24,IHL,,451,439.1,440.6,,,7989,3533679.5,69,,
2026-04-24,ILBS,,1028,904.4,957,,,9268,9175677.9,74,,
2026-04-24,ILI,,438,430.1,437.8,,,8418,3658338.6,220,,
2026-04-24,JBLB,,1285,1219.9,1273,,,3709,4717409.9,123,,
2026-04-24,JFL,,418.5,413,413.1,,,4147,1717432.8,39,,
2026-04-24,JHAPA,,1610,1510,1600,,,23374,36514220.3,429,,
2026-04-24,JOSHI,,288,282.1,286.9,,,27293,7775430.5,121,,
2026-04-24,JSLBB,,1138.9,1085,1117,,,508,561663,12,,
2026-04-24,KBL,,225,216,223,,,261219,57879844.3,573,,
2026-04-24,KBSH,,1665.8,1625,1630,,,92,151637,7,,
2026-04-24,KDL,,850,820.5,849,,,1278,1070986.5,41,,
2026-04-24,KKHC,,275.5,268,272,,,43817,11899791.5,267,,
2026-04-24,KMCDB,,1004.2,873.1,915,,,3907,3532831.2,62,,
2026-04-24,KPCL,,496,490.1,495.9,,,18047,8897943.8,92,,
2026-04-24,LEC,,235,226,232,,,144741,33401990.5,395,,
2026-04-24,LICN,,821,806.1,820,,,5189,4210164.6,69,,
2026-04-24,LLBS,,965,944.1,964,,,61,58181,5,,
2026-04-24,LSL,,217.8,211.2,215,,,94523,20378016.5,219,,
2026-04-24,MABEL,,680,662,676,,,5026,3378145.2,141,,
2026-04-24,MAKAR,,505.3,482.1,504.9,,,11643,5781659.8,124,,
2026-04-24,MANDU,,825,806,810.2,,,1599,1301634.5,42,,
2026-04-24,MATRI,,944,930,930,,,1057,987732.6,27,,
2026-04-24,MBJC,,292,287,291.5,,,36317,10522537.3,244,,
2026-04-24,MBL,,247.9,238.4,244.6,,,60787,14811613.8,171,,
2026-04-24,MCHL,,366,350,350.3,,,8872,3173962.5,117,,
2026-04-24,MEHL,,406,399,405.1,,,5808,2338013.1,68,,
2026-04-24,MEL,,263,255,258.2,,,18624,4816040,230,,
2026-04-24,MEN,,587.9,580.3,587,,,17754,10385353.2,150,,
2026-04-24,MERO,,730,720,726,,,1671,1212289.6,34,,
2026-04-24,MFIL,,785,759,774,,,29134,22568313.3,120,,
2026-04-24,MHCL,,351.1,343.2,351,,,9332,3256790,83,,
2026-04-24,MHL,,508.9,500,506.9,,,6071,3060931.4,62,,
2026-04-24,MHNL,,272.8,265,270,,,9282,2477594.6,61,,
2026-04-24,MKCL,,1339,1320,1320,,,4886,6484203.5,109,,
2026-04-24,MKHC,,330,322,322,,,22105,7164528.4,117,,
2026-04-24,MKHL,,724.5,600,724.5,,,13466,8455008.3,141,,
2026-04-24,MKJC,,507,501.4,505,,,8270,4169572.5,54,,
2026-04-24,MLBBL,,1250,1231,1245,,,1677,2083114.1,34,,
2026-04-24,MLBS,,1400,1340,1341,,,830,1113633.7,20,,
2026-04-24,MLBSL,,1810,1780.2,1800,,,795,1421422,31,,
2026-04-24,MMKJL,,525,515,520,,,3700,1916620,56,,
2026-04-24,MPFL,,624,606,624,,,12829,7915371.2,82,,
2026-04-24,MSHL,,735,730,730,,,877,641260,26,,
2026-04-24,MSLB,,1275,1237,1269,,,941,1172471.8,44,,
2026-04-24,NABIL,,520,515,518,,,38819,20091557.7,482,,
2026-04-24,NADEP,,766,741,766,,,357,269789.8,15,,
2026-04-24,NBL,,274,266.6,274,,,66386,18001538.4,212,,
2026-04-24,NESDO,,1588,1503.5,1538,,,1226,1872724.5,32,,
2026-04-24,NFS,,600,590,591.5,,,11027,6564232.6,136,,
2026-04-24,NGPL,,445,432.1,445,,,263519,116303282.2,638,,
2026-04-24,NHDL,,649,630,645,,,2900,1846822.4,35,,
2026-04-24,NHPC,,314.1,300,312.5,,,790498,244474308.2,1436,,
2026-04-24,NICA,,365,351.2,361.2,,,73243,26328788.9,273,,
2026-04-24,NICLBSL,,590,573,585,,,10228,5908448.2,122,,
2026-04-24,NIFRA,,270,260,269.9,,,107220,28431062.8,528,,
2026-04-24,NIMB,,210,200,203.5,,,70685,14282236.2,316,,
2026-04-24,NLIC,,774,765,770,,,29170,22403975.8,201,,
2026-04-24,NLICL,,582,575.3,580,,,13878,8013183.2,78,,
2026-04-24,NLO,,269.4,269.4,269.4,,,0,0,0,,
2026-04-24,NMB,,252,240.1,244.9,,,27487,6643858.5,122,,
2026-04-24,NMBMF,,692.8,652,652,,,559,365815,12,,
2026-04-24,NMFBS,,1108,1090,1098.2,,,7214,7899611.5,58,,
2026-04-24,NMLBBL,,640,610.1,613.9,,,4507,2757134.6,47,,
2026-04-24,NRIC,,988.1,887,917,,,140081,127494611.9,1084,,
2026-04-24,NRM,,408.8,395.8,403.3,,,7376,2976363.6,99,,
2026-04-24,NRN,,1505,1476,1490,,,54758,81683660.5,454,,
2026-04-24,NTC,,884,860.6,870,,,5466,4760542.2,125,,
2026-04-24,NUBL,,688,675.4,679,,,2774,1885935.4,31,,
2026-04-24,NWCL,,800,785,799,,,1822,1447220,46,,
2026-04-24,NYADI,,399,395.2,395.6,,,6466,2560284.5,53,,
2026-04-24,OHL,,702.1,692,700,,,1432,1001413.7,20,,
2026-04-24,OMPL,,1205,1180,1190,,,5595,6667524.2,140,,
2026-04-24,PCBL,,243.4,237,242.5,,,58022,14014135.1,157,,
2026-04-24,PCIL,,971.4,886.2,971.4,,,9180,8912259,918,,
2026-04-24,PFL,,387,379,381.2,,,3345,1272731,38,,
2026-04-24,PHCL,,305,299,303,,,118933,35878846.7,369,,
2026-04-24,PMHPL,,344.8,339,340,,,10294,3506442.8,100,,
2026-04-24,PMLI,,475,462,471,,,2690,1258024.5,80,,
2026-04-24,PPCL,,403.5,379.2,383,,,16343,6357810.4,93,,
2026-04-24,PPL,,360,343,358.9,,,23213,8275978.2,184,,
2026-04-24,PROFL,,451,441,445,,,5697,2526364.6,40,,
2026-04-24,PRVU,,211,197.5,201.3,,,127874,25599188.1,535,,
2026-04-24,PURE,,925,895,917,,,10714,9821994,148,,
2026-04-24,RADHI,,795,775,790,,,36399,28547556.5,176,,
2026-04-24,RAWA,,655.1,630,648.7,,,1559,999986.5,24,,
2026-04-24,RFPL,,377,353.4,373,,,83952,31205329.1,209,,
2026-04-24,RHGCL,,300,285,300,,,47921,14174374.1,192,,
2026-04-24,RHPL,,283,279,280.4,,,18849,5283264.8,139,,
2026-04-24,RIDI,,375,350,362,,,757379,273847896.5,1113,,
2026-04-24,RLEL,,1340,1242,1321.1,,,46369,60479679.3,2552,,
2026-04-24,RLFL,,460.8,425,430,,,10579,4548934.7,73,,
2026-04-24,RNLI,,460,455,458,,,9676,4425806.8,242,,
2026-04-24,RSDC,,685,668,674,,,4041,2728380.7,28,,
2026-04-24,RSML,,4330,4200,4220,,,58569,249297973.1,887,,
2026-04-24,RURU,,660,655.1,657.1,,,2906,1911521.3,40,,
2026-04-24,SAGAR,,1820,1714,1807,,,22611,39991161.4,280,,
2026-04-24,SAHAS,,615.5,607,610.1,,,62397,38130499.7,497,,
2026-04-24,SAIL,,1246,1131,1218,,,50963,59766665.5,687,,
2026-04-24,SANIMA,,350,342.5,349.5,,,79937,27768312.2,355,,
2026-04-24,SANVI,,720.9,690,710,,,17649,12399804,246,,
2026-04-24,SARBTM,,855,836,841,,,9652,8124748.1,116,,
2026-04-24,SBI,,410,401,410,,,19755,8003994.9,83,,
2026-04-24,SBL,,392,384,389.9,,,52172,20194626.3,153,,
2026-04-24,SCB,,650,635.2,650,,,7573,4873448.1,98,,
2026-04-24,SGHC,,385,375,380.1,,,17446,6630770.8,161,,
2026-04-24,SHEL,,316.8,310.5,314,,,61153,19153999.1,294,,
2026-04-24,SHIVM,,680,656.1,669.7,,,197127,131755834.6,770,,
2026-04-24,SHL,,528.8,484,501,,,26882,13794003.3,82,,
2026-04-24,SHLB,,1505,1454,1505,,,716,1074631,12,,
2026-04-24,SHPC,,530,515,520,,,55125,28551125.2,211,,
2026-04-24,SIFC,,552,536,550,,,3160,1721688,36,,
2026-04-24,SIKLES,,604,589.3,599.9,,,17802,10564916.7,126,,
2026-04-24,SIPD,,920.1,840.1,920.1,,,1800,1652921,180,,
2026-04-24,SJCL,,306.5,292.6,306,,,12395,3769780.7,99,,
2026-04-24,SJLIC,,436,428,432,,,6710,2892359.5,116,,
2026-04-24,SKBBL,,769.5,761,768.9,,,9620,7363066.9,112,,
2026-04-24,SKHEL,,1740.7,1470,1635,,,40161,62251142,4001,,
2026-04-24,SKHL,,1140,1042,1124,,,46323,50860948.7,1937,,
2026-04-24,SLBBL,,861,806,810,,,1618,1314428.8,52,,
2026-04-24,SLBSL,,1273.2,1228,1273,,,585,732245.9,8,,
2026-04-24,SMATA,,777.9,768.1,772,,,5797,4475191.9,92,,
2026-04-24,SMB,,1780,1721,1750,,,795,1386653.2,28,,
2026-04-24,SMFBS,,1680,1650,1680,,,393,648792.9,12,,
2026-04-24,SMH,,599.9,571,577,,,27748,16011281.5,216,,
2026-04-24,SMHL,,506.9,491,506,,,43126,21614759.8,206,,
2026-04-24,SMJC,,472,460.2,468,,,15506,7242323,139,,
2026-04-24,SMPDA,,871,833.7,853,,,2807,2365268.4,52,,
2026-04-24,SNLI,,454,450.1,453,,,13590,6150661.2,233,,
2026-04-24,SOHL,,820.9,777,814.9,,,294511,237800948.2,6429,,
2026-04-24,SONA,,440,427,440,,,29014,12651237,292,,
2026-04-24,SPC,,470,463,467.9,,,9854,4587538.4,99,,
2026-04-24,SPDL,,407.7,390,407.7,,,56994,22810134.3,195,,
2026-04-24,SPHL,,527,513.7,527,,,500,259520,21,,
2026-04-24,SPL,,739,685,710.2,,,4458,3190555.1,58,,
2026-04-24,SRLI,,392,387,390.5,,,16950,6602922.8,172,,
2026-04-24,SSHL,,221.5,215,219.4,,,183355,40070886.7,566,,
2026-04-24,STC,,5770,5633,5770,,,9254,52775862,28,,
2026-04-24,SWASTIK,,2550,2500,2550,,,1075,2718792.1,53,,
2026-04-24,SWBBL,,755,727.4,730,,,2018,1475110,38,,
2026-04-24,SWMF,,666,652.1,666,,,2643,1740711.9,31,,
2026-04-24,SYPNL,,1600,1552.1,1579,,,92456,145145112.4,1417,,
2026-04-24,TAMOR,,454.2,436.1,439.3,,,38977,17152524.7,152,,
2026-04-24,TPC,,375,365.2,373,,,31255,11568845.4,170,,
2026-04-24,TRH,,753,731,752,,,401,299650.5,10,,
2026-04-24,TSHL,,640,625.1,635,,,3649,2302015.1,57,,
2026-04-24,TTL,,850,790,810.1,,,21960,17802456.9,367,,
2026-04-24,TVCL,,570,550,570,,,9441,5222274.5,49,,
2026-04-24,UHEWA,,575,555,573,,,2245,1274905.9,51,,
2026-04-24,ULBSL,,3227.7,2956,3054.9,,,3738,11082499.3,44,,
2026-04-24,ULHC,,526.2,500,526.2,,,9725,4959865.7,104,,
2026-04-24,UMHL,,589.9,571,589.9,,,26802,15661662.2,168,,
2026-04-24,UMRH,,541,527.1,535.1,,,6158,3287392.4,43,,
2026-04-24,UNHPL,,495,486.1,487,,,55999,27397275.4,196,,
2026-04-24,UNL,,46220,46220,46220,,,0,0,0,,
2026-04-24,UNLB,,1494.9,1450,1479,,,775,1142121,22,,
2026-04-24,UPCL,,401.1,367,378,,,49753,18765371.9,219,,
2026-04-24,UPPER,,211.8,205,207.5,,,163426,33941564.8,709,,
2026-04-24,USHEC,,490,478.3,482,,,9717,4676725.4,67,,
2026-04-24,USHL,,673.9,640,660,,,2208,1428458.6,51,,
2026-04-24,USLB,,1360,1300.1,1330,,,2879,3831395.4,58,,
2026-04-24,VLBS,,740,727.1,735,,,3783,2778125.5,166,,
2026-04-24,VLUCL,,520,510,520,,,2727,1411735,62,,
2026-04-27,ACLBSL,,979.9,827.9,979.9,,,1703,1631125.8,52,,
2026-04-27,ADBL,,319,297.4,316,,,20187,6345818.5,155,,
2026-04-27,AHL,,575,510,526,,,8990,4661163.3,102,,
2026-04-27,AHPC,,285,280,283,,,88438,25040499.7,388,,
2026-04-27,AKJCL,,405,385.3,396.7,,,665750,261820602.2,905,,
2026-04-27,AKPL,,276,269,273.9,,,166656,45583147.8,640,,
2026-04-27,ALBSL,,1172,1086,1129.5,,,34960,38569049.6,169,,
2026-04-27,ALICL,,459,451.3,458,,,16224,7400413.7,78,,
2026-04-27,ANLB,,6330,6135,6282,,,164,1012550.1,15,,
2026-04-27,API,,345,340,341,,,206969,70901168.8,543,,
2026-04-27,AVYAN,,1115,1064,1094,,,3124,3437868.9,82,,
2026-04-27,BANDIPUR,,880,801,847,,,35927,30589860.5,740,,
2026-04-27,BARUN,,352,346.8,347.6,,,37471,13059772.5,195,,
2026-04-27,BBC,,4896,4780.1,4799,,,372,1791577,23,,
2026-04-27,BEDC,,406,386,387,,,36717,14284293.4,293,,
2026-04-27,BFC,,460,454,460,,,7020,3210525.8,52,,
2026-04-27,BGWT,,757,713,740,,,804,589540.9,37,,
2026-04-27,BHCL,,554,534,545,,,20413,11159976.5,477,,
2026-04-27,BHDC,,475,461.6,466.5,,,22040,10193961.8,128,,
2026-04-27,BHL,,224,218.5,221.8,,,108387,24081116.4,566,,
2026-04-27,BHPL,,547.8,533.2,535.6,,,10985,5894662.3,85,,
2026-04-27,BJHL,,1170,1091,1108,,,19755,22116874.9,866,,
2026-04-27,BNHC,,338.8,326,326,,,5446,1792445.4,68,,
2026-04-27,BNL,,15198,15198,15198,,,0,0,0,,
2026-04-27,BNT,,11945,11790,11800,,,41,486038.9,5,,
2026-04-27,BPCL,,694.8,678,679,,,10000,6821834.3,117,,
2026-04-27,BUNGAL,,603,590,600,,,12977,7710787.4,333,,
2026-04-27,CBBL,,915,905,910,,,10195,9259883.2,208,,
2026-04-27,CFCL,,510,503,505.9,,,3607,1825537.2,41,,
2026-04-27,CGH,,819.9,815,815,,,7135,5822914.2,91,,
2026-04-27,CHCL,,483,476.1,480,,,33315,15974572.2,150,,
2026-04-27,CHDC,,2329.1,2295,2314.5,,,11317,26146650.3,167,,
2026-04-27,CHL,,299.7,277.4,293.1,,,28570,8420676.6,147,,
2026-04-27,CIT,,1780,1765,1770,,,6121,10825694.1,124,,
2026-04-27,CITY,,523.2,428.3,523.2,,,17542,8015022.6,184,,
2026-04-27,CKHL,,723,660.2,702.2,,,14898,10576380.3,133,,
2026-04-27,CLI,,465,455,457,,,16827,7696932.5,292,,
2026-04-27,CREST,,1224,1176.8,1190,,,6997,8315234.5,188,,
2026-04-27,CYCL,,1536,1495,1497,,,1102,1660914.6,45,,
2026-04-27,CZBIL,,214.6,205,208.9,,,50472,10619841,162,,
2026-04-27,DDBL,,840,824,830,,,6232,5176195.1,78,,
2026-04-27,DHEL,,638.6,615,618.5,,,12859,7973167.6,406,,
2026-04-27,DHPL,,309,300,304,,,4346,1318438.8,43,,
2026-04-27,DLBS,,1300,1265,1290,,,208,268687.2,19,,
2026-04-27,DOLTI,,389.4,364,376,,,78929,30123091.4,319,,
2026-04-27,DORDI,,283,278.1,279,,,38884,10907184.3,224,,
2026-04-27,EBL,,700,694,698,,,21090,14695732,198,,
2026-04-27,EHPL,,408,383.2,402,,,93488,36953619.5,549,,
2026-04-27,ENL,,900,885,898,,,350,311962,18,,
2026-04-27,FMDBL,,814.9,802.4,806,,,4108,3321455.8,48,,
2026-04-27,FOWAD,,1153,1069.5,1130,,,4533,5147087,79,,
2026-04-27,GBIME,,235,232,235,,,74903,17476673.1,430,,
2026-04-27,GBLBS,,770,757.2,768,,,1328,1010053.7,42,,
2026-04-27,GCIL,,432,421,427,,,9887,4221384.9,284,,
2026-04-27,GFCL,,634.9,625,627,,,4752,2979665,54,,
2026-04-27,GHL,,246.7,241,241.5,,,57189,13900317.9,226,,
2026-04-27,GILB,,1116.8,1110,1113,,,1019,1136033.1,22,,
2026-04-27,GLBSL,,1845,1790,1815,,,953,1715774.8,39,,
2026-04-27,GLH,,272.9,266.1,269.2,,,58756,15876788.5,253,,
2026-04-27,GMFBS,,1367.8,1338.8,1367.8,,,111,148961,10,,
2026-04-27,GMFIL,,474,461,466.5,,,1994,934667.3,27,,
2026-04-27,GMLI,,1389,1356,1370,,,3741,5103621.8,130,,
2026-04-27,GUFL,,524.6,516,517,,,4496,2331478.5,53,,
2026-04-27,GVL,,501,490.3,495,,,10890,5396508.6,113,,
2026-04-27,HATHY,,853,835.6,845,,,5725,4847497.7,101,,
2026-04-27,HBL,,208.1,203,207.1,,,46633,9654415.3,1336,,
2026-04-27,HDHPC,,232.9,228,228,,,255599,58803608.8,574,,
2026-04-27,HDL,,1152,1140,1149,,,34572,39589615.2,510,,
2026-04-27,HFIN,,1225,1148,1148,,,105359,124011852.6,5889,,
2026-04-27,HHL,,407.4,381.3,383,,,67369,26039209.5,226,,
2026-04-27,HIDCL,,273.9,268,271.8,,,111885,30226442.4,395,,
2026-04-27,HIMSTAR,,916,881,898,,,3683,3299460.4,154,,
2026-04-27,HLBSL,,923.9,873,880.3,,,3555,3142672.9,45,,
2026-04-27,HLI,,352,346,347.4,,,49517,17209218.6,377,,
2026-04-27,HPPL,,403,382,392.9,,,66864,25843562,299,,
2026-04-27,HRL,,687,675,677.1,,,90198,61216269.8,1301,,
2026-04-27,HURJA,,264,260.5,262.9,,,71965,18879949,256,,
2026-04-27,ICFC,,630,622,625.8,,,3170,1983854.7,37,,
2026-04-27,IHL,,466.1,430,437,,,4771,2088917.9,98,,
2026-04-27,ILBS,,984,940,965.9,,,8996,8557103.8,51,,
2026-04-27,ILI,,438,435,436,,,11235,4902052.8,348,,
2026-04-27,JBLB,,1285,1273,1278,,,2192,2802524.8,106,,
2026-04-27,JFL,,417.4,413,417.4,,,2295,950468.8,20,,
2026-04-27,JHAPA,,1800,1520,1751,,,64704,104288023.2,756,,
2026-04-27,JOSHI,,295,284,288,,,18105,5185842.2,103,,
2026-04-27,JSLBB,,1128,1100,1128,,,21,23410,3,,
2026-04-27,KBL,,232,219,224,,,249646,55674813.7,587,,
2026-04-27,KBSH,,1630,1600.2,1600.2,,,81,131165.8,6,,
2026-04-27,KDL,,870,844,845.1,,,1188,1006021,56,,
2026-04-27,KKHC,,280,272,274,,,52467,14418271.6,216,,
2026-04-27,KMCDB,,910,890,899.5,,,7092,6317294.3,58,,
2026-04-27,KPCL,,499.9,491.5,495,,,8666,4285641.4,84,,
2026-04-27,LEC,,237,230,230.2,,,68183,15805300.9,245,,
2026-04-27,LICN,,828,810,814.9,,,4752,3867698.9,62,,
2026-04-27,LLBS,,964.9,819.4,945,,,1192,1113183.1,42,,
2026-04-27,LSL,,220,214,219.4,,,85020,18557845.8,266,,
2026-04-27,MABEL,,690,661,673,,,10475,7033116.7,214,,
2026-04-27,MAKAR,,517,505,511,,,29168,14904863,128,,
2026-04-27,MANDU,,823.5,800.5,823,,,973,794335.2,58,,
2026-04-27,MATRI,,935,925,935,,,1054,975569.2,27,,
2026-04-27,MBJC,,295,288.8,289.5,,,18164,5275834.3,281,,
2026-04-27,MBL,,252.1,244.7,250,,,83238,20672740.9,181,,
2026-04-27,MCHL,,350,325,345,,,69180,23024935.4,414,,
2026-04-27,MEHL,,415,401,408,,,10466,4262847.9,124,,
2026-04-27,MEL,,265.2,250,258,,,9297,2402789.7,194,,
2026-04-27,MEN,,604.6,584,586,,,24377,14302763.6,202,,
2026-04-27,MERO,,740,722.1,728,,,3323,2421265.2,52,,
2026-04-27,MFIL,,790,772.3,780.6,,,42491,33284662.2,124,,
2026-04-27,MHCL,,355.9,351,353,,,3454,1219808.3,82,,
2026-04-27,MHL,,510,506,509.5,,,3997,2031776,52,,
2026-04-27,MHNL,,275,266.8,268,,,12010,3238883.9,55,,
2026-04-27,MKCL,,1340,1310,1330,,,1261,1670137.1,58,,
2026-04-27,MKHC,,338.1,322.6,322.6,,,13767,4486389.7,113,,
2026-04-27,MKHL,,689,640,652,,,15642,10373823.2,248,,
2026-04-27,MKJC,,510,495.3,506,,,4020,2025775.1,42,,
2026-04-27,MLBBL,,1250,1232.2,1232.2,,,1005,1245377.8,36,,
2026-04-27,MLBS,,1345,1311,1327,,,714,946770,24,,
2026-04-27,MLBSL,,1825,1783,1814,,,1243,2241752.9,23,,
2026-04-27,MMKJL,,522,510.1,521.9,,,4963,2554593.4,81,,
2026-04-27,MPFL,,628,614,628,,,26663,16540508.3,100,,
2026-04-27,MSHL,,740,721.1,723.2,,,558,404615,19,,
2026-04-27,MSLB,,1411.1,1089.9,1298,,,3145,3969310.1,83,,
2026-04-27,NABIL,,522,517.5,519.2,,,36199,18802312.9,506,,
2026-04-27,NADEP,,774.8,750,769,,,307,231462.4,16,,
2026-04-27,NBL,,279,272,276.2,,,121261,33457630.2,331,,
2026-04-27,NESDO,,1569.9,1505.1,1569.9,,,545,836663.7,21,,
2026-04-27,NFS,,600,593.6,596,,,7641,4560999.9,77,,
2026-04-27,NGPL,,472,431.7,447,,,185875,83314437.3,573,,
2026-04-27,NHDL,,650,634,636.2,,,2319,1479749,32,,
2026-04-27,NHPC,,316,306,306.5,,,479172,148999727.2,1215,,
2026-04-27,NICA,,383,360,375,,,121835,44879846.3,353,,
2026-04-27,NICLBSL,,590,574,580.2,,,4089,2378105.4,94,,
2026-04-27,NIFRA,,270,266,266.4,,,55650,14842711.1,501,,
2026-04-27,NIMB,,212,202,204.8,,,180104,36496904.5,388,,
2026-04-27,NLIC,,777.9,765.1,771,,,12876,9922667,157,,
2026-04-27,NLICL,,623.8,571,584,,,20711,12687989.4,67,,
2026-04-27,NLO,,269.4,269.4,269.4,,,0,0,0,,
2026-04-27,NMB,,257,240.6,245,,,13292,3244815.1,102,,
2026-04-27,NMBMF,,659,650.1,650.1,,,422,275115.8,7,,
2026-04-27,NMFBS,,1117,1090.2,1105,,,4853,5318469.1,52,,
2026-04-27,NMLBBL,,620,600,618,,,6988,4299675.4,62,,
2026-04-27,NRIC,,919,892,900,,,34152,30956842.8,508,,
2026-04-27,NRM,,411.9,395.1,407.4,,,8168,3329401.9,177,,
2026-04-27,NRN,,1500,1476,1480,,,57144,85134255.4,562,,
2026-04-27,NTC,,885,860,871,,,15145,13162963.6,279,,
2026-04-27,NUBL,,680,672.1,678,,,2015,1366250.5,29,,
2026-04-27,NWCL,,805,785,802,,,515,408358.5,30,,
2026-04-27,NYADI,,405,397.1,400.2,,,4180,1674940.1,97,,
2026-04-27,OHL,,709.9,698,698.5,,,1001,703000,18,,
2026-04-27,OMPL,,1223,1178,1181.8,,,6801,8083792.2,210,,
2026-04-27,PCBL,,245,241,244,,,37096,9025472.3,152,,
2026-04-27,PCIL,,1117.1,1019.9,1117.1,,,79890,89204220,7989,,
2026-04-27,PFL,,385,382,382,,,5451,2090376.6,65,,
2026-04-27,PHCL,,310.5,300.2,307.1,,,105281,32472107.8,487,,
2026-04-27,PMHPL,,349.9,340,344.3,,,6580,2251678.1,56,,
2026-04-27,PMLI,,475,465.1,470,,,3072,1443891.2,160,,
2026-04-27,PPCL,,403.9,380,387.8,,,13069,5024489.9,67,,
2026-04-27,PPL,,364.8,342,364.8,,,13505,4879055.5,149,,
2026-04-27,PROFL,,454.9,442.3,446,,,4358,1941820.1,24,,
2026-04-27,PRVU,,203.9,200.3,202.4,,,99263,20079477,420,,
2026-04-27,PURE,,947,923.2,939,,,24608,23061571.7,382,,
2026-04-27,RADHI,,802.3,780,789,,,12908,10137506.1,109,,
2026-04-27,RAWA,,645,625,630,,,3747,2357007,42,,
2026-04-27,RFPL,,377.8,372.1,374,,,35117,13173999.3,233,,
2026-04-27,RHGCL,,305,298,305,,,100642,30288167.1,273,,
2026-04-27,RHPL,,288.4,280,281,,,19827,5583737.8,175,,
2026-04-27,RIDI,,380,353,356.3,,,265791,96354612,678,,
2026-04-27,RLEL,,1354,1275,1276,,,43856,57379996.6,2344,,
2026-04-27,RLFL,,441,430,437,,,8417,3649685.7,87,,
2026-04-27,RNLI,,469,455.5,469,,,50640,23251875.7,536,,
2026-04-27,RSDC,,679.9,670.2,679.7,,,3258,2202611.4,48,,
2026-04-27,RSML,,4346,4195,4239,,,72187,307455441,961,,
2026-04-27,RURU,,666,657,660.1,,,2874,1903483.5,61,,
2026-04-27,SAGAR,,1861,1796.1,1809,,,12466,22530720.1,284,,
2026-04-27,SAHAS,,630,611.1,614.7,,,36644,22565060.8,429,,
2026-04-27,SAIL,,1278.9,1170,1190,,,44913,53658592.8,628,,
2026-04-27,SANIMA,,359,349.4,351.8,,,66540,23436970.9,318,,
2026-04-27,SANVI,,720,674.5,712.8,,,18467,13090011.1,346,,
2026-04-27,SARBTM,,866.1,843,843.5,,,8753,7425881.1,108,,
2026-04-27,SBI,,410,405,409,,,20879,8528680.6,73,,
2026-04-27,SBL,,392.9,384.1,387.3,,,57106,22163241,146,,
2026-04-27,SCB,,664.9,645,647.5,,,6877,4458438.1,90,,
2026-04-27,SGHC,,390.3,365,382,,,12887,4953525.9,116,,
2026-04-27,SHEL,,319,312,317.5,,,51827,16341841.7,300,,
2026-04-27,SHIVM,,679.9,661.3,672,,,164981,111296799.5,771,,
2026-04-27,SHL,,505.9,500,504.8,,,13686,6899697.3,61,,
2026-04-27,SHLB,,1510,1476,1510,,,180,267463,11,,
2026-04-27,SHPC,,529.4,518,520,,,24817,12902793.6,149,,
2026-04-27,SIFC,,563,546.2,546.3,,,3489,1924517.6,46,,
2026-04-27,SIKLES,,606,595,597.3,,,8222,4937169.5,87,,
2026-04-27,SIPD,,1058.1,966.1,1058.1,,,4380,4630728,438,,
2026-04-27,SJCL,,314.8,301.1,307.5,,,10807,3295267.6,142,,
2026-04-27,SJLIC,,440,428.3,433.3,,,5764,2503321,183,,
2026-04-27,SKBBL,,771,765.1,768.5,,,2974,2283778.3,55,,
2026-04-27,SKHEL,,1633.5,1563,1570,,,18600,29584808,1635,,
2026-04-27,SKHL,,1145,1069,1070,,,29633,32372337.1,1626,,
2026-04-27,SLBBL,,845,808,813.2,,,4207,3425842.2,66,,
2026-04-27,SLBSL,,1284,1235.1,1235.1,,,652,818094.7,20,,
2026-04-27,SMATA,,784.8,770,776.9,,,4916,3821397.6,71,,
2026-04-27,SMB,,1780,1739,1752,,,913,1592610,17,,
2026-04-27,SMFBS,,1689.8,1642.1,1689.8,,,210,349179.4,10,,
2026-04-27,SMH,,594.3,572.2,572.2,,,19917,11489591,154,,
2026-04-27,SMHL,,514,501,501.2,,,20060,10146875.7,203,,
2026-04-27,SMJC,,475,464,467,,,14566,6817431.1,165,,
2026-04-27,SMPDA,,862,840,847.1,,,2547,2164910.7,71,,
2026-04-27,SNLI,,456.5,450.1,453,,,17341,7868655,397,,
2026-04-27,SOHL,,825,796,799,,,295122,239789151.4,6938,,
2026-04-27,SONA,,449,437.1,442.1,,,23581,10416862.2,349,,
2026-04-27,SPC,,481,465,470,,,8227,3859135.5,70,,
2026-04-27,SPDL,,413,396,408,,,42855,17335556.3,175,,
2026-04-27,SPHL,,530,514,520,,,3928,2032391,54,,
2026-04-27,SPL,,746.7,705.2,734,,,12449,9104803.4,104,,
2026-04-27,SRLI,,400,390,395,,,14107,5565365.2,283,,
2026-04-27,SSHL,,230.3,218,218.5,,,118316,26057649.9,489,,
2026-04-27,STC,,5980,5770,5958,,,4522,26544685.1,91,,
2026-04-27,SWASTIK,,2550,2510.3,2550,,,705,1786268,28,,
2026-04-27,SWBBL,,752,725,730,,,3597,2624116.7,47,,
2026-04-27,SWMF,,669.9,652.2,664.8,,,1462,964025,33,,
2026-04-27,SYPNL,,1655,1580,1588,,,37498,59890251,1023,,
2026-04-27,TAMOR,,443.9,437,438.5,,,53914,23723274.5,243,,
2026-04-27,TPC,,386.2,373,379.6,,,32557,12253507.3,157,,
2026-04-27,TRH,,755,742.5,748,,,1485,1119129.5,25,,
2026-04-27,TSHL,,653.5,633.9,638.1,,,1501,961179.5,52,,
2026-04-27,TTL,,830,770,823,,,13799,11334689.5,440,,
2026-04-27,TVCL,,587,550,566,,,13602,7512192,69,,
2026-04-27,UHEWA,,580,560.1,574,,,3710,2130359.2,84,,
2026-04-27,ULBSL,,3110,2971,3015,,,1256,3791257.8,49,,
2026-04-27,ULHC,,529,500,529,,,9445,4902647.5,120,,
2026-04-27,UMHL,,594,576.2,585,,,50281,29303981.4,198,,
2026-04-27,UMRH,,541,534.5,535.6,,,10337,5562189.9,68,,
2026-04-27,UNHPL,,498,487,491,,,24646,12151727.1,143,,
2026-04-27,UNL,,46890,46220,46890,,,29,1360736,3,,
2026-04-27,UNLB,,1519.9,1474.4,1475,,,237,350854,15,,
2026-04-27,UPCL,,384,375,378.2,,,60071,22875122.5,243,,
2026-04-27,UPPER,,217.8,207,207.2,,,170051,35509059.2,674,,
2026-04-27,USHEC,,490,482,483,,,15544,7543140.8,136,,
2026-04-27,USHL,,676.5,651,656,,,2649,1734486.5,40,,
2026-04-27,USLB,,1350,1330,1340,,,699,934964.5,30,,
2026-04-27,VLBS,,750,734,736,,,10537,7786550.5,277,,
2026-04-27,VLUCL,,525,510,519,,,2145,1113091,73,,
2026-04-28,ACLBSL,,995,955,960.1,,,747,718803.4,27,,
2026-04-28,ADBL,,316,310,311.8,,,10363,3226856.1,151,,
2026-04-28,AHL,,530,505,505,,,19693,10109212.6,107,,
2026-04-28,AHPC,,288.9,280,281,,,85880,24197145.7,345,,
2026-04-28,AKJCL,,399,376.9,384.9,,,425841,165650869.1,672,,
2026-04-28,AKPL,,276.9,271,272,,,130585,35867156.3,469,,
2026-04-28,ALBSL,,1170,1100,1124,,,2711,3024818.3,134,,
2026-04-28,ALICL,,458,452.2,454.5,,,22641,10323768.1,104,,
2026-04-28,ANLB,,6251,6115.1,6251,,,524,3220317.3,32,,
2026-04-28,API,,347,339,339.1,,,308091,105498289.8,777,,
2026-04-28,AVYAN,,1120,1088.1,1115.9,,,7530,8338479.2,138,,
2026-04-28,BANDIPUR,,858,804.7,831,,,28012,23520724.3,803,,
2026-04-28,BARUN,,352,343,345,,,44295,15280428.7,248,,
2026-04-28,BBC,,5242,4757.1,4780,,,511,2475348.7,41,,
2026-04-28,BEDC,,394,376,379,,,82583,31500429.4,508,,
2026-04-28,BFC,,473.8,457,458,,,4746,2189777.1,55,,
2026-04-28,BGWT,,740,715,740,,,2637,1918988.6,60,,
2026-04-28,BHCL,,554.8,535,536.2,,,21757,11748645.8,505,,
2026-04-28,BHDC,,470,443.2,463,,,15247,7029510.4,126,,
2026-04-28,BHL,,232,217.2,218,,,144903,31813300.5,584,,
2026-04-28,BHPL,,545,525.2,527,,,8371,4439845.3,115,,
2026-04-28,BJHL,,1108,1008.8,1012.1,,,35959,37680012,1296,,
2026-04-28,BNHC,,334,327,332,,,8804,2912406.9,121,,
2026-04-28,BNL,,15198,15198,15198,,,0,0,0,,
2026-04-28,BNT,,11600,11501.2,11600,,,110,1269960,9,,
2026-04-28,BPCL,,712.9,670.1,675,,,16498,11137351.2,155,,
2026-04-28,BUNGAL,,603,570,594,,,15363,9028442.4,333,,
2026-04-28,CBBL,,918,900.1,910,,,17360,15814130.8,204,,
2026-04-28,CFCL,,509,497,509,,,6971,3492126.9,62,,
2026-04-28,CGH,,830,812,812,,,9185,7482240.6,116,,
2026-04-28,CHCL,,484,478,480,,,27724,13304323.7,183,,
2026-04-28,CHDC,,2349,2291,2313,,,17435,40420421.3,218,,
2026-04-28,CHL,,300,290,290.5,,,22507,6562717.3,121,,
2026-04-28,CIT,,1774,1760,1767.1,,,4559,8060280.8,117,,
2026-04-28,CITY,,497.1,456,474.8,,,47552,22728301.8,537,,
2026-04-28,CKHL,,714.7,682.3,697,,,2076,1447496.2,44,,
2026-04-28,CLI,,461,455,456.1,,,10338,4729702.3,323,,
2026-04-28,CREST,,1242.3,1147,1194.7,,,8399,9840045.9,236,,
2026-04-28,CYCL,,1523.9,1460,1495,,,3194,4713258.3,82,,
2026-04-28,CZBIL,,211,205.1,206.9,,,34486,7107377.1,169,,
2026-04-28,DDBL,,834.9,828.1,830,,,4139,3437352.5,53,,
2026-04-28,DHEL,,622,605,610,,,18721,11401446.1,496,,
2026-04-28,DHPL,,306,300,301,,,8736,2629266.6,30,,
2026-04-28,DLBS,,1291,1265.2,1290,,,337,431085,20,,
2026-04-28,DOLTI,,385.4,375,379.7,,,16646,6306896.8,178,,
2026-04-28,DORDI,,286.5,276,277.5,,,36700,10213134.2,190,,
2026-04-28,EBL,,702,697,698.1,,,14240,9954215.6,164,,
2026-04-28,EHPL,,422.1,394.1,394.1,,,42713,17007542.2,234,,
2026-04-28,ENL,,905,890,895,,,658,589741,27,,
2026-04-28,FMDBL,,830,801,802.1,,,10455,8387995.5,77,,
2026-04-28,FOWAD,,1138,1100,1102.2,,,4771,5278378.8,58,,
2026-04-28,GBIME,,237,228,232,,,214442,49396276,711,,
2026-04-28,GBLBS,,769.8,748.2,763,,,6516,4918629.4,97,,
2026-04-28,GCIL,,432,414,414.3,,,29950,12558736.3,366,,
2026-04-28,GFCL,,625,621,621.5,,,6652,4148238.4,53,,
2026-04-28,GHL,,248.5,237.3,238,,,70705,16981946.2,197,,
2026-04-28,GILB,,1139,1112,1120,,,1307,1465623.5,21,,
2026-04-28,GLBSL,,1815,1780,1800,,,554,989941.4,24,,
2026-04-28,GLH,,276,265,267.5,,,41640,11201996,187,,
2026-04-28,GMFBS,,1358,1327,1358,,,517,687184.2,14,,
2026-04-28,GMFIL,,470,462.1,464.1,,,3850,1795278,19,,
2026-04-28,GMLI,,1360,1333.7,1350,,,3305,4442238,128,,
2026-04-28,GUFL,,528,511.1,511.5,,,11416,5909980.8,88,,
2026-04-28,GVL,,496,488.2,488.4,,,16264,7994410.5,181,,
2026-04-28,HATHY,,845,835,835,,,10576,8860542.9,148,,
2026-04-28,HBL,,210,203,206.8,,,135988,27922940.4,1939,,
2026-04-28,HDHPC,,234.6,223.5,225,,,488683,111274375,1117,,
2026-04-28,HDL,,1206.4,1148,1148.2,,,27342,31456738.2,406,,
2026-04-28,HFIN,,1191,1038,1060,,,189770,206007502,9592,,
2026-04-28,HHL,,403,364,388,,,208071,81685242.6,636,,
2026-04-28,HIDCL,,285.3,267.7,269.9,,,77336,20849009.3,377,,
2026-04-28,HIMSTAR,,898,870.5,872,,,6367,5603242.1,157,,
2026-04-28,HLBSL,,881,878.2,880.3,,,716,629825.9,15,,
2026-04-28,HLI,,350,344,345,,,78714,27244191.7,626,,
2026-04-28,HPPL,,392.8,380.5,387.3,,,56621,21755812.1,251,,
2026-04-28,HRL,,691,677,685.5,,,87233,59509094.1,1260,,
2026-04-28,HURJA,,264.8,255,260,,,182035,47090766.9,417,,
2026-04-28,ICFC,,630,625,625,,,6653,4165280,62,,
2026-04-28,IHL,,448,426.1,426.1,,,9114,3904980.4,93,,
2026-04-28,ILBS,,985,940,942,,,3318,3144836.1,59,,
2026-04-28,ILI,,440,432.1,435.7,,,9926,4331687.4,384,,
2026-04-28,JBLB,,1290,1277,1277,,,5198,6662262.1,146,,
2026-04-28,JFL,,418,415,417,,,6565,2732571.5,50,,
2026-04-28,JHAPA,,1738.6,1565.2,1731,,,40148,67517158.1,688,,
2026-04-28,JOSHI,,292,282.3,287.8,,,14173,4027114.3,112,,
2026-04-28,JSLBB,,1105,1097,1101,,,631,695264,15,,
2026-04-28,KBL,,230,217.3,221,,,998725,221291051.9,1883,,
2026-04-28,KBSH,,1620,1600.2,1620,,,150,240411.8,11,,
2026-04-28,KDL,,846,841.1,841.1,,,1784,1502847.9,57,,
2026-04-28,KKHC,,287.7,270,271,,,34908,9521409.6,196,,
2026-04-28,KMCDB,,900,885.1,885.1,,,2442,2171188.1,52,,
2026-04-28,KPCL,,497.9,493.1,494,,,15661,7741940.1,100,,
2026-04-28,LEC,,234.8,225,225.5,,,124466,28373161.2,417,,
2026-04-28,LICN,,830,810.1,818,,,6622,5386603.7,74,,
2026-04-28,LLBS,,969,925.2,940,,,1262,1188702.6,25,,
2026-04-28,LSL,,220,216.4,218,,,108982,23869173.7,265,,
2026-04-28,MABEL,,698,639.4,672.3,,,6024,4057688,212,,
2026-04-28,MAKAR,,514.1,500,503,,,11429,5768718.8,111,,
2026-04-28,MANDU,,823.9,805,823,,,2377,1924078,61,,
2026-04-28,MATRI,,935,917,924,,,673,622783.5,26,,
2026-04-28,MBJC,,291,285.1,285.2,,,32508,9336490.8,275,,
2026-04-28,MBL,,256,245.9,247,,,165964,41324646.7,321,,
2026-04-28,MCHL,,345,325,336.1,,,18911,6298089.6,137,,
2026-04-28,MEHL,,427,400,407.5,,,5151,2077750.5,104,,
2026-04-28,MEL,,262,253,254,,,20283,5181666.4,253,,
2026-04-28,MEN,,589.9,583.5,584,,,67755,39668875.2,307,,
2026-04-28,MERO,,740,719,724.9,,,6001,4330679.1,68,,
2026-04-28,MFIL,,790,741.6,772,,,36356,28345551.3,157,,
2026-04-28,MHCL,,358,350,358,,,4948,1754396.3,89,,
2026-04-28,MHL,,514.8,505,508,,,4079,2069788.8,50,,
2026-04-28,MHNL,,286.6,255,267.8,,,11463,3053739.9,80,,
2026-04-28,MKCL,,1345,1320,1338,,,2434,3222820,58,,
2026-04-28,MKHC,,326,319.4,321.7,,,19881,6398534,173,,
2026-04-28,MKHL,,674.9,617,633,,,2339,1493496.7,74,,
2026-04-28,MKJC,,506,500,503.8,,,5395,2705114.6,64,,
2026-04-28,MLBBL,,1240,1220,1225,,,1925,2361577.2,59,,
2026-04-28,MLBS,,1320,1295,1315,,,1703,2225152.1,37,,
2026-04-28,MLBSL,,1814,1777,1811,,,798,1426310.8,39,,
2026-04-28,MMKJL,,524,508.3,515,,,5121,2615173.1,73,,
2026-04-28,MPFL,,631,615,615,,,12823,7958019.5,82,,
2026-04-28,MSHL,,723.2,718,718,,,975,701772.5,26,,
2026-04-28,MSLB,,1336,1121.1,1289,,,2172,2691532.3,56,,
2026-04-28,NABIL,,532,519.2,525,,,66167,34834152.6,646,,
2026-04-28,NADEP,,769,755,755.6,,,526,399090.4,23,,
2026-04-28,NBL,,278.8,269.6,272,,,55252,15052230.8,238,,
2026-04-28,NESDO,,1558,1530,1558,,,940,1450032.1,26,,
2026-04-28,NFS,,599.9,590,594,,,14497,8609540.1,135,,
2026-04-28,NGPL,,453,424.7,442.6,,,179957,80280476.5,566,,
2026-04-28,NHDL,,640,626,626,,,3814,2413215.2,53,,
2026-04-28,NHPC,,310,296,297,,,698140,210137593.4,1774,,
2026-04-28,NICA,,370,355,359,,,125197,45345682.3,482,,
2026-04-28,NICLBSL,,585,551.2,580,,,4717,2729946,115,,
2026-04-28,NIFRA,,268,264.1,264.3,,,51363,13614132.3,491,,
2026-04-28,NIMB,,205.9,200.1,201.8,,,99881,20098530.8,417,,
2026-04-28,NLIC,,777,767,768,,,10125,7798039.2,166,,
2026-04-28,NLICL,,599,579.1,590,,,13887,8118053.1,83,,
2026-04-28,NLO,,269.4,269.4,269.4,,,0,0,0,,
2026-04-28,NMB,,250,241,242.9,,,37387,9070325.5,154,,
2026-04-28,NMBMF,,655,647.1,655,,,1381,896008.1,12,,
2026-04-28,NMFBS,,1130,1105,1109.9,,,1577,1744990.3,28,,
2026-04-28,NMLBBL,,620,600,612.4,,,6791,4168541,56,,
2026-04-28,NRIC,,920,899.1,910,,,45144,41034822.2,517,,
2026-04-28,NRM,,410,400,401,,,14301,5765614.6,152,,
2026-04-28,NRN,,1499,1457,1475,,,67494,99430485,657,,
2026-04-28,NTC,,881,873,876,,,12334,10823110.7,204,,
2026-04-28,NUBL,,680,675.2,678,,,3647,2472378.9,46,,
2026-04-28,NWCL,,804,790,792,,,1701,1350322.5,57,,
2026-04-28,NYADI,,401,395,395,,,4830,1912338.5,80,,
2026-04-28,OHL,,705,685,692,,,3374,2343554,52,,
2026-04-28,OMPL,,1205,1170.2,1178.1,,,3957,4682399.8,146,,
2026-04-28,PCBL,,244.5,240.7,241.5,,,35174,8510197.9,143,,
2026-04-28,PCIL,,1280,1025,1039,,,538665,583340716.6,52351,,
2026-04-28,PFL,,385,378.1,380.8,,,6069,2308304.5,53,,
2026-04-28,PHCL,,311,303.1,305,,,67761,20714436.1,330,,
2026-04-28,PMHPL,,368,329,343,,,13590,4638273.9,77,,
2026-04-28,PMLI,,471,467.3,469,,,6865,3215035.4,188,,
2026-04-28,PPCL,,398.5,379.1,379.1,,,18704,7143205.1,129,,
2026-04-28,PPL,,368,347.1,356,,,26086,9301297.9,192,,
2026-04-28,PROFL,,453.1,440.3,441,,,4325,1920707,43,,
2026-04-28,PRVU,,203,199,199.5,,,219397,43831564.8,754,,
2026-04-28,PURE,,958.9,930,939,,,20258,19106250.5,279,,
2026-04-28,RADHI,,798,775.1,780,,,56765,44272639.6,206,,
2026-04-28,RAWA,,639,615,615,,,1597,994063,31,,
2026-04-28,RFPL,,385,372.5,373,,,46519,17421729.9,229,,
2026-04-28,RHGCL,,308.4,295.2,300,,,51835,15621581,275,,
2026-04-28,RHPL,,282.1,279.2,280,,,18756,5255071.6,142,,
2026-04-28,RIDI,,361,338.5,348,,,546516,191845513.9,992,,
2026-04-28,RLEL,,1290,1145,1145,,,54167,66392969.1,2943,,
2026-04-28,RLFL,,445,432,433,,,5624,2446744,44,,
2026-04-28,RNLI,,465,460,461.9,,,15629,7214245.3,398,,
2026-04-28,RSDC,,680,671.5,672.2,,,6138,4132078,53,,
2026-04-28,RSML,,4270,3981,4000,,,85116,346825957,1751,,
2026-04-28,RURU,,669,651.2,665,,,3860,2544157.2,73,,
2026-04-28,SAGAR,,1811,1760,1780,,,10572,18752264.6,205,,
2026-04-28,SAHAS,,622,615,618.4,,,67121,41450560.3,540,,
2026-04-28,SAIL,,1208,1147,1155,,,33843,39404311.2,715,,
2026-04-28,SANIMA,,355,348.1,349,,,50824,17864418,245,,
2026-04-28,SANVI,,710,692,704,,,25439,17810802.2,354,,
2026-04-28,SARBTM,,860,838,839.5,,,10931,9222237.4,111,,
2026-04-28,SBI,,414,402,402,,,11244,4542276.7,60,,
2026-04-28,SBL,,395,388,389,,,46148,17994677.9,198,,
2026-04-28,SCB,,649.5,642,643,,,5780,3726725.3,106,,
2026-04-28,SGHC,,401,370,370.4,,,21189,8043938.7,179,,
2026-04-28,SHEL,,319.9,311,311,,,123844,38783099.7,377,,
2026-04-28,SHIVM,,679,665.1,666,,,172219,115273974.8,729,,
2026-04-28,SHL,,506,488.9,501.9,,,12445,6244986.5,85,,
2026-04-28,SHLB,,1555,1465,1476.1,,,100,149482,10,,
2026-04-28,SHPC,,546,515,517,,,39318,20340712.3,223,,
2026-04-28,SIFC,,555,545,548.5,,,2158,1180968.4,25,,
2026-04-28,SIKLES,,610,591.3,592,,,11043,6564203.1,121,,
2026-04-28,SIPD,,1216.8,1000.1,1002,,,128510,143329950.6,12485,,
2026-04-28,SJCL,,309,300.3,306,,,23922,7287788.4,139,,
2026-04-28,SJLIC,,435,430.1,435,,,11244,4859710.5,219,,
2026-04-28,SKBBL,,832,755,765,,,14803,11727944.8,149,,
2026-04-28,SKHEL,,1580,1410,1414,,,38520,57129002.2,2117,,
2026-04-28,SKHL,,1082.7,983,995,,,77031,78051978.8,2357,,
2026-04-28,SLBBL,,818.9,810.5,813.9,,,4097,3336347.7,85,,
2026-04-28,SLBSL,,1235,1200.8,1231.9,,,1561,1899399.3,39,,
2026-04-28,SMATA,,780,766,766,,,7558,5826457.2,93,,
2026-04-28,SMB,,1768,1741,1768,,,323,562717,10,,
2026-04-28,SMFBS,,1685,1650,1685,,,682,1126638,18,,
2026-04-28,SMH,,589,566,568,,,8504,4846421.1,150,,
2026-04-28,SMHL,,505,496.1,498,,,47427,23617583.1,263,,
2026-04-28,SMJC,,474.9,465,467,,,5063,2363930.6,125,,
2026-04-28,SMPDA,,892,846,846.3,,,3205,2722413.9,65,,
2026-04-28,SNLI,,457.8,451,454.9,,,13256,6019370.2,478,,
2026-04-28,SOHL,,807.9,754,760,,,363152,281222830.3,6192,,
2026-04-28,SONA,,448,435,437,,,42099,18483832.5,343,,
2026-04-28,SPC,,482,467.6,470,,,3530,1656777.2,64,,
2026-04-28,SPDL,,406.3,396,399,,,64356,25724896.5,212,,
2026-04-28,SPHL,,523,515,523,,,2750,1421273.2,35,,
2026-04-28,SPL,,733,717,724,,,1641,1184495.4,31,,
2026-04-28,SRLI,,399.9,391.5,394,,,9012,3549427.5,228,,
2026-04-28,SSHL,,223,215,215,,,204765,44369826.6,684,,
2026-04-28,STC,,6001,5853,5937,,,5329,31890341.5,132,,
2026-04-28,SWASTIK,,2585,2511,2517,,,2393,6030455.5,80,,
2026-04-28,SWBBL,,739.9,717,729,,,5179,3745904,72,,
2026-04-28,SWMF,,665,650.2,661,,,1545,1017573.5,40,,
2026-04-28,SYPNL,,1620,1515,1520,,,87894,136182634,1760,,
2026-04-28,TAMOR,,446.8,438.5,443,,,86741,38388274.2,261,,
2026-04-28,TPC,,380,371.5,373.5,,,21522,8025377.2,122,,
2026-04-28,TRH,,770,745.1,745.1,,,1835,1372442.9,23,,
2026-04-28,TSHL,,655,635,647,,,2333,1508035,61,,
2026-04-28,TTL,,825,806.3,807.1,,,14418,11720935.9,431,,
2026-04-28,TVCL,,560,545,559,,,12082,6633314.2,86,,
2026-04-28,UHEWA,,580,568,568.1,,,7391,4223072.3,88,,
2026-04-28,ULBSL,,3014.9,2945.5,3013,,,863,2562042.5,41,,
2026-04-28,ULHC,,593,485,485,,,45635,23368757.7,195,,
2026-04-28,UMHL,,590,571,580,,,60564,35036056.3,115,,
2026-04-28,UMRH,,541,531.3,531.4,,,13537,7258229,84,,
2026-04-28,UNHPL,,505.7,467,487.9,,,38437,18705843.6,121,,
2026-04-28,UNL,,47050,46890,47050,,,45,2118296,6,,
2026-04-28,UNLB,,1519.2,1440,1455.5,,,1079,1614288.6,22,,
2026-04-28,UPCL,,384,374,378.5,,,57745,21807497.2,240,,
2026-04-28,UPPER,,211,205,205.6,,,155644,32139536.2,768,,
2026-04-28,USHEC,,504.7,481.3,487.5,,,18618,9175781.7,174,,
2026-04-28,USHL,,655,630.5,650,,,1571,1007645.6,43,,
2026-04-28,USLB,,1341.1,1318,1324,,,766,1015142,30,,
2026-04-28,VLBS,,740,720.5,724.9,,,8709,6330056.2,344,,
2026-04-28,VLUCL,,521,512,512.2,,,4901,2515061.8,93,,
2026-04-29,ACLBSL,,960.1,941.3,941.3,,,1093,1033056.1,30,,
2026-04-29,ADBL,,311,307.2,308.7,,,18742,5789150.4,178,,
2026-04-29,AHL,,530,490,495,,,19027,9512437,186,,
2026-04-29,AHPC,,282.8,277,277.7,,,78511,21891962.5,297,,
2026-04-29,AKJCL,,404.1,365,374,,,393154,146009254.1,827,,
2026-04-29,AKPL,,285.4,266,267.2,,,68788,18431021,312,,
2026-04-29,ALBSL,,1135,1067.8,1110,,,14645,16221962.8,101,,
2026-04-29,ALICL,,455.1,452.2,453.9,,,12054,5466611.8,76,,
2026-04-29,ANLB,,6275,6100,6275,,,101,619861.8,9,,
2026-04-29,API,,340.5,334,335.9,,,197327,66412956.4,585,,
2026-04-29,AVYAN,,1117,1088.2,1100.4,,,5220,5787334.2,98,,
2026-04-29,BANDIPUR,,845,808,814,,,28534,23303464.4,791,,
2026-04-29,BARUN,,347,340.3,341.5,,,34851,11915432.1,188,,
2026-04-29,BBC,,4884,4755.1,4841,,,515,2463919,37,,
2026-04-29,BEDC,,380,365,365,,,85926,31744613.5,480,,
2026-04-29,BFC,,463.9,450,453,,,7562,3424453.9,75,,
2026-04-29,BGWT,,731,718,730,,,1573,1133907.4,32,,
2026-04-29,BHCL,,563,520,525,,,19630,10327210.2,442,,
2026-04-29,BHDC,,478,451,457.5,,,9448,4325264.7,84,,
2026-04-29,BHL,,220,215.5,216,,,96392,20874479.6,543,,
2026-04-29,BHPL,,534.8,521,526.8,,,10130,5305006.3,96,,
2026-04-29,BJHL,,1090,953.1,1035,,,39440,39871529.2,1283,,
2026-04-29,BNHC,,336.5,323,325,,,3420,1117393.1,74,,
2026-04-29,BNL,,15198,15198,15198,,,0,0,0,,
2026-04-29,BNT,,11611,11600,11610,,,55,637512,4,,
2026-04-29,BPCL,,684,662,667,,,19271,12810013.7,182,,
2026-04-29,BUNGAL,,589.9,560.1,570,,,18619,10627796.1,306,,
2026-04-29,CBBL,,916.5,900,902,,,16442,14850356.4,210,,
2026-04-29,CFCL,,505,492,496.9,,,2620,1298446.3,32,,
2026-04-29,CGH,,815,805,809,,,14155,11426563,141,,
2026-04-29,CHCL,,483,475,479.1,,,21272,10164462.5,180,,
2026-04-29,CHDC,,2319.5,2251,2290,,,9090,20674895.8,169,,
2026-04-29,CHL,,293,285,286,,,18846,5396877.1,107,,
2026-04-29,CIT,,1769.9,1763,1768,,,6037,10662095.1,133,,
2026-04-29,CITY,,470,455,462,,,7169,3288141.1,126,,
2026-04-29,CKHL,,703.4,663.2,697.9,,,1220,836509.9,34,,
2026-04-29,CLI,,456.5,453,454,,,8046,3658522.8,249,,
2026-04-29,CREST,,1254.4,1140,1140,,,16915,19513369,293,,
2026-04-29,CYCL,,1519.8,1467.3,1480,,,994,1466351.3,45,,
2026-04-29,CZBIL,,206,202,204,,,82139,16706949.2,264,,
2026-04-29,DDBL,,829,822,826.4,,,5001,4130516,60,,
2026-04-29,DHEL,,618,595,604,,,17665,10608780.9,420,,
2026-04-29,DHPL,,301,296.3,299,,,4401,1315887,29,,
2026-04-29,DLBS,,1364.7,1260,1320,,,1292,1680420,45,,
2026-04-29,DOLTI,,379.9,361,373,,,77655,28623368.5,412,,
2026-04-29,DORDI,,278.5,273.2,274,,,45265,12447879.9,243,,
2026-04-29,EBL,,700,696,697.6,,,18065,12602192.6,177,,
2026-04-29,EHPL,,413.8,390.4,392.9,,,19352,7602079.2,169,,
2026-04-29,ENL,,890,870,890,,,884,776176,27,,
2026-04-29,FMDBL,,810,795,810,,,13317,10643557.8,109,,
2026-04-29,FOWAD,,1123,1083.2,1123,,,5082,5614002.9,60,,
2026-04-29,GBIME,,233.8,228.4,230,,,85732,19701331.3,443,,
2026-04-29,GBLBS,,763,749.2,752,,,3784,2844272,39,,
2026-04-29,GCIL,,420,400,420,,,14865,6179039,260,,
2026-04-29,GFCL,,624,616,624,,,6071,3755118.8,50,,
2026-04-29,GHL,,240,233.6,234,,,46453,10931930.7,183,,
2026-04-29,GILB,,1120,1111,1120,,,1337,1489892,18,,
2026-04-29,GLBSL,,1800,1775,1785,,,1082,1933028.7,28,,
2026-04-29,GLH,,269.9,263,265.8,,,43697,11581955.7,234,,
2026-04-29,GMFBS,,1397,1306.1,1329,,,416,551112.8,17,,
2026-04-29,GMFIL,,468,450.4,461,,,3600,1652786.4,43,,
2026-04-29,GMLI,,1320,1280,1290,,,4680,6082901.3,132,,
2026-04-29,GUFL,,519.9,509,513.7,,,6338,3257388.4,57,,
2026-04-29,GVL,,490,484,488,,,12990,6315731.7,127,,
2026-04-29,HATHY,,876,822.3,826,,,4852,4020044.8,102,,
2026-04-29,HBL,,206.8,200,202.9,,,58366,11814846.3,1224,,
2026-04-29,HDHPC,,226.4,219.3,220.9,,,296196,65894693.4,803,,
2026-04-29,HDL,,1150,1142.2,1143,,,23521,26929805.2,399,,
2026-04-29,HFIN,,1065.2,995.1,1005,,,119051,120424348.7,6217,,
2026-04-29,HHL,,394,382.3,383.7,,,65381,25200014.2,236,,
2026-04-29,HIDCL,,270,265.5,267,,,53958,14390859.8,259,,
2026-04-29,HIMSTAR,,874.9,828,829,,,17202,14439056.7,252,,
2026-04-29,HLBSL,,880,870.1,876.1,,,944,827007.5,17,,
2026-04-29,HLI,,346,341.8,341.8,,,42620,14617995.4,407,,
2026-04-29,HPPL,,390,371,373,,,45068,16978974.5,270,,
2026-04-29,HRL,,685,676.1,679.2,,,74867,50842816.6,900,,
2026-04-29,HURJA,,260,252.2,254.9,,,104043,26401897.7,320,,
2026-04-29,ICFC,,642,620.1,623.5,,,5578,3475218.8,38,,
2026-04-29,IHL,,426.5,410,410,,,4341,1806364.1,83,,
2026-04-29,ILBS,,1030,923,942,,,8908,8917294.2,59,,
2026-04-29,ILI,,437,431.1,434,,,23573,10236283.9,278,,
2026-04-29,JBLB,,1280,1270,1270.1,,,4917,6252365.6,144,,
2026-04-29,JFL,,419,410,411.5,,,4307,1774680.6,42,,
2026-04-29,JHAPA,,1679.1,1506.5,1630,,,24218,39155865.1,394,,
2026-04-29,JOSHI,,286,280,281,,,30013,8461681.2,157,,
2026-04-29,JSLBB,,1101,1068.3,1094,,,2097,2248136.7,37,,
2026-04-29,KBL,,223,215,217.9,,,478659,103966097,1025,,
2026-04-29,KBSH,,1601,1572,1590,,,555,882143.4,15,,
2026-04-29,KDL,,839.9,815,816,,,4907,4019992.5,92,,
2026-04-29,KKHC,,272,265,265.5,,,38143,10222934,205,,
2026-04-29,KMCDB,,894.9,865.1,869,,,2857,2491822.4,85,,
2026-04-29,KPCL,,495,489.1,489.1,,,12070,5919100.9,104,,
2026-04-29,LEC,,236.7,222,223.8,,,108043,24242356.3,361,,
2026-04-29,LICN,,818,811,816,,,5748,4668032,51,,
2026-04-29,LLBS,,967,923,965,,,2430,2272240,19,,
2026-04-29,LSL,,221,215,217,,,62117,13435269.9,188,,
2026-04-29,MABEL,,683.9,638.7,669.8,,,9641,6424505.3,242,,
2026-04-29,MAKAR,,500,490,495,,,10530,5203645,96,,
2026-04-29,MANDU,,823,800.4,806,,,653,525978.6,25,,
2026-04-29,MATRI,,915,905.5,914,,,1838,1672874.8,53,,
2026-04-29,MBJC,,289,280,283.9,,,54950,15567417.9,340,,
2026-04-29,MBL,,250,244,244,,,88981,21829700.1,193,,
2026-04-29,MCHL,,346,320,328.8,,,20288,6628186.8,185,,
2026-04-29,MEHL,,408,400,403,,,3070,1232475,65,,
2026-04-29,MEL,,256,246.4,252,,,19670,4925432.7,237,,
2026-04-29,MEN,,590,580,583,,,40294,23478057.4,239,,
2026-04-29,MERO,,761.1,710,715,,,5554,3984981.1,91,,
2026-04-29,MFIL,,785.4,740.4,765.3,,,47100,36373706.7,142,,
2026-04-29,MHCL,,358,348,350,,,8020,2806856.4,73,,
2026-04-29,MHL,,504,495,504,,,4584,2290057.7,68,,
2026-04-29,MHNL,,265.9,260,264.3,,,20363,5333313.9,104,,
2026-04-29,MKCL,,1330,1310,1312.9,,,2617,3442227.6,73,,
2026-04-29,MKHC,,324.4,316.1,318.4,,,18892,6017646.7,136,,
2026-04-29,MKHL,,625,602.5,615,,,2433,1489091.6,60,,
2026-04-29,MKJC,,503.9,495.2,499.8,,,5629,2805541.1,49,,
2026-04-29,MLBBL,,1225,1210.7,1223,,,1661,2014921.9,35,,
2026-04-29,MLBS,,1285.1,1250,1279.4,,,2059,2608415.2,41,,
2026-04-29,MLBSL,,1811,1777,1800,,,361,647440.1,15,,
2026-04-29,MMKJL,,529.7,508,508.2,,,2737,1394718.2,62,,
2026-04-29,MPFL,,616,608,609,,,9251,5654807.2,68,,
2026-04-29,MSHL,,726,702.4,724,,,541,384510.9,23,,
2026-04-29,MSLB,,1319,1176.6,1260,,,1374,1722646.7,47,,
2026-04-29,NABIL,,527,522,524.9,,,36190,18951819.1,491,,
2026-04-29,NADEP,,755.6,740,750,,,985,734348.8,18,,
2026-04-29,NBL,,276,266,267.7,,,57242,15321063.4,228,,
2026-04-29,NESDO,,1540,1515,1539.8,,,1185,1816814,24,,
2026-04-29,NFS,,594,588,588.3,,,7845,4622689.9,99,,
2026-04-29,NGPL,,444,435.6,436.8,,,189434,83008729.5,572,,
2026-04-29,NHDL,,629.8,618,629.8,,,5450,3393933.3,58,,
2026-04-29,NHPC,,300,288,290,,,596044,174112446.4,1814,,
2026-04-29,NICA,,359,349,359,,,86667,30769359.2,335,,
2026-04-29,NICLBSL,,581,566,578,,,4770,2728278.6,87,,
2026-04-29,NIFRA,,270,261.9,262,,,102694,27158400.4,570,,
2026-04-29,NIMB,,206,198.1,199.1,,,86139,17203819.4,379,,
2026-04-29,NLIC,,770,761,762,,,22143,16923019.5,198,,
2026-04-29,NLICL,,591.9,578,588,,,5858,3426340.4,65,,
2026-04-29,NLO,,269.4,269.4,269.4,,,0,0,0,,
2026-04-29,NMB,,247.9,240.1,241,,,23206,5590025.8,131,,
2026-04-29,NMBMF,,646.2,646,646,,,280,180900,5,,
2026-04-29,NMFBS,,1110,1097,1110,,,4752,5237543.7,55,,
2026-04-29,NMLBBL,,613.9,607.5,607.5,,,6918,4218923.6,65,,
2026-04-29,NRIC,,915,890,898,,,39031,35139203.9,382,,
2026-04-29,NRM,,407.4,395,399,,,19449,7816431.9,167,,
2026-04-29,NRN,,1485,1430.8,1450,,,54746,79280452.6,568,,
2026-04-29,NTC,,887,873.1,874,,,9723,8514400.4,154,,
2026-04-29,NUBL,,679,670.1,678.7,,,2243,1510102.2,30,,
2026-04-29,NWCL,,789,770,788,,,2092,1627408.4,57,,
2026-04-29,NYADI,,396,390.6,391,,,3910,1536012.2,71,,
2026-04-29,OHL,,703.4,681.4,694,,,480,330831.1,11,,
2026-04-29,OMPL,,1175,1155,1159.9,,,3934,4573338.5,146,,
2026-04-29,PCBL,,243,237,238.9,,,49765,11860192.8,246,,
2026-04-29,PCIL,,1090.9,943.2,958.1,,,208142,202285218.1,19443,,
2026-04-29,PFL,,380,374,378,,,5683,2150513.9,38,,
2026-04-29,PHCL,,304.9,300.1,301,,,88091,26514154,325,,
2026-04-29,PMHPL,,342,332,335,,,11092,3716161.5,103,,
2026-04-29,PMLI,,468,462,462,,,9917,4588169.9,146,,
2026-04-29,PPCL,,398,377.5,378.2,,,10619,4069325.5,69,,
2026-04-29,PPL,,356,339,350,,,17047,5988920.5,165,,
2026-04-29,PROFL,,463,436.1,443,,,6155,2696733.5,45,,
2026-04-29,PRVU,,199.5,193,196.3,,,232563,45504902.4,976,,
2026-04-29,PURE,,929,906,907,,,11729,10739782.5,150,,
2026-04-29,RADHI,,775,755,764.8,,,57510,43931577.6,276,,
2026-04-29,RAWA,,610,587,610,,,2840,1694525.4,58,,
2026-04-29,RFPL,,378,354.5,370,,,25301,9355756.1,157,,
2026-04-29,RHGCL,,315,292,292.6,,,38412,11360560.4,166,,
2026-04-29,RHPL,,285.8,275.2,275.5,,,17325,4791926.1,163,,
2026-04-29,RIDI,,360,339.9,340.9,,,330123,113144451.8,853,,
2026-04-29,RLEL,,1202.2,1100,1131,,,51593,59629831,1993,,
2026-04-29,RLFL,,437,417.1,428,,,29100,12298316.6,119,,
2026-04-29,RNLI,,470,456.3,459,,,17090,7829865.1,279,,
2026-04-29,RSDC,,672.2,660.1,663,,,3608,2397775.6,43,,
2026-04-29,RSML,,4000,3790,3810.1,,,62734,241963117.5,1510,,
2026-04-29,RURU,,660,650,655,,,2267,1478493.3,55,,
2026-04-29,SAGAR,,1777,1727,1735,,,6969,12093632,185,,
2026-04-29,SAHAS,,619.8,611.5,617.9,,,52203,32240702.4,447,,
2026-04-29,SAIL,,1212.7,1120,1122,,,35070,39931823.1,597,,
2026-04-29,SANIMA,,350.9,344,346.9,,,43417,15088848.4,214,,
2026-04-29,SANVI,,707,685,697,,,14799,10206785.5,304,,
2026-04-29,SARBTM,,840.2,831,833,,,5272,4405921.7,76,,
2026-04-29,SBI,,407.9,396.4,399.6,,,13887,5514430.1,64,,
2026-04-29,SBL,,392,385,386.9,,,70907,27355934.5,204,,
2026-04-29,SCB,,640.1,638.3,639.4,,,7418,4743365.3,117,,
2026-04-29,SGHC,,381,370.2,373,,,16790,6258147.9,152,,
2026-04-29,SHEL,,315,305,307,,,121321,37295745.3,447,,
2026-04-29,SHIVM,,672,656,658,,,187670,123992544.7,795,,
2026-04-29,SHL,,501,490,498,,,14002,6969867,68,,
2026-04-29,SHLB,,1489.9,1452,1489.9,,,390,573901,8,,
2026-04-29,SHPC,,519,512.5,515,,,12212,6288769.6,116,,
2026-04-29,SIFC,,547,535.6,543,,,2462,1332863.2,32,,
2026-04-29,SIKLES,,592,581.2,587,,,14527,8503820,117,,
2026-04-29,SIPD,,1002,891,902.6,,,126545,116346783,12627,,
2026-04-29,SJCL,,305,297,300,,,22766,6835865.5,140,,
2026-04-29,SJLIC,,434,429.1,430,,,9050,3895255.8,133,,
2026-04-29,SKBBL,,769,760,761,,,9385,7143727.3,132,,
2026-04-29,SKHEL,,1509,1363,1400,,,32134,45784530.8,1446,,
2026-04-29,SKHL,,1024,935,962,,,45797,44166608.9,1703,,
2026-04-29,SLBBL,,818,810,815,,,4355,3552588.7,83,,
2026-04-29,SLBSL,,1220,1195,1220,,,1019,1223916.3,27,,
2026-04-29,SMATA,,775,760,760,,,11044,8447492.7,122,,
2026-04-29,SMB,,1772,1725,1730,,,1254,2187408.9,43,,
2026-04-29,SMFBS,,1685,1642.5,1643,,,73,119754,11,,
2026-04-29,SMH,,585,550,552.1,,,26585,14751349.1,221,,
2026-04-29,SMHL,,501,490,490.5,,,54178,26779226.6,247,,
2026-04-29,SMJC,,467,459,460,,,18014,8302950.3,159,,
2026-04-29,SMPDA,,859,821.1,838,,,3412,2849303.8,69,,
2026-04-29,SNLI,,455,450.3,452,,,5230,2358849.3,256,,
2026-04-29,SOHL,,798,722,741,,,241567,177973510.5,4813,,
2026-04-29,SONA,,436,431.2,433,,,16103,6966718,249,,
2026-04-29,SPC,,480,456.1,465,,,11576,5344303.2,113,,
2026-04-29,SPDL,,402,392,393,,,21687,8559018.8,142,,
2026-04-29,SPHL,,519.9,497.4,515,,,2254,1159324,27,,
2026-04-29,SPL,,722.9,710,719,,,856,613971,13,,
2026-04-29,SRLI,,392,387.1,391,,,8117,3166927.8,172,,
2026-04-29,SSHL,,218,204.3,213,,,215377,45895486.6,706,,
2026-04-29,STC,,5985,5826,5895,,,902,5325561.1,18,,
2026-04-29,SWASTIK,,2500,2454.2,2480,,,1896,4673722.1,68,,
2026-04-29,SWBBL,,727,720,725,,,2689,1944493.2,36,,
2026-04-29,SWMF,,661,653.2,660,,,1837,1207355.1,39,,
2026-04-29,SYPNL,,1520,1435,1445,,,102090,150109828.1,1901,,
2026-04-29,TAMOR,,465,436.5,439,,,56543,24853402.6,190,,
2026-04-29,TPC,,375.9,369.1,369.6,,,23787,8803122.6,131,,
2026-04-29,TRH,,750,735,743.1,,,2051,1530282.1,19,,
2026-04-29,TSHL,,649,629,638.6,,,1230,786023.8,28,,
2026-04-29,TTL,,825,790,794,,,18580,14813363.8,455,,
2026-04-29,TVCL,,550,520,520,,,29418,15560650.7,75,,
2026-04-29,UHEWA,,578.8,566,566,,,6975,3967393.8,93,,
2026-04-29,ULBSL,,3043,2911.1,2993.5,,,3399,10091190.1,36,,
2026-04-29,ULHC,,513,484.6,495,,,10368,5104522.8,104,,
2026-04-29,UMHL,,575,566.7,574.8,,,20286,11582374.3,121,,
2026-04-29,UMRH,,535,528,532,,,4546,2412168.6,55,,
2026-04-29,UNHPL,,487,475,475.4,,,46481,22184529.2,150,,
2026-04-29,UNL,,47020,46999,47000,,,50,2350180,3,,
2026-04-29,UNLB,,1469,1422,1435,,,1077,1548188,29,,
2026-04-29,UPCL,,377,370.5,372,,,59933,22377289.8,221,,
2026-04-29,UPPER,,208,203,203.4,,,181063,36925767,806,,
2026-04-29,USHEC,,490,479.4,483,,,12734,6153058.2,78,,
2026-04-29,USHL,,649,630,649,,,1835,1165314,42,,
2026-04-29,USLB,,1319,1298,1298,,,2211,2879808.3,66,,
2026-04-29,VLBS,,724.1,703,705,,,10153,7232204.4,298,,
2026-04-29,VLUCL,,510.3,495,495,,,8967,4490115.1,124,,
2026-04-30,ACLBSL,,956,937.1,941.1,,,932,883642.3,41,,
2026-04-30,ADBL,,317.8,305.1,309.5,,,20081,6186700.6,164,,
2026-04-30,AHL,,534,480.1,534,,,14073,7023667.7,110,,
2026-04-30,AHPC,,280,271,277,,,130322,35798877.8,520,,
2026-04-30,AKJCL,,377.1,355,375,,,602146,219151419.7,993,,
2026-04-30,AKPL,,280.4,260.5,267.8,,,134064,35439355.4,405,,
2026-04-30,ALBSL,,1128,1095,1115,,,14708,16311142.9,153,,
2026-04-30,ALICL,,453.1,445.1,450.5,,,12837,5779453.2,79,,
2026-04-30,ANLB,,6285,6200,6285,,,21,130950,3,,
2026-04-30,API,,352.6,326,334.9,,,155102,51707923.1,535,,
2026-04-30,AVYAN,,1180,1080,1100,,,6954,7636995.3,98,,
2026-04-30,BANDIPUR,,835,790.1,824.7,,,45389,36771881.6,849,,
2026-04-30,BARUN,,345,335,340,,,69616,23579005.2,301,,
2026-04-30,BBC,,4840,4710,4814.9,,,130,624168,8,,
2026-04-30,BEDC,,366,346.8,365.9,,,71340,25828440.7,444,,
2026-04-30,BFC,,452.4,444,449,,,11432,5129318.6,119,,
2026-04-30,BGWT,,747,700,705,,,4728,3348199,77,,
2026-04-30,BHCL,,522,510.6,519,,,24060,12414860.3,395,,
2026-04-30,BHDC,,460.9,450.2,455.1,,,17595,8000856.4,139,,
2026-04-30,BHL,,218,208,217.6,,,163696,35232203.6,734,,
2026-04-30,BHPL,,525,513,520.2,,,6767,3515696.8,79,,
2026-04-30,BJHL,,1049,990,1035,,,10144,10298127.4,512,,
2026-04-30,BNHC,,327.6,317,327.5,,,8218,2676224.7,82,,
2026-04-30,BNL,,15198,15198,15198,,,0,0,0,,
2026-04-30,BNT,,11610,11609.9,11610,,,111,1288899,6,,
2026-04-30,BPCL,,675,655,668,,,18662,12389053.6,150,,
2026-04-30,BUNGAL,,579.8,555,571,,,8665,4894635.5,227,,
2026-04-30,CBBL,,905.7,898,903,,,10091,9109417.8,199,,
2026-04-30,CFCL,,496,482.1,493,,,8441,4125065.5,98,,
2026-04-30,CGH,,811.9,802,807.5,,,6861,5536720.4,104,,
2026-04-30,CHCL,,484.9,473,478.5,,,38316,18257463.7,200,,
2026-04-30,CHDC,,2280,2222,2260.9,,,15008,33620366.8,219,,
2026-04-30,CHL,,288,281,283,,,28397,8085344.6,135,,
2026-04-30,CIT,,1780,1746,1766,,,5856,10318144.1,141,,
2026-04-30,CITY,,460,447.1,448,,,13892,6284238.1,176,,
2026-04-30,CKHL,,699,680.2,699,,,1620,1106039.5,30,,
2026-04-30,CLI,,455,448.2,452.6,,,13491,6085464.1,222,,
2026-04-30,CREST,,1160,1112,1112.1,,,7509,8420795.7,201,,
2026-04-30,CYCL,,1497,1455.3,1490,,,643,950863.8,30,,
2026-04-30,CZBIL,,205,200,204.5,,,66969,13564382.6,172,,
2026-04-30,DDBL,,830,820,829,,,6014,4958428.5,75,,
2026-04-30,DHEL,,634.2,594,599.3,,,20350,12183514,352,,
2026-04-30,DHPL,,300,293,300,,,3969,1173584.2,36,,
2026-04-30,DLBS,,1333,1255,1290,,,310,393514.5,16,,
2026-04-30,DOLTI,,368,360,364,,,47272,17124144.3,235,,
2026-04-30,DORDI,,280,272,277,,,74510,20486645.4,331,,
2026-04-30,EBL,,698.8,691.5,697,,,20626,14315130.9,206,,
2026-04-30,EHPL,,412.5,385,391.4,,,24360,9488538.9,177,,
2026-04-30,ENL,,899.9,872,899.8,,,111,98826.9,9,,
2026-04-30,FMDBL,,817,769.5,795,,,17754,14114539.2,111,,
2026-04-30,FOWAD,,1109.9,1090.3,1096,,,2800,3071342,38,,
2026-04-30,GBIME,,232.2,227,231,,,77576,17766123.5,422,,
2026-04-30,GBLBS,,753,740,750,,,2432,1812682.2,42,,
2026-04-30,GCIL,,419.6,411,415,,,9456,3917063.9,176,,
2026-04-30,GFCL,,623,611.2,620.2,,,5197,3215649,37,,
2026-04-30,GHL,,237,227,234,,,92953,21472279.6,307,,
2026-04-30,GILB,,1110.5,1076.7,1100.2,,,6047,6617093.8,67,,
2026-04-30,GLBSL,,1837.9,1761,1763.9,,,390,694424.8,17,,
2026-04-30,GLH,,266.5,261.1,264.5,,,65645,17260635.6,228,,
2026-04-30,GMFBS,,1337,1290,1310.1,,,619,806047.5,9,,
2026-04-30,GMFIL,,464.4,451,464.4,,,6225,2868711,43,,
2026-04-30,GMLI,,1298.9,1236,1280,,,5949,7483667.1,150,,
2026-04-30,GUFL,,518.2,513,518.2,,,10337,5341334.7,69,,
2026-04-30,GVL,,489,480,487.5,,,26961,13027636,145,,
2026-04-30,HATHY,,829,800,814,,,8882,7182739.5,173,,
2026-04-30,HBL,,204.9,200,202,,,51271,10349905.1,872,,
2026-04-30,HDHPC,,225,214,222.8,,,369448,80827065.5,1023,,
2026-04-30,HDL,,1148,1135.2,1146,,,28379,32401100.6,439,,
2026-04-30,HFIN,,1045,956.6,1024,,,94735,94168284.9,3649,,
2026-04-30,HHL,,389.5,379,384,,,81781,31352005.7,298,,
2026-04-30,HIDCL,,268.7,262,265.7,,,126205,33365958.1,455,,
2026-04-30,HIMSTAR,,865,805,840,,,14834,12398816.3,234,,
2026-04-30,HLBSL,,900,873,889,,,762,668666,24,,
2026-04-30,HLI,,342,337,340,,,55779,18928361.4,462,,
2026-04-30,HPPL,,375,362,366.6,,,42793,15750010.8,245,,
2026-04-30,HRL,,679,666,671.1,,,104696,70291775.1,1044,,
2026-04-30,HURJA,,257.8,242.2,255,,,90951,23112608,320,,
2026-04-30,ICFC,,628.5,615,622.1,,,5496,3394542.2,58,,
2026-04-30,IHL,,406,395,395,,,13138,5227771.6,115,,
2026-04-30,ILBS,,966,894.9,944,,,967,905092.8,35,,
2026-04-30,ILI,,439,429,433.5,,,17474,7551937.2,225,,
2026-04-30,JBLB,,1280.9,1265,1268,,,4483,5703314.4,152,,
2026-04-30,JFL,,411.5,406,409,,,5862,2394059,56,,
2026-04-30,JHAPA,,1700,1483,1564,,,38447,60335288.6,494,,
2026-04-30,JOSHI,,284,277,277,,,23785,6634658.6,149,,
2026-04-30,JSLBB,,1093,1062.4,1093,,,279,297743,14,,
2026-04-30,KBL,,219.8,213,217.3,,,368727,79751331.3,919,,
2026-04-30,KBSH,,1615,1555.1,1580,,,123,196090.1,8,,
2026-04-30,KDL,,820,795,820,,,3733,2992996.6,82,,
2026-04-30,KKHC,,265.5,258,262,,,48511,12718321.1,255,,
2026-04-30,KMCDB,,889.9,865,879,,,3124,2734856.5,56,,
2026-04-30,KPCL,,489,481,485.9,,,8094,3923594.4,79,,
2026-04-30,LEC,,225,219,222,,,160616,35529267.3,450,,
2026-04-30,LICN,,814.8,802.1,808.1,,,3563,2883715.7,48,,
2026-04-30,LLBS,,975,915.2,975,,,1019,956318.8,26,,
2026-04-30,LSL,,216.5,210,216.5,,,106398,22745641.4,228,,
2026-04-30,MABEL,,678.7,649.8,664,,,9466,6264470.1,143,,
2026-04-30,MAKAR,,495,485,492,,,8423,4146844,61,,
2026-04-30,MANDU,,823,799,803.5,,,222,178837.2,20,,
2026-04-30,MATRI,,928,900,919.5,,,379,345432.8,25,,
2026-04-30,MBJC,,286.1,276.6,281,,,66145,18536127.4,310,,
2026-04-30,MBL,,247,240,242.1,,,109730,26739047.9,268,,
2026-04-30,MCHL,,337,320,322,,,20167,6570349.7,132,,
2026-04-30,MEHL,,404,390,395.9,,,14386,5664663.7,131,,
2026-04-30,MEL,,253,239.4,250,,,14629,3649653.9,169,,
2026-04-30,MEN,,583.9,575,583.5,,,30475,17670404,200,,
2026-04-30,MERO,,723,705,718.8,,,5626,3996093.1,66,,
2026-04-30,MFIL,,777,727.1,768.1,,,34319,26264434.1,152,,
2026-04-30,MHCL,,350.6,335,350.6,,,7607,2598099.5,72,,
2026-04-30,MHL,,504,490,497,,,9126,4507664.5,91,,
2026-04-30,MHNL,,264,251.1,261,,,22857,5961922.4,105,,
2026-04-30,MKCL,,1319,1304,1315,,,1915,2506663,62,,
2026-04-30,MKHC,,322,315.3,319,,,12257,3898874.6,93,,
2026-04-30,MKHL,,615,528.9,559,,,10618,6056455,157,,
2026-04-30,MKJC,,500,493.1,498,,,4126,2053507,45,,
2026-04-30,MLBBL,,1221.2,1190.1,1205,,,1372,1653537.2,42,,
2026-04-30,MLBS,,1261,1230,1245,,,763,950787,29,,
2026-04-30,MLBSL,,1799,1750,1789,,,1684,2971914,41,,
2026-04-30,MMKJL,,510,491.2,498,,,4166,2088456.6,62,,
2026-04-30,MPFL,,610,590,609.9,,,16847,10172667.2,115,,
2026-04-30,MSHL,,727.1,706,727.1,,,140,100206,10,,
2026-04-30,MSLB,,1289.9,1230,1241.1,,,613,776114.3,23,,
2026-04-30,NABIL,,528.1,520,528,,,47024,24662941.4,491,,
2026-04-30,NADEP,,749,730.1,740.1,,,544,405917.7,21,,
2026-04-30,NBL,,268.9,265,268,,,44316,11819687.2,222,,
2026-04-30,NESDO,,1540,1510,1538,,,1253,1894798,18,,
2026-04-30,NFS,,590,576,582,,,14499,8416492.7,157,,
2026-04-30,NGPL,,440,430.1,437,,,205103,89063398.7,647,,
2026-04-30,NHDL,,635,619,627,,,972,609898.4,21,,
2026-04-30,NHPC,,299.9,279.1,296,,,669730,193005378.3,1948,,
2026-04-30,NICA,,359,350.1,358,,,62652,22123788.4,280,,
2026-04-30,NICLBSL,,578,566.1,576.5,,,5885,3365226.1,96,,
2026-04-30,NIFRA,,264.8,259,261.2,,,143622,37388224.1,773,,
2026-04-30,NIMB,,200,197,198,,,89697,17800021,447,,
2026-04-30,NLIC,,770,756.3,762.9,,,22550,17161164.9,200,,
2026-04-30,NLICL,,596.9,575,587,,,8965,5257974.5,50,,
2026-04-30,NLO,,269.4,269.4,269.4,,,0,0,0,,
2026-04-30,NMB,,246,239,240.4,,,25770,6172401.2,129,,
2026-04-30,NMBMF,,638,613.7,636.2,,,2132,1349647.9,31,,
2026-04-30,NMFBS,,1111,1090,1097.1,,,2094,2298949.7,59,,
2026-04-30,NMLBBL,,610.8,603,610,,,9293,5635661.2,95,,
2026-04-30,NRIC,,900,880,880.6,,,39461,34809075.1,480,,
2026-04-30,NRM,,404,394,400,,,10830,4334492.6,106,,
2026-04-30,NRN,,1490,1377.5,1443,,,108483,154208861.9,653,,
2026-04-30,NTC,,889,867,872,,,17381,15251164,221,,
2026-04-30,NUBL,,680,672,678,,,5917,3996746.8,42,,
2026-04-30,NWCL,,800,767,793.9,,,1307,1019095,38,,
2026-04-30,NYADI,,395,386.3,391,,,3599,1404306.3,66,,
2026-04-30,OHL,,697,673.2,697,,,1785,1216780,21,,
2026-04-30,OMPL,,1165,1102,1154.9,,,4960,5675768,137,,
2026-04-30,PCBL,,239,235.3,238,,,40022,9503157.2,162,,
2026-04-30,PCIL,,1030,885.1,948,,,108003,100071698.3,9191,,
2026-04-30,PFL,,379.9,372,379.9,,,6375,2385551.5,62,,
2026-04-30,PHCL,,303.9,286,303.9,,,73697,21969040.8,346,,
2026-04-30,PMHPL,,338.2,331,334,,,10680,3582898.4,72,,
2026-04-30,PMLI,,467,460,464,,,7009,3238512.4,145,,
2026-04-30,PPCL,,380,370,375.5,,,14728,5520403.8,114,,
2026-04-30,PPL,,352,333,348,,,38272,13234550.6,229,,
2026-04-30,PROFL,,444.7,432,444.7,,,7718,3403657.3,47,,
2026-04-30,PRVU,,197,191.2,196,,,156425,30469843.2,691,,
2026-04-30,PURE,,909,880,903.2,,,12532,11168370.5,169,,
2026-04-30,RADHI,,758.9,722.8,754,,,65157,48510309,268,,
2026-04-30,RAWA,,640,600,605,,,2895,1799029.9,48,,
2026-04-30,RFPL,,388.3,353.5,388.3,,,82093,30615228.8,277,,
2026-04-30,RHGCL,,307.2,285,294.9,,,35583,10444021.8,189,,
2026-04-30,RHPL,,277,271.1,275,,,21550,5922891.3,147,,
2026-04-30,RIDI,,354,323.9,349,,,322578,111084123.4,912,,
2026-04-30,RLEL,,1175,1080.1,1150,,,34662,38873294.9,1401,,
2026-04-30,RLFL,,433,421,430,,,5328,2270898.5,43,,
2026-04-30,RNLI,,461,454,460.1,,,13805,6331615.6,212,,
2026-04-30,RSDC,,679,660,665,,,4978,3323958.2,50,,
2026-04-30,RSML,,3989,3700,3850.2,,,70158,267568490.9,1522,,
2026-04-30,RURU,,665.3,641.2,650.1,,,5680,3697849,45,,
2026-04-30,SAGAR,,1775,1684,1770.9,,,18123,31310705.9,264,,
2026-04-30,SAHAS,,617.9,610,616,,,55506,34089540.7,451,,
2026-04-30,SAIL,,1290.3,1080,1263,,,84231,97202549.1,832,,
2026-04-30,SANIMA,,349.8,329.6,349,,,52897,18251765.9,230,,
2026-04-30,SANVI,,699,670,693,,,18017,12283028.2,250,,
2026-04-30,SARBTM,,835,820,827,,,6865,5667862.7,102,,
2026-04-30,SBI,,399,395,397.9,,,7503,2969097.4,37,,
2026-04-30,SBL,,391,368,389.9,,,64239,24881396.8,140,,
2026-04-30,SCB,,640.4,635,639,,,14186,9064057.3,102,,
2026-04-30,SGHC,,379,368,375.9,,,15583,5784632.8,130,,
2026-04-30,SHEL,,309,302,307,,,124580,38055837,428,,
2026-04-30,SHIVM,,668,650.1,664.2,,,258669,170314257.2,900,,
2026-04-30,SHL,,530,490,496.1,,,40288,20565734.1,127,,
2026-04-30,SHLB,,1470,1455,1460,,,390,568711,15,,
2026-04-30,SHPC,,514.9,506.1,512.3,,,33375,17051650.6,187,,
2026-04-30,SIFC,,540,528,530,,,11738,6233034.9,99,,
2026-04-30,SIKLES,,584.5,575,581,,,12806,7397728.5,158,,
2026-04-30,SIPD,,1028,854,974,,,62190,57453261,5217,,
2026-04-30,SJCL,,305,291.1,298.7,,,31991,9428040.4,145,,
2026-04-30,SJLIC,,431,426.1,429.6,,,22142,9483924.9,170,,
2026-04-30,SKBBL,,762,756.1,760,,,11251,8558901.2,127,,
2026-04-30,SKHEL,,1441,1365,1419.9,,,12590,17632764.2,703,,
2026-04-30,SKHL,,1013,941.3,980.1,,,25492,25063993.2,984,,
2026-04-30,SLBBL,,818,805,810,,,2270,1835155.1,64,,
2026-04-30,SLBSL,,1229,1200,1217,,,899,1079260,12,,
2026-04-30,SMATA,,767,750.1,755,,,4213,3195255,90,,
2026-04-30,SMB,,1720.1,1700,1718,,,340,582224,12,,
2026-04-30,SMFBS,,1681,1601.2,1611.5,,,1414,2309286.1,19,,
2026-04-30,SMH,,567,549.2,559,,,11735,6502243.9,161,,
2026-04-30,SMHL,,494,486.1,486.3,,,44961,21955948.8,264,,
2026-04-30,SMJC,,471.4,447.2,454,,,23274,10505296.7,190,,
2026-04-30,SMPDA,,848.9,825.4,844.9,,,674,561859.4,35,,
2026-04-30,SNLI,,453.9,446,452.5,,,7756,3496767.2,214,,
2026-04-30,SOHL,,741,691,710,,,194162,138548060.6,3450,,
2026-04-30,SONA,,436.9,424,433,,,40142,17220514.2,369,,
2026-04-30,SPC,,472.9,456,463.3,,,8066,3698196.8,71,,
2026-04-30,SPDL,,401.4,386.2,394,,,61161,23967970.7,210,,
2026-04-30,SPHL,,517,503.1,516.5,,,1217,624554,24,,
2026-04-30,SPL,,719,700.1,710,,,1272,898436,30,,
2026-04-30,SRLI,,393.7,385.3,390,,,10369,4023705.4,160,,
2026-04-30,SSHL,,215,208.1,212,,,174304,36824622.5,682,,
2026-04-30,STC,,5850,5740,5800,,,501,2889213,16,,
2026-04-30,SWASTIK,,2462,2420,2455,,,1278,3116834,63,,
2026-04-30,SWBBL,,729,718,720,,,3126,2262193.9,49,,
2026-04-30,SWMF,,666.8,648.1,666.8,,,3412,2241508.1,39,,
2026-04-30,SYPNL,,1544,1378,1497,,,87391,127600382.2,1783,,
2026-04-30,TAMOR,,440,430.7,434,,,50711,22050711.4,197,,
2026-04-30,TPC,,375,365,372,,,38893,14346736.4,155,,
2026-04-30,TRH,,738.2,735,735.5,,,1155,850911,10,,
2026-04-30,TSHL,,675,636,637,,,432,277166.5,20,,
2026-04-30,TTL,,804,777.7,790,,,19889,15666150.5,384,,
2026-04-30,TVCL,,546,485,508,,,5458,2745707,60,,
2026-04-30,UHEWA,,569.5,555.5,569,,,4561,2570682.5,77,,
2026-04-30,ULBSL,,2998,2901,2978,,,1753,5143887,76,,
2026-04-30,ULHC,,495.8,485,493.9,,,8072,3963286.1,57,,
2026-04-30,UMHL,,575,566.1,570.9,,,30905,17595911.5,115,,
2026-04-30,UMRH,,533.5,526,532,,,4692,2489513.7,48,,
2026-04-30,UNHPL,,478.8,468,474.1,,,29729,14095754.9,114,,
2026-04-30,UNL,,47000,47000,47000,,,1,47000,1,,
2026-04-30,UNLB,,1433,1392,1431.9,,,1298,1822307,46,,
2026-04-30,UPCL,,374,365.2,374,,,59161,21871539.3,274,,
2026-04-30,UPPER,,206,200,203.8,,,241756,49071024.9,927,,
2026-04-30,USHEC,,487,477,485.5,,,21303,10257975,82,,
2026-04-30,USHL,,660,616,645,,,1999,1255843.9,34,,
2026-04-30,USLB,,1300,1280,1294,,,1846,2372439.5,42,,
2026-04-30,VLBS,,706,672,696.1,,,4153,2890099.7,175,,
2026-04-30,VLUCL,,496,481,494.8,,,8356,4086850.1,88,,
