date,symbol,open,high,low,close,prev_close,vwap,volume,turnover,trades,week_52_high,week_52_low
2026-06-01,ACLBSL,,975,950,950,,,663,633078.1,27,,
2026-06-01,ADBL,,320,315,315.2,,,17306,5470466,153,,
2026-06-01,AHL,,508,495,500,,,7729,3861740,74,,
2026-06-01,AHPC,,290,278,281.5,,,113904,32108057,390,,
2026-06-01,AKJCL,,443.9,425.2,431,,,997531,430451751.5,1409,,
2026-06-01,AKPL,,280,270,271.9,,,106989,29145017.4,340,,
2026-06-01,ALBSL,,1160,1087,1093,,,6984,7677639.7,77,,
2026-06-01,ALICL,,462.5,452,455.8,,,23886,10857610.1,84,,
2026-06-01,ANLB,,5980,5810,5980,,,157,922991,17,,
2026-06-01,API,,370,354,355.4,,,405037,145742952.6,970,,
2026-06-01,AVYAN,,1167.8,1111.8,1115,,,2427,2723946.5,59,,
2026-06-01,BANDIPUR,,864,822.1,825,,,37590,31449993.8,659,,
2026-06-01,BARUN,,354.8,343,343.1,,,33356,11581550.8,166,,
2026-06-01,BBC,,4738,4466,4515,,,2775,12697380,183,,
2026-06-01,BEDC,,380,366,368.9,,,30421,11332929.7,195,,
2026-06-01,BFC,,458.9,447,455.9,,,10202,4613566.7,75,,
2026-06-01,BGWT,,672.9,655.1,658,,,72,47609,6,,
2026-06-01,BHCL,,626,590,624,,,206078,127029919.5,1634,,
2026-06-01,BHDC,,474.8,458,463.9,,,49026,22603312.5,226,,
2026-06-01,BHL,,228,220,222,,,120478,26894416.4,456,,
2026-06-01,BHPL,,539,523,523.3,,,6044,3171879,86,,
2026-06-01,BJHL,,946.9,900,911,,,13674,12588898.5,306,,
2026-06-01,BNHC,,340,330,330.1,,,1831,610969.3,37,,
2026-06-01,BNL,,14551,14551,14551,,,0,0,0,,
2026-06-01,BNT,,12200,11834,11834,,,30,359290,3,,
2026-06-01,BPCL,,700,671.4,681.9,,,23940,16318461.7,185,,
2026-06-01,BUNGAL,,799,723,730,,,104206,77330890,836,,
2026-06-01,CBBL,,940,920,923.9,,,16794,15527209,214,,
2026-06-01,CFCL,,536,499,534,,,48603,25166675.3,268,,
2026-06-01,CGH,,805,790,797,,,22363,17769612,177,,
2026-06-01,CHCL,,507.6,484,491.9,,,68793,33593319.1,237,,
2026-06-01,CHDC,,2360,2277,2285,,,5932,13567433.7,130,,
2026-06-01,CHL,,301,290,292,,,15736,4608874.9,89,,
2026-06-01,CIT,,1860,1772,1778.7,,,4718,8389830.6,150,,
2026-06-01,CITY,,390,365,371,,,165567,62023832.3,660,,
2026-06-01,CKHL,,729.7,675,675,,,1706,1160196.5,22,,
2026-06-01,CLI,,460,450,455,,,16729,7637699.8,201,,
2026-06-01,CREST,,1400,1229,1256.2,,,11858,15115945.3,247,,
2026-06-01,CYCL,,1495,1455.1,1478,,,165,241630.3,16,,
2026-06-01,CZBIL,,207,202,202.4,,,62548,12729718.1,150,,
2026-06-01,DDBL,,865,821.6,850,,,4954,4165498.9,66,,
2026-06-01,DHEL,,654,618.5,623,,,36183,22861378.1,473,,
2026-06-01,DHPL,,312,298,308,,,11323,3432281,50,,
2026-06-01,DLBS,,1276,1270,1275.5,,,113,143528,12,,
2026-06-01,DOLTI,,362,347.3,349.9,,,40257,14163281.8,258,,
2026-06-01,DORDI,,284.9,276,276,,,38922,10868737.2,199,,
2026-06-01,EBL,,715,707.5,709.5,,,15926,11321002.6,197,,
2026-06-01,EHPL,,410.1,389.1,390.1,,,14043,5527806.6,110,,
2026-06-01,ENL,,910,860,895,,,1252,1097778,28,,
2026-06-01,FMDBL,,831.6,783,788,,,12912,10196075.6,91,,
2026-06-01,FOWAD,,1066,1036,1036,,,4090,4267400.7,73,,
2026-06-01,GBIME,,242,238,240.6,,,100395,23987649.7,342,,
2026-06-01,GBLBS,,794.8,772,773.9,,,3722,2883259.8,50,,
2026-06-01,GCIL,,443,425,430,,,25974,11240775.7,195,,
2026-06-01,GFCL,,627,617.09,620.5,,,16053,10002973.32,71,,
2026-06-01,GHL,,244.5,237,239,,,57563,13796538.7,198,,
2026-06-01,GILB,,1147,1112.1,1122.8,,,184,206944.4,9,,
2026-06-01,GLBSL,,1800.1,1790,1791.2,,,367,658588,15,,
2026-06-01,GLH,,278,268,268,,,29317,7948716.4,172,,
2026-06-01,GMFBS,,1300,1272,1295,,,851,1089712.4,22,,
2026-06-01,GMFIL,,469,451.1,467.9,,,17696,8143947.9,69,,
2026-06-01,GMLI,,1318,1280,1307.9,,,3393,4378952.5,81,,
2026-06-01,GUFL,,543.1,525,527.9,,,7670,4059576.4,46,,
2026-06-01,GVL,,500,490,490.7,,,7253,3578477.3,98,,
2026-06-01,HATHY,,804,785,786,,,2931,2312731,77,,
2026-06-01,HBL,,204,200,200.5,,,56188,11329898.1,673,,
2026-06-01,HDHPC,,231,222,224.2,,,272012,61485686.8,627,,
2026-06-01,HDL,,1179.9,1165,1165,,,24220,28373418.5,396,,
2026-06-01,HFIN,,988.1,953.1,955,,,51409,49629970.2,1193,,
2026-06-01,HHL,,370,364,364,,,35351,12958796.9,164,,
2026-06-01,HIDCL,,274,265.1,266.2,,,114009,30580001.6,488,,
2026-06-01,HIMSTAR,,911,852.1,860,,,5836,5106159.7,125,,
2026-06-01,HLBSL,,890,857,890,,,1248,1079220.5,15,,
2026-06-01,HLI,,348,340,341,,,29026,9939896,269,,
2026-06-01,HPPL,,385,373,376.5,,,26528,10044449.2,136,,
2026-06-01,HRL,,719,635,674.4,,,379125,257738337.9,2945,,
2026-06-01,HURJA,,262,255,255.3,,,102023,26312358.9,262,,
2026-06-01,ICFC,,631,619,622,,,8303,5179754.5,58,,
2026-06-01,IHL,,428,408.5,410.9,,,36340,15045740.2,264,,
2026-06-01,ILBS,,954.8,900,924.9,,,1842,1684053.6,34,,
2026-06-01,ILI,,445,440,444,,,5253,2320377.6,177,,
2026-06-01,JBLB,,1320,1293,1295,,,5971,7767873.7,147,,
2026-06-01,JFL,,412,404,410,,,1067,435158.9,21,,
2026-06-01,JHAPA,,1529.9,1440,1480,,,15545,22884272.7,259,,
2026-06-01,JOSHI,,289,280.4,282,,,11960,3384683,84,,
2026-06-01,JSLBB,,1100,1076.2,1078.1,,,126,136018,5,,
2026-06-01,KBL,,225,215,218,,,298425,64757182.5,747,,
2026-06-01,KBSH,,1650,1601,1601,,,22,35761,2,,
2026-06-01,KDL,,836,820.1,823.5,,,930,768091.5,33,,
2026-06-01,KHPL,,433.3,375.3,433.3,,,150,62668,15,,
2026-06-01,KKHC,,270,258,267.5,,,55382,14638743.1,224,,
2026-06-01,KMCDB,,868,860,863.9,,,775,667052.1,21,,
2026-06-01,KPCL,,501,490,493,,,5835,2891980.6,55,,
2026-06-01,LEC,,234,223.5,224.1,,,125776,28689410.6,373,,
2026-06-01,LICN,,827,811.3,813,,,3769,3073770.5,50,,
2026-06-01,LLBS,,1002,913,963,,,254,237787,12,,
2026-06-01,LSL,,227.8,220.5,222.6,,,153894,34381073.8,269,,
2026-06-01,MABEL,,773,718,731,,,29594,21795443,279,,
2026-06-01,MAKAR,,510,495.4,499,,,9064,4545098.3,83,,
2026-06-01,MANDU,,835,810,820,,,1598,1321457,34,,
2026-06-01,MATRI,,897,880,896.5,,,1325,1170303.4,31,,
2026-06-01,MBJC,,292,284.1,284.1,,,15878,4544163.8,204,,
2026-06-01,MBL,,257,249.3,251,,,95972,24037484.8,282,,
2026-06-01,MCHL,,321.9,312.1,316.9,,,5113,1618770,67,,
2026-06-01,MEHL,,391.4,371,375,,,4117,1549784.5,58,,
2026-06-01,MEL,,250,242,242,,,9787,2407879.5,161,,
2026-06-01,MEN,,625,610,618,,,81327,50095469.9,334,,
2026-06-01,MERO,,729,712,719,,,1845,1321416.8,25,,
2026-06-01,MFIL,,798,770.3,783,,,45070,35220008.8,154,,
2026-06-01,MHCL,,360.5,346.6,350,,,3797,1342207,66,,
2026-06-01,MHL,,506,495,499.9,,,4455,2221382.5,65,,
2026-06-01,MHNL,,275,260,268,,,24317,6463875.6,92,,
2026-06-01,MKCL,,1285,1260,1280,,,1462,1860999.5,46,,
2026-06-01,MKHC,,334,323,326,,,13292,4330152.9,107,,
2026-06-01,MKHL,,550,530.1,539.9,,,5370,2875412,71,,
2026-06-01,MKJC,,509,500,501,,,6898,3466676,52,,
2026-06-01,MLBBL,,1229,1181.7,1198,,,492,586091.1,19,,
2026-06-01,MLBS,,1288,1254,1276,,,90,113510,7,,
2026-06-01,MLBSL,,1819,1800,1805,,,1485,2674551.5,12,,
2026-06-01,MMKJL,,540,510,510,,,7398,3854866.7,83,,
2026-06-01,MPFL,,622.9,607.1,610.2,,,17162,10543207.9,64,,
2026-06-01,MSHL,,696,673.2,681,,,624,426687.8,23,,
2026-06-01,MSLB,,1250,1236.2,1240,,,446,552342.4,15,,
2026-06-01,NABIL,,544,531,534,,,44350,23740496.2,503,,
2026-06-01,NADEP,,756,715,752.6,,,1421,1036447,36,,
2026-06-01,NBL,,281.1,260.1,268,,,63826,17155146,220,,
2026-06-01,NESDO,,1560,1525.3,1560,,,236,361573.5,18,,
2026-06-01,NFS,,579,556,570,,,8873,5004337.3,108,,
2026-06-01,NGPL,,455.5,444.2,447,,,206497,92877924,528,,
2026-06-01,NHDL,,680,630,637,,,8782,5873522.5,37,,
2026-06-01,NHPC,,307,292,295,,,552680,165830863,1510,,
2026-06-01,NICA,,354,338.2,344.1,,,111231,38262047.8,445,,
2026-06-01,NICLBSL,,590,565.2,576,,,7986,4553160.1,73,,
2026-06-01,NIFRA,,269,262,264,,,63393,16798198.9,473,,
2026-06-01,NIMB,,202.8,197.8,197.8,,,112367,22391103.1,418,,
2026-06-01,NLIC,,782,762.5,763,,,25151,19382060.4,195,,
2026-06-01,NLICL,,599.9,564.3,588.7,,,16137,9482813.1,53,,
2026-06-01,NLO,,269.4,269.4,269.4,,,0,0,0,,
2026-06-01,NMB,,249.4,243.1,246,,,56086,13740665.2,140,,
2026-06-01,NMBMF,,648.2,630,648.2,,,938,592986.4,19,,
2026-06-01,NMFBS,,1149,1130,1136,,,3711,4225590.8,28,,
2026-06-01,NMLBBL,,595,580,585,,,4054,2373587.2,34,,
2026-06-01,NRIC,,1047.6,953,1047.6,,,361857,371305602,3322,,
2026-06-01,NRM,,397.5,370.3,373,,,28761,10835015.2,205,,
2026-06-01,NRN,,1415,1371.1,1385,,,33522,46706904.4,344,,
2026-06-01,NTC,,890.4,831.7,864,,,111256,95609260.6,1431,,
2026-06-01,NUBL,,670,652,655,,,2429,1605657.2,33,,
2026-06-01,NWCL,,851,791,792,,,2188,1765832.4,56,,
2026-06-01,NYADI,,407,386.7,392,,,8295,3271369.5,82,,
2026-06-01,OHL,,701,690,690,,,302,210849,8,,
2026-06-01,OMPL,,1194,1155,1161,,,1798,2099797.1,75,,
2026-06-01,PCBL,,250,239.7,240.9,,,37497,9074349.6,160,,
2026-06-01,PCIL,,818.9,800,803.7,,,63106,50880027.6,2125,,
2026-06-01,PFL,,380.1,365,369,,,4840,1784993.5,50,,
2026-06-01,PHCL,,319,305,310.2,,,72404,22441399.9,310,,
2026-06-01,PMHPL,,348,340,344,,,6492,2219034.9,52,,
2026-06-01,PMLI,,471,464,464,,,4629,2162466.2,87,,
2026-06-01,PPCL,,409.5,370,386.4,,,23230,8926606.6,79,,
2026-06-01,PPL,,360.9,342.8,353.7,,,20191,7128715.7,152,,
2026-06-01,PROFL,,450,432,440,,,4075,1784223.9,30,,
2026-06-01,PRVU,,200.9,196.2,197.6,,,82894,16420313.4,367,,
2026-06-01,PURE,,980,907.1,924,,,17923,16704951.8,222,,
2026-06-01,RADHI,,789,765,770,,,49919,38441969.7,243,,
2026-06-01,RAWA,,613.2,561.1,572,,,1005,579782.7,23,,
2026-06-01,RFPL,,400,369,375,,,47616,17707511.6,211,,
2026-06-01,RHGCL,,309,297.8,298,,,37848,11364451,165,,
2026-06-01,RHPL,,295,276.5,277.5,,,18505,5169286.9,118,,
2026-06-01,RIDI,,378,363.4,365,,,481734,178264302.2,1006,,
2026-06-01,RLEL,,1099,1007,1025,,,18907,19594313,479,,
2026-06-01,RLFL,,443.9,430,432,,,2109,913038.7,22,,
2026-06-01,RNLI,,472,460,466,,,8701,4070727.5,211,,
2026-06-01,RSDC,,691,650.1,659.2,,,4612,3136523.1,25,,
2026-06-01,RSML,,3745,3650,3670,,,26045,96049883.5,552,,
2026-06-01,RURU,,669.5,650,657,,,5524,3638894.4,50,,
2026-06-01,SAGAR,,1719.9,1675.1,1678.1,,,6467,10922300.9,160,,
2026-06-01,SAHAS,,687,668.7,672,,,227667,153886236.1,1073,,
2026-06-01,SAIL,,1183,1110,1117,,,26494,29684995.5,419,,
2026-06-01,SANIMA,,369,362,369,,,87556,32075166,246,,
2026-06-01,SANVI,,730,705,706,,,15053,10750501,238,,
2026-06-01,SARBTM,,875,855.1,868,,,7386,6387821.7,87,,
2026-06-01,SBI,,402,394.3,396.5,,,22036,8739900.9,59,,
2026-06-01,SBL,,406,396.1,402.9,,,109086,43699162.1,200,,
2026-06-01,SCB,,661,642,656,,,7325,4817096,85,,
2026-06-01,SGHC,,386.9,364,373,,,14252,5238192.5,107,,
2026-06-01,SHEL,,323,313.4,316,,,121580,38625241.9,348,,
2026-06-01,SHIVM,,686,668,671.1,,,184121,124211819.1,883,,
2026-06-01,SHL,,520,500,510,,,22177,11214814.5,101,,
2026-06-01,SHLB,,1524,1450,1465,,,628,928363,14,,
2026-06-01,SHPC,,528,515,517.2,,,40799,21222361.5,169,,
2026-06-01,SIFC,,543,522.1,534.9,,,9153,4840510,67,,
2026-06-01,SIKLES,,620,596.4,600,,,7434,4466889.4,86,,
2026-06-01,SIPD,,829,790.7,797,,,26402,21270788.7,809,,
2026-06-01,SJCL,,306,295,296.2,,,17520,5220906,120,,
2026-06-01,SJLIC,,438,432.1,432.1,,,12456,5395547,122,,
2026-06-01,SKBBL,,780,765.1,768,,,3719,2864129.3,72,,
2026-06-01,SKHEL,,1290,1225,1239.9,,,10425,12949240.3,268,,
2026-06-01,SKHL,,975.1,921,930.1,,,22605,21390491.6,538,,
2026-06-01,SLBBL,,835,815,816,,,7545,6177220.4,77,,
2026-06-01,SLBSL,,1213,1182.1,1185.1,,,433,515651.3,9,,
2026-06-01,SMATA,,780.1,760.4,764,,,2941,2247378.2,56,,
2026-06-01,SMB,,1792,1700,1702,,,2609,4475762.3,60,,
2026-06-01,SMFBS,,1519,1501,1519,,,348,523661,9,,
2026-06-01,SMH,,605,590,592,,,6959,4133545,62,,
2026-06-01,SMHL,,515,500,504.9,,,36963,18707113.7,220,,
2026-06-01,SMJC,,497.7,461.5,465,,,15141,7088229.2,144,,
2026-06-01,SMPDA,,849,835,844.9,,,384,321911,21,,
2026-06-01,SNLI,,464.9,453,456.5,,,27334,12503092.2,243,,
2026-06-01,SOHL,,693,655,660,,,126440,84370846.7,1715,,
2026-06-01,SONA,,460.9,447,449.2,,,43057,19469215.4,293,,
2026-06-01,SPC,,479.7,456,456,,,9611,4424956.9,60,,
2026-06-01,SPDL,,426.3,400,403,,,20927,8431236.8,100,,
2026-06-01,SPHL,,547.9,531.5,544,,,18151,9802088.6,65,,
2026-06-01,SPL,,708.9,700.2,708.9,,,876,616155.9,23,,
2026-06-01,SRLI,,396.2,390,393.9,,,18486,7275052.9,163,,
2026-06-01,SSHL,,223.9,213.5,215.2,,,153154,33422544,523,,
2026-06-01,STC,,5560.1,5454.2,5497.9,,,1142,6274489.2,40,,
2026-06-01,SWASTIK,,2390,2350,2390,,,550,1303196,26,,
2026-06-01,SWBBL,,785.4,730,733,,,18489,13557677.6,90,,
2026-06-01,SWMF,,671,651,665,,,2202,1451630,36,,
2026-06-01,SYPNL,,1499.7,1451,1454,,,58496,85746241.1,747,,
2026-06-01,TAMOR,,508.2,462.3,466,,,89177,42080288,405,,
2026-06-01,TPC,,378.9,365,372,,,30407,11267124.9,155,,
2026-06-01,TRH,,770,760,767,,,5898,4515698.8,23,,
2026-06-01,TSHL,,632.1,561.1,578,,,3609,2094028,54,,
2026-06-01,TTL,,849.7,815,819,,,18527,15361776.4,387,,
2026-06-01,TVCL,,545,520,525,,,2472,1300595.2,44,,
2026-06-01,UHEWA,,598,586,589.5,,,8739,5166346.1,102,,
2026-06-01,ULBSL,,2910,2827.5,2898.8,,,507,1447333,26,,
2026-06-01,ULHC,,479.5,465,467,,,18226,8579212.5,121,,
2026-06-01,UMHL,,593,570,577,,,15649,9027176.7,106,,
2026-06-01,UMRH,,557.5,538.7,544,,,6599,3600060.1,66,,
2026-06-01,UNHPL,,443.9,429,436.8,,,29503,12891086.8,171,,
2026-06-01,UNL,,46600,46600,46600,,,10,466000,1,,
2026-06-01,UNLB,,1447,1363,1400,,,1556,2177824.5,29,,
2026-06-01,UPCL,,377,360,367.7,,,53077,19662954.3,178,,
2026-06-01,UPPER,,210,203.8,204.5,,,111220,22881526.9,584,,
2026-06-01,USHEC,,524,505.5,511.5,,,27002,13939179.6,130,,
2026-06-01,USHL,,642,615.1,625,,,674,422493.4,18,,
2026-06-01,USLB,,1285,1262,1268,,,321,407221,12,,
2026-06-01,VLBS,,688,661,684,,,3036,2071817.8,103,,
2026-06-01,VLUCL,,496,482,485,,,2730,1325384.9,43,,
2026-06-02,ACLBSL,,970,945,955,,,881,837419.5,22,,
2026-06-02,ADBL,,330.9,311.4,316.8,,,10742,3379137.1,127,,
2026-06-02,AHL,,504.5,489.1,496.4,,,3420,1698569,40,,
2026-06-02,AHPC,,295,277,280,,,92518,25918569.4,281,,
2026-06-02,AKJCL,,440.9,410,439.9,,,1081313,467658798.3,1597,,
2026-06-02,AKPL,,275,268,273.8,,,88025,24031947.7,270,,
2026-06-02,ALBSL,,1120,1070,1119,,,16412,18033530.4,103,,
2026-06-02,ALICL,,478.5,452.1,456,,,20378,9293001.2,115,,
2026-06-02,ANLB,,6392,5681,5800,,,1616,9314948.6,49,,
2026-06-02,API,,360,351.4,357,,,318836,113589488.4,734,,
2026-06-02,AVYAN,,1137.8,1104,1111.1,,,4790,5334315.1,81,,
2026-06-02,BANDIPUR,,835,820,835,,,27939,23124412.3,581,,
2026-06-02,BARUN,,347,340,345,,,29470,10155851.3,161,,
2026-06-02,BBC,,4600,4271.1,4580,,,3117,13860861.5,120,,
2026-06-02,BEDC,,387.3,365.3,370,,,13299,4903069.2,141,,
2026-06-02,BFC,,482,461,478.2,,,56361,26758407,376,,
2026-06-02,BGWT,,674,650,672,,,3485,2325593.3,51,,
2026-06-02,BHCL,,655.2,600,609,,,145445,89919720.1,1136,,
2026-06-02,BHDC,,468.9,458,466,,,25353,11692733.5,124,,
2026-06-02,BHL,,225,210.9,222,,,84456,18739526.1,387,,
2026-06-02,BHPL,,528,516.1,526.1,,,5308,2770915.2,71,,
2026-06-02,BJHL,,930,900,900.1,,,9476,8572759.5,263,,
2026-06-02,BNHC,,339.9,325.2,335,,,3400,1137528.6,62,,
2026-06-02,BNL,,14118.2,14118.2,14118.2,,,10,141182,1,,
2026-06-02,BNT,,11900,11479,11900,,,30,349373,3,,
2026-06-02,BPCL,,692,682,688.8,,,20980,14345929.2,103,,
2026-06-02,BUNGAL,,730,675,697.2,,,92390,64546886.9,701,,
2026-06-02,CBBL,,926.9,922.1,925.9,,,11455,10590638.4,138,,
2026-06-02,CFCL,,610,540,607,,,383099,222906752.5,1954,,
2026-06-02,CGH,,803.2,789,799.4,,,24875,19707100,224,,
2026-06-02,CHCL,,505.7,489.1,501,,,92972,46572539,497,,
2026-06-02,CHDC,,2296,2250,2288,,,3747,8538212.6,78,,
2026-06-02,CHL,,297,290.2,296,,,16067,4720846.5,74,,
2026-06-02,CIT,,1784,1760,1770,,,5463,9682249.6,114,,
2026-06-02,CITY,,380,369,374.4,,,112955,41998828.1,349,,
2026-06-02,CKHL,,680,656,675,,,710,477176,23,,
2026-06-02,CLI,,459,452.3,454.3,,,18928,8610010.1,253,,
2026-06-02,CREST,,1401,1190,1226.2,,,19323,24055243.2,331,,
2026-06-02,CYCL,,1478,1453,1465,,,489,715968.3,23,,
2026-06-02,CZBIL,,205,202.1,204.9,,,29660,6036816.1,126,,
2026-06-02,DDBL,,858,840,847.1,,,6714,5695373.5,56,,
2026-06-02,DHEL,,632,617.1,629.9,,,21582,13466332.9,362,,
2026-06-02,DHPL,,305,299,305,,,3911,1178558.5,26,,
2026-06-02,DLBS,,1275.4,1250.1,1275,,,545,687578.5,18,,
2026-06-02,DOLTI,,355,333,353,,,29162,10216840.4,157,,
2026-06-02,DORDI,,281,274,276.9,,,22964,6356063.5,152,,
2026-06-02,EBL,,713,707,708,,,16729,11875708.5,199,,
2026-06-02,EHPL,,395,387,394.5,,,9882,3869619.6,110,,
2026-06-02,ENL,,900,872,890.6,,,1200,1056161,30,,
2026-06-02,FMDBL,,827.4,782,787,,,12419,9754377.3,126,,
2026-06-02,FOWAD,,1053.5,1040,1053.5,,,2565,2683506.8,40,,
2026-06-02,GBIME,,241,238,240.4,,,66716,15976599.7,297,,
2026-06-02,GBLBS,,782,770,782,,,1987,1542383.6,44,,
2026-06-02,GCIL,,434.9,420.1,426,,,15713,6660673.6,198,,
2026-06-02,GFCL,,679,625,672.9,,,92147,60969905.1,645,,
2026-06-02,GHL,,241.6,236,241.6,,,41985,10036688.7,128,,
2026-06-02,GILB,,1128,1106.1,1128,,,1331,1477007,36,,
2026-06-02,GLBSL,,1825,1777.7,1822,,,416,745507.5,14,,
2026-06-02,GLH,,274,266,273,,,33621,9086527.6,173,,
2026-06-02,GMFBS,,1298.9,1265,1296.9,,,805,1028083.3,18,,
2026-06-02,GMFIL,,495,470,489.9,,,65083,31718912.8,380,,
2026-06-02,GMLI,,1398,1260.5,1370,,,7970,10857620.7,224,,
2026-06-02,GUFL,,582,534,576.8,,,80640,45522579,651,,
2026-06-02,GVL,,495,485,490,,,7503,3680679.8,81,,
2026-06-02,HATHY,,825,770,791,,,5322,4204742.6,89,,
2026-06-02,HBL,,203,200,201.2,,,48899,9819998.6,768,,
2026-06-02,HDHPC,,228,223,224,,,171384,38467635.9,427,,
2026-06-02,HDL,,1173,1164,1167,,,15844,18499733,234,,
2026-06-02,HFIN,,965,950,958,,,30739,29473896.6,1009,,
2026-06-02,HHL,,368,363,363.8,,,31824,11614757.3,154,,
2026-06-02,HIDCL,,270,265.6,269,,,53695,14331911.5,291,,
2026-06-02,HIMSTAR,,870,855,863.2,,,2551,2207134.6,90,,
2026-06-02,HLBSL,,901,865,901,,,507,445965,14,,
2026-06-02,HLI,,344.9,337.1,343.5,,,36187,12333890.7,283,,
2026-06-02,HPPL,,379.8,374.3,379.5,,,25297,9511443.5,162,,
2026-06-02,HRL,,699.7,660,693,,,223778,153551872.8,1920,,
2026-06-02,HURJA,,259,253.3,257.7,,,23981,6162105.6,96,,
2026-06-02,ICFC,,650,628,645,,,45620,29336870.6,290,,
2026-06-02,IHL,,414.5,405.1,414,,,13062,5381679.9,123,,
2026-06-02,ILBS,,965,910,920,,,974,895097,26,,
2026-06-02,ILI,,447,438,443,,,5268,2321868.9,210,,
2026-06-02,JBLB,,1305,1282,1295,,,3053,3951675.4,119,,
2026-06-02,JFL,,425.1,404,423,,,22709,9581331,197,,
2026-06-02,JHAPA,,1471.9,1382,1418,,,28133,39907505.7,380,,
2026-06-02,JOSHI,,289,278.1,284.5,,,7773,2192633.9,81,,
2026-06-02,JSLBB,,1081,1080,1080,,,131,141279.7,9,,
2026-06-02,KBL,,219.3,215.4,217.1,,,152155,33039357.1,438,,
2026-06-02,KBSH,,1590,1516,1560,,,249,386849,14,,
2026-06-02,KDL,,829,812.2,821.1,,,1771,1455840.1,50,,
2026-06-02,KHPL,,498.2,446.2,498.2,,,130,63500,13,,
2026-06-02,KKHC,,294.7,260,274,,,163228,44149780.5,428,,
2026-06-02,KMCDB,,873.7,859,860,,,538,463738,25,,
2026-06-02,KPCL,,517.6,488,495,,,4627,2298440.8,45,,
2026-06-02,LEC,,229.8,224,227.7,,,62439,14139812,262,,
2026-06-02,LICN,,827.9,812,814.5,,,13147,10731332.3,65,,
2026-06-02,LLBS,,962,933.2,959,,,323,302435.6,10,,
2026-06-02,LSL,,226.9,221,226.9,,,111592,24911690.6,182,,
2026-06-02,MABEL,,729,710.2,715,,,19422,13917517.3,293,,
2026-06-02,MAKAR,,507.9,493.5,501,,,13744,6884431.7,86,,
2026-06-02,MANDU,,839,821.2,833,,,2256,1868900.4,65,,
2026-06-02,MATRI,,899.9,880.1,899.9,,,79,69770.1,13,,
2026-06-02,MBJC,,289.5,283,286.2,,,12184,3478809.2,271,,
2026-06-02,MBL,,253.8,249,252.6,,,41975,10522040.6,150,,
2026-06-02,MCHL,,320,311.2,318.3,,,7145,2253706.7,52,,
2026-06-02,MEHL,,386.2,375,379,,,3012,1140075,66,,
2026-06-02,MEL,,253,239.1,244.1,,,9398,2300407.4,189,,
2026-06-02,MEN,,620,610,617,,,52750,32478742.3,249,,
2026-06-02,MERO,,734,715,731.8,,,5928,4303752.5,63,,
2026-06-02,MFIL,,818,779,797,,,112800,89638402.4,389,,
2026-06-02,MHCL,,355,346,353.9,,,8121,2843622.5,78,,
2026-06-02,MHL,,504,492,502.9,,,6700,3348859.8,61,,
2026-06-02,MHNL,,270,260,269,,,22416,5950587.3,73,,
2026-06-02,MKCL,,1295,1260.2,1265,,,972,1231662.4,44,,
2026-06-02,MKHC,,329,319.1,324.5,,,12773,4157373.5,110,,
2026-06-02,MKHL,,550,530,539,,,2429,1300183,64,,
2026-06-02,MKJC,,505,493.1,503,,,8397,4181583.1,57,,
2026-06-02,MLBBL,,1195,1180,1195,,,739,873952.3,21,,
2026-06-02,MLBS,,1293,1239,1293,,,40,50490,4,,
2026-06-02,MLBSL,,1825,1786.9,1801.1,,,1154,2083887.5,23,,
2026-06-02,MMKJL,,536.5,503,535,,,5973,3140831.9,123,,
2026-06-02,MPFL,,665,615,660.1,,,123061,79415904.7,693,,
2026-06-02,MSHL,,715,684.1,690,,,644,444151.4,29,,
2026-06-02,MSLB,,1250,1237,1241.2,,,375,465950,31,,
2026-06-02,NABIL,,540,530,536.9,,,43239,23186885.8,381,,
2026-06-02,NADEP,,753,730.4,753,,,1102,814050,21,,
2026-06-02,NBL,,273,267,270.9,,,45177,12165125.8,177,,
2026-06-02,NESDO,,1576.9,1525,1575,,,255,395456,14,,
2026-06-02,NFS,,619,570,616,,,83641,50412787.6,607,,
2026-06-02,NGPL,,447.9,441,445.8,,,139294,61844330.7,409,,
2026-06-02,NHDL,,640,630.1,635.1,,,441,280683.8,25,,
2026-06-02,NHPC,,299,293,294.9,,,297400,87852658.9,722,,
2026-06-02,NICA,,348,343,346.1,,,47782,16546635.2,229,,
2026-06-02,NICLBSL,,578,565.2,577,,,3202,1838090,89,,
2026-06-02,NIFRA,,265,262,264.9,,,54166,14287895,403,,
2026-06-02,NIMB,,199.9,197,198.9,,,68421,13526099.4,350,,
2026-06-02,NLIC,,769.9,762,765.1,,,21261,16262059.5,178,,
2026-06-02,NLICL,,595,588,591,,,12940,7668338.6,52,,
2026-06-02,NLO,,269.4,269.4,269.4,,,0,0,0,,
2026-06-02,NMB,,248.1,244.1,245.4,,,41711,10298274.1,114,,
2026-06-02,NMBMF,,647.9,635,647.9,,,307,196433,6,,
2026-06-02,NMFBS,,1141,1122.3,1141,,,9325,10595160.1,48,,
2026-06-02,NMLBBL,,596,580,594,,,13801,8135385.4,83,,
2026-06-02,NRIC,,1200,1047.6,1146.5,,,239257,267870253.8,2726,,
2026-06-02,NRM,,387.7,355,362,,,59470,21747834.4,381,,
2026-06-02,NRN,,1460,1386,1396,,,65054,91362124.9,340,,
2026-06-02,NTC,,871.9,860,868,,,26550,23001442.2,372,,
2026-06-02,NUBL,,664.9,655,660,,,992,653404.5,24,,
2026-06-02,NWCL,,795,785,785,,,2624,2067633,65,,
2026-06-02,NYADI,,397,383.1,395,,,2210,873660,65,,
2026-06-02,OHL,,700.9,690.1,696.1,,,2238,1562239.5,19,,
2026-06-02,OMPL,,1178,1154,1178,,,1760,2051985.9,106,,
2026-06-02,PCBL,,243.4,238.5,243.4,,,37249,8949842.5,165,,
2026-06-02,PCIL,,811,763.6,793,,,59979,47936071.3,2008,,
2026-06-02,PFL,,387,375,386,,,17933,6843918.3,162,,
2026-06-02,PHCL,,312,307.2,311.6,,,47889,14838481.5,262,,
2026-06-02,PMHPL,,343.9,336,341,,,2020,687136,22,,
2026-06-02,PMLI,,468,462,465,,,1527,709445.7,95,,
2026-06-02,PPCL,,394.5,383.2,386,,,5342,2074055,33,,
2026-06-02,PPL,,357,336.1,355,,,22106,7766475.5,184,,
2026-06-02,PROFL,,464,449.9,460,,,33782,15451647.6,238,,
2026-06-02,PRVU,,198,196,197.9,,,75370,14864657.8,337,,
2026-06-02,PURE,,935,915,935,,,7431,6864305.7,139,,
2026-06-02,RADHI,,775,760.1,775,,,35420,27176984.5,187,,
2026-06-02,RAWA,,600.6,552.8,572,,,3103,1736018.1,59,,
2026-06-02,RFPL,,376,360,370,,,58368,21568833.7,234,,
2026-06-02,RHGCL,,299.9,292.1,294.8,,,66389,19568621.2,199,,
2026-06-02,RHPL,,285.8,275.5,280,,,13310,3736197,121,,
2026-06-02,RIDI,,376,347,369,,,703779,260509293.8,1135,,
2026-06-02,RLEL,,1029,974.1,1010,,,21448,21586353.3,436,,
2026-06-02,RLFL,,470,439,469,,,101831,46694236.5,573,,
2026-06-02,RNLI,,469.5,460.4,467.9,,,8457,3934086.1,253,,
2026-06-02,RSDC,,665,659.2,665,,,4630,3064450.3,40,,
2026-06-02,RSML,,3695,3621.1,3640,,,30424,110912150.4,634,,
2026-06-02,RURU,,675,655,655,,,7273,4791045.5,58,,
2026-06-02,SAGAR,,1714,1650,1700,,,8829,14924030.3,171,,
2026-06-02,SAHAS,,676,665,670,,,108061,72391715.5,688,,
2026-06-02,SAIL,,1122,1100,1116.9,,,26219,29131411.7,425,,
2026-06-02,SANIMA,,371,366,370,,,90625,33495773.6,225,,
2026-06-02,SANVI,,719,700,709,,,10483,7400623.2,243,,
2026-06-02,SARBTM,,869.9,855,865,,,5711,4933380.3,78,,
2026-06-02,SBI,,399.9,393,398.7,,,13006,5175767.3,71,,
2026-06-02,SBL,,405,402,404.9,,,58504,23630591.9,166,,
2026-06-02,SCB,,663.9,651,656,,,8914,5863171.9,76,,
2026-06-02,SGHC,,384,364,368.1,,,5414,2009810.3,122,,
2026-06-02,SHEL,,318,313.4,316,,,85997,27141802.7,254,,
2026-06-02,SHIVM,,710,663.5,670,,,178812,120267792.2,729,,
2026-06-02,SHL,,509.9,504,506.5,,,20630,10450723.2,68,,
2026-06-02,SHLB,,1508,1438,1508,,,440,658194,22,,
2026-06-02,SHPC,,525,517.1,523,,,29273,15279350.5,107,,
2026-06-02,SIFC,,583,521,574,,,81152,45787894,429,,
2026-06-02,SIKLES,,618,590.2,600,,,8233,4921151.4,65,,
2026-06-02,SIPD,,800,787,796.6,,,18633,14794641.6,752,,
2026-06-02,SJCL,,299,294,299,,,9683,2872582.2,112,,
2026-06-02,SJLIC,,435,430.1,435,,,9539,4131014.3,154,,
2026-06-02,SKBBL,,770,755,769.8,,,10585,8098858,124,,
2026-06-02,SKHEL,,1248.8,1180,1238,,,4473,5527553.1,201,,
2026-06-02,SKHL,,950,912.3,950,,,21008,19687224.9,532,,
2026-06-02,SLBBL,,827,816,821.8,,,2975,2442853.2,40,,
2026-06-02,SLBSL,,1216,1182.1,1205,,,990,1184844,17,,
2026-06-02,SMATA,,770,763.1,769.9,,,3604,2770380,60,,
2026-06-02,SMB,,1760,1702,1725,,,777,1352925.4,27,,
2026-06-02,SMFBS,,1510,1495.1,1504,,,146,219503.2,8,,
2026-06-02,SMH,,600,586,600,,,5772,3432126.9,50,,
2026-06-02,SMHL,,506,500.1,504,,,25803,12987358.8,173,,
2026-06-02,SMJC,,470,458.6,465,,,14116,6525167.6,176,,
2026-06-02,SMPDA,,855,821,831,,,1650,1374775.1,32,,
2026-06-02,SNLI,,458,451,453,,,5595,2531493,227,,
2026-06-02,SOHL,,679.9,651,669,,,134779,90108820,1858,,
2026-06-02,SONA,,452.4,445,447,,,23475,10561504.2,286,,
2026-06-02,SPC,,464.8,449,462.9,,,2905,1332247.5,44,,
2026-06-02,SPDL,,408,398.5,404,,,57248,22989914.7,138,,
2026-06-02,SPHL,,582,532,578.9,,,25949,14571733.6,197,,
2026-06-02,SPL,,707,698.5,700.9,,,2744,1922846.4,31,,
2026-06-02,SRLI,,397,390,397,,,21704,8562617.1,239,,
2026-06-02,SSHL,,225.9,213.9,218.4,,,117336,25446696.6,342,,
2026-06-02,STC,,5510,5390.1,5510,,,777,4197621.1,34,,
2026-06-02,SWASTIK,,2440,2318.3,2430,,,720,1724162,43,,
2026-06-02,SWBBL,,745,730,737,,,2309,1703189.7,39,,
2026-06-02,SWMF,,675,660,675,,,3088,2058429.3,41,,
2026-06-02,SYPNL,,1469.9,1415,1440.1,,,56668,81821276.1,833,,
2026-06-02,TAMOR,,470,460,468,,,57798,27003759.9,288,,
2026-06-02,TPC,,374,367,371,,,16434,6087937.8,107,,
2026-06-02,TRH,,770,751.5,770,,,665,503790,9,,
2026-06-02,TSHL,,583.7,562.59,583,,,1972,1141266.5,36,,
2026-06-02,TTL,,828.5,811,828.5,,,9364,7699622.4,304,,
2026-06-02,TVCL,,551.2,510,531,,,22275,11604945.8,88,,
2026-06-02,UHEWA,,595,581,587.1,,,10712,6283031.4,111,,
2026-06-02,ULBSL,,2970,2800,2900,,,1233,3501588.8,35,,
2026-06-02,ULHC,,465,456.8,462.9,,,15594,7184390.4,134,,
2026-06-02,UMHL,,579.8,562.5,579.8,,,58787,33409368.1,161,,
2026-06-02,UMRH,,550,540.6,547,,,7807,4255823.5,47,,
2026-06-02,UNHPL,,437.9,425,436.9,,,34291,14875275.2,173,,
2026-06-02,UNL,,47000,46925,47000,,,80,3754750,2,,
2026-06-02,UNLB,,1400,1375,1400,,,423,590815,15,,
2026-06-02,UPCL,,375,360,373.6,,,45671,16971675.7,184,,
2026-06-02,UPPER,,206,203,205.5,,,89472,18315421.3,507,,
2026-06-02,USHEC,,515.6,503,511,,,16882,8655605.6,67,,
2026-06-02,USHL,,638,600,620,,,7933,4788280.2,71,,
2026-06-02,USLB,,1279.9,1250.1,1276,,,911,1143636.2,31,,
2026-06-02,VLBS,,715,675,687,,,1293,887431.6,93,,
2026-06-02,VLUCL,,497.5,483.5,497.5,,,1730,847778.5,48,,
2026-06-03,ACLBSL,,976,947.1,955,,,752,718036.2,27,,
2026-06-03,ADBL,,317.9,313,317.4,,,48420,15273698.2,129,,
2026-06-03,AHL,,499.8,493,498,,,5028,2502879.3,71,,
2026-06-03,AHPC,,285,280,281.9,,,61704,17372221.9,273,,
2026-06-03,AKJCL,,461.4,438,440,,,988677,442307279.8,1732,,
2026-06-03,AKPL,,287.4,270.1,271.4,,,71523,19523334,247,,
2026-06-03,ALBSL,,1120,1095,1114,,,1784,1970148.2,70,,
2026-06-03,ALICL,,472.4,451.2,464,,,42645,19807037.7,223,,
2026-06-03,ANLB,,5945,5815,5934.8,,,564,3297727.2,36,,
2026-06-03,API,,361,355.6,356.6,,,325966,116625094.9,563,,
2026-06-03,AVYAN,,1130,1111,1111.5,,,3411,3810721.5,83,,
2026-06-03,BANDIPUR,,854.9,826,835.9,,,28798,24236594.9,626,,
2026-06-03,BARUN,,351.2,345,348,,,42909,14966069.5,180,,
2026-06-03,BBC,,4599,4444,4570,,,480,2188464,40,,
2026-06-03,BEDC,,380,367.1,368,,,24743,9156093.7,154,,
2026-06-03,BFC,,484.9,472.1,475,,,13542,6469056.3,107,,
2026-06-03,BGWT,,679,660,679,,,1725,1155094.8,49,,
2026-06-03,BHCL,,615,580,600.8,,,136440,82283818.4,751,,
2026-06-03,BHDC,,476.7,460,469,,,98405,45704374.8,414,,
2026-06-03,BHL,,225,221,222.2,,,66445,14824920.6,310,,
2026-06-03,BHPL,,536.5,499.8,530,,,8017,4248826.9,80,,
2026-06-03,BJHL,,928,860,906.1,,,11067,10152450.3,323,,
2026-06-03,BNHC,,338.5,327,332,,,4070,1349761.2,42,,
2026-06-03,BNL,,14400,14400,14400,,,25,360000,2,,
2026-06-03,BNT,,11650,11650,11650,,,10,116500,1,,
2026-06-03,BPCL,,700,678.9,690,,,17813,12329576.1,120,,
2026-06-03,BUNGAL,,740,663,732,,,68798,49855705.8,768,,
2026-06-03,CBBL,,930,920,928.3,,,12440,11540117.5,136,,
2026-06-03,CFCL,,620,585,585.9,,,109945,65246958,545,,
2026-06-03,CGH,,801,790.3,797,,,13423,10710070.3,129,,
2026-06-03,CHCL,,505,497.7,499,,,74150,37124290.1,249,,
2026-06-03,CHDC,,2295.8,2268.3,2268.5,,,8388,19092127.9,125,,
2026-06-03,CHL,,298.5,292.5,293.9,,,23979,7113235.1,76,,
2026-06-03,CIT,,1785,1765,1769,,,4610,8160093.2,121,,
2026-06-03,CITY,,393.1,375,379.5,,,93512,35239274.5,306,,
2026-06-03,CKHL,,695.2,674.4,675,,,230,156381,13,,
2026-06-03,CLI,,470,453.3,466.9,,,36787,17119747.2,434,,
2026-06-03,CREST,,1300,1205,1280,,,25910,33002647.9,443,,
2026-06-03,CYCL,,1480,1455,1463,,,641,940499.7,29,,
2026-06-03,CZBIL,,207,203,203.6,,,22917,4673007.8,120,,
2026-06-03,DDBL,,860,840.2,850.3,,,2447,2088345.8,47,,
2026-06-03,DHEL,,652.8,625,644,,,24039,15476296.6,415,,
2026-06-03,DHPL,,306.4,300,306,,,5237,1581142.1,40,,
2026-06-03,DLBS,,1462,1252.1,1299.2,,,640,836759.7,33,,
2026-06-03,DOLTI,,359.9,336,356.9,,,55063,19661344.1,208,,
2026-06-03,DORDI,,280,275,276,,,48359,13396592.2,197,,
2026-06-03,EBL,,710,703,709.5,,,33402,23610292.6,197,,
2026-06-03,EHPL,,399,390,392.1,,,13040,5131498.3,76,,
2026-06-03,ENL,,878.5,870,870,,,2350,2053862.5,56,,
2026-06-03,FMDBL,,800,790,793,,,11018,8735476.6,95,,
2026-06-03,FOWAD,,1061,1040,1060,,,3673,3861381.2,64,,
2026-06-03,GBIME,,240.5,237,240,,,132145,31648742.2,315,,
2026-06-03,GBLBS,,790,776,787.5,,,8935,7016541.1,82,,
2026-06-03,GCIL,,434.2,421.3,428.6,,,23232,9910877.5,309,,
2026-06-03,GFCL,,682.2,661,662,,,43642,29160552.8,241,,
2026-06-03,GHL,,242,238.1,241.5,,,35029,8395957.6,140,,
2026-06-03,GILB,,1140,1117,1140,,,718,807767.1,22,,
2026-06-03,GLBSL,,1800,1770,1790,,,329,588990.6,15,,
2026-06-03,GLH,,277,270.5,272.5,,,23789,6490911,152,,
2026-06-03,GMFBS,,1310.1,1270,1297.9,,,471,602785,21,,
2026-06-03,GMFIL,,498,480,481,,,18787,9123092.4,89,,
2026-06-03,GMLI,,1404,1330,1370,,,4459,6178597,107,,
2026-06-03,GUFL,,580,561.1,564,,,39413,22491705.1,286,,
2026-06-03,GVL,,495,488,490,,,16752,8216697.4,155,,
2026-06-03,HATHY,,803,780,788,,,7939,6295773.3,133,,
2026-06-03,HBL,,202.1,200,200.6,,,55348,11140444.2,691,,
2026-06-03,HDHPC,,232.6,213,223.5,,,215551,48350538.5,525,,
2026-06-03,HDL,,1232,1170,1179,,,35741,42309885.7,377,,
2026-06-03,HFIN,,975.9,955,960.1,,,23972,23129979.2,1017,,
2026-06-03,HHL,,373.9,358.2,365.6,,,37024,13623745.6,143,,
2026-06-03,HIDCL,,274,266,269.5,,,54895,14823750.3,308,,
2026-06-03,HIMSTAR,,883,855,865,,,5234,4514484,102,,
2026-06-03,HLBSL,,901,878,894.1,,,395,354304.6,15,,
2026-06-03,HLI,,354.9,340,348.6,,,77619,27064424,579,,
2026-06-03,HPPL,,383,373.6,376,,,24879,9388104.3,142,,
2026-06-03,HRL,,697,668,669.5,,,138255,93876618.6,1262,,
2026-06-03,HURJA,,259,256,257.2,,,30098,7752289.5,144,,
2026-06-03,ICFC,,647.9,637,643,,,13324,8532198.2,89,,
2026-06-03,IHL,,420,408,409,,,19600,8120743,125,,
2026-06-03,ILBS,,947.6,916.2,928.8,,,3000,2764169.8,59,,
2026-06-03,ILI,,454.9,440.3,448.4,,,30806,13854627.3,376,,
2026-06-03,JBLB,,1315,1291.1,1308.9,,,3324,4333121.8,89,,
2026-06-03,JFL,,425,415,419.9,,,6454,2708630.9,64,,
2026-06-03,JHAPA,,1500,1378,1420,,,16999,23865596.6,304,,
2026-06-03,JOSHI,,286.9,281,283,,,9278,2626957.5,78,,
2026-06-03,JSLBB,,1101,1076,1101,,,244,265404.1,9,,
2026-06-03,KBL,,219,216,216.5,,,147832,32066056.2,492,,
2026-06-03,KBSH,,1600,1552,1552,,,145,227069,9,,
2026-06-03,KDL,,839.6,820.1,837,,,2461,2049931.3,73,,
2026-06-03,KHPL,,572.9,497.1,572.9,,,200,112323,20,,
2026-06-03,KKHC,,283,265.8,279,,,300040,83956369.8,996,,
2026-06-03,KMCDB,,879,861.1,863,,,1642,1424662,44,,
2026-06-03,KPCL,,517.7,494.5,496,,,12569,6270138.8,73,,
2026-06-03,LEC,,230,225,226.9,,,72406,16465605.9,241,,
2026-06-03,LICN,,840,813.5,820,,,47272,39081608.7,225,,
2026-06-03,LLBS,,932.1,932.1,932.1,,,10,9321,1,,
2026-06-03,LSL,,226.9,222.3,223,,,81665,18263172.1,160,,
2026-06-03,MABEL,,740,722,728,,,20647,15105927.5,284,,
2026-06-03,MAKAR,,515,476,500.8,,,7195,3605956.8,58,,
2026-06-03,MANDU,,830,820,824,,,385,318051,29,,
2026-06-03,MATRI,,900,884.5,884.5,,,226,201359,10,,
2026-06-03,MBJC,,298,283.7,286.9,,,18429,5283905.9,258,,
2026-06-03,MBL,,255,250,252,,,53553,13526323.4,157,,
2026-06-03,MCHL,,324.9,315.1,320,,,4404,1404196.6,49,,
2026-06-03,MEHL,,388.9,375.1,382,,,4532,1736362,66,,
2026-06-03,MEL,,249.9,241.2,246,,,9845,2424865.4,161,,
2026-06-03,MEN,,619,612,612.3,,,37032,22769371.8,197,,
2026-06-03,MERO,,738.7,730,735,,,5090,3743890.5,52,,
2026-06-03,MFIL,,801,780,792.8,,,34098,27173326.4,148,,
2026-06-03,MHCL,,355.9,348.4,351.9,,,7160,2513512,84,,
2026-06-03,MHL,,504.7,497.3,503.9,,,4072,2034115,46,,
2026-06-03,MHNL,,270,260,267,,,16659,4377785.9,81,,
2026-06-03,MKCL,,1283,1231,1283,,,580,738498,32,,
2026-06-03,MKHC,,330,321,324.9,,,8883,2878192.1,91,,
2026-06-03,MKHL,,545,510,527.6,,,45258,23350886.6,189,,
2026-06-03,MKJC,,506,496,500,,,6179,3087091.4,40,,
2026-06-03,MLBBL,,1210,1190,1209,,,2335,2801731.6,23,,
2026-06-03,MLBS,,1277,1222,1277,,,290,365927,18,,
2026-06-03,MLBSL,,1817,1771,1817,,,435,775980.4,25,,
2026-06-03,MMKJL,,549,530.1,538,,,17936,9648794.2,147,,
2026-06-03,MPFL,,679,637.3,650,,,33610,21938319.1,273,,
2026-06-03,MSHL,,724.5,684,688,,,679,470596,23,,
2026-06-03,MSLB,,1252,1240,1252,,,290,361259,24,,
2026-06-03,NABIL,,539,532,536.5,,,36962,19837224.3,379,,
2026-06-03,NADEP,,775,741,763,,,870,654832,21,,
2026-06-03,NBL,,272,268.4,270,,,123346,33393726.1,185,,
2026-06-03,NESDO,,1568.9,1525,1540,,,1108,1697775.7,27,,
2026-06-03,NFS,,624,600,609,,,28161,17241060.2,216,,
2026-06-03,NGPL,,448.5,443.3,445.5,,,93169,41551054.1,321,,
2026-06-03,NHDL,,649.9,635,641.3,,,4647,2978270,31,,
2026-06-03,NHPC,,309.6,286.6,293.5,,,431485,128217613,927,,
2026-06-03,NICA,,363.4,345,353.2,,,61136,21460551.3,239,,
2026-06-03,NICLBSL,,590,578,580,,,10802,6310588.8,155,,
2026-06-03,NIFRA,,267,263,264,,,98654,26084280.2,525,,
2026-06-03,NIMB,,200,196.6,199.7,,,115358,22894172.5,348,,
2026-06-03,NLIC,,784.9,762,777.2,,,42809,33311417.5,249,,
2026-06-03,NLICL,,612,580,599,,,24051,14463028,142,,
2026-06-03,NLO,,269.4,269.4,269.4,,,0,0,0,,
2026-06-03,NMB,,247,243.2,244,,,30657,7498232.1,142,,
2026-06-03,NMBMF,,656,642,645,,,1226,797124.5,17,,
2026-06-03,NMFBS,,1162.9,1132.2,1145,,,2340,2676665.7,45,,
2026-06-03,NMLBBL,,605,565,599,,,9033,5411762.5,102,,
2026-06-03,NRIC,,1180,1070,1087.1,,,195104,218594122.7,1960,,
2026-06-03,NRM,,379,360,365,,,30128,11011432.9,232,,
2026-06-03,NRN,,1439,1375,1388.9,,,88927,124182171.3,472,,
2026-06-03,NTC,,878,868,870,,,17123,14932456.2,293,,
2026-06-03,NUBL,,671,661.1,663,,,3064,2040616.3,36,,
2026-06-03,NWCL,,805,787,794.1,,,1433,1140279,41,,
2026-06-03,NYADI,,402,390,393,,,4708,1855340.8,77,,
2026-06-03,OHL,,710.2,697.5,708.4,,,1948,1373744.3,22,,
2026-06-03,OMPL,,1196.8,1162,1170,,,2162,2550249.8,85,,
2026-06-03,PCBL,,243,239.5,242,,,29234,7032282.3,142,,
2026-06-03,PCIL,,809.9,793,800,,,43504,34818396.4,1915,,
2026-06-03,PFL,,391.9,380,384,,,6647,2562967.5,75,,
2026-06-03,PHCL,,327.1,308.5,312,,,87750,27343612,295,,
2026-06-03,PMHPL,,347,337,343,,,2920,990015.5,52,,
2026-06-03,PMLI,,483.9,465,479,,,16103,7715712.4,252,,
2026-06-03,PPCL,,391,379.3,389,,,6559,2513006.3,43,,
2026-06-03,PPL,,370,349,352.5,,,17324,6098698.6,133,,
2026-06-03,PROFL,,462,454,454,,,12275,5614515.8,67,,
2026-06-03,PRVU,,199.8,197,197.6,,,98667,19537025.6,276,,
2026-06-03,PURE,,940,921,933.5,,,8213,7628994,122,,
2026-06-03,RADHI,,785,772.2,777.9,,,106089,82711431.4,154,,
2026-06-03,RAWA,,600.6,552,567,,,2509,1405832.5,47,,
2026-06-03,RFPL,,373.8,353,368,,,31675,11691968.4,170,,
2026-06-03,RHGCL,,303,290,294.9,,,31929,9388410,131,,
2026-06-03,RHPL,,283,279,279.1,,,15436,4335362.1,95,,
2026-06-03,RIDI,,373.2,363,364,,,556015,204946915.4,1055,,
2026-06-03,RLEL,,1015,980,990,,,18986,18925811.9,430,,
2026-06-03,RLFL,,482,456,468,,,64984,30714222.6,367,,
2026-06-03,RNLI,,481,462.3,478.2,,,67095,31936049.8,561,,
2026-06-03,RSDC,,683.9,665,680,,,13250,8983689.7,113,,
2026-06-03,RSML,,3700,3468,3652,,,25239,91905451.6,560,,
2026-06-03,RURU,,658,651,658,,,2267,1488538.7,25,,
2026-06-03,SAGAR,,1725,1691.2,1697,,,7147,12189125.1,143,,
2026-06-03,SAHAS,,674.9,666,667.1,,,84281,56387916.5,568,,
2026-06-03,SAIL,,1135,1105.5,1108.9,,,16434,18306638,351,,
2026-06-03,SANIMA,,370,365,366.5,,,52943,19427058.6,187,,
2026-06-03,SANVI,,718,702.5,710,,,12509,8869648.5,208,,
2026-06-03,SARBTM,,893,852.1,875.3,,,41274,36202904.2,186,,
2026-06-03,SBI,,400,395,398.9,,,28874,11487378.5,73,,
2026-06-03,SBL,,406,400,404,,,77358,31161734.3,163,,
2026-06-03,SCB,,660,652,657,,,7361,4837769.5,56,,
2026-06-03,SGHC,,379,368.1,374,,,9024,3351515.1,105,,
2026-06-03,SHEL,,320,315.1,317,,,66690,21180283.1,253,,
2026-06-03,SHIVM,,685,636.5,675.1,,,89107,60393875.3,487,,
2026-06-03,SHL,,512.9,500,505.7,,,18437,9346726.5,76,,
2026-06-03,SHLB,,1523,1477,1477,,,1190,1788980,15,,
2026-06-03,SHPC,,528.8,518,519.4,,,41982,21890493.5,113,,
2026-06-03,SIFC,,577,550,566,,,21601,12215801.7,134,,
2026-06-03,SIKLES,,609,590.1,604,,,5743,3458421.5,63,,
2026-06-03,SIPD,,815,778,783,,,17641,13959296.1,693,,
2026-06-03,SJCL,,305,295.2,300,,,20842,6210613.8,109,,
2026-06-03,SJLIC,,448,430,440.8,,,24764,10981440.3,268,,
2026-06-03,SKBBL,,779.6,765,768,,,5553,4282166.3,98,,
2026-06-03,SKHEL,,1249.9,1215,1240,,,5553,6852002.8,191,,
2026-06-03,SKHL,,973,930.7,937.1,,,16220,15400123.2,399,,
2026-06-03,SLBBL,,833,817,832,,,5417,4494050.5,56,,
2026-06-03,SLBSL,,1225,1188.3,1212,,,2201,2637111.2,36,,
2026-06-03,SMATA,,780,769.9,777,,,4665,3627218.5,73,,
2026-06-03,SMB,,1748,1710,1730,,,416,720171,15,,
2026-06-03,SMFBS,,1519,1501,1514,,,345,519986,10,,
2026-06-03,SMH,,600,587,592,,,3827,2266096.3,47,,
2026-06-03,SMHL,,507,503,504,,,21029,10619791.1,153,,
2026-06-03,SMJC,,488.2,459.4,472,,,121646,56722763.5,282,,
2026-06-03,SMPDA,,855,829.4,839,,,2119,1767840.2,36,,
2026-06-03,SNLI,,468.1,453,463.2,,,64561,29911918.8,575,,
2026-06-03,SOHL,,675,650,669.8,,,72638,48417207.3,1595,,
2026-06-03,SONA,,455,444,449,,,23712,10694049,309,,
2026-06-03,SPC,,470,457,465,,,9517,4396563.9,83,,
2026-06-03,SPDL,,410,402,409.5,,,63536,25738573.6,134,,
2026-06-03,SPHL,,625,562,619.7,,,94653,56997734.8,596,,
2026-06-03,SPL,,718.7,701.2,709,,,735,519436.5,19,,
2026-06-03,SRLI,,410,390.2,406.4,,,70732,28628515.4,529,,
2026-06-03,SSHL,,220.7,215,216.8,,,147761,32118742.7,351,,
2026-06-03,STC,,5519.8,5400,5485,,,735,3992214.5,28,,
2026-06-03,SWASTIK,,2405,2375.1,2375.1,,,326,779075,22,,
2026-06-03,SWBBL,,773.8,739,739,,,6976,5195859.2,55,,
2026-06-03,SWMF,,674.9,665,674.8,,,2461,1646054.7,44,,
2026-06-03,SYPNL,,1468,1430,1440,,,40088,57823610.1,654,,
2026-06-03,TAMOR,,473,462,463.3,,,55118,25689042.4,227,,
2026-06-03,TPC,,379.5,368.5,370,,,12230,4542244,83,,
2026-06-03,TRH,,774,767.3,767.5,,,1922,1480619.9,22,,
2026-06-03,TSHL,,582,570.2,576.1,,,1035,597755.3,29,,
2026-06-03,TTL,,835,821,822,,,12320,10195825.5,298,,
2026-06-03,TVCL,,525.6,510.9,513,,,11258,5799688.9,76,,
2026-06-03,UHEWA,,599,582,594,,,4389,2591499,66,,
2026-06-03,ULBSL,,2899.8,2814,2895.7,,,581,1659899,31,,
2026-06-03,ULHC,,470,460,465.5,,,18512,8555109.2,121,,
2026-06-03,UMHL,,580,570,580,,,20673,11857029.4,102,,
2026-06-03,UMRH,,550,541.2,545,,,13548,7385325.1,62,,
2026-06-03,UNHPL,,458,427.4,430.9,,,61307,26464273,368,,
2026-06-03,UNL,,46900,46700,46700,,,40,1872500,4,,
2026-06-03,UNLB,,1409,1383,1401.9,,,263,366389.5,21,,
2026-06-03,UPCL,,375.7,369.1,371,,,38044,14123121,129,,
2026-06-03,UPPER,,207.1,204,204.1,,,95060,19499932.4,529,,
2026-06-03,USHEC,,514.9,503,512,,,6267,3194541.6,92,,
2026-06-03,USHL,,618.5,600,607,,,4325,2611852,74,,
2026-06-03,USLB,,1276,1242,1270,,,1288,1628769,29,,
2026-06-03,VLBS,,747,680.2,747,,,11054,7906353.6,192,,
2026-06-03,VLUCL,,500.1,485.1,495,,,3337,1652226,58,,
2026-06-04,ACLBSL,,974,955,957.1,,,1617,1555922.5,28,,
2026-06-04,ADBL,,320,315,317.9,,,29880,9456863.9,127,,
2026-06-04,AHL,,504,473.1,493.1,,,7926,3905139.3,85,,
2026-06-04,AHPC,,281.9,277.9,279,,,50608,14135407.4,237,,
2026-06-04,AKJCL,,455,418,424.9,,,747700,320564333.3,1293,,
2026-06-04,AKPL,,274.8,269.7,269.7,,,67222,18248984.9,244,,
2026-06-04,ALBSL,,1118.9,1092.1,1107.9,,,2259,2500230.31,64,,
2026-06-04,ALICL,,465,455.1,460,,,15715,7206157.1,78,,
2026-06-04,ANLB,,6070,5800,5965,,,179,1051059.8,13,,
2026-06-04,API,,360,351.1,351.5,,,234515,83071719.8,594,,
2026-06-04,AVYAN,,1138.7,1113,1113,,,4369,4891214.8,59,,
2026-06-04,BANDIPUR,,875,820,825.1,,,24769,20498757.7,501,,
2026-06-04,BARUN,,349,343.3,345,,,17770,6128258.9,106,,
2026-06-04,BBC,,4584,4457,4482.1,,,258,1168940,25,,
2026-06-04,BEDC,,374,364,364,,,18181,6649866.7,135,,
2026-06-04,BFC,,483.9,467,477.9,,,14496,6934707.1,139,,
2026-06-04,BGWT,,679,650,650,,,5398,3577148.7,85,,
2026-06-04,BHCL,,620,571,599.5,,,138661,84618321.7,893,,
2026-06-04,BHDC,,471.9,460.7,464.9,,,12020,5597283.2,105,,
2026-06-04,BHL,,225.5,220.3,220.5,,,53363,11823806.4,325,,
2026-06-04,BHPL,,565.5,526.4,552,,,54544,29980192.6,434,,
2026-06-04,BJHL,,920,890.7,891.1,,,6799,6127401.4,219,,
2026-06-04,BNHC,,339.6,330,333,,,5000,1657844.1,55,,
2026-06-04,BNL,,14400,14400,14400,,,0,0,0,,
2026-06-04,BNT,,11980,11600,11600,,,183,2130826,15,,
2026-06-04,BPCL,,697,684,688.9,,,14555,10027505.2,91,,
2026-06-04,BUNGAL,,743.6,720,720,,,87099,63787241.5,418,,
2026-06-04,CBBL,,931,926,927,,,10409,9661816,125,,
2026-06-04,CFCL,,615.1,557,613.9,,,305818,185265984.4,1187,,
2026-06-04,CGH,,807,790,791.1,,,52985,42023081.6,234,,
2026-06-04,CHCL,,501.9,492.5,500,,,30010,14987160.4,170,,
2026-06-04,CHDC,,2295,2266.2,2266.2,,,4914,11185021.7,89,,
2026-06-04,CHL,,295,291,294,,,14513,4244032.5,57,,
2026-06-04,CIT,,1770,1761,1763.9,,,2708,4782183.9,97,,
2026-06-04,CITY,,384,372.9,375.5,,,196377,73654272.2,352,,
2026-06-04,CKHL,,675,660,665.5,,,301,201333.5,21,,
2026-06-04,CLI,,470.9,463.7,466,,,23485,10939608.4,231,,
2026-06-04,CREST,,1344,1250,1268,,,9029,11437685.9,158,,
2026-06-04,CYCL,,1480,1466,1469.9,,,256,377064,19,,
2026-06-04,CZBIL,,213,203,203.4,,,60548,12348624.4,128,,
2026-06-04,DDBL,,862.9,840,847.8,,,4993,4235861.6,38,,
2026-06-04,DHEL,,652,620,630,,,17005,10724765.1,280,,
2026-06-04,DHPL,,304.9,300.1,302.2,,,980,296137.3,14,,
2026-06-04,DLBS,,1299.2,1267,1269,,,996,1269967,21,,
2026-06-04,DOLTI,,358,348.1,354,,,26189,9278612.9,136,,
2026-06-04,DORDI,,279,274.2,278,,,29154,8054828.6,159,,
2026-06-04,EBL,,714.9,706,709,,,17746,12601581.7,132,,
2026-06-04,EHPL,,395,388,390,,,18476,7211501.2,111,,
2026-06-04,ENL,,894,870.1,884.6,,,987,862014.4,25,,
2026-06-04,FMDBL,,799,785,790,,,13225,10442623,100,,
2026-06-04,FOWAD,,1066.9,1048,1059,,,1112,1170302.1,40,,
2026-06-04,GBIME,,241.7,238.3,238.7,,,30702,7341525.4,217,,
2026-06-04,GBLBS,,800,780.1,786,,,4926,3865892.8,67,,
2026-06-04,GCIL,,430,418.2,423.5,,,16636,7015523.4,183,,
2026-06-04,GFCL,,679.9,655,660,,,60268,40081087.2,244,,
2026-06-04,GHL,,244,236,236.2,,,22630,5398388.4,112,,
2026-06-04,GILB,,1137.8,1107.1,1136,,,2114,2351906.6,18,,
2026-06-04,GLBSL,,1800,1790,1790,,,396,711066,15,,
2026-06-04,GLH,,275,268.5,269.1,,,17135,4653653.7,105,,
2026-06-04,GMFBS,,1320,1271.1,1299,,,734,943371.3,16,,
2026-06-04,GMFIL,,494,475.3,483,,,16410,7999649.9,114,,
2026-06-04,GMLI,,1380,1330.1,1354,,,3432,4639468.2,67,,
2026-06-04,GUFL,,579.9,560,564,,,30474,17353062.4,186,,
2026-06-04,GVL,,504.7,489.5,492,,,13236,6511573.8,126,,
2026-06-04,HATHY,,798.9,784,791,,,2787,2198879.7,53,,
2026-06-04,HBL,,202,200,201,,,42303,8515161.6,692,,
2026-06-04,HDHPC,,226,212.4,221,,,205035,45466064,493,,
2026-06-04,HDL,,1180,1170,1176,,,9882,11627426.7,199,,
2026-06-04,HFIN,,965,920,925,,,64479,60696576.6,1262,,
2026-06-04,HHL,,369,360,364.8,,,32599,11844704.8,129,,
2026-06-04,HIDCL,,270,265.9,266.2,,,42315,11285287.3,222,,
2026-06-04,HIMSTAR,,880,851,860,,,5220,4488610.1,102,,
2026-06-04,HLBSL,,914,887,887,,,925,827198.2,16,,
2026-06-04,HLI,,352,345,345,,,27787,9692873.3,343,,
2026-06-04,HPPL,,382,374,379.5,,,35336,13338496.5,146,,
2026-06-04,HRL,,679.9,663,664.3,,,81024,54128964.2,839,,
2026-06-04,HURJA,,258,254,255,,,42604,10899327.9,144,,
2026-06-04,ICFC,,650,635,640,,,7878,5069453.7,69,,
2026-06-04,IHL,,415,400,409.9,,,31370,12768343.9,211,,
2026-06-04,ILBS,,930,920,926.5,,,977,906487,20,,
2026-06-04,ILI,,450,442.2,444.1,,,7710,3433058.4,224,,
2026-06-04,JBLB,,1310,1287.2,1300,,,11598,14993897.5,147,,
2026-06-04,JFL,,427,414.2,415,,,9167,3857718.8,79,,
2026-06-04,JHAPA,,1470,1328.9,1389.8,,,19972,27153528.7,282,,
2026-06-04,JOSHI,,285,280,281.6,,,14936,4222412,83,,
2026-06-04,JSLBB,,1120,1095,1095,,,64,70830,3,,
2026-06-04,KBL,,218.7,215.7,216.9,,,147983,32026962.1,438,,
2026-06-04,KBSH,,1598.5,1505.5,1505.5,,,61,94153.5,4,,
2026-06-04,KDL,,835,815.2,826,,,728,602944.4,27,,
2026-06-04,KHPL,,658.8,601.5,658.8,,,170,110232,17,,
2026-06-04,KKHC,,282,268,269.9,,,68375,18816511.6,248,,
2026-06-04,KMCDB,,875,865,872,,,1223,1063804.8,30,,
2026-06-04,KPCL,,508,495,495,,,6770,3367602.7,68,,
2026-06-04,LEC,,229.8,223,225.9,,,101877,22972626.6,322,,
2026-06-04,LICN,,830,815.2,820,,,17844,14641253.5,118,,
2026-06-04,LLBS,,949.9,935,949.9,,,580,543611,8,,
2026-06-04,LSL,,226.8,221,222,,,90368,20200684.6,179,,
2026-06-04,MABEL,,749.7,718,719,,,16144,11766244.6,186,,
2026-06-04,MAKAR,,508,498,500,,,5745,2875646,47,,
2026-06-04,MANDU,,830,820,822.7,,,1596,1314102.5,37,,
2026-06-04,MATRI,,911,895,904,,,925,837447.7,24,,
2026-06-04,MBJC,,290,284.8,286.1,,,11254,3224552.7,211,,
2026-06-04,MBL,,254.4,250,253.9,,,63029,15902200.5,157,,
2026-06-04,MCHL,,321,312.1,317,,,4459,1413390.4,42,,
2026-06-04,MEHL,,389,375,379,,,2341,883588.3,47,,
2026-06-04,MEL,,250,244,246,,,8435,2082717,166,,
2026-06-04,MEN,,628,610,614,,,55059,33858163.5,204,,
2026-06-04,MERO,,771.7,730,734,,,5462,4001668.6,70,,
2026-06-04,MFIL,,798.9,784.2,790,,,24394,19230693.5,132,,
2026-06-04,MHCL,,356,346,355,,,3358,1176754.3,61,,
2026-06-04,MHL,,529,500,506,,,9206,4648150.7,79,,
2026-06-04,MHNL,,280,258.2,266.8,,,14747,3883768.4,100,,
2026-06-04,MKCL,,1285,1260,1260.1,,,2509,3176730.8,49,,
2026-06-04,MKHC,,332.9,320.5,320.5,,,14789,4792105.4,95,,
2026-06-04,MKHL,,535,515,517,,,9583,4999628.9,87,,
2026-06-04,MKJC,,507,493.3,504.7,,,7890,3923938.6,55,,
2026-06-04,MLBBL,,1214,1190,1209.9,,,1088,1305430.5,18,,
2026-06-04,MLBS,,1292,1239.1,1292,,,110,139591,7,,
2026-06-04,MLBSL,,1817,1780,1780,,,76,136876.1,6,,
2026-06-04,MMKJL,,537,527,527.1,,,7252,3834925.4,82,,
2026-06-04,MPFL,,667,634,634,,,44967,29250123.3,247,,
2026-06-04,MSHL,,690,670,689,,,310,212370.8,24,,
2026-06-04,MSLB,,1250,1231.1,1245,,,367,456466.3,17,,
2026-06-04,NABIL,,563,531.1,538.8,,,35729,19220678.3,339,,
2026-06-04,NADEP,,764,754.1,760,,,855,649328,24,,
2026-06-04,NBL,,273.4,269.5,269.8,,,73653,19966458,195,,
2026-06-04,NESDO,,1535,1528.1,1535,,,47,71938.1,8,,
2026-06-04,NFS,,623,595,606,,,20678,12662316.9,195,,
2026-06-04,NGPL,,467.7,438,441.7,,,140797,62204914.5,427,,
2026-06-04,NHDL,,679,635.6,636,,,9286,6214395.4,26,,
2026-06-04,NHPC,,297,286.3,286.3,,,267468,77615421.1,860,,
2026-06-04,NICA,,354.9,350,350.3,,,32020,11251946.1,158,,
2026-06-04,NICLBSL,,587.9,576.1,578,,,2876,1666442.8,66,,
2026-06-04,NIFRA,,266,263,263,,,51670,13646372.8,397,,
2026-06-04,NIMB,,199.9,197.9,198,,,29227,5799079.1,224,,
2026-06-04,NLIC,,781,775,777,,,22920,17839482.2,170,,
2026-06-04,NLICL,,603,588.1,594.9,,,17573,10423107.3,40,,
2026-06-04,NLO,,269.4,269.4,269.4,,,0,0,0,,
2026-06-04,NMB,,249.7,242.1,245.9,,,33438,8204873.6,143,,
2026-06-04,NMBMF,,655,649,653.9,,,2402,1568212.9,25,,
2026-06-04,NMFBS,,1147,1134.1,1140,,,1060,1207689.8,26,,
2026-06-04,NMLBBL,,605,581.5,592,,,6055,3622164.5,67,,
2026-06-04,NRIC,,1129,1040,1085,,,158253,171989587.8,1310,,
2026-06-04,NRM,,370,361.1,365,,,13477,4899380.9,132,,
2026-06-04,NRN,,1395,1365.5,1374,,,30230,41590037.9,243,,
2026-06-04,NTC,,871,850,859.7,,,16416,14159647.4,366,,
2026-06-04,NUBL,,668,660,662.4,,,957,634667.9,21,,
2026-06-04,NWCL,,805,785,793,,,781,619474.1,34,,
2026-06-04,NYADI,,439,385.2,429,,,118780,50744091.3,833,,
2026-06-04,OHL,,708,701,702.4,,,547,384340.1,7,,
2026-06-04,OMPL,,1190,1155,1165,,,1699,1978879,86,,
2026-06-04,PCBL,,242,238,241,,,24205,5823195.8,89,,
2026-06-04,PCIL,,805,789,789.2,,,40923,32533137.3,1559,,
2026-06-04,PFL,,387.8,373,374,,,7800,2965292,63,,
2026-06-04,PHCL,,313,310,310.7,,,53142,16517216.9,235,,
2026-06-04,PMHPL,,349,339.5,342.6,,,4512,1546259.4,48,,
2026-06-04,PMLI,,482,476.1,480.9,,,10363,4965099.1,160,,
2026-06-04,PPCL,,390,380,390,,,6277,2394731.2,44,,
2026-06-04,PPL,,353.5,348,350,,,13979,4902373.7,116,,
2026-06-04,PROFL,,465,448,452,,,9001,4099771.9,87,,
2026-06-04,PRVU,,199.9,195,197,,,92364,18180160.1,311,,
2026-06-04,PURE,,943.8,918,923,,,6596,6083178.7,94,,
2026-06-04,RADHI,,785,770,778,,,61846,48102429.9,152,,
2026-06-04,RAWA,,567.9,553,567.9,,,710,398979,25,,
2026-06-04,RFPL,,375,353,367,,,17658,6510290.3,147,,
2026-06-04,RHGCL,,296.9,289.1,291.5,,,52259,15236400.9,229,,
2026-06-04,RHPL,,283,269.2,276,,,82964,22532217.7,237,,
2026-06-04,RIDI,,375,354,358.4,,,393409,140978846.4,897,,
2026-06-04,RLEL,,1003.6,951.6,965,,,15794,15475069.5,346,,
2026-06-04,RLFL,,489,465,465.4,,,70172,33415443.3,389,,
2026-06-04,RNLI,,483,473,476,,,16395,7812843,249,,
2026-06-04,RSDC,,685,672.2,678.6,,,2683,1829527.5,38,,
2026-06-04,RSML,,3699,3595,3631,,,12521,45330601.1,337,,
2026-06-04,RURU,,657,652,657,,,3145,2059700.2,35,,
2026-06-04,SAGAR,,1715,1675,1689,,,7274,12260722,122,,
2026-06-04,SAHAS,,673,666,667,,,92877,62076338.1,590,,
2026-06-04,SAIL,,1115,1070,1088,,,35771,38984519.2,510,,
2026-06-04,SANIMA,,370,365.1,368.4,,,31066,11410204.2,155,,
2026-06-04,SANVI,,725,693,693,,,12032,8433528.1,208,,
2026-06-04,SARBTM,,880,866.3,870,,,4283,3733094,61,,
2026-06-04,SBI,,400,394.1,398.9,,,26896,10736837.9,73,,
2026-06-04,SBL,,404,400,403.9,,,50784,20428960.4,126,,
2026-06-04,SCB,,663,643.6,658.5,,,15797,10351185.8,77,,
2026-06-04,SGHC,,380,369,373.8,,,5901,2187610.5,76,,
2026-06-04,SHEL,,320.5,315,316,,,102477,32499363.9,296,,
2026-06-04,SHIVM,,679,670,677.6,,,65064,43741593.8,443,,
2026-06-04,SHL,,511,502,503.7,,,10883,5497623.3,55,,
2026-06-04,SHLB,,1525,1510,1516.1,,,365,553856,19,,
2026-06-04,SHPC,,524,515.7,515.9,,,28370,14685190.8,124,,
2026-06-04,SIFC,,580,550,560,,,26960,15323685.6,217,,
2026-06-04,SIKLES,,614,595,599,,,2955,1776584,43,,
2026-06-04,SIPD,,795,776.1,787,,,13445,10582055.3,562,,
2026-06-04,SJCL,,304,297,300,,,5388,1612305.4,72,,
2026-06-04,SJLIC,,445,435,439,,,14001,6167474.2,169,,
2026-06-04,SKBBL,,774.9,763,767,,,5317,4072805.7,92,,
2026-06-04,SKHEL,,1256.7,1190,1237,,,4643,5739195,182,,
2026-06-04,SKHL,,950,925,926,,,13324,12456061.8,270,,
2026-06-04,SLBBL,,834,820.2,830,,,4804,3973378.3,45,,
2026-06-04,SLBSL,,1210,1182,1207,,,1438,1735276.5,16,,
2026-06-04,SMATA,,784.9,777,779,,,5095,3976583,79,,
2026-06-04,SMB,,1768.2,1722,1745,,,1181,2056614.7,33,,
2026-06-04,SMFBS,,1605,1515,1535,,,814,1245280.2,27,,
2026-06-04,SMH,,594.9,582.1,588,,,4779,2806209.7,47,,
2026-06-04,SMHL,,509,500,504,,,28399,14311219.7,193,,
2026-06-04,SMJC,,495.6,458.1,475,,,30874,14749924,206,,
2026-06-04,SMPDA,,845,836,838,,,2087,1752309,48,,
2026-06-04,SNLI,,467,457.4,460.4,,,18703,8652752.6,275,,
2026-06-04,SOHL,,668.9,655,660,,,71943,47601336.7,1307,,
2026-06-04,SONA,,454,443.1,444,,,26213,11718931.5,280,,
2026-06-04,SPC,,470,458.1,461,,,6573,3045558.5,48,,
2026-06-04,SPDL,,410.9,390,401,,,67909,27306590,182,,
2026-06-04,SPHL,,646,613,630,,,80156,50423514.9,504,,
2026-06-04,SPL,,713.5,700.4,700.4,,,973,685761.6,19,,
2026-06-04,SRLI,,406.4,398.5,399.9,,,18538,7425896.8,235,,
2026-06-04,SSHL,,217,214.1,215.6,,,104003,22408022.9,350,,
2026-06-04,STC,,5539,5382.1,5499.5,,,826,4472803.1,29,,
2026-06-04,SWASTIK,,2400,2370,2372,,,265,629500,14,,
2026-06-04,SWBBL,,746,736,744.9,,,4413,3266998.1,54,,
2026-06-04,SWMF,,672,666,671,,,2377,1588241.7,18,,
2026-06-04,SYPNL,,1454.9,1400,1424,,,29822,42586195.6,593,,
2026-06-04,TAMOR,,470,460,470,,,45326,21086533.1,266,,
2026-06-04,TPC,,378.7,369.2,371.9,,,17671,6575007.5,112,,
2026-06-04,TRH,,775,756,763,,,570,436505,13,,
2026-06-04,TSHL,,582,565.1,570,,,913,522515,32,,
2026-06-04,TTL,,826,812,815.5,,,9013,7375870.4,267,,
2026-06-04,TVCL,,520,499,508,,,25663,12996826.6,84,,
2026-06-04,UHEWA,,595,585,586.2,,,5888,3469847.9,63,,
2026-06-04,ULBSL,,3230,2805,2935,,,1728,4999799.1,54,,
2026-06-04,ULHC,,465.5,459,465,,,7618,3529247,62,,
2026-06-04,UMHL,,583,575.1,582,,,16832,9768536.6,75,,
2026-06-04,UMRH,,554,541.1,541.1,,,11074,6049115.6,64,,
2026-06-04,UNHPL,,436.9,426,430.5,,,32808,14053657,169,,
2026-06-04,UNL,,46700,46700,46700,,,0,0,0,,
2026-06-04,UNLB,,1454,1384,1400,,,565,793741,23,,
2026-06-04,UPCL,,389.5,368.5,369,,,32426,12029420.3,154,,
2026-06-04,UPPER,,206.9,200,203,,,111818,22750980.6,519,,
2026-06-04,USHEC,,515,504.8,507,,,8212,4179858.2,71,,
2026-06-04,USHL,,622,580,610,,,2296,1387414.8,33,,
2026-06-04,USLB,,1272,1260,1261.1,,,521,659390.6,21,,
2026-06-04,VLBS,,747,703,712,,,7549,5400131.1,168,,
2026-06-04,VLUCL,,495.5,481,487,,,2850,1391938,47,,
2026-06-05,ACLBSL,,964,945.2,960,,,1177,1125662,22,,
2026-06-05,ADBL,,319,311,317,,,36488,11405383.9,137,,
2026-06-05,AHL,,497,485.4,496.5,,,3440,1701817.6,47,,
2026-06-05,AHPC,,280,276,277,,,92890,25813187.6,291,,
2026-06-05,AKJCL,,428,407,413,,,1350660,556906427.3,1611,,
2026-06-05,AKPL,,272,267,267,,,62142,16700050.8,251,,
2026-06-05,ALBSL,,1108,1088.1,1106,,,2039,2228986.5,65,,
2026-06-05,ALICL,,462,456.1,459,,,7346,3372840.1,45,,
2026-06-05,ANLB,,5944.9,5801,5940,,,865,5063084,24,,
2026-06-05,API,,359,347.3,348,,,264603,92575863.4,677,,
2026-06-05,AVYAN,,1128,1100,1114.9,,,4489,4974632.5,75,,
2026-06-05,BANDIPUR,,826,815.2,820,,,23830,19502117.1,439,,
2026-06-05,BARUN,,347.8,340,340,,,41713,14229836.5,198,,
2026-06-05,BBC,,4510,4400,4475,,,493,2188995.5,35,,
2026-06-05,BEDC,,365,360,361,,,19261,6965920.6,127,,
2026-06-05,BFC,,523.5,465,514,,,264073,135004045.3,1525,,
2026-06-05,BGWT,,663.9,650.1,656,,,2110,1387599.4,51,,
2026-06-05,BHCL,,629.4,585,594,,,110562,65107506.8,465,,
2026-06-05,BHDC,,466,459.5,463,,,14806,6831454.5,100,,
2026-06-05,BHL,,222.9,218,219,,,109602,24078569.7,449,,
2026-06-05,BHPL,,565,533,548.6,,,11242,6146519,135,,
2026-06-05,BJHL,,900,860,867.9,,,8293,7226244,239,,
2026-06-05,BNHC,,333.8,328.2,333.8,,,2594,859773.7,46,,
2026-06-05,BNL,,14400,14400,14400,,,0,0,0,,
2026-06-05,BNT,,11600,11600,11600,,,0,0,0,,
2026-06-05,BPCL,,696,679.8,679.9,,,14756,10062603.5,125,,
2026-06-05,BUNGAL,,730,684,700.1,,,59295,42276210,403,,
2026-06-05,CBBL,,928,901,921,,,22138,20392803.8,159,,
2026-06-05,CFCL,,649.9,584,630,,,294495,185026283.9,1229,,
2026-06-05,CGH,,797,789,792,,,14122,11169265.8,119,,
2026-06-05,CHCL,,500,495,495.4,,,33537,16630481.5,138,,
2026-06-05,CHDC,,2289,2262,2269,,,8660,19654189.5,137,,
2026-06-05,CHL,,292,288,291,,,10312,2984267.9,55,,
2026-06-05,CIT,,1770,1746,1755,,,11075,19441432,233,,
2026-06-05,CITY,,407,374.4,402,,,502123,195999747.9,1690,,
2026-06-05,CKHL,,665.5,650,665,,,2230,1469429,32,,
2026-06-05,CLI,,465.5,457.1,465.5,,,14320,6642877,227,,
2026-06-05,CREST,,1333,1240,1254.5,,,7665,9626752,149,,
2026-06-05,CYCL,,1466,1455,1455,,,933,1359047.3,28,,
2026-06-05,CZBIL,,205,201.2,202.5,,,44123,8953484.6,151,,
2026-06-05,DDBL,,850,841.3,850,,,7093,6005267.5,56,,
2026-06-05,DHEL,,626.5,618,621,,,18100,11242689.2,286,,
2026-06-05,DHPL,,308.9,300,302,,,8941,2707070.2,45,,
2026-06-05,DLBS,,1295,1266,1266,,,403,512268.5,15,,
2026-06-05,DOLTI,,355,345.5,350,,,27819,9753393.4,134,,
2026-06-05,DORDI,,278.9,271.2,273.8,,,28296,7731198.9,165,,
2026-06-05,EBL,,711,706,709.4,,,23119,16380847.5,161,,
2026-06-05,EHPL,,390,382,387.9,,,22626,8698160.5,151,,
2026-06-05,ENL,,894,861.3,880,,,795,701369,27,,
2026-06-05,FMDBL,,800,782,788.8,,,6620,5203084.3,78,,
2026-06-05,FOWAD,,1059,1035,1039,,,4170,4346155.8,77,,
2026-06-05,GBIME,,239.5,237.1,238.1,,,89456,21293463.1,267,,
2026-06-05,GBLBS,,793.8,771.5,780,,,3775,2933841.4,62,,
2026-06-05,GCIL,,424.9,416.4,418,,,15879,6639936.8,187,,
2026-06-05,GFCL,,675,649.1,669,,,49787,33097078.8,317,,
2026-06-05,GHL,,240,235,235,,,44218,10427280.3,178,,
2026-06-05,GILB,,1130,1111.1,1130,,,363,404995.1,10,,
2026-06-05,GLBSL,,1813.9,1761.1,1813.9,,,278,493589.7,7,,
2026-06-05,GLH,,270.9,264.4,265,,,35034,9327247.3,173,,
2026-06-05,GMFBS,,1299,1272.2,1297.9,,,49,62525,7,,
2026-06-05,GMFIL,,507,459,495.5,,,69243,34484099.2,361,,
2026-06-05,GMLI,,1380,1322.1,1329,,,2542,3467663.4,52,,
2026-06-05,GUFL,,581,568,581,,,57334,33073141.9,401,,
2026-06-05,GVL,,497,489,490,,,15808,7754514,98,,
2026-06-05,HATHY,,791,780,787,,,4509,3534250.7,99,,
2026-06-05,HBL,,202,200,201,,,54217,10874591.9,662,,
2026-06-05,HDHPC,,224,218.2,218.9,,,151845,33282438.1,471,,
2026-06-05,HDL,,1177,1166,1168,,,20224,23662507.7,296,,
2026-06-05,HFIN,,925,875.3,886,,,97790,87534480.1,1740,,
2026-06-05,HHL,,367,355,358.3,,,38690,13974885.9,170,,
2026-06-05,HIDCL,,269.5,264,265,,,61544,16333229.1,283,,
2026-06-05,HIMSTAR,,860,837,846,,,6098,5153782.9,109,,
2026-06-05,HLBSL,,899.9,883.3,899.9,,,125,110835.2,7,,
2026-06-05,HLI,,348,340.5,341.9,,,38829,13335359.1,271,,
2026-06-05,HPPL,,380,373,374.2,,,32920,12371967.2,128,,
2026-06-05,HRL,,679,631.1,661,,,79072,52201593.9,744,,
2026-06-05,HURJA,,257.5,250.1,252.5,,,42526,10724763.2,171,,
2026-06-05,ICFC,,657.7,642.9,649,,,45301,29514112.9,272,,
2026-06-05,IHL,,408.9,400.5,402,,,17286,6979599.5,112,,
2026-06-05,ILBS,,929.6,914,916,,,6592,6039995.1,32,,
2026-06-05,ILI,,449,441,441.5,,,8650,3830028.4,206,,
2026-06-05,JBLB,,1310,1290.6,1297,,,2616,3396828.7,77,,
2026-06-05,JFL,,433,421,428.6,,,19852,8510870.9,197,,
2026-06-05,JHAPA,,1391,1320.4,1380,,,19631,26432066.7,315,,
2026-06-05,JOSHI,,283,277.5,278,,,11088,3098015,97,,
2026-06-05,JSLBB,,1096,1095,1095,,,70,76700,2,,
2026-06-05,KBL,,217.5,214,215.4,,,215732,46454140.3,530,,
2026-06-05,KBSH,,1550,1530,1543,,,30,46230,3,,
2026-06-05,KDL,,849.6,815,834,,,1597,1321954.6,54,,
2026-06-05,KHPL,,757.6,691.7,757.6,,,440,331975,44,,
2026-06-05,KKHC,,282.9,262,264,,,59787,15827067,246,,
2026-06-05,KMCDB,,872,861,871,,,496,431440.5,13,,
2026-06-05,KPCL,,497.5,490.1,495,,,8160,4029083.9,57,,
2026-06-05,LEC,,225.9,222.1,223.1,,,55344,12381092.3,196,,
2026-06-05,LICN,,821,816.1,818,,,38457,31502825.7,82,,
2026-06-05,LLBS,,948,930,945,,,107,100965,4,,
2026-06-05,LSL,,227,220.3,221.2,,,70936,15749663.4,144,,
2026-06-05,MABEL,,727.5,686.2,689,,,28051,19584506.6,347,,
2026-06-05,MAKAR,,500,495,496.6,,,4590,2284986.4,47,,
2026-06-05,MANDU,,830,802.1,820,,,1060,867496.5,25,,
2026-06-05,MATRI,,910,890,902,,,901,805815.3,23,,
2026-06-05,MBJC,,288.2,283,286,,,11708,3337897,215,,
2026-06-05,MBL,,254,248,249.7,,,84623,21137301.4,176,,
2026-06-05,MCHL,,318,313,315.3,,,3943,1239700.5,40,,
2026-06-05,MEHL,,385,370,377.6,,,5385,2037790.2,55,,
2026-06-05,MEL,,250,240,240,,,7592,1854686.5,108,,
2026-06-05,MEN,,630,608.2,612,,,43425,26548723.5,239,,
2026-06-05,MERO,,744.9,720,730.7,,,4901,3559761.1,40,,
2026-06-05,MFIL,,805,770.6,804.9,,,120817,96054740.2,327,,
2026-06-05,MHCL,,355,348,354,,,10306,3606999.8,84,,
2026-06-05,MHL,,504,498,500,,,6285,3145402,40,,
2026-06-05,MHNL,,268,258,262,,,21350,5566194.7,116,,
2026-06-05,MKCL,,1270,1251,1267,,,1601,2011058,30,,
2026-06-05,MKHC,,325,316.1,321,,,15537,4957714.5,118,,
2026-06-05,MKHL,,525,503,515,,,9562,4890701.8,85,,
2026-06-05,MKJC,,503.8,492.1,503.5,,,4804,2387278.8,40,,
2026-06-05,MLBBL,,1209.5,1181,1209.5,,,1538,1834257.9,29,,
2026-06-05,MLBS,,1289.9,1217.9,1275,,,363,456432,17,,
2026-06-05,MLBSL,,1790,1770,1790,,,121,214590,3,,
2026-06-05,MMKJL,,525,515,518,,,3598,1870297.11,63,,
2026-06-05,MPFL,,659,634,642,,,70599,45720102.7,360,,
2026-06-05,MSHL,,690,680,690,,,144,99074,9,,
2026-06-05,MSLB,,1242,1222,1228,,,663,818488.7,29,,
2026-06-05,NABIL,,540,535,535,,,38895,20863977.4,368,,
2026-06-05,NADEP,,764.9,755.1,755.2,,,2211,1677467.3,34,,
2026-06-05,NBL,,272.5,267.3,268,,,103366,27771338.4,195,,
2026-06-05,NESDO,,1550,1526.4,1540,,,351,541139.4,16,,
2026-06-05,NFS,,635,592.6,620,,,96231,60214519.7,543,,
2026-06-05,NGPL,,443,437,439.9,,,167326,73317621.7,400,,
2026-06-05,NHDL,,639,633.7,637.9,,,753,479166.8,19,,
2026-06-05,NHPC,,291.9,275,283.5,,,255608,72696216.7,868,,
2026-06-05,NICA,,350.9,345,346,,,63840,22155269,214,,
2026-06-05,NICLBSL,,580,572,578,,,3084,1779769.6,59,,
2026-06-05,NIFRA,,264.6,261.3,261.5,,,70391,18447395.01,418,,
2026-06-05,NIMB,,207.9,197,197.3,,,46402,9156793.5,259,,
2026-06-05,NLIC,,777,765.2,767.6,,,26083,20076627,177,,
2026-06-05,NLICL,,595,585.1,595,,,4289,2538153.2,33,,
2026-06-05,NLO,,269.4,269.4,269.4,,,0,0,0,,
2026-06-05,NMB,,246,242.7,243.2,,,16458,4015950.6,81,,
2026-06-05,NMBMF,,652,640.1,642,,,2065,1328155.5,11,,
2026-06-05,NMFBS,,1146,1136,1146,,,6038,6870022.8,38,,
2026-06-05,NMLBBL,,596.9,583.1,595.9,,,4295,2537387.8,47,,
2026-06-05,NRIC,,1099.9,1055,1070,,,59901,64057718.2,600,,
2026-06-05,NRM,,366,359,361.5,,,13099,4729330.1,124,,
2026-06-05,NRN,,1396,1306,1381,,,49503,68603281.4,294,,
2026-06-05,NTC,,860,851.1,857,,,15647,13423339.5,254,,
2026-06-05,NUBL,,666,655,666,,,3740,2470679.4,47,,
2026-06-05,NWCL,,806,777.2,790,,,3205,2510962,49,,
2026-06-05,NYADI,,435,416.5,421,,,12782,5403204.2,148,,
2026-06-05,OHL,,709,697.2,709,,,2042,1442305.1,17,,
2026-06-05,OMPL,,1165,1154,1155,,,1304,1510512.9,71,,
2026-06-05,PCBL,,242,239,240,,,33577,8072059.5,103,,
2026-06-05,PCIL,,850,749.8,780,,,39256,30641373.2,1442,,
2026-06-05,PFL,,392,370,390,,,26462,10202810.4,194,,
2026-06-05,PHCL,,310.4,304.1,307.7,,,63990,19692905.8,241,,
2026-06-05,PMHPL,,339.9,337.5,338,,,7155,2419681.5,57,,
2026-06-05,PMLI,,491,469.1,481,,,12122,5834298.4,146,,
2026-06-05,PPCL,,398.9,376,386,,,16054,6161586.7,73,,
2026-06-05,PPL,,360,332.5,351,,,29679,10421105.3,129,,
2026-06-05,PROFL,,475,457.9,466,,,55291,25859119.5,333,,
2026-06-05,PRVU,,199.9,187.2,197,,,72911,14348698.9,281,,
2026-06-05,PURE,,920,906,910,,,6565,5972815.6,124,,
2026-06-05,RADHI,,778,767,774,,,35238,27160407,120,,
2026-06-05,RAWA,,567.9,554.1,562,,,1611,909285,13,,
2026-06-05,RFPL,,373,353,364.9,,,30584,11173543.5,200,,
2026-06-05,RHGCL,,294,285,285.9,,,46868,13447548.7,214,,
2026-06-05,RHPL,,280,274,274,,,12576,3457567.4,106,,
2026-06-05,RIDI,,359,348,352,,,430825,151680315.1,853,,
2026-06-05,RLEL,,970,919.6,928,,,25466,23836033.8,568,,
2026-06-05,RLFL,,501,468,494.5,,,202534,99679714.3,1015,,
2026-06-05,RNLI,,477,470,474.5,,,22198,10510707.3,231,,
2026-06-05,RSDC,,698,661.8,671,,,1971,1324696.8,34,,
2026-06-05,RSML,,3648,3449.5,3580,,,41801,150858231.7,617,,
2026-06-05,RURU,,657,652.2,656,,,2808,1836234.2,28,,
2026-06-05,SAGAR,,1696,1670,1672.1,,,3190,5355324,97,,
2026-06-05,SAHAS,,669.9,663,664.3,,,87518,58236275.1,496,,
2026-06-05,SAIL,,1110,1050,1057,,,36384,38760264.8,507,,
2026-06-05,SANIMA,,370,365.2,368,,,136061,49819297.3,193,,
2026-06-05,SANVI,,705,680,689.5,,,16254,11177403.3,214,,
2026-06-05,SARBTM,,879.8,860,865.2,,,4844,4200404.4,53,,
2026-06-05,SBI,,399.9,394,399,,,45011,17833669.5,87,,
2026-06-05,SBL,,405.9,399.1,401,,,71065,28530587.4,109,,
2026-06-05,SCB,,662,653.2,657.1,,,8064,5310645.4,66,,
2026-06-05,SGHC,,374,363.2,365.5,,,12646,4635188.9,87,,
2026-06-05,SHEL,,322,313.5,314.3,,,114094,35963814.2,306,,
2026-06-05,SHIVM,,715,667.5,673,,,92974,63255626.5,431,,
2026-06-05,SHL,,518,500,503.1,,,18018,9083614,56,,
2026-06-05,SHLB,,1528,1500,1528,,,135,202810,7,,
2026-06-05,SHPC,,524.5,515.6,516,,,27399,14165961.7,123,,
2026-06-05,SIFC,,587,550,572.6,,,83612,48302658,353,,
2026-06-05,SIKLES,,603.7,585,602.9,,,4051,2426524.7,56,,
2026-06-05,SIPD,,790,748.2,773,,,13831,10674706.5,517,,
2026-06-05,SJCL,,304,293.4,296,,,11328,3342445.8,87,,
2026-06-05,SJLIC,,445,417.1,438,,,15819,6977514.3,146,,
2026-06-05,SKBBL,,775,764,765.8,,,4189,3207025.1,70,,
2026-06-05,SKHEL,,1235,1170,1200,,,7416,8877065.9,220,,
2026-06-05,SKHL,,934.6,901,916.9,,,22720,20725424.1,420,,
2026-06-05,SLBBL,,835,817,830,,,6521,5392224.7,61,,
2026-06-05,SLBSL,,1239,1191,1209,,,591,709347,12,,
2026-06-05,SMATA,,780,773.1,779.6,,,4232,3284944.5,57,,
2026-06-05,SMB,,1760,1735.1,1750,,,1146,2000186.9,28,,
2026-06-05,SMFBS,,1549.9,1511,1520,,,711,1078248.4,14,,
2026-06-05,SMH,,615,578.8,585.3,,,10247,5979788.1,87,,
2026-06-05,SMHL,,505,500,501,,,32616,16400995.5,158,,
2026-06-05,SMJC,,485,470.7,475,,,50830,24093587.6,148,,
2026-06-05,SMPDA,,841,831.2,833,,,1949,1624133,27,,
2026-06-05,SNLI,,461,452,454,,,12193,5580031,185,,
2026-06-05,SOHL,,661,653,655,,,107890,70659717,1453,,
2026-06-05,SONA,,451,432,448,,,66955,29673568.5,394,,
2026-06-05,SPC,,465,446.5,459.9,,,14607,6659293.8,68,,
2026-06-05,SPDL,,405,395.7,398.3,,,45051,17930793.4,150,,
2026-06-05,SPHL,,708,595,632,,,84628,51743824.9,509,,
2026-06-05,SPL,,720,691.3,711,,,1220,870750.3,27,,
2026-06-05,SRLI,,410,395.2,410,,,29563,11912890.2,244,,
2026-06-05,SSHL,,216,213.4,214,,,109902,23541520.2,349,,
2026-06-05,STC,,5450,5400.3,5450,,,550,2977462,13,,
2026-06-05,SWASTIK,,2385,2340,2379,,,874,2063106.6,41,,
2026-06-05,SWBBL,,744,736,743.9,,,2142,1589794.7,25,,
2026-06-05,SWMF,,665,663,665,,,1918,1272482,13,,
2026-06-05,SYPNL,,1434.7,1352.8,1405,,,38626,54449469.9,651,,
2026-06-05,TAMOR,,470,461,464,,,53854,24936732.7,197,,
2026-06-05,TPC,,371,365,367.9,,,24941,9143645.7,128,,
2026-06-05,TRH,,770,741,770,,,2202,1687288,21,,
2026-06-05,TSHL,,574.9,560,560,,,2245,1263227.8,36,,
2026-06-05,TTL,,820,805.1,808,,,11437,9255285.7,304,,
2026-06-05,TVCL,,515,498.2,503,,,6799,3451990,52,,
2026-06-05,UHEWA,,591,583.1,590.1,,,16361,9636844.8,78,,
2026-06-05,ULBSL,,3220,2800,3220,,,5000,14365997.9,131,,
2026-06-05,ULHC,,464,460,463.5,,,6424,2965612.5,71,,
2026-06-05,UMHL,,584,575.1,584,,,28643,16590835,107,,
2026-06-05,UMRH,,548,537,547.9,,,5636,3051666.4,51,,
2026-06-05,UNHPL,,433.6,422,424,,,41850,17827609.8,208,,
2026-06-05,UNL,,46900,46725,46725,,,60,2805250,3,,
2026-06-05,UNLB,,1400,1365,1399.9,,,1331,1838983,34,,
2026-06-05,UPCL,,372,360,370.5,,,34891,12884175.3,123,,
2026-06-05,UPPER,,205,202.1,203,,,71513,14528207.3,428,,
2026-06-05,USHEC,,507,503.3,505,,,4007,2023617.5,57,,
2026-06-05,USHL,,621,603.1,610,,,936,570006.4,27,,
2026-06-05,USLB,,1260,1245,1255,,,553,692731.4,17,,
2026-06-05,VLBS,,714,702.7,705.3,,,1919,1357438.9,101,,
2026-06-05,VLUCL,,491,481.1,490,,,2483,1214051.2,58,,
2026-06-08,ACLBSL,,960,947.5,957,,,1135,1079694.9,22,,
2026-06-08,ADBL,,316.6,310,314.5,,,39867,12403750.5,197,,
2026-06-08,AHL,,497,487,490.3,,,12120,5948942.8,83,,
2026-06-08,AHPC,,279,275,276,,,89266,24608982.1,320,,
2026-06-08,AKJCL,,420,393,404.8,,,341678,138057776.2,868,,
2026-06-08,AKPL,,274.6,253.7,266,,,70412,18740831.3,276,,
2026-06-08,ALBSL,,1110,1079,1101.1,,,2564,2797846.4,68,,
2026-06-08,ALICL,,459.8,453,457.6,,,17392,7920846.7,81,,
2026-06-08,ANLB,,5950,5780.1,5870,,,401,2334878,17,,
2026-06-08,API,,350,345.3,346.7,,,154559,53654598.2,510,,
2026-06-08,AVYAN,,1100,1082.1,1090,,,5309,5777693,124,,
2026-06-08,BANDIPUR,,823,806,814,,,27535,22334846.2,687,,
2026-06-08,BARUN,,340,336.2,339,,,22442,7595582.2,168,,
2026-06-08,BBC,,4450,4296,4388,,,1266,5488174,56,,
2026-06-08,BEDC,,360,356.5,359,,,17576,6295443.7,175,,
2026-06-08,BFC,,539,520,526.3,,,165982,87847144.5,898,,
2026-06-08,BGWT,,675,652.6,664.8,,,409,269390.3,25,,
2026-06-08,BHCL,,595,571.9,573,,,79958,46511204.6,552,,
2026-06-08,BHDC,,463,456,456,,,11381,5206426.8,130,,
2026-06-08,BHL,,220.7,208.1,216.9,,,77832,16886327.6,391,,
2026-06-08,BHPL,,560,530,539.7,,,8784,4725875.3,116,,
2026-06-08,BJHL,,892,829,838,,,14599,12231806.1,292,,
2026-06-08,BNHC,,336,325,325.3,,,5475,1790961.8,68,,
2026-06-08,BNL,,14400,14400,14400,,,0,0,0,,
2026-06-08,BNT,,11615,11600,11615,,,50,580150,3,,
2026-06-08,BPCL,,693,676,679,,,9447,6413740,104,,
2026-06-08,BUNGAL,,735.1,682.1,686,,,24953,17197457.8,409,,
2026-06-08,CBBL,,929,918,920,,,13313,12252543.5,176,,
2026-06-08,CFCL,,656,598.5,645,,,318817,204629097.2,1122,,
2026-06-08,CGH,,803,787,790,,,8391,6632324.6,96,,
2026-06-08,CHCL,,496,489.9,490,,,25729,12624821.9,181,,
2026-06-08,CHDC,,2269,2249,2262.7,,,5057,11399517.2,106,,
2026-06-08,CHL,,291,285.2,285.2,,,9879,2820890.5,48,,
2026-06-08,CIT,,1764,1742.2,1750,,,7762,13580607.9,195,,
2026-06-08,CITY,,422,382.3,403.9,,,288442,117832443.1,1505,,
2026-06-08,CKHL,,660,652,655,,,290,189716,22,,
2026-06-08,CLI,,465.1,457.3,457.3,,,13332,6138907.6,266,,
2026-06-08,CREST,,1419,1221,1419,,,18086,22657790.5,296,,
2026-06-08,CYCL,,1465,1450,1450.1,,,511,741737.3,25,,
2026-06-08,CZBIL,,204,201.1,203,,,68799,13929699.7,149,,
2026-06-08,DDBL,,850,845.1,846.2,,,10604,8999471.2,69,,
2026-06-08,DHEL,,630,606,615,,,23642,14533888.3,378,,
2026-06-08,DHPL,,310,299.3,299.3,,,2239,673644.1,31,,
2026-06-08,DLBS,,1266,1260.6,1262,,,185,233216.5,15,,
2026-06-08,DOLTI,,359,333,351.5,,,24415,8544347.8,211,,
2026-06-08,DORDI,,277,266,270,,,26563,7190365.7,181,,
2026-06-08,EBL,,710,705,705,,,31398,22191509.4,224,,
2026-06-08,EHPL,,407.2,381,383,,,14825,5689239.6,156,,
2026-06-08,ENL,,880,870,878.6,,,406,355500,15,,
2026-06-08,FMDBL,,789.9,780.6,784.9,,,16788,13151450.7,88,,
2026-06-08,FOWAD,,1039,1020.3,1038,,,5035,5215143,68,,
2026-06-08,GBIME,,240,237.4,238,,,83481,19867011.5,255,,
2026-06-08,GBLBS,,785,765,766.5,,,2790,2143228.5,46,,
2026-06-08,GCIL,,422,414,416,,,9822,4086214.6,222,,
2026-06-08,GFCL,,675,650,662,,,30653,20315421.6,213,,
2026-06-08,GHL,,246.7,230.1,235.4,,,31687,7408278.9,139,,
2026-06-08,GILB,,1138,1113,1125,,,1642,1848425.9,26,,
2026-06-08,GLBSL,,1814,1761,1812,,,336,604025,14,,
2026-06-08,GLH,,272,264,264.3,,,24726,6548772.7,144,,
2026-06-08,GMFBS,,1280,1265,1273.5,,,930,1181933.8,24,,
2026-06-08,GMFIL,,519,490,517,,,146396,74747424,634,,
2026-06-08,GMLI,,1357,1300,1319.9,,,1715,2263687,77,,
2026-06-08,GUFL,,593,573,577,,,46581,27173654.7,290,,
2026-06-08,GVL,,491,487.5,490,,,13485,6587279.9,133,,
2026-06-08,HATHY,,781,772,777,,,4999,3885348,99,,
2026-06-08,HBL,,201.9,199.4,200.4,,,33623,6734819.1,786,,
2026-06-08,HDHPC,,220,216,216.4,,,125996,27309765.6,454,,
2026-06-08,HDL,,1236,1164,1165,,,29919,35407275.5,368,,
2026-06-08,HFIN,,885,856.3,859,,,54037,46912792,1423,,
2026-06-08,HHL,,359.9,352,353,,,32346,11520111.7,146,,
2026-06-08,HIDCL,,270.8,260,262.9,,,54591,14341978.8,306,,
2026-06-08,HIMSTAR,,848,835.1,847.9,,,3244,2723563,84,,
2026-06-08,HLBSL,,890,875.5,890,,,1253,1101697,20,,
2026-06-08,HLI,,342.1,338.3,341,,,40920,13921532.8,320,,
2026-06-08,HPPL,,386,370,375,,,30809,11445555,147,,
2026-06-08,HRL,,663,642,647,,,102326,66183235.2,1133,,
2026-06-08,HURJA,,254,250,250.8,,,44563,11162945.3,168,,
2026-06-08,ICFC,,658.8,640.2,643.5,,,9048,5840602,85,,
2026-06-08,IHL,,402,394.5,398.5,,,19108,7613262.4,133,,
2026-06-08,ILBS,,934.9,902.7,916.3,,,1875,1722238.8,39,,
2026-06-08,ILI,,440.2,437.3,438,,,6534,2864358.2,267,,
2026-06-08,JBLB,,1296,1248,1290,,,4512,5813113.8,130,,
2026-06-08,JFL,,437,422,427.9,,,13831,5944472.4,113,,
2026-06-08,JHAPA,,1430,1305,1349.9,,,13812,18356839.5,297,,
2026-06-08,JOSHI,,285,276.8,277,,,12822,3564127.7,88,,
2026-06-08,JSLBB,,1085.5,1075.6,1085.5,,,253,273335.7,7,,
2026-06-08,KBL,,215.9,212.1,213.4,,,255043,54428677,745,,
2026-06-08,KBSH,,1506,1475,1500,,,424,635226.4,20,,
2026-06-08,KDL,,870,810,826,,,2812,2298652.2,79,,
2026-06-08,KHPL,,871.2,780.3,871.2,,,990,860284,99,,
2026-06-08,KKHC,,273.7,251,257,,,91150,23605071.8,380,,
2026-06-08,KMCDB,,865,852,859,,,1833,1568983,26,,
2026-06-08,KPCL,,494,485,487.6,,,10209,4975981.9,77,,
2026-06-08,LEC,,234.2,220.1,222,,,67230,14880678.3,237,,
2026-06-08,LICN,,819,808,814,,,19130,15560687,100,,
2026-06-08,LLBS,,930.2,926,930.2,,,505,468316.8,15,,
2026-06-08,LSL,,224,219,219.7,,,106328,23439107.5,162,,
2026-06-08,MABEL,,690,662,677,,,14891,10040172.6,238,,
2026-06-08,MAKAR,,500,492,492.3,,,8107,4005894.3,67,,
2026-06-08,MANDU,,820,811,818,,,707,577739,37,,
2026-06-08,MATRI,,890,885,890,,,144,128062.1,9,,
2026-06-08,MBJC,,284,281.1,283,,,22421,6337620.7,282,,
2026-06-08,MBL,,253,247.5,248.6,,,57568,14362176.4,115,,
2026-06-08,MCHL,,315.2,307.6,307.6,,,3400,1058208,62,,
2026-06-08,MEHL,,384.9,366,375,,,2545,944614,66,,
2026-06-08,MEL,,242,237,241,,,14472,3477954.5,185,,
2026-06-08,MEN,,612,606.2,606.6,,,41620,25316633.3,188,,
2026-06-08,MERO,,725,717.2,719.2,,,4278,3081216.3,48,,
2026-06-08,MFIL,,806,786.2,790,,,32601,25860476.6,151,,
2026-06-08,MHCL,,350,336.3,346,,,4856,1684089.5,77,,
2026-06-08,MHL,,500,494.1,500,,,4201,2091686,45,,
2026-06-08,MHNL,,263,258,258,,,7345,1907295,64,,
2026-06-08,MKCL,,1263,1227,1241,,,2125,2639995.7,54,,
2026-06-08,MKHC,,320,315,316,,,15071,4766094.6,124,,
2026-06-08,MKHL,,519,490,510.2,,,16944,8539039.8,146,,
2026-06-08,MKJC,,499.9,490.1,498.7,,,3918,1932831,41,,
2026-06-08,MLBBL,,1200,1149.9,1197.9,,,784,929831.7,28,,
2026-06-08,MLBS,,1254,1166.8,1248.5,,,965,1182864,37,,
2026-06-08,MLBSL,,1790,1781,1781,,,1081,1929887.2,22,,
2026-06-08,MMKJL,,515,505,507.5,,,2833,1440082.7,59,,
2026-06-08,MPFL,,655,635,655,,,37528,24066929.7,220,,
2026-06-08,MSHL,,690,661.4,690,,,262,177731.3,17,,
2026-06-08,MSLB,,1250,1222,1249,,,991,1226201.9,58,,
2026-06-08,NABIL,,539.9,530.2,533,,,52406,27928341.5,429,,
2026-06-08,NADEP,,764,738,755,,,3610,2732489,55,,
2026-06-08,NBL,,269,265.2,268,,,36264,9651333.7,154,,
2026-06-08,NESDO,,1548,1525.2,1548,,,850,1306660.9,31,,
2026-06-08,NFS,,640,610,616,,,15303,9460468.2,159,,
2026-06-08,NGPL,,443.9,430,432.5,,,113737,49239385.8,441,,
2026-06-08,NHDL,,649.9,630,637,,,8945,5759462.2,29,,
2026-06-08,NHPC,,284,278,281,,,323318,90595647.9,978,,
2026-06-08,NICA,,350.2,328.7,341.5,,,62930,21565029.7,253,,
2026-06-08,NICLBSL,,586,569.1,569.1,,,5034,2878853.7,101,,
2026-06-08,NIFRA,,262,260.1,261.7,,,61215,15954407.1,547,,
2026-06-08,NIMB,,199,196,196.7,,,73750,14480641.7,336,,
2026-06-08,NLIC,,771,759.8,760,,,26395,20141941.9,247,,
2026-06-08,NLICL,,606,585,592.8,,,6837,4037804.2,43,,
2026-06-08,NLO,,269.4,269.4,269.4,,,0,0,0,,
2026-06-08,NMB,,246,240.3,244,,,55117,13362758.5,165,,
2026-06-08,NMBMF,,645.1,641,645,,,1216,780265.7,16,,
2026-06-08,NMFBS,,1146,1132.6,1136,,,3963,4514530.5,50,,
2026-06-08,NMLBBL,,594,586,590,,,2032,1196391.8,33,,
2026-06-08,NRIC,,1070,1030,1044,,,67366,70145512.7,663,,
2026-06-08,NRM,,361,355.1,358.7,,,21499,7688496,177,,
2026-06-08,NRN,,1390,1312,1380,,,23373,32189231,275,,
2026-06-08,NTC,,858,851.5,853.5,,,15429,13168265.7,308,,
2026-06-08,NUBL,,670,655,661,,,5171,3437689,42,,
2026-06-08,NWCL,,790,771.2,783.4,,,565,442670,28,,
2026-06-08,NYADI,,424.9,400,410,,,27414,11216777.4,213,,
2026-06-08,OHL,,711,701.6,701.6,,,320,225530,8,,
2026-06-08,OMPL,,1160,1145,1145.6,,,3344,3845912.2,113,,
2026-06-08,PCBL,,239,237.8,237.8,,,43555,10372031.6,146,,
2026-06-08,PCIL,,788,754,758,,,49322,37673374.2,2177,,
2026-06-08,PFL,,395,384,386.9,,,13425,5232149.4,105,,
2026-06-08,PHCL,,311.9,306.7,308,,,55186,17005337,298,,
2026-06-08,PMHPL,,340,335,335,,,4037,1357149,33,,
2026-06-08,PMLI,,479.8,470,475,,,6397,3040223.9,130,,
2026-06-08,PPCL,,384,372.6,384,,,4016,1511898.7,51,,
2026-06-08,PPL,,353,333.5,350,,,15343,5360132.8,143,,
2026-06-08,PROFL,,476.9,466.6,470,,,34082,16063316.9,224,,
2026-06-08,PRVU,,197,195.1,196.4,,,75722,14815462.2,326,,
2026-06-08,PURE,,910,893.5,909.8,,,13195,11868350.9,186,,
2026-06-08,RADHI,,785,751,751,,,40115,30721622.3,167,,
2026-06-08,RAWA,,560,550,555,,,3053,1692133.8,52,,
2026-06-08,RFPL,,369.9,360,363,,,23928,8653295.9,213,,
2026-06-08,RHGCL,,290,281,284,,,34749,9929813.1,178,,
2026-06-08,RHPL,,279.5,272.1,272.4,,,18662,5107328,131,,
2026-06-08,RIDI,,355,335,346.2,,,238849,83193432.5,775,,
2026-06-08,RLEL,,970,890.3,899,,,14681,13217728.6,467,,
2026-06-08,RLFL,,513.4,495,499,,,153342,77188488.5,874,,
2026-06-08,RNLI,,475,468.1,470.1,,,28793,13576225.8,324,,
2026-06-08,RSDC,,670,665,665,,,4248,2835063.8,40,,
2026-06-08,RSML,,3685,3480,3598.8,,,28775,103834643.3,581,,
2026-06-08,RURU,,662,645.2,656,,,5476,3552979.4,52,,
2026-06-08,SAGAR,,1692,1650,1656.5,,,5423,9019916,165,,
2026-06-08,SAHAS,,666,661,663.9,,,94412,62673662.4,596,,
2026-06-08,SAIL,,1075,1025.6,1036.9,,,27452,28433262.8,509,,
2026-06-08,SANIMA,,367,363.4,365.5,,,38492,14043236.3,147,,
2026-06-08,SANVI,,699,676,692,,,13786,9466083.5,266,,
2026-06-08,SARBTM,,870,851,853,,,6985,5968122,73,,
2026-06-08,SBI,,399.9,394.1,396.9,,,13931,5527376.3,74,,
2026-06-08,SBL,,400,398.1,400,,,30014,11972213.8,85,,
2026-06-08,SCB,,664.9,650.6,653,,,6816,4453289.2,96,,
2026-06-08,SGHC,,370,359,363,,,9038,3259237,132,,
2026-06-08,SHEL,,316,311,312.1,,,82608,25745063.2,282,,
2026-06-08,SHIVM,,680,664,669,,,68490,45702124.7,431,,
2026-06-08,SHL,,507.1,490,503.1,,,5320,2677064.8,35,,
2026-06-08,SHLB,,1528,1475,1500,,,375,562330,16,,
2026-06-08,SHPC,,518,513.6,514,,,38259,19724562.5,140,,
2026-06-08,SIFC,,587,565.1,573.8,,,30889,17784104.9,221,,
2026-06-08,SIKLES,,599,590,596.9,,,4092,2425243.6,52,,
2026-06-08,SIPD,,775,745,758,,,17834,13601418.7,804,,
2026-06-08,SJCL,,300,290.5,292,,,8828,2589283.8,99,,
2026-06-08,SJLIC,,438,431,432.8,,,10086,4374614.8,161,,
2026-06-08,SKBBL,,768,761,762,,,12993,9922448.3,115,,
2026-06-08,SKHEL,,1200,1145,1155.5,,,8496,9915012.7,224,,
2026-06-08,SKHL,,930,880,909.9,,,21271,19114649.6,515,,
2026-06-08,SLBBL,,842.9,820,823,,,3969,3264254.3,43,,
2026-06-08,SLBSL,,1316,1170,1316,,,2648,3202578.3,49,,
2026-06-08,SMATA,,780,771.5,779.9,,,3335,2587621.2,73,,
2026-06-08,SMB,,1749,1736,1740,,,662,1151290.5,28,,
2026-06-08,SMFBS,,1539.9,1486,1539.9,,,986,1476051.5,30,,
2026-06-08,SMH,,591.6,572,579,,,10591,6133820.8,79,,
2026-06-08,SMHL,,500,495,496,,,26074,12979244.4,176,,
2026-06-08,SMJC,,479.9,463.1,465.1,,,11866,5562773.9,148,,
2026-06-08,SMPDA,,844,829,834.9,,,1877,1560314.7,53,,
2026-06-08,SNLI,,453,450.3,451,,,18222,8225136.3,318,,
2026-06-08,SOHL,,665.1,641,642,,,79755,51432394.3,1838,,
2026-06-08,SONA,,448.4,435.1,438,,,23572,10392758.5,343,,
2026-06-08,SOPL,,304.1,276.5,304.1,,,390,116894,39,,
2026-06-08,SPC,,462,452,456,,,3714,1695081.8,43,,
2026-06-08,SPDL,,418,394,396.9,,,20571,8140129.2,98,,
2026-06-08,SPHL,,668,582,594,,,15298,9177740.9,140,,
2026-06-08,SPL,,710,680.2,707.9,,,5454,3776653.7,73,,
2026-06-08,SRLI,,404.9,397,400,,,11474,4589413.3,213,,
2026-06-08,SSHL,,216.5,212,212.7,,,101778,21623323,379,,
2026-06-08,STC,,5479,5400,5438,,,964,5212788.4,21,,
2026-06-08,SWASTIK,,2355,2342,2346,,,396,929824,25,,
2026-06-08,SWBBL,,741.9,736.5,741.9,,,2659,1963706.9,38,,
2026-06-08,SWMF,,669,656,668,,,1243,826978.6,29,,
2026-06-08,SYPNL,,1429,1351,1385,,,44644,62107326.9,889,,
2026-06-08,TAMOR,,464,455,460,,,42385,19390183.4,210,,
2026-06-08,TPC,,367,362,365,,,9330,3401742,87,,
2026-06-08,TRH,,770,755.1,755.1,,,85,64769.5,5,,
2026-06-08,TSHL,,565,551,554,,,1193,660610.5,38,,
2026-06-08,TTL,,820,797,798,,,18087,14473960.4,379,,
2026-06-08,TVCL,,502,488,490,,,6275,3112288.2,68,,
2026-06-08,UHEWA,,600,588.5,598.1,,,28632,17013972.7,198,,
2026-06-08,ULBSL,,3381,2835,2990,,,1036,3032368,48,,
2026-06-08,ULHC,,464.3,451.3,460,,,10453,4773284.1,114,,
2026-06-08,UMHL,,580,575,580,,,12801,7403777.8,65,,
2026-06-08,UMRH,,544,537.1,543.8,,,3391,1825374.2,38,,
2026-06-08,UNHPL,,429.8,416.1,417.1,,,32888,13775215.3,184,,
2026-06-08,UNL,,47590,46625,47590,,,70,3311550,7,,
2026-06-08,UNLB,,1400,1327,1375,,,1533,2100516.4,40,,
2026-06-08,UPCL,,370,365,365,,,27491,10063220.1,153,,
2026-06-08,UPPER,,204,202,202,,,55579,11245391.6,412,,
2026-06-08,USHEC,,508.9,500.2,505.5,,,9009,4545432.6,89,,
2026-06-08,USHL,,610,592,606.7,,,642,385730.9,35,,
2026-06-08,USLB,,1269.9,1242,1269.9,,,480,600389,13,,
2026-06-08,VLBS,,715,700.5,713.9,,,6932,4926787.5,225,,
2026-06-08,VLUCL,,487,471.2,485,,,8897,4284118,90,,
2026-06-09,ACLBSL,,958,949,951,,,1256,1195754,40,,
2026-06-09,ADBL,,313,308,312,,,25126,7782938,206,,
2026-06-09,AHL,,492,476,489,,,3366,1629430.9,62,,
2026-06-09,AHPC,,277,271.2,274.8,,,124679,34080959.8,469,,
2026-06-09,AKJCL,,425,395,409.1,,,638777,257556825.5,1117,,
2026-06-09,AKPL,,271,262.5,266.5,,,99593,26310961.9,376,,
2026-06-09,ALBSL,,1104,1081,1100,,,5062,5535205.4,71,,
2026-06-09,ALICL,,458.7,451,457.9,,,15983,7251179.6,75,,
2026-06-09,ANLB,,5886,5750.1,5874,,,854,4935994.4,26,,
2026-06-09,API,,348.5,341.3,347.8,,,219669,75559525.5,689,,
2026-06-09,AVYAN,,1077,1045.1,1068,,,6929,7349785.9,137,,
2026-06-09,BANDIPUR,,820,801,820,,,35953,28983932.7,656,,
2026-06-09,BARUN,,344.7,335.2,341,,,36592,12354932.8,207,,
2026-06-09,BBC,,4425,4206,4370,,,1549,6641321,94,,
2026-06-09,BEDC,,360,354.5,358.8,,,12824,4570557.5,132,,
2026-06-09,BFC,,535,500,520,,,129327,66209167.8,759,,
2026-06-09,BGWT,,698,648,653.5,,,827,539691.6,36,,
2026-06-09,BHCL,,601,563.2,573.5,,,61405,35315891.9,501,,
2026-06-09,BHDC,,462.8,450,455,,,25469,11564677.6,153,,
2026-06-09,BHL,,218,211.1,216,,,211079,45216690.3,712,,
2026-06-09,BHPL,,543.9,513,539.7,,,19279,10164396.3,165,,
2026-06-09,BJHL,,845,812.1,838,,,8945,7393906.2,294,,
2026-06-09,BNHC,,328,316.7,324,,,5604,1795793.1,67,,
2026-06-09,BNL,,14400,14400,14400,,,0,0,0,,
2026-06-09,BNT,,11600,11566,11566,,,60,695660,4,,
2026-06-09,BPCL,,710.9,670,674.1,,,20640,13925576,118,,
2026-06-09,BUNGAL,,700.2,670,688.1,,,36335,24862278.2,407,,
2026-06-09,CBBL,,927.9,915,916,,,11894,10906177.4,176,,
2026-06-09,CFCL,,695,612.8,664,,,545952,359047647.3,1610,,
2026-06-09,CGH,,795,780,790,,,16666,13072286.6,154,,
2026-06-09,CHCL,,491,485.1,489,,,15728,7647551.5,131,,
2026-06-09,CHDC,,2274,2241.2,2260,,,8110,18208302,151,,
2026-06-09,CHL,,290,276.7,284.9,,,29306,8246798,124,,
2026-06-09,CIT,,1750,1738,1747,,,10830,18879676.2,231,,
2026-06-09,CITY,,409,385,399,,,228348,89899597.9,788,,
2026-06-09,CKHL,,656.1,637,647.5,,,1295,836117,42,,
2026-06-09,CLI,,458,454.1,455.5,,,13863,6312438.9,253,,
2026-06-09,CREST,,1419,1241,1289,,,15289,19389646.7,285,,
2026-06-09,CYCL,,1450.1,1435,1441.3,,,837,1210629.4,39,,
2026-06-09,CZBIL,,204,200.1,202,,,62748,12629050.8,187,,
2026-06-09,DDBL,,847.5,838,841.6,,,5263,4431395.4,60,,
2026-06-09,DHEL,,625,606.7,619,,,15537,9551110.2,351,,
2026-06-09,DHPL,,305,297,302,,,5457,1628963.5,36,,
2026-06-09,DLBS,,1279,1250.1,1270.1,,,519,650525.3,18,,
2026-06-09,DOLTI,,353.4,340,352,,,44246,15293053.2,228,,
2026-06-09,DORDI,,272,267,271,,,27055,7271607,165,,
2026-06-09,EBL,,709.4,703.1,704.5,,,34807,24525499.8,185,,
2026-06-09,EHPL,,393.9,379,381.2,,,14682,5599171.6,136,,
2026-06-09,ENL,,880,861.1,879.9,,,551,483278,13,,
2026-06-09,FMDBL,,786.4,776,780,,,11168,8722840.9,99,,
2026-06-09,FOWAD,,1052.9,1033,1040,,,2965,3078079.8,63,,
2026-06-09,GBIME,,239.6,236.9,239,,,206778,49197525.6,358,,
2026-06-09,GBLBS,,775,764.2,769,,,2427,1863408.7,55,,
2026-06-09,GCIL,,418,411,415,,,11087,4583044.2,201,,
2026-06-09,GFCL,,667,640,650,,,26236,16990049.5,176,,
2026-06-09,GHL,,237,231,236,,,38084,8854958.4,141,,
2026-06-09,GILB,,1125,1111.1,1121.5,,,1462,1629677,32,,
2026-06-09,GLBSL,,1825,1772,1772,,,319,573252,16,,
2026-06-09,GLH,,269.4,261,264,,,36427,9586726.3,191,,
2026-06-09,GMFBS,,1270,1240,1270,,,1273,1586497.8,32,,
2026-06-09,GMFIL,,513.7,491.3,498,,,59030,29566708.2,316,,
2026-06-09,GMLI,,1320,1283.1,1310,,,1602,2078280.1,58,,
2026-06-09,GUFL,,585,554,574.9,,,49287,27980822,359,,
2026-06-09,GVL,,493.9,483,492.9,,,15877,7731830.8,150,,
2026-06-09,HATHY,,780,755,773.1,,,15109,11583542.4,232,,
2026-06-09,HBL,,202,198,201,,,42099,8404948.9,774,,
2026-06-09,HDHPC,,219.8,212.2,218,,,197780,42681658.6,603,,
2026-06-09,HDL,,1223.2,1158,1162,,,33038,38475253,432,,
2026-06-09,HFIN,,882.9,835.2,865.9,,,47734,40554858.5,1168,,
2026-06-09,HHL,,359,349,359,,,37778,13323732.5,226,,
2026-06-09,HIDCL,,267,250,264.5,,,61597,16129773.8,333,,
2026-06-09,HIMSTAR,,859,830,849,,,4585,3853484.7,99,,
2026-06-09,HLBSL,,894.2,870.1,892.9,,,736,651009.5,24,,
2026-06-09,HLI,,341,338,340,,,37199,12613059.2,346,,
2026-06-09,HPPL,,378,367.1,373.9,,,19676,7276416.2,117,,
2026-06-09,HRL,,654.9,633.2,646,,,110360,70484343.7,1320,,
2026-06-09,HURJA,,252,238.3,250,,,81152,20110202.7,307,,
2026-06-09,ICFC,,643,625,637,,,18814,11869656.4,111,,
2026-06-09,IHL,,407,395,400,,,27493,10918683.3,163,,
2026-06-09,ILBS,,927.4,905,906,,,2916,2648619.3,51,,
2026-06-09,ILI,,436,430.7,435,,,25994,11269402.3,434,,
2026-06-09,JBLB,,1290,1260,1289.9,,,3705,4754941.4,145,,
2026-06-09,JFL,,430,412,418,,,9410,3959887.2,64,,
2026-06-09,JHAPA,,1345.9,1300,1339,,,12839,16842243.4,274,,
2026-06-09,JOSHI,,283.5,275.5,280,,,16614,4641221.7,128,,
2026-06-09,JSLBB,,1086,1050,1086,,,1991,2106280.5,29,,
2026-06-09,KBL,,215,210.1,213.5,,,253507,53673818.9,745,,
2026-06-09,KBSH,,1500,1470,1489.1,,,260,384611,13,,
2026-06-09,KDL,,841,807.2,828.7,,,1478,1209702.3,48,,
2026-06-09,KHPL,,1001.8,914.7,1001.8,,,3380,3384277,338,,
2026-06-09,KKHC,,262,255,259.1,,,80534,20697897.6,322,,
2026-06-09,KMCDB,,868,850.4,850.4,,,2596,2209524.7,45,,
2026-06-09,KPCL,,511.9,482,488,,,9910,4803458.2,97,,
2026-06-09,LEC,,227.5,219,224,,,98707,21833401.1,297,,
2026-06-09,LICN,,820,805.1,814.5,,,21015,16992609.2,105,,
2026-06-09,LLBS,,949,932.1,948,,,147,138024.5,4,,
2026-06-09,LSL,,230.6,216,218.9,,,106957,23278791.7,191,,
2026-06-09,MABEL,,680,656.9,680,,,14304,9546120.6,199,,
2026-06-09,MAKAR,,507,492,495,,,5380,2649641,58,,
2026-06-09,MANDU,,820,810,812.1,,,1033,841330.3,40,,
2026-06-09,MATRI,,898.8,876,895,,,662,585114.1,27,,
2026-06-09,MBJC,,285,281,283,,,15836,4480358,255,,
2026-06-09,MBL,,251,245,249,,,92619,22945189.3,199,,
2026-06-09,MCHL,,318.2,304.1,313,,,7984,2466663.9,90,,
2026-06-09,MEHL,,379,366,368.7,,,2730,1016451,62,,
2026-06-09,MEL,,240.1,235,239,,,3954,943591.3,140,,
2026-06-09,MEN,,624,599.1,603,,,96362,58358580.5,375,,
2026-06-09,MERO,,731,712,723.5,,,2901,2076723.4,33,,
2026-06-09,MFIL,,797.3,765.2,790,,,44172,34381724.8,214,,
2026-06-09,MHCL,,353,336,352,,,4703,1609515,84,,
2026-06-09,MHL,,500,492.8,497.5,,,4062,2009270.6,58,,
2026-06-09,MHNL,,262,255,261,,,17841,4586031,72,,
2026-06-09,MKCL,,1258,1232.1,1237,,,1570,1941542.4,51,,
2026-06-09,MKHC,,321.7,313,315,,,35074,11054911.2,203,,
2026-06-09,MKHL,,510.9,500,510.9,,,4758,2389708.6,75,,
2026-06-09,MKJC,,496,488.1,493,,,1860,913827.9,31,,
2026-06-09,MLBBL,,1191,1177.4,1189,,,1939,2303480.8,33,,
2026-06-09,MLBS,,1249,1213.2,1220,,,925,1130502.5,16,,
2026-06-09,MLBSL,,1780,1757,1760.2,,,551,970717.6,21,,
2026-06-09,MMKJL,,510,500,509,,,3625,1821356,66,,
2026-06-09,MPFL,,650,625.5,645,,,51450,32697086,226,,
2026-06-09,MSHL,,690,673,689.9,,,534,362138.9,14,,
2026-06-09,MSLB,,1240,1220,1240,,,720,879823.1,29,,
2026-06-09,NABIL,,535,530.1,533,,,49834,26543125.6,415,,
2026-06-09,NADEP,,755,727,753.8,,,2193,1615020.1,38,,
2026-06-09,NBL,,268.9,265,267.5,,,39209,10428181.5,146,,
2026-06-09,NESDO,,1564,1525.1,1564,,,1841,2841857.5,42,,
2026-06-09,NFS,,624.5,595,614.5,,,53078,32341041.4,239,,
2026-06-09,NGPL,,454,425,433,,,207057,88828942.1,596,,
2026-06-09,NHDL,,640,625,629,,,2786,1754148.4,34,,
2026-06-09,NHPC,,289,276.1,287,,,347718,97972580.5,1065,,
2026-06-09,NICA,,349.9,336,344,,,65374,22268430.9,281,,
2026-06-09,NICLBSL,,577.7,566.2,574,,,3566,2038560.6,119,,
2026-06-09,NIFRA,,263,260,261.1,,,84878,22124887.7,628,,
2026-06-09,NIMB,,198,195.3,196.1,,,102629,20114825.2,307,,
2026-06-09,NLIC,,798,756,765,,,22997,17461325.3,227,,
2026-06-09,NLICL,,590,585.1,588,,,6721,3947032,46,,
2026-06-09,NLO,,269.4,269.4,269.4,,,0,0,0,,
2026-06-09,NMB,,245.8,241.2,244.8,,,29019,7065787.7,118,,
2026-06-09,NMBMF,,644,635.1,636.3,,,1207,770692.5,13,,
2026-06-09,NMFBS,,1140,1130,1130.2,,,9187,10406876.7,42,,
2026-06-09,NMLBBL,,589,576.1,585,,,5884,3413081.8,49,,
2026-06-09,NRIC,,1098,1009,1056.9,,,124219,129794828.6,1059,,
2026-06-09,NRM,,359,351,359,,,13893,4920305.6,160,,
2026-06-09,NRN,,1446,1340.1,1362.2,,,61735,83728728.1,392,,
2026-06-09,NTC,,856,845,850.7,,,14927,12692638.3,304,,
2026-06-09,NUBL,,663,655,660,,,786,518209,15,,
2026-06-09,NWCL,,787,779,781.3,,,1399,1094554,43,,
2026-06-09,NYADI,,406.5,394,404,,,17188,6864076.8,172,,
2026-06-09,OHL,,700,695,698,,,3794,2644728.3,24,,
2026-06-09,OMPL,,1145,1115,1143,,,5108,5757702.7,140,,
2026-06-09,PCBL,,238.9,236.5,238.5,,,45960,10918222.6,152,,
2026-06-09,PCIL,,783,732,768,,,84796,63423318.4,2542,,
2026-06-09,PFL,,393,372,383,,,7596,2896186.8,66,,
2026-06-09,PHCL,,313,305.5,308,,,68374,21028082.2,357,,
2026-06-09,PMHPL,,335,330,334,,,8615,2862803.2,64,,
2026-06-09,PMLI,,472,465,470,,,3727,1744633.1,141,,
2026-06-09,PPCL,,384,370,384,,,6848,2570448.6,63,,
2026-06-09,PPL,,352.6,332.5,349.6,,,19785,6854719.9,151,,
2026-06-09,PROFL,,470,450,463,,,15014,6913820.6,94,,
2026-06-09,PRVU,,197,194.3,195.6,,,100310,19605130.8,359,,
2026-06-09,PURE,,912,888.3,910,,,6158,5521130.4,115,,
2026-06-09,RADHI,,788.5,738,755,,,129519,96819954.4,290,,
2026-06-09,RAWA,,553.9,541.2,547,,,3042,1664362,54,,
2026-06-09,RFPL,,381.1,358,362,,,16966,6135879.3,158,,
2026-06-09,RHGCL,,290,282,288.5,,,26873,7640744.3,179,,
2026-06-09,RHPL,,275,270.1,272.3,,,17253,4697627,136,,
2026-06-09,RIDI,,357,328.9,352.1,,,347758,120805529.4,952,,
2026-06-09,RLEL,,910,875.1,910,,,16963,15110058.4,491,,
2026-06-09,RLFL,,505,476.2,494,,,73944,36034701,361,,
2026-06-09,RNLI,,479.8,463.2,469,,,22953,10739324.3,314,,
2026-06-09,RSDC,,666.6,655.1,664,,,3823,2512823.6,39,,
2026-06-09,RSML,,3645,3500,3590,,,18308,65613620.5,403,,
2026-06-09,RURU,,680,645.7,650.1,,,9052,5885797.9,47,,
2026-06-09,SAGAR,,1689,1640,1670,,,9883,16298214.9,179,,
2026-06-09,SAHAS,,669,657.2,661.1,,,125484,83039069.7,679,,
2026-06-09,SAIL,,1054.8,1012,1049,,,21995,22539208.9,475,,
2026-06-09,SANIMA,,365,360.5,363.8,,,64326,23287456.5,195,,
2026-06-09,SANVI,,692,675,690,,,21286,14536014.8,229,,
2026-06-09,SARBTM,,864,834,860,,,27692,23346388.6,176,,
2026-06-09,SBI,,398,392.2,397,,,11800,4658757.6,61,,
2026-06-09,SBL,,401,396.6,399.9,,,50502,20113957.9,129,,
2026-06-09,SCB,,660,649,655,,,10104,6589662.4,100,,
2026-06-09,SGHC,,368,355,358.1,,,16043,5737505.5,140,,
2026-06-09,SHEL,,313,307,310.9,,,122295,37776377.3,371,,
2026-06-09,SHIVM,,670,658,669.5,,,173528,114877449.1,769,,
2026-06-09,SHL,,503,480.6,502.7,,,39630,19662605.3,131,,
2026-06-09,SHLB,,1500,1470,1500,,,458,685120,11,,
2026-06-09,SHPC,,515,507.3,514,,,41944,21395917.6,171,,
2026-06-09,SIFC,,575,545,558.4,,,38138,21092246.1,190,,
2026-06-09,SIKLES,,595,586.4,592,,,14408,8496426.4,80,,
2026-06-09,SIPD,,771.9,745,769,,,19013,14365026.2,904,,
2026-06-09,SJCL,,295,290,294,,,14950,4361808.2,123,,
2026-06-09,SJLIC,,439,430,433.6,,,9661,4174145.6,156,,
2026-06-09,SKBBL,,767.5,760,762.5,,,14602,11121157.4,111,,
2026-06-09,SKHEL,,1180,1102,1162,,,10482,11823285.3,320,,
2026-06-09,SKHL,,927,885,912.9,,,18510,16647601.1,457,,
2026-06-09,SLBBL,,826,815,822,,,6623,5423856.4,68,,
2026-06-09,SLBSL,,1250.2,1195,1219,,,2733,3307753.8,58,,
2026-06-09,SMATA,,773,760.2,770,,,6599,5051071.9,108,,
2026-06-09,SMB,,1740,1722,1735,,,1218,2112305.4,31,,
2026-06-09,SMFBS,,1539.9,1494,1527,,,235,354184.7,16,,
2026-06-09,SMH,,587.5,563,579,,,8966,5112863.9,104,,
2026-06-09,SMHL,,499.9,490.2,498,,,33417,16464804.5,225,,
2026-06-09,SMJC,,475,455,466,,,21012,9771776.9,185,,
2026-06-09,SMPDA,,840,820,840,,,4820,3978026.9,85,,
2026-06-09,SNLI,,452,447,447.7,,,25704,11523835.5,352,,
2026-06-09,SOHL,,664,627.8,629,,,113334,71881919.8,1979,,
2026-06-09,SONA,,444.6,433,440,,,37215,16275675.4,361,,
2026-06-09,SOPL,,349.7,306.8,349.7,,,200,68310,20,,
2026-06-09,SPC,,460.9,452.1,459,,,8336,3807734.1,73,,
2026-06-09,SPDL,,400,391.1,399.8,,,14933,5876478.2,93,,
2026-06-09,SPHL,,602,571.2,602,,,13157,7653556.2,165,,
2026-06-09,SPL,,707.5,688.8,700,,,4875,3398929.2,26,,
2026-06-09,SRLI,,402.8,395.1,402.8,,,23033,9135310.8,326,,
2026-06-09,SSHL,,215.9,208,213.6,,,158656,33427898.8,526,,
2026-06-09,STC,,5440,5376.1,5430,,,825,4454081.8,18,,
2026-06-09,SWASTIK,,2340,2302.1,2338.9,,,750,1734671,36,,
2026-06-09,SWBBL,,740,735,740,,,6079,4477456.9,55,,
2026-06-09,SWMF,,669,651,664,,,3626,2393559.5,41,,
2026-06-09,SYPNL,,1403,1360.2,1387,,,38613,52951795.6,863,,
2026-06-09,TAMOR,,461.9,452.1,459.9,,,40586,18492509.1,270,,
2026-06-09,TPC,,369,360.3,366,,,24738,8967850.6,127,,
2026-06-09,TRH,,765,759,761,,,8796,6690229,42,,
2026-06-09,TSHL,,555,542,542,,,2126,1156955,53,,
2026-06-09,TTL,,824.9,791.1,814,,,17493,14031172.8,399,,
2026-06-09,TVCL,,500,477.2,494,,,11703,5673798.2,67,,
2026-06-09,UHEWA,,642.9,592.3,635,,,271099,169517008.3,1330,,
2026-06-09,ULBSL,,3250,2813.1,3250,,,3701,10712301.8,109,,
2026-06-09,ULHC,,459,450,459,,,8836,4001487.9,113,,
2026-06-09,UMHL,,579.7,569,579.7,,,19859,11373426.6,98,,
2026-06-09,UMRH,,544.7,535,544.7,,,9490,5124974.8,76,,
2026-06-09,UNHPL,,422,400.2,412,,,90064,36800341.6,339,,
2026-06-09,UNL,,47100,46975,47100,,,120,5639390,7,,
2026-06-09,UNLB,,1375,1341,1357,,,210,284269,15,,
2026-06-09,UPCL,,368,360,366,,,36103,13080061.4,200,,
2026-06-09,UPPER,,202.5,200,201.4,,,133876,26891878.4,578,,
2026-06-09,USHEC,,509,500.3,509,,,11313,5697516.3,128,,
2026-06-09,USHL,,609.9,592.1,605,,,2240,1331003,38,,
2026-06-09,USLB,,1257,1242,1257,,,468,584162.4,16,,
2026-06-09,VLBS,,718,705,713,,,5562,3958373.5,185,,
2026-06-09,VLUCL,,500,473,497,,,3490,1698489.5,66,,
2026-06-10,ACLBSL,,959,950,959,,,972,925471,27,,
2026-06-10,ADBL,,314.9,297,309,,,20348,6308193.3,157,,
2026-06-10,AHL,,494,487,487,,,2598,1268766.8,42,,
2026-06-10,AHPC,,281,273,277,,,61990,17169299.9,247,,
2026-06-10,AKJCL,,420,404,405,,,680111,280041580.8,949,,
2026-06-10,AKPL,,268.9,263,267,,,25345,6758659.1,166,,
2026-06-10,ALBSL,,1155,1078.4,1110,,,3122,3404152.7,98,,
2026-06-10,ALICL,,459.9,450,453,,,6454,2930055.6,65,,
2026-06-10,ANLB,,5875,5751,5874.9,,,182,1052224,14,,
2026-06-10,APHL,,344.6,299.7,344.6,,,110,36581,11,,
2026-06-10,API,,352,345.1,349,,,217481,75929926.9,505,,
2026-06-10,AVYAN,,1075,1062,1074,,,1831,1956518.2,54,,
2026-06-10,BANDIPUR,,829.9,815,825,,,23168,19081760.1,525,,
2026-06-10,BARUN,,345,340,340,,,28899,9864391.5,134,,
2026-06-10,BBC,,4388,4261,4350,,,198,857028,18,,
2026-06-10,BEDC,,365,350,362,,,10057,3640064.3,91,,
2026-06-10,BFC,,548.9,520,529,,,173251,92505906.7,821,,
2026-06-10,BGWT,,660,650.2,659.9,,,1254,819893.3,44,,
2026-06-10,BHCL,,595,571,584,,,60896,35568189.9,527,,
2026-06-10,BHDC,,461,452.3,456.2,,,6467,2952444.6,65,,
2026-06-10,BHL,,218,213.7,215.7,,,140401,30187342.5,442,,
2026-06-10,BHPL,,547.9,512.8,534.9,,,14063,7467136.5,131,,
2026-06-10,BJHL,,875,818.1,870,,,10926,9358269.7,349,,
2026-06-10,BNHC,,332.9,323,330,,,7736,2536040.1,63,,
2026-06-10,BNL,,14400,14400,14400,,,0,0,0,,
2026-06-10,BNT,,11650,11600,11600,,,30,348500,2,,
2026-06-10,BPCL,,686,675,676,,,22161,15020930.4,98,,
2026-06-10,BUNGAL,,735,688.1,733.1,,,92750,66795800.5,758,,
2026-06-10,CBBL,,970,917,917,,,18844,17586875.3,148,,
2026-06-10,CFCL,,676,630.8,656,,,179057,118272158.8,720,,
2026-06-10,CGH,,796,780,782,,,48057,37619465.8,110,,
2026-06-10,CHCL,,490,483.1,483.1,,,22811,11056090.8,207,,
2026-06-10,CHDC,,2270,2241.1,2250,,,7705,17390888.5,93,,
2026-06-10,CHL,,294.4,280,286.9,,,8824,2522502.2,74,,
2026-06-10,CIT,,1758.9,1743,1744.9,,,3565,6234528.4,83,,
2026-06-10,CITY,,417.9,392,417,,,406705,164149862.3,1154,,
2026-06-10,CKHL,,652.9,638,651,,,1405,905027.5,31,,
2026-06-10,CLI,,457.8,454,455,,,16135,7346388.6,261,,
2026-06-10,CREST,,1310,1269.9,1279.9,,,10090,12862953.8,164,,
2026-06-10,CYCL,,1459,1441.1,1443,,,768,1110599.7,33,,
2026-06-10,CZBIL,,204.7,200,201.5,,,29054,5835387.9,140,,
2026-06-10,DDBL,,850,836.2,836.2,,,5752,4847561.1,72,,
2026-06-10,DHEL,,646.8,618,632.9,,,26798,17022607.5,459,,
2026-06-10,DHPL,,302,293,300,,,3455,1018678.3,34,,
2026-06-10,DLBS,,1294,1232.1,1290,,,218,275155.2,14,,
2026-06-10,DOLTI,,354,335,349,,,25897,9039425,143,,
2026-06-10,DORDI,,275,265.1,273,,,14387,3890502.8,134,,
2026-06-10,EBL,,712,704,705,,,11211,7910895.9,143,,
2026-06-10,EHPL,,390.8,380.1,385,,,8990,3445499.6,72,,
2026-06-10,ENL,,875,861.2,875,,,796,693594,22,,
2026-06-10,FMDBL,,797,778,779.9,,,17658,13836878.4,106,,
2026-06-10,FOWAD,,1050,1027,1030.5,,,5798,5979403.1,89,,
2026-06-10,GBIME,,240.2,235,239.8,,,138940,33288423.4,370,,
2026-06-10,GBLBS,,779.9,766,774,,,1758,1357516.2,41,,
2026-06-10,GCIL,,418,410.5,412,,,32304,13321127.8,259,,
2026-06-10,GFCL,,660,647,648.1,,,12620,8241479.9,107,,
2026-06-10,GHL,,237.9,233.7,234,,,21866,5130958,90,,
2026-06-10,GILB,,1134,1111,1120,,,728,814632,23,,
2026-06-10,GLBSL,,1800,1751,1770,,,104,184594.7,15,,
2026-06-10,GLH,,269,262,264.9,,,18741,4955825.4,127,,
2026-06-10,GMFBS,,1306,1247,1287,,,130,165059,11,,
2026-06-10,GMFIL,,509.9,490,491,,,28265,14076546.7,143,,
2026-06-10,GMLI,,1318,1291.1,1312.2,,,1036,1350840,47,,
2026-06-10,GUFL,,586.9,570,574.8,,,15907,9162974.3,102,,
2026-06-10,GVL,,500,490,492,,,17557,8660872,152,,
2026-06-10,HATHY,,780.4,768,774,,,2349,1819992.1,79,,
2026-06-10,HBL,,203.8,195,199,,,31083,6196302.1,701,,
2026-06-10,HDHPC,,222.9,216,216.1,,,81589,17755284.5,280,,
2026-06-10,HDL,,1176.9,1160.1,1161.1,,,15623,18224660.2,217,,
2026-06-10,HFIN,,884,829,880,,,28533,24856444.8,807,,
2026-06-10,HHL,,368,357.7,365.8,,,33618,12206187.5,150,,
2026-06-10,HIDCL,,265.5,262,263.6,,,22769,5986426.3,191,,
2026-06-10,HIMSTAR,,875,835,860,,,5020,4300305.3,123,,
2026-06-10,HLBSL,,900,881,887,,,1100,983582.8,23,,
2026-06-10,HLI,,344,339.3,340.9,,,25874,8803249.6,265,,
2026-06-10,HPPL,,374.3,365,368.2,,,20529,7589646,108,,
2026-06-10,HRL,,653.7,635,644,,,42478,27486932.2,649,,
2026-06-10,HURJA,,253,248,250,,,26793,6714811.4,145,,
2026-06-10,ICFC,,645,632.6,636,,,5607,3573078.7,35,,
2026-06-10,IHL,,402,390,400,,,23802,9397471.2,156,,
2026-06-10,ILBS,,924.6,903.5,922.9,,,1220,1110795.3,22,,
2026-06-10,ILI,,439.6,431,433.3,,,19635,8541441.4,293,,
2026-06-10,JBLB,,1300,1267,1276,,,9902,12695982.5,170,,
2026-06-10,JFL,,429.7,417,421,,,7459,3129112.6,48,,
2026-06-10,JHAPA,,1410,1300,1378,,,15651,21449887.7,317,,
2026-06-10,JOSHI,,283,275.2,281.2,,,8471,2383559.9,61,,
2026-06-10,JSLBB,,1086,1086,1086,,,29,31414,3,,
2026-06-10,KBL,,214.2,211.5,213.1,,,143604,30567987.3,427,,
2026-06-10,KBSH,,1638,1490,1585.9,,,810,1233676.8,22,,
2026-06-10,KDL,,844,815,828,,,455,376608.6,34,,
2026-06-10,KHPL,,1152,1051.8,1152,,,12420,14296670,1219,,
2026-06-10,KKHC,,263,257,258.8,,,46049,11969702.5,178,,
2026-06-10,KMCDB,,860,850.2,856.1,,,303,259400.8,15,,
2026-06-10,KPCL,,493.9,487,490,,,5635,2758143.4,55,,
2026-06-10,LEC,,225,219.2,222.9,,,65712,14652852.2,191,,
2026-06-10,LICN,,819.9,808,813,,,7671,6218699.3,69,,
2026-06-10,LLBS,,947,933.7,947,,,338,315902.8,8,,
2026-06-10,LSL,,220.6,208,217.5,,,38113,8272629.8,134,,
2026-06-10,MABEL,,738.5,675,721,,,50219,36124770,556,,
2026-06-10,MAKAR,,496.1,494.1,494.1,,,3486,1728107.6,43,,
2026-06-10,MANDU,,830,808,813.1,,,742,606325.2,31,,
2026-06-10,MATRI,,900,870.1,890,,,418,372368.4,19,,
2026-06-10,MBJC,,288.3,282,282.4,,,18480,5226037,293,,
2026-06-10,MBL,,253.4,237,250,,,26681,6637504.8,96,,
2026-06-10,MCHL,,320,310,317.9,,,3689,1152960.7,47,,
2026-06-10,MEHL,,391,360.5,367.2,,,2764,1016196.8,77,,
2026-06-10,MEL,,242,237,240.5,,,2294,546124.5,112,,
2026-06-10,MEN,,607,598,599,,,49078,29528404,272,,
2026-06-10,MERO,,724,716.1,720,,,4405,3164596.8,37,,
2026-06-10,MFIL,,790,778.1,785.8,,,22017,17232325.9,105,,
2026-06-10,MHCL,,359,341.5,350,,,5746,2018724.9,69,,
2026-06-10,MHL,,499.9,495,499.7,,,3122,1554788,36,,
2026-06-10,MHNL,,264.8,254,259,,,5509,1432312.4,42,,
2026-06-10,MKCL,,1244.5,1222.1,1240,,,1578,1945301.3,54,,
2026-06-10,MKHC,,322,313.2,315,,,13525,4288941,108,,
2026-06-10,MKHL,,519,496.1,510,,,4319,2190928,60,,
2026-06-10,MKJC,,496,488.6,489,,,4264,2095127.4,39,,
2026-06-10,MLBBL,,1194,1180,1189,,,369,436832.9,14,,
2026-06-10,MLBS,,1246,1211,1245,,,282,345269,15,,
2026-06-10,MLBSL,,1800,1766,1800,,,364,649452,18,,
2026-06-10,MMKJL,,520,509,514,,,2666,1366802,52,,
2026-06-10,MPFL,,654.8,640,648,,,38667,24956377,189,,
2026-06-10,MSHL,,690,671,689.8,,,652,447551.3,23,,
2026-06-10,MSLB,,1250,1210.1,1250,,,1166,1444564.9,32,,
2026-06-10,NABIL,,538,531.5,536,,,29859,15939757,337,,
2026-06-10,NADEP,,754,740,746,,,1031,772239.4,26,,
2026-06-10,NBL,,269,254.2,267,,,31800,8498542.8,144,,
2026-06-10,NESDO,,1567,1530.1,1555,,,153,235738.5,14,,
2026-06-10,NFS,,630,616,629.4,,,62624,39009197.3,261,,
2026-06-10,NGPL,,449,430,437.9,,,113472,49582592.5,306,,
2026-06-10,NHDL,,647,629,633.2,,,2687,1708350.5,22,,
2026-06-10,NHPC,,290,283,285,,,179341,51275071.4,481,,
2026-06-10,NICA,,348,327,343,,,34778,11955596,145,,
2026-06-10,NICLBSL,,584,565.4,570,,,2999,1715915.7,86,,
2026-06-10,NIFRA,,262.9,260,261,,,48460,12638397.3,432,,
2026-06-10,NIMB,,197.5,188,196,,,81587,15944987.6,390,,
2026-06-10,NLIC,,769,758,759,,,17199,13105005.2,172,,
2026-06-10,NLICL,,590,583.5,588.2,,,4486,2636102.4,38,,
2026-06-10,NLO,,269.4,269.4,269.4,,,0,0,0,,
2026-06-10,NMB,,246.9,242,245,,,14769,3609405.7,83,,
2026-06-10,NMBMF,,650.9,636.8,636.8,,,711,455738,12,,
2026-06-10,NMFBS,,1141,1125.2,1140,,,4059,4595700.4,37,,
2026-06-10,NMLBBL,,591.9,580,589,,,3876,2262808.1,46,,
2026-06-10,NRIC,,1080,1050,1060,,,51840,55064128.7,421,,
2026-06-10,NRM,,368,352.5,355,,,12959,4609818,149,,
2026-06-10,NRN,,1384,1362,1374.9,,,22226,30512388.7,217,,
2026-06-10,NTC,,855,846.2,847,,,11049,9402448.4,251,,
2026-06-10,NUBL,,660.5,657,658.8,,,1339,880874.5,18,,
2026-06-10,NWCL,,793,777.1,793,,,1551,1217527,44,,
2026-06-10,NYADI,,415,402,406,,,18784,7676254.5,166,,
2026-06-10,OHL,,724.9,684.1,710,,,6302,4441896.9,40,,
2026-06-10,OMPL,,1159,1125,1148,,,1685,1923808,95,,
2026-06-10,PCBL,,239.9,227,239,,,29651,7058788.5,134,,
2026-06-10,PCIL,,787.4,760,774,,,39370,30553806.8,1385,,
2026-06-10,PFL,,389.3,363.9,385,,,4832,1847593.9,46,,
2026-06-10,PHCL,,312,308,309.5,,,81955,25346421.6,330,,
2026-06-10,PMHPL,,337,331,334.6,,,3830,1283219.4,28,,
2026-06-10,PMLI,,478,465,469,,,3562,1664371.6,132,,
2026-06-10,PPCL,,384.2,373.1,384,,,3491,1326941,29,,
2026-06-10,PPL,,357.9,332.2,349.8,,,19441,6766190.3,134,,
2026-06-10,PROFL,,475,461,465,,,11336,5283510.1,85,,
2026-06-10,PRVU,,197,186,195,,,68092,13260434.6,325,,
2026-06-10,PURE,,935,901.5,921,,,6924,6364311.7,122,,
2026-06-10,RADHI,,765,747.2,749,,,59224,44463632.8,135,,
2026-06-10,RAWA,,576,537,549,,,3208,1744407,45,,
2026-06-10,RFPL,,367.9,361,365,,,17388,6354018.1,129,,
2026-06-10,RHGCL,,288.8,282.5,282.5,,,42612,12108643.9,160,,
2026-06-10,RHPL,,275,270,271.1,,,27772,7528609.9,156,,
2026-06-10,RIDI,,360,334.5,350,,,284467,100570526.1,639,,
2026-06-10,RLEL,,955,910,947.9,,,10719,10052781.4,363,,
2026-06-10,RLFL,,505,486,490,,,97594,48341240,385,,
2026-06-10,RNLI,,479.9,466,468,,,7862,3690663,261,,
2026-06-10,RSDC,,675,658,665,,,3920,2589734.8,46,,
2026-06-10,RSML,,3638,3500,3584,,,13911,49987476.4,328,,
2026-06-10,RURU,,652.1,646,650.1,,,3269,2125012.5,39,,
2026-06-10,SAGAR,,1699,1660,1669,,,3642,6104749,101,,
2026-06-10,SAHAS,,668.8,660.5,665,,,45824,30463627.3,367,,
2026-06-10,SAIL,,1109,1041.1,1078,,,40725,43938243.8,616,,
2026-06-10,SANIMA,,366.5,361.6,363,,,31381,11434745.1,135,,
2026-06-10,SANVI,,710,690.2,700,,,16508,11617735.2,283,,
2026-06-10,SARBTM,,855,846,855,,,9309,7913859.5,69,,
2026-06-10,SBI,,398.8,391.2,396,,,21810,8568402.3,86,,
2026-06-10,SBL,,403,396.1,402,,,31016,12427375.4,113,,
2026-06-10,SCB,,660,650,658,,,3081,2010301.3,72,,
2026-06-10,SGHC,,366,352,358.6,,,7495,2688212.4,80,,
2026-06-10,SHEL,,315,309,311,,,31633,9850427.5,163,,
2026-06-10,SHIVM,,673,662.4,665,,,83231,55390723.1,439,,
2026-06-10,SHL,,506.9,483,500,,,3657,1824887.5,30,,
2026-06-10,SHLB,,1495,1480,1495,,,100,148726,7,,
2026-06-10,SHPC,,520,509,515.9,,,26573,13715834.9,104,,
2026-06-10,SIFC,,584.9,560.1,565,,,35315,20274350.1,199,,
2026-06-10,SIKLES,,604.5,587,599,,,14021,8404318.9,96,,
2026-06-10,SIPD,,792,760,770,,,23656,18417147.2,749,,
2026-06-10,SJCL,,295,292,292.8,,,8552,2507414.5,103,,
2026-06-10,SJLIC,,435,429,431,,,16149,6968348.7,154,,
2026-06-10,SKBBL,,769.4,760,768.6,,,18034,13831234.5,88,,
2026-06-10,SKHEL,,1199.9,1145,1175,,,3605,4227336.7,157,,
2026-06-10,SKHL,,967,900,965,,,38504,36421163.5,683,,
2026-06-10,SLBBL,,823,820,820.1,,,1495,1227430,25,,
2026-06-10,SLBSL,,1225,1200.1,1217,,,662,797243.7,24,,
2026-06-10,SMATA,,774.9,765.4,773.8,,,2890,2225492.5,54,,
2026-06-10,SMB,,1740,1730,1730,,,322,559345,11,,
2026-06-10,SMFBS,,1533,1500,1533,,,94,141288,8,,
2026-06-10,SMH,,583.5,568.1,570,,,4556,2603415.8,54,,
2026-06-10,SMHL,,505.8,494,494,,,22137,11040207.4,138,,
2026-06-10,SMJC,,474.9,459.1,465,,,20845,9639345.2,145,,
2026-06-10,SMPDA,,857,810,833,,,1599,1323324.8,44,,
2026-06-10,SNLI,,452.8,447,450,,,10953,4915836.4,279,,
2026-06-10,SOHL,,660.4,626,649.7,,,112204,72833256.1,1830,,
2026-06-10,SONA,,447,437,438.2,,,11280,4962537.5,242,,
2026-06-10,SOPL,,402.1,351.5,402.1,,,340,134759,34,,
2026-06-10,SPC,,468,455.5,457,,,1999,918235.1,44,,
2026-06-10,SPDL,,404,394.2,396.9,,,33479,13351335.4,77,,
2026-06-10,SPHL,,600,579,592,,,15510,9125723,91,,
2026-06-10,SPL,,712,696,707,,,370,259130,10,,
2026-06-10,SRLI,,410,396.3,399.6,,,35595,14311322.6,237,,
2026-06-10,SSHL,,218,212,212.1,,,46455,9914757.7,201,,
2026-06-10,STC,,5425,5390,5420,,,1290,6967745,21,,
2026-06-10,SWASTIK,,2350,2310,2320,,,365,846018,20,,
2026-06-10,SWBBL,,742,736,737.5,,,1557,1148786.8,25,,
2026-06-10,SWMF,,668,658,664.9,,,2059,1364460.9,36,,
2026-06-10,SYPNL,,1418,1380.1,1405,,,35428,49700867.6,594,,
2026-06-10,TAMOR,,468,453.8,459,,,52330,23893284.8,201,,
2026-06-10,TPC,,372.4,360.1,366.9,,,9173,3364160.2,52,,
2026-06-10,TRH,,770,755.2,770,,,1882,1441619.8,15,,
2026-06-10,TSHL,,566,542.7,560,,,557,309052.8,24,,
2026-06-10,TTL,,830,814,817,,,11273,9269440.8,374,,
2026-06-10,TVCL,,518.7,490,495,,,3900,1926199.8,40,,
2026-06-10,UHEWA,,660.3,605,644,,,222441,144262744.9,1016,,
2026-06-10,ULBSL,,3100,2850,2979,,,2069,5995482.4,57,,
2026-06-10,ULHC,,527.8,428,428,,,48476,22130826,212,,
2026-06-10,UMHL,,596,570.2,594.9,,,102353,60255030.2,474,,
2026-06-10,UMRH,,546.9,536,540,,,6632,3592631.1,58,,
2026-06-10,UNHPL,,416,410,412,,,21637,8915385.5,116,,
2026-06-10,UNL,,46800,46650.1,46800,,,110,5142782,7,,
2026-06-10,UNLB,,1384,1357,1381,,,401,549426,20,,
2026-06-10,UPCL,,369.9,360.3,364.9,,,9313,3389486.1,69,,
2026-06-10,UPPER,,205,200,201.9,,,76917,15514074.6,374,,
2026-06-10,USHEC,,511,505,509,,,11726,5963264.2,111,,
2026-06-10,USHL,,635.2,598,603,,,1114,669456.5,32,,
2026-06-10,USLB,,1258,1252,1253,,,720,903343,22,,
2026-06-10,VLBS,,725,700,717,,,5436,3912495,169,,
2026-06-10,VLUCL,,500,483,495,,,1687,826798,46,,
2026-06-11,ACLBSL,,965.8,953.1,955,,,1426,1365808.1,24,,
2026-06-11,ADBL,,324.4,307.3,310,,,17589,5435402,128,,
2026-06-11,AHL,,488,477.2,487,,,4017,1951652.1,54,,
2026-06-11,AHPC,,289,273,276,,,44738,12360936.4,200,,
2026-06-11,AKJCL,,412.7,384.8,403,,,385504,155874351.1,674,,
2026-06-11,AKPL,,267,264,265,,,41977,11120131.5,192,,
2026-06-11,ALBSL,,1108,1080,1104,,,14425,15839820.3,74,,
2026-06-11,ALICL,,455,444.1,450,,,31401,14080512.7,167,,
2026-06-11,ANLB,,5852,5751,5775,,,178,1028512.5,15,,
2026-06-11,APHL,,396.2,331.7,396.2,,,100,36810,10,,
2026-06-11,API,,352,346,349.9,,,131419,45821113.1,407,,
2026-06-11,AVYAN,,1087.9,1061,1069,,,3767,4027779.6,51,,
2026-06-11,BANDIPUR,,825,815.1,820,,,14667,12042097.4,400,,
2026-06-11,BARUN,,342,338.2,340,,,15415,5236407.7,98,,
2026-06-11,BBC,,4340,4291.1,4292,,,266,1146943.5,22,,
2026-06-11,BEDC,,364.9,354.1,357,,,8261,2960570.4,118,,
2026-06-11,BFC,,527,506.1,510,,,52426,27045673.5,377,,
2026-06-11,BGWT,,657,645.09,655,,,667,435878.19,25,,
2026-06-11,BHCL,,602.5,571.3,584,,,86681,51177911.3,642,,
2026-06-11,BHDC,,460.9,453.4,457,,,3525,1609047.3,47,,
2026-06-11,BHL,,219,215,215,,,64684,13980238.1,291,,
2026-06-11,BHPL,,561.6,526,534.5,,,7188,3823830.6,79,,
2026-06-11,BJHL,,890,836.3,855,,,4490,3817179,186,,
2026-06-11,BNHC,,334.1,325,327,,,2151,702809.5,25,,
2026-06-11,BNL,,15600,14832,15600,,,35,535089,4,,
2026-06-11,BNT,,11699.9,11600,11699.9,,,34,396398,3,,
2026-06-11,BPCL,,695,676,681.1,,,37655,25702490.4,160,,
2026-06-11,BUNGAL,,751,720,731,,,222281,164508029.8,884,,
2026-06-11,CBBL,,925,914,915,,,13034,11969704.3,135,,
2026-06-11,CFCL,,688,638.4,658,,,265582,175652504.1,686,,
2026-06-11,CGH,,794,780,785,,,9103,7149518.9,105,,
2026-06-11,CHCL,,488.9,480.6,484.9,,,10549,5102757,121,,
2026-06-11,CHDC,,2279,2211,2255,,,6005,13451112.3,122,,
2026-06-11,CHL,,294,281.1,284,,,14647,4159734,75,,
2026-06-11,CIT,,1749,1730.2,1741,,,6155,10715775.9,131,,
2026-06-11,CITY,,441,417,439,,,556409,236343588.7,1706,,
2026-06-11,CKHL,,655,640,649,,,552,354973,33,,
2026-06-11,CLI,,456.9,454.1,454.2,,,14763,6717651.3,250,,
2026-06-11,CREST,,1377,1250.5,1285,,,9746,12335298.7,217,,
2026-06-11,CYCL,,1443,1416,1418,,,1617,2310828.2,60,,
2026-06-11,CZBIL,,202,199.7,201,,,32138,6438058.3,152,,
2026-06-11,DDBL,,848,836,837,,,6176,5184386.4,64,,
2026-06-11,DHEL,,650,631.1,635.9,,,27967,17914989.5,458,,
2026-06-11,DHPL,,300.1,295.3,295.3,,,619,184864.3,16,,
2026-06-11,DLBS,,1263.5,1263,1263.5,,,95,118875.3,8,,
2026-06-11,DOLTI,,353,344.5,348,,,25760,8909823.4,150,,
2026-06-11,DORDI,,271,269,270,,,12766,3446452.3,112,,
2026-06-11,EBL,,706,698,702,,,34885,24482011.2,239,,
2026-06-11,EHPL,,387.8,382,382.1,,,11115,4254681.8,62,,
2026-06-11,ENL,,917,865,875,,,1567,1359070.5,29,,
2026-06-11,FMDBL,,797,780,781,,,6924,5419707.3,74,,
2026-06-11,FOWAD,,1031,996,1029.9,,,9600,9735211.4,126,,
2026-06-11,GBIME,,242,238.2,240,,,94795,22751590.1,295,,
2026-06-11,GBLBS,,787.8,765.5,778.5,,,2832,2174981.1,63,,
2026-06-11,GCIL,,413,400,401,,,50982,20666020.4,412,,
2026-06-11,GFCL,,658.9,616,639.9,,,12764,8177757.9,94,,
2026-06-11,GHL,,237,232,232.2,,,39231,9146378.2,137,,
2026-06-11,GILB,,1119,1108,1119,,,704,782641.6,33,,
2026-06-11,GLBSL,,1800,1753.1,1795,,,718,1269381.8,26,,
2026-06-11,GLH,,268.2,263,263.5,,,16724,4417075,115,,
2026-06-11,GMFBS,,1294,1255.5,1278,,,546,692671,14,,
2026-06-11,GMFIL,,496.9,478.2,482.1,,,36820,17743520.7,176,,
2026-06-11,GMLI,,1316,1286,1307,,,808,1052864,55,,
2026-06-11,GUFL,,587,560,571.4,,,11679,6654639.9,95,,
2026-06-11,GVL,,493,485.3,489.8,,,8603,4212329.6,91,,
2026-06-11,HATHY,,778,761.1,770,,,4910,3782401.6,88,,
2026-06-11,HBL,,201,198,198.5,,,34989,6953569.9,788,,
2026-06-11,HDHPC,,219,214,215,,,124804,26854268.5,353,,
2026-06-11,HDL,,1167.9,1157,1158,,,20611,23920995.8,315,,
2026-06-11,HFIN,,882,857,857,,,26041,22470312.5,717,,
2026-06-11,HHL,,368.8,355.6,367.5,,,26077,9507079.9,147,,
2026-06-11,HIDCL,,264.5,262,263.5,,,30657,8055093.5,171,,
2026-06-11,HIMSTAR,,865,850,861,,,2716,2323896.3,75,,
2026-06-11,HLBSL,,887,876,876.1,,,3402,2981676.6,28,,
2026-06-11,HLI,,341.8,336.9,339,,,16832,5698409.5,262,,
2026-06-11,HPPL,,369.9,366,366.5,,,22293,8186509.2,105,,
2026-06-11,HRL,,645,635,638.7,,,57304,36608337.7,712,,
2026-06-11,HURJA,,254,248,249.7,,,38778,9672120.4,118,,
2026-06-11,ICFC,,638,628,628,,,5068,3204487.6,40,,
2026-06-11,IHL,,400,392.5,392.5,,,12090,4776128.3,102,,
2026-06-11,ILBS,,954.8,900,915,,,1263,1155611.4,30,,
2026-06-11,ILI,,454.9,430.5,431.3,,,21274,9402499.8,303,,
2026-06-11,JBLB,,1289.9,1272,1278,,,2834,3623104.9,109,,
2026-06-11,JFL,,425,414.3,414.5,,,4568,1902048.9,41,,
2026-06-11,JHAPA,,1430,1310,1385,,,15182,20586323.7,231,,
2026-06-11,JOSHI,,282,277.5,278,,,17553,4891885.5,72,,
2026-06-11,JSLBB,,1090,1060,1090,,,281,298964,14,,
2026-06-11,KBL,,214.1,211.6,212.5,,,99551,21163017.3,347,,
2026-06-11,KBSH,,1568,1492.3,1568,,,326,502510,16,,
2026-06-11,KDL,,869.4,810,830,,,5560,4556788,74,,
2026-06-11,KHPL,,1324.8,1134,1193.2,,,110575,133644654,10877,,
2026-06-11,KKHC,,262,256,258,,,35557,9180696.7,165,,
2026-06-11,KMCDB,,856,843,847.1,,,1117,948007,25,,
2026-06-11,KPCL,,514.5,486.1,487,,,6137,2991097.1,54,,
2026-06-11,LEC,,224,220.8,220.8,,,52843,11733038.1,188,,
2026-06-11,LICN,,818.7,808,812,,,4763,3865761.2,42,,
2026-06-11,LLBS,,950,930,946,,,1250,1169505,24,,
2026-06-11,LSL,,222.2,216,217.4,,,27806,6040458.2,94,,
2026-06-11,MABEL,,732.9,701,725,,,22503,16113395.4,300,,
2026-06-11,MAKAR,,494,488,489.2,,,6778,3324853.4,43,,
2026-06-11,MANDU,,829,806.5,828.6,,,1580,1296843,59,,
2026-06-11,MATRI,,916,868,890,,,221,193934,16,,
2026-06-11,MBJC,,286.9,282.3,284.9,,,19219,5461258.4,274,,
2026-06-11,MBL,,250,246.3,248,,,47923,11905153.6,119,,
2026-06-11,MCHL,,320.3,311,311.1,,,4130,1299436.2,51,,
2026-06-11,MEHL,,374,365,370,,,1011,374476,48,,
2026-06-11,MEL,,248,235,237.7,,,5456,1313146.2,160,,
2026-06-11,MEN,,604,588,597,,,45905,27332312.4,302,,
2026-06-11,MERO,,722,707,722,,,1795,1289668.6,22,,
2026-06-11,MFIL,,790,750,775.2,,,27116,21219623.8,86,,
2026-06-11,MHCL,,359,346,346,,,3774,1321018.4,83,,
2026-06-11,MHL,,503,475,497,,,12778,6293908.8,81,,
2026-06-11,MHNL,,260,257,260,,,6508,1680214.9,91,,
2026-06-11,MKCL,,1240,1215,1227.3,,,1055,1297923,54,,
2026-06-11,MKHC,,320,313.1,313.7,,,15873,5001983.6,122,,
2026-06-11,MKHL,,520,500,504.5,,,19175,9622263.5,91,,
2026-06-11,MKJC,,496,487.1,496,,,5455,2673143.9,39,,
2026-06-11,MLBBL,,1200,1187,1192,,,259,309530.3,8,,
2026-06-11,MLBS,,1264.9,1218,1260,,,130,160190,12,,
2026-06-11,MLBSL,,1800,1763,1800,,,549,980471,21,,
2026-06-11,MMKJL,,512,502.2,510,,,860,437761,36,,
2026-06-11,MPFL,,650,633,640,,,25586,16389880,118,,
2026-06-11,MSHL,,690,670.1,690,,,180,121960.1,16,,
2026-06-11,MSLB,,1265,1228,1249,,,920,1144236.1,41,,
2026-06-11,NABIL,,537.8,533.1,533.1,,,31193,16695202.9,324,,
2026-06-11,NADEP,,753,736,750,,,910,678635.6,33,,
2026-06-11,NBL,,273,265.3,268,,,57135,15306342.2,123,,
2026-06-11,NESDO,,1560,1550,1550.1,,,1910,2965557.1,26,,
2026-06-11,NFS,,640,612,623,,,9878,6150232.5,91,,
2026-06-11,NGPL,,439.5,427,431.5,,,130103,55928257.2,404,,
2026-06-11,NHDL,,639,632.1,638,,,1777,1131525.9,21,,
2026-06-11,NHPC,,287.7,280.2,282,,,154586,43770394.6,368,,
2026-06-11,NICA,,343.9,340,342,,,29425,10037592.8,180,,
2026-06-11,NICLBSL,,576,566.1,569,,,1732,987421.2,74,,
2026-06-11,NIFRA,,265,259,259.6,,,59763,15528067.4,450,,
2026-06-11,NIMB,,198,194.8,196.7,,,50490,9900864.7,294,,
2026-06-11,NLIC,,769,757.1,761,,,19198,14580121.5,165,,
2026-06-11,NLICL,,590.9,580.2,582.6,,,10352,6053731.6,48,,
2026-06-11,NLO,,269.4,269.4,269.4,,,0,0,0,,
2026-06-11,NMB,,246,241.3,245.9,,,36015,8796422.5,103,,
2026-06-11,NMBMF,,645,635.9,635.9,,,2130,1365171,20,,
2026-06-11,NMFBS,,1140,1126.3,1138,,,1369,1549228.5,49,,
2026-06-11,NMLBBL,,590,581,586.8,,,4686,2738229.9,50,,
2026-06-11,NRIC,,1069,1038,1038.1,,,27860,29251923.4,316,,
2026-06-11,NRM,,355.9,346.3,346.3,,,21551,7548100.6,220,,
2026-06-11,NRN,,1405,1320,1374.9,,,33258,45687351.2,225,,
2026-06-11,NTC,,858,844,848,,,16863,14297999.8,215,,
2026-06-11,NUBL,,660.1,652.3,652.7,,,2754,1807047.1,29,,
2026-06-11,NWCL,,793.8,770,793,,,2977,2316253.8,55,,
2026-06-11,NYADI,,408,404,407.8,,,3783,1536160.9,72,,
2026-06-11,OHL,,720,700,714,,,2000,1413893.9,21,,
2026-06-11,OMPL,,1152,1127.1,1149.9,,,2816,3203177,103,,
2026-06-11,PCBL,,239.5,237.2,237.4,,,27764,6599436.1,103,,
2026-06-11,PCIL,,775,755,755.9,,,37639,28749620.1,1458,,
2026-06-11,PFL,,385,375,378,,,4818,1821519.3,49,,
2026-06-11,PHCL,,328,309,326,,,494194,159048458.7,1916,,
2026-06-11,PMHPL,,337.9,333,333.9,,,6126,2046295.7,58,,
2026-06-11,PMLI,,500,460,468,,,1884,880228.8,95,,
2026-06-11,PPCL,,381.9,373,380,,,2002,756291.4,32,,
2026-06-11,PPL,,351.8,332.4,348,,,15617,5416243.5,124,,
2026-06-11,PROFL,,468.5,441.8,455,,,5739,2619216.6,66,,
2026-06-11,PRVU,,196,194.1,194.9,,,40007,7802898.1,280,,
2026-06-11,PURE,,930,905.5,905.5,,,6699,6132870.5,97,,
2026-06-11,RADHI,,760,745,754.9,,,35806,26888573.5,163,,
2026-06-11,RAWA,,544.9,525,525,,,8427,4479877,93,,
2026-06-11,RFPL,,369,362.1,366,,,15515,5632370.7,106,,
2026-06-11,RHGCL,,287,277,284,,,51160,14415245.4,166,,
2026-06-11,RHPL,,272,269,270,,,27969,7554271.1,152,,
2026-06-11,RIDI,,353.9,332.5,345,,,221893,76878250.8,651,,
2026-06-11,RLEL,,995.2,900.3,925,,,9729,9019405.7,286,,
2026-06-11,RLFL,,487.5,470,471,,,36801,17569272.4,233,,
2026-06-11,RNLI,,470,465,466,,,11621,5439735.7,294,,
2026-06-11,RSDC,,665,660,660,,,2556,1688417.4,44,,
2026-06-11,RSML,,3597,3500,3570,,,29675,105566327.6,523,,
2026-06-11,RURU,,652.7,645.4,648,,,3923,2542825.6,45,,
2026-06-11,SAGAR,,1694,1661,1665,,,2997,5018985.8,111,,
2026-06-11,SAHAS,,666,661,662,,,64067,42479786.7,384,,
2026-06-11,SAIL,,1131.9,1051.9,1065,,,11124,11858960.2,297,,
2026-06-11,SANIMA,,365,360.6,362.9,,,69096,25005394.6,146,,
2026-06-11,SANVI,,710,686.1,697,,,8545,5993467.3,212,,
2026-06-11,SARBTM,,860,841,844,,,9023,7652213.8,66,,
2026-06-11,SBI,,395,392,393.9,,,23338,9176963.9,51,,
2026-06-11,SBL,,403,397,400,,,40760,16269836,96,,
2026-06-11,SCB,,660,648.2,650,,,6996,4570243.5,86,,
2026-06-11,SGHC,,365.5,355.2,359.9,,,4951,1774408.8,87,,
2026-06-11,SHEL,,314,308.7,310,,,88958,27604841.9,242,,
2026-06-11,SHIVM,,669,655.2,665,,,96593,63752994.7,518,,
2026-06-11,SHL,,507.9,495,505,,,31145,15599814.7,88,,
2026-06-11,SHLB,,1480.1,1461,1476,,,335,493889.6,16,,
2026-06-11,SHPC,,526,490.2,515.9,,,17936,9209937,91,,
2026-06-11,SIFC,,573.5,551.1,559,,,13033,7295207.6,80,,
2026-06-11,SIKLES,,603,595,596,,,4795,2866674.9,84,,
2026-06-11,SIPD,,788,755.4,760,,,12395,9548552.6,619,,
2026-06-11,SJCL,,296.9,291,292.2,,,6742,1972457.4,94,,
2026-06-11,SJLIC,,434,429.1,433,,,8843,3809295.5,154,,
2026-06-11,SKBBL,,807,760.1,764,,,4899,3751306.9,67,,
2026-06-11,SKHEL,,1178,1145.3,1178,,,3703,4299570.5,150,,
2026-06-11,SKHL,,980.6,928,939,,,31939,30372007.9,550,,
2026-06-11,SLBBL,,828,811.3,817.1,,,10817,8819888,78,,
2026-06-11,SLBSL,,1335,1170,1210,,,3393,4125696.8,54,,
2026-06-11,SMATA,,775,756,768.6,,,1458,1117910.7,48,,
2026-06-11,SMB,,1759.9,1725,1725,,,258,447141.3,16,,
2026-06-11,SMFBS,,1534.8,1488,1527,,,358,536754.6,17,,
2026-06-11,SMH,,577,568.1,569.5,,,1469,837404.3,41,,
2026-06-11,SMHL,,507.8,491.6,492.1,,,27938,13841764.1,151,,
2026-06-11,SMJC,,518,456,456.2,,,19479,9077042.7,182,,
2026-06-11,SMPDA,,844,828.2,828.2,,,418,349163.4,26,,
2026-06-11,SNLI,,452.8,447.2,450,,,11346,5107377.6,273,,
2026-06-11,SOHL,,654,635,645,,,61599,39801980.3,1410,,
2026-06-11,SONA,,440,434.1,435,,,21949,9578776.1,298,,
2026-06-11,SOPL,,462.4,422.2,462.4,,,300,136276,30,,
2026-06-11,SPC,,458,452,455.5,,,1668,759388,22,,
2026-06-11,SPDL,,403,393.3,397.9,,,25122,9975773.5,88,,
2026-06-11,SPHL,,615,580.1,609.9,,,66593,40011330.3,246,,
2026-06-11,SPL,,719.9,698,704.9,,,230,161438,15,,
2026-06-11,SRLI,,405,392,397,,,19064,7525193.3,214,,
2026-06-11,SSHL,,214,208.6,210.9,,,88785,18677667.9,355,,
2026-06-11,STC,,5444,5365,5400,,,230,1241767,17,,
2026-06-11,SWASTIK,,2350,2285.5,2285.5,,,505,1167673.5,40,,
2026-06-11,SWBBL,,740,732,739.9,,,4480,3294032.7,44,,
2026-06-11,SWMF,,662,651,662,,,2331,1526547.1,29,,
2026-06-11,SYPNL,,1428,1392.1,1398,,,18258,25695225.3,478,,
2026-06-11,TAMOR,,462,455,456.5,,,17926,8200379,175,,
2026-06-11,TPC,,369,365,365.7,,,17621,6453524.5,83,,
2026-06-11,TRH,,770,769,769,,,300,230900,2,,
2026-06-11,TSHL,,556,550,550.1,,,1592,877861,23,,
2026-06-11,TTL,,820,807,810,,,6716,5439950.4,232,,
2026-06-11,TVCL,,505.7,492,492.1,,,6723,3335247.3,45,,
2026-06-11,UHEWA,,665,615,655,,,145208,94673973.2,669,,
2026-06-11,ULBSL,,2986,2835,2940,,,1756,5051417.4,60,,
2026-06-11,ULHC,,459,440.8,454,,,16809,7603787.3,170,,
2026-06-11,UMHL,,605,590,595,,,37925,22482898.7,217,,
2026-06-11,UMRH,,545,540,545,,,6556,3556887.2,52,,
2026-06-11,UNHPL,,416.6,405.1,414,,,19018,7823680.5,120,,
2026-06-11,UNL,,47000,46725,47000,,,150,7016502,12,,
2026-06-11,UNLB,,1450,1350,1350,,,914,1255785,32,,
2026-06-11,UPCL,,368,350,365,,,26735,9727229.1,143,,
2026-06-11,UPPER,,202.5,199.1,201.9,,,49837,10027850.3,384,,
2026-06-11,USHEC,,518,504.1,513.5,,,14566,7486519.4,132,,
2026-06-11,USHL,,609,591.1,605,,,3480,2102774.3,52,,
2026-06-11,USLB,,1260,1251,1260,,,529,665213,17,,
2026-06-11,VLBS,,725,710.1,716,,,3234,2319499,147,,
2026-06-11,VLUCL,,490,480,485,,,6073,2937306.5,47,,
2026-06-12,ACLBSL,,956,940,945,,,364,344146.6,19,,
2026-06-12,ADBL,,311,307.6,309.9,,,23091,7123350.9,104,,
2026-06-12,AHL,,486.5,481.1,484.4,,,4230,2043737.7,45,,
2026-06-12,AHPC,,289.8,273.4,280,,,42429,11715551.9,214,,
2026-06-12,AKJCL,,417,383,409.1,,,553119,226346907.9,883,,
2026-06-12,AKPL,,272.8,263,269.8,,,152184,40741635.4,457,,
2026-06-12,ALBSL,,1102,1080.1,1081,,,950,1028206,40,,
2026-06-12,ALICL,,458,449,452,,,8160,3673902.6,55,,
2026-06-12,ANLB,,5800,5750,5800,,,127,731300.7,13,,
2026-06-12,APHL,,455.6,413,455.6,,,100,43758,10,,
2026-06-12,API,,350,340,346.9,,,197228,68494148.3,365,,
2026-06-12,AVYAN,,1064.9,1055,1060,,,2990,3164579.5,69,,
2026-06-12,BANDIPUR,,861,801.1,815.5,,,12826,10492340,408,,
2026-06-12,BARUN,,345,337.9,339,,,23856,8135051.8,152,,
2026-06-12,BBC,,4324.9,4218,4310,,,341,1459686,29,,
2026-06-12,BEDC,,362.8,355,359,,,5863,2109025.4,81,,
2026-06-12,BFC,,519.6,484.5,506,,,44504,22848226.9,272,,
2026-06-12,BGWT,,664,648.2,664,,,1943,1273782.3,37,,
2026-06-12,BHCL,,590,566,574,,,51883,29984752.6,386,,
2026-06-12,BHDC,,461.9,450.1,459.2,,,8021,3667702.3,90,,
2026-06-12,BHL,,218.9,215,215.6,,,66132,14326804.5,315,,
2026-06-12,BHPL,,561.2,525,525,,,7485,3943061.2,92,,
2026-06-12,BJHL,,859.9,837,838,,,5544,4662739.2,160,,
2026-06-12,BNHC,,330,325,326,,,2780,912469,44,,
2026-06-12,BNL,,15600,15600,15600,,,0,0,0,,
2026-06-12,BNT,,11749.9,11700,11700,,,20,234499,2,,
2026-06-12,BPCL,,709.9,668.6,679.9,,,23427,15841143.2,112,,
2026-06-12,BUNGAL,,735,673.7,710,,,35379,25110415.3,358,,
2026-06-12,CBBL,,917,908.2,911.1,,,21920,19960736,227,,
2026-06-12,CFCL,,690.1,625.1,659,,,380639,255324168.2,921,,
2026-06-12,CGH,,798.9,780,787.2,,,49408,38893983.7,79,,
2026-06-12,CHCL,,489,480.8,483.4,,,13066,6313401.8,99,,
2026-06-12,CHDC,,2274.7,2211.1,2255,,,3934,8814340.6,88,,
2026-06-12,CHL,,287,279.6,282.5,,,11612,3298930.7,59,,
2026-06-12,CIT,,1750,1738,1741,,,5783,10088858.3,107,,
2026-06-12,CITY,,459,430.1,430.1,,,559005,248620216.2,2059,,
2026-06-12,CKHL,,647,619,647,,,835,528085,38,,
2026-06-12,CLI,,456,452,455,,,13285,6041488.8,255,,
2026-06-12,CREST,,1280,1250,1278,,,10233,12848248.7,169,,
2026-06-12,CYCL,,1430,1417,1418.2,,,873,1242125.2,41,,
2026-06-12,CZBIL,,202.8,199.2,200,,,32483,6519450.4,124,,
2026-06-12,DDBL,,840,835,835,,,3333,2790099.6,49,,
2026-06-12,DHEL,,667.6,625,629,,,14215,8979212.8,302,,
2026-06-12,DHPL,,310,294,299.8,,,5473,1618166.3,43,,
2026-06-12,DLBS,,1263.5,1250,1250.5,,,56,69795.2,6,,
2026-06-12,DOLTI,,349.9,345,349.9,,,12697,4410160.4,97,,
2026-06-12,DORDI,,274,267.1,270,,,19150,5161363.9,120,,
2026-06-12,EBL,,704,696,699.9,,,22381,15653310.3,170,,
2026-06-12,EHPL,,387,380.5,384,,,16402,6276968,101,,
2026-06-12,ENL,,880,856.1,880,,,288,249856.4,12,,
2026-06-12,FMDBL,,785,760,760,,,18769,14574636.7,130,,
2026-06-12,FOWAD,,1025,1010.3,1016,,,1855,1887787.6,41,,
2026-06-12,GBIME,,241.5,238,240,,,91855,22071462.3,249,,
2026-06-12,GBLBS,,773.5,761,761.2,,,3552,2713994.1,66,,
2026-06-12,GCIL,,400,382,388.5,,,113123,44192410.3,861,,
2026-06-12,GFCL,,645,635,643,,,13818,8820436.1,88,,
2026-06-12,GHL,,237,231.4,233.9,,,26555,6223632.4,101,,
2026-06-12,GILB,,1125,1106,1111,,,576,640409.7,24,,
2026-06-12,GLBSL,,1795,1756,1756,,,102,179662,9,,
2026-06-12,GLH,,267,263,264.8,,,16737,4431686.2,112,,
2026-06-12,GMFBS,,1277.8,1245.1,1277.8,,,696,868885.6,17,,
2026-06-12,GMFIL,,490,475,479,,,25999,12407402.4,118,,
2026-06-12,GMLI,,1310,1242,1304.9,,,1500,1944143,53,,
2026-06-12,GUFL,,575,564.5,569,,,15178,8644399.2,107,,
2026-06-12,GVL,,492,483.2,489,,,8656,4228406.4,97,,
2026-06-12,HATHY,,785,770,773.1,,,4697,3641554.6,81,,
2026-06-12,HBL,,199.5,197.1,198.1,,,22061,4371023,595,,
2026-06-12,HDHPC,,234,214,223.6,,,604139,135662814,1457,,
2026-06-12,HDL,,1166,1155,1155.3,,,19450,22520864.9,322,,
2026-06-12,HFIN,,899.8,839,842,,,35600,30119644.1,904,,
2026-06-12,HHL,,385,362,375,,,117476,44240281.8,468,,
2026-06-12,HIDCL,,264.9,261.3,262.5,,,53874,14134934,197,,
2026-06-12,HIMSTAR,,860,837.3,847.9,,,2649,2233584.6,62,,
2026-06-12,HLBSL,,876.1,865.1,870,,,764,663806.1,21,,
2026-06-12,HLI,,340,337,338,,,20691,6993298.9,256,,
2026-06-12,HPPL,,369,363.1,367,,,15077,5543901.4,89,,
2026-06-12,HRL,,640,635,636.9,,,69283,44107138.9,758,,
2026-06-12,HURJA,,252,247,249.6,,,33699,8397248.6,121,,
2026-06-12,ICFC,,634.8,596.6,626.6,,,5961,3739525.8,65,,
2026-06-12,IHL,,415,390,406,,,22640,9140170.7,202,,
2026-06-12,ILBS,,924,903.1,918.9,,,2692,2450765.4,41,,
2026-06-12,ILI,,440,431.2,431.5,,,10503,4550252.1,258,,
2026-06-12,JBLB,,1285,1265,1275,,,4966,6307600.8,130,,
2026-06-12,JFL,,417,405,405,,,8238,3396046.5,65,,
2026-06-12,JHAPA,,1419,1321,1340,,,10332,13841040.4,178,,
2026-06-12,JOSHI,,282.9,270.5,276,,,12645,3511670.2,74,,
2026-06-12,JSLBB,,1089.6,1048.2,1089.6,,,1819,1920831.5,30,,
2026-06-12,KBL,,221.9,210.6,212.2,,,86576,18382608,325,,
2026-06-12,KBSH,,1649,1551.7,1552,,,190,300223.2,12,,
2026-06-12,KDL,,830,811.5,818.1,,,991,811418.5,27,,
2026-06-12,KHPL,,1252.8,1050.3,1066,,,66840,73561851.3,6316,,
2026-06-12,KKHC,,261,255,257.9,,,42350,10916169.2,156,,
2026-06-12,KMCDB,,854,842,854,,,426,359536.6,24,,
2026-06-12,KPCL,,489.9,484.5,484.5,,,3844,1867995.6,51,,
2026-06-12,LEC,,226.5,209.8,223,,,93449,20838668.6,265,,
2026-06-12,LICN,,820,807.1,810.5,,,7751,6273155.8,64,,
2026-06-12,LLBS,,950,920.2,931.4,,,250,234587.5,13,,
2026-06-12,LSL,,219,215.3,218,,,34629,7526341.8,126,,
2026-06-12,MABEL,,718,700,705,,,6558,4646595,117,,
2026-06-12,MAKAR,,497,489.1,497,,,1710,839652,37,,
2026-06-12,MANDU,,835,817.1,835,,,3063,2537035.5,64,,
2026-06-12,MATRI,,899,855,899,,,438,386731.5,29,,
2026-06-12,MBJC,,285,280,285,,,31518,8937737.7,208,,
2026-06-12,MBL,,250,246,247.5,,,68798,17014927.8,140,,
2026-06-12,MCHL,,313.5,305.3,312,,,3163,977825.1,41,,
2026-06-12,MEHL,,374,361.2,368,,,2560,940784,66,,
2026-06-12,MEL,,240,235.6,235.6,,,6314,1492349,127,,
2026-06-12,MEN,,626.8,585,599,,,67808,41381616.8,267,,
2026-06-12,MERO,,722,715,722,,,2336,1677323.6,29,,
2026-06-12,MFIL,,780,760,770,,,13855,10692552,106,,
2026-06-12,MHCL,,355,343.1,347,,,1730,596613,58,,
2026-06-12,MHL,,497,473,496.9,,,2040,1003431.1,36,,
2026-06-12,MHNL,,263,257.8,259,,,5740,1483485,35,,
2026-06-12,MKCL,,1225,1214,1214,,,1896,2312590.9,55,,
2026-06-12,MKHC,,321.3,299.6,315,,,22261,7019143.08,128,,
2026-06-12,MKHL,,514,500,509.9,,,10764,5445195,73,,
2026-06-12,MKJC,,495,488.1,490,,,6888,3379134.2,63,,
2026-06-12,MLBBL,,1198.9,1170,1189.8,,,2984,3503564.8,45,,
2026-06-12,MLBS,,1240,1206,1239,,,160,195920,10,,
2026-06-12,MLBSL,,1780,1750,1780,,,222,394330,14,,
2026-06-12,MMKJL,,517,495.6,510,,,3525,1769299.3,66,,
2026-06-12,MPFL,,644,621,630,,,31170,19693437.6,154,,
2026-06-12,MSHL,,690,671,690,,,520,352689.2,23,,
2026-06-12,MSLB,,1248,1216.1,1248,,,841,1037356,35,,
2026-06-12,NABIL,,535,532,533,,,27399,14619840.9,293,,
2026-06-12,NADEP,,765,740,745,,,1997,1484824.5,32,,
2026-06-12,NBL,,273.9,265.1,269.2,,,37475,10016352.6,148,,
2026-06-12,NESDO,,1585,1546.1,1560,,,1419,2237717.5,28,,
2026-06-12,NFS,,633,614.9,627.9,,,24938,15541467,159,,
2026-06-12,NGPL,,442,420,431,,,88157,37984916,263,,
2026-06-12,NHDL,,639,624,633,,,3576,2254644.8,25,,
2026-06-12,NHPC,,289,280.3,283.1,,,267800,76227998.5,625,,
2026-06-12,NICA,,342.7,339,340,,,36575,12455109.3,179,,
2026-06-12,NICLBSL,,571,566.1,568.3,,,3241,1844852.2,89,,
2026-06-12,NIFRA,,261.4,258.5,260,,,54024,14012972.3,467,,
2026-06-12,NIMB,,196.8,186.9,195,,,87687,17121041,303,,
2026-06-12,NLIC,,770,755,760.5,,,12083,9172847.5,123,,
2026-06-12,NLICL,,589,580.2,581.7,,,2177,1267649.7,31,,
2026-06-12,NLO,,269.4,269.4,269.4,,,0,0,0,,
2026-06-12,NMB,,245.5,243,245.4,,,14771,3610009.6,86,,
2026-06-12,NMBMF,,639,622,639,,,1141,719076.2,16,,
2026-06-12,NMFBS,,1138.8,1127,1135,,,2796,3176931.2,33,,
2026-06-12,NMLBBL,,585,577,580.5,,,4009,2328318,46,,
2026-06-12,NRIC,,1065.6,1021.2,1042,,,72632,75875395.5,397,,
2026-06-12,NRM,,352,345,345.3,,,19281,6703122.3,221,,
2026-06-12,NRN,,1410,1357,1370,,,39022,53648503.7,240,,
2026-06-12,NTC,,859,845.2,851.9,,,14621,12403216.5,135,,
2026-06-12,NUBL,,656.5,646.2,654,,,1782,1166218,28,,
2026-06-12,NWCL,,795,780,791.9,,,429,338493,22,,
2026-06-12,NYADI,,407,397,400,,,11283,4523868,105,,
2026-06-12,OHL,,716,700.2,702,,,1504,1065497.9,27,,
2026-06-12,OMPL,,1154,1136,1142.9,,,1815,2074504.6,90,,
2026-06-12,PCBL,,238.6,236,238.6,,,38035,9009984.9,144,,
2026-06-12,PCIL,,765,741,744,,,34937,26099795.6,1598,,
2026-06-12,PFL,,381.9,373,379.8,,,4024,1513352,48,,
2026-06-12,PHCL,,342.3,321,321.5,,,237998,78169251.3,1016,,
2026-06-12,PMHPL,,334.9,330.1,331,,,8089,2683417.3,54,,
2026-06-12,PMLI,,470,460,465.5,,,5675,2643077.3,117,,
2026-06-12,PPCL,,399,370,378,,,10603,3980652.1,75,,
2026-06-12,PPL,,350.5,330.6,349,,,17181,5956373.5,137,,
2026-06-12,PROFL,,461,444,450,,,10688,4826240.4,77,,
2026-06-12,PRVU,,195.4,193.9,194.3,,,50526,9820805.5,287,,
2026-06-12,PURE,,915.9,892,914.9,,,7370,6662004.7,97,,
2026-06-12,RADHI,,792.6,745,746,,,10648,7962914,132,,
2026-06-12,RAWA,,550.1,510.4,538,,,8354,4511923.9,121,,
2026-06-12,RFPL,,370,353,362.7,,,19540,7137507.2,150,,
2026-06-12,RHGCL,,287,280.5,280.5,,,26760,7560933.2,155,,
2026-06-12,RHPL,,270,265,265.4,,,44030,11736417.7,284,,
2026-06-12,RIDI,,352.1,343,347.8,,,156511,54379724.7,508,,
2026-06-12,RLEL,,922,900.1,922,,,6556,5965006.5,271,,
2026-06-12,RLFL,,480,465,465.3,,,27977,13202389.9,151,,
2026-06-12,RNLI,,466.1,463.2,465.4,,,9608,4465905.4,219,,
2026-06-12,RSDC,,670,655.1,657,,,3001,1976767,35,,
2026-06-12,RSML,,3748.5,3499,3517.9,,,36704,129038792.9,660,,
2026-06-12,RURU,,649.8,641.1,649.8,,,15100,9751142.2,71,,
2026-06-12,SAGAR,,1680,1651,1659.9,,,10081,16741924.8,200,,
2026-06-12,SAHAS,,663.5,659.6,660,,,91642,60633641,456,,
2026-06-12,SAIL,,1118.2,1035,1040,,,18353,19273915.8,337,,
2026-06-12,SANIMA,,364,360.3,361.9,,,40695,14709401.6,133,,
2026-06-12,SANVI,,700,683.2,689,,,17862,12308222.3,255,,
2026-06-12,SARBTM,,844,829.4,837,,,10644,8918338.5,94,,
2026-06-12,SBI,,401,390.2,395.5,,,21974,8677228.9,50,,
2026-06-12,SBL,,401.9,398,399,,,25197,10051989.8,81,,
2026-06-12,SCB,,655,648.3,649.1,,,2434,1582486.8,62,,
2026-06-12,SGHC,,365,355.3,363,,,7036,2535445.7,91,,
2026-06-12,SHEL,,314,309,310.3,,,62584,19441876.2,232,,
2026-06-12,SHIVM,,669.5,656,658.9,,,92448,60866901.3,497,,
2026-06-12,SHL,,509,500,505,,,20365,10285909.9,81,,
2026-06-12,SHLB,,1460.7,1411,1453,,,1370,1964343,35,,
2026-06-12,SHPC,,514,508.1,509,,,70004,35691846.6,210,,
2026-06-12,SIFC,,575,560,561.5,,,24366,13785129.9,102,,
2026-06-12,SIKLES,,595,590.2,593,,,3912,2315748.8,58,,
2026-06-12,SIPD,,770,750,753,,,9839,7421683.6,584,,
2026-06-12,SJCL,,293,287.2,290.3,,,8207,2391071.8,90,,
2026-06-12,SJLIC,,432,426.3,431,,,9274,3988571.8,115,,
2026-06-12,SKBBL,,771.5,757,765,,,16111,12327921.1,78,,
2026-06-12,SKHEL,,1200,1143,1170,,,9082,10607009.7,193,,
2026-06-12,SKHL,,950,925,949.8,,,16716,15689734.8,365,,
2026-06-12,SLBBL,,857.9,805,815.2,,,7579,6209161.7,60,,
2026-06-12,SLBSL,,1220,1180,1220,,,289,343917.4,14,,
2026-06-12,SMATA,,775,760.5,769,,,1136,871308,43,,
2026-06-12,SMB,,1730,1715.1,1730,,,336,578508.5,15,,
2026-06-12,SMFBS,,1505,1482,1503.9,,,277,412019.5,21,,
2026-06-12,SMH,,577,565.1,572,,,6922,3945493.5,58,,
2026-06-12,SMHL,,503.8,488,494,,,35767,17625378.7,181,,
2026-06-12,SMJC,,465.8,453,453,,,11149,5101633.1,152,,
2026-06-12,SMPDA,,844,824.1,835,,,1750,1447134.3,48,,
2026-06-12,SNLI,,450,446,447.2,,,12310,5519563.2,242,,
2026-06-12,SOHL,,653.8,635,641,,,60673,39109064.3,1394,,
2026-06-12,SONA,,456.7,433,437,,,24294,10593707.8,297,,
2026-06-12,SOPL,,531.7,471.3,531.7,,,380,198665,38,,
2026-06-12,SPC,,463,450,459.8,,,5638,2565913.2,55,,
2026-06-12,SPDL,,417,392.5,393.6,,,15738,6207485.8,68,,
2026-06-12,SPHL,,652,586.4,603.9,,,27471,16523507.2,253,,
2026-06-12,SPL,,705,694,700,,,1495,1047570.9,30,,
2026-06-12,SRLI,,395,391.6,394,,,14409,5663907.2,171,,
2026-06-12,SSHL,,216.9,210,211.9,,,150799,32149936.6,429,,
2026-06-12,STC,,5400,5353.1,5397,,,311,1669339,19,,
2026-06-12,SWASTIK,,2300,2250,2279,,,1470,3333626,40,,
2026-06-12,SWBBL,,745,733.2,737.9,,,2867,2110199.8,37,,
2026-06-12,SWMF,,661.7,652,661.7,,,1222,800729.8,30,,
2026-06-12,SYPNL,,1433,1328.1,1405,,,36743,51721095.6,687,,
2026-06-12,TAMOR,,458,452.2,458,,,37499,17036811.1,172,,
2026-06-12,TPC,,368,361,366,,,12771,4657655,74,,
2026-06-12,TRH,,786.9,762.1,780,,,5295,4132585.1,70,,
2026-06-12,TSHL,,550,533.7,535,,,2063,1112505.1,54,,
2026-06-12,TTL,,818,771.1,802.5,,,8192,6596956.5,256,,
2026-06-12,TVCL,,506.8,491,496,,,4125,2063104.7,48,,
2026-06-12,UHEWA,,692,625,656,,,126474,82819889.9,633,,
2026-06-12,ULBSL,,2910,2840,2910,,,790,2256291.3,36,,
2026-06-12,ULHC,,455,440,450,,,9750,4338538.8,107,,
2026-06-12,UMHL,,626,581,593,,,52803,31142344.8,170,,
2026-06-12,UMRH,,543.9,535,543,,,8353,4511662,56,,
2026-06-12,UNHPL,,418,407,413.8,,,20288,8398665,108,,
2026-06-12,UNL,,47000,47000,47000,,,0,0,0,,
2026-06-12,UNLB,,1388,1335.1,1380,,,655,885672,26,,
2026-06-12,UPCL,,366,360,365,,,24732,8991268.7,121,,
2026-06-12,UPPER,,203,200,201,,,91701,18474017.7,395,,
2026-06-12,USHEC,,539.1,512.1,515,,,21924,11346814.3,151,,
2026-06-12,USHL,,635,593.1,609.7,,,2090,1258151.5,47,,
2026-06-12,USLB,,1268.9,1242.1,1250,,,1596,1999257,21,,
2026-06-12,VLBS,,718,710.1,714,,,2865,2040488.2,119,,
2026-06-12,VLUCL,,489,475,485,,,5443,2608233,70,,
2026-06-15,ACLBSL,,955,940,948,,,547,516551.2,17,,
2026-06-15,ADBL,,313.9,306,311,,,14590,4520116.4,131,,
2026-06-15,AHL,,508.5,476,483,,,4895,2353351,71,,
2026-06-15,AHPC,,294,274,276,,,61256,16874504.2,227,,
2026-06-15,AKJCL,,429.5,393.1,397,,,963808,388506473.3,1371,,
2026-06-15,AKPL,,271,265.2,268,,,42492,11323715.9,186,,
2026-06-15,ALBSL,,1105,1080,1105,,,5480,5957755.4,111,,
2026-06-15,ALICL,,452,448,449,,,14690,6606951,73,,
2026-06-15,ANLB,,5849.9,5750,5819.9,,,205,1188048.9,15,,
2026-06-15,APHL,,523.9,469.2,523.9,,,210,108688,21,,
2026-06-15,API,,353,346,347.3,,,164989,57518462.4,519,,
2026-06-15,AVYAN,,1100.3,1007,1060,,,1471,1557134.5,60,,
2026-06-15,BANDIPUR,,824.4,802,815,,,14558,11873382.3,449,,
2026-06-15,BARUN,,344.9,336.5,337,,,24208,8199199.3,147,,
2026-06-15,BBC,,4310,4234,4250,,,140,596335,11,,
2026-06-15,BEDC,,368,358.4,363,,,45145,16387587,211,,
2026-06-15,BFC,,513.9,483,493,,,77404,38387802.4,396,,
2026-06-15,BGWT,,665,645.9,665,,,744,486163.8,36,,
2026-06-15,BHCL,,585.9,560,560,,,42137,23924753.4,373,,
2026-06-15,BHDC,,465,455.5,457,,,4948,2265096,56,,
2026-06-15,BHL,,220,214.1,215,,,66647,14387682.8,340,,
2026-06-15,BHPL,,530.4,499,529.4,,,5570,2921435,68,,
2026-06-15,BJHL,,855,816.3,825,,,5661,4677118.5,220,,
2026-06-15,BNHC,,329.4,322,326,,,4325,1410671.2,61,,
2026-06-15,BNL,,15600,15600,15600,,,10,156000,1,,
2026-06-15,BNT,,11850,11800,11850,,,30,355000,3,,
2026-06-15,BPCL,,682,670.3,679.5,,,14092,9533868.3,107,,
2026-06-15,BUNGAL,,718,700.1,709.9,,,36086,25617471.3,413,,
2026-06-15,CBBL,,965,911.1,916,,,29099,27377001.6,167,,
2026-06-15,CFCL,,689,616,620,,,210126,135452224.7,773,,
2026-06-15,CGH,,800,748,783.1,,,7700,6060323.6,105,,
2026-06-15,CHCL,,485,480,482,,,34538,16640375.5,200,,
2026-06-15,CHDC,,2254,2210,2215,,,13619,30253140.9,199,,
2026-06-15,CHL,,285,280.4,280.7,,,14230,4006801.6,77,,
2026-06-15,CIT,,1745,1730,1736.9,,,10630,18447730.8,219,,
2026-06-15,CITY,,445.9,423,434.3,,,312259,136544494.4,1084,,
2026-06-15,CKHL,,646,630,646,,,710,449931.5,30,,
2026-06-15,CLI,,455,451,451,,,16823,7617741.3,221,,
2026-06-15,CREST,,1341,1250.4,1259.8,,,2895,3636246,131,,
2026-06-15,CYCL,,1414.9,1385,1392,,,2972,4159691.1,75,,
2026-06-15,CZBIL,,202,199.5,200,,,21011,4205158.5,97,,
2026-06-15,DDBL,,865,830.1,832.1,,,5219,4368183,45,,
2026-06-15,DHEL,,635,615.2,619,,,9796,6086663.2,249,,
2026-06-15,DHPL,,299,295,297,,,4577,1353418.2,23,,
2026-06-15,DLBS,,1288,1250,1252,,,121,152191,8,,
2026-06-15,DOLTI,,370,352,363,,,183189,66413551,903,,
2026-06-15,DORDI,,271,267.1,268,,,12959,3484199.9,126,,
2026-06-15,EBL,,709,697,698,,,26134,18250490,192,,
2026-06-15,EHPL,,395,383,384,,,7047,2704443.7,64,,
2026-06-15,ENL,,874,856.5,873.6,,,334,290929,13,,
2026-06-15,FMDBL,,796,769,776.9,,,13851,10748346.7,145,,
2026-06-15,FOWAD,,1016.2,1011,1013,,,2405,2439351.2,66,,
2026-06-15,GBIME,,240,238,240,,,125450,30034225.8,306,,
2026-06-15,GBLBS,,778.5,761.2,764,,,1427,1095267.9,27,,
2026-06-15,GCIL,,398,369.2,387,,,26346,10223024,305,,
2026-06-15,GFCL,,675.1,633,635,,,10844,6917284.4,86,,
2026-06-15,GHL,,235,233.2,234,,,21105,4943712.8,86,,
2026-06-15,GILB,,1115,1101,1111.1,,,1152,1274985.6,25,,
2026-06-15,GLBSL,,1768.1,1765,1765,,,239,421853,8,,
2026-06-15,GLH,,266.9,260.7,264,,,26849,7058895.2,135,,
2026-06-15,GMFBS,,1300,1250,1271.9,,,95,120260,6,,
2026-06-15,GMFIL,,489.9,470,478,,,28854,13774966.2,107,,
2026-06-15,GMLI,,1298.7,1276.3,1298.7,,,2115,2720930,63,,
2026-06-15,GUFL,,572,557,560,,,10056,5645346,92,,
2026-06-15,GVL,,492,485.1,486.5,,,20007,9772207.7,125,,
2026-06-15,HATHY,,779,767,775,,,2472,1904877.8,63,,
2026-06-15,HBL,,202,196.8,197.1,,,36992,7303146.9,637,,
2026-06-15,HDHPC,,227.6,218.3,218.9,,,92621,20440050,304,,
2026-06-15,HDL,,1165.2,1097.6,1154,,,19152,22081370.4,331,,
2026-06-15,HFIN,,859.9,830,839,,,32534,27464325,865,,
2026-06-15,HHL,,385,357,370,,,30692,11382002.7,152,,
2026-06-15,HIDCL,,264,260.3,261,,,46623,12181841.5,246,,
2026-06-15,HIMSTAR,,845,824,834,,,4786,3989939.9,124,,
2026-06-15,HLBSL,,895.9,850.1,895.9,,,223,191950.4,9,,
2026-06-15,HLI,,338,335,336,,,44820,15058611.5,345,,
2026-06-15,HPPL,,370,366.9,367.2,,,11383,4196751.3,88,,
2026-06-15,HRL,,639.8,630,633,,,47015,29820243.4,663,,
2026-06-15,HURJA,,249.6,246.2,247.9,,,34018,8409186.1,131,,
2026-06-15,ICFC,,630,621.1,621.1,,,6650,4161181.4,61,,
2026-06-15,IHL,,406,396,399,,,26334,10565663.5,194,,
2026-06-15,ILBS,,926,902.1,917,,,239,218410.6,15,,
2026-06-15,ILI,,451.1,425,431.6,,,8642,3740607.6,273,,
2026-06-15,JBLB,,1290,1265.1,1269,,,3797,4831460.3,107,,
2026-06-15,JFL,,425.2,405,406,,,9095,3731638.2,76,,
2026-06-15,JHAPA,,1391,1273,1345,,,12556,16612022.2,193,,
2026-06-15,JOSHI,,280,275,278,,,7532,2086801,55,,
2026-06-15,JSLBB,,1089.6,1059,1059,,,48,50955.5,3,,
2026-06-15,KBL,,215.9,212,213,,,128612,27352840.8,463,,
2026-06-15,KBSH,,1549,1505.5,1549,,,110,166997.6,6,,
2026-06-15,KDL,,825,810,817,,,2141,1750331.5,44,,
2026-06-15,KHPL,,1166,1000.1,1073,,,36390,38377819.5,3439,,
2026-06-15,KKHC,,260,255,255,,,29920,7669253.4,149,,
2026-06-15,KMCDB,,854.5,840.1,847.9,,,3946,3321369.8,43,,
2026-06-15,KPCL,,493,483.2,485,,,4817,2342831,63,,
2026-06-15,LEC,,224.1,220.1,223,,,39364,8723460.8,143,,
2026-06-15,LICN,,813,806,812.5,,,10849,8766691.7,69,,
2026-06-15,LLBS,,947,923.1,947,,,885,818233.5,8,,
2026-06-15,LSL,,219.9,216,219.5,,,1054017,228887240.7,195,,
2026-06-15,MABEL,,720,685,685,,,9641,6708483.5,168,,
2026-06-15,MAKAR,,492,490,491,,,2338,1146899.2,43,,
2026-06-15,MANDU,,830,820,821,,,1505,1235206,34,,
2026-06-15,MATRI,,899,870,880,,,427,374463.5,21,,
2026-06-15,MBJC,,286,282,283.2,,,15151,4298316.2,230,,
2026-06-15,MBL,,249.9,247.5,249.8,,,48268,11992065.2,116,,
2026-06-15,MCHL,,315.9,308,308,,,6989,2178509.3,55,,
2026-06-15,MEHL,,371,361,365,,,3911,1424663.5,68,,
2026-06-15,MEL,,241,232.2,236.4,,,4913,1168276,126,,
2026-06-15,MEN,,600.1,595,596.5,,,27087,16154533.6,179,,
2026-06-15,MERO,,740,710.1,714,,,2723,1942862.8,39,,
2026-06-15,MFIL,,799,760,774,,,87753,68726885.7,179,,
2026-06-15,MHCL,,350,339.6,344.9,,,1197,410749,52,,
2026-06-15,MHL,,496.8,491.5,496,,,1447,715366.5,39,,
2026-06-15,MHNL,,261,256.5,258.8,,,6114,1580045.9,32,,
2026-06-15,MKCL,,1245,1200.1,1202,,,1814,2184970.7,58,,
2026-06-15,MKHC,,317,311.6,311.7,,,22925,7188067.5,150,,
2026-06-15,MKHL,,516,500,505,,,19777,9992493.8,125,,
2026-06-15,MKJC,,496,486.1,486.1,,,2411,1177254.8,36,,
2026-06-15,MLBBL,,1190,1166.6,1183,,,895,1048973,8,,
2026-06-15,MLBS,,1277,1165.9,1230,,,1597,1920814.2,37,,
2026-06-15,MLBSL,,1790,1751,1790,,,100,176197,11,,
2026-06-15,MMKJL,,509,494.7,509,,,1662,833191,42,,
2026-06-15,MPFL,,638.6,620,632.2,,,30907,19495973.2,110,,
2026-06-15,MSHL,,705,670.1,687,,,434,297714.9,26,,
2026-06-15,MSLB,,1248,1225,1230,,,920,1133110,34,,
2026-06-15,NABIL,,536.7,530,531.5,,,39328,20911325.2,412,,
2026-06-15,NADEP,,749.9,737.1,742,,,369,274213.5,16,,
2026-06-15,NBL,,270.9,265.1,270,,,79847,21296918.9,186,,
2026-06-15,NESDO,,1560,1528.2,1555,,,1080,1669730.8,30,,
2026-06-15,NFS,,625,606,606,,,6481,3966171.6,80,,
2026-06-15,NGPL,,439,427.8,429.5,,,63887,27412394.7,296,,
2026-06-15,NHDL,,637.5,630,630,,,2023,1285407,14,,
2026-06-15,NHPC,,287,279.5,282,,,245858,69403124.8,625,,
2026-06-15,NICA,,342,338,338.3,,,41635,14124018.7,220,,
2026-06-15,NICLBSL,,579.9,567,573.9,,,2713,1550361.7,86,,
2026-06-15,NIFRA,,260,258.1,259.7,,,39271,10168960.31,375,,
2026-06-15,NIMB,,198,194,194.9,,,64357,12556850.5,284,,
2026-06-15,NLIC,,765,758,760.4,,,22801,17313250.5,159,,
2026-06-15,NLICL,,588,578.2,581.5,,,11993,6973355.8,71,,
2026-06-15,NLO,,269.4,269.4,269.4,,,0,0,0,,
2026-06-15,NMB,,246.9,242.2,244.5,,,22375,5439837.2,113,,
2026-06-15,NMBMF,,638,629.4,638,,,272,171352,4,,
2026-06-15,NMFBS,,1135,1122.1,1134.3,,,2771,3136862.7,31,,
2026-06-15,NMLBBL,,591,574,581.8,,,4056,2352408.9,59,,
2026-06-15,NRIC,,1034.9,989.9,999,,,116397,117287250.8,1166,,
2026-06-15,NRM,,353,340,340,,,21970,7560791.5,209,,
2026-06-15,NRN,,1438,1367,1371,,,31493,43704602.4,263,,
2026-06-15,NTC,,859.8,845.1,848,,,10695,9075439.6,205,,
2026-06-15,NUBL,,660,646,649.3,,,988,640877.2,20,,
2026-06-15,NWCL,,780.1,761,772,,,5167,3972961,69,,
2026-06-15,NYADI,,404,388,396.4,,,8902,3540834,113,,
2026-06-15,OHL,,708,695,705,,,1059,741801.7,9,,
2026-06-15,OMPL,,1175,1125,1144,,,3131,3563352,119,,
2026-06-15,PCBL,,241.9,235,239,,,46539,11028579.1,170,,
2026-06-15,PCIL,,759,730,741,,,40066,29855107.9,1689,,
2026-06-15,PFL,,398,372,379.4,,,6700,2546610.8,55,,
2026-06-15,PHCL,,337.5,317,318,,,93063,29712712.3,454,,
2026-06-15,PMHPL,,335.3,330.1,331.5,,,2605,865107.1,28,,
2026-06-15,PMLI,,488.7,461,463.1,,,2620,1214282,93,,
2026-06-15,PPCL,,375,364,374.8,,,26314,9676039.6,105,,
2026-06-15,PPL,,351,331.6,348,,,14038,4890633.8,126,,
2026-06-15,PROFL,,462,448,449,,,8398,3784760.7,48,,
2026-06-15,PRVU,,196,193.1,194,,,55287,10733907.2,265,,
2026-06-15,PURE,,917,900,908,,,6072,5478611.3,103,,
2026-06-15,RADHI,,750,736,750,,,35087,26122985.1,159,,
2026-06-15,RAWA,,522,498,500,,,152128,76551996.4,672,,
2026-06-15,RFPL,,369,353,362.2,,,6273,2278892,101,,
2026-06-15,RHGCL,,284,275,280.9,,,13436,3781319.9,113,,
2026-06-15,RHPL,,271,266.1,267,,,16780,4485328.5,123,,
2026-06-15,RIDI,,359,330.5,344.9,,,175295,60836180.8,476,,
2026-06-15,RLEL,,945,904.7,924,,,8698,8021791.5,378,,
2026-06-15,RLFL,,474,450,455,,,34195,15825286.6,178,,
2026-06-15,RNLI,,464,462,463.8,,,9858,4562696.7,236,,
2026-06-15,RSDC,,662.9,655.8,658.3,,,1459,960988.9,25,,
2026-06-15,RSML,,3620,3420,3460,,,47155,162458794.3,745,,
2026-06-15,RURU,,655,640,648,,,12826,8387140.5,39,,
2026-06-15,SAGAR,,1710,1656,1694,,,8069,13627137.2,187,,
2026-06-15,SAHAS,,665,656.5,659.5,,,52248,34552030.2,437,,
2026-06-15,SAIL,,1090,1030,1057,,,24689,26286959.6,472,,
2026-06-15,SANIMA,,365,357.1,360,,,51672,18672533.9,159,,
2026-06-15,SANVI,,698,681.2,682.9,,,11808,8110186.7,216,,
2026-06-15,SARBTM,,849,832.1,835,,,6266,5256824.2,62,,
2026-06-15,SBI,,397,390,396.9,,,41601,16286645.7,83,,
2026-06-15,SBL,,404,397.1,398.5,,,50132,19995119.5,124,,
2026-06-15,SCB,,659.9,645.1,650,,,2646,1718528.6,45,,
2026-06-15,SGHC,,363,355.1,355.2,,,13849,4942664.9,99,,
2026-06-15,SHEL,,314,304.6,308.2,,,45917,14178208.6,176,,
2026-06-15,SHIVM,,670,650.2,656,,,103286,67919771.5,489,,
2026-06-15,SHL,,505,498,500,,,14410,7200480.3,55,,
2026-06-15,SHLB,,1453,1453,1453,,,20,29060,2,,
2026-06-15,SHPC,,534.4,508,509.7,,,23568,12014136,112,,
2026-06-15,SIFC,,589.5,550.1,556,,,14879,8325047.1,43,,
2026-06-15,SIKLES,,593.5,584,590,,,10459,6151356.2,99,,
2026-06-15,SIPD,,760,735.5,742.4,,,14877,11106610.4,719,,
2026-06-15,SJCL,,294.5,284.3,289.9,,,33664,9691217.7,170,,
2026-06-15,SJLIC,,435,428.1,429,,,7185,3085265,140,,
2026-06-15,SKBBL,,765,762,764,,,10047,7667510.3,86,,
2026-06-15,SKHEL,,1200,1115,1145,,,7016,8036522,170,,
2026-06-15,SKHL,,964.9,920.1,950,,,14871,13923939,446,,
2026-06-15,SLBBL,,825,815,816.4,,,1773,1448672.4,35,,
2026-06-15,SLBSL,,1225,1187,1189.1,,,1277,1537043.8,35,,
2026-06-15,SMATA,,785,763,763.2,,,2124,1633958,62,,
2026-06-15,SMB,,1722,1715,1715,,,726,1246245,23,,
2026-06-15,SMFBS,,1507,1481.2,1498.8,,,113,167759.1,11,,
2026-06-15,SMH,,572,565,565,,,3806,2155201,55,,
2026-06-15,SMHL,,499.9,488.7,494,,,14548,7179715.9,146,,
2026-06-15,SMJC,,455.1,453,454,,,6596,2997121.4,113,,
2026-06-15,SMPDA,,847,824.1,830,,,635,527191.5,27,,
2026-06-15,SNLI,,450.1,447,448,,,10124,4541327.9,266,,
2026-06-15,SOHL,,649.9,630,634.9,,,63114,40244275.9,1492,,
2026-06-15,SONA,,441,434.1,436.1,,,29582,12896923.5,307,,
2026-06-15,SOPL,,611.4,550,611.4,,,610,367822,61,,
2026-06-15,SPC,,455,450.4,455,,,2311,1046210,38,,
2026-06-15,SPDL,,400,388.5,392,,,34179,13385133,126,,
2026-06-15,SPHL,,634.9,574,633,,,62512,36916959.8,180,,
2026-06-15,SPL,,706.5,686,690,,,2055,1416411,47,,
2026-06-15,SRLI,,413.7,383,392.6,,,11057,4346114.9,209,,
2026-06-15,SSHL,,222.4,210.8,212,,,60648,12838222.3,238,,
2026-06-15,STC,,5378,5305,5305,,,574,3060167,29,,
2026-06-15,SWASTIK,,2265,2230.1,2264.9,,,460,1032724,28,,
2026-06-15,SWBBL,,744.9,733.1,734,,,1741,1281514.9,35,,
2026-06-15,SWMF,,665,653,659.7,,,3119,2047410.6,27,,
2026-06-15,SYPNL,,1500,1390,1463,,,142843,209045886.6,1622,,
2026-06-15,TAMOR,,460,450,450,,,39090,17725130.7,191,,
2026-06-15,TPC,,373,348,364,,,14664,5359066.6,91,,
2026-06-15,TRH,,783.9,762,774,,,1301,1005573.5,11,,
2026-06-15,TSHL,,546,510,525,,,3498,1842988.4,48,,
2026-06-15,TTL,,814,795,795,,,11608,9296961.2,325,,
2026-06-15,TVCL,,496,485.1,490,,,1608,786778,28,,
2026-06-15,UHEWA,,670,630,657,,,119349,78177864,486,,
2026-06-15,ULBSL,,2900,2830,2900,,,536,1530151.3,24,,
2026-06-15,ULHC,,445,435,437,,,7006,3062847.8,77,,
2026-06-15,UMHL,,598.9,586.9,591.7,,,55361,32734706.5,154,,
2026-06-15,UMRH,,545,535,535,,,4415,2385219.5,38,,
2026-06-15,UNHPL,,417.9,409,412,,,15177,6236114.7,95,,
2026-06-15,UNL,,46201,46200,46200,,,100,4620041,5,,
2026-06-15,UNLB,,1445,1332.8,1386,,,1550,2108708.7,41,,
2026-06-15,UPCL,,367,360.1,365,,,25829,9362201.3,144,,
2026-06-15,UPPER,,203,200,200.2,,,83915,16831173.8,445,,
2026-06-15,USHEC,,518,505.2,505.5,,,9241,4698641.2,89,,
2026-06-15,USHL,,615,598.1,607,,,3164,1913735.4,46,,
2026-06-15,USLB,,1254.9,1225,1254.9,,,1558,1919779.7,36,,
2026-06-15,VLBS,,715,710.1,710.1,,,2519,1791470.4,133,,
2026-06-15,VLUCL,,484.9,475,484.9,,,1000,478213,56,,
2026-06-16,ACLBSL,,950,940,950,,,359,338526,18,,
2026-06-16,ADBL,,312.5,306,309,,,14647,4516388.8,127,,
2026-06-16,AHL,,486,479,479,,,2828,1360267,46,,
2026-06-16,AHPC,,275.9,272.1,274.5,,,77199,21144660.6,252,,
2026-06-16,AKJCL,,399,388.2,394.8,,,814194,319945095.8,1262,,
2026-06-16,AKPL,,271,266.1,268,,,49007,13135402.2,146,,
2026-06-16,ALBSL,,1120,1070,1100,,,7350,7932987.2,104,,
2026-06-16,ALICL,,452.8,442,450.2,,,9889,4442016,60,,
2026-06-16,ANLB,,5929,5735,5843,,,272,1571700.4,22,,
2026-06-16,APHL,,602.4,550,602.4,,,260,155536,26,,
2026-06-16,API,,348.9,342,343.2,,,120794,41624547.5,435,,
2026-06-16,AVYAN,,1100,1007,1056.5,,,2029,2143379.3,45,,
2026-06-16,BANDIPUR,,825,808.4,820,,,51334,41944559,534,,
2026-06-16,BARUN,,339.9,336,336,,,36785,12400940.6,178,,
2026-06-16,BBC,,4400,4186,4269,,,220,939450,13,,
2026-06-16,BEDC,,382,355,377,,,182697,67785493,602,,
2026-06-16,BFC,,500,483.4,491,,,46240,22612331,256,,
2026-06-16,BGWT,,660,645.1,645.1,,,1004,654213.3,35,,
2026-06-16,BHCL,,576,548,550,,,77140,42983771.7,554,,
2026-06-16,BHDC,,461.5,450.6,454.7,,,2012,917391.6,47,,
2026-06-16,BHL,,216.5,214.5,215.8,,,53970,11626681.6,243,,
2026-06-16,BHPL,,540,515,520,,,5017,2621554,61,,
2026-06-16,BJHL,,820,805.1,812,,,4775,3889904.5,176,,
2026-06-16,BNHC,,328,320.1,325,,,1618,525072.3,42,,
2026-06-16,BNL,,15600,15600,15600,,,0,0,0,,
2026-06-16,BNT,,11619.1,11619.1,11619.1,,,10,116191,1,,
2026-06-16,BPCL,,681.9,646,680,,,33643,22785647.3,129,,
2026-06-16,BUNGAL,,767.6,690,747.9,,,164406,121632378.8,1163,,
2026-06-16,CBBL,,916,914,915,,,12234,11193787.7,105,,
2026-06-16,CFCL,,638,589,611,,,141008,88017685.9,522,,
2026-06-16,CGH,,790,779.5,783.5,,,4547,3559299.7,62,,
2026-06-16,CHCL,,488,479.1,481.9,,,12988,6254521.5,142,,
2026-06-16,CHDC,,2235,2212,2224.9,,,8159,18122681.3,93,,
2026-06-16,CHL,,285,281,283.9,,,7703,2178239.1,56,,
2026-06-16,CIT,,1749,1734.7,1734.7,,,4992,8669806.4,137,,
2026-06-16,CITY,,441.8,412.6,431.8,,,181170,78730169.5,734,,
2026-06-16,CKHL,,640,630.1,640,,,663,420480,27,,
2026-06-16,CLI,,455,450.2,452,,,9140,4128383.8,248,,
2026-06-16,CREST,,1270,1245,1250.5,,,6425,8038082.9,120,,
2026-06-16,CYCL,,1415,1380,1413,,,755,1056501.1,37,,
2026-06-16,CZBIL,,202,195,197,,,82925,16408630.2,245,,
2026-06-16,DDBL,,837,833,836,,,3367,2811551.6,46,,
2026-06-16,DHEL,,632.2,607,622,,,10095,6268837.5,291,,
2026-06-16,DHPL,,311,294,300,,,1872,553043.9,17,,
2026-06-16,DLBS,,1368,1245.1,1245.1,,,742,951678.5,29,,
2026-06-16,DOLTI,,389,360,388,,,271512,101716078,1235,,
2026-06-16,DORDI,,270,267,267.5,,,11707,3137450.5,108,,
2026-06-16,EBL,,717,696,696.1,,,35104,24621591.8,176,,
2026-06-16,EHPL,,387,381,387,,,11907,4580985.3,86,,
2026-06-16,ENL,,876.5,860,876.5,,,600,517236,16,,
2026-06-16,FMDBL,,812,767,771.5,,,22041,17066036.7,101,,
2026-06-16,FOWAD,,1020,1015.1,1020,,,1184,1203844,36,,
2026-06-16,GBIME,,240,238.7,240,,,103889,24860485.4,265,,
2026-06-16,GBLBS,,773,760.7,764,,,2874,2193961.2,40,,
2026-06-16,GCIL,,395,383,389,,,30777,11984228.6,303,,
2026-06-16,GFCL,,644.7,627,627.9,,,16687,10490675.9,68,,
2026-06-16,GHL,,235.8,232,233,,,15737,3657012.1,60,,
2026-06-16,GILB,,1127.8,1108.1,1109,,,1220,1365391,27,,
2026-06-16,GLBSL,,1793,1762,1762,,,98,174085,10,,
2026-06-16,GLH,,264.5,261.3,264,,,15013,3943075.2,99,,
2026-06-16,GMFBS,,1269.8,1245,1269.8,,,24,30128,2,,
2026-06-16,GMFIL,,489.8,469,476,,,9773,4661962.9,73,,
2026-06-16,GMLI,,1298.5,1270,1296,,,1530,1972287,46,,
2026-06-16,GUFL,,568.4,552,555,,,7454,4139134.1,75,,
2026-06-16,GVL,,488,484,485.2,,,6644,3225879,130,,
2026-06-16,HATHY,,775,762,763.1,,,5290,4057924.9,100,,
2026-06-16,HBL,,199,197,197.1,,,26019,5147189.8,568,,
2026-06-16,HDHPC,,222,217.1,218.5,,,75100,16396380.6,226,,
2026-06-16,HDL,,1170,1097.7,1151.5,,,15106,17425059.4,241,,
2026-06-16,HFIN,,858,825,839,,,32869,27360638.1,925,,
2026-06-16,HHL,,370,361.1,369,,,13573,4965107.5,97,,
2026-06-16,HIDCL,,263,260,260.6,,,53425,13919586.1,259,,
2026-06-16,HIMSTAR,,845,820,845,,,6313,5248625.1,110,,
2026-06-16,HLBSL,,895,869.2,888,,,604,527616,30,,
2026-06-16,HLI,,339,335.6,336,,,20287,6823199.6,251,,
2026-06-16,HPPL,,369.8,366.5,367,,,17970,6615176.5,118,,
2026-06-16,HRL,,663,628.3,630,,,55529,35072707.4,780,,
2026-06-16,HURJA,,247,246.1,247,,,30125,7427949.7,109,,
2026-06-16,ICFC,,631,620.2,625,,,7727,4803421.1,49,,
2026-06-16,IHL,,404.7,393,399,,,18035,7187163.4,127,,
2026-06-16,ILBS,,929,898,916.8,,,2293,2066589.5,40,,
2026-06-16,ILI,,434,430.1,433,,,6811,2944412.6,235,,
2026-06-16,JBLB,,1271,1265,1269,,,4187,5306218.7,115,,
2026-06-16,JFL,,426.2,406,407.9,,,5123,2101870.6,52,,
2026-06-16,JHAPA,,1360,1280,1322,,,6211,8202991.3,163,,
2026-06-16,JOSHI,,294,270,280.5,,,29043,8018231.8,143,,
2026-06-16,JSLBB,,1123,1061,1065,,,336,363713,9,,
2026-06-16,KBL,,214,212,212,,,100950,21455367.9,367,,
2026-06-16,KBSH,,1547.8,1503,1506,,,47,71317.7,4,,
2026-06-16,KDL,,825,811,823.5,,,1201,985046.9,34,,
2026-06-16,KHPL,,1080,1015.4,1035,,,33110,34500805.8,1954,,
2026-06-16,KKHC,,260.9,253,254,,,32889,8364919.6,159,,
2026-06-16,KMCDB,,852,840,849,,,3271,2759609.3,42,,
2026-06-16,KPCL,,493,484,485,,,5827,2840156,46,,
2026-06-16,LEC,,223.9,219.1,220,,,31657,6973812.5,160,,
2026-06-16,LICN,,853.1,805,806.4,,,7619,6141727.9,65,,
2026-06-16,LLBS,,926,925.1,925.1,,,64,59078.9,4,,
2026-06-16,LSL,,229,217,217,,,66256,14475145.5,174,,
2026-06-16,MABEL,,708.9,666,703.5,,,18931,13279533.9,263,,
2026-06-16,MAKAR,,491,486.2,488,,,3732,1822622,40,,
2026-06-16,MANDU,,835,812.1,821.2,,,2097,1737731,52,,
2026-06-16,MATRI,,879,853.6,866,,,422,365752.3,23,,
2026-06-16,MBJC,,285.1,280.1,283.5,,,18477,5251695.3,254,,
2026-06-16,MBL,,249.8,246,247.3,,,28049,6948777.7,84,,
2026-06-16,MCHL,,330,308.1,324,,,47852,15320228.1,301,,
2026-06-16,MEHL,,375,357,364,,,7394,2679025.8,77,,
2026-06-16,MEL,,238,232.2,235.9,,,5357,1257203.7,120,,
2026-06-16,MEN,,600,594,594.2,,,21295,12699749.2,144,,
2026-06-16,MERO,,720,711.2,720,,,4546,3248133.4,36,,
2026-06-16,MFIL,,786.9,765.1,769,,,19810,15197305.3,79,,
2026-06-16,MHCL,,350,340,342.3,,,7494,2567886.5,75,,
2026-06-16,MHL,,500,493,497.8,,,5668,2816951,39,,
2026-06-16,MHNL,,260.9,256.5,258.3,,,6823,1761278.5,42,,
2026-06-16,MKCL,,1205,1196,1199,,,2512,3012898,42,,
2026-06-16,MKHC,,321,312.5,316,,,34494,10898312,179,,
2026-06-16,MKHL,,519,498,500,,,2555,1278812.1,68,,
2026-06-16,MKJC,,500,482.1,482.1,,,5884,2866112.3,52,,
2026-06-16,MLBBL,,1183,1165,1165,,,838,976543.3,23,,
2026-06-16,MLBS,,1230,1193.1,1230,,,395,475340,21,,
2026-06-16,MLBSL,,1760.1,1755,1757,,,152,267204.3,7,,
2026-06-16,MMKJL,,505,487,505,,,2475,1219205,44,,
2026-06-16,MPFL,,633.8,611.3,618,,,28459,17568566.1,158,,
2026-06-16,MSHL,,679,670,679,,,339,227918.2,12,,
2026-06-16,MSLB,,1240,1220,1236,,,628,771674.5,25,,
2026-06-16,NABIL,,535,531.3,532,,,30151,16046952.1,292,,
2026-06-16,NADEP,,754,738.1,750.9,,,2268,1701942,26,,
2026-06-16,NBL,,270,266.3,269.9,,,26472,7090830.4,116,,
2026-06-16,NESDO,,1560,1520.1,1559.9,,,363,562284.6,21,,
2026-06-16,NFS,,616,599,600,,,9080,5470111,76,,
2026-06-16,NGPL,,450.9,425.5,425.9,,,51445,21962022.7,256,,
2026-06-16,NHDL,,648,628.2,634.9,,,2856,1819866.9,16,,
2026-06-16,NHPC,,283,278.4,280,,,232398,65078082.5,593,,
2026-06-16,NICA,,340,335.8,335.9,,,43787,14753532.7,208,,
2026-06-16,NICLBSL,,571.9,568.1,571,,,2206,1256908.5,56,,
2026-06-16,NIFRA,,259.9,257,258,,,59587,15382635.9,464,,
2026-06-16,NIMB,,196,194.1,195.4,,,65057,12706956.9,243,,
2026-06-16,NLIC,,798.4,756.1,759.8,,,10634,8072415.3,169,,
2026-06-16,NLICL,,581,576.6,579.9,,,3668,2122009.9,37,,
2026-06-16,NLO,,269.4,269.4,269.4,,,0,0,0,,
2026-06-16,NMB,,244.9,242.3,242.3,,,22188,5384130.7,83,,
2026-06-16,NMBMF,,643,636,636,,,1006,644937.1,9,,
2026-06-16,NMFBS,,1140,1127,1133,,,5709,6459069.1,35,,
2026-06-16,NMLBBL,,585,572,580,,,2238,1291177.4,37,,
2026-06-16,NRIC,,1001.9,990,1000,,,38436,38386317.2,324,,
2026-06-16,NRM,,350,335,335.5,,,23268,7837709.8,192,,
2026-06-16,NRN,,1393,1365,1371.8,,,22896,31506599.9,190,,
2026-06-16,NTC,,850,845,849,,,9317,7896787.3,147,,
2026-06-16,NUBL,,655,643,643,,,5697,3674400,60,,
2026-06-16,NWCL,,775.2,756.6,766,,,2604,1995804.4,43,,
2026-06-16,NYADI,,400,386.3,398,,,7593,2984758,103,,
2026-06-16,OHL,,710,684.1,696,,,1277,892670,11,,
2026-06-16,OMPL,,1160,1131,1149,,,2209,2510361.4,116,,
2026-06-16,PCBL,,239.9,235.2,237,,,26361,6227399.4,114,,
2026-06-16,PCIL,,780,730,742,,,28987,21459430,1429,,
2026-06-16,PFL,,378.2,371.6,374,,,3107,1163204.2,37,,
2026-06-16,PHCL,,326.6,302.3,316.5,,,99802,31671896.4,380,,
2026-06-16,PMHPL,,336,330,333.1,,,6499,2158336.1,60,,
2026-06-16,PMLI,,465,461,465,,,3453,1599464,120,,
2026-06-16,PPCL,,393.5,365,368.8,,,12780,4692593.5,67,,
2026-06-16,PPL,,349.9,330.6,348,,,13315,4611535.1,134,,
2026-06-16,PROFL,,451,444,446.2,,,8691,3882718,42,,
2026-06-16,PRVU,,194.9,193.2,193.9,,,42334,8199952.4,237,,
2026-06-16,PURE,,912,896,897,,,6010,5417149.8,107,,
2026-06-16,RADHI,,787.5,732.5,740,,,35337,26036304.3,240,,
2026-06-16,RAWA,,499,463.1,496.8,,,282879,134118220.4,949,,
2026-06-16,RFPL,,363.5,358.2,359,,,28085,10106805.2,161,,
2026-06-16,RHGCL,,293,280,280.1,,,11911,3389540.8,103,,
2026-06-16,RHPL,,269.9,265,268,,,11848,3164018.7,106,,
2026-06-16,RIDI,,360,340,343.5,,,190745,65832652.4,445,,
2026-06-16,RLEL,,937.9,903.2,906.3,,,6077,5522419,256,,
2026-06-16,RLFL,,468.6,457,463.9,,,21446,9902726.7,145,,
2026-06-16,RNLI,,462,459.2,459.2,,,19061,8777653.8,262,,
2026-06-16,RSDC,,668,652,656,,,1732,1137575.1,23,,
2026-06-16,RSML,,3443,3330,3342,,,44416,150519772.4,820,,
2026-06-16,RURU,,654,645,646,,,5014,3246882.5,30,,
2026-06-16,SAGAR,,1705,1678.3,1687,,,2706,4568058.8,89,,
2026-06-16,SAHAS,,664,659.4,661,,,48659,32145231.6,412,,
2026-06-16,SAIL,,1085,1004.2,1039,,,11247,11748466.6,263,,
2026-06-16,SANIMA,,376,359,362,,,51931,18782682.2,168,,
2026-06-16,SANVI,,690,680,683,,,10002,6823517,168,,
2026-06-16,SARBTM,,836,826,833,,,9420,7824795.5,106,,
2026-06-16,SBI,,396.9,390.3,395,,,19466,7649850.2,51,,
2026-06-16,SBL,,400,395,395.1,,,461883,182702712.2,230,,
2026-06-16,SCB,,655,648.5,650,,,2142,1392742.9,47,,
2026-06-16,SGHC,,358,354.5,355.5,,,6902,2455157.6,85,,
2026-06-16,SHEL,,310,306.1,308,,,47890,14733446.7,181,,
2026-06-16,SHIVM,,675,623.2,651,,,111072,72518583.5,520,,
2026-06-16,SHL,,504,497,498,,,14809,7372056.9,57,,
2026-06-16,SHLB,,1450,1427.7,1440.9,,,100,143802,10,,
2026-06-16,SHPC,,510,505,505.5,,,42995,21795125.5,161,,
2026-06-16,SIFC,,560,545,545,,,13784,7583866.5,61,,
2026-06-16,SIKLES,,619.5,583.1,586,,,3204,1883782.1,46,,
2026-06-16,SIPD,,745,730,732,,,16910,12433658.4,627,,
2026-06-16,SJCL,,290,283.1,287.1,,,9490,2729855,69,,
2026-06-16,SJLIC,,434,428,428.5,,,5756,2468152.9,138,,
2026-06-16,SKBBL,,764,762,763,,,10859,8280983.5,64,,
2026-06-16,SKHEL,,1150,1100,1123,,,8247,9231743.4,206,,
2026-06-16,SKHL,,949,925,925.7,,,13980,13038869.9,337,,
2026-06-16,SLBBL,,825,813,819.7,,,5802,4757896.9,45,,
2026-06-16,SLBSL,,1210,1175.2,1200,,,242,286342,16,,
2026-06-16,SMATA,,765,761.1,761.6,,,1635,1245969.8,47,,
2026-06-16,SMB,,1725,1711,1720,,,379,649521,17,,
2026-06-16,SMFBS,,1502,1476,1501.9,,,477,710539.2,22,,
2026-06-16,SMH,,580,560.5,580,,,10444,5982263.4,67,,
2026-06-16,SMHL,,497.8,480.1,492.7,,,31734,15490967.5,200,,
2026-06-16,SMJC,,459.9,447.1,452,,,10938,4957853,142,,
2026-06-16,SMPDA,,842,827,833,,,1526,1270688.1,34,,
2026-06-16,SNLI,,448,445,445.5,,,11061,4934512.1,258,,
2026-06-16,SOHL,,666.6,628.8,635.9,,,50127,31827660.7,1279,,
2026-06-16,SONA,,456,428,434.2,,,45537,19743943,422,,
2026-06-16,SOPL,,703.1,629.5,703.1,,,780,545890,78,,
2026-06-16,SPC,,459.9,450.1,454.9,,,5019,2278110.6,70,,
2026-06-16,SPDL,,411.6,388,388.3,,,24132,9391127.3,101,,
2026-06-16,SPHL,,625,602,602,,,70422,43391321.7,265,,
2026-06-16,SPL,,700,679.9,699,,,2822,1929792.8,41,,
2026-06-16,SRLI,,395,390.2,391,,,11183,4375566.9,198,,
2026-06-16,SSHL,,215,209,210,,,65639,13804312.3,273,,
2026-06-16,STC,,5305.1,5255.5,5257,,,275,1448684.5,9,,
2026-06-16,SWASTIK,,2255,2218.4,2225,,,450,1004255,31,,
2026-06-16,SWBBL,,739,730,735,,,3756,2760375,19,,
2026-06-16,SWMF,,660,654.1,657,,,563,370382,14,,
2026-06-16,SYPNL,,1510,1389.9,1460.1,,,68568,101814554.7,922,,
2026-06-16,TAMOR,,451.8,447,450.6,,,37822,17017803.6,186,,
2026-06-16,TPC,,366.6,363.1,365.2,,,13322,4865024.1,68,,
2026-06-16,TRH,,797.2,765,772.3,,,2585,2033084.3,32,,
2026-06-16,TSHL,,535,520,533,,,1786,935929.5,44,,
2026-06-16,TTL,,800.5,783.1,799.8,,,5892,4691277.7,250,,
2026-06-16,TVCL,,492,481,486.2,,,1841,895361.4,34,,
2026-06-16,UHEWA,,692.6,631,642,,,78639,50632647.2,372,,
2026-06-16,ULBSL,,2885,2815,2878,,,916,2591045.4,24,,
2026-06-16,ULHC,,437,425,429,,,10206,4367362,122,,
2026-06-16,UMHL,,593,582.3,591,,,27475,16129266.3,119,,
2026-06-16,UMRH,,541.5,533,535,,,3280,1763114.9,44,,
2026-06-16,UNHPL,,415,405.2,406.6,,,20412,8332808.9,114,,
2026-06-16,UNL,,47399.9,47399.9,47399.9,,,10,473999,1,,
2026-06-16,UNLB,,1454.1,1330,1330.2,,,900,1205666,35,,
2026-06-16,UPCL,,383.2,359,362,,,33708,12154737.2,134,,
2026-06-16,UPPER,,203,199.3,199.7,,,93985,18829473.5,419,,
2026-06-16,USHEC,,506,500.5,502.5,,,13108,6611825,80,,
2026-06-16,USHL,,610,597,604.9,,,4665,2798155,61,,
2026-06-16,USLB,,1250,1226.1,1246.9,,,640,788571.3,18,,
2026-06-16,VLBS,,745.6,715,727,,,15209,11145802.6,331,,
2026-06-16,VLUCL,,484,473.2,481,,,3331,1592639,49,,
2026-06-17,ACLBSL,,965,940,958.9,,,814,768280.4,26,,
2026-06-17,ADBL,,317,294,308.4,,,10225,3154308.8,112,,
2026-06-17,AHL,,482,475,478.9,,,14931,7138324,75,,
2026-06-17,AHPC,,278.5,268.7,274.8,,,114103,31119247.5,334,,
2026-06-17,AKJCL,,405.7,376,396.9,,,402291,159553534.1,719,,
2026-06-17,AKPL,,269,265.1,266.1,,,27604,7372017.8,111,,
2026-06-17,ALBSL,,1104,1060,1097.6,,,5769,6266200.6,59,,
2026-06-17,ALICL,,450,442,448.2,,,26729,11871325.4,179,,
2026-06-17,ANLB,,5868,5701,5868,,,128,737651,15,,
2026-06-17,APHL,,692.7,620.4,692.7,,,250,171420,25,,
2026-06-17,API,,346,341.5,343.7,,,85029,29170416.4,376,,
2026-06-17,AVYAN,,1085,1003.7,1050,,,2219,2315772.5,53,,
2026-06-17,BANDIPUR,,825,811.2,817.1,,,10101,8262100.5,380,,
2026-06-17,BARUN,,340,335,335,,,32750,11023612.1,160,,
2026-06-17,BBC,,4289,4100,4240,,,160,677463,14,,
2026-06-17,BEDC,,388,374.6,375,,,94723,36052195.9,449,,
2026-06-17,BFC,,515.5,484,492,,,32217,15861668.1,198,,
2026-06-17,BGWT,,677.3,649,650,,,812,529107.5,36,,
2026-06-17,BHCL,,558.7,532,541,,,53344,28912030.7,443,,
2026-06-17,BHDC,,460,454.1,457,,,5335,2433024.9,66,,
2026-06-17,BHL,,220,215,216,,,65703,14188909.5,255,,
2026-06-17,BHPL,,528,522,528,,,3365,1768199.5,41,,
2026-06-17,BJHL,,854,772,809,,,5603,4633691.6,186,,
2026-06-17,BNHC,,330,322.5,322.8,,,28916,9393707.4,88,,
2026-06-17,BNL,,15600,15600,15600,,,0,0,0,,
2026-06-17,BNT,,11611.2,11555.6,11555.6,,,75,868669,7,,
2026-06-17,BPCL,,698,646,677,,,7929,5387713.9,65,,
2026-06-17,BUNGAL,,820,735.1,818,,,232796,178335352.2,1302,,
2026-06-17,CBBL,,916,910,913.5,,,14144,12900463.8,169,,
2026-06-17,CFCL,,634.4,610.5,617,,,270479,168394334.9,558,,
2026-06-17,CGH,,790,780,780.5,,,9882,7721286.3,60,,
2026-06-17,CHCL,,485,480.1,482,,,20472,9885752.2,125,,
2026-06-17,CHDC,,2299,2114,2280,,,12853,29069452.2,172,,
2026-06-17,CHL,,287,280,282.7,,,10577,3002282.8,68,,
2026-06-17,CIT,,1739.5,1700,1732,,,4128,7165724.2,123,,
2026-06-17,CITY,,438.9,420.1,423.1,,,229225,98646388.1,676,,
2026-06-17,CKHL,,647.5,621,647.5,,,382,241350,29,,
2026-06-17,CLI,,455,450,452.5,,,7237,3273501.5,196,,
2026-06-17,CREST,,1390,1230,1264.9,,,13159,16495978.6,214,,
2026-06-17,CYCL,,1425,1375,1425,,,545,762432.2,35,,
2026-06-17,CZBIL,,200,197,198.1,,,12269,2440429.3,83,,
2026-06-17,DDBL,,845,835,835,,,5861,4905232.5,61,,
2026-06-17,DHEL,,630,620,620,,,7689,4783973,207,,
2026-06-17,DHPL,,315,293.6,300,,,2840,845103.3,28,,
2026-06-17,DLBS,,1293,1250,1272,,,313,398465.9,15,,
2026-06-17,DOLTI,,388.9,372,375,,,100538,38107210,619,,
2026-06-17,DORDI,,271.9,266.5,268.5,,,17550,4716064.3,132,,
2026-06-17,EBL,,699.9,695,697,,,23597,16422209.6,192,,
2026-06-17,EHPL,,399,387,397,,,38731,15335902,291,,
2026-06-17,ENL,,878.7,857.2,878.7,,,321,278456,13,,
2026-06-17,FMDBL,,785,733,776.4,,,7298,5678984.8,82,,
2026-06-17,FOWAD,,1035,970,1015,,,3771,3838919.2,52,,
2026-06-17,GBIME,,241.5,238.8,239.6,,,49302,11816523.5,220,,
2026-06-17,GBLBS,,779,758,775,,,3393,2627541.9,60,,
2026-06-17,GCIL,,392,382,386.7,,,12786,4946304.6,179,,
2026-06-17,GFCL,,641.9,625,626.1,,,16059,10157317.4,92,,
2026-06-17,GHL,,235,232.1,233,,,12271,2864147.5,58,,
2026-06-17,GILB,,1135.9,1104,1111,,,1281,1449762.6,38,,
2026-06-17,GLBSL,,1762,1762,1762,,,6,10443,6,,
2026-06-17,GLH,,266,263,264,,,17599,4645406.8,103,,
2026-06-17,GMFBS,,1460,1243,1245,,,891,1125927.4,31,,
2026-06-17,GMFIL,,483.6,468.1,474,,,9251,4420697,61,,
2026-06-17,GMLI,,1295.9,1271,1295.9,,,1030,1320702.3,38,,
2026-06-17,GUFL,,567,550,550,,,7735,4295291,76,,
2026-06-17,GVL,,490,482.1,482.6,,,10580,5135861.5,128,,
2026-06-17,HATHY,,770,765,765,,,3129,2398236.6,73,,
2026-06-17,HBL,,199.5,187.3,197,,,41380,8135289.9,643,,
2026-06-17,HDHPC,,244,216.8,219.3,,,257957,58916654.7,491,,
2026-06-17,HDL,,1155,1151.4,1154,,,13923,16048713.1,202,,
2026-06-17,HFIN,,839,822,823,,,20375,16863728.8,707,,
2026-06-17,HHL,,377,359.1,364,,,39137,14193005.3,177,,
2026-06-17,HIDCL,,262,259.8,260.9,,,32297,8408909.6,227,,
2026-06-17,HIMSTAR,,847,830,840,,,3023,2532849.5,90,,
2026-06-17,HLBSL,,888.9,876,876.1,,,672,592676.2,16,,
2026-06-17,HLI,,338,334.7,335.4,,,28805,9669187.7,296,,
2026-06-17,HPPL,,371.9,366.5,371.7,,,36621,13540096.6,106,,
2026-06-17,HRL,,658,631,632,,,49120,31193800.1,577,,
2026-06-17,HURJA,,249.9,245.5,246.9,,,24156,5962956,113,,
2026-06-17,ICFC,,629.9,625,628,,,1067,669365.2,18,,
2026-06-17,IHL,,402,396,396.5,,,8545,3396856.3,58,,
2026-06-17,ILBS,,919.9,900.2,916.9,,,136,123139,14,,
2026-06-17,ILI,,434,428.1,432,,,5199,2245174.8,216,,
2026-06-17,JBLB,,1290,1260,1270,,,2190,2792084.4,94,,
2026-06-17,JFL,,416,405,405,,,7995,3260201.3,62,,
2026-06-17,JHAPA,,1336,1300,1311,,,8872,11635282.1,165,,
2026-06-17,JOSHI,,284.5,276.3,279.9,,,4802,1342025.2,37,,
2026-06-17,JSLBB,,1067,1067,1067,,,65,69355,1,,
2026-06-17,KBL,,214,209.7,209.8,,,341350,72312018.4,625,,
2026-06-17,KBSH,,1580,1490,1527,,,174,264449,12,,
2026-06-17,KDL,,835,811,824.7,,,1374,1123891,51,,
2026-06-17,KHPL,,1035,984.4,1008,,,31840,32398879.3,1559,,
2026-06-17,KKHC,,259.7,253.5,255.9,,,17365,4431372.5,107,,
2026-06-17,KMCDB,,860.9,845,846,,,746,637225.2,19,,
2026-06-17,KPCL,,492,483.4,483.4,,,5508,2677451,46,,
2026-06-17,LEC,,223,218,219.8,,,50521,11103029.5,200,,
2026-06-17,LICN,,818,806.1,808.9,,,4971,4013473.5,44,,
2026-06-17,LLBS,,926.5,924.2,926.5,,,33,30545.5,3,,
2026-06-17,LSL,,221,208,218,,,437436,95220055.7,212,,
2026-06-17,MABEL,,715,700.2,706.5,,,11208,7933033.9,170,,
2026-06-17,MAKAR,,493,485.1,490,,,3090,1504804.4,43,,
2026-06-17,MANDU,,828,820,821.1,,,1089,897990.4,19,,
2026-06-17,MATRI,,865,861,865,,,100,86140,9,,
2026-06-17,MBJC,,286,280.2,283,,,14178,4008733.9,224,,
2026-06-17,MBL,,250,246.5,248,,,58200,14430114.6,118,,
2026-06-17,MCHL,,342,320,327.1,,,131869,44217195.2,705,,
2026-06-17,MEHL,,369.9,359,359,,,1720,624253,51,,
2026-06-17,MEL,,240,234.5,239.9,,,12944,3064014.4,181,,
2026-06-17,MEN,,599.8,590,594,,,42847,25397213,225,,
2026-06-17,MERO,,719.9,713,719.9,,,2512,1794377.7,32,,
2026-06-17,MFIL,,788,731,766.2,,,25523,19746085,95,,
2026-06-17,MHCL,,348,340.5,344.7,,,2058,709284.2,59,,
2026-06-17,MHL,,502,492.5,501.9,,,8506,4243036,71,,
2026-06-17,MHNL,,260,256,259,,,9316,2394734.2,132,,
2026-06-17,MKCL,,1209,1195,1199,,,2307,2763243.2,44,,
2026-06-17,MKHC,,324.5,316,322.5,,,25056,8078890.3,166,,
2026-06-17,MKHL,,514.9,500.3,509.9,,,23663,12014136.9,154,,
2026-06-17,MKJC,,495.3,485,486,,,5106,2478327.4,46,,
2026-06-17,MLBBL,,1180,1145,1178,,,1141,1317195.2,29,,
2026-06-17,MLBS,,1229,1197,1202,,,160,192688,10,,
2026-06-17,MLBSL,,1787,1740,1769.9,,,996,1745722.8,30,,
2026-06-17,MMKJL,,505,495.2,498,,,720,358219,20,,
2026-06-17,MPFL,,624,600,618.8,,,36424,22334148.5,180,,
2026-06-17,MSHL,,690,662.1,688,,,273,184166.1,17,,
2026-06-17,MSLB,,1240,1221,1223.3,,,755,924528.2,30,,
2026-06-17,NABIL,,535,530.5,532,,,20805,11074754.6,249,,
2026-06-17,NADEP,,750,740.1,743.5,,,744,555051.6,27,,
2026-06-17,NBL,,276.9,256.5,267,,,76859,20758226.8,170,,
2026-06-17,NESDO,,1550,1525.2,1525.2,,,606,930731.2,18,,
2026-06-17,NFS,,623,595,605,,,9748,5962720,86,,
2026-06-17,NGPL,,447,425.5,428.5,,,66331,28368859,238,,
2026-06-17,NHDL,,636,628,632,,,2999,1894487,16,,
2026-06-17,NHPC,,294,278,280,,,136759,38306539.4,405,,
2026-06-17,NICA,,341,320,335,,,63723,21352124.4,235,,
2026-06-17,NICLBSL,,575,565.1,570,,,4831,2751684.8,52,,
2026-06-17,NIFRA,,260.9,256.2,258.6,,,39333,10158527.1,352,,
2026-06-17,NIMB,,205.1,194,195.5,,,98933,19348385.2,317,,
2026-06-17,NLIC,,797,754.5,759,,,20163,15255582.7,170,,
2026-06-17,NLICL,,592,571.2,579,,,13241,7634362.5,66,,
2026-06-17,NLO,,269.4,269.4,269.4,,,0,0,0,,
2026-06-17,NMB,,245,241.1,242.1,,,17486,4244249.8,87,,
2026-06-17,NMBMF,,640,631,640,,,858,545305.4,15,,
2026-06-17,NMFBS,,1139.5,1121,1130,,,1586,1787724.8,39,,
2026-06-17,NMLBBL,,584,577.1,578,,,2806,1625753.6,31,,
2026-06-17,NRIC,,1050,990,996,,,29438,29427995.6,233,,
2026-06-17,NRM,,340,331.1,337,,,14466,4894677.5,133,,
2026-06-17,NRN,,1434,1370,1428,,,149723,211711668.1,1027,,
2026-06-17,NTC,,850,845,848.5,,,4090,3469900.9,114,,
2026-06-17,NUBL,,651.9,637,641.1,,,5656,3636548,49,,
2026-06-17,NWCL,,770,760,769,,,601,461038.5,32,,
2026-06-17,NYADI,,400,391.1,398,,,7886,3120778.3,74,,
2026-06-17,OHL,,692.1,687,692,,,4643,3200704.9,33,,
2026-06-17,OMPL,,1154.9,1135,1149,,,2422,2766542.6,99,,
2026-06-17,PCBL,,239,235,236,,,46650,11028447.4,153,,
2026-06-17,PCIL,,750,737.2,740,,,24500,18188497.1,1300,,
2026-06-17,PFL,,375.1,373,375,,,2520,940855.8,43,,
2026-06-17,PHCL,,324,316.1,318.6,,,34595,11045493,219,,
2026-06-17,PMHPL,,335,330,334,,,5224,1739630.4,39,,
2026-06-17,PMLI,,473.6,460,460.7,,,12603,5820603.8,127,,
2026-06-17,PPCL,,387.2,365,365,,,20753,7719401,91,,
2026-06-17,PPL,,355,330.6,350,,,31646,11142623.6,228,,
2026-06-17,PROFL,,458,444,448,,,4067,1821354,34,,
2026-06-17,PRVU,,195,193,193.2,,,56603,10952016.7,275,,
2026-06-17,PURE,,915,894.1,910,,,3699,3336763.9,85,,
2026-06-17,RADHI,,746,738,742.9,,,37147,27511622.9,95,,
2026-06-17,RAWA,,518,491,494,,,64841,32653597,320,,
2026-06-17,RFPL,,364.9,356.3,361.5,,,10580,3826076.3,115,,
2026-06-17,RHGCL,,286.6,280.2,281.5,,,9171,2581869,81,,
2026-06-17,RHPL,,268,265.6,266.7,,,10867,2898215.7,100,,
2026-06-17,RIDI,,348.6,327,345,,,119134,41204835.5,361,,
2026-06-17,RLEL,,920,895,903.8,,,7163,6477527.8,259,,
2026-06-17,RLFL,,487,455,458.8,,,30160,13893192.1,146,,
2026-06-17,RNLI,,462,458.1,459.6,,,7078,3254975.5,258,,
2026-06-17,RSDC,,675,655,655.1,,,2369,1560535.6,42,,
2026-06-17,RSML,,3605,3230,3399,,,55293,183273413.5,946,,
2026-06-17,RURU,,648,645.3,646,,,11547,7461804.5,31,,
2026-06-17,SAGAR,,1700,1603,1689,,,1938,3260960,75,,
2026-06-17,SAHAS,,679,660,662.6,,,53981,35791449.5,363,,
2026-06-17,SAIL,,1060,1000,1035,,,7939,8227233.4,256,,
2026-06-17,SANIMA,,364.7,359.5,360,,,28139,10167526.3,141,,
2026-06-17,SANVI,,703.4,680,688,,,5000,3443451.5,176,,
2026-06-17,SARBTM,,847.6,823,832,,,5922,4924543.2,47,,
2026-06-17,SBI,,399.8,388,392,,,42784,16701133.2,98,,
2026-06-17,SBL,,399,393.8,394.9,,,62233,24585185.7,167,,
2026-06-17,SCB,,655,647,647,,,7445,4839262.1,73,,
2026-06-17,SGHC,,363,352,359,,,6574,2365785.1,85,,
2026-06-17,SHEL,,311,306.3,308,,,34651,10667228.8,148,,
2026-06-17,SHIVM,,664.8,645.4,645.7,,,168999,109848782.8,611,,
2026-06-17,SHL,,500,492,495.8,,,48298,23885740.3,128,,
2026-06-17,SHLB,,1470,1440.1,1470,,,110,159610,11,,
2026-06-17,SHPC,,509,504,504.4,,,40534,20525301.5,142,,
2026-06-17,SIFC,,561,545.2,555,,,10186,5627631.3,57,,
2026-06-17,SIKLES,,593,580,580,,,12098,7055991.1,99,,
2026-06-17,SIPD,,740,720,728,,,13451,9794916.3,610,,
2026-06-17,SJCL,,289.5,285.1,286.3,,,4919,1411100.5,67,,
2026-06-17,SJLIC,,430,426.4,427.9,,,15377,6583700.7,145,,
2026-06-17,SKBBL,,768,760,761,,,7231,5510665.4,83,,
2026-06-17,SKHEL,,1135,1111.1,1135,,,3008,3377986,157,,
2026-06-17,SKHL,,948,916,940,,,13761,12825336.1,369,,
2026-06-17,SLBBL,,820,810,815,,,3824,3112224.2,57,,
2026-06-17,SLBSL,,1208,1181.1,1208,,,1123,1341279.3,36,,
2026-06-17,SMATA,,768,750,764,,,2949,2239080.5,58,,
2026-06-17,SMB,,1734,1715,1725,,,278,478430,8,,
2026-06-17,SMFBS,,1501.9,1475,1497,,,59,87511.4,5,,
2026-06-17,SMH,,579,562.6,574.5,,,21727,12272892.7,39,,
2026-06-17,SMHL,,499.8,469,492.3,,,23250,11488422.2,171,,
2026-06-17,SMJC,,465,450.5,460,,,25609,11746564.2,158,,
2026-06-17,SMPDA,,874.6,820,838,,,1487,1226923.7,43,,
2026-06-17,SNLI,,449,445.4,446.5,,,9453,4222992.2,217,,
2026-06-17,SOHL,,645,632,639,,,52703,33463674.5,1293,,
2026-06-17,SONA,,455.9,429.4,431,,,22786,9838127.7,274,,
2026-06-17,SOPL,,808.5,724.1,808.5,,,860,693261,86,,
2026-06-17,SPC,,459.9,450.1,450.7,,,6446,2916362.2,68,,
2026-06-17,SPDL,,407,387.2,390,,,25243,9833949.3,89,,
2026-06-17,SPHL,,614.9,585,606,,,25498,15491442,141,,
2026-06-17,SPL,,702.4,665.1,699,,,1637,1129991.5,31,,
2026-06-17,SRLI,,396.7,388.4,390.6,,,7142,2802964,178,,
2026-06-17,SSHL,,214,209.5,209.5,,,48081,10134937.4,206,,
2026-06-17,STC,,5261,5252.1,5261,,,118,620082.2,6,,
2026-06-17,SWASTIK,,2235.2,2200,2235.2,,,414,920492,29,,
2026-06-17,SWBBL,,739,726,735,,,2590,1895434.5,45,,
2026-06-17,SWMF,,660,650,659,,,1290,841700.8,23,,
2026-06-17,SYPNL,,1500,1387.1,1448,,,37448,54619327.1,577,,
2026-06-17,TAMOR,,455,450,452.4,,,10787,4871267.1,117,,
2026-06-17,TPC,,371,363.2,365.3,,,16230,5952213.5,101,,
2026-06-17,TRH,,790,734,773.1,,,2006,1520185,17,,
2026-06-17,TSHL,,582,525,535,,,1531,832224,47,,
2026-06-17,TTL,,810,792,796,,,6061,4844830.4,214,,
2026-06-17,TVCL,,515,486,515,,,12471,6315225.2,74,,
2026-06-17,UHEWA,,650.9,615,642.5,,,94836,60471446.4,363,,
2026-06-17,ULBSL,,2870,2822.1,2853,,,310,880295,16,,
2026-06-17,ULHC,,430,424,428,,,7636,3251818.5,91,,
2026-06-17,UMHL,,593.8,565,585.6,,,52599,30889447.3,179,,
2026-06-17,UMRH,,543.9,535.5,536,,,3470,1865327.9,41,,
2026-06-17,UNHPL,,410,406.5,409,,,18054,7361630.3,101,,
2026-06-17,UNL,,47399.9,47399.9,47399.9,,,0,0,0,,
2026-06-17,UNLB,,1389,1329.1,1368,,,825,1113586,18,,
2026-06-17,UPCL,,380,357,364.8,,,33602,12108802.3,115,,
2026-06-17,UPPER,,209.6,199.1,200,,,62687,12541518.6,384,,
2026-06-17,USHEC,,507.9,501,501.1,,,11411,5735723.5,86,,
2026-06-17,USHL,,600,595,598,,,4027,2404225.4,41,,
2026-06-17,USLB,,1240,1225,1239.6,,,206,254327,7,,
2026-06-17,VLBS,,748,720,735,,,8826,6514455.2,243,,
2026-06-17,VLUCL,,485,475,484,,,3218,1531931.7,49,,
2026-06-18,ACLBSL,,957.9,944.2,957.7,,,350,333469.7,16,,
2026-06-18,ADBL,,312,293,309,,,8649,2662071.8,93,,
2026-06-18,AHL,,479,470.1,477,,,5986,2834572.9,56,,
2026-06-18,AHPC,,274,272,273,,,31535,8600824.9,179,,
2026-06-18,AKJCL,,416.7,380,381,,,829827,319847871.6,1801,,
2026-06-18,AKPL,,269,262.2,265,,,65911,17409223.2,212,,
2026-06-18,ALBSL,,1099.7,1043,1097.8,,,2918,3160620.7,88,,
2026-06-18,ALICL,,448,442,444.1,,,4851,2155337.3,54,,
2026-06-18,ANLB,,6603,5541,6603,,,1107,6402528,43,,
2026-06-18,APHL,,796.6,700,796.6,,,398,312992.4,40,,
2026-06-18,API,,346.7,340.5,342,,,145538,49968356,503,,
2026-06-18,AVYAN,,1073.9,997.5,1049.9,,,801,829404.7,32,,
2026-06-18,BANDIPUR,,819,800,811,,,10416,8463620.1,312,,
2026-06-18,BARUN,,336.9,333,334,,,36220,12099869,169,,
2026-06-18,BBC,,4270,4175,4254,,,348,1468325,24,,
2026-06-18,BEDC,,375,362,365.5,,,67618,24703598.7,284,,
2026-06-18,BFC,,504,483,504,,,24304,11971371.4,186,,
2026-06-18,BGWT,,682.5,594,650.8,,,1555,992580.7,44,,
2026-06-18,BHCL,,547.7,536.1,537,,,17134,9251343.7,245,,
2026-06-18,BHDC,,459.8,451,453.3,,,7932,3615072.7,74,,
2026-06-18,BHL,,219,214.7,215,,,52219,11241912.4,223,,
2026-06-18,BHPL,,554.4,522.2,522.5,,,3138,1643197.5,36,,
2026-06-18,BJHL,,872.4,803,860,,,25262,21422855.6,499,,
2026-06-18,BNHC,,328.9,320.1,325,,,5071,1652100.6,54,,
2026-06-18,BNL,,15133,15133,15133,,,10,151330,1,,
2026-06-18,BNT,,11902.2,11850,11898.9,,,40,475501,4,,
2026-06-18,BPCL,,679,650,671,,,25745,17267993.3,109,,
2026-06-18,BUNGAL,,895,755,888,,,161716,125480106.9,1052,,
2026-06-18,CBBL,,915,910,912.5,,,10266,9359077.8,139,,
2026-06-18,CFCL,,630,611,625.2,,,110155,68552811.1,383,,
2026-06-18,CGH,,793,780,784,,,4916,3838650.7,65,,
2026-06-18,CHCL,,486.9,480.5,484,,,28058,13541718.3,134,,
2026-06-18,CHDC,,2279,2160,2210,,,63957,140852858.4,256,,
2026-06-18,CHL,,285,274,280,,,46976,12967215.5,142,,
2026-06-18,CIT,,1737.9,1730.1,1730.1,,,4742,8216679.6,112,,
2026-06-18,CITY,,462,402.3,413,,,181547,75997213.4,785,,
2026-06-18,CKHL,,652,629.2,642,,,740,476796,24,,
2026-06-18,CLI,,453,451.2,453,,,2482,1122376.9,121,,
2026-06-18,CREST,,1328.1,1238.2,1259.9,,,4356,5444800.1,134,,
2026-06-18,CYCL,,1444.9,1425,1425,,,1588,2276414.2,41,,
2026-06-18,CZBIL,,200.9,197,198,,,14433,2863157.6,108,,
2026-06-18,DDBL,,845,835,835,,,4222,3531864,48,,
2026-06-18,DHEL,,623,613.1,622,,,7590,4698657.3,207,,
2026-06-18,DHPL,,315,294.1,299.9,,,1496,444706.6,25,,
2026-06-18,DLBS,,1420,1230,1256.1,,,485,620896.6,28,,
2026-06-18,DOLTI,,375,362,363,,,79660,29146410.1,405,,
2026-06-18,DORDI,,271,266,266.5,,,5981,1599011.5,58,,
2026-06-18,EBL,,701,695,695.6,,,37630,26247369,173,,
2026-06-18,EHPL,,416.8,390,392.8,,,12645,4965617.9,83,,
2026-06-18,ENL,,878,865,874.6,,,319,278365,12,,
2026-06-18,FMDBL,,778,770.3,776,,,6139,4754065.1,60,,
2026-06-18,FOWAD,,1015,1001,1007,,,2890,2907803.3,53,,
2026-06-18,GBIME,,241,237,240.5,,,92241,22130873.4,297,,
2026-06-18,GBLBS,,776,760.2,772,,,3017,2301568.5,57,,
2026-06-18,GCIL,,390,372,377,,,28614,10853030.5,287,,
2026-06-18,GFCL,,644.7,594.8,633,,,9883,6194566.4,68,,
2026-06-18,GHL,,232.1,229,230,,,42040,9674913.6,129,,
2026-06-18,GILB,,1135,1111,1112.2,,,473,526154.2,18,,
2026-06-18,GLBSL,,1762,1755,1760,,,73,128271.3,11,,
2026-06-18,GLH,,271.9,262.6,264,,,14493,3831214.2,106,,
2026-06-18,GMFBS,,1262,1245,1262,,,28,35030,3,,
2026-06-18,GMFIL,,479.5,468,477,,,9835,4655863.6,72,,
2026-06-18,GMLI,,1278.9,1251.1,1278.9,,,3283,4147555.2,53,,
2026-06-18,GUFL,,555,545,552,,,6265,3438562.8,72,,
2026-06-18,GVL,,489.5,480,484,,,5013,2422475.1,80,,
2026-06-18,HATHY,,769.9,758.1,765,,,3707,2833911.5,78,,
2026-06-18,HBL,,197.9,195.2,196,,,18322,3596770.7,438,,
2026-06-18,HDHPC,,222,217,217.9,,,105932,23154246.1,310,,
2026-06-18,HDL,,1161,1150.3,1152.1,,,15769,18192251.2,230,,
2026-06-18,HFIN,,829.9,811,820,,,25099,20489503.1,762,,
2026-06-18,HHL,,365.8,357.5,357.8,,,17302,6211084.2,106,,
2026-06-18,HIDCL,,261,259.8,260.4,,,28866,7508393.3,179,,
2026-06-18,HIMSTAR,,843.9,827,837.9,,,1649,1371721.2,58,,
2026-06-18,HLBSL,,883.9,855,883.9,,,630,548658,17,,
2026-06-18,HLI,,338,334,335,,,17356,5822940.2,239,,
2026-06-18,HPPL,,373,369,371,,,26816,9930606.2,123,,
2026-06-18,HRL,,635.4,629.5,630.2,,,38234,24141918.8,550,,
2026-06-18,HURJA,,247,244,245,,,29344,7198037.9,141,,
2026-06-18,ICFC,,630,622,626.9,,,3104,1938282.9,31,,
2026-06-18,IHL,,396,393,395.9,,,8810,3471978.7,77,,
2026-06-18,ILBS,,919,901.1,909,,,929,840345,21,,
2026-06-18,ILI,,432,428.9,432,,,5087,2191501.5,177,,
2026-06-18,JBLB,,1289,1260,1263,,,3010,3807924.3,87,,
2026-06-18,JFL,,415,402.5,408.9,,,6150,2487847,60,,
2026-06-18,JHAPA,,1370,1291.3,1308,,,7853,10220318.8,151,,
2026-06-18,JOSHI,,280,276.8,279,,,2705,753169.9,20,,
2026-06-18,JSLBB,,1061.5,1058,1061,,,300,318069.5,7,,
2026-06-18,KBL,,212,209,210.4,,,117096,24631787.7,416,,
2026-06-18,KBSH,,1526,1481.2,1485,,,113,169020.6,10,,
2026-06-18,KDL,,820,806.1,816.1,,,160,130558,16,,
2026-06-18,KHPL,,1028.9,984,1010,,,26798,26728297.6,1342,,
2026-06-18,KKHC,,259,253,253,,,23937,6082503,117,,
2026-06-18,KMCDB,,849.9,830,837,,,1620,1367213.7,34,,
2026-06-18,KPCL,,492.5,483.1,484.5,,,3721,1811735.6,30,,
2026-06-18,LEC,,221,218,219,,,36231,7916795.6,129,,
2026-06-18,LICN,,812,804.1,807,,,7018,5654584.5,52,,
2026-06-18,LLBS,,950,942,950,,,1925,1825746.5,24,,
2026-06-18,LSL,,220.9,216.6,219,,,84752,18417660.3,122,,
2026-06-18,MABEL,,712.7,692.1,706,,,6952,4898334.6,130,,
2026-06-18,MAKAR,,498.9,480.2,488,,,1263,618155.7,25,,
2026-06-18,MANDU,,830,821.2,826.1,,,1625,1344773.5,46,,
2026-06-18,MATRI,,890,860,885,,,122,106230.3,11,,
2026-06-18,MBJC,,286,280.2,282.5,,,12800,3624099.4,198,,
2026-06-18,MBL,,250,247,248,,,15920,3944680,60,,
2026-06-18,MCHL,,343.3,318.2,320,,,8332,2689248.2,80,,
2026-06-18,MEHL,,360.1,355,356.4,,,7141,2548417.3,54,,
2026-06-18,MEL,,240,235,237.9,,,9641,2283922.4,89,,
2026-06-18,MEN,,599,585.6,590,,,36726,21744198,151,,
2026-06-18,MERO,,720,713,713,,,2729,1952045,32,,
2026-06-18,MFIL,,784.9,760,768,,,55136,42471030.4,141,,
2026-06-18,MHCL,,344.2,337.5,344,,,15331,5197146.3,93,,
2026-06-18,MHL,,503.9,492.1,492.1,,,7170,3547117.1,53,,
2026-06-18,MHNL,,262,256.1,258.8,,,5044,1303059.8,47,,
2026-06-18,MKCL,,1200,1180.4,1182,,,1892,2238586.4,51,,
2026-06-18,MKHC,,324.5,315.5,318.5,,,14268,4561565.2,101,,
2026-06-18,MKHL,,520,500,505,,,28999,14592506.5,136,,
2026-06-18,MKJC,,489,480,485,,,4004,1936008.9,40,,
2026-06-18,MLBBL,,1184,1151.2,1170,,,516,598225.6,21,,
2026-06-18,MLBS,,1245,1200,1231,,,312,379119.5,16,,
2026-06-18,MLBSL,,1810,1745,1745,,,635,1113720.7,29,,
2026-06-18,MMKJL,,499.8,488,493,,,880,432748,30,,
2026-06-18,MPFL,,618,610,613,,,6491,3969994.9,53,,
2026-06-18,MSHL,,680,660.7,680,,,452,303772.6,18,,
2026-06-18,MSLB,,1249,1215,1224,,,668,819640,26,,
2026-06-18,NABIL,,539,505.4,532,,,23502,12469846.6,316,,
2026-06-18,NADEP,,750,745,749,,,1671,1250714.5,21,,
2026-06-18,NBL,,271.5,254,265.7,,,29487,7883491.1,134,,
2026-06-18,NESDO,,1537,1502.1,1525,,,1227,1856629.6,38,,
2026-06-18,NFS,,614,595,595,,,12481,7476728.5,81,,
2026-06-18,NGPL,,449.9,421.1,424,,,92554,39290324.2,310,,
2026-06-18,NHDL,,648,632.1,634,,,4794,3050893.5,30,,
2026-06-18,NHPC,,287,280,281,,,229727,64879979.4,520,,
2026-06-18,NICA,,338,333,333.1,,,40859,13663323.1,183,,
2026-06-18,NICLBSL,,573,566,570,,,2794,1586425.4,67,,
2026-06-18,NIFRA,,258,256.1,256.5,,,45354,11653579.8,387,,
2026-06-18,NIMB,,200,193,195.2,,,83902,16338396.6,347,,
2026-06-18,NLIC,,761,750,759,,,24217,18310913.8,160,,
2026-06-18,NLICL,,587.6,574.1,580,,,1706,985482.3,27,,
2026-06-18,NLO,,269.4,269.4,269.4,,,0,0,0,,
2026-06-18,NMB,,243.9,230,242.9,,,26596,6388278.4,120,,
2026-06-18,NMBMF,,638,635,635.3,,,229,145866,6,,
2026-06-18,NMFBS,,1135,1105,1124,,,3395,3806149.9,44,,
2026-06-18,NMLBBL,,580,573,576.8,,,4371,2516022.8,50,,
2026-06-18,NRIC,,1001.3,971,974,,,56050,55057059.9,479,,
2026-06-18,NRM,,344,332,335,,,8074,2722328.9,94,,
2026-06-18,NRN,,1499.4,1392.1,1399,,,50365,70860235.8,372,,
2026-06-18,NTC,,850,848,849,,,6115,5193961.6,119,,
2026-06-18,NUBL,,650,645,645,,,2128,1380806.7,28,,
2026-06-18,NWCL,,780,766,770.3,,,2889,2226389,24,,
2026-06-18,NYADI,,400,393,397,,,2080,823712,47,,
2026-06-18,OHL,,700,693,699.9,,,1593,1112244,8,,
2026-06-18,OMPL,,1149,1100,1133,,,7282,8119179.1,170,,
2026-06-18,PCBL,,238.9,225,236.3,,,18640,4415396.9,84,,
2026-06-18,PCIL,,745,730,740,,,27384,20121102.2,1164,,
2026-06-18,PFL,,375,370,373.9,,,3251,1208479.2,47,,
2026-06-18,PHCL,,319,312,313.1,,,80074,25153684.1,249,,
2026-06-18,PMHPL,,340,331.2,332,,,7475,2496459.5,40,,
2026-06-18,PMLI,,465,460,464,,,5906,2722478.5,112,,
2026-06-18,PPCL,,385.2,365,366,,,5166,1895084.1,43,,
2026-06-18,PPL,,354.5,332.5,347.1,,,12302,4294929.1,106,,
2026-06-18,PROFL,,448,440,446.9,,,3876,1721265,27,,
2026-06-18,PRVU,,195,192.1,193.3,,,53852,10395390.8,264,,
2026-06-18,PURE,,910,891.5,892,,,5520,4935715.7,88,,
2026-06-18,RADHI,,780,730.1,738,,,43219,31699711.7,141,,
2026-06-18,RAWA,,502,477,483,,,67332,32418539.1,320,,
2026-06-18,RFPL,,360.9,358.2,360,,,10267,3691501.3,95,,
2026-06-18,RHGCL,,285.8,280.1,282,,,8412,2363940.9,56,,
2026-06-18,RHPL,,270,265,269.4,,,12451,3336240.5,93,,
2026-06-18,RIDI,,349,342.5,344,,,140339,48246353.6,311,,
2026-06-18,RLEL,,908.9,892,905,,,4634,4163263,246,,
2026-06-18,RLFL,,463,453.2,459.9,,,13939,6380592.3,84,,
2026-06-18,RNLI,,461,457.3,458.7,,,8074,3707402.8,196,,
2026-06-18,RSDC,,663,653.1,660,,,2167,1421259.2,33,,
2026-06-18,RSML,,3579,3320,3350,,,14771,49346632.8,341,,
2026-06-18,RURU,,650,645,645,,,2493,1612434.1,31,,
2026-06-18,SAGAR,,1700,1660.1,1666,,,2941,4902281.5,75,,
2026-06-18,SAHAS,,695,659,664,,,55858,37113304.4,375,,
2026-06-18,SAIL,,1075,1017.1,1023,,,10313,10555476.3,241,,
2026-06-18,SANIMA,,362,358,359.9,,,31367,11256402,147,,
2026-06-18,SANVI,,710,675.1,680.9,,,5585,3801922.8,125,,
2026-06-18,SARBTM,,844,830,832,,,9718,8094666.4,54,,
2026-06-18,SBI,,399,373,393.4,,,88211,34499883.9,70,,
2026-06-18,SBL,,414.6,389.1,394,,,313284,122418852.1,352,,
2026-06-18,SCB,,655,615,648.8,,,6832,4436162.8,60,,
2026-06-18,SGHC,,369.6,352.1,354,,,5061,1803173,73,,
2026-06-18,SHEL,,309.9,306.2,307.8,,,50347,15456555.7,174,,
2026-06-18,SHIVM,,651,640,647.1,,,120221,77751401.5,486,,
2026-06-18,SHL,,497,490,494.8,,,35377,17394748.5,89,,
2026-06-18,SHLB,,1445,1442,1442,,,50,72130,5,,
2026-06-18,SHPC,,509,503,503.8,,,26480,13356772.1,112,,
2026-06-18,SIFC,,555,547.1,553.9,,,8732,4794793.7,61,,
2026-06-18,SIKLES,,586,580,583.9,,,6156,3582936.9,53,,
2026-06-18,SIPD,,747,712.1,720,,,22121,15917006.1,515,,
2026-06-18,SJCL,,289,285.2,285.6,,,2784,796651,56,,
2026-06-18,SJLIC,,430,426,426,,,7485,3201527.3,116,,
2026-06-18,SKBBL,,763,759.1,759.8,,,5116,3887625.3,83,,
2026-06-18,SKHEL,,1168,1085,1118,,,2363,2638707,115,,
2026-06-18,SKHL,,955,926.5,942.5,,,11201,10526203.2,332,,
2026-06-18,SLBBL,,820,810,817.9,,,2540,2067048.5,27,,
2026-06-18,SLBSL,,1210,1184,1195,,,905,1085474,23,,
2026-06-18,SMATA,,769.9,762.1,763,,,891,680310.8,33,,
2026-06-18,SMB,,1775,1713,1751,,,3369,5860248.3,78,,
2026-06-18,SMFBS,,1505,1461.1,1486,,,854,1258972.2,28,,
2026-06-18,SMH,,575,566.3,570,,,3014,1719257.7,36,,
2026-06-18,SMHL,,495,488,492.9,,,22120,10864376.8,141,,
2026-06-18,SMJC,,468,453,454.1,,,14800,6762497.4,79,,
2026-06-18,SMPDA,,838,822.2,822.2,,,1954,1612018.8,47,,
2026-06-18,SNLI,,449,444,444.1,,,26602,11832672.1,244,,
2026-06-18,SOHL,,645,631.4,640.9,,,45198,28825879.2,1241,,
2026-06-18,SONA,,437,428.2,429.3,,,15724,6780868.2,204,,
2026-06-18,SOPL,,929.7,848,929.7,,,1730,1605851,173,,
2026-06-18,SPC,,470,446.5,455,,,1169,532326,40,,
2026-06-18,SPDL,,409.5,386.4,387,,,17351,6734927.6,77,,
2026-06-18,SPHL,,606,582.2,599.7,,,24694,14700617,118,,
2026-06-18,SPL,,712,681,699,,,564,391121,13,,
2026-06-18,SRLI,,393,389.3,390,,,12160,4742149.3,207,,
2026-06-18,SSHL,,212,208,208.5,,,70770,14792571.7,301,,
2026-06-18,STC,,5280,5230.2,5271,,,180,945952.6,14,,
2026-06-18,SWASTIK,,2230,2215,2230,,,311,690953,29,,
2026-06-18,SWBBL,,735,725,734,,,7749,5646025.7,54,,
2026-06-18,SWMF,,658.9,650.1,655,,,1296,846757,27,,
2026-06-18,SYPNL,,1470,1375.6,1440,,,33697,48329900.5,468,,
2026-06-18,TAMOR,,455,449,450.9,,,78701,35632894.5,204,,
2026-06-18,TPC,,371.9,365,365.7,,,7595,2779455,49,,
2026-06-18,TRH,,773.9,770,770,,,658,507321.7,13,,
2026-06-18,TSHL,,529.1,526,529.1,,,80,42213,8,,
2026-06-18,TTL,,800,790.1,794,,,6140,4867619.9,178,,
2026-06-18,TVCL,,540.7,499.6,506,,,12334,6332011.5,47,,
2026-06-18,UHEWA,,660,617.3,635,,,74648,47252016,340,,
2026-06-18,ULBSL,,2850,2800,2838,,,760,2132679.3,25,,
2026-06-18,ULHC,,437.5,422.2,423,,,7715,3279029.9,73,,
2026-06-18,UMHL,,614.7,586,608,,,382108,230581532.8,1338,,
2026-06-18,UMRH,,542.9,533.4,535.1,,,2771,1480116.7,30,,
2026-06-18,UNHPL,,414,403.1,405.8,,,26379,10719393.5,136,,
2026-06-18,UNL,,47399.9,47399.9,47399.9,,,0,0,0,,
2026-06-18,UNLB,,1368.8,1331.1,1368.8,,,166,223629,13,,
2026-06-18,UPCL,,361.8,360,360.1,,,20151,7259482.9,96,,
2026-06-18,UPPER,,210,199.3,199.7,,,56890,11380654.8,320,,
2026-06-18,USHEC,,506.9,493,496.5,,,9320,4655251,62,,
2026-06-18,USHL,,600,590.2,594,,,3250,1932770.2,44,,
2026-06-18,USLB,,1249,1223.1,1249,,,551,677856.5,14,,
2026-06-18,VLBS,,738,730,732,,,2365,1731628.1,94,,
2026-06-18,VLUCL,,478,470,477,,,2192,1044830,41,,
2026-06-19,ACLBSL,,960,938,950.6,,,688,654403.1,22,,
2026-06-19,ADBL,,309.9,307.2,309,,,9697,2987368.8,95,,
2026-06-19,AHL,,477.6,454,470,,,3325,1567242.7,57,,
2026-06-19,AHPC,,275,271.2,272.5,,,29888,8131757.6,188,,
2026-06-19,AKJCL,,386,376.8,377.3,,,514715,195273153,1029,,
2026-06-19,AKPL,,267.9,260.1,263.2,,,27451,7236466,133,,
2026-06-19,ALBSL,,1101.8,1070,1097.9,,,15624,17022521.3,79,,
2026-06-19,ALICL,,447.5,442,444,,,6231,2766515,56,,
2026-06-19,ANLB,,6933,5806,5929,,,913,5422453.8,54,,
2026-06-19,APHL,,916,836,916,,,1380,1262412,138,,
2026-06-19,API,,344.7,340.6,343,,,185863,63647117.7,383,,
2026-06-19,AVYAN,,1050,997.5,1043.1,,,1685,1755489.5,31,,
2026-06-19,BANDIPUR,,819,807.9,810.5,,,15587,12624230,373,,
2026-06-19,BARUN,,336.2,332,333.9,,,14469,4821083.1,106,,
2026-06-19,BBC,,4300,4181,4285,,,496,2098780.4,35,,
2026-06-19,BEDC,,364,357.5,360,,,54811,19723689,220,,
2026-06-19,BFC,,508,496,499,,,26338,13200597.3,169,,
2026-06-19,BGWT,,650,635.1,648.7,,,4132,2635296.6,55,,
2026-06-19,BHCL,,556,510.2,547.6,,,32379,17731314.4,426,,
2026-06-19,BHDC,,457,450.4,454,,,8107,3677631.5,84,,
2026-06-19,BHL,,216.9,214,214.7,,,44369,9527182.2,230,,
2026-06-19,BHPL,,548.6,515.1,523.9,,,3692,1922752.3,58,,
2026-06-19,BJHL,,894,844.2,887,,,21008,18320428.2,405,,
2026-06-19,BNHC,,327,321.4,325.7,,,437,141556.8,28,,
2026-06-19,BNL,,15200,14679.1,15200,,,20,298791,2,,
2026-06-19,BNT,,11899.9,11700,11899.9,,,57,671919,6,,
2026-06-19,BPCL,,704.5,667.1,670,,,10718,7181438.1,80,,
2026-06-19,BUNGAL,,843.6,754.8,777.4,,,148991,113992598.4,1193,,
2026-06-19,CBBL,,913,910,912.5,,,11568,10548983.4,113,,
2026-06-19,CFCL,,639.7,594,629.9,,,128671,80944962.2,378,,
2026-06-19,CGH,,786,780,781,,,9319,7276888.4,76,,
2026-06-19,CHCL,,508.2,481,487,,,26489,12853126.3,127,,
2026-06-19,CHDC,,2259.9,2210,2237.9,,,1792,3985592.6,82,,
2026-06-19,CHL,,280,272,278,,,7347,2029098.6,55,,
2026-06-19,CIT,,1735,1728.1,1729,,,4848,8387920.8,140,,
2026-06-19,CITY,,433.6,404.5,413.5,,,201704,83477526.2,715,,
2026-06-19,CKHL,,642,625,642,,,729,457341,18,,
2026-06-19,CLI,,455,450.2,452,,,13767,6236815.6,190,,
2026-06-19,CREST,,1297,1240,1258,,,6659,8289540,159,,
2026-06-19,CYCL,,1435,1390.2,1429.6,,,813,1154669.4,23,,
2026-06-19,CZBIL,,200,196.7,198,,,22883,4516970.4,125,,
2026-06-19,DDBL,,840,835,836,,,6612,5534909.1,59,,
2026-06-19,DHEL,,638,609,612,,,10475,6416830.4,215,,
2026-06-19,DHPL,,307,292.3,299,,,2177,640879,28,,
2026-06-19,DLBS,,1288,1240,1255.6,,,130,164389,8,,
2026-06-19,DOLTI,,365.9,355.3,364.9,,,53718,19443568.5,257,,
2026-06-19,DORDI,,271,266,267,,,7442,1988285.8,108,,
2026-06-19,EBL,,699.5,670,695,,,51877,36113318.5,212,,
2026-06-19,EHPL,,398.9,387.3,391,,,4269,1667168.1,60,,
2026-06-19,ENL,,873.6,860,873.6,,,315,272439.5,14,,
2026-06-19,FMDBL,,785,771.5,776.5,,,5745,4462984.9,58,,
2026-06-19,FOWAD,,1015,1000,1010,,,1443,1449961,34,,
2026-06-19,GBIME,,240.1,239,240,,,60695,14552225.2,243,,
2026-06-19,GBLBS,,775.9,761.1,771.5,,,825,630561,29,,
2026-06-19,GCIL,,379,374,375,,,15008,5640055.5,258,,
2026-06-19,GFCL,,641,630,631,,,7559,4790318.5,52,,
2026-06-19,GHL,,232.8,229,229.1,,,15028,3454211.5,76,,
2026-06-19,GILB,,1124,1100.1,1124,,,1055,1164588.3,25,,
2026-06-19,GLBSL,,1850,1760,1840,,,4266,7819985,110,,
2026-06-19,GLH,,264,261.3,262.3,,,12924,3390833.8,93,,
2026-06-19,GMFBS,,1268.9,1246.2,1250,,,332,417071,14,,
2026-06-19,GMFIL,,483.5,471.2,479.8,,,16506,7900577.8,103,,
2026-06-19,GMLI,,1290,1251,1286,,,1406,1783154.8,53,,
2026-06-19,GUFL,,564.9,555,555,,,8383,4679744.6,48,,
2026-06-19,GVL,,488,480,483.5,,,12913,6212238.9,111,,
2026-06-19,HATHY,,774.9,760.1,763,,,2955,2256043.6,52,,
2026-06-19,HBL,,198,196,196,,,17160,3367254.6,529,,
2026-06-19,HDHPC,,220,216.4,217.2,,,100976,21940274,302,,
2026-06-19,HDL,,1155,1150.1,1151,,,15403,17746131.9,234,,
2026-06-19,HFIN,,824,805,815.3,,,19548,15988931.9,670,,
2026-06-19,HHL,,367,351.6,352.8,,,23024,8156433.9,157,,
2026-06-19,HIDCL,,263,258.5,260.5,,,40945,10669779.4,213,,
2026-06-19,HIMSTAR,,839,822.1,833.8,,,1771,1462756.6,63,,
2026-06-19,HLBSL,,895,860.1,895,,,1409,1251351.5,39,,
2026-06-19,HLI,,338,334,336,,,24461,8200263,263,,
2026-06-19,HPPL,,373,366,367,,,15080,5564824,93,,
2026-06-19,HRL,,644,628,630,,,51618,32504106.1,583,,
2026-06-19,HURJA,,245.1,241.2,243,,,40313,9795918.3,161,,
2026-06-19,ICFC,,627,621.2,623,,,3285,2046276.2,32,,
2026-06-19,IHL,,395,391.2,392,,,8372,3285921.6,69,,
2026-06-19,ILBS,,920,893,915,,,927,841273.6,22,,
2026-06-19,ILI,,433,430,432.8,,,8516,3669831.4,175,,
2026-06-19,JBLB,,1285,1260.5,1265,,,2741,3468498.6,96,,
2026-06-19,JFL,,413.7,390,405.2,,,5665,2304513.5,55,,
2026-06-19,JHAPA,,1339,1300,1300.7,,,9426,12380853.4,129,,
2026-06-19,JOSHI,,281,273,277,,,12831,3545297.8,72,,
2026-06-19,JSLBB,,1067,1029.2,1067,,,1451,1515086.6,24,,
2026-06-19,KBL,,213,210,212,,,115955,24533189.5,363,,
2026-06-19,KBSH,,1525,1455,1460.5,,,210,307831.3,13,,
2026-06-19,KDL,,816.2,807,814,,,1310,1063028.4,43,,
2026-06-19,KHPL,,1009,986.4,998,,,15157,15121175.4,770,,
2026-06-19,KKHC,,258.5,250.2,252.8,,,24985,6292915.6,177,,
2026-06-19,KMCDB,,843,826.3,830,,,1507,1248110.7,34,,
2026-06-19,KPCL,,492,486.1,486.1,,,7172,3503250.5,51,,
2026-06-19,LEC,,220,217.7,218.5,,,56091,12244115.8,173,,
2026-06-19,LICN,,872,806.4,809.9,,,16666,13775778.2,101,,
2026-06-19,LLBS,,953,950,950,,,150,142830,5,,
2026-06-19,LSL,,220,216.9,218,,,64574,14134576.5,156,,
2026-06-19,MABEL,,712.5,703,711.9,,,18113,12806077.2,229,,
2026-06-19,MAKAR,,488,482.1,488,,,895,432827,21,,
2026-06-19,MANDU,,832,826.1,830,,,800,664106,31,,
2026-06-19,MATRI,,875,865,875,,,572,495219.8,22,,
2026-06-19,MBJC,,284.5,280.1,282,,,17914,5041774,211,,
2026-06-19,MBL,,248,245,247.5,,,52168,12842421.8,144,,
2026-06-19,MCHL,,323.8,315.2,318,,,8160,2587258.7,53,,
2026-06-19,MEHL,,365,356.4,358,,,2271,813646.2,44,,
2026-06-19,MEL,,240,230,235,,,9993,2335078.4,121,,
2026-06-19,MEN,,595.1,585,585.5,,,59654,35150410.2,241,,
2026-06-19,MERO,,720,707.1,719.9,,,2890,2061905.7,32,,
2026-06-19,MFIL,,790.9,730,777,,,19001,14635369.4,119,,
2026-06-19,MHCL,,349.5,340,343,,,3802,1313684.5,73,,
2026-06-19,MHL,,498,492.2,493.5,,,2482,1226979,37,,
2026-06-19,MHNL,,259,245.9,257,,,9338,2378427.3,60,,
2026-06-19,MKCL,,1195,1150,1150,,,3946,4589292.8,97,,
2026-06-19,MKHC,,321,315.3,315.5,,,7735,2448309.2,96,,
2026-06-19,MKHL,,507,500,507,,,7999,4022468.5,74,,
2026-06-19,MKJC,,495,482.5,484.6,,,2421,1172175.6,19,,
2026-06-19,MLBBL,,1170,1155,1169,,,787,915313,16,,
2026-06-19,MLBS,,1230,1200,1228.9,,,785,943641,17,,
2026-06-19,MLBSL,,1795,1741,1764,,,353,618043,17,,
2026-06-19,MMKJL,,517.6,484,494.8,,,3923,1934174.3,41,,
2026-06-19,MPFL,,620,610,612,,,10824,6643467.5,76,,
2026-06-19,MSHL,,680,666,679.9,,,121,81137.2,8,,
2026-06-19,MSLB,,1234,1200,1234,,,241,291997,13,,
2026-06-19,NABIL,,536,530.1,531,,,37753,20094151.9,297,,
2026-06-19,NADEP,,756,746.3,755,,,715,538785,16,,
2026-06-19,NBL,,268,263.3,265.3,,,37753,10012521.2,132,,
2026-06-19,NESDO,,1560,1515,1525,,,331,505702.4,19,,
2026-06-19,NFS,,630,596,604,,,13730,8358225,112,,
2026-06-19,NGPL,,445,422,423.1,,,48788,20705958.9,204,,
2026-06-19,NHDL,,640,632,636.5,,,6528,4149652,30,,
2026-06-19,NHPC,,295,280,280.3,,,225907,63512892.5,444,,
2026-06-19,NICA,,349.7,332,337.8,,,70436,23539906.8,193,,
2026-06-19,NICLBSL,,573,565.1,570,,,1705,973961,38,,
2026-06-19,NIFRA,,258,256,257,,,37117,9517906.8,361,,
2026-06-19,NIMB,,204.9,193.6,195.7,,,71455,13916712.7,301,,
2026-06-19,NLIC,,796.9,750,759,,,14613,11061357.5,114,,
2026-06-19,NLICL,,584,576.2,583,,,9424,5463878.3,46,,
2026-06-19,NLO,,269.4,269.4,269.4,,,0,0,0,,
2026-06-19,NMB,,245,240.3,241.2,,,18075,4376802.7,108,,
2026-06-19,NMBMF,,643.9,626.1,642,,,2313,1454718.2,31,,
2026-06-19,NMFBS,,1125,1110.3,1120.1,,,9102,10231341.9,52,,
2026-06-19,NMLBBL,,605,566,576,,,6002,3445287.1,68,,
2026-06-19,NRIC,,984.9,957.1,968,,,38289,37082921.1,423,,
2026-06-19,NRM,,338,331.3,331.6,,,17517,5832424.7,157,,
2026-06-19,NRN,,1410,1383,1404,,,51874,72374345.4,274,,
2026-06-19,NTC,,851.4,848,849,,,6752,5735729.8,153,,
2026-06-19,NUBL,,646.1,645,646,,,996,642654.4,14,,
2026-06-19,NWCL,,798.1,735,768.4,,,1360,1040600.3,27,,
2026-06-19,NYADI,,399.9,385.2,395,,,6016,2357138.2,80,,
2026-06-19,OHL,,700.9,686,687.8,,,983,677196.8,20,,
2026-06-19,OMPL,,1144.2,1105,1114,,,4000,4450389.2,129,,
2026-06-19,PCBL,,237.9,233.8,235.5,,,52013,12244466.8,150,,
2026-06-19,PCIL,,739,718.1,719,,,34513,25064429.5,1370,,
2026-06-19,PFL,,377,365.3,370,,,7118,2622609.6,71,,
2026-06-19,PHCL,,317,310.1,310.2,,,73933,23077088.5,265,,
2026-06-19,PMHPL,,338,331,335,,,6140,2036367.4,55,,
2026-06-19,PMLI,,484,456,479.8,,,6948,3265195.6,148,,
2026-06-19,PPCL,,384.3,364,366.9,,,6890,2514026.4,44,,
2026-06-19,PPL,,357,329.8,348,,,21424,7382615.3,120,,
2026-06-19,PROFL,,469.2,443,450,,,8507,3806768.8,56,,
2026-06-19,PRVU,,194,192.5,193.7,,,48358,9343011,243,,
2026-06-19,PURE,,903,885,889,,,3138,2793337.9,84,,
2026-06-19,RADHI,,745,728,745,,,17332,12795073.8,85,,
2026-06-19,RAWA,,489.7,459,484,,,113928,54838235.7,362,,
2026-06-19,RFPL,,364,355.3,355.3,,,28876,10322842,171,,
2026-06-19,RHGCL,,283,278,278.1,,,17622,4919037.1,90,,
2026-06-19,RHPL,,272.5,266.4,268.1,,,9138,2467198.2,86,,
2026-06-19,RIDI,,346,340,343.2,,,106890,36573942.5,320,,
2026-06-19,RLEL,,915,894.7,910,,,6632,6009545.2,237,,
2026-06-19,RLFL,,490.8,437,490.8,,,113279,54618105,610,,
2026-06-19,RNLI,,460,455.3,459,,,17620,8051483.5,242,,
2026-06-19,RSDC,,670,655.3,658,,,811,533736.4,12,,
2026-06-19,RSML,,3517,3251,3350,,,13837,45992452.8,352,,
2026-06-19,RURU,,650,641,646.5,,,6811,4404260.6,27,,
2026-06-19,SAGAR,,1666,1650,1660,,,3819,6334513.7,93,,
2026-06-19,SAHAS,,697.2,661,662.6,,,52464,34823527.7,336,,
2026-06-19,SAIL,,1039,1000.1,1014.6,,,20056,20275475,372,,
2026-06-19,SANIMA,,377.8,355.1,359,,,72922,26062331.8,166,,
2026-06-19,SANVI,,687.5,673,680,,,6571,4457552.5,136,,
2026-06-19,SARBTM,,835,831,831,,,4118,3423003.1,23,,
2026-06-19,SBI,,394.8,387,394,,,12502,4891608.5,57,,
2026-06-19,SBL,,395,390,394,,,51314,20178697.1,144,,
2026-06-19,SCB,,650,646.1,649.1,,,12222,7935525.8,75,,
2026-06-19,SGHC,,360,350.3,357,,,5659,1992529.9,63,,
2026-06-19,SHEL,,308,304.9,306.4,,,86057,26278750.7,194,,
2026-06-19,SHIVM,,653,643.5,644.2,,,98640,63781792.9,428,,
2026-06-19,SHL,,498,490.1,494,,,13969,6878512.9,37,,
2026-06-19,SHLB,,1479,1420,1460,,,690,1002031,22,,
2026-06-19,SHPC,,508,503,508,,,34672,17478212.9,110,,
2026-06-19,SIFC,,560,546.3,559,,,10540,5827670.8,62,,
2026-06-19,SIKLES,,584.2,567,570,,,28726,16451959.8,212,,
2026-06-19,SIPD,,729.9,711,728,,,13271,9535865,667,,
2026-06-19,SJCL,,287,284.5,284.5,,,8140,2324949,80,,
2026-06-19,SJLIC,,427,424,425.5,,,13506,5737559.8,145,,
2026-06-19,SKBBL,,760.9,758,760,,,20661,15696110.4,77,,
2026-06-19,SKHEL,,1130,1100,1129,,,4448,4974234.4,146,,
2026-06-19,SKHL,,956,931,955,,,32681,30890657.6,575,,
2026-06-19,SLBBL,,820,810.5,819.9,,,6998,5727167.4,45,,
2026-06-19,SLBSL,,1228,1175,1228,,,2770,3344997,48,,
2026-06-19,SMATA,,766.9,757,760,,,2310,1763938.2,50,,
2026-06-19,SMB,,1930,1750,1910,,,17489,32605809.9,420,,
2026-06-19,SMFBS,,1496,1445,1489,,,891,1304345.3,19,,
2026-06-19,SMH,,577,565,571.5,,,2812,1603106,28,,
2026-06-19,SMHL,,496.8,485.2,486,,,13804,6734977,109,,
2026-06-19,SMJC,,455,451,452,,,6306,2849440.9,91,,
2026-06-19,SMPDA,,838,801,814.9,,,3798,3082996.2,55,,
2026-06-19,SNLI,,449.9,442.1,443.8,,,13935,6184784,229,,
2026-06-19,SOHL,,661.2,609,655.3,,,133448,87133670.8,1952,,
2026-06-19,SONA,,436.9,427,429.9,,,15493,6645295.5,212,,
2026-06-19,SOPL,,1069.1,950,1060,,,190900,201367627.5,18907,,
2026-06-19,SPC,,464,451,452.3,,,1047,473771.7,23,,
2026-06-19,SPDL,,390,385,389,,,11285,4359163.6,58,,
2026-06-19,SPHL,,602.5,571,599.8,,,18271,10808243.7,102,,
2026-06-19,SPL,,712,692,693.9,,,934,650242.6,12,,
2026-06-19,SRLI,,390.8,388.3,390,,,9109,3547493.5,131,,
2026-06-19,SSHL,,212,206,206,,,99303,20608338.9,355,,
2026-06-19,STC,,5325,5271,5325,,,250,1326958,14,,
2026-06-19,SWASTIK,,2359.9,2210,2277.2,,,715,1631823,53,,
2026-06-19,SWBBL,,770.7,728.2,740,,,2331,1707644.4,34,,
2026-06-19,SWMF,,659,651,651.6,,,1392,909508.9,31,,
2026-06-19,SYPNL,,1465,1368,1444,,,40340,57409058.1,538,,
2026-06-19,TAMOR,,458,445,452.9,,,51252,23077456.6,207,,
2026-06-19,TPC,,369.6,365,366,,,15736,5761574.7,70,,
2026-06-19,TRH,,788,764.4,765.7,,,2216,1702299.6,12,,
2026-06-19,TSHL,,529,528,528.1,,,1368,723048.1,22,,
2026-06-19,TTL,,798,788,795,,,9608,7603330,246,,
2026-06-19,TVCL,,505,485,492,,,6867,3368836,39,,
2026-06-19,UHEWA,,647.9,625,645,,,99560,63620436.7,381,,
2026-06-19,ULBSL,,2870,2820,2836,,,253,718018.5,15,,
2026-06-19,ULHC,,429.5,415,420.9,,,7644,3205653,78,,
2026-06-19,UMHL,,620,602,618.5,,,233033,142952703.4,931,,
2026-06-19,UMRH,,541,535,539,,,3215,1732101.4,28,,
2026-06-19,UNHPL,,411,400,405.2,,,13476,5463630.1,85,,
2026-06-19,UNL,,47399.9,47399.9,47399.9,,,2,94798,1,,
2026-06-19,UNLB,,1370,1330.1,1369,,,185,251570,10,,
2026-06-19,UPCL,,363,342.1,363,,,22351,8020689.2,121,,
2026-06-19,UPPER,,202,198,199.2,,,54529,10886006.4,298,,
2026-06-19,USHEC,,498,495,498,,,7515,3727740.5,75,,
2026-06-19,USHL,,599,572.7,593,,,3023,1763378.4,54,,
2026-06-19,USLB,,1259.9,1227,1259.8,,,1061,1321796.5,34,,
2026-06-19,VLBS,,732,715.1,724,,,2610,1893212.8,118,,
2026-06-19,VLUCL,,482.8,472,482,,,3837,1817111.9,56,,
2026-06-22,ACLBSL,,970,952,964.9,,,712,685787.1,36,,
2026-06-22,ADBL,,316,305.1,307.9,,,40052,12339652.2,142,,
2026-06-22,AHL,,484,470.1,475,,,24030,11401253.8,96,,
2026-06-22,AHPC,,278,271.3,271.5,,,29501,8035533.8,172,,
2026-06-22,AKJCL,,396.1,376,380.2,,,450266,173222612.7,801,,
2026-06-22,AKPL,,265,260.6,261.5,,,77065,20165411.1,282,,
2026-06-22,ALBSL,,1097.8,1075,1095.9,,,3163,3421986.8,58,,
2026-06-22,ALICL,,449.8,442,445,,,5297,2351447.9,45,,
2026-06-22,ANLB,,5910,5780,5900,,,172,1004907,15,,
2026-06-22,APHL,,1053.4,870.1,964.2,,,81620,77370648,8104,,
2026-06-22,API,,348,340.7,341.5,,,77278,26448953.7,352,,
2026-06-22,AVYAN,,1072,1044,1070,,,2230,2382110,73,,
2026-06-22,BANDIPUR,,814.9,807,807,,,15196,12308779,497,,
2026-06-22,BARUN,,338.8,331.9,333.6,,,19940,6644992.3,131,,
2026-06-22,BBC,,4349,4191.1,4325,,,694,2983695,46,,
2026-06-22,BEDC,,365,357,361.9,,,25876,9358600.5,187,,
2026-06-22,BFC,,521,474.1,518,,,107252,55369818.6,587,,
2026-06-22,BGWT,,665,626.2,635,,,919,584892.5,33,,
2026-06-22,BHCL,,556,538,540,,,47153,25807582.9,396,,
2026-06-22,BHDC,,459,450.2,450.2,,,16721,7607425.3,103,,
2026-06-22,BHL,,217,214,214.3,,,70379,15126265.9,320,,
2026-06-22,BHPL,,530,515,530,,,6221,3256218.8,66,,
2026-06-22,BJHL,,893,838,860,,,8671,7449844.8,265,,
2026-06-22,BNHC,,326.9,320.1,326.9,,,2153,692255,47,,
2026-06-22,BNL,,15200,15200,15200,,,30,456000,1,,
2026-06-22,BNT,,11800,11800,11800,,,10,118000,1,,
2026-06-22,BPCL,,684.9,666.3,671,,,9452,6354678.4,51,,
2026-06-22,BUNGAL,,810,722,810,,,123995,94904730,682,,
2026-06-22,CBBL,,917.5,912,916,,,15609,14269065.3,159,,
2026-06-22,CFCL,,645,598.5,630,,,159138,100745789.6,447,,
2026-06-22,CGH,,795,779,780,,,12020,9393873.2,89,,
2026-06-22,CHCL,,500,485,486,,,13823,6731348.9,122,,
2026-06-22,CHDC,,2255,2225.2,2236,,,7802,17481014.1,104,,
2026-06-22,CHL,,291.8,274,278,,,17990,4960599.2,92,,
2026-06-22,CIT,,1730,1721.1,1722,,,5813,10030680.2,190,,
2026-06-22,CITY,,424,402,403.9,,,128241,52151906.7,608,,
2026-06-22,CKHL,,645,622,645,,,215,135059,17,,
2026-06-22,CLI,,453.5,450,450.2,,,13646,6159790.2,244,,
2026-06-22,CREST,,1288,1229,1248,,,8369,10390400.3,146,,
2026-06-22,CYCL,,1484.9,1400,1484.9,,,3473,5077757.4,111,,
2026-06-22,CZBIL,,200.9,197,199,,,21511,4266792.9,124,,
2026-06-22,DDBL,,842,835,842,,,6869,5758042.9,73,,
2026-06-22,DHEL,,628.5,605,615,,,6364,3912309.4,256,,
2026-06-22,DHPL,,299.9,292,294,,,3750,1099187,29,,
2026-06-22,DLBS,,1260,1255,1260,,,179,225036.6,16,,
2026-06-22,DOLTI,,374.5,346.7,365,,,41167,15125407.1,268,,
2026-06-22,DORDI,,269,264,264.5,,,22832,6057346.7,159,,
2026-06-22,EBL,,729.7,694,697,,,48925,34151096.8,240,,
2026-06-22,EHPL,,398.9,384,385,,,21374,8246492.9,105,,
2026-06-22,ENL,,870,858,869,,,629,543301.4,15,,
2026-06-22,FMDBL,,780.8,769,778,,,5081,3934574,60,,
2026-06-22,FOWAD,,1020,1000,1007.5,,,1549,1570291.5,23,,
2026-06-22,GBIME,,240.8,238,239,,,110533,26448148.7,284,,
2026-06-22,GBLBS,,778,733.4,771,,,1351,1044899.5,36,,
2026-06-22,GCIL,,379,358.2,372,,,17137,6401800.2,213,,
2026-06-22,GFCL,,650,628,643,,,9361,6006152.2,54,,
2026-06-22,GHL,,232,229,229,,,19227,4422773.1,119,,
2026-06-22,GILB,,1130,1113,1129.9,,,5078,5666108,20,,
2026-06-22,GLBSL,,1929.9,1840,1858.1,,,1650,3103335.9,45,,
2026-06-22,GLH,,275,261,262,,,13379,3501240.9,113,,
2026-06-22,GMFBS,,1287.5,1252,1265,,,342,435490,13,,
2026-06-22,GMFIL,,486.9,479.6,481,,,17445,8417624.4,91,,
2026-06-22,GMLI,,1267,1199,1246.9,,,5889,7247193.3,156,,
2026-06-22,GUFL,,567.9,550.1,550.1,,,9519,5331572.5,70,,
2026-06-22,GVL,,489,480.2,483.1,,,6993,3385900.5,115,,
2026-06-22,HATHY,,760,753,756,,,4939,3735205.8,120,,
2026-06-22,HBL,,200,186.2,195.5,,,34276,6701888.4,875,,
2026-06-22,HDHPC,,220,215.3,216.3,,,127934,27735288.5,335,,
2026-06-22,HDL,,1156,1150.1,1150.5,,,16820,19372969.6,270,,
2026-06-22,HFIN,,835,805,815,,,25638,20906148.8,1018,,
2026-06-22,HHL,,361.5,350.1,357,,,31471,11159103,125,,
2026-06-22,HIDCL,,262.2,259,260,,,27460,7145709.1,205,,
2026-06-22,HIMSTAR,,840,818,818.3,,,2189,1802911.6,103,,
2026-06-22,HLBSL,,895,870,894.5,,,224,197413.8,15,,
2026-06-22,HLI,,340.7,319.2,335,,,14024,4710008.4,270,,
2026-06-22,HPPL,,370,365,369,,,19508,7154727.4,107,,
2026-06-22,HRL,,661,621.1,622,,,63187,39462911.5,803,,
2026-06-22,HURJA,,246,242,243,,,23429,5698886.7,114,,
2026-06-22,ICFC,,628,620,621.5,,,9895,6176522.99,49,,
2026-06-22,IHL,,392,387,389,,,8069,3144529.3,78,,
2026-06-22,ILBS,,919.8,900,919.8,,,1898,1727338,28,,
2026-06-22,ILI,,434,430,430,,,9432,4058239.5,272,,
2026-06-22,JBLB,,1285,1265,1271,,,3762,4781695.6,110,,
2026-06-22,JFL,,415,405,409.7,,,6532,2671272.5,60,,
2026-06-22,JHAPA,,1328.9,1295.1,1305,,,22415,29185266.3,185,,
2026-06-22,JOSHI,,280,270.1,272.9,,,18451,5034629.4,136,,
2026-06-22,JSLBB,,1099,1041.1,1050.1,,,308,328264.8,8,,
2026-06-22,KBL,,212.9,210,211.3,,,92720,19633332.3,308,,
2026-06-22,KBSH,,1465,1455.1,1460,,,132,192532,11,,
2026-06-22,KDL,,830.5,809,820,,,2555,2077529.8,66,,
2026-06-22,KHPL,,1014,968.2,985.7,,,22983,22697385.3,1077,,
2026-06-22,KKHC,,256,249,250,,,22518,5640444.9,147,,
2026-06-22,KMCDB,,854,789,844.9,,,2288,1915492,52,,
2026-06-22,KPCL,,490,480,486,,,10166,4911449.6,92,,
2026-06-22,LEC,,221,216,218,,,48824,10666523.8,181,,
2026-06-22,LICN,,820,805.1,805.1,,,5140,4149006.1,45,,
2026-06-22,LLBS,,959.9,932,955,,,1120,1060726.3,21,,
2026-06-22,LSL,,220,216.6,219,,,37030,8081465.5,112,,
2026-06-22,MABEL,,711.9,696.1,698,,,5897,4122883.3,158,,
2026-06-22,MAKAR,,517,483.5,490,,,2960,1440765.6,60,,
2026-06-22,MANDU,,871.3,821,827,,,1429,1191140.2,34,,
2026-06-22,MATRI,,882.7,855,882.7,,,302,261217,17,,
2026-06-22,MBJC,,284,280.6,282,,,14135,3975617.2,228,,
2026-06-22,MBL,,251,246,247,,,54486,13460502.1,101,,
2026-06-22,MCHL,,317,310.1,310.7,,,13624,4253896.7,124,,
2026-06-22,MEHL,,359,349.1,359,,,1387,492051.3,66,,
2026-06-22,MEL,,236.7,230,232.7,,,1141,266040.7,87,,
2026-06-22,MEN,,592.9,586,589.7,,,34148,20113777,187,,
2026-06-22,MERO,,725,710,724,,,2121,1525559.6,22,,
2026-06-22,MFIL,,887,740,813.7,,,103834,82488534.3,361,,
2026-06-22,MHCL,,345,338,344,,,2788,951144.5,67,,
2026-06-22,MHL,,502.7,492.2,494.5,,,886,436760.4,26,,
2026-06-22,MHNL,,263.9,255,257,,,7557,1966266.6,40,,
2026-06-22,MKCL,,1207.5,1149,1151,,,1125,1300759.2,41,,
2026-06-22,MKHC,,320,314,314.9,,,6603,2078991.1,83,,
2026-06-22,MKHL,,508,500,503,,,4168,2092774.6,64,,
2026-06-22,MKJC,,489.2,460.4,481.5,,,1780,857752.5,34,,
2026-06-22,MLBBL,,1195,1160,1179,,,836,988503.6,22,,
2026-06-22,MLBS,,1235,1201.1,1232.9,,,455,557784,13,,
2026-06-22,MLBSL,,1794,1741.2,1794,,,583,1018431.6,23,,
2026-06-22,MMKJL,,499.9,485.1,499.9,,,1545,758373.5,46,,
2026-06-22,MPFL,,625,600,610,,,8788,5383329,69,,
2026-06-22,MSHL,,678,660,677.9,,,663,439243.5,21,,
2026-06-22,MSLB,,1289,1215,1268,,,3774,4759692.3,75,,
2026-06-22,NABIL,,535,527,531,,,34257,18191182.7,359,,
2026-06-22,NADEP,,765,736,747.6,,,473,355897.9,15,,
2026-06-22,NBL,,269,265.3,266.3,,,101867,27160857.5,157,,
2026-06-22,NESDO,,1575.9,1525,1575,,,4910,7618160.1,70,,
2026-06-22,NFS,,620,604,607,,,4529,2750484.8,52,,
2026-06-22,NGPL,,429,422.5,423,,,104124,44139591.7,226,,
2026-06-22,NHDL,,642,632.1,640,,,2430,1547815.5,17,,
2026-06-22,NHPC,,284,278.4,279.3,,,195439,54829638.1,478,,
2026-06-22,NICA,,338,333.1,334.9,,,42306,14159334.9,175,,
2026-06-22,NICLBSL,,575,565,573.1,,,3964,2261254.3,102,,
2026-06-22,NIFRA,,259,255.1,255.1,,,48315,12379554.4,444,,
2026-06-22,NIMB,,205.4,194,195,,,58568,11405393.7,330,,
2026-06-22,NLIC,,774,754,758,,,16370,12386138.1,186,,
2026-06-22,NLICL,,586,580,580,,,16773,9759754.3,62,,
2026-06-22,NLO,,269.4,269.4,269.4,,,0,0,0,,
2026-06-22,NMB,,246.4,240,241.8,,,15677,3772172.6,118,,
2026-06-22,NMBMF,,644,609.9,642,,,383,245515,10,,
2026-06-22,NMFBS,,1139.5,1115,1128,,,4591,5181637.7,53,,
2026-06-22,NMLBBL,,577,573.1,576,,,1445,830960.1,34,,
2026-06-22,NRIC,,990,962,969,,,25264,24543868.7,329,,
2026-06-22,NRM,,340,332,332,,,11855,3984002.1,142,,
2026-06-22,NRN,,1475,1400,1469.9,,,210431,305132892.2,1229,,
2026-06-22,NTC,,891.4,840,848.7,,,7815,6609644.4,161,,
2026-06-22,NUBL,,656,640,640,,,3398,2187181.8,35,,
2026-06-22,NWCL,,776,731.8,770,,,900,687588,43,,
2026-06-22,NYADI,,395,375.3,389,,,4891,1906041.5,89,,
2026-06-22,OHL,,700,689,700,,,832,575621,16,,
2026-06-22,OMPL,,1129.9,1100.1,1119,,,4232,4705723.6,148,,
2026-06-22,PCBL,,240,234.1,235.5,,,39949,9383424.9,124,,
2026-06-22,PCIL,,740.5,700,725,,,43974,31846539.4,2264,,
2026-06-22,PFL,,376.9,366,373,,,2903,1077777.6,35,,
2026-06-22,PHCL,,311.9,305.2,310,,,75139,23138040.7,349,,
2026-06-22,PMHPL,,340,330.3,333,,,5519,1831872.7,41,,
2026-06-22,PMLI,,487,460,469.9,,,3185,1496224.9,104,,
2026-06-22,PPCL,,384.3,363,372.7,,,15565,5696314.2,63,,
2026-06-22,PPL,,350,330.6,350,,,15511,5345266.8,130,,
2026-06-22,PROFL,,463,445,455.9,,,5490,2489871.2,60,,
2026-06-22,PRVU,,197,193.5,193.9,,,47020,9119117.11,245,,
2026-06-22,PURE,,930,890.6,892,,,3004,2723235,71,,
2026-06-22,RADHI,,750,737.1,745,,,33028,24436285.9,118,,
2026-06-22,RAWA,,491.7,480,482.8,,,25551,12296967.4,202,,
2026-06-22,RFPL,,362,355,355.9,,,15302,5443402.3,116,,
2026-06-22,RHGCL,,280,271,274.2,,,25900,7096457.5,162,,
2026-06-22,RHPL,,269,264,265,,,23810,6320274.1,144,,
2026-06-22,RIDI,,360.1,342,344,,,200895,69154481,401,,
2026-06-22,RLEL,,930,910,923.6,,,8263,7588232.3,422,,
2026-06-22,RLFL,,496,470,480,,,43187,21134311.7,174,,
2026-06-22,RNLI,,464,456.2,459,,,10002,4569198.8,298,,
2026-06-22,RSDC,,676.6,656,665,,,5137,3393209.3,28,,
2026-06-22,RSML,,3448.3,3250,3291,,,38904,128475749.3,572,,
2026-06-22,RURU,,649.8,645,646,,,8203,5311153.7,39,,
2026-06-22,SAGAR,,1682.9,1648,1650,,,5887,9740313.9,136,,
2026-06-22,SAHAS,,695.7,660.5,661.1,,,114497,75952532.6,510,,
2026-06-22,SAIL,,1050,1000,1029.9,,,20799,21234849.7,387,,
2026-06-22,SANIMA,,365,356,358,,,51905,18556553.9,175,,
2026-06-22,SANVI,,685,675.2,676.5,,,14032,9528153.2,198,,
2026-06-22,SARBTM,,839,820,835,,,9509,7906761.7,69,,
2026-06-22,SBI,,400,391.5,393,,,12975,5094638.1,67,,
2026-06-22,SBL,,400,391.5,393.5,,,33718,13253353.5,102,,
2026-06-22,SCB,,655,645.2,646.2,,,3446,2229708.4,70,,
2026-06-22,SGHC,,361,351,353.2,,,4292,1517691.2,96,,
2026-06-22,SHEL,,309.5,304.1,306,,,72269,22091680.5,275,,
2026-06-22,SHIVM,,650,643.4,645.9,,,61465,39733489.4,363,,
2026-06-22,SHL,,495,488,493,,,29833,14668977.5,92,,
2026-06-22,SHLB,,1482.9,1462.2,1478.9,,,286,421015.5,19,,
2026-06-22,SHPC,,508,503.6,504.5,,,7962,4016387.6,66,,
2026-06-22,SIFC,,570,551.1,565,,,20172,11388547.4,96,,
2026-06-22,SIKLES,,579,572,576.8,,,2931,1683237.9,64,,
2026-06-22,SIPD,,735.2,691.6,716.2,,,15332,11068062,894,,
2026-06-22,SJCL,,290,281.4,285,,,10344,2926796.5,106,,
2026-06-22,SJLIC,,426,422.5,425,,,8199,3480784.9,151,,
2026-06-22,SKBBL,,763.8,755,759,,,13930,10599906.6,122,,
2026-06-22,SKHEL,,1129,1100,1115,,,4844,5379811.8,206,,
2026-06-22,SKHL,,1002,948,958.1,,,41837,40310954.4,790,,
2026-06-22,SLBBL,,825,816,822.3,,,4137,3401157,57,,
2026-06-22,SLBSL,,1247.9,1218,1238,,,1567,1923649.5,29,,
2026-06-22,SMATA,,771.9,754.3,760,,,3346,2551742.7,75,,
2026-06-22,SMB,,1990,1872,1886.1,,,8420,16332419.4,191,,
2026-06-22,SMFBS,,1565.6,1466,1559,,,1172,1808050.7,32,,
2026-06-22,SMH,,572,566,570,,,2240,1271239.3,36,,
2026-06-22,SMHL,,495,485.1,486,,,14094,6890067.2,138,,
2026-06-22,SMJC,,476.5,450,475,,,67876,31829622.8,344,,
2026-06-22,SMPDA,,833,810.2,813.9,,,1911,1557374.7,47,,
2026-06-22,SNLI,,447.8,442.2,444.4,,,11253,4989480.9,259,,
2026-06-22,SOHL,,658,630,649,,,85505,55322071.3,1945,,
2026-06-22,SONA,,430.2,408.4,426.1,,,16617,7100853.6,261,,
2026-06-22,SOPL,,1217,990,1120,,,354195,374456148,35352,,
2026-06-22,SPC,,459.9,447.5,448,,,7955,3589415.7,75,,
2026-06-22,SPDL,,394,387.2,392,,,36884,14396328.9,92,,
2026-06-22,SPHL,,600,570.2,590,,,4809,2843947.2,52,,
2026-06-22,SPL,,700,665.2,688.8,,,1130,770962.7,37,,
2026-06-22,SRLI,,390.1,388.3,389.2,,,8225,3200337.2,190,,
2026-06-22,SSHL,,210.1,196,206,,,68285,14121817.6,304,,
2026-06-22,STC,,5368,5325,5368,,,51,272025,6,,
2026-06-22,SWASTIK,,2322,2260,2277,,,524,1199683,31,,
2026-06-22,SWBBL,,763,700,740.5,,,290832,204314615.2,165,,
2026-06-22,SWMF,,661,650,658.9,,,1928,1263717.1,35,,
2026-06-22,SYPNL,,1455,1371.8,1433.9,,,30269,43174478.2,642,,
2026-06-22,TAMOR,,464.9,450,453,,,42549,19320679,182,,
2026-06-22,TPC,,371.9,366,366.2,,,4211,1548809.3,50,,
2026-06-22,TPKHL,,345,300,345,,,260,87924,26,,
2026-06-22,TRH,,783,761,772.2,,,2271,1760736,23,,
2026-06-22,TSHL,,577,520.1,529,,,2084,1098775,40,,
2026-06-22,TTL,,799,785,785,,,7156,5637889.1,245,,
2026-06-22,TVCL,,516.6,485,495,,,5449,2663305.3,53,,
2026-06-22,UHEWA,,682,630,643,,,79696,50597083.6,218,,
2026-06-22,ULBSL,,2867,2810,2867,,,266,749913,18,,
2026-06-22,ULHC,,425,411,424,,,10465,4402364.4,88,,
2026-06-22,UMHL,,630,611,621,,,103071,63795685.8,471,,
2026-06-22,UMRH,,540,534,534,,,11928,6401615.5,43,,
2026-06-22,UNHPL,,408,402.6,406,,,18957,7682230.3,91,,
2026-06-22,UNL,,47000,46501,47000,,,40,1875010,4,,
2026-06-22,UNLB,,1409.9,1328,1368,,,962,1311472.5,29,,
2026-06-22,UPCL,,363,344.9,359.9,,,20799,7478463.6,101,,
2026-06-22,UPPER,,209.1,197.6,198,,,64536,12840100.4,427,,
2026-06-22,USHEC,,502,494.1,500,,,10000,4968940,100,,
2026-06-22,USHL,,594,578,589.9,,,1151,675015.4,42,,
2026-06-22,USLB,,1330,1260,1311,,,5496,7133086.4,114,,
2026-06-22,VLBS,,722,710,715.1,,,3201,2298446.4,167,,
2026-06-22,VLUCL,,480,473,475,,,1606,765638,64,,
2026-06-22,YMHL,,345,300,345,,,140,46974,14,,
2026-06-23,ACLBSL,,950.1,941.2,945.2,,,880,835407.3,21,,
2026-06-23,ADBL,,311,301.8,307.5,,,82207,25002306.3,214,,
2026-06-23,AHL,,483.9,451.3,474.9,,,3081,1453868,47,,
2026-06-23,AHPC,,272.9,268,268.1,,,100879,27232715,324,,
2026-06-23,AKJCL,,390,368,368.5,,,913650,341629884,997,,
2026-06-23,AKPL,,262,258.5,259.5,,,60055,15584122.4,245,,
2026-06-23,ALBSL,,1094.9,1070,1085,,,3002,3243238.6,53,,
2026-06-23,ALICL,,445,441,443,,,13512,5977258.2,72,,
2026-06-23,ANLB,,5899,5730,5899,,,627,3622120,21,,
2026-06-23,APHL,,950,855.1,857,,,54588,49049001,5383,,
2026-06-23,API,,342.7,338,339,,,164146,55771527.5,511,,
2026-06-23,AVYAN,,1097.8,1020,1055,,,1907,2005923.8,51,,
2026-06-23,BANDIPUR,,815,799,800.2,,,19377,15540019.7,568,,
2026-06-23,BARUN,,333.7,327,330,,,46750,15424226.2,221,,
2026-06-23,BBC,,4345,4220.5,4250.1,,,280,1202143,22,,
2026-06-23,BEDC,,379.9,350,351,,,39263,13882750,260,,
2026-06-23,BFC,,518,502.1,512.3,,,61936,31445184.4,316,,
2026-06-23,BGWT,,643,626,639.4,,,845,532950.5,35,,
2026-06-23,BHCL,,538.9,525.3,527,,,20608,10940550.7,300,,
2026-06-23,BHDC,,452,445.6,447.4,,,16046,7193064,99,,
2026-06-23,BHL,,215,212.1,213.5,,,59370,12636598.5,312,,
2026-06-23,BHPL,,545.8,517.1,517.1,,,3159,1642273.5,55,,
2026-06-23,BJHL,,844.8,821.2,822.2,,,5888,4876574.6,190,,
2026-06-23,BNHC,,332,320,323.7,,,4536,1461825.6,45,,
2026-06-23,BNL,,15200,15200,15200,,,0,0,0,,
2026-06-23,BNT,,11889,11760,11760,,,37,437246,4,,
2026-06-23,BPCL,,675,660,666,,,14215,9457086.8,98,,
2026-06-23,BUNGAL,,769.5,688.5,688.5,,,185057,131287767.1,1117,,
2026-06-23,CBBL,,917,910.1,913.1,,,7543,6895191.1,139,,
2026-06-23,CFCL,,647.7,599,623,,,73937,45835180.2,283,,
2026-06-23,CGH,,782,770.2,770.2,,,20085,15623967.2,136,,
2026-06-23,CHCL,,486,478,485,,,26166,12608589.8,177,,
2026-06-23,CHDC,,2220,2186.5,2197,,,21092,46393977,178,,
2026-06-23,CHL,,279,267,273,,,32206,8715512.3,173,,
2026-06-23,CIT,,1723,1714,1716,,,5038,8648551.2,191,,
2026-06-23,CITY,,410,396.5,399,,,142681,57015677.5,657,,
2026-06-23,CKHL,,639.9,622,639.9,,,2601,1625431,21,,
2026-06-23,CLI,,452,445,450.9,,,8913,4018343.8,226,,
2026-06-23,CREST,,1241.3,1210,1229.9,,,5002,6137003.2,138,,
2026-06-23,CYCL,,1474,1420,1462,,,3798,5501089.7,74,,
2026-06-23,CZBIL,,199.5,195,198.9,,,45064,8889921.3,149,,
2026-06-23,DDBL,,849,838.2,839.2,,,9455,7956351.9,75,,
2026-06-23,DHEL,,610,600,607.2,,,17083,10366712.2,341,,
2026-06-23,DHPL,,297.7,290,290,,,5823,1698015.2,38,,
2026-06-23,DLBS,,1260,1222.3,1237,,,104,129199,7,,
2026-06-23,DOLTI,,383.2,348,353,,,47127,16710837.8,284,,
2026-06-23,DORDI,,265,258.1,258.2,,,24909,6482846.6,153,,
2026-06-23,EBL,,735,695,699.9,,,92815,64924145.3,232,,
2026-06-23,EHPL,,404.2,380,383.5,,,12604,4821268.6,103,,
2026-06-23,ENL,,867.5,855,864.4,,,336,288466,21,,
2026-06-23,FMDBL,,779,765,771,,,17885,13750109.7,80,,
2026-06-23,FOWAD,,1006.9,994,999.8,,,2244,2239066.1,45,,
2026-06-23,GBIME,,240,237,239,,,218419,52069152.5,327,,
2026-06-23,GBLBS,,776,756,775,,,4743,3620536.6,39,,
2026-06-23,GCIL,,390.6,365.3,366.9,,,23818,8762929.9,256,,
2026-06-23,GFCL,,648,624,624,,,14409,9086062.1,86,,
2026-06-23,GHL,,230,225,225.9,,,58172,13174992.2,172,,
2026-06-23,GILB,,1118,1102,1118,,,4119,4561528.7,27,,
2026-06-23,GLBSL,,1865,1810,1832,,,389,717657,21,,
2026-06-23,GLH,,262,255.2,255.3,,,50203,13007538.4,206,,
2026-06-23,GMFBS,,1265,1238,1265,,,777,975094.4,14,,
2026-06-23,GMFIL,,487,457,479,,,26846,12903096,126,,
2026-06-23,GMLI,,1230,1195,1200.1,,,3546,4286761.8,81,,
2026-06-23,GUFL,,554,545.2,549.4,,,5475,3008158.4,49,,
2026-06-23,GVL,,487,480.2,482,,,4255,2053576.4,74,,
2026-06-23,HATHY,,793.8,735,745,,,7392,5509121.2,140,,
2026-06-23,HBL,,200,193,195.9,,,50965,9903000.7,792,,
2026-06-23,HDHPC,,216.3,212.5,213.1,,,156533,33442409.6,498,,
2026-06-23,HDL,,1152,1145.2,1145.5,,,20850,23941017.5,351,,
2026-06-23,HFIN,,810,770,775,,,48894,38767055.8,978,,
2026-06-23,HHL,,355,347,347,,,39758,13897607.3,208,,
2026-06-23,HIDCL,,260,257,258,,,23664,6103506.8,190,,
2026-06-23,HIMSTAR,,827,800,807,,,8001,6443170.8,141,,
2026-06-23,HLBSL,,890.8,868,880,,,1631,1436226.9,28,,
2026-06-23,HLI,,335,332.7,334,,,16010,5337733,237,,
2026-06-23,HPPL,,369,360.1,369,,,17289,6297055.4,128,,
2026-06-23,HRL,,623,604.1,607,,,118257,72000038.3,1300,,
2026-06-23,HURJA,,244.9,240,241,,,37267,8970597.4,116,,
2026-06-23,ICFC,,622,617,622,,,11468,7111823,49,,
2026-06-23,IHL,,385.1,378,383,,,12655,4827351.6,119,,
2026-06-23,ILBS,,922,900,908,,,1333,1212756.8,21,,
2026-06-23,ILI,,430,425,426,,,9083,3883407.7,257,,
2026-06-23,JBLB,,1280,1261,1264,,,2017,2554373.9,75,,
2026-06-23,JFL,,406,400,405,,,4033,1629763.6,32,,
2026-06-23,JHAPA,,1319.5,1249,1296.9,,,5596,7212291.3,129,,
2026-06-23,JOSHI,,272.9,264,265,,,23616,6296650.5,163,,
2026-06-23,JSLBB,,1050,1030,1030,,,686,709921.5,15,,
2026-06-23,KBL,,212,209.2,209.2,,,189015,39760996.5,502,,
2026-06-23,KBSH,,1460,1407,1408,,,252,358584,17,,
2026-06-23,KDL,,819,801.4,810,,,452,365403.5,31,,
2026-06-23,KHPL,,1010,930.1,930.1,,,21145,20132575.6,737,,
2026-06-23,KKHC,,250,243,244,,,40607,9944734.6,202,,
2026-06-23,KMCDB,,849,825,830.3,,,2018,1676578.5,38,,
2026-06-23,KPCL,,486.4,478.5,482,,,8158,3916692.3,71,,
2026-06-23,LEC,,219.9,215,215.9,,,53952,11646878.4,195,,
2026-06-23,LICN,,808,798.6,799,,,16328,13088937.2,106,,
2026-06-23,LLBS,,949.9,930,949.9,,,170,158429,6,,
2026-06-23,LSL,,219.9,216.8,217,,,105770,23026097.5,148,,
2026-06-23,MABEL,,695,675,675,,,11846,8054467.7,189,,
2026-06-23,MAKAR,,493,480.1,480.1,,,10042,4839244,54,,
2026-06-23,MANDU,,835,815,835,,,2112,1757463.5,42,,
2026-06-23,MATRI,,880,860,864,,,290,250865.4,15,,
2026-06-23,MBJC,,283,279.5,279.8,,,19093,5346944.9,226,,
2026-06-23,MBL,,248,244.6,245.8,,,37699,9245948.2,119,,
2026-06-23,MCHL,,314.9,298.8,308.7,,,31429,9549161.3,205,,
2026-06-23,MEHL,,359,349,354,,,2031,712031.7,61,,
2026-06-23,MEL,,239.6,229,229.5,,,5885,1360786,142,,
2026-06-23,MEN,,591.5,585,590,,,33784,19921391.2,201,,
2026-06-23,MERO,,719,706.2,716,,,2473,1754091.4,47,,
2026-06-23,MFIL,,793,776.1,785,,,26848,21028522.4,145,,
2026-06-23,MHCL,,353.9,335.2,343.9,,,5168,1754969.7,95,,
2026-06-23,MHL,,494,487,489,,,6664,3270689.2,52,,
2026-06-23,MHNL,,256,250.2,250.4,,,15635,3948601.8,105,,
2026-06-23,MKCL,,1164,1130.1,1138,,,2133,2418331.1,47,,
2026-06-23,MKHC,,318,300,313.5,,,8265,2576633.8,94,,
2026-06-23,MKHL,,503,490,497,,,7940,3930190.6,93,,
2026-06-23,MKJC,,489,475.3,479.9,,,4001,1909681.5,35,,
2026-06-23,MLBBL,,1161,1151.2,1155,,,1849,2135076.1,44,,
2026-06-23,MLBS,,1210,1187.1,1187.1,,,537,648376.8,13,,
2026-06-23,MLBSL,,1779.9,1740,1742,,,439,765563.1,15,,
2026-06-23,MMKJL,,494.4,475,480,,,7311,3538687.5,74,,
2026-06-23,MPFL,,624.9,592,612.9,,,24064,14694187.2,72,,
2026-06-23,MSHL,,711.7,655,670.5,,,568,375925,28,,
2026-06-23,MSLB,,1275,1235,1273.9,,,989,1242452.3,31,,
2026-06-23,NABIL,,531,528,529,,,33271,17621068.8,416,,
2026-06-23,NADEP,,753.9,740,753.9,,,226,168768.9,14,,
2026-06-23,NBL,,266,263,265,,,67555,17841743.3,180,,
2026-06-23,NESDO,,1585,1540,1577,,,6036,9377863.6,53,,
2026-06-23,NFS,,600,595,595.3,,,6724,4007166.2,69,,
2026-06-23,NGPL,,423,420,420,,,133657,56273416.1,302,,
2026-06-23,NHDL,,656,623,632.5,,,6387,4050261.6,35,,
2026-06-23,NHPC,,280.7,270.1,271,,,306360,84079267.5,910,,
2026-06-23,NICA,,335,318.2,332,,,64306,21330812.9,217,,
2026-06-23,NICLBSL,,571,560.9,563.3,,,3723,2102144.4,73,,
2026-06-23,NIFRA,,262,249.9,251.9,,,208307,52360066.8,773,,
2026-06-23,NIMB,,196,193,194,,,117442,22832088.7,334,,
2026-06-23,NLIC,,755,748.2,750,,,23914,17941967.5,215,,
2026-06-23,NLICL,,584,573.5,573.5,,,22860,13260088.5,61,,
2026-06-23,NLO,,269.4,269.4,269.4,,,0,0,0,,
2026-06-23,NMB,,241.9,238.5,240.5,,,24656,5911559.9,98,,
2026-06-23,NMBMF,,640,631,640,,,128,81138,4,,
2026-06-23,NMFBS,,1148.5,1121,1126,,,5458,6151975.3,50,,
2026-06-23,NMLBBL,,575,569,570,,,1836,1047656.9,36,,
2026-06-23,NRIC,,979.9,960,965.3,,,19252,18558259.1,242,,
2026-06-23,NRM,,332,321.5,323,,,15594,5085013,176,,
2026-06-23,NRN,,1465,1421,1421,,,119650,172350071.8,610,,
2026-06-23,NTC,,850.4,840,849,,,15314,12959418.9,202,,
2026-06-23,NUBL,,640,631.5,639.9,,,2036,1298283.7,30,,
2026-06-23,NWCL,,768,750,764,,,1372,1044128,34,,
2026-06-23,NYADI,,390,370,382,,,5950,2276875.9,80,,
2026-06-23,OHL,,686.1,681,686,,,228,156073,5,,
2026-06-23,OMPL,,1115,1087.1,1098,,,4439,4856348,126,,
2026-06-23,PCBL,,237.5,233.3,236.9,,,56305,13208836.8,163,,
2026-06-23,PCIL,,720,696,705,,,54451,38413596.7,1673,,
2026-06-23,PFL,,377,355.5,368,,,3606,1329744.8,42,,
2026-06-23,PHCL,,308,294.5,306.2,,,64327,19550240.3,401,,
2026-06-23,PMHPL,,333,325,329,,,9080,2988789.5,72,,
2026-06-23,PMLI,,467,460,463,,,6121,2820657.5,124,,
2026-06-23,PPCL,,364.2,356,363.4,,,10992,3968912.2,74,,
2026-06-23,PPL,,350,332.5,341.8,,,16061,5489422.5,138,,
2026-06-23,PROFL,,455.9,445,445,,,5933,2645443.7,41,,
2026-06-23,PRVU,,200,192,192.4,,,54390,10463233.5,282,,
2026-06-23,PURE,,888,870,874.9,,,6743,5916140.5,115,,
2026-06-23,RADHI,,743,730,734.9,,,20050,14737856.9,105,,
2026-06-23,RAWA,,481.8,458.1,467.8,,,162666,75840424.6,584,,
2026-06-23,RFPL,,373.6,351,351.2,,,19470,6862360.9,143,,
2026-06-23,RHGCL,,279,270.6,273.9,,,16566,4523231.3,119,,
2026-06-23,RHPL,,268,261,263.2,,,15769,4166057.1,132,,
2026-06-23,RIDI,,344.5,326.8,335,,,233798,79096674.3,528,,
2026-06-23,RLEL,,905,889,890,,,8594,7697850.7,316,,
2026-06-23,RLFL,,504,476.2,487,,,83792,40524988.7,329,,
2026-06-23,RNLI,,457,452.4,456.5,,,14678,6668332.2,296,,
2026-06-23,RSDC,,662,651,655,,,1396,915422.8,25,,
2026-06-23,RSML,,3255.2,3140,3199,,,53883,172495939.2,900,,
2026-06-23,RURU,,650,645,646,,,2279,1470455.2,37,,
2026-06-23,SAGAR,,1648,1575,1575,,,10512,16890623,239,,
2026-06-23,SAHAS,,669.9,650,652,,,125092,82181235.9,689,,
2026-06-23,SAIL,,1030,999.5,1002,,,19673,19773493.3,328,,
2026-06-23,SANIMA,,359.5,354,354,,,54483,19362685.8,223,,
2026-06-23,SANVI,,678.8,664.2,665.2,,,11906,7961637.4,177,,
2026-06-23,SARBTM,,835,810,817.9,,,34982,28647141.7,271,,
2026-06-23,SBI,,395,387.3,393.9,,,20669,8100165.1,79,,
2026-06-23,SBL,,393.5,390.1,393,,,60030,23530400.5,129,,
2026-06-23,SCB,,646.2,645,645.5,,,3759,2426324.8,71,,
2026-06-23,SGHC,,353,345,347,,,16575,5783613.5,123,,
2026-06-23,SHEL,,305,301.2,301.4,,,83812,25371015,290,,
2026-06-23,SHIVM,,648.7,635,635,,,172817,110849737.8,641,,
2026-06-23,SHL,,522,491,492.3,,,20291,10211386.4,60,,
2026-06-23,SHLB,,1470,1442.2,1469,,,210,306303,10,,
2026-06-23,SHPC,,511.3,501,502,,,31825,15974941.4,132,,
2026-06-23,SIFC,,560,548.1,554,,,9907,5450626.1,62,,
2026-06-23,SIKLES,,576,569.3,569.3,,,9219,5263617.9,90,,
2026-06-23,SIPD,,725,693,695,,,17245,12096423.7,697,,
2026-06-23,SJCL,,284.8,280.3,284,,,5983,1685682,90,,
2026-06-23,SJLIC,,425,419.2,421,,,12882,5419604.6,144,,
2026-06-23,SKBBL,,760,755.4,757.5,,,29039,22035575,78,,
2026-06-23,SKHEL,,1101,1054,1057,,,10367,11149305.5,216,,
2026-06-23,SKHL,,955,911,911,,,21246,19681016.3,349,,
2026-06-23,SLBBL,,822.4,815.1,815.2,,,5542,4524239.1,63,,
2026-06-23,SLBSL,,1220,1200,1220,,,930,1122535,25,,
2026-06-23,SMATA,,770.5,752.3,757,,,3007,2277793,73,,
2026-06-23,SMB,,1900,1832,1850,,,2723,5054535.7,34,,
2026-06-23,SMFBS,,1535.3,1512.3,1535.3,,,72,109714.2,6,,
2026-06-23,SMH,,578,560,560,,,3860,2166172.3,45,,
2026-06-23,SMHL,,490,480,481,,,29393,14162214.7,203,,
2026-06-23,SMJC,,498.7,460,460,,,11725,5442197.8,110,,
2026-06-23,SMPDA,,819,800,819,,,1074,862950.8,31,,
2026-06-23,SNLI,,444,441,441.5,,,9635,4255464.6,242,,
2026-06-23,SOHL,,645,629.6,631.4,,,69366,44044856.7,1453,,
2026-06-23,SONA,,447.4,421,421,,,23040,9728300.7,281,,
2026-06-23,SOPL,,1140.1,1033.1,1041,,,178175,189098209,17255,,
2026-06-23,SPC,,449.9,439.1,445,,,4321,1918583.9,56,,
2026-06-23,SPDL,,390,380,380,,,62513,23894986,167,,
2026-06-23,SPHL,,585.9,570.1,580,,,10551,6121767.7,49,,
2026-06-23,SPL,,689,671.2,689,,,1105,747415,22,,
2026-06-23,SRLI,,388,386.3,387.9,,,6651,2572191.2,147,,
2026-06-23,SSHL,,206.9,202,203,,,103712,21134229.3,380,,
2026-06-23,STC,,5368,5270,5360,,,50,265980,5,,
2026-06-23,SWASTIK,,2345,2230,2255,,,372,844742.5,28,,
2026-06-23,SWBBL,,745,725,731,,,8829,6456500.1,101,,
2026-06-23,SWMF,,655,640.1,649,,,2103,1361829.7,34,,
2026-06-23,SYPNL,,1425,1362.3,1380,,,45547,63564472.5,719,,
2026-06-23,TAMOR,,456,432.1,449.8,,,30768,13846118.1,161,,
2026-06-23,TPC,,370,360.5,364,,,11711,4251621,76,,
2026-06-23,TPKHL,,396.7,346.1,396.7,,,220,85807,22,,
2026-06-23,TRH,,774.9,768.1,768.1,,,3924,3025582.5,35,,
2026-06-23,TSHL,,528,505.1,509,,,2395,1227994.2,55,,
2026-06-23,TTL,,788,769,769,,,13917,10785179.8,338,,
2026-06-23,TVCL,,501,486.1,490.2,,,22198,10905475.2,60,,
2026-06-23,UHEWA,,645,614,631,,,27695,17540349.8,277,,
2026-06-23,ULBSL,,2845.9,2810,2810,,,206,579366,12,,
2026-06-23,ULHC,,422,416.2,422,,,5418,2258863,68,,
2026-06-23,UMHL,,651,595,602,,,124598,75054438.2,504,,
2026-06-23,UMRH,,536,530,534,,,2470,1313765.1,33,,
2026-06-23,UNHPL,,405,399.2,400,,,27345,10954598.5,117,,
2026-06-23,UNL,,47399.9,47000,47000,,,60,2839995,6,,
2026-06-23,UNLB,,1368,1330,1360,,,247,329649.3,19,,
2026-06-23,UPCL,,360,350,352,,,46738,16551093.7,198,,
2026-06-23,UPPER,,199.9,195.8,196,,,88087,17305948.5,587,,
2026-06-23,USHEC,,496,491.3,492.6,,,6494,3214223.5,63,,
2026-06-23,USHL,,600,573.1,577,,,2846,1644952,43,,
2026-06-23,USLB,,1340,1300,1315,,,3542,4677186.6,78,,
2026-06-23,VLBS,,720,710,710,,,2180,1555058.7,112,,
2026-06-23,VLUCL,,475,470,475,,,4441,2091529.5,58,,
2026-06-23,YMHL,,396.7,355.3,396.7,,,120,46597,12,,
2026-06-24,ACLBSL,,956,940,955,,,1035,978412.7,33,,
2026-06-24,ADBL,,307.7,302,307.7,,,17126,5207285.4,151,,
2026-06-24,AHL,,502,460,470,,,2505,1167400,57,,
2026-06-24,AHPC,,279.9,260.2,266.9,,,150040,39890536.3,449,,
2026-06-24,AKJCL,,375,356,371.5,,,815172,296233269.3,1415,,
2026-06-24,AKPL,,263,255,262.6,,,87384,22475282.8,339,,
2026-06-24,ALBSL,,1090,1050,1080,,,4470,4767065.3,68,,
2026-06-24,ALICL,,441.4,438.1,440.1,,,29108,12793599.4,105,,
2026-06-24,ANLB,,5899,5723,5875,,,161,933838.7,17,,
2026-06-24,APHL,,900,810,875,,,39477,33349079,3503,,
2026-06-24,API,,339,331.1,337.8,,,219330,73272020.7,663,,
2026-06-24,AVYAN,,1079.9,1041.2,1055,,,4154,4349227,60,,
2026-06-24,BANDIPUR,,800,755,779.5,,,40626,31528912.1,686,,
2026-06-24,BARUN,,337,320.3,329,,,38770,12555707.1,231,,
2026-06-24,BBC,,4480,4123,4298,,,602,2545612,39,,
2026-06-24,BEDC,,359,342,346,,,30077,10439535.7,251,,
2026-06-24,BFC,,521.5,486.7,520.1,,,87068,44928460.5,441,,
2026-06-24,BGWT,,671.3,605,616,,,1829,1129598.6,55,,
2026-06-24,BHCL,,549.7,522,547,,,65740,35260995.8,569,,
2026-06-24,BHDC,,449,425.1,445,,,8193,3626521.8,87,,
2026-06-24,BHL,,215,208,210,,,114607,24020424,536,,
2026-06-24,BHPL,,523,492,519.9,,,7740,3968926.4,82,,
2026-06-24,BJHL,,943,781,943,,,8327,6754567.1,236,,
2026-06-24,BNHC,,327,315,317.5,,,2621,828450.6,34,,
2026-06-24,BNL,,15200,15200,15200,,,0,0,0,,
2026-06-24,BNT,,11525,11525,11525,,,10,115250,1,,
2026-06-24,BPCL,,666,640,657,,,32236,20939642.9,183,,
2026-06-24,BUNGAL,,703,662,669,,,36626,24556035.8,465,,
2026-06-24,CBBL,,915,908.1,910.5,,,15062,13713706.6,165,,
2026-06-24,CFCL,,634,591.9,624,,,99615,61696810,304,,
2026-06-24,CGH,,780,763,764.1,,,22504,17298705.6,133,,
2026-06-24,CHCL,,486,478,479,,,20045,9610137,175,,
2026-06-24,CHDC,,2219.9,2140,2188.9,,,19112,41260764.8,231,,
2026-06-24,CHL,,273,265,266,,,13333,3575096,75,,
2026-06-24,CIT,,1717,1630.3,1712.1,,,7008,11951324,193,,
2026-06-24,CITY,,406,379.1,395,,,75525,29669379.1,522,,
2026-06-24,CKHL,,630,621,630,,,252,157306.2,17,,
2026-06-24,CLI,,453,446,447.7,,,18636,8370410.9,208,,
2026-06-24,CREST,,1249.9,1185,1208,,,8168,9811372.7,182,,
2026-06-24,CYCL,,1606.8,1400,1606.8,,,3422,4991314.6,78,,
2026-06-24,CZBIL,,199,193.4,196.3,,,43194,8444204.5,174,,
2026-06-24,DDBL,,841.5,836,836.1,,,9898,8296043.8,85,,
2026-06-24,DHEL,,612.9,584.1,598.9,,,19213,11418429.3,370,,
2026-06-24,DHPL,,304,281.3,289,,,5226,1489483.5,48,,
2026-06-24,DLBS,,1275,1201.3,1275,,,2295,2830049,34,,
2026-06-24,DOLTI,,355,341.1,349,,,34591,11951264.4,280,,
2026-06-24,DORDI,,258,250,254.9,,,24443,6167269.2,197,,
2026-06-24,EBL,,699,695,699,,,33095,23070512.8,150,,
2026-06-24,EHPL,,385,380,383.5,,,14174,5414702.7,87,,
2026-06-24,ENL,,864,845.4,849,,,480,407892.5,15,,
2026-06-24,FMDBL,,779.9,733,768,,,16136,12318837.5,131,,
2026-06-24,FOWAD,,1001,985,996,,,2021,2000167.6,49,,
2026-06-24,GBIME,,241,237.3,240,,,139676,33317848.6,347,,
2026-06-24,GBLBS,,770,756.9,767,,,2151,1633964.3,34,,
2026-06-24,GCIL,,368,360,367,,,22636,8223161.8,237,,
2026-06-24,GFCL,,632.9,619,632.9,,,6701,4171471.5,64,,
2026-06-24,GHL,,227,218,221,,,59237,13090232.9,229,,
2026-06-24,GILB,,1116,1093.3,1116,,,941,1033962.2,24,,
2026-06-24,GLBSL,,1898.2,1790,1860,,,1513,2790291.1,44,,
2026-06-24,GLH,,257,250,253,,,67845,17047028,278,,
2026-06-24,GMFBS,,1265,1252,1252,,,151,190050.4,8,,
2026-06-24,GMFIL,,492,472.2,481.9,,,21510,10348169,126,,
2026-06-24,GMLI,,1200,1170,1180,,,2726,3217539.4,62,,
2026-06-24,GUFL,,555,545.1,551,,,7166,3930129.2,72,,
2026-06-24,GVL,,484,475.1,476.5,,,13248,6320386.4,140,,
2026-06-24,HATHY,,754,730.6,737,,,5757,4243388.6,102,,
2026-06-24,HBL,,205.6,191.3,193.8,,,48449,9371579.2,643,,
2026-06-24,HDHPC,,214.9,206.8,211.5,,,191131,40031400.5,591,,
2026-06-24,HDL,,1150,1137.1,1140.2,,,28211,32180555.7,473,,
2026-06-24,HFIN,,785,741.1,756,,,51168,38539137.2,1038,,
2026-06-24,HHL,,353.9,337.1,342.9,,,31585,10767820.2,184,,
2026-06-24,HIDCL,,259.9,252,256,,,84472,21473783.4,379,,
2026-06-24,HIMSTAR,,810,770,793,,,8482,6618940,135,,
2026-06-24,HLBSL,,874.9,856,865,,,280,241457.3,11,,
2026-06-24,HLI,,334,326.7,329.5,,,28924,9525149.8,296,,
2026-06-24,HPPL,,368.4,358,364,,,16382,5902907.3,108,,
2026-06-24,HRL,,605,577,594,,,111805,66232211.7,1183,,
2026-06-24,HURJA,,241,234,237.7,,,52364,12413392.8,204,,
2026-06-24,ICFC,,623.9,613.1,619,,,20016,12337901,78,,
2026-06-24,IHL,,378.1,365.1,372,,,18578,6902960.2,127,,
2026-06-24,ILBS,,909.8,890,909.8,,,2458,2196261.2,22,,
2026-06-24,ILI,,429,417,424,,,28992,12175834.2,298,,
2026-06-24,JBLB,,1263,1220,1260,,,3544,4459658.8,110,,
2026-06-24,JFL,,405,400,403,,,7024,2821813.8,69,,
2026-06-24,JHAPA,,1375.6,1220,1258.9,,,13865,17339564,227,,
2026-06-24,JOSHI,,265,259.2,265,,,9345,2452972.7,71,,
2026-06-24,JSLBB,,1045,1000,1045,,,562,565747.6,17,,
2026-06-24,KBL,,212,205,211,,,222033,46229910.3,598,,
2026-06-24,KBSH,,1391,1370,1370.1,,,332,456741.5,16,,
2026-06-24,KDL,,815,791,799,,,2593,2074404,54,,
2026-06-24,KHPL,,956,855,899.9,,,30181,26713082.2,875,,
2026-06-24,KKHC,,248,236,239.1,,,38024,9099791.8,215,,
2026-06-24,KMCDB,,828,815,815.3,,,1040,851263.3,24,,
2026-06-24,KPCL,,484,475.4,477,,,8420,4026141,61,,
2026-06-24,LEC,,216.5,212,214,,,50896,10891062.9,209,,
2026-06-24,LICN,,804,788,804,,,17191,13667344.7,101,,
2026-06-24,LLBS,,944,925,944,,,20,18690,2,,
2026-06-24,LSL,,227.8,215.3,216.4,,,53842,11625763.2,169,,
2026-06-24,MABEL,,693.1,656,684,,,15423,10403181.3,204,,
2026-06-24,MAKAR,,485,480.1,481.2,,,3841,1850959,56,,
2026-06-24,MANDU,,830,813.5,821,,,2000,1635543,33,,
2026-06-24,MATRI,,864,850.5,864,,,427,364331.1,27,,
2026-06-24,MBJC,,280,277,278,,,17102,4752391.6,212,,
2026-06-24,MBL,,248.7,241.2,244.9,,,57549,14013214.5,125,,
2026-06-24,MCHL,,310,302,303,,,10467,3186930.4,98,,
2026-06-24,MEHL,,350,344.1,350,,,4536,1569069.2,62,,
2026-06-24,MEL,,229,220,226.6,,,22951,5144787.9,208,,
2026-06-24,MEN,,589,580,583.3,,,49776,29057455,292,,
2026-06-24,MERO,,715,701.5,710,,,6968,4922203.5,62,,
2026-06-24,MFIL,,782,767,774,,,35561,27541519.2,102,,
2026-06-24,MHCL,,349,335.7,335.8,,,4259,1435444.4,74,,
2026-06-24,MHL,,492,480,480.6,,,3313,1596633.3,47,,
2026-06-24,MHNL,,252,240,251,,,13999,3411823.9,100,,
2026-06-24,MKCL,,1130,1096.1,1111,,,3212,3549069,87,,
2026-06-24,MKHC,,311,303,304,,,16651,5098383.8,142,,
2026-06-24,MKHL,,496.9,473,493.9,,,7940,3819859.3,103,,
2026-06-24,MKJC,,477.9,460,475,,,4467,2102609.4,38,,
2026-06-24,MLBBL,,1160,1143.6,1160,,,840,969474.4,22,,
2026-06-24,MLBS,,1197,1168,1197,,,465,543889.1,14,,
2026-06-24,MLBSL,,1781.9,1720.1,1772,,,394,685297.6,16,,
2026-06-24,MMKJL,,482,462,480,,,5922,2802291.7,69,,
2026-06-24,MPFL,,620.5,585,615,,,25176,15388071.4,91,,
2026-06-24,MSHL,,667,645.1,667,,,678,446027.9,20,,
2026-06-24,MSLB,,1265,1211.1,1231.1,,,393,486841,27,,
2026-06-24,NABIL,,534.8,520,524.5,,,68419,35934390.8,538,,
2026-06-24,NADEP,,752.9,704.1,739.8,,,2872,2088953,49,,
2026-06-24,NBL,,265,262,263.5,,,44282,11643957,175,,
2026-06-24,NESDO,,1580,1542,1570,,,1512,2355276.9,43,,
2026-06-24,NFS,,605,586.2,591,,,8565,5065796.6,85,,
2026-06-24,NGPL,,420,409.3,415,,,185220,76531496.4,498,,
2026-06-24,NHDL,,634,622,633.9,,,4898,3066762.3,25,,
2026-06-24,NHPC,,274.5,262,271.7,,,306086,81468181.6,923,,
2026-06-24,NICA,,333,328,331,,,62959,20785287.6,245,,
2026-06-24,NICLBSL,,569,558,561.5,,,5054,2836067,87,,
2026-06-24,NIFRA,,254.5,250,252,,,81241,20361674.5,544,,
2026-06-24,NIMB,,195,191.3,192,,,102159,19677240.6,400,,
2026-06-24,NLIC,,752,740,744.9,,,43879,32627035.5,271,,
2026-06-24,NLICL,,577.2,572.5,572.9,,,5840,3354296.1,33,,
2026-06-24,NLO,,269.4,269.4,269.4,,,0,0,0,,
2026-06-24,NMB,,241,237.8,239.3,,,31810,7576255,119,,
2026-06-24,NMBMF,,636.9,622.4,636.9,,,1395,881616.2,12,,
2026-06-24,NMFBS,,1130,1100,1106.2,,,6881,7615672.8,70,,
2026-06-24,NMLBBL,,566,560.1,565,,,3778,2126853.8,58,,
2026-06-24,NRIC,,985,918,958.5,,,27800,26456712.8,318,,
2026-06-24,NRM,,325,315,317.5,,,16378,5213313.8,177,,
2026-06-24,NRN,,1430,1350,1429.9,,,71317,100779600.7,463,,
2026-06-24,NTC,,850,840,844,,,10354,8749054,213,,
2026-06-24,NUBL,,636,630,636,,,5983,3780955.8,52,,
2026-06-24,NWCL,,760,746,747,,,2695,2019746,44,,
2026-06-24,NYADI,,386,375.2,381,,,3993,1513823.8,82,,
2026-06-24,OHL,,698.9,670.1,698.9,,,2080,1408784.2,30,,
2026-06-24,OMPL,,1094.9,1045,1066,,,5185,5475355,176,,
2026-06-24,PCBL,,235.5,233,234.6,,,30395,7120376.7,123,,
2026-06-24,PCIL,,705,670,690,,,63460,43345204.7,1653,,
2026-06-24,PFL,,370,359,365,,,7337,2669914.2,73,,
2026-06-24,PHCL,,314.9,298.9,303,,,64154,19532963.7,304,,
2026-06-24,PMHPL,,334,320,325.9,,,10119,3256576.1,69,,
2026-06-24,PMLI,,462,456,460,,,6233,2853437.6,122,,
2026-06-24,PPCL,,381.5,351.1,364.5,,,7636,2712478.4,66,,
2026-06-24,PPL,,341.3,324.8,334,,,16636,5567456.1,139,,
2026-06-24,PROFL,,465,445.1,453,,,22598,10234232.9,121,,
2026-06-24,PRVU,,193,189.2,190.8,,,90641,17288614.7,464,,
2026-06-24,PURE,,876,843,867,,,5401,4598590,100,,
2026-06-24,RADHI,,730.9,720.3,729,,,56919,41220945.2,192,,
2026-06-24,RAWA,,468.4,450.6,455.3,,,72751,33067414.4,319,,
2026-06-24,RFPL,,353,346,353,,,32084,11217463.9,168,,
2026-06-24,RHGCL,,273,263,269.9,,,33761,9007822.7,138,,
2026-06-24,RHPL,,266,258.1,264.1,,,20376,5318391.5,127,,
2026-06-24,RIDI,,342,319,342,,,241933,80433798.6,616,,
2026-06-24,RLEL,,898,857,887,,,10346,9024431.4,341,,
2026-06-24,RLFL,,507.5,462.7,499,,,200470,100096738.1,1017,,
2026-06-24,RNLI,,457,450.2,454.8,,,25513,11519343.8,245,,
2026-06-24,RSDC,,655,645.1,652.9,,,8568,5560112.4,65,,
2026-06-24,RSML,,3358,3033,3100,,,23942,73956929.4,600,,
2026-06-24,RURU,,647,639,642.5,,,3642,2339609.2,32,,
2026-06-24,SAGAR,,1596,1504,1593,,,17989,27367493.2,349,,
2026-06-24,SAHAS,,658.8,635,642.8,,,171685,110062835.1,972,,
2026-06-24,SAIL,,1020,941.1,971,,,31648,30647941.4,407,,
2026-06-24,SANIMA,,355,346,349.4,,,121598,42592079.7,309,,
2026-06-24,SANVI,,673.9,646.5,673.9,,,15193,9927704.1,257,,
2026-06-24,SARBTM,,828.2,810,816.2,,,8690,7076161.4,75,,
2026-06-24,SBI,,405,387.1,391.7,,,26633,10385298.6,58,,
2026-06-24,SBL,,394.8,386,391.5,,,134543,52416156.3,179,,
2026-06-24,SCB,,644.3,639.5,640.1,,,46033,29480861.1,121,,
2026-06-24,SGHC,,355,337,343.9,,,14055,4785853.8,94,,
2026-06-24,SHEL,,316,297.3,302,,,74968,22475810.5,325,,
2026-06-24,SHIVM,,666,624,630,,,166650,104834090.6,942,,
2026-06-24,SHL,,494.9,488.1,494.9,,,18141,8900680.1,86,,
2026-06-24,SHLB,,1460,1395,1435,,,565,809361,15,,
2026-06-24,SHPC,,527,491,495.3,,,29751,14767606.3,166,,
2026-06-24,SIFC,,558,540.5,552.9,,,21188,11571351.9,120,,
2026-06-24,SIKLES,,597,560,561.3,,,12090,6796131,95,,
2026-06-24,SIPD,,700,651,690,,,21774,14781059.8,698,,
2026-06-24,SJCL,,285.5,275,278,,,16705,4627443.4,123,,
2026-06-24,SJLIC,,444.9,420,422.6,,,23840,10205138.2,178,,
2026-06-24,SKBBL,,765,749.5,756.8,,,15361,11564891.3,142,,
2026-06-24,SKHEL,,1056,1005,1038,,,3042,3136146,191,,
2026-06-24,SKHL,,937,860,937,,,34743,30937421.7,527,,
2026-06-24,SLBBL,,819,810,815,,,6331,5149573.5,51,,
2026-06-24,SLBSL,,1230,1180,1220,,,1475,1765156.5,35,,
2026-06-24,SMATA,,763.9,749,753.3,,,3523,2654731.1,81,,
2026-06-24,SMB,,2041.9,1850,1959,,,12201,23600993.7,247,,
2026-06-24,SMFBS,,1525,1500,1525,,,258,387414,9,,
2026-06-24,SMH,,562,554,562,,,4092,2279802,54,,
2026-06-24,SMHL,,488,470.7,475,,,24205,11470294.8,216,,
2026-06-24,SMJC,,463,437,455,,,20456,9295241.1,138,,
2026-06-24,SMPDA,,823,801,812,,,964,777504.5,28,,
2026-06-24,SNLI,,442,435,439.3,,,14283,6258825.2,225,,
2026-06-24,SOHL,,632,607,617,,,105967,65224064.7,1683,,
2026-06-24,SONA,,424,416,424,,,18897,7937282.7,275,,
2026-06-24,SOPL,,1041,981.1,988.4,,,172660,172271880.7,14059,,
2026-06-24,SPC,,448,435,438,,,6831,2979730,59,,
2026-06-24,SPDL,,399,365.1,373.9,,,46128,17113286.1,150,,
2026-06-24,SPHL,,581.7,535,581,,,18082,10354594.5,79,,
2026-06-24,SPL,,679,651,679,,,1900,1263785,33,,
2026-06-24,SRLI,,388,382.3,385.9,,,22186,8528613.1,191,,
2026-06-24,SSHL,,205.7,199.3,200,,,160577,32228895.8,572,,
2026-06-24,STC,,5261,5112,5250,,,289,1507010,18,,
2026-06-24,SWASTIK,,2321.9,2170,2200,,,864,1896733,54,,
2026-06-24,SWBBL,,731,708.5,710,,,23699,16878654.4,164,,
2026-06-24,SWMF,,655,643,649.8,,,3827,2483627.8,24,,
2026-06-24,SYPNL,,1399.9,1311,1399.9,,,45410,62284152.1,696,,
2026-06-24,TAMOR,,453,442.9,444.7,,,29611,13172686.7,156,,
2026-06-24,TPC,,382.2,355,358,,,26103,9342141.2,104,,
2026-06-24,TPKHL,,456.2,408.6,456.2,,,240,108332,24,,
2026-06-24,TRH,,770,760,760.7,,,2586,1970147.8,21,,
2026-06-24,TSHL,,510,500,503,,,2662,1334748.5,43,,
2026-06-24,TTL,,789.9,737,756,,,15947,12088091.6,324,,
2026-06-24,TVCL,,496,481,484.1,,,5597,2706151,31,,
2026-06-24,UHEWA,,630,600,620,,,40623,24749093.1,255,,
2026-06-24,ULBSL,,2830,2800,2830,,,550,1546711,16,,
2026-06-24,ULHC,,415,403.2,414,,,6973,2847559,84,,
2026-06-24,UMHL,,603.4,581,591,,,199398,118206811.3,658,,
2026-06-24,UMRH,,533,524.5,532,,,5971,3139937.9,50,,
2026-06-24,UNHPL,,403,380,397,,,27215,10744609.5,133,,
2026-06-24,UNL,,47000,47000,47000,,,80,3760000,8,,
2026-06-24,UNLB,,1353.6,1300,1350.3,,,265,352851,18,,
2026-06-24,UPCL,,360,335,352.1,,,40943,14244279.2,178,,
2026-06-24,UPPER,,199,187,194.1,,,75504,14732387.6,508,,
2026-06-24,USHEC,,499.5,485,488,,,5125,2492616,61,,
2026-06-24,USHL,,595,549,564,,,3557,2016928,74,,
2026-06-24,USLB,,1325,1290,1300,,,2925,3816766.4,61,,
2026-06-24,VLBS,,710,700,705,,,3609,2537441,130,,
2026-06-24,VLUCL,,474,460,473,,,2795,1303900,50,,
2026-06-24,YMHL,,456.2,408.6,456.2,,,190,85522,19,,
2026-06-25,ACLBSL,,955,935,955,,,1120,1050374.2,23,,
2026-06-25,ADBL,,307.7,303.1,306,,,10643,3240214.5,113,,
2026-06-25,AHL,,535,450,470,,,23580,10987000.1,148,,
2026-06-25,AHPC,,274.9,262.1,265.1,,,56979,15064011.8,219,,
2026-06-25,AKJCL,,374.8,363.6,366.7,,,281319,103550650.4,721,,
2026-06-25,AKPL,,262,254.2,257.9,,,47481,12167078.2,221,,
2026-06-25,ALBSL,,1085,1065,1085,,,1575,1690459.8,52,,
2026-06-25,ALICL,,444.7,436,443,,,13869,6093971.6,109,,
2026-06-25,ANLB,,5900,5709,5900,,,309,1781452.7,30,,
2026-06-25,APHL,,936,851,900,,,23135,20511850.6,1698,,
2026-06-25,API,,339.8,333.3,336,,,198777,66758176.6,446,,
2026-06-25,AVYAN,,1069,1046,1059.9,,,3083,3253840,53,,
2026-06-25,BANDIPUR,,782.8,758,765.1,,,17897,13745208.3,389,,
2026-06-25,BARUN,,330,321.1,329,,,15945,5181318.7,109,,
2026-06-25,BBC,,4333,4185.2,4200,,,200,851301,17,,
2026-06-25,BEDC,,363.3,340,346.9,,,13260,4587200.9,123,,
2026-06-25,BFC,,520,512,515,,,45254,23382045.1,153,,
2026-06-25,BGWT,,620,580,580,,,4360,2619837.8,81,,
2026-06-25,BHCL,,558.9,545,552,,,37469,20773709.9,387,,
2026-06-25,BHDC,,454,425,448,,,3641,1624934.7,37,,
2026-06-25,BHL,,212.9,199.5,211,,,63265,13293022.3,323,,
2026-06-25,BHPL,,523,507,508.5,,,6352,3241201.1,57,,
2026-06-25,BJHL,,895.9,817,839,,,21280,17789757.1,360,,
2026-06-25,BNHC,,321,311.7,318.1,,,3004,946548.5,33,,
2026-06-25,BNL,,15200,15200,15200,,,0,0,0,,
2026-06-25,BNT,,11800,11786,11786,,,40,471580,2,,
2026-06-25,BPCL,,659,642,650,,,15523,10078082.1,137,,
2026-06-25,BUNGAL,,701,653.8,658,,,27718,18494368.8,354,,
2026-06-25,CBBL,,920,907.1,911,,,10146,9233709.3,133,,
2026-06-25,CFCL,,628.8,620,624.8,,,95748,59675232.1,189,,
2026-06-25,CGH,,775,764.1,770,,,18893,14556343.1,80,,
2026-06-25,CHCL,,480,477,478.3,,,11918,5700981.9,116,,
2026-06-25,CHDC,,2200,2135.3,2180,,,4341,9501922.4,66,,
2026-06-25,CHL,,268,253,267,,,11265,2989983.2,85,,
2026-06-25,CIT,,1712,1698,1704,,,6506,11078555.9,167,,
2026-06-25,CITY,,397.9,387.6,390.3,,,77280,30260003.9,380,,
2026-06-25,CKHL,,625,615,625,,,565,348448,18,,
2026-06-25,CLI,,450,447.9,448.2,,,16549,7427420.9,202,,
2026-06-25,CREST,,1384,1164,1164,,,20006,23718924.9,244,,
2026-06-25,CYCL,,1687.1,1405.7,1462.6,,,1840,2653163,57,,
2026-06-25,CZBIL,,197.9,194.2,195.1,,,27156,5316200.5,116,,
2026-06-25,DDBL,,840,833.4,833.4,,,11672,9770700.9,89,,
2026-06-25,DHEL,,612,581,592,,,5045,2980358.5,155,,
2026-06-25,DHPL,,295,276.1,283.3,,,7008,1993258.8,41,,
2026-06-25,DLBS,,1291,1083.8,1277.2,,,1148,1420467.1,42,,
2026-06-25,DOLTI,,352.7,344,350.9,,,13491,4715645.4,114,,
2026-06-25,DORDI,,254.9,250,251,,,23894,6016651.7,163,,
2026-06-25,EBL,,705,696,699,,,102686,71586175.3,150,,
2026-06-25,EHPL,,390,380.2,383,,,19640,7495164.6,69,,
2026-06-25,ENL,,870,801.1,847,,,2357,1947593.1,50,,
2026-06-25,FMDBL,,806.4,761,772,,,5166,3956297.5,54,,
2026-06-25,FOWAD,,1002,990,996,,,961,957098.1,25,,
2026-06-25,GBIME,,240.4,230,240,,,150830,36056146.8,258,,
2026-06-25,GBLBS,,773,749.9,767,,,1321,997379.7,35,,
2026-06-25,GCIL,,368,364,365,,,13015,4753907.6,149,,
2026-06-25,GFCL,,635,627,632.9,,,11562,7263616.3,65,,
2026-06-25,GHL,,224,219,223.8,,,17972,3993190.4,86,,
2026-06-25,GILB,,1113,1085.2,1101,,,999,1090225.3,22,,
2026-06-25,GLBSL,,1859.9,1800,1835,,,1235,2242322.8,33,,
2026-06-25,GLH,,257.8,250.4,252,,,23015,5843067.2,149,,
2026-06-25,GMFBS,,1243,1220,1243,,,464,566665,7,,
2026-06-25,GMFIL,,484.6,470,475,,,14312,6818112.6,81,,
2026-06-25,GMLI,,1188,1157,1174,,,1154,1341276.6,53,,
2026-06-25,GUFL,,554,546,551.4,,,8318,4571838.6,58,,
2026-06-25,GVL,,480,476,478,,,2150,1025540.9,53,,
2026-06-25,HATHY,,746.9,730,739.8,,,3652,2682597.5,77,,
2026-06-25,HBL,,195,191.1,194.9,,,27396,5302363.2,493,,
2026-06-25,HDHPC,,221.4,205,209,,,128339,26635263.3,455,,
2026-06-25,HDL,,1148,1140.1,1147,,,16675,19087409.1,229,,
2026-06-25,HFIN,,767,720.3,753,,,22045,16632769.7,668,,
2026-06-25,HHL,,353.1,337,340,,,15739,5362470.2,130,,
2026-06-25,HIDCL,,258.9,253,256.5,,,34489,8797186.2,198,,
2026-06-25,HIMSTAR,,810,763.4,775,,,4079,3177715,72,,
2026-06-25,HLBSL,,877,865,875,,,296,256763,9,,
2026-06-25,HLI,,331,326,331,,,23298,7652225,220,,
2026-06-25,HPPL,,367.7,357.8,360.1,,,13777,4977677.2,85,,
2026-06-25,HRL,,596,585,588,,,63795,37561083.3,590,,
2026-06-25,HURJA,,239.8,234.2,236.2,,,23969,5673131.2,113,,
2026-06-25,ICFC,,624,606.2,620.9,,,4063,2509301.5,42,,
2026-06-25,IHL,,377,366.7,375,,,9333,3461408.8,90,,
2026-06-25,ILBS,,908,883.1,908,,,162,144439.1,12,,
2026-06-25,ILI,,425,420.5,423.1,,,4008,1696845.9,152,,
2026-06-25,JBLB,,1260,1250.1,1257,,,2068,2595065.7,77,,
2026-06-25,JFL,,405,400,401,,,6229,2504704.1,46,,
2026-06-25,JHAPA,,1282,1200,1260,,,9316,11584220.7,183,,
2026-06-25,JOSHI,,270,262.1,268,,,11831,3133604.3,72,,
2026-06-25,JSLBB,,1020,1000,1018,,,849,858587.4,19,,
2026-06-25,KBL,,221.5,207.8,208,,,212068,44250517,538,,
2026-06-25,KBSH,,1390,1360,1390,,,80,109351,7,,
2026-06-25,KDL,,802.9,788,790,,,2455,1948717.8,55,,
2026-06-25,KHPL,,930,875,930,,,18194,16584276.8,523,,
2026-06-25,KKHC,,251,237,237.1,,,27257,6550186.1,159,,
2026-06-25,KMCDB,,930,803.2,920,,,5195,4335774.5,79,,
2026-06-25,KPCL,,498.1,472,477,,,4761,2268605.9,60,,
2026-06-25,LEC,,216,203.3,213.5,,,58851,12541926.1,203,,
2026-06-25,LICN,,807.8,790,803.9,,,4527,3589960.9,41,,
2026-06-25,LLBS,,924,923,923,,,91,84063,2,,
2026-06-25,LSL,,218,215.5,218,,,23602,5112449.4,97,,
2026-06-25,MABEL,,704,668,684,,,5901,4011981.9,131,,
2026-06-25,MAKAR,,485,480,480.5,,,1529,737174.5,26,,
2026-06-25,MANDU,,825,815,816.1,,,1666,1362858,24,,
2026-06-25,MATRI,,869,857,859,,,842,726478.1,18,,
2026-06-25,MBJC,,278,275.1,277,,,9342,2585724.5,149,,
2026-06-25,MBL,,245,240.3,243.5,,,42487,10347312.4,81,,
2026-06-25,MCHL,,306.9,300,301,,,5450,1640753.1,70,,
2026-06-25,MEHL,,349,342,342.2,,,1694,584722,41,,
2026-06-25,MEL,,232,215.3,225,,,7758,1753817.6,115,,
2026-06-25,MEN,,586.8,580,580.4,,,39289,22838196.4,278,,
2026-06-25,MERO,,715,702.5,712,,,3946,2786506.4,32,,
2026-06-25,MFIL,,790.9,750,777.8,,,40394,31425321.7,122,,
2026-06-25,MHCL,,339.9,335.2,339,,,1611,541948.6,40,,
2026-06-25,MHL,,494.4,467,477,,,9578,4593063.1,71,,
2026-06-25,MHNL,,263.4,240.4,247,,,3481,859646.1,51,,
2026-06-25,MKCL,,1120,1087.1,1104,,,1862,2040220.3,52,,
2026-06-25,MKHC,,308.7,301.2,304,,,8111,2477648.9,81,,
2026-06-25,MKHL,,499,472.3,499,,,3845,1874583.5,50,,
2026-06-25,MKJC,,475,461.2,469,,,3544,1674316.2,26,,
2026-06-25,MLBBL,,1183.9,1150.5,1168,,,180,208570.6,11,,
2026-06-25,MLBS,,1185,1160,1160,,,630,735056.6,16,,
2026-06-25,MLBSL,,1789,1722,1750,,,299,522197.8,15,,
2026-06-25,MMKJL,,489,466.1,479,,,430,205165,22,,
2026-06-25,MPFL,,618,600,617,,,13702,8416026.2,71,,
2026-06-25,MSHL,,666.5,630,637,,,960,616081.9,31,,
2026-06-25,MSLB,,1256.9,1230,1248,,,173,214192.2,17,,
2026-06-25,NABIL,,524,521,521.9,,,47945,25058372,495,,
2026-06-25,NADEP,,739,710,730.5,,,1074,774446.9,25,,
2026-06-25,NBL,,263.8,261.5,263.4,,,50039,13130285.4,141,,
2026-06-25,NESDO,,1567.9,1522.9,1565,,,1423,2183832.6,36,,
2026-06-25,NFS,,602,585,586,,,11330,6707982.9,89,,
2026-06-25,NGPL,,415,408.2,412,,,84647,34844364.1,321,,
2026-06-25,NHDL,,636.9,630,635,,,1908,1208445.5,14,,
2026-06-25,NHPC,,272,265,269,,,119956,32143274.9,442,,
2026-06-25,NICA,,333,328,331,,,46876,15420833.9,221,,
2026-06-25,NICLBSL,,568.9,558.1,560,,,2784,1563750.9,65,,
2026-06-25,NIFRA,,254,249.6,251.7,,,40677,10205389.7,327,,
2026-06-25,NIMB,,194.8,190.5,192,,,63137,12091435.4,327,,
2026-06-25,NLIC,,750,740.2,745,,,19751,14682577.2,153,,
2026-06-25,NLICL,,573.2,565,566,,,7558,4288694.2,52,,
2026-06-25,NLO,,269.4,269.4,269.4,,,0,0,0,,
2026-06-25,NMB,,241,237.5,238.1,,,11803,2816508.1,76,,
2026-06-25,NMBMF,,634,622,634,,,529,331109,9,,
2026-06-25,NMFBS,,1135,1106.1,1115,,,2230,2479350.7,29,,
2026-06-25,NMLBBL,,567,559,565,,,5184,2907258.2,62,,
2026-06-25,NRIC,,959,940,949,,,14456,13709074.8,220,,
2026-06-25,NRM,,322,314,317,,,8198,2598752.3,130,,
2026-06-25,NRN,,1441,1400,1429,,,51298,73256705.8,323,,
2026-06-25,NTC,,849,842,845,,,7792,6581964.1,154,,
2026-06-25,NUBL,,636,630,632,,,2294,1450871.8,22,,
2026-06-25,NWCL,,760,744.2,748.2,,,340,253772,13,,
2026-06-25,NYADI,,400,375,382,,,3015,1152135.3,50,,
2026-06-25,OHL,,685,678,680.1,,,933,636098.9,14,,
2026-06-25,OMPL,,1060,1043.6,1054,,,3358,3532634,126,,
2026-06-25,PCBL,,235,232.3,233,,,25326,5905171.7,102,,
2026-06-25,PCIL,,696,675.5,680,,,30094,20520426.7,1158,,
2026-06-25,PFL,,370,361,364,,,1484,540615.6,22,,
2026-06-25,PHCL,,305.2,300,300,,,37449,11273536.8,227,,
2026-06-25,PMHPL,,333,317.2,323.9,,,2420,776485.5,42,,
2026-06-25,PMLI,,465,456,458.2,,,5880,2686969.2,83,,
2026-06-25,PPCL,,363,351.1,351.1,,,5973,2119430.2,40,,
2026-06-25,PPL,,341,317.3,335,,,8258,2775464.3,89,,
2026-06-25,PROFL,,462.9,447,450,,,4856,2197615.9,39,,
2026-06-25,PRVU,,191.8,183,189.9,,,72688,13828056.3,348,,
2026-06-25,PURE,,870,842,870,,,1582,1350358,50,,
2026-06-25,RADHI,,735,723.1,732,,,24702,17971708.7,115,,
2026-06-25,RAWA,,462,449,450,,,57670,26030138.5,277,,
2026-06-25,RFPL,,355.5,342.6,350,,,14325,4988379.9,122,,
2026-06-25,RHGCL,,271.3,260,266.5,,,16994,4532305.8,101,,
2026-06-25,RHPL,,266.1,260.1,265,,,5885,1552531.2,79,,
2026-06-25,RIDI,,340,325,335,,,106192,35717800.4,374,,
2026-06-25,RLEL,,887,861,870.1,,,5387,4694360.5,206,,
2026-06-25,RLFL,,505,482.1,489,,,45518,22389541.4,255,,
2026-06-25,RNLI,,453.9,447.2,452,,,7995,3606186.9,179,,
2026-06-25,RSDC,,655,638,654,,,4402,2831694.7,33,,
2026-06-25,RSML,,3249,3060,3200,,,38199,120829706.6,797,,
2026-06-25,RURU,,658,640,645,,,4176,2683202.1,44,,
2026-06-25,SAGAR,,1575,1513.4,1541,,,2609,4026981,78,,
2026-06-25,SAHAS,,650,638.1,648.9,,,90809,58471987.8,515,,
2026-06-25,SAIL,,1019.5,946,964,,,10658,10237417.2,227,,
2026-06-25,SANIMA,,354,346.1,351.8,,,32753,11490319.4,137,,
2026-06-25,SANVI,,670,655,660,,,8874,5889344.2,125,,
2026-06-25,SARBTM,,830,813,814,,,12481,10196171.6,69,,
2026-06-25,SBI,,393,387.6,390.8,,,209029,81518918.1,48,,
2026-06-25,SBL,,390.3,388,389.8,,,63200,24571712.2,130,,
2026-06-25,SCB,,649.9,632.8,641.5,,,1610,1032281.7,54,,
2026-06-25,SGHC,,348.9,338.6,340,,,4239,1446511.6,60,,
2026-06-25,SHEL,,309,299,300.4,,,58264,17515921.2,201,,
2026-06-25,SHIVM,,635,627.1,628,,,84094,52983768.5,504,,
2026-06-25,SHL,,499.9,490,494,,,10134,5027270.3,48,,
2026-06-25,SHLB,,1450,1420,1450,,,330,472217,9,,
2026-06-25,SHPC,,500,493,495,,,32322,16068080.7,136,,
2026-06-25,SIFC,,550,542.1,546,,,3693,2010573.1,27,,
2026-06-25,SIKLES,,568,560,562.3,,,5867,3309257.4,62,,
2026-06-25,SIPD,,688,669.4,679.7,,,7686,5220281.2,360,,
2026-06-25,SJCL,,276,272.5,275,,,14175,3884368,76,,
2026-06-25,SJLIC,,425,420,422.6,,,11046,4660994.7,101,,
2026-06-25,SKBBL,,761.8,751,758.9,,,10903,8240582.9,103,,
2026-06-25,SKHEL,,1056,1011,1045,,,2608,2688731.3,158,,
2026-06-25,SKHL,,939.9,900,934,,,12488,11541198.4,301,,
2026-06-25,SLBBL,,816.1,805.3,812.8,,,7059,5736438,49,,
2026-06-25,SLBSL,,1246.3,1180,1187,,,1016,1221529,33,,
2026-06-25,SMATA,,755,749,750,,,3926,2946602,62,,
2026-06-25,SMB,,1998,1850,1935.5,,,6925,13534545.3,90,,
2026-06-25,SMFBS,,1520,1445,1520,,,168,250189.8,9,,
2026-06-25,SMH,,578,555,562,,,7515,4277515.1,53,,
2026-06-25,SMHL,,483,451.3,473.5,,,9123,4331311.3,116,,
2026-06-25,SMJC,,465,449,455,,,3097,1410321,50,,
2026-06-25,SMPDA,,834,800.1,810,,,277,222955.7,16,,
2026-06-25,SNLI,,440,435,438.5,,,14070,6146370.8,176,,
2026-06-25,SOHL,,635.5,606.1,612,,,76091,46874893.7,1270,,
2026-06-25,SONA,,427,416.2,424,,,10634,4463149,156,,
2026-06-25,SOPL,,988.8,940.1,966.1,,,132596,127725427.7,8234,,
2026-06-25,SPC,,436,427.7,435.9,,,5218,2243202.1,47,,
2026-06-25,SPDL,,377,364.8,368,,,46952,17250259.6,146,,
2026-06-25,SPHL,,580,564,577.6,,,13681,7875439,44,,
2026-06-25,SPL,,670,660,670,,,547,361410.6,14,,
2026-06-25,SRLI,,385,382.5,384.8,,,6930,2659339.2,144,,
2026-06-25,SSHL,,202,198,199.8,,,106680,21349964.1,363,,
2026-06-25,STC,,5300,5298,5299,,,98,519330,6,,
2026-06-25,SWASTIK,,2332,2180,2250.5,,,365,810362,25,,
2026-06-25,SWBBL,,713,700,706,,,12910,9086003.2,108,,
2026-06-25,SWMF,,648.9,632.5,646,,,2910,1870466.9,40,,
2026-06-25,SYPNL,,1410,1375.5,1395,,,19950,27741931.1,413,,
2026-06-25,TAMOR,,445.9,442.1,444.1,,,13296,5894718,116,,
2026-06-25,TPC,,365,354.3,359,,,9473,3395103.2,55,,
2026-06-25,TPKHL,,524.6,456.6,524.6,,,338,175050.8,34,,
2026-06-25,TRH,,770,751.2,766,,,625,478354.8,14,,
2026-06-25,TSHL,,495,475,475,,,4611,2213528.5,68,,
2026-06-25,TTL,,766,749,754,,,6654,5025943.6,181,,
2026-06-25,TVCL,,495,485,486.4,,,4377,2152509.6,32,,
2026-06-25,UHEWA,,619,597.1,600,,,29548,17932235.5,198,,
2026-06-25,ULBSL,,2820,2780,2820,,,154,431345.4,13,,
2026-06-25,ULHC,,413.4,402,411.9,,,4684,1917317,47,,
2026-06-25,UMHL,,598.9,585,589.9,,,74018,43538001.6,219,,
2026-06-25,UMRH,,539.7,527,539.7,,,5034,2666136.2,52,,
2026-06-25,UNHPL,,399.9,388.1,392,,,18539,7261499.3,95,,
2026-06-25,UNL,,46900,46800,46800,,,20,937000,2,,
2026-06-25,UNLB,,1472,1291,1292,,,3739,5074505.5,88,,
2026-06-25,UPCL,,355,340,355,,,24304,8483256.1,117,,
2026-06-25,UPPER,,195.9,191,194,,,56067,10864757.5,389,,
2026-06-25,USHEC,,494,485,493,,,5332,2602189.8,63,,
2026-06-25,USHL,,570,549.1,560,,,1154,643723.4,34,,
2026-06-25,USLB,,1318,1245,1263,,,4174,5319122.6,65,,
2026-06-25,VLBS,,705,691,700,,,1530,1072092.6,71,,
2026-06-25,VLUCL,,465,451.1,463,,,3840,1759236,61,,
2026-06-25,YMHL,,524.6,455.7,524.6,,,200,102876,20,,
2026-06-26,ACLBSL,,952,935,939,,,1611,1514017,20,,
2026-06-26,ADBL,,308,303,305,,,8138,2477045.6,103,,
2026-06-26,AHL,,493,455,468.6,,,9472,4355596.1,79,,
2026-06-26,AHPC,,267,264,264.3,,,49651,13137752.9,215,,
2026-06-26,AKJCL,,369.9,361,362.6,,,419420,153442549.9,592,,
2026-06-26,AKPL,,269.8,246.4,256.8,,,43756,11203532.5,203,,
2026-06-26,ALBSL,,1084,1055,1070,,,14709,15828282.7,42,,
2026-06-26,ALICL,,443,435,440.1,,,13287,5856041.8,84,,
2026-06-26,ANLB,,5894,5721,5894,,,333,1938422,20,,
2026-06-26,APHL,,905,873.1,875,,,25803,22872906.2,1065,,
2026-06-26,API,,358,334,336.9,,,185402,63216825,464,,
2026-06-26,AVYAN,,1070,1040.1,1060,,,1451,1524181,42,,
2026-06-26,BANDIPUR,,788,760.5,770,,,10998,8458321.6,249,,
2026-06-26,BARUN,,329.9,322,325,,,12410,4043841,87,,
2026-06-26,BBC,,4293,4190,4260,,,254,1076835,19,,
2026-06-26,BEDC,,354,340,342.5,,,21011,7250799.3,155,,
2026-06-26,BFC,,520,506.3,513,,,44614,23007202.9,173,,
2026-06-26,BGWT,,614.7,563,598.9,,,4420,2597812,73,,
2026-06-26,BHCL,,559,543.1,558.7,,,82999,45927261.9,369,,
2026-06-26,BHDC,,450,426,444,,,6232,2777368.3,64,,
2026-06-26,BHL,,221.5,204.9,210.2,,,27113,5720122.5,189,,
2026-06-26,BHPL,,519.9,505.5,505.5,,,1342,684017.7,39,,
2026-06-26,BJHL,,862,814.6,825,,,3860,3206673.1,122,,
2026-06-26,BNHC,,324.8,315,315.1,,,3805,1203383.8,38,,
2026-06-26,BNL,,14744,14744,14744,,,10,147440,1,,
2026-06-26,BNT,,11740,11739.9,11740,,,50,586996,2,,
2026-06-26,BPCL,,670,617.5,654.9,,,44676,28886002.3,137,,
2026-06-26,BUNGAL,,682,652,662,,,59751,39995389.3,433,,
2026-06-26,CBBL,,914,910,910.7,,,12223,11130783.5,142,,
2026-06-26,CFCL,,643,593.6,619.5,,,62869,39182933.45,265,,
2026-06-26,CGH,,770,764,764,,,6617,5067394.1,88,,
2026-06-26,CHCL,,483,476.6,477,,,12562,6002379.8,100,,
2026-06-26,CHDC,,2209,2140.1,2165.3,,,9754,20985545.6,120,,
2026-06-26,CHL,,275,263.2,265,,,7045,1863374.4,55,,
2026-06-26,CIT,,1729,1699,1702,,,8228,13997201.3,188,,
2026-06-26,CITY,,413.8,387,407.9,,,287346,115458168.7,847,,
2026-06-26,CKHL,,627,609,620,,,597,365820,22,,
2026-06-26,CLI,,450,447,447.5,,,7226,3240034.8,152,,
2026-06-26,CREST,,1271,1135,1198.9,,,12425,14554485,162,,
2026-06-26,CYCL,,1444,1396.2,1432.9,,,2241,3147333.2,61,,
2026-06-26,CZBIL,,198.7,194.5,198,,,29095,5704872,133,,
2026-06-26,DDBL,,840,827.5,830,,,6800,5661351.1,66,,
2026-06-26,DHEL,,604,586.1,595,,,9290,5516660,205,,
2026-06-26,DHPL,,290,280.3,285,,,1797,509606.5,27,,
2026-06-26,DLBS,,1298.9,1211.1,1235,,,740,914021,14,,
2026-06-26,DOLTI,,352,345.1,346,,,24507,8521672.5,132,,
2026-06-26,DORDI,,253,248,248,,,30374,7599340.3,172,,
2026-06-26,EBL,,701.5,696.3,700,,,20087,14033509.9,132,,
2026-06-26,EHPL,,402.1,381.1,381.7,,,7095,2723551.2,69,,
2026-06-26,ENL,,847,822,846.5,,,293,243347,16,,
2026-06-26,FMDBL,,810.6,760,770,,,8921,6859818.6,88,,
2026-06-26,FOWAD,,1020,990,990,,,1406,1402779,45,,
2026-06-26,GBIME,,240.4,236,236.7,,,44620,10584428.1,226,,
2026-06-26,GBLBS,,770,755,767.6,,,782,595904.7,18,,
2026-06-26,GCIL,,373,358.1,362.5,,,18881,6817241.4,155,,
2026-06-26,GFCL,,636,625,630,,,5026,3159938.5,39,,
2026-06-26,GHL,,224,220.9,222,,,16233,3599609.3,82,,
2026-06-26,GILB,,1102.9,1086,1102,,,182,198071.8,13,,
2026-06-26,GLBSL,,1835,1785,1800,,,1021,1835261.5,27,,
2026-06-26,GLH,,256.9,250,252.6,,,27963,7036227.8,154,,
2026-06-26,GMFBS,,1270,1226,1226.2,,,575,708896.7,20,,
2026-06-26,GMFIL,,482.9,465.5,471.4,,,10003,4692049,59,,
2026-06-26,GMLI,,1170,1148,1167,,,936,1082547,28,,
2026-06-26,GUFL,,555,543,545,,,8169,4472614.2,70,,
2026-06-26,GVL,,480,477.3,477.6,,,13040,6245550.6,83,,
2026-06-26,HATHY,,740,722,722,,,6784,4917340.6,126,,
2026-06-26,HBL,,195.5,192.1,193,,,25765,4982670.2,354,,
2026-06-26,HDHPC,,211.8,206.7,207.8,,,86401,17962304.9,285,,
2026-06-26,HDL,,1156.9,1145,1147,,,17608,20208418.5,228,,
2026-06-26,HFIN,,765,748.1,755,,,27566,20862976.8,480,,
2026-06-26,HHL,,346.9,324.9,342,,,29544,10050801.7,154,,
2026-06-26,HIDCL,,257,253,254.9,,,47991,12179358.9,231,,
2026-06-26,HIMSTAR,,785,750,750,,,3483,2656110.5,85,,
2026-06-26,HLBSL,,884.8,860,875,,,1808,1557184.7,30,,
2026-06-26,HLI,,334.6,328.6,328.9,,,14972,4938389,181,,
2026-06-26,HPPL,,365,358.6,360.5,,,23227,8349965.3,110,,
2026-06-26,HRL,,594,585,586,,,38211,22452367.7,544,,
2026-06-26,HURJA,,236.9,234.3,234.3,,,25750,6053565.4,130,,
2026-06-26,ICFC,,625,615,625,,,2028,1250327,32,,
2026-06-26,IHL,,379,370,375,,,3804,1412490.9,42,,
2026-06-26,ILBS,,901,890.1,890.1,,,643,573872.7,17,,
2026-06-26,ILI,,426,420,421,,,12328,5205452.5,191,,
2026-06-26,JBLB,,1265,1251.2,1261,,,2726,3440410,73,,
2026-06-26,JFL,,405,400,401,,,6612,2655091.8,48,,
2026-06-26,JHAPA,,1326,1225,1308,,,13500,17500820.3,335,,
2026-06-26,JOSHI,,270,262,267,,,2649,703461.5,38,,
2026-06-26,JSLBB,,1048.5,1000,1031,,,469,474972.5,13,,
2026-06-26,KBL,,210.9,207.1,208,,,67682,14084085,325,,
2026-06-26,KBSH,,1358.9,1308,1357,,,418,558717.5,20,,
2026-06-26,KDL,,800,780,780,,,3102,2430516.2,70,,
2026-06-26,KHPL,,950,889.9,914,,,14555,13199419.3,341,,
2026-06-26,KKHC,,244,236.7,240.9,,,50669,12148106.6,148,,
2026-06-26,KMCDB,,892.4,820.6,821,,,2723,2275477.7,69,,
2026-06-26,KPCL,,480,472.1,475,,,4498,2133627.9,57,,
2026-06-26,LEC,,215,210.2,212.6,,,45241,9583878.9,184,,
2026-06-26,LICN,,807,791.1,804.9,,,6708,5378901.9,43,,
2026-06-26,LLBS,,923,923,923,,,18,16492,3,,
2026-06-26,LSL,,218.7,216.1,216.3,,,151428,32847991.2,78,,
2026-06-26,MABEL,,684,667.1,670,,,4876,3284923.2,110,,
2026-06-26,MAKAR,,481.5,472.3,478.2,,,2550,1222776.9,32,,
2026-06-26,MANDU,,828,791.7,823,,,631,509345,29,,
2026-06-26,MATRI,,880,846,850,,,604,516536,19,,
2026-06-26,MBJC,,280,275.5,277,,,20247,5598095.7,157,,
2026-06-26,MBL,,247.7,243,243,,,32449,7903702.6,90,,
2026-06-26,MCHL,,304.9,292.1,302,,,8061,2411194.8,88,,
2026-06-26,MEHL,,344.4,326.9,344,,,5828,1955980.7,64,,
2026-06-26,MEL,,228,213.8,225,,,8157,1833404.5,97,,
2026-06-26,MEN,,586,578,579,,,31724,18415951.6,236,,
2026-06-26,MERO,,710.9,702,710.9,,,3438,2432623.1,27,,
2026-06-26,MFIL,,878,740,790,,,87081,67774122.2,164,,
2026-06-26,MHCL,,339,335,335,,,2364,793107,33,,
2026-06-26,MHL,,490,465.8,476,,,9577,4503064.7,72,,
2026-06-26,MHNL,,250,243.2,250,,,3731,917442.8,43,,
2026-06-26,MKCL,,1135,1100,1112,,,1796,1982624,38,,
2026-06-26,MKHC,,310,304,308.5,,,9291,2852124.8,69,,
2026-06-26,MKHL,,490,480.2,480.2,,,3680,1780718.8,58,,
2026-06-26,MKJC,,483,460.4,465.1,,,2564,1196260,27,,
2026-06-26,MLBBL,,1184,1148.6,1167.9,,,313,360306,14,,
2026-06-26,MLBS,,1179.9,1151.8,1169,,,285,328990.4,9,,
2026-06-26,MLBSL,,1777,1700,1731,,,1054,1808767.1,36,,
2026-06-26,MMKJL,,484.8,471,479,,,1405,668461.6,21,,
2026-06-26,MPFL,,617,602,615.5,,,5759,3536208.2,41,,
2026-06-26,MSHL,,642,619,619,,,2309,1458290.5,52,,
2026-06-26,MSLB,,1267.8,1219,1253,,,736,909389,25,,
2026-06-26,NABIL,,529.9,519.5,525,,,47709,24892801.8,474,,
2026-06-26,NADEP,,739,720,730,,,948,689592.4,24,,
2026-06-26,NBL,,267.7,261.6,263,,,15814,4155565.2,95,,
2026-06-26,NESDO,,1548.9,1515,1540,,,2812,4290030.5,46,,
2026-06-26,NFS,,599.9,576,580,,,7882,4603069,76,,
2026-06-26,NGPL,,415,409.5,410,,,51286,21094387.4,242,,
2026-06-26,NHDL,,642,627.6,640,,,1402,887563.5,14,,
2026-06-26,NHPC,,270,262.3,265.7,,,141420,37643628.8,469,,
2026-06-26,NICA,,335,329,331.9,,,25518,8471099.9,128,,
2026-06-26,NICLBSL,,565,552,553.1,,,4535,2532841.8,56,,
2026-06-26,NIFRA,,254,250,250,,,46482,11658439.9,328,,
2026-06-26,NIMB,,194.8,190,191.8,,,55008,10526588.1,223,,
2026-06-26,NLIC,,750,744.9,747.5,,,11174,8332991.8,122,,
2026-06-26,NLICL,,575,565.5,567.1,,,11537,6573243,52,,
2026-06-26,NLO,,269.4,269.4,269.4,,,0,0,0,,
2026-06-26,NMB,,241.5,237.5,237.9,,,9709,2312409.9,68,,
2026-06-26,NMBMF,,623,622,622,,,1722,1071542,19,,
2026-06-26,NMFBS,,1125,1106,1115,,,3526,3926092.2,29,,
2026-06-26,NMLBBL,,574,559,560,,,2854,1599117.8,45,,
2026-06-26,NRIC,,965,944.1,947.8,,,18724,17784412.3,190,,
2026-06-26,NRM,,325,311,321,,,5813,1868194.1,79,,
2026-06-26,NRN,,1429.9,1411,1418,,,52433,74460664.7,214,,
2026-06-26,NTC,,850,844,845,,,6192,5234518,140,,
2026-06-26,NUBL,,635,632,635,,,367,232049,8,,
2026-06-26,NWCL,,760,745,746,,,660,493455,27,,
2026-06-26,NYADI,,388,380,380,,,2050,779691,25,,
2026-06-26,OHL,,696,681,683,,,506,346125.9,10,,
2026-06-26,OMPL,,1080,1035,1035,,,3699,3885996,98,,
2026-06-26,PCBL,,235.9,232.7,233,,,30850,7200153.8,95,,
2026-06-26,PCIL,,689.9,671,682,,,18481,12542824.9,779,,
2026-06-26,PFL,,376.9,362.7,366,,,5346,1968365.7,52,,
2026-06-26,PHCL,,304,299.1,300,,,58394,17573268.3,239,,
2026-06-26,PMHPL,,333,319,322,,,2268,727376,24,,
2026-06-26,PMLI,,464.9,455.3,455.3,,,9073,4148864,110,,
2026-06-26,PPCL,,357,345.2,353.9,,,7483,2606102.3,41,,
2026-06-26,PPL,,338,330,334,,,12894,4300068.9,93,,
2026-06-26,PROFL,,454,442,443.3,,,3309,1470561.8,32,,
2026-06-26,PRVU,,191.9,186,190,,,52160,9913686.2,277,,
2026-06-26,PURE,,860,840,848,,,4735,4008419.8,60,,
2026-06-26,RADHI,,742,723.1,729,,,22868,16614073.1,112,,
2026-06-26,RAWA,,459,449.1,454.5,,,41827,18880984.2,250,,
2026-06-26,RFPL,,354.7,346.1,350,,,16243,5685519,85,,
2026-06-26,RHGCL,,290,266.4,269,,,29347,8027885.8,175,,
2026-06-26,RHPL,,265,260.5,262,,,10324,2702560.4,90,,
2026-06-26,RIDI,,338.5,330,334,,,146337,48817769,369,,
2026-06-26,RLEL,,874.5,853.5,870,,,3663,3162288.5,162,,
2026-06-26,RLFL,,495,476.5,481.9,,,53781,26202314.3,212,,
2026-06-26,RNLI,,453,450.1,451,,,13883,6261894.4,157,,
2026-06-26,RSDC,,662,640.2,640.2,,,5284,3392433.5,35,,
2026-06-26,RSML,,3250,3160,3248,,,31125,100052899.6,587,,
2026-06-26,RURU,,655,643,643.1,,,7158,4642148.9,28,,
2026-06-26,SAGAR,,1578,1517,1570,,,8412,13114487.8,108,,
2026-06-26,SAHAS,,653.5,645,647,,,61540,39811401.3,428,,
2026-06-26,SAIL,,982,948,955,,,12236,11675943.3,238,,
2026-06-26,SANIMA,,359,351.7,352.3,,,30855,10868410.8,140,,
2026-06-26,SANVI,,665,646,650.5,,,10305,6720264.5,119,,
2026-06-26,SARBTM,,830,799,811,,,19562,15789679.7,144,,
2026-06-26,SBI,,394.4,387,393.9,,,61114,23836179,63,,
2026-06-26,SBL,,392,387,388,,,49450,19217935.9,122,,
2026-06-26,SCB,,659,640.1,641.8,,,6161,3954272.4,62,,
2026-06-26,SGHC,,348,335,336,,,8294,2805274,75,,
2026-06-26,SHEL,,304.4,298.5,299.1,,,52824,15828820.8,216,,
2026-06-26,SHIVM,,638,626,628.6,,,130169,81829932.8,423,,
2026-06-26,SHL,,493.1,491.6,492,,,8477,4173758.8,38,,
2026-06-26,SHLB,,1449,1410,1449,,,20,28590,2,,
2026-06-26,SHPC,,509.8,493,495.9,,,24737,12257426.6,104,,
2026-06-26,SIFC,,559.8,539.1,540,,,10518,5708290,71,,
2026-06-26,SIKLES,,567,560.2,561,,,8085,4549404.5,76,,
2026-06-26,SIPD,,685.7,661,673.5,,,15727,10550545.9,360,,
2026-06-26,SJCL,,278,270.1,273.1,,,3304,905309.5,68,,
2026-06-26,SJLIC,,425,420.1,423,,,7751,3264473.3,100,,
2026-06-26,SKBBL,,760,750.5,752,,,12823,9644968.1,125,,
2026-06-26,SKHEL,,1097,1022,1035,,,2390,2476552.5,98,,
2026-06-26,SKHL,,940,907,928,,,8912,8185779.5,245,,
2026-06-26,SLBBL,,815,810,811,,,1929,1563508,29,,
2026-06-26,SLBSL,,1259,1180,1207,,,4088,4888495.9,61,,
2026-06-26,SMATA,,755,745.2,750,,,3960,2963995,56,,
2026-06-26,SMB,,1945,1901,1930,,,2529,4886336.3,40,,
2026-06-26,SMFBS,,1544,1518,1544,,,100,152504,4,,
2026-06-26,SMH,,560,545,545,,,5188,2872105.2,68,,
2026-06-26,SMHL,,486.4,470,472.9,,,30264,14344177.6,186,,
2026-06-26,SMJC,,460,450,450,,,12906,5844915.3,84,,
2026-06-26,SMPDA,,829,804,807,,,2914,2348734.2,33,,
2026-06-26,SNLI,,439.8,433.3,438,,,10082,4408585.6,168,,
2026-06-26,SNORL,,343.5,298.7,343.5,,,70,22276,7,,
2026-06-26,SOHL,,627,609.1,627,,,54287,33476438.1,986,,
2026-06-26,SONA,,424,419,420,,,12008,5051127.9,169,,
2026-06-26,SOPL,,985,920,927,,,102340,96340296.8,4193,,
2026-06-26,SPC,,461.4,415,428,,,9345,3938985.6,82,,
2026-06-26,SPDL,,374.5,360,362.5,,,35362,12857694.1,153,,
2026-06-26,SPHL,,575,555,569.7,,,7074,4035641.9,45,,
2026-06-26,SPL,,670,660,665,,,494,327227,17,,
2026-06-26,SRLI,,385,380.4,383,,,18936,7239719.3,133,,
2026-06-26,SSHL,,201.9,198,198.9,,,69601,13889503.2,307,,
2026-06-26,STC,,5200,5154,5190,,,98,508945,5,,
2026-06-26,SWASTIK,,2210,2200,2201,,,253,558080.6,12,,
2026-06-26,SWBBL,,705,693,701,,,13604,9506191.5,120,,
2026-06-26,SWMF,,648.5,637,640,,,1250,800792.9,32,,
2026-06-26,SYPNL,,1412.9,1325.3,1367,,,27629,38193242.8,439,,
2026-06-26,TAMOR,,446.9,444.1,445,,,11929,5308119.8,83,,
2026-06-26,TPC,,376.9,355,356,,,21922,7807041.6,80,,
2026-06-26,TPKHL,,603.2,540.3,603.2,,,630,378489,63,,
2026-06-26,TRH,,772,766,766,,,491,378476,5,,
2026-06-26,TSHL,,489.2,473,475,,,3754,1801485.6,44,,
2026-06-26,TTL,,760,750,752,,,7567,5695915.1,171,,
2026-06-26,TVCL,,510.7,485,493.9,,,6299,3061976.3,49,,
2026-06-26,UHEWA,,615,590,590,,,23880,14340534.8,182,,
2026-06-26,ULBSL,,2800,2790,2790,,,215,600704,9,,
2026-06-26,ULHC,,427,410,423,,,6563,2738843.3,73,,
2026-06-26,UMHL,,594,580,588.6,,,39800,23342450.7,146,,
2026-06-26,UMRH,,542.7,527.5,528.1,,,5827,3086391.7,44,,
2026-06-26,UNHPL,,398.8,380,397.3,,,49117,19307828.1,141,,
2026-06-26,UNL,,47350,46700.1,46700.1,,,50,2349501,4,,
2026-06-26,UNLB,,1369,1315,1315,,,780,1039845,17,,
2026-06-26,UPCL,,355.9,344,344.1,,,37778,13106753.3,190,,
2026-06-26,UPPER,,196,193,194,,,66357,12844921,403,,
2026-06-26,USHEC,,495,488.2,491.3,,,2230,1095205,28,,
2026-06-26,USHL,,585.2,552.2,562.9,,,1426,795699.9,47,,
2026-06-26,USLB,,1285,1245.6,1274.5,,,713,904950,20,,
2026-06-26,VLBS,,702.9,691,695,,,2944,2050270.7,74,,
2026-06-26,VLUCL,,467,456,458.5,,,452,207799,27,,
2026-06-26,YMHL,,603.2,540.3,603.2,,,350,209593,35,,
2026-06-29,ACLBSL,,939,916,938,,,4085,3762613.1,61,,
2026-06-29,ADBL,,305,300.2,304.7,,,7222,2190116.9,89,,
2026-06-29,AHL,,480.9,437.1,448,,,6301,2828109.1,77,,
2026-06-29,AHPC,,265,260.1,262.2,,,41458,10871381.9,186,,
2026-06-29,AKJCL,,364.9,346,357.9,,,222203,79900926,617,,
2026-06-29,AKPL,,257,254,254.1,,,39337,10045478.1,170,,
2026-06-29,ALBSL,,1080,1055,1063,,,865,921663,39,,
2026-06-29,ALICL,,440,433,436.9,,,17209,7503999.2,104,,
2026-06-29,ANLB,,5884.9,5722,5884.9,,,509,2929470.6,29,,
2026-06-29,APHL,,875,831.3,855,,,31428,26894334.1,1440,,
2026-06-29,API,,345,331,332.5,,,207481,69391677.1,497,,
2026-06-29,AVYAN,,1059,1031.1,1043,,,1444,1500521,45,,
2026-06-29,BANDIPUR,,767,741,748,,,22104,16584794.1,428,,
2026-06-29,BARUN,,325,318,319,,,35284,11298286.3,185,,
2026-06-29,BBC,,4280,4155,4246.9,,,211,891927,19,,
2026-06-29,BEDC,,345,330,331.4,,,38469,12875429.4,226,,
2026-06-29,BFC,,521.5,490,500,,,22822,11479443.4,124,,
2026-06-29,BGWT,,604,585.5,604,,,1038,620404.3,41,,
2026-06-29,BHCL,,586.6,542,545,,,45338,25135141,367,,
2026-06-29,BHDC,,441,422,440,,,8492,3733483.3,67,,
2026-06-29,BHL,,220.7,207.5,207.5,,,72705,15163225.6,283,,
2026-06-29,BHPL,,505.6,500,505,,,4713,2362967.5,60,,
2026-06-29,BJHL,,825.9,800,818,,,5123,4180095.8,137,,
2026-06-29,BNHC,,315.4,313,313,,,3074,964876,37,,
2026-06-29,BNL,,14744,14744,14744,,,0,0,0,,
2026-06-29,BNT,,11600,11600,11600,,,10,116000,1,,
2026-06-29,BPCL,,654.9,642,642,,,33936,21907642.8,100,,
2026-06-29,BUNGAL,,674,651,671.5,,,43084,28687020.5,347,,
2026-06-29,CBBL,,915,905,910.6,,,11251,10235204.9,135,,
2026-06-29,CFCL,,625,610,616.7,,,85647,52444340.3,241,,
2026-06-29,CGH,,775,762.1,768,,,21444,16415223.1,89,,
2026-06-29,CHCL,,477,475,476,,,30778,14634433.8,147,,
2026-06-29,CHDC,,2194,2126.2,2127,,,22383,47894600.9,114,,
2026-06-29,CHL,,268,260,260.9,,,8654,2259222.7,70,,
2026-06-29,CIT,,1719.9,1687,1690.5,,,9804,16611669.3,206,,
2026-06-29,CITY,,420,399.6,408,,,176446,72248368.3,768,,
2026-06-29,CKHL,,610,586,600,,,1724,1036455,25,,
2026-06-29,CLI,,450,440.7,445,,,6274,2793740.7,154,,
2026-06-29,CREST,,1256,1137.1,1196.9,,,5673,6719577.5,126,,
2026-06-29,CYCL,,1410,1385,1385,,,1355,1882939,40,,
2026-06-29,CZBIL,,198.6,194.2,196,,,23539,4610159.9,86,,
2026-06-29,DDBL,,835,820,820,,,6313,5204325.4,84,,
2026-06-29,DHEL,,624,575,582,,,10477,6108630.3,193,,
2026-06-29,DHPL,,288.5,281.1,281.5,,,2435,686971.1,35,,
2026-06-29,DLBS,,1420,1190,1420,,,1472,1819820,47,,
2026-06-29,DOLTI,,346,335.2,336,,,35735,12083538,225,,
2026-06-29,DORDI,,255,245,246,,,16160,3993266.2,113,,
2026-06-29,EBL,,700,695,698,,,22267,15520316.9,131,,
2026-06-29,EHPL,,383,377,378,,,16196,6153711.5,98,,
2026-06-29,ENL,,843.9,824,843.9,,,60,50082,5,,
2026-06-29,FMDBL,,772,757.2,761,,,4951,3762794.7,50,,
2026-06-29,FOWAD,,1001,980,980.1,,,4065,4000085.2,63,,
2026-06-29,GBIME,,239.3,237,239.3,,,371470,88362578.2,373,,
2026-06-29,GBLBS,,769,749,750,,,2570,1933576,52,,
2026-06-29,GCIL,,365,345,352.3,,,16173,5748626.8,215,,
2026-06-29,GFCL,,634,617.4,627,,,13219,8227168.6,64,,
2026-06-29,GHL,,222,217,222,,,31379,6863300.1,106,,
2026-06-29,GILB,,1104.7,1067.5,1095,,,2352,2520201.5,43,,
2026-06-29,GLBSL,,1806,1751,1798,,,642,1143268.6,22,,
2026-06-29,GLH,,252,248.3,251,,,22944,5730644.4,121,,
2026-06-29,GMFBS,,1260,1191.3,1211,,,760,924653.2,14,,
2026-06-29,GMFIL,,468,463,465,,,4481,2079946.7,44,,
2026-06-29,GMLI,,1170,1147.2,1170,,,1996,2298677.5,59,,
2026-06-29,GUFL,,547,539,540,,,8521,4618231.6,73,,
2026-06-29,GVL,,477,470,470,,,15207,7170220.4,129,,
2026-06-29,HATHY,,722,704,711,,,6238,4445314,97,,
2026-06-29,HBL,,193,191.1,192.7,,,22982,4408864.2,497,,
2026-06-29,HDHPC,,213.9,197.5,204,,,103095,21141951.3,406,,
2026-06-29,HDL,,1151,1140,1143.5,,,16527,18900667.8,232,,
2026-06-29,HFIN,,750,730.1,730.1,,,28578,21115912.3,627,,
2026-06-29,HHL,,342,336,338,,,14576,4919202,103,,
2026-06-29,HIDCL,,254,250,252.8,,,49719,12475694.3,288,,
2026-06-29,HIMSTAR,,755.8,712.5,745,,,5977,4469382,63,,
2026-06-29,HLBSL,,875,850.5,874.5,,,830,707399.3,27,,
2026-06-29,HLI,,330,321.4,324.8,,,46741,15132530.3,355,,
2026-06-29,HPPL,,359,354.2,357,,,19196,6835843.1,118,,
2026-06-29,HRL,,589,579.1,581,,,56082,32771769.9,692,,
2026-06-29,HURJA,,236,228,231.3,,,39810,9184164.7,163,,
2026-06-29,ICFC,,623,607,615,,,7224,4425385.5,50,,
2026-06-29,IHL,,375,365,365,,,7366,2703680.2,66,,
2026-06-29,ILBS,,914,875,892,,,1016,897439.9,32,,
2026-06-29,ILI,,421,415,417.3,,,11216,4678065.4,233,,
2026-06-29,JBLB,,1261,1250,1251,,,4376,5476740.9,113,,
2026-06-29,JFL,,401,399,400.2,,,7025,2810808,41,,
2026-06-29,JHAPA,,1325,1255,1299.9,,,8925,11576684.5,277,,
2026-06-29,JOSHI,,269,258.1,260,,,9097,2372388.5,80,,
2026-06-29,JSLBB,,1029.9,1000.1,1029.9,,,180,183263,9,,
2026-06-29,KBL,,210,205,207,,,173277,35766333,447,,
2026-06-29,KBSH,,1339,1284,1321,,,266,348840.3,16,,
2026-06-29,KDL,,798.9,759,759.1,,,5386,4134367.8,97,,
2026-06-29,KHPL,,892,870,880,,,13740,12069588.7,333,,
2026-06-29,KKHC,,244.5,238,239,,,45288,10865047.4,153,,
2026-06-29,KMCDB,,845.6,791,823,,,2052,1648736.5,36,,
2026-06-29,KPCL,,475,470.3,470.3,,,7818,3689972.5,66,,
2026-06-29,LEC,,215,208.1,211,,,45182,9492638.9,181,,
2026-06-29,LICN,,800,787,798.6,,,5107,4037790.6,63,,
2026-06-29,LLBS,,965,880.1,920,,,2489,2229546,48,,
2026-06-29,LSL,,222,205.5,222,,,55272,11994761.2,168,,
2026-06-29,MABEL,,670,639,658,,,10688,6986625.2,136,,
2026-06-29,MAKAR,,478.5,471,471,,,3242,1537354.5,31,,
2026-06-29,MANDU,,818.9,805,812,,,1656,1342743,24,,
2026-06-29,MATRI,,888,845.1,854.1,,,1333,1161454,27,,
2026-06-29,MBJC,,276.9,273,275.1,,,14472,3979281,179,,
2026-06-29,MBL,,243,239,240.5,,,62622,15073397.1,154,,
2026-06-29,MCHL,,302,290,293,,,6863,2018435.2,80,,
2026-06-29,MEHL,,340,331,335,,,4013,1339143.5,65,,
2026-06-29,MEL,,226,218,220,,,10876,2399044.7,136,,
2026-06-29,MEN,,581.9,573,574.2,,,25964,14958759.6,244,,
2026-06-29,MERO,,710,699,707.1,,,3115,2186398,34,,
2026-06-29,MFIL,,795.4,760,775.5,,,26549,20809839.6,95,,
2026-06-29,MHCL,,350,329,330,,,2934,989770,49,,
2026-06-29,MHL,,477.9,464,466.2,,,2627,1226723,34,,
2026-06-29,MHNL,,247,243.2,243.5,,,1922,468767.3,26,,
2026-06-29,MKCL,,1100,1060,1095,,,2233,2409244.5,59,,
2026-06-29,MKHC,,306,300,302,,,11865,3581620.3,110,,
2026-06-29,MKHL,,488.9,476,479,,,2870,1375872,48,,
2026-06-29,MKJC,,471,460.1,462,,,2226,1029476.9,33,,
2026-06-29,MLBBL,,1170,1140,1160,,,636,727178.3,24,,
2026-06-29,MLBS,,1164,1132.1,1163.9,,,260,297988.5,14,,
2026-06-29,MLBSL,,1731,1695,1710,,,748,1274050.8,28,,
2026-06-29,MMKJL,,479,470.1,473,,,485,230760.5,23,,
2026-06-29,MPFL,,614.9,605.3,613.9,,,9967,6055213.1,76,,
2026-06-29,MSHL,,617,601.1,607.9,,,1285,779205.9,39,,
2026-06-29,MSLB,,1230.1,1222.3,1222.3,,,301,369765.7,16,,
2026-06-29,NABIL,,530,522,524,,,29220,15339496.6,396,,
2026-06-29,NADEP,,725,721.1,722,,,466,337088.5,13,,
2026-06-29,NBL,,264.3,261.5,262.5,,,25405,6675196.8,115,,
2026-06-29,NESDO,,1547.9,1515,1530,,,813,1234384,25,,
2026-06-29,NFS,,596,570,576,,,4524,2605259.3,53,,
2026-06-29,NGPL,,410.9,405.1,408,,,75939,30942434.8,240,,
2026-06-29,NHDL,,635,621.2,630,,,1927,1214759.3,12,,
2026-06-29,NHPC,,278.9,261,262,,,97288,25498426.2,346,,
2026-06-29,NICA,,330.1,325,328.3,,,36913,12075470.6,170,,
2026-06-29,NICLBSL,,557,552,555,,,3859,2140312.1,85,,
2026-06-29,NIFRA,,250.5,247.7,248.1,,,46385,11536391,409,,
2026-06-29,NIMB,,194.8,184,190,,,63330,12078194.5,365,,
2026-06-29,NLIC,,746.9,740.1,741,,,16558,12313720.2,158,,
2026-06-29,NLICL,,573,565.2,570,,,13416,7648969.2,62,,
2026-06-29,NLO,,269.4,269.4,269.4,,,0,0,0,,
2026-06-29,NMB,,239,234,237.9,,,33682,7944268.3,114,,
2026-06-29,NMBMF,,620,616.1,616.1,,,917,565537.7,17,,
2026-06-29,NMFBS,,1115,1098,1115,,,1809,2006163.4,23,,
2026-06-29,NMLBBL,,559.4,550.2,550.4,,,6402,3560215.4,62,,
2026-06-29,NRIC,,951,915,942,,,29106,27187871.5,285,,
2026-06-29,NRM,,331,317,329,,,16080,5250988.8,184,,
2026-06-29,NRN,,1424,1396,1415,,,61605,87025629.3,306,,
2026-06-29,NTC,,848,838,843,,,8209,6921841.7,187,,
2026-06-29,NUBL,,635.9,621,626,,,1810,1130841.4,42,,
2026-06-29,NWCL,,742,730,730.1,,,1943,1434006,38,,
2026-06-29,NYADI,,381,369,379.9,,,5066,1897022.8,81,,
2026-06-29,OHL,,688.8,665.3,668.4,,,1664,1124353,15,,
2026-06-29,OMPL,,1045,1004.1,1007,,,3307,3343095,115,,
2026-06-29,PCBL,,234.5,230.1,233.3,,,32246,7499308.8,99,,
2026-06-29,PCIL,,682,647.9,662,,,24776,16549599.7,1034,,
2026-06-29,PFL,,370.8,355.2,365,,,3665,1321131.6,47,,
2026-06-29,PHCL,,302.9,296.1,298,,,43846,13094147.7,208,,
2026-06-29,PMHPL,,320,313.2,317.9,,,9468,3006399.1,24,,
2026-06-29,PMLI,,456,450.1,450.1,,,6326,2859614.3,109,,
2026-06-29,PPCL,,349.4,345,346,,,5940,2051442.3,33,,
2026-06-29,PPL,,333.9,317.3,327.9,,,9063,2974720.3,84,,
2026-06-29,PROFL,,445.9,435.3,438.3,,,3626,1588255.9,35,,
2026-06-29,PRVU,,191.8,187,189,,,89751,16931410.2,402,,
2026-06-29,PURE,,867,840,848.5,,,1052,899792.2,48,,
2026-06-29,RADHI,,729,710,717.8,,,46448,33192118.4,158,,
2026-06-29,RAWA,,460,445,449.9,,,31734,14239507.5,196,,
2026-06-29,RFPL,,351,345,351,,,15569,5424325.5,131,,
2026-06-29,RHGCL,,267.9,261.1,265,,,9392,2477114.8,74,,
2026-06-29,RHPL,,264,259,259.5,,,17133,4463361.1,116,,
2026-06-29,RIDI,,334,328,329.9,,,118762,39192028.6,345,,
2026-06-29,RLEL,,870,840,867,,,5587,4751232,250,,
2026-06-29,RLFL,,488,465,469,,,45312,21336352.1,167,,
2026-06-29,RNLI,,451,447.4,447.4,,,9263,4158030.3,223,,
2026-06-29,RSDC,,645,631.1,640,,,1964,1249165.4,29,,
2026-06-29,RSML,,3247,3120,3247,,,25644,81363252.9,475,,
2026-06-29,RURU,,644,637,639,,,620,396083.6,18,,
2026-06-29,SAGAR,,1570,1530.3,1533.4,,,2527,3894965.5,72,,
2026-06-29,SAHAS,,645,635,641.9,,,92824,59479030.5,559,,
2026-06-29,SAIL,,960,925,929,,,11983,11159192.7,253,,
2026-06-29,SANIMA,,352.8,350.2,352,,,69295,24339060.1,152,,
2026-06-29,SANVI,,655,635,637.1,,,8800,5626865.3,155,,
2026-06-29,SARBTM,,812,802.5,809,,,2280,1839712.6,47,,
2026-06-29,SBI,,393,387.6,390,,,5742,2231348.4,45,,
2026-06-29,SBL,,392,386.2,387.5,,,49220,19067155.9,110,,
2026-06-29,SCB,,654,640.09,641,,,6638,4251909.79,86,,
2026-06-29,SGHC,,343.9,335,335.1,,,2790,937722.8,59,,
2026-06-29,SHEL,,298.8,293.6,294,,,71606,21204321.3,265,,
2026-06-29,SHIVM,,634,621,624.1,,,75442,47097398.1,386,,
2026-06-29,SHL,,492,488.2,488.2,,,10113,4951644.2,57,,
2026-06-29,SHLB,,1420,1406.3,1420,,,70,98709,5,,
2026-06-29,SHPC,,499,489,491.2,,,28983,14240491.2,129,,
2026-06-29,SIFC,,554.6,534,534,,,15032,8108462.5,59,,
2026-06-29,SIKLES,,560,555,555.1,,,4341,2415490.5,53,,
2026-06-29,SIPD,,707,644,648,,,16505,10736886.9,469,,
2026-06-29,SJCL,,274,268.1,270,,,13928,3759479,79,,
2026-06-29,SJLIC,,422.9,418,421,,,10086,4223884.3,140,,
2026-06-29,SKBBL,,755,750,751,,,7296,5483833,92,,
2026-06-29,SKHEL,,1045,1005.2,1014,,,1923,1947945.3,115,,
2026-06-29,SKHL,,928,900,928,,,9780,8889158,314,,
2026-06-29,SLBBL,,810,803,810,,,2830,2282493.3,55,,
2026-06-29,SLBSL,,1205,1171,1200,,,2168,2552823,27,,
2026-06-29,SMATA,,754.9,745,750,,,2647,1985425.4,47,,
2026-06-29,SMB,,1987,1915,1955.2,,,8387,16361876.7,156,,
2026-06-29,SMFBS,,1498,1454,1454,,,173,252765.1,11,,
2026-06-29,SMH,,565,545.1,545.1,,,2130,1171806.4,55,,
2026-06-29,SMHL,,475,466.4,470,,,15336,7210945.6,115,,
2026-06-29,SMJC,,450,445,445,,,7693,3436156.6,112,,
2026-06-29,SMPDA,,814,789.6,806,,,1339,1061971.2,44,,
2026-06-29,SNLI,,438,433.5,434,,,11496,5002900.2,198,,
2026-06-29,SNORL,,395,353.8,395,,,60,22700,6,,
2026-06-29,SOHL,,658,614,625,,,56202,34914572.9,1159,,
2026-06-29,SONA,,425,419,419,,,12403,5220842.6,177,,
2026-06-29,SOPL,,921,885.1,885.3,,,98158,88036862.8,5521,,
2026-06-29,SPC,,420,413.1,415,,,3389,1410136.3,57,,
2026-06-29,SPDL,,370,360,363,,,10438,3765572.9,65,,
2026-06-29,SPHL,,579,545.1,563,,,4978,2770436.5,66,,
2026-06-29,SPL,,667,645.1,665.9,,,1539,1004145.4,29,,
2026-06-29,SRLI,,382,378.3,380,,,15328,5821904,211,,
2026-06-29,SSHL,,200,196,196.4,,,59038,11652212.3,281,,
2026-06-29,STC,,5191,5160,5165,,,418,2159490.6,19,,
2026-06-29,SWASTIK,,2200,2116,2173,,,918,1977346.8,37,,
2026-06-29,SWBBL,,705.9,667,698,,,2857,1994423.8,39,,
2026-06-29,SWMF,,634,625.6,629,,,2206,1390013.1,31,,
2026-06-29,SYPNL,,1380,1338,1343,,,37552,50752488,564,,
2026-06-29,TAMOR,,443,441,441.4,,,12687,5605441.5,110,,
2026-06-29,TPC,,356,353,354,,,8611,3043296,47,,
2026-06-29,TPKHL,,693.6,633.3,693.6,,,3620,2506563,362,,
2026-06-29,TRH,,784,769,771,,,3051,2355458.6,19,,
2026-06-29,TSHL,,475,465.1,467.9,,,1559,729631.6,37,,
2026-06-29,TTL,,750,740.1,742,,,5430,4034150.9,179,,
2026-06-29,TVCL,,499,484.1,495.9,,,26670,13143863.4,46,,
2026-06-29,UHEWA,,612,577,590,,,26243,15366511.3,320,,
2026-06-29,ULBSL,,2820,2750,2805,,,874,2423603.1,31,,
2026-06-29,ULHC,,444.1,416,416.6,,,6385,2664758.3,52,,
2026-06-29,UMHL,,592,575,584.8,,,30925,17959369.5,113,,
2026-06-29,UMRH,,528.9,524,525.1,,,4563,2397588,32,,
2026-06-29,UNHPL,,397.4,387.2,395.4,,,13948,5469398.3,77,,
2026-06-29,UNL,,46610,45501,46000,,,80,3698120,8,,
2026-06-29,UNLB,,1325,1288,1288.1,,,365,475076,19,,
2026-06-29,UPCL,,360,326.9,343.7,,,39684,13501558.1,170,,
2026-06-29,UPPER,,194,191.2,191.4,,,63640,12232184.9,439,,
2026-06-29,USHEC,,490,486.3,487,,,4665,2272373.7,36,,
2026-06-29,USHL,,579.7,530.1,558.9,,,1956,1089997.7,41,,
2026-06-29,USLB,,1275,1220,1255.8,,,2325,2862491.8,49,,
2026-06-29,VLBS,,692.9,685.2,685.3,,,1803,1240741.3,68,,
2026-06-29,VLUCL,,455,448,450.1,,,2905,1307640.6,48,,
2026-06-29,YMHL,,693.6,603.2,693.6,,,1150,794977,115,,
2026-06-30,ACLBSL,,938,915,930,,,1013,930402,37,,
2026-06-30,ADBL,,305,301,302,,,14556,4396078.6,159,,
2026-06-30,AHL,,470,435,448.8,,,4653,2043522,61,,
2026-06-30,AHPC,,264,260,261,,,74273,19370918.6,276,,
2026-06-30,AKJCL,,363.1,357,360,,,275111,98901287.4,633,,
2026-06-30,AKPL,,255,252.1,252.5,,,71324,18054174.8,213,,
2026-06-30,ALBSL,,1150,1040,1075,,,4809,5125432.5,109,,
2026-06-30,ALICL,,436.9,430,434.8,,,18840,8198638.5,135,,
2026-06-30,ANLB,,5882,5711.6,5882,,,372,2143150.6,26,,
2026-06-30,APHL,,855,788,849.9,,,27374,22885217.4,1437,,
2026-06-30,API,,334.8,329.9,331.7,,,190230,62932069,522,,
2026-06-30,AVYAN,,1045,1032.2,1044.7,,,706,734330,34,,
2026-06-30,BANDIPUR,,750.9,710.6,722,,,19129,14012122.3,442,,
2026-06-30,BARUN,,320,314,314,,,20598,6512462.9,128,,
2026-06-30,BBC,,4261,4141,4162,,,193,809019,19,,
2026-06-30,BEDC,,339.8,314.9,325,,,41942,13784301.3,194,,
2026-06-30,BFC,,509.5,486.2,492.1,,,26201,13004815.9,175,,
2026-06-30,BGWT,,617.9,585,587.1,,,1429,840178.7,38,,
2026-06-30,BHCL,,550,529,536,,,21900,11716034.1,304,,
2026-06-30,BHDC,,439,433.1,433.3,,,10529,4581143.2,65,,
2026-06-30,BHL,,209.9,205.1,206.2,,,74056,15279457.7,362,,
2026-06-30,BHPL,,503,490,490,,,9049,4462554.7,92,,
2026-06-30,BJHL,,824,777.1,790.2,,,5826,4628354.6,146,,
2026-06-30,BNHC,,314,306.1,312,,,2983,928940.4,33,,
2026-06-30,BNL,,14301.8,14301.8,14301.8,,,10,143018,1,,
2026-06-30,BNT,,11600,11600,11600,,,0,0,0,,
2026-06-30,BPCL,,649,636,636,,,16893,10770597.7,115,,
2026-06-30,BUNGAL,,705,625.7,639,,,45755,30142504.2,327,,
2026-06-30,CBBL,,911,905,906.5,,,20142,18271835.9,200,,
2026-06-30,CFCL,,618.5,590,592,,,73934,44498713.5,262,,
2026-06-30,CGH,,770,761,764,,,7118,5452529.9,53,,
2026-06-30,CHCL,,477,472,472.5,,,11763,5576900.8,129,,
2026-06-30,CHDC,,2164.9,2100.1,2115,,,22019,46475271.2,155,,
2026-06-30,CHL,,263.5,258,261.9,,,10171,2637198,62,,
2026-06-30,CIT,,1791,1680,1685.9,,,9520,16178543,217,,
2026-06-30,CITY,,420,398,404,,,87210,35288899,441,,
2026-06-30,CKHL,,599,586,599,,,291,170717,18,,
2026-06-30,CLI,,449,441.1,443,,,11086,4907963.9,199,,
2026-06-30,CREST,,1256.7,1171.2,1192,,,6097,7155729.8,100,,
2026-06-30,CYCL,,1390,1350,1357,,,862,1175948.4,50,,
2026-06-30,CZBIL,,197.9,190.2,194,,,30137,5862800.7,145,,
2026-06-30,DDBL,,827,816.2,817,,,9727,7964806.8,100,,
2026-06-30,DHEL,,610,567,567,,,11477,6660032.2,221,,
2026-06-30,DHPL,,279.9,273.1,279,,,2677,738027.4,28,,
2026-06-30,DLBS,,1349,1207,1349,,,3324,4238426,67,,
2026-06-30,DOLTI,,344,330,330.5,,,24835,8280920.8,186,,
2026-06-30,DORDI,,248,240,242,,,27955,6758329.6,189,,
2026-06-30,EBL,,700,692,694,,,28812,20022485.4,230,,
2026-06-30,EHPL,,385,365,373,,,15024,5613542.5,126,,
2026-06-30,ENL,,830,820,820,,,230,189715,15,,
2026-06-30,FMDBL,,767,760,762.8,,,5475,4167792.8,62,,
2026-06-30,FOWAD,,970,955,960,,,3275,3149713.7,81,,
2026-06-30,GBIME,,246,238,238,,,117471,28043991.4,345,,
2026-06-30,GBLBS,,761,730.3,748.8,,,4435,3293090.2,63,,
2026-06-30,GCIL,,355,348,349,,,20739,7257164.1,210,,
2026-06-30,GFCL,,658,610,650,,,20482,12774553,124,,
2026-06-30,GHL,,222.9,215,215.5,,,57759,12546705,175,,
2026-06-30,GILB,,1158.7,1075,1076,,,2053,2317460,21,,
2026-06-30,GLBSL,,1850,1754,1838.8,,,1770,3227251,62,,
2026-06-30,GLH,,254.8,248.1,248.1,,,23802,5955742.3,152,,
2026-06-30,GMFBS,,1247,1180.4,1218,,,236,282211.3,18,,
2026-06-30,GMFIL,,469.6,450,459,,,6735,3097283,65,,
2026-06-30,GMLI,,1164,1146.7,1146.8,,,1238,1423583.5,47,,
2026-06-30,GUFL,,548,535,535,,,7443,4012041.9,65,,
2026-06-30,GVL,,472,465.1,465.8,,,6598,3078481.1,94,,
2026-06-30,HATHY,,720,683.8,687,,,9658,6672121.6,167,,
2026-06-30,HBL,,193,191,191.1,,,25063,4796976.6,612,,
2026-06-30,HDHPC,,207,202,202.5,,,74856,15284151,350,,
2026-06-30,HDL,,1154,1140,1141,,,18147,20722340,317,,
2026-06-30,HFIN,,743.8,721,721,,,20249,14660684.9,698,,
2026-06-30,HHL,,345,330,332,,,24009,8022108.2,119,,
2026-06-30,HIDCL,,252.8,248.9,250,,,36176,9041263.8,265,,
2026-06-30,HIMSTAR,,795,739.2,751,,,6351,4826004.5,105,,
2026-06-30,HLBSL,,886,849.1,873.9,,,1743,1484233.4,24,,
2026-06-30,HLI,,324,318,319.8,,,40405,12956894,399,,
2026-06-30,HPPL,,359.8,353,358,,,31914,11401083,134,,
2026-06-30,HRL,,610,570,571,,,60645,34850902.4,759,,
2026-06-30,HURJA,,232,225.1,229,,,33676,7743973.6,119,,
2026-06-30,ICFC,,612,601.2,605,,,11261,6807963.3,96,,
2026-06-30,IHL,,365,350,353,,,11861,4206554.5,100,,
2026-06-30,ILBS,,885,866,884,,,2911,2526582.3,32,,
2026-06-30,ILI,,420,415,419,,,4671,1950250.8,185,,
2026-06-30,JBLB,,1250,1236,1236,,,5868,7284739.6,155,,
2026-06-30,JFL,,399,394,397,,,4720,1868624.2,59,,
2026-06-30,JHAPA,,1317,1261,1287,,,2805,3607724.4,131,,
2026-06-30,JOSHI,,260,255,259.6,,,10309,2657024.2,67,,
2026-06-30,JSLBB,,1019,1000.1,1011,,,311,314189,7,,
2026-06-30,KBL,,208,204,204.2,,,161059,33017828.6,532,,
2026-06-30,KBSH,,1295,1150,1285,,,568,697278.4,35,,
2026-06-30,KDL,,767.9,750,750.1,,,2672,2027047,76,,
2026-06-30,KHPL,,890,836,843.1,,,12498,10666976.2,338,,
2026-06-30,KKHC,,266,239.7,250,,,98170,24370785.3,459,,
2026-06-30,KMCDB,,823,777.7,816.9,,,6047,4772139.7,59,,
2026-06-30,KPCL,,472,465,465,,,6943,3247857.5,84,,
2026-06-30,LEC,,211.8,206,207.5,,,72140,14994181.8,253,,
2026-06-30,LICN,,799,790,793,,,4015,3190994,40,,
2026-06-30,LLBS,,920,920,920,,,10,9200,1,,
2026-06-30,LSL,,222.1,212.3,213.6,,,84181,18071095.7,308,,
2026-06-30,MABEL,,650,622.1,630,,,9451,6009224,165,,
2026-06-30,MAKAR,,478.9,463,465,,,2007,941684,36,,
2026-06-30,MANDU,,824,791,805,,,2469,1979128,44,,
2026-06-30,MATRI,,879.7,850,850,,,702,601631.8,28,,
2026-06-30,MBJC,,288.8,270.1,272.4,,,14315,3900972.1,174,,
2026-06-30,MBL,,242,239,240,,,44137,10601687.5,125,,
2026-06-30,MCHL,,297,288.1,288.2,,,5630,1636848.5,71,,
2026-06-30,MEHL,,336,325,327.9,,,2521,824880,52,,
2026-06-30,MEL,,223,216.2,219,,,13520,2954939.8,128,,
2026-06-30,MEN,,576,568,570,,,68774,39230010,365,,
2026-06-30,MERO,,700,690.2,699.6,,,1409,979331.1,31,,
2026-06-30,MFIL,,795.4,736.8,772,,,31384,24578854,103,,
2026-06-30,MHCL,,330,325.2,330,,,4110,1343710.7,53,,
2026-06-30,MHL,,477,452.3,460,,,7842,3585194.5,82,,
2026-06-30,MHNL,,243.3,233,239.4,,,19091,4530510.1,186,,
2026-06-30,MKCL,,1090,1070,1090,,,1191,1277429.1,47,,
2026-06-30,MKHC,,304,295.6,297,,,16151,4808734.8,97,,
2026-06-30,MKHL,,475,467,467,,,4632,2180050.9,63,,
2026-06-30,MKJC,,462,456.1,456.1,,,4842,2215564,39,,
2026-06-30,MLBBL,,1150,1130,1135,,,2158,2448877,38,,
2026-06-30,MLBS,,1169.5,1131,1169.5,,,177,203246,13,,
2026-06-30,MLBSL,,1725,1700,1713,,,374,640753,13,,
2026-06-30,MMKJL,,470.1,466,467,,,2150,1005466,36,,
2026-06-30,MPFL,,611.8,600,605,,,29052,17616017.5,101,,
2026-06-30,MSHL,,593,579.7,585,,,2129,1246323.4,37,,
2026-06-30,MSLB,,1248,1205.1,1245,,,578,703263.1,28,,
2026-06-30,NABIL,,527,520.2,521.9,,,24993,13042964.4,423,,
2026-06-30,NADEP,,724,710,711,,,967,688434,26,,
2026-06-30,NBL,,265,260.3,262.2,,,38827,10160904.6,165,,
2026-06-30,NESDO,,1530,1500,1528,,,644,974570,19,,
2026-06-30,NFS,,579.9,565.1,566,,,4664,2648661.4,81,,
2026-06-30,NGPL,,408,401,402.9,,,84495,34051514,339,,
2026-06-30,NHDL,,636,625.1,636,,,8364,5298823.4,22,,
2026-06-30,NHPC,,264.8,250,255,,,205607,52704251.2,640,,
2026-06-30,NICA,,330,325,327.1,,,30707,10028860.7,163,,
2026-06-30,NICLBSL,,558,546.1,546.1,,,6071,3337050.2,93,,
2026-06-30,NIFRA,,249.9,245.5,247.2,,,52807,13030004.7,443,,
2026-06-30,NIMB,,194,189,190,,,134717,25580787,362,,
2026-06-30,NLIC,,745,735,737,,,26169,19352622.6,230,,
2026-06-30,NLICL,,574,560.1,574,,,7644,4342747.3,53,,
2026-06-30,NLO,,269.4,269.4,269.4,,,0,0,0,,
2026-06-30,NMB,,240,235,235.5,,,28083,6614964.2,169,,
2026-06-30,NMBMF,,619.9,605.4,619.9,,,1101,669082.9,14,,
2026-06-30,NMFBS,,1115,1101,1114,,,2620,2892350.5,29,,
2026-06-30,NMLBBL,,558,541.1,546.6,,,7457,4066913.1,60,,
2026-06-30,NRIC,,942,916,919,,,25082,23219622.2,257,,
2026-06-30,NRM,,336,320,321.1,,,8787,2847217.9,111,,
2026-06-30,NRN,,1485.7,1390,1412.5,,,68301,96125990.3,304,,
2026-06-30,NTC,,843.1,840,843,,,6339,5339521.2,140,,
2026-06-30,NUBL,,635,617,617,,,3837,2385020,43,,
2026-06-30,NWCL,,727.5,719,719,,,1919,1387315.4,35,,
2026-06-30,NYADI,,377.9,370.2,376,,,3248,1218892.4,53,,
2026-06-30,OHL,,672,660,672,,,1518,1007017.2,17,,
2026-06-30,OMPL,,1007,960,975,,,6112,5976298.4,199,,
2026-06-30,PCBL,,236,231,232.4,,,34867,8081334.8,126,,
2026-06-30,PCIL,,670,638,639,,,39939,25910459.6,1318,,
2026-06-30,PFL,,365,356,363.7,,,4839,1748634.4,31,,
2026-06-30,PHCL,,299,292,292.1,,,49849,14730179.1,268,,
2026-06-30,PMHPL,,320,310.1,314,,,2479,773778.9,42,,
2026-06-30,PMLI,,455,442.3,444,,,9681,4311236.4,148,,
2026-06-30,PPCL,,356.3,335,337,,,19438,6535558.8,76,,
2026-06-30,PPL,,327,311.6,319,,,15094,4859803.6,112,,
2026-06-30,PROFL,,449.9,425.2,425.2,,,6503,2811916.2,60,,
2026-06-30,PRVU,,191.7,187,187.2,,,55501,10430839.5,302,,
2026-06-30,PURE,,845,802,802,,,5000,4112701.6,90,,
2026-06-30,RADHI,,712.5,697.1,700,,,35098,24679831.4,202,,
2026-06-30,RAWA,,455,430,446.6,,,26799,11819828.4,192,,
2026-06-30,RFPL,,350,336.6,336.6,,,20642,7101011.2,136,,
2026-06-30,RHGCL,,266,257.1,263.9,,,14224,3728506.3,90,,
2026-06-30,RHPL,,262,258.3,260,,,17229,4474269.7,111,,
2026-06-30,RIDI,,332.5,313.5,326.9,,,97236,31963354.9,346,,
2026-06-30,RLEL,,858,841,851,,,11107,9441642.9,284,,
2026-06-30,RLFL,,475.8,460,460.9,,,55032,25617019.5,157,,
2026-06-30,RNLI,,447.4,444.1,444.1,,,9182,4086297.3,250,,
2026-06-30,RSDC,,640,632,638,,,4298,2721648.1,43,,
2026-06-30,RSML,,3190,3110,3189,,,22936,72313568.8,382,,
2026-06-30,RURU,,639,635.1,637,,,3418,2175359.3,30,,
2026-06-30,SAGAR,,1529,1479,1526,,,3551,5366269.8,100,,
2026-06-30,SAHAS,,644,630.2,630.2,,,99717,63326621.7,597,,
2026-06-30,SAIL,,935,874,878,,,28256,25446907.8,377,,
2026-06-30,SANIMA,,352,348.9,349,,,70248,24615882.1,171,,
2026-06-30,SANVI,,635,607,613.5,,,19886,12269938.1,284,,
2026-06-30,SARBTM,,810,801.3,804,,,6172,4963698.3,73,,
2026-06-30,SBI,,391.5,385.1,385.1,,,22923,8919292.3,62,,
2026-06-30,SBL,,390,387.1,387.1,,,344827,133904148.5,191,,
2026-06-30,SCB,,650,640,641,,,14142,9059368.81,107,,
2026-06-30,SGHC,,338,328,328,,,8638,2844695.3,82,,
2026-06-30,SHEL,,298,291.5,294.8,,,43653,12796456,239,,
2026-06-30,SHIVM,,633,621,624,,,68220,42521851,354,,
2026-06-30,SHL,,490,483.1,487,,,21792,10605966.7,90,,
2026-06-30,SHLB,,1590,1401,1525,,,520,748391,24,,
2026-06-30,SHPC,,503,484.2,485,,,52274,25473327.4,158,,
2026-06-30,SIFC,,540,521.4,526.1,,,66995,35248910.3,52,,
2026-06-30,SIKLES,,560,546.5,547,,,19300,10612650.7,124,,
2026-06-30,SIPD,,648,617,620,,,12614,7905661.9,519,,
2026-06-30,SJCL,,270,266.1,267,,,12324,3298488.6,92,,
2026-06-30,SJLIC,,420,410,418,,,6255,2616232.7,129,,
2026-06-30,SKBBL,,759,745,748,,,14427,10806930.5,166,,
2026-06-30,SKHEL,,1009.9,963.3,974.8,,,3796,3706304.8,170,,
2026-06-30,SKHL,,940,903,915,,,7392,6722646.2,288,,
2026-06-30,SLBBL,,810,793,799,,,4312,3457491.7,70,,
2026-06-30,SLBSL,,1194.8,1130,1193.9,,,8624,9965484.1,138,,
2026-06-30,SMATA,,750,743,743,,,1358,1013552.8,40,,
2026-06-30,SMB,,2031,1860.7,1984,,,9919,19892983.7,218,,
2026-06-30,SMFBS,,1643.8,1470,1611,,,15796,25019048,226,,
2026-06-30,SMH,,553,521.1,521.7,,,20317,10737048.9,271,,
2026-06-30,SMHL,,473,466,469,,,16069,7538231.3,127,,
2026-06-30,SMJC,,455,441.1,441.1,,,9934,4406753.4,107,,
2026-06-30,SMPDA,,800,786.1,794,,,1803,1425458.5,31,,
2026-06-30,SNLI,,434,430.1,431.5,,,9408,4064924.6,198,,
2026-06-30,SNORL,,454.2,411.9,454.2,,,90,39940,9,,
2026-06-30,SOHL,,625,612.1,612.1,,,47290,29102752.5,1243,,
2026-06-30,SONA,,420,415.2,416.1,,,11325,4718147.1,208,,
2026-06-30,SOPL,,885.3,830,833.1,,,95026,80978173.4,4545,,
2026-06-30,SPC,,420,405,411,,,4699,1922149.2,66,,
2026-06-30,SPDL,,363,354.8,357,,,32023,11446721.6,128,,
2026-06-30,SPHL,,585,540,577,,,8800,5032549,83,,
2026-06-30,SPL,,670,650,670,,,935,615786,19,,
2026-06-30,SRLI,,385.5,376.3,379,,,13997,5292098.9,199,,
2026-06-30,SSHL,,198,193.5,193.9,,,77934,15188400.4,362,,
2026-06-30,STC,,5200,5150,5199,,,483,2492893.5,22,,
2026-06-30,SWASTIK,,2173,2060,2071,,,1402,2918845.5,69,,
2026-06-30,SWBBL,,699,690,697.7,,,5825,4040590.7,65,,
2026-06-30,SWMF,,625,610,614.9,,,5575,3428354.8,91,,
2026-06-30,SYPNL,,1358,1334,1334,,,25410,34138827.1,555,,
2026-06-30,TAMOR,,441,438.2,438.6,,,36500,16019672.4,148,,
2026-06-30,TPC,,360.5,345,350.3,,,14174,4972396,73,,
2026-06-30,TPKHL,,772.5,591.1,596.3,,,179731,113278711,17901,,
2026-06-30,TRH,,767,760,765,,,1605,1225673.1,11,,
2026-06-30,TSHL,,470,445.2,445.2,,,3447,1552104.8,56,,
2026-06-30,TTL,,743,704.9,725,,,8021,5838305,228,,
2026-06-30,TVCL,,487,479,479,,,5195,2506611.8,32,,
2026-06-30,UHEWA,,605,576.1,581.9,,,31231,18337351.8,242,,
2026-06-30,ULBSL,,2799,2740,2799,,,183,505630,14,,
2026-06-30,ULHC,,467,420,421.1,,,16470,6989970.8,92,,
2026-06-30,UMHL,,614,567,575,,,25628,14703570,177,,
2026-06-30,UMRH,,525,515,515,,,9653,5013342.8,76,,
2026-06-30,UNHPL,,395,380,386,,,11561,4507118.6,91,,
2026-06-30,UNL,,46990,46900,46900,,,24,1121300,3,,
2026-06-30,UNLB,,1326,1280,1280,,,380,489884,21,,
2026-06-30,UPCL,,344.9,327,341.5,,,41053,13867004.9,182,,
2026-06-30,UPPER,,193.9,190,190.5,,,81395,15536119.7,478,,
2026-06-30,USHEC,,500,485.4,485.7,,,5151,2503104,43,,
2026-06-30,USHL,,586.8,529,557.9,,,1038,570219.3,43,,
2026-06-30,USLB,,1250,1213,1213,,,1537,1889162.8,39,,
2026-06-30,VLBS,,683,678,678,,,2585,1758788.3,101,,
2026-06-30,VLUCL,,446.2,436,439,,,2488,1103616,52,,
2026-06-30,YMHL,,797.6,622,636.5,,,129250,86939369,12901,,
