date,symbol,open,high,low,close,prev_close,vwap,volume,turnover,trades,week_52_high,week_52_low
2026-09-01,ACLBSL,,900,871.1,888.9,,,272,238992.5,13,,
2026-09-01,ADBL,,299,293.1,297,,,19954,5899356,128,,
2026-09-01,AHL,,374,358,373.8,,,905,328809.2,27,,
2026-09-01,AHPC,,251.7,246.5,247.5,,,93971,23363119.1,251,,
2026-09-01,AKJCL,,346,332.1,342.6,,,302525,103623644.1,583,,
2026-09-01,AKPL,,244,237,242.5,,,52815,12756095.6,142,,
2026-09-01,ALBSL,,1110,1065,1110,,,13867,15017935.6,83,,
2026-09-01,ALICL,,397,388,395,,,13800,5429187.9,111,,
2026-09-01,ANLB,,5450,4800,4859,,,1476,7217797.2,73,,
2026-09-01,APHL,,680,651.1,678.9,,,3694,2464445.8,141,,
2026-09-01,API,,328.6,320,325.6,,,119139,38751793.3,403,,
2026-09-01,AVYAN,,1025,976,987.1,,,2521,2538685.4,48,,
2026-09-01,BANDIPUR,,658,631,642,,,16126,10365197.8,261,,
2026-09-01,BARUN,,311,300.1,307,,,18271,5577204.1,135,,
2026-09-01,BBC,,4080,3901,4003,,,70,280395,7,,
2026-09-01,BEDC,,288,270,281.9,,,12142,3395066.9,74,,
2026-09-01,BFC,,458.9,445.3,453,,,12427,5597428.9,91,,
2026-09-01,BGWT,,487,467,467,,,6554,3146976,67,,
2026-09-01,BHCL,,554,530,544,,,24956,13604947.2,257,,
2026-09-01,BHDC,,414.8,405,409.7,,,6911,2813004.6,64,,
2026-09-01,BHL,,202,195.3,197,,,61438,12164487,275,,
2026-09-01,BHPL,,454,430,435,,,5667,2505170.2,55,,
2026-09-01,BJHL,,660,627.5,649.9,,,7603,4944730.3,118,,
2026-09-01,BNHC,,261.5,247.5,254.9,,,12582,3228176.5,100,,
2026-09-01,BNL,,14405,14405,14405,,,0,0,0,,
2026-09-01,BNT,,11890,11650,11650,,,70,824230,6,,
2026-09-01,BPCL,,640,625.5,640,,,7413,4696957.8,81,,
2026-09-01,BUNGAL,,525,500,516.9,,,12673,6528237.4,184,,
2026-09-01,CBBL,,939.2,923,929,,,11355,10555762.2,94,,
2026-09-01,CFCL,,584.9,567,582,,,34751,20141224.6,132,,
2026-09-01,CGH,,771.9,760,771.9,,,7760,5925054,50,,
2026-09-01,CHCL,,385,350,372,,,199747,73487087.8,1170,,
2026-09-01,CHDC,,2185,2131,2150,,,8731,18802095,113,,
2026-09-01,CHL,,255,239,245.8,,,9276,2306641.4,76,,
2026-09-01,CIT,,1670,1621.1,1663,,,7064,11593994.6,118,,
2026-09-01,CITY,,349.5,338.2,340,,,77720,26621868.6,331,,
2026-09-01,CKHL,,560,545,551,,,891,491485.5,24,,
2026-09-01,CLI,,419.9,410.2,419,,,7586,3143889.7,168,,
2026-09-01,CREST,,1040,1020.2,1038,,,5610,5770940.8,131,,
2026-09-01,CYCL,,1697,1521,1528,,,5065,7877039.8,116,,
2026-09-01,CZBIL,,201.6,190.7,194.2,,,23265,4501835.3,88,,
2026-09-01,DDBL,,830,822,824.7,,,2668,2200372.4,51,,
2026-09-01,DHEL,,560,530,554.9,,,7770,4276160,194,,
2026-09-01,DHPL,,273.5,262.3,273.5,,,7333,1953876.1,41,,
2026-09-01,DLBS,,1018,990,990.1,,,265,264546,8,,
2026-09-01,DOLTI,,287,277.1,280,,,13933,3921168.8,85,,
2026-09-01,DORDI,,241.5,233.1,236.5,,,21839,5206928.1,128,,
2026-09-01,EBL,,715,707,710.3,,,18597,13225653.8,222,,
2026-09-01,ECL,,1362,1305.1,1317.6,,,15255,20229370.6,350,,
2026-09-01,EHPL,,318,295.9,303.5,,,7525,2258873.7,86,,
2026-09-01,ENL,,822,775.5,822,,,780,631644.3,23,,
2026-09-01,FMDBL,,731,701.1,723,,,16955,12051015.4,78,,
2026-09-01,FOWAD,,880,850,860,,,4686,4013382.6,70,,
2026-09-01,GBIME,,242,239.5,240,,,80037,19248386.4,298,,
2026-09-01,GBLBS,,665,646,662.8,,,755,493376.5,24,,
2026-09-01,GCIL,,402,375,376,,,67409,25879922.6,536,,
2026-09-01,GFCL,,576.5,562.1,569.8,,,3621,2061780.2,29,,
2026-09-01,GHL,,227.9,215.3,223,,,44935,9961185.3,223,,
2026-09-01,GILB,,1089,1070,1075,,,1501,1611063,26,,
2026-09-01,GLBSL,,1677.5,1628.7,1630,,,876,1440183.3,31,,
2026-09-01,GLH,,245,238.2,242,,,22164,5377985.7,126,,
2026-09-01,GMFBS,,1115,1083.2,1110,,,547,604382,8,,
2026-09-01,GMFIL,,419,406,410,,,11170,4606118.7,62,,
2026-09-01,GMLI,,950,905.2,948,,,582,544292.5,33,,
2026-09-01,GUFL,,508,490,499,,,5941,2985897.4,55,,
2026-09-01,GVL,,480,465.1,470,,,8502,4000699.7,71,,
2026-09-01,HATHY,,618,590,617.4,,,15410,9282985.2,149,,
2026-09-01,HBL,,188,185.5,186.8,,,36459,6796357.9,465,,
2026-09-01,HDHPC,,200,194,196.5,,,84217,16578832.6,280,,
2026-09-01,HDL,,1163.5,1156,1157.9,,,14685,17011333.1,237,,
2026-09-01,HFIN,,632,605,617.9,,,15514,9638220.3,346,,
2026-09-01,HHL,,319,311.1,318,,,7869,2495814.1,73,,
2026-09-01,HIDCL,,239.9,235,236.2,,,92472,21889119.8,274,,
2026-09-01,HIMSTAR,,659,623,638.9,,,3691,2353233.7,54,,
2026-09-01,HLBSL,,860,835,859.4,,,1427,1210719,19,,
2026-09-01,HLI,,297,286.2,294,,,28792,8428669.6,282,,
2026-09-01,HPPL,,367.7,356,359,,,45731,16481879.3,169,,
2026-09-01,HRL,,525,504,516,,,55431,28492968,599,,
2026-09-01,HURJA,,231,225.9,229,,,34665,7915410.9,117,,
2026-09-01,ICFC,,595.1,578,586,,,8561,5011796.2,77,,
2026-09-01,IHL,,303.5,291,297,,,5561,1669370.9,53,,
2026-09-01,ILBS,,844.5,811.1,836,,,1691,1392008.1,32,,
2026-09-01,ILI,,403,396.3,400,,,5416,2164886.9,143,,
2026-09-01,JBLB,,1251,1236.1,1250,,,2441,3037844.4,89,,
2026-09-01,JFL,,373,365,371,,,2514,927452,31,,
2026-09-01,JHAPA,,1027,1000,1019,,,2665,2694287.6,59,,
2026-09-01,JOSHI,,261.5,252,258.5,,,5021,1282123.1,55,,
2026-09-01,JSLBB,,947.9,910.1,947.9,,,685,633253.3,14,,
2026-09-01,KAHL,,490.4,465,475,,,21230,10207704.1,801,,
2026-09-01,KBL,,221,208.2,211,,,127006,26699844.5,393,,
2026-09-01,KBSH,,848,800,821,,,11553,9419506.4,161,,
2026-09-01,KDL,,739.9,700.6,720,,,631,454146.6,22,,
2026-09-01,KHPL,,763,725.1,730.3,,,5561,4104512.6,113,,
2026-09-01,KKHC,,272,262.2,265.2,,,70361,18818746.1,215,,
2026-09-01,KMCDB,,782,762,762.1,,,895,684336.4,19,,
2026-09-01,KPCL,,452.9,445,447.1,,,7696,3439605.2,47,,
2026-09-01,LEC,,213,197.6,210,,,60259,12681896.4,200,,
2026-09-01,LICN,,756,750,756,,,4019,3022320.9,35,,
2026-09-01,LLBS,,957,860,865,,,394,351247.5,11,,
2026-09-01,LSL,,220,216,219,,,40394,8824922.2,128,,
2026-09-01,MABEL,,565,546,557,,,3926,2187440.1,79,,
2026-09-01,MAKAR,,401.6,389,397,,,51732,20489370.4,166,,
2026-09-01,MANDU,,664,635,657.9,,,1631,1061661,34,,
2026-09-01,MATRI,,730,720,720,,,83,60042,6,,
2026-09-01,MBJC,,263,251,257.9,,,31131,8051447.8,274,,
2026-09-01,MBL,,247.6,243.8,245,,,56031,13758130.3,87,,
2026-09-01,MCHL,,254.9,232,247.6,,,9973,2419711.6,95,,
2026-09-01,MEHL,,236,225.1,229,,,42137,9696629.5,197,,
2026-09-01,MEL,,199.6,195,197,,,9080,1778521.1,109,,
2026-09-01,MEN,,618.9,609.1,618,,,43302,26641241.7,184,,
2026-09-01,MEPDL,,637.9,601.1,611.9,,,32574,20076513.7,1312,,
2026-09-01,MERO,,609,590,602.9,,,2715,1625628.5,30,,
2026-09-01,MFIL,,727,710,722.9,,,12358,8898866.2,62,,
2026-09-01,MHCL,,282,266,280,,,3321,923846,38,,
2026-09-01,MHL,,449,440.1,445,,,3452,1537166,40,,
2026-09-01,MHNL,,236.7,226.9,231,,,7622,1769043,47,,
2026-09-01,MKCL,,854,820,840,,,2495,2098554,47,,
2026-09-01,MKHC,,242,233,236,,,9355,2220688.6,80,,
2026-09-01,MKHL,,483,461,483,,,1070,507957,25,,
2026-09-01,MKJC,,295,252,284.9,,,54406,14992790.5,330,,
2026-09-01,MLBBL,,925,900,925,,,1359,1246817,19,,
2026-09-01,MLBS,,1030,999.1,1028,,,142,145131,8,,
2026-09-01,MLBSL,,1099,1026,1036.1,,,1955,2050736.4,46,,
2026-09-01,MMKJL,,365,315.3,346,,,9498,3230717.4,137,,
2026-09-01,MPFL,,590,577,583.3,,,3569,2078648.5,46,,
2026-09-01,MSHL,,535,495.5,520,,,986,513151.3,22,,
2026-09-01,MSLB,,1220,1165,1190,,,929,1094131.6,37,,
2026-09-01,NABIL,,539.8,533,536.5,,,25051,13466224.7,293,,
2026-09-01,NADEP,,705,682,698.9,,,3154,2181049.5,29,,
2026-09-01,NBL,,271.9,270,271,,,55196,14937264.1,177,,
2026-09-01,NESDO,,1337,1285,1300,,,399,516933.6,19,,
2026-09-01,NFS,,534.9,520,528,,,4022,2114871.1,59,,
2026-09-01,NGPL,,397,385.2,390.9,,,39216,15395310.9,204,,
2026-09-01,NHDL,,628,610,624.5,,,341,211018.1,12,,
2026-09-01,NHPC,,257,247.1,251.8,,,151272,38241315.7,483,,
2026-09-01,NICA,,311.8,303.1,308,,,19910,6137306.3,132,,
2026-09-01,NICLBSL,,529,505.2,518,,,3071,1589511,61,,
2026-09-01,NIFRA,,243.8,239,240,,,50608,12186785.5,304,,
2026-09-01,NIMB,,184,181,182.2,,,49646,9056807.6,249,,
2026-09-01,NLIC,,696,680.5,693.8,,,10815,7463871.6,212,,
2026-09-01,NLICL,,554.5,545.1,547.3,,,8302,4567312.8,54,,
2026-09-01,NLO,,277.4,277.4,277.4,,,0,0,0,,
2026-09-01,NMB,,247,235,235.8,,,29655,6985589.1,170,,
2026-09-01,NMBMF,,590,580,589.9,,,442,257471.5,11,,
2026-09-01,NMFBS,,1108,1095.1,1100,,,3379,3720602.1,46,,
2026-09-01,NMLBBL,,485,475,479.9,,,8965,4305323.4,25,,
2026-09-01,NRIC,,811,780,795,,,39897,31928477.5,299,,
2026-09-01,NRM,,291.2,273,283,,,9360,2675235.5,91,,
2026-09-01,NRN,,1368,1345,1363,,,29988,40673707.2,258,,
2026-09-01,NTC,,878.7,866,877,,,4812,4206865.2,88,,
2026-09-01,NUBL,,578.9,570,570,,,6741,3848171.5,37,,
2026-09-01,NWCL,,595,582,595,,,1533,900379.5,32,,
2026-09-01,NYADI,,347,337,346,,,942,323502.4,39,,
2026-09-01,OHL,,627,609,610,,,680,414903.4,10,,
2026-09-01,OMPL,,874,850,870,,,2741,2361221.5,81,,
2026-09-01,PCBL,,238,232,235,,,31155,7285539.8,115,,
2026-09-01,PCIL,,656,622,623.2,,,30235,19158871.4,792,,
2026-09-01,PFL,,364,364,364,,,0,0,0,,
2026-09-01,PHCL,,298,288.1,297,,,44782,13191989.5,175,,
2026-09-01,PMHPL,,330,290,295,,,11605,3675944,29,,
2026-09-01,PMLI,,403.8,392.6,403,,,4514,1801551.7,92,,
2026-09-01,PPCL,,342.1,318.1,330,,,9421,3098970.2,46,,
2026-09-01,PPL,,304,280.3,300,,,11128,3321521.7,111,,
2026-09-01,PROFL,,380,375,375,,,6095,2299976.2,39,,
2026-09-01,PRVU,,178.9,174,176.8,,,108731,19095163,409,,
2026-09-01,PURE,,797.6,750,763,,,6497,4937995.2,81,,
2026-09-01,RADHI,,684,668.5,681,,,40656,27601190.2,146,,
2026-09-01,RAWA,,403.8,389,394.9,,,11036,4368570.2,74,,
2026-09-01,RFPL,,329.5,315.2,323,,,14015,4536258.2,75,,
2026-09-01,RHGCL,,250,237,241,,,3635,883313,56,,
2026-09-01,RHPL,,175,156,168.7,,,267473,44939235.4,1061,,
2026-09-01,RIDI,,349.9,337,347.7,,,264912,91345861.7,531,,
2026-09-01,RLEL,,810,780,790,,,3901,3097453.5,119,,
2026-09-01,RLFL,,424,412,419.8,,,7320,3067841.8,61,,
2026-09-01,RNLI,,428,402,406.5,,,9120,3717182.4,147,,
2026-09-01,RSDC,,620,605,614,,,968,592545.9,23,,
2026-09-01,RSML,,2744,2685.5,2718,,,23024,62455325.2,353,,
2026-09-01,RURU,,580,560.1,569,,,5364,3050442.5,50,,
2026-09-01,SAGAR,,1517.1,1451,1500,,,5622,8387670.4,96,,
2026-09-01,SAHAS,,701,668,685,,,82155,55461193.6,485,,
2026-09-01,SAIL,,1008,970,983,,,16748,16466324.2,217,,
2026-09-01,SANIMA,,362.8,356,358,,,131652,47190520.7,241,,
2026-09-01,SANVI,,570,551,558,,,5091,2838487.8,85,,
2026-09-01,SAPIL,,1340,1238,1253,,,51350,64852198.5,4815,,
2026-09-01,SARBTM,,820,790.3,800,,,11400,9143889.3,117,,
2026-09-01,SBI,,400,390.2,398.9,,,10681,4243910.5,33,,
2026-09-01,SBL,,412,407.1,407.7,,,118873,48578160.9,140,,
2026-09-01,SCB,,650,641.1,647,,,6507,4189533.6,57,,
2026-09-01,SGHC,,293,280,285.7,,,15626,4480438.5,82,,
2026-09-01,SGHL,,487.1,465.8,481,,,44897,21499166.1,1339,,
2026-09-01,SHEL,,293.9,285.7,290.5,,,32653,9477509.2,151,,
2026-09-01,SHIVM,,672,648,654,,,207849,136398370.8,1037,,
2026-09-01,SHL,,507,495,500,,,30819,15364099.3,66,,
2026-09-01,SHLB,,1262,1256,1256,,,199,250103,5,,
2026-09-01,SHPC,,500.6,489,497.9,,,85509,42176938.8,235,,
2026-09-01,SIFC,,484,480,480,,,4405,2120384.5,30,,
2026-09-01,SIKLES,,558.7,549,557.8,,,4875,2704958.4,41,,
2026-09-01,SIPD,,585,568,579.8,,,8352,4810351.6,223,,
2026-09-01,SJCL,,241.8,227,239.9,,,74997,17700966.9,332,,
2026-09-01,SJLIC,,400,389.1,399,,,13188,5208735.3,114,,
2026-09-01,SKBBL,,743,737,741,,,4981,3685481.2,75,,
2026-09-01,SKHEL,,834.9,790,790,,,4221,3384491.5,88,,
2026-09-01,SKHL,,739,674,715,,,11514,8284892.6,215,,
2026-09-01,SLBBL,,790,773.3,778.1,,,2528,1966744.8,32,,
2026-09-01,SLBSL,,883,867,867,,,638,554019,11,,
2026-09-01,SMATA,,686,675,680,,,1119,761808.8,32,,
2026-09-01,SMB,,1750,1712,1720,,,507,874984.6,20,,
2026-09-01,SMFBS,,1390,1285,1355.7,,,153,202282.9,9,,
2026-09-01,SMH,,498,488,493,,,4643,2280913.8,50,,
2026-09-01,SMHL,,527.8,515,527,,,75453,39653431.4,356,,
2026-09-01,SMJC,,410,393,400,,,5356,2154262.7,88,,
2026-09-01,SMPDA,,731.1,725,725,,,1211,880646.3,14,,
2026-09-01,SNLI,,393,382.2,387.6,,,9077,3522478.6,165,,
2026-09-01,SNORL,,871,846.5,862.9,,,16564,14147459.4,334,,
2026-09-01,SOHL,,665,640.4,659,,,210674,138279062.6,1142,,
2026-09-01,SONA,,419.9,404,407,,,62300,25436144.5,440,,
2026-09-01,SOPL,,750,723,731.2,,,16544,12169207.1,600,,
2026-09-01,SPC,,386,376,385,,,2505,958675,23,,
2026-09-01,SPDL,,350,340.3,349.5,,,15860,5478997.6,66,,
2026-09-01,SPHL,,537,490,521,,,15036,7770573,102,,
2026-09-01,SPL,,638,590,638,,,3016,1837360.2,38,,
2026-09-01,SRLI,,357.5,351.2,353,,,10317,3648981.7,146,,
2026-09-01,SSHL,,193.5,187,191.4,,,64040,12226558.2,220,,
2026-09-01,STC,,5220,5165.1,5180,,,435,2260337.3,18,,
2026-09-01,SWASTIK,,1860,1810,1825.1,,,372,684692.4,18,,
2026-09-01,SWBBL,,670,653.6,667,,,10671,7019697,38,,
2026-09-01,SWMF,,580,571.1,578,,,2960,1696779.5,34,,
2026-09-01,SYPNL,,1315,1260,1260.1,,,31283,40095313.8,479,,
2026-09-01,TAMOR,,499,475.2,495,,,185492,90832498.5,548,,
2026-09-01,TPC,,352,336.3,342,,,9714,3324240.7,45,,
2026-09-01,TPKHL,,503.9,470.2,498.5,,,19469,9557786.1,626,,
2026-09-01,TRH,,790,776,790,,,50,39082,4,,
2026-09-01,TSHL,,348,310,328.7,,,4432,1448479.4,68,,
2026-09-01,TTL,,689,665,671.2,,,5263,3555483.5,141,,
2026-09-01,TVCL,,358,314.1,338,,,18312,6232503.4,120,,
2026-09-01,UHEWA,,606.9,582.1,594,,,49534,29363089.1,240,,
2026-09-01,ULBSL,,2861,2390.6,2494,,,1780,4338736.5,38,,
2026-09-01,ULHC,,299,278.6,287.5,,,7721,2255907.2,60,,
2026-09-01,UMHL,,561.5,550,560,,,26124,14454844.4,105,,
2026-09-01,UMRH,,511.9,504,509.9,,,4759,2411163.7,31,,
2026-09-01,UNHPL,,359,341,353.5,,,12471,4388730,71,,
2026-09-01,UNL,,46200,46200,46200,,,0,0,0,,
2026-09-01,UNLB,,1248.9,1199,1229.9,,,1363,1655929.3,19,,
2026-09-01,UPCL,,330,321,330,,,25654,8341224.5,126,,
2026-09-01,UPPER,,189.1,178.9,181.8,,,75163,13684641.4,349,,
2026-09-01,USHEC,,495,480,484,,,4395,2132678.8,51,,
2026-09-01,USHL,,546,505,514,,,1342,687084.3,32,,
2026-09-01,USLB,,976,951,975,,,712,687378,22,,
2026-09-01,VLBS,,615,591.7,612,,,3673,2203369.8,76,,
2026-09-01,VLUCL,,398,368,379,,,4018,1531162.1,74,,
2026-09-01,YMHL,,583.9,555.1,569,,,14180,8067463.4,497,,
2026-09-02,ACLBSL,,913,865,894.8,,,243,215934,12,,
2026-09-02,ADBL,,311.8,295,296.6,,,14551,4309921.9,100,,
2026-09-02,AHL,,368,363,363.8,,,210,76489.5,12,,
2026-09-02,AHPC,,250.5,245.8,248.5,,,39183,9721554.3,156,,
2026-09-02,AKJCL,,358,333.3,344.3,,,174884,60414425.1,352,,
2026-09-02,AKPL,,243.9,241,243,,,52121,12649823.8,131,,
2026-09-02,ALBSL,,1100,1070,1098.9,,,4295,4676141.4,46,,
2026-09-02,ALICL,,398,385.1,398,,,11261,4455922.5,77,,
2026-09-02,ANLB,,5350,4755,5350,,,1484,7253027,77,,
2026-09-02,APHL,,688.2,660.1,677,,,4303,2917516,112,,
2026-09-02,API,,329.2,325,329.2,,,78284,25572780,289,,
2026-09-02,AVYAN,,1016,985.6,1000,,,2446,2445194,40,,
2026-09-02,BANDIPUR,,647,636.5,642,,,9073,5815671.5,211,,
2026-09-02,BARUN,,309,301.4,308.5,,,6097,1871861.6,60,,
2026-09-02,BBC,,4044,3952,4034,,,88,351684,8,,
2026-09-02,BEDC,,285,274,285,,,10134,2862820.9,72,,
2026-09-02,BFC,,463,453,459.9,,,9008,4125807,62,,
2026-09-02,BGWT,,485,454.1,485,,,4309,2025779.1,63,,
2026-09-02,BHCL,,550,520,543,,,14166,7683223.1,169,,
2026-09-02,BHDC,,413,401.1,412.5,,,7307,3000213.2,52,,
2026-09-02,BHL,,200,196.2,199,,,41602,8230407.2,198,,
2026-09-02,BHPL,,444,428,439,,,2922,1266959,33,,
2026-09-02,BJHL,,665,632.3,642,,,3213,2064684,73,,
2026-09-02,BNHC,,259.8,252,258,,,11372,2895563.8,74,,
2026-09-02,BNL,,14800,14800,14800,,,10,148000,1,,
2026-09-02,BNT,,11650,11650,11650,,,10,116500,1,,
2026-09-02,BPCL,,644,634.6,644,,,8745,5563477.1,57,,
2026-09-02,BUNGAL,,520.9,508.5,519,,,7970,4112351.1,110,,
2026-09-02,CBBL,,933,926.1,930.5,,,8138,7570520.8,91,,
2026-09-02,CFCL,,635,569,635,,,157841,91484132.7,411,,
2026-09-02,CGH,,771,760,768,,,8912,6796461.3,52,,
2026-09-02,CHCL,,379.6,364,377,,,157769,58555074.3,635,,
2026-09-02,CHDC,,2167.9,2130,2167,,,4206,9018856.5,87,,
2026-09-02,CHL,,249.9,240,249.8,,,17866,4377688.7,61,,
2026-09-02,CIT,,1667,1652,1656.7,,,3766,6231435.5,121,,
2026-09-02,CITY,,345,340,344.7,,,32621,11193271.5,181,,
2026-09-02,CKHL,,567,544.3,566.5,,,570,315436,18,,
2026-09-02,CLI,,419.9,411.1,412.2,,,8136,3354075.2,145,,
2026-09-02,CREST,,1065,1020,1050,,,2865,2954750,87,,
2026-09-02,CYCL,,1642,1500,1574.9,,,8606,13419362.1,131,,
2026-09-02,CZBIL,,198.8,194,197.2,,,18119,3544440,75,,
2026-09-02,DDBL,,834,825.5,834,,,2073,1719683.6,33,,
2026-09-02,DHEL,,566.8,540.1,566.8,,,13134,7271017.6,177,,
2026-09-02,DHPL,,275,267,270,,,862,232263,13,,
2026-09-02,DLBS,,1018,985.1,985.1,,,584,579099.7,18,,
2026-09-02,DOLTI,,284.2,276,284,,,9859,2779503.2,53,,
2026-09-02,DORDI,,240,233.6,239,,,8694,2065326.8,84,,
2026-09-02,EBL,,715,709,715,,,21847,15542877.7,160,,
2026-09-02,ECL,,1340,1269.4,1294,,,17687,22983397.9,385,,
2026-09-02,EHPL,,317.9,300.2,306.3,,,6151,1870179.6,52,,
2026-09-02,ENL,,820,776,817.8,,,586,462913.3,20,,
2026-09-02,FMDBL,,726,708,724.9,,,5905,4236143.3,36,,
2026-09-02,FOWAD,,939,834.2,870,,,1955,1705581.7,49,,
2026-09-02,GBIME,,250,243,249.9,,,367046,90753004.7,954,,
2026-09-02,GBLBS,,672,646.2,659.5,,,3890,2539974.5,38,,
2026-09-02,GCIL,,388,370.1,386,,,67343,25713633.3,416,,
2026-09-02,GFCL,,571,565.2,570,,,1855,1055726,22,,
2026-09-02,GHL,,229,219,224.3,,,44586,9918463.2,109,,
2026-09-02,GILB,,1095,1071,1090.1,,,1525,1644002,19,,
2026-09-02,GLBSL,,1632.6,1585.1,1620,,,452,722577.6,21,,
2026-09-02,GLH,,244.3,238.1,244.3,,,14725,3558263.5,58,,
2026-09-02,GMFBS,,1091.9,1060.1,1090,,,338,364395.1,10,,
2026-09-02,GMFIL,,418,410.4,417,,,4265,1773813.3,37,,
2026-09-02,GMLI,,959,920,949.8,,,543,510424.6,29,,
2026-09-02,GUFL,,505,498,503.6,,,10826,5415812.5,69,,
2026-09-02,GVL,,480,465.1,472.6,,,6188,2942478.6,71,,
2026-09-02,HATHY,,616.5,600,609,,,7782,4728901.4,61,,
2026-09-02,HBL,,188.9,183,187.5,,,71755,13271425.7,521,,
2026-09-02,HDHPC,,199.4,195.6,198.7,,,52761,10425394.6,151,,
2026-09-02,HDL,,1177,1155,1164,,,7157,8322069.7,156,,
2026-09-02,HFIN,,629.9,612,618,,,8779,5429217,272,,
2026-09-02,HHL,,323,315,320,,,13737,4357514.9,66,,
2026-09-02,HIDCL,,239.4,232.6,239.4,,,49951,11819743.2,189,,
2026-09-02,HIMSTAR,,638.5,620,638.5,,,1447,910665,42,,
2026-09-02,HLBSL,,858.9,847,858.9,,,1798,1526094.2,23,,
2026-09-02,HLI,,296,290.3,293,,,17370,5089544.7,220,,
2026-09-02,HPPL,,365,356,363.8,,,66936,24277694.8,160,,
2026-09-02,HRL,,519.4,490.2,519,,,38965,20145458.6,460,,
2026-09-02,HURJA,,231,225.5,230,,,16174,3715419.3,75,,
2026-09-02,ICFC,,588.9,582.1,583.6,,,3860,2258216.9,28,,
2026-09-02,IHL,,302,285.2,299.5,,,7760,2258049.5,61,,
2026-09-02,ILBS,,830,821,829,,,213,175799.8,11,,
2026-09-02,ILI,,402,397.9,398.7,,,4772,1904843.1,136,,
2026-09-02,JBLB,,1257.9,1245,1249,,,2320,2897346.6,67,,
2026-09-02,JFL,,371,365,370,,,1645,605296,22,,
2026-09-02,JHAPA,,1020.1,1010.1,1019.5,,,1605,1630885.5,38,,
2026-09-02,JOSHI,,259,252,258.9,,,8009,2037884.8,60,,
2026-09-02,JSLBB,,925,919.6,925,,,108,99430.6,6,,
2026-09-02,KAHL,,487,471.3,484,,,15295,7351908,649,,
2026-09-02,KBL,,221,207.1,212.8,,,120607,25594847.9,301,,
2026-09-02,KBSH,,825,780,791,,,15592,12439531.3,141,,
2026-09-02,KDL,,730,700,730,,,794,569932,29,,
2026-09-02,KHPL,,744,701,738,,,4756,3504283.6,106,,
2026-09-02,KKHC,,270,261.3,266,,,41553,11047555,143,,
2026-09-02,KMCDB,,764,743.1,763,,,1864,1399884,36,,
2026-09-02,KPCL,,453.9,444,447,,,7330,3263242.5,32,,
2026-09-02,LEC,,211.9,208.3,210.2,,,30889,6485618.5,113,,
2026-09-02,LICN,,769.7,751,759.8,,,1915,1443533.8,27,,
2026-09-02,LLBS,,859,840,858,,,212,178894.4,13,,
2026-09-02,LSL,,221,217,221,,,68290,14997455.3,131,,
2026-09-02,MABEL,,565,546.2,557,,,3107,1728685.8,81,,
2026-09-02,MAKAR,,410,395,404.1,,,90227,36650290.7,285,,
2026-09-02,MANDU,,666,645,666,,,1712,1130139.8,43,,
2026-09-02,MATRI,,720,705.6,715,,,829,588988,21,,
2026-09-02,MBJC,,268.7,256.5,266.3,,,40691,10781696.7,294,,
2026-09-02,MBL,,246,242.6,244.8,,,116645,28383182.3,128,,
2026-09-02,MCHL,,256.9,240,254.2,,,5699,1424862.7,65,,
2026-09-02,MEHL,,231,225,230,,,38588,8811600.4,184,,
2026-09-02,MEL,,201,195,197.6,,,7489,1468572.5,96,,
2026-09-02,MEN,,622,615,621.8,,,37143,22980249.4,181,,
2026-09-02,MEPDL,,630,581.4,620,,,18518,11453092.8,958,,
2026-09-02,MERO,,620,584.9,609.8,,,582,350093.6,17,,
2026-09-02,MFIL,,725,712,719,,,12126,8749264.8,71,,
2026-09-02,MHCL,,285,275,284,,,4703,1321901,34,,
2026-09-02,MHL,,444.5,435,443.3,,,5301,2315454,47,,
2026-09-02,MHNL,,236.9,226,236.9,,,2653,615214.3,29,,
2026-09-02,MKCL,,860,823,860,,,638,538641,36,,
2026-09-02,MKHC,,256.3,232.1,250,,,28799,7109865.8,216,,
2026-09-02,MKHL,,488,474,486.9,,,337,162036,18,,
2026-09-02,MKJC,,299.9,273.1,297.4,,,41361,11616634.1,183,,
2026-09-02,MLBBL,,934,910,927,,,333,304203.5,15,,
2026-09-02,MLBS,,1025,967.3,994.3,,,449,447776.8,12,,
2026-09-02,MLBSL,,1067,1036.1,1037,,,1289,1349379.5,40,,
2026-09-02,MMKJL,,385,339.5,381.4,,,22847,8373244.4,215,,
2026-09-02,MPFL,,589.9,581,585.1,,,9314,5447961.8,23,,
2026-09-02,MSHL,,522,501.6,522,,,766,396234.7,19,,
2026-09-02,MSLB,,1219,1161.1,1210,,,753,890684.2,28,,
2026-09-02,NABIL,,541.9,537,537.5,,,24088,12977068.9,250,,
2026-09-02,NADEP,,697.7,652,697.7,,,1984,1343009.5,24,,
2026-09-02,NBL,,274.1,270.2,274.1,,,53211,14547281.8,164,,
2026-09-02,NESDO,,1305,1275,1293,,,253,328782,9,,
2026-09-02,NFS,,534.9,520,525,,,3515,1837565,37,,
2026-09-02,NGPL,,396,388.1,394,,,58392,22958156.3,204,,
2026-09-02,NHDL,,629,612.1,629,,,475,292275.1,15,,
2026-09-02,NHPC,,255.9,251,255.9,,,88957,22512254.8,271,,
2026-09-02,NICA,,309,306,308,,,21103,6479357.7,149,,
2026-09-02,NICLBSL,,525,510.1,519.9,,,2302,1186084.3,65,,
2026-09-02,NIFRA,,250,237.1,241,,,45229,10881354,260,,
2026-09-02,NIMB,,185,181,183,,,61162,11157772,223,,
2026-09-02,NLIC,,696,690,695,,,10711,7413532.7,124,,
2026-09-02,NLICL,,553,547.2,551.7,,,9348,5130507.4,43,,
2026-09-02,NLO,,277.4,277.4,277.4,,,0,0,0,,
2026-09-02,NMB,,239.6,235,239.6,,,56136,13292011.2,157,,
2026-09-02,NMBMF,,581,580,580,,,36,20848,4,,
2026-09-02,NMFBS,,1110,1097.6,1097.6,,,2582,2851239.8,21,,
2026-09-02,NMLBBL,,481.7,468.4,481.5,,,2607,1250364.2,31,,
2026-09-02,NRIC,,810,790,806,,,11164,8920057.8,165,,
2026-09-02,NRM,,290,275,283.8,,,5274,1477949.2,67,,
2026-09-02,NRN,,1410,1350,1410,,,91068,126463024,593,,
2026-09-02,NTC,,884,874,881,,,3130,2748266.8,72,,
2026-09-02,NUBL,,580,570,575,,,2234,1284913.8,26,,
2026-09-02,NWCL,,606,582,606,,,691,410883,21,,
2026-09-02,NYADI,,352,337.5,346,,,625,215160.5,29,,
2026-09-02,OHL,,620,600,619,,,3472,2133762.5,39,,
2026-09-02,OMPL,,888.9,860,885,,,1241,1087650,50,,
2026-09-02,PCBL,,237,234,237,,,19436,4568201.2,79,,
2026-09-02,PCIL,,637.5,622,628,,,27613,17279906.5,675,,
2026-09-02,PFL,,364,364,364,,,0,0,0,,
2026-09-02,PHCL,,300,291.8,300,,,31386,9323045.3,142,,
2026-09-02,PMHPL,,298,290.8,291.5,,,2050,600515.8,24,,
2026-09-02,PMLI,,406.8,395,402.1,,,3826,1519157.1,70,,
2026-09-02,PPCL,,337,320.1,329,,,782,254839,19,,
2026-09-02,PPL,,303,286,303,,,7980,2390067.1,65,,
2026-09-02,PROFL,,385,373.5,380.9,,,3390,1287146,18,,
2026-09-02,PRVU,,177.8,175,176,,,73002,12840561,274,,
2026-09-02,PURE,,774.5,745,763.8,,,6898,5292735.9,75,,
2026-09-02,RADHI,,681,669,675,,,80053,53793706,196,,
2026-09-02,RAWA,,400,390.1,400,,,14427,5729300.2,70,,
2026-09-02,RFPL,,328,315,327,,,10445,3382238,60,,
2026-09-02,RHGCL,,245.9,238,243,,,3895,942988.5,43,,
2026-09-02,RHPL,,185.4,166,178.8,,,398731,68242100.5,787,,
2026-09-02,RIDI,,353,344.3,352,,,275315,96037804.5,414,,
2026-09-02,RLEL,,810,766.1,790,,,10835,8625435.4,104,,
2026-09-02,RLFL,,429,416.2,420.9,,,7599,3198370.2,59,,
2026-09-02,RNLI,,423,402.6,407.9,,,10977,4462838.9,162,,
2026-09-02,RSDC,,617,611,615,,,384,235240.1,14,,
2026-09-02,RSML,,2719,2650,2695,,,27750,74865385.8,340,,
2026-09-02,RURU,,574,565.1,565.1,,,3770,2138668.3,38,,
2026-09-02,SAGAR,,1520,1466.2,1520,,,3034,4587943.9,63,,
2026-09-02,SAHAS,,711,677,688.3,,,144771,99580663.7,442,,
2026-09-02,SAIL,,998,937,998,,,12680,12550297.8,198,,
2026-09-02,SANIMA,,362.9,356.1,358.1,,,59055,21127363.4,213,,
2026-09-02,SANVI,,560.3,542,560,,,8385,4641629.4,113,,
2026-09-02,SAPIL,,1270,1221.2,1230,,,26980,33440363,2219,,
2026-09-02,SARBTM,,813.5,790,794,,,12943,10301527,101,,
2026-09-02,SBI,,400,390.1,400,,,9535,3809098.9,35,,
2026-09-02,SBL,,411,407.9,408.7,,,34952,14276032.4,102,,
2026-09-02,SCB,,654.7,643,645.1,,,4028,2600898.2,48,,
2026-09-02,SGHC,,291.5,282.8,286,,,28167,8010464,139,,
2026-09-02,SGHL,,488.5,470,483.1,,,40895,19778145.1,1082,,
2026-09-02,SHEL,,293.8,289.7,293.5,,,31205,9105454.7,124,,
2026-09-02,SHIVM,,668,648,658,,,165180,108967119.8,681,,
2026-09-02,SHL,,501.5,495,500,,,28236,14039768.2,83,,
2026-09-02,SHLB,,1250,1225,1250,,,89,109915,5,,
2026-09-02,SHPC,,506.5,498,504.9,,,58027,29112319.1,156,,
2026-09-02,SIFC,,485,475,482.5,,,7680,3696540.5,33,,
2026-09-02,SIKLES,,565,551.1,563.9,,,2355,1318833.5,40,,
2026-09-02,SIPD,,583,562.5,581,,,7920,4539042.5,193,,
2026-09-02,SJCL,,242,234,238.9,,,39823,9402301.1,170,,
2026-09-02,SJLIC,,404,390,397,,,6066,2373953.4,90,,
2026-09-02,SKBBL,,748,738,741,,,5788,4278478.9,71,,
2026-09-02,SKHEL,,820,777,815,,,3478,2755905.5,93,,
2026-09-02,SKHL,,735,705,735,,,10003,7194750,186,,
2026-09-02,SLBBL,,800,771,780,,,3829,2998648.2,58,,
2026-09-02,SLBSL,,880,854,865,,,278,240518,6,,
2026-09-02,SMATA,,688,675,683,,,421,285377,29,,
2026-09-02,SMB,,1742,1711.5,1718,,,265,456950,12,,
2026-09-02,SMFBS,,1394,1345,1394,,,278,382479.5,16,,
2026-09-02,SMH,,497,489.1,492.1,,,7138,3504504.9,48,,
2026-09-02,SMHL,,539.9,525,538,,,161690,86098822.5,677,,
2026-09-02,SMJC,,409.9,400,406,,,5764,2337313.9,65,,
2026-09-02,SMPDA,,729,720,720,,,992,714331.9,31,,
2026-09-02,SNLI,,390,383,388,,,7412,2868129.7,187,,
2026-09-02,SNORL,,864,850,864,,,7340,6260416.3,201,,
2026-09-02,SOHL,,665,651,663,,,184091,121467625,1111,,
2026-09-02,SONA,,411,404,410,,,31693,12927889,288,,
2026-09-02,SOPL,,739,728,734,,,15417,11270856.3,591,,
2026-09-02,SPC,,398,376.7,397,,,4207,1655992,30,,
2026-09-02,SPDL,,345.9,339.8,345,,,23918,8180493.8,97,,
2026-09-02,SPHL,,524,501.6,517,,,2915,1498486,36,,
2026-09-02,SPL,,669.9,594,664,,,2870,1793086,42,,
2026-09-02,SRLI,,356,348,353.5,,,21852,7669013.1,170,,
2026-09-02,SSHL,,194.8,191,193.3,,,34026,6543883.6,133,,
2026-09-02,STC,,5279.9,5180,5193.7,,,624,3253647.3,20,,
2026-09-02,SWASTIK,,1839.8,1810,1839.8,,,160,291648,12,,
2026-09-02,SWBBL,,667,660.1,664,,,947,627476.5,19,,
2026-09-02,SWMF,,581.5,576,581.5,,,1997,1154273.1,14,,
2026-09-02,SYPNL,,1287.5,1197.1,1279.5,,,29110,37188740.7,389,,
2026-09-02,TAMOR,,506,495,504,,,282709,141785954.9,856,,
2026-09-02,TPC,,346,339,344,,,9052,3105484.5,54,,
2026-09-02,TPKHL,,505,483.8,505,,,16416,8123575.5,524,,
2026-09-02,TRH,,810,766.3,799,,,14870,11654045.5,31,,
2026-09-02,TSHL,,335,326,333.7,,,1610,534289.5,29,,
2026-09-02,TTL,,689,675,678.9,,,6878,4665559.3,127,,
2026-09-02,TVCL,,340,311.2,335,,,18038,5860534.4,136,,
2026-09-02,UHEWA,,604,585.2,595,,,49163,29085558.2,165,,
2026-09-02,ULBSL,,2790,2370.3,2790,,,2064,5050198.8,69,,
2026-09-02,ULHC,,296.1,282,291,,,1297,373610.1,30,,
2026-09-02,UMHL,,558.5,550,558.5,,,18488,10218882.3,93,,
2026-09-02,UMRH,,518.9,501.3,514,,,3128,1595702.1,29,,
2026-09-02,UNHPL,,358,346,354,,,14890,5197816,52,,
2026-09-02,UNL,,46200,46200,46200,,,0,0,0,,
2026-09-02,UNLB,,1257,1187,1224.9,,,210,253249,14,,
2026-09-02,UPCL,,338.9,323,338.9,,,52734,17486266.6,148,,
2026-09-02,UPPER,,185,180,183.4,,,48034,8759287.5,275,,
2026-09-02,USHEC,,489.9,481.1,484,,,10300,4986655.8,56,,
2026-09-02,USHL,,514,507.1,514,,,1924,978895.6,30,,
2026-09-02,USLB,,1005,976,995,,,2192,2184469,41,,
2026-09-02,VLBS,,619.1,600,619,,,805,492074.1,47,,
2026-09-02,VLUCL,,390,373,375,,,2651,1000873.2,41,,
2026-09-02,YMHL,,573.5,532,564,,,13691,7598050.7,389,,
2026-09-03,ACLBSL,,900,880,894.9,,,804,710976,18,,
2026-09-03,ADBL,,299.8,296,297,,,9898,2946015.5,93,,
2026-09-03,AHL,,366,361.2,366,,,2543,930066,19,,
2026-09-03,AHPC,,249.9,248,248.2,,,38059,9463204,162,,
2026-09-03,AKJCL,,349.5,338,340.3,,,281818,96217298.5,452,,
2026-09-03,AKPL,,246.5,242,245,,,43929,10743264.8,150,,
2026-09-03,ALBSL,,1190,1060,1190,,,13128,14359640,119,,
2026-09-03,ALICL,,400,397,399.5,,,15632,6233750,79,,
2026-09-03,ANLB,,5617,4854.3,5023.5,,,1068,5243840,51,,
2026-09-03,APHL,,680,673.1,673.3,,,4386,2960685.7,105,,
2026-09-03,API,,330,325,326.1,,,115353,37607744.3,395,,
2026-09-03,AVYAN,,1029,999.1,1007,,,1868,1870141,37,,
2026-09-03,BANDIPUR,,647.4,640.1,644,,,10507,6760945.4,215,,
2026-09-03,BARUN,,313,305.8,307,,,27286,8445296.5,108,,
2026-09-03,BBC,,4088,4050,4082,,,212,863419,13,,
2026-09-03,BEDC,,290,281,286,,,11605,3302948.4,70,,
2026-09-03,BFC,,464.4,456,458,,,6315,2892559.3,55,,
2026-09-03,BGWT,,488,435,477,,,62270,28678973.9,310,,
2026-09-03,BHCL,,555,520,540,,,13335,7217003.3,182,,
2026-09-03,BHDC,,420,412.1,414.3,,,6633,2753138.1,68,,
2026-09-03,BHL,,202,198,198,,,50408,10071276,212,,
2026-09-03,BHPL,,460.9,430,438,,,3870,1681394,35,,
2026-09-03,BJHL,,650,632,647.9,,,6403,4079330,114,,
2026-09-03,BNHC,,261.9,256,259.5,,,10821,2794663.9,59,,
2026-09-03,BNL,,14800,14800,14800,,,0,0,0,,
2026-09-03,BNT,,11650,11550,11650,,,120,1395254,7,,
2026-09-03,BPCL,,644.9,628,633.6,,,5079,3222736.1,40,,
2026-09-03,BUNGAL,,529.9,515,515,,,7510,3908836.8,122,,
2026-09-03,CBBL,,933,927.7,932,,,3931,3659805.3,80,,
2026-09-03,CFCL,,603.3,580,598.4,,,116315,68158258.6,572,,
2026-09-03,CGH,,770,765,767,,,7006,5381107.5,34,,
2026-09-03,CHCL,,380,368,370.2,,,137474,50962073.7,507,,
2026-09-03,CHDC,,2185,2160,2179,,,2892,6273978.3,61,,
2026-09-03,CHL,,262.2,248.1,250,,,14915,3738996.3,42,,
2026-09-03,CIT,,1722,1653,1719.9,,,11654,19561162.3,213,,
2026-09-03,CITY,,347.7,339,340,,,56349,19233129.4,266,,
2026-09-03,CKHL,,615,549.6,615,,,646,378695,21,,
2026-09-03,CLI,,416,411.3,415,,,5103,2108641.1,112,,
2026-09-03,CREST,,1059,1035,1049,,,1811,1887127.9,63,,
2026-09-03,CYCL,,1638,1515.1,1599.9,,,12853,20170433.2,189,,
2026-09-03,CZBIL,,207,195,198.8,,,23707,4683897.6,93,,
2026-09-03,DDBL,,839,827,831,,,1725,1436127.4,31,,
2026-09-03,DHEL,,573,550.2,571,,,9552,5367963.4,154,,
2026-09-03,DHPL,,276.4,262.2,264,,,3793,1013120.1,32,,
2026-09-03,DLBS,,1010,981.2,993,,,302,299884,11,,
2026-09-03,DOLTI,,286.4,275,282,,,25887,7185155.2,118,,
2026-09-03,DORDI,,244,235.7,236.7,,,9039,2146432.5,88,,
2026-09-03,EBL,,717,713,716.1,,,17284,12354209.2,149,,
2026-09-03,ECL,,1300,1261,1282,,,10889,13928205.4,295,,
2026-09-03,EHPL,,314.2,307.5,312,,,10143,3161329,98,,
2026-09-03,ENL,,813.6,783,813.6,,,335,265106,15,,
2026-09-03,FMDBL,,730,720,726,,,3971,2888257.6,27,,
2026-09-03,FOWAD,,890,845,874.5,,,3595,3105365.9,62,,
2026-09-03,GBIME,,254.5,247,250,,,147780,37017269,561,,
2026-09-03,GBLBS,,665,646.1,660,,,2007,1308294,38,,
2026-09-03,GCIL,,386,379,379.3,,,22215,8464984.4,234,,
2026-09-03,GFCL,,572.8,563.3,572,,,3460,1971953.5,29,,
2026-09-03,GHL,,235,220,221,,,65253,14479015.5,175,,
2026-09-03,GILB,,1091,1074,1091,,,622,671186.1,21,,
2026-09-03,GLBSL,,1611,1585.2,1611,,,207,331285.8,8,,
2026-09-03,GLH,,246.8,239,245,,,25858,6283984.5,95,,
2026-09-03,GMFBS,,1093,1062,1066.6,,,281,302613.8,14,,
2026-09-03,GMFIL,,420,413,414.1,,,6329,2623514.4,30,,
2026-09-03,GMLI,,950,927.1,944,,,1021,953807,24,,
2026-09-03,GUFL,,511,504,506,,,9819,4986016.5,75,,
2026-09-03,GVL,,479,470,479,,,7893,3735510.6,70,,
2026-09-03,HATHY,,609,595.1,609,,,7502,4513468,91,,
2026-09-03,HBL,,187.9,184,187.6,,,34664,6440635.7,427,,
2026-09-03,HDHPC,,201.7,198,198.3,,,51411,10256104,203,,
2026-09-03,HDL,,1178.9,1162,1170.3,,,16547,19332396.2,229,,
2026-09-03,HFIN,,630,613.6,622.9,,,28307,17594541.2,369,,
2026-09-03,HHL,,323,316.5,319.9,,,10206,3255375.6,59,,
2026-09-03,HIDCL,,241,237.4,239,,,29189,6978160.8,145,,
2026-09-03,HIMSTAR,,654,626.1,632,,,2279,1441881.9,43,,
2026-09-03,HLBSL,,855,841.2,855,,,226,192687.2,4,,
2026-09-03,HLI,,297.8,293.2,295,,,20749,6114872.8,190,,
2026-09-03,HPPL,,367,363.1,363.1,,,41254,15041361.8,150,,
2026-09-03,HRL,,524,515,519.9,,,41825,21713394.1,404,,
2026-09-03,HURJA,,232,225,228,,,36438,8297985.8,118,,
2026-09-03,ICFC,,586.5,584,585,,,3923,2294583,41,,
2026-09-03,IHL,,305,295,304,,,5362,1609871.6,44,,
2026-09-03,ILBS,,844,800,837,,,1697,1388905,33,,
2026-09-03,ILI,,408.9,399,404.9,,,9663,3895401.1,163,,
2026-09-03,JBLB,,1251,1245,1248.1,,,1790,2234010.5,67,,
2026-09-03,JFL,,370,361.2,368.9,,,6967,2537510.1,50,,
2026-09-03,JHAPA,,1029.9,1010,1012,,,1683,1708816,37,,
2026-09-03,JOSHI,,257,253,256,,,9860,2504316.7,58,,
2026-09-03,JSLBB,,949.8,925,949.8,,,40,37248,2,,
2026-09-03,KAHL,,495,480,490,,,18961,9279277.6,664,,
2026-09-03,KBL,,213.7,210,213,,,153621,32602982.4,329,,
2026-09-03,KBSH,,804,779,802,,,11658,9235766.8,136,,
2026-09-03,KDL,,747.9,730,740,,,420,307987,13,,
2026-09-03,KHPL,,750.5,730,740.1,,,6607,4887428.8,71,,
2026-09-03,KKHC,,269.9,253,264.1,,,60972,16198625.4,182,,
2026-09-03,KMCDB,,875,735,772,,,9805,7616647.5,146,,
2026-09-03,KPCL,,450.9,445.6,447.1,,,3101,1386101.1,25,,
2026-09-03,LEC,,212.7,209.5,210,,,71132,15014853.1,178,,
2026-09-03,LICN,,759.8,750,754,,,9370,7051671,55,,
2026-09-03,LLBS,,879,840,846.1,,,388,329150.3,12,,
2026-09-03,LSL,,225,221.3,223,,,78161,17448063.5,171,,
2026-09-03,MABEL,,565.8,550,564,,,3709,2065758,79,,
2026-09-03,MAKAR,,413.8,405,406.5,,,103617,42381542.3,270,,
2026-09-03,MANDU,,677,655,677,,,5408,3601173.5,65,,
2026-09-03,MATRI,,720,706.6,716.2,,,269,192839.9,9,,
2026-09-03,MBJC,,276,263.5,274,,,62315,16930797.2,291,,
2026-09-03,MBL,,248.8,242.2,246,,,106970,26112385.6,138,,
2026-09-03,MCHL,,260.9,241.7,253,,,5221,1307481.9,46,,
2026-09-03,MEHL,,232.9,225,227,,,78734,17848479.9,280,,
2026-09-03,MEL,,200.5,197.5,200.5,,,6981,1390353.3,81,,
2026-09-03,MEN,,632.8,620.5,627.1,,,159060,99625473.5,297,,
2026-09-03,MEPDL,,660,611.1,660,,,24744,15734258.5,1025,,
2026-09-03,MERO,,609.8,600,606,,,1110,668479.5,22,,
2026-09-03,MFIL,,795,705.5,730,,,15417,11163247.6,104,,
2026-09-03,MHCL,,285,276,285,,,1155,325009,26,,
2026-09-03,MHL,,447.8,440,445,,,1354,599810,32,,
2026-09-03,MHNL,,236.8,232,235.5,,,2318,545562.8,16,,
2026-09-03,MKCL,,899.9,856.1,899.9,,,1680,1480542.8,50,,
2026-09-03,MKHC,,269.8,254,269.6,,,64064,16787707,385,,
2026-09-03,MKHL,,515,477.3,494,,,2969,1460927,59,,
2026-09-03,MKJC,,299,286,290,,,47203,13616384.5,191,,
2026-09-03,MLBBL,,927.8,915,925,,,867,795904.5,14,,
2026-09-03,MLBS,,1008,995,995,,,603,600445,13,,
2026-09-03,MLBSL,,1060,1044,1055,,,1070,1123218.3,28,,
2026-09-03,MMKJL,,388,364,368.9,,,8438,3163899.9,79,,
2026-09-03,MPFL,,594.9,585.1,589.6,,,2316,1358178.7,23,,
2026-09-03,MSHL,,535,510,534,,,517,273016.4,19,,
2026-09-03,MSLB,,1200.1,1175,1196,,,928,1095895,22,,
2026-09-03,NABIL,,540,537.5,539,,,21616,11650487.2,245,,
2026-09-03,NADEP,,699.7,685,685,,,303,209428,8,,
2026-09-03,NBL,,276.8,272.4,275.9,,,90624,24905761,236,,
2026-09-03,NESDO,,1310,1290.1,1307.9,,,627,814865,17,,
2026-09-03,NFS,,528.8,520,525,,,3136,1638476.2,36,,
2026-09-03,NGPL,,397,387.1,388,,,123903,48511316.2,265,,
2026-09-03,NHDL,,633,616,633,,,90,55963.2,9,,
2026-09-03,NHPC,,257.5,252.6,254,,,92558,23552252.7,296,,
2026-09-03,NICA,,310,307,309.5,,,26480,8184726,122,,
2026-09-03,NICLBSL,,517.7,510,515,,,7262,3722307.1,81,,
2026-09-03,NIFRA,,242.1,239.4,240,,,36551,8790467.4,266,,
2026-09-03,NIMB,,184,181,182,,,90898,16564490.2,340,,
2026-09-03,NLIC,,700,695,696,,,7257,5050112.2,116,,
2026-09-03,NLICL,,560.9,550,550,,,5530,3045019.1,42,,
2026-09-03,NLO,,277.4,277.4,277.4,,,0,0,0,,
2026-09-03,NMB,,240.9,238.1,238.5,,,26122,6239323.4,109,,
2026-09-03,NMBMF,,580,580,580,,,230,133400,3,,
2026-09-03,NMFBS,,1115,1097.6,1112,,,1694,1882401.8,27,,
2026-09-03,NMLBBL,,485,475,484,,,817,393718.5,38,,
2026-09-03,NRIC,,830,795.2,800,,,8425,6757178.8,118,,
2026-09-03,NRM,,292.1,282,285.2,,,2515,717698.9,54,,
2026-09-03,NRN,,1408,1380.1,1391,,,38921,54158523,265,,
2026-09-03,NTC,,890,878.2,881,,,7356,6478916.1,111,,
2026-09-03,NUBL,,575,564.1,570,,,2889,1652822.7,34,,
2026-09-03,NWCL,,600,590.2,597,,,1160,687809.9,30,,
2026-09-03,NYADI,,354.9,338.2,345,,,2251,772560,47,,
2026-09-03,OHL,,620,616,620,,,546,337702,14,,
2026-09-03,OMPL,,887,872,883,,,1363,1192545,59,,
2026-09-03,PCBL,,239.9,235.2,238,,,40298,9556104.3,94,,
2026-09-03,PCIL,,633,615,620.1,,,21397,13307913,538,,
2026-09-03,PFL,,364,364,364,,,0,0,0,,
2026-09-03,PHCL,,304.8,298.4,302.8,,,33666,10093220.3,148,,
2026-09-03,PMHPL,,298,289,298,,,2073,603198.1,30,,
2026-09-03,PMLI,,410,398,398.3,,,5367,2146748.7,76,,
2026-09-03,PPCL,,345.4,325.1,335,,,3967,1309757.7,31,,
2026-09-03,PPL,,304,298.3,302.9,,,26321,7920502.4,78,,
2026-09-03,PROFL,,385,376,380,,,6334,2409167,41,,
2026-09-03,PRVU,,179,176.2,177.5,,,64386,11452559.6,251,,
2026-09-03,PURE,,774,662,662,,,8483,6299466.1,106,,
2026-09-03,RADHI,,681,674,679,,,39400,26666290.5,127,,
2026-09-03,RAWA,,400,393,393,,,16939,6713512.9,92,,
2026-09-03,RFPL,,330,320,326,,,15011,4911891.4,84,,
2026-09-03,RHGCL,,247.8,242,247.8,,,6594,1615711.1,48,,
2026-09-03,RHPL,,179.7,172.2,173.1,,,115868,20265646.9,502,,
2026-09-03,RIDI,,357,342,344,,,272952,94660109.6,493,,
2026-09-03,RLEL,,790,770,772,,,4752,3672074.2,110,,
2026-09-03,RLFL,,430,418.1,418.1,,,7707,3247340.3,47,,
2026-09-03,RNLI,,411.9,405,410,,,8261,3373940.4,153,,
2026-09-03,RSDC,,620,612,619.9,,,1542,948456.6,32,,
2026-09-03,RSML,,2850,2681.3,2830,,,146528,409088927.1,1151,,
2026-09-03,RURU,,579,565.1,572.5,,,3001,1712669.5,24,,
2026-09-03,SAGAR,,1550,1500,1500,,,3864,5841397.7,72,,
2026-09-03,SAHAS,,692.8,683.2,686.9,,,55247,37895482.1,304,,
2026-09-03,SAIL,,1005,970,994,,,23510,23264016.8,258,,
2026-09-03,SANIMA,,361.9,356.1,360,,,67627,24327105.9,176,,
2026-09-03,SANVI,,565,550,550,,,6791,3760210.6,89,,
2026-09-03,SAPIL,,1228,1175,1210,,,34865,42008341.4,2019,,
2026-09-03,SARBTM,,797,789,795,,,7917,6265116.8,71,,
2026-09-03,SBI,,400.8,395,397.9,,,75210,29825959.2,48,,
2026-09-03,SBL,,414,408,412,,,68249,28063260.5,133,,
2026-09-03,SCB,,651,644,645.5,,,19963,12902444.5,74,,
2026-09-03,SGHC,,290.9,286,287.3,,,15667,4515229.1,88,,
2026-09-03,SGHL,,485,478,481.1,,,43151,20763842,1017,,
2026-09-03,SHEL,,294,291,293.7,,,26314,7689643.9,119,,
2026-09-03,SHIVM,,665.7,656.2,661,,,174067,115080649.8,605,,
2026-09-03,SHL,,502,497,502,,,6427,3214553.7,42,,
2026-09-03,SHLB,,1285,1250,1251,,,705,892780,8,,
2026-09-03,SHPC,,509,501,505.2,,,68850,34776590.6,135,,
2026-09-03,SIFC,,483,478,478,,,2743,1316226.3,29,,
2026-09-03,SIKLES,,566.9,555,566.1,,,9256,5155605.7,56,,
2026-09-03,SIPD,,590,565,580,,,7186,4130770.9,178,,
2026-09-03,SJCL,,239,234,236.2,,,28546,6751041.2,133,,
2026-09-03,SJLIC,,397.8,392,397.7,,,7388,2908180,86,,
2026-09-03,SKBBL,,745,740,741,,,7787,5772517.3,80,,
2026-09-03,SKHEL,,819,799,819,,,2769,2222742,63,,
2026-09-03,SKHL,,742,726,730,,,15978,11681131.1,192,,
2026-09-03,SLBBL,,790,775.2,780.8,,,1411,1100821,17,,
2026-09-03,SLBSL,,889.9,865,889.9,,,18,15619,2,,
2026-09-03,SMATA,,685,680,682,,,1340,915497.1,34,,
2026-09-03,SMB,,1740,1715,1718.1,,,421,726504,20,,
2026-09-03,SMFBS,,1398,1333,1333,,,403,545882,15,,
2026-09-03,SMH,,500,492.5,499,,,5945,2950350.9,58,,
2026-09-03,SMHL,,545,527,527,,,167364,89040272.9,696,,
2026-09-03,SMJC,,410,398.1,405,,,7472,2996276.8,85,,
2026-09-03,SMPDA,,729,707.3,720,,,519,374866.4,21,,
2026-09-03,SNLI,,391,380,386.3,,,11828,4575209,139,,
2026-09-03,SNORL,,879.9,852,879,,,9438,8212252,211,,
2026-09-03,SOHL,,672.9,650,650.5,,,194626,128695495.8,1036,,
2026-09-03,SONA,,415,404,404,,,23807,9646583.2,221,,
2026-09-03,SOPL,,733.9,720.2,725,,,26050,18956629.6,557,,
2026-09-03,SPC,,408.9,390,397.9,,,1285,503374.9,22,,
2026-09-03,SPDL,,350,341.3,348.9,,,11031,3784982.2,59,,
2026-09-03,SPHL,,522,505.6,518,,,13060,6750057.8,52,,
2026-09-03,SPL,,645,622,640,,,4541,2858451,30,,
2026-09-03,SRLI,,358.5,350,355.2,,,13933,4941094.7,137,,
2026-09-03,SSHL,,194.5,190,191.2,,,49706,9532758,158,,
2026-09-03,STC,,5269,5200,5206.1,,,1168,6102850,23,,
2026-09-03,SWASTIK,,1857.9,1799.9,1844.9,,,530,958484.7,30,,
2026-09-03,SWBBL,,676,665.3,670,,,5240,3523601.3,59,,
2026-09-03,SWMF,,581.5,575,579,,,1019,586421.9,17,,
2026-09-03,SYPNL,,1311,1215.6,1281,,,58760,75651849.4,569,,
2026-09-03,TAMOR,,507,493.2,503,,,265982,133288863.4,555,,
2026-09-03,TPC,,350,339.7,344,,,6250,2133917.2,39,,
2026-09-03,TPKHL,,520.1,499,515,,,23830,12052342.7,603,,
2026-09-03,TRH,,809.9,775,790,,,4149,3248438,31,,
2026-09-03,TSHL,,343,332.2,333.4,,,1576,532261.2,37,,
2026-09-03,TTL,,694,680,680,,,4541,3097988.1,109,,
2026-09-03,TVCL,,339.4,317,330,,,11916,3854782.8,77,,
2026-09-03,UHEWA,,602,583.6,583.6,,,15127,8888122.7,153,,
2026-09-03,ULBSL,,2926,2926,2926,,,10,29260,1,,
2026-09-03,ULHC,,305,290,300,,,10180,3035428.4,89,,
2026-09-03,UMHL,,588,551,562.4,,,133544,74596840,174,,
2026-09-03,UMRH,,514,505.1,514,,,2839,1445869.1,23,,
2026-09-03,UNHPL,,357.5,348.4,353.7,,,5151,1816404.2,40,,
2026-09-03,UNL,,46250,46250,46250,,,10,462500,1,,
2026-09-03,UNLB,,1258.9,1200,1234.8,,,503,612245,18,,
2026-09-03,UPCL,,344,333,344,,,39119,13233571.2,142,,
2026-09-03,UPPER,,184.7,181.5,182,,,67824,12347447.7,318,,
2026-09-03,USHEC,,519,484,492.2,,,8329,4128565.5,69,,
2026-09-03,USHL,,539.7,496,515,,,4175,2100530.6,39,,
2026-09-03,USLB,,1014,1000,1012.7,,,221,222809.3,14,,
2026-09-03,VLBS,,636.9,602,619,,,2035,1244879.3,59,,
2026-09-03,VLUCL,,386.2,370,379.5,,,2365,890120.5,43,,
2026-09-03,YMHL,,569.8,548,562,,,16837,9324981.9,376,,
2026-09-07,ACLBSL,,899,878,886,,,835,739696.1,35,,
2026-09-07,ADBL,,311.8,295.1,300,,,28634,8580567.6,142,,
2026-09-07,AHL,,375.8,360,360,,,4679,1695129.5,38,,
2026-09-07,AHPC,,254.9,248.2,253.3,,,44610,11258613.5,200,,
2026-09-07,AKJCL,,357.3,340,340.6,,,116479,39899454.3,286,,
2026-09-07,AKPL,,250,243.5,250,,,77445,19205096.5,220,,
2026-09-07,ALBSL,,1150,1097,1102.1,,,13298,14743885.4,158,,
2026-09-07,ALICL,,405,397,402,,,10546,4236929.4,96,,
2026-09-07,ANLB,,5015,4880,4908,,,753,3700179.6,26,,
2026-09-07,APHL,,695,670,690,,,6214,4280101,155,,
2026-09-07,API,,331.8,326.7,329,,,172177,56724828.9,423,,
2026-09-07,AVYAN,,1014,988,1002,,,972,979913,29,,
2026-09-07,BANDIPUR,,658,641,645.9,,,17005,11027939,315,,
2026-09-07,BARUN,,314.9,308.1,312,,,20989,6542527.3,109,,
2026-09-07,BBC,,4089,4002,4076,,,87,352648,11,,
2026-09-07,BEDC,,288,282,287,,,6739,1919594.6,68,,
2026-09-07,BFC,,463.5,447,450,,,24371,11014829.2,137,,
2026-09-07,BGWT,,477,463.3,474,,,20189,9576619.5,82,,
2026-09-07,BHCL,,547,513,542.9,,,99020,53699934.7,283,,
2026-09-07,BHDC,,430,412,422,,,2460,1031876.9,48,,
2026-09-07,BHL,,205,199,201,,,56544,11351215.5,255,,
2026-09-07,BHPL,,438,425.3,432,,,4956,2133705.7,34,,
2026-09-07,BJHL,,659,630.1,653,,,10049,6511022,157,,
2026-09-07,BNHC,,264.9,258,263.8,,,10214,2661576,70,,
2026-09-07,BNL,,14360,14360,14360,,,10,143600,1,,
2026-09-07,BNT,,11650,11600,11630,,,70,814000,3,,
2026-09-07,BPCL,,649,634,645,,,13485,8701788.5,64,,
2026-09-07,BUNGAL,,531,511,526,,,9952,5211360.2,141,,
2026-09-07,CBBL,,948,932,943,,,12870,12129625.6,143,,
2026-09-07,CFCL,,599,569,595,,,92390,54067493,302,,
2026-09-07,CGH,,772,765,769.3,,,7983,6138059.2,65,,
2026-09-07,CHCL,,373.5,365,369.2,,,100943,37322001.3,442,,
2026-09-07,CHDC,,2225,2172,2215,,,10148,22373704.5,133,,
2026-09-07,CHL,,254.9,250,250.5,,,12826,3229800.2,47,,
2026-09-07,CIT,,1720,1700,1713.9,,,4898,8374360,118,,
2026-09-07,CITY,,348.9,340,342,,,48423,16626407.1,229,,
2026-09-07,CKHL,,636,585,591,,,1942,1158133.2,37,,
2026-09-07,CLI,,417.9,412,413.1,,,11366,4712837.9,188,,
2026-09-07,CREST,,1075.9,1031.3,1074,,,4210,4448534,123,,
2026-09-07,CYCL,,1647,1510.1,1584,,,13229,20400774.7,153,,
2026-09-07,CZBIL,,201,197,199.5,,,44539,8878322.9,138,,
2026-09-07,DDBL,,849,833,841.1,,,3163,2660225.5,48,,
2026-09-07,DHEL,,587,556,577,,,15211,8656540.2,251,,
2026-09-07,DHPL,,273.5,263,272,,,3839,1032278.3,29,,
2026-09-07,DLBS,,1000,993,1000,,,137,136491,10,,
2026-09-07,DOLTI,,285.8,278.2,280,,,14523,4084553.1,88,,
2026-09-07,DORDI,,241,237,240,,,7723,1850781,89,,
2026-09-07,EBL,,717.5,710,716,,,32619,23304507.4,293,,
2026-09-07,ECL,,1323.1,1218,1297,,,10282,13409863.6,332,,
2026-09-07,EHPL,,321.3,310,315,,,6034,1892034.2,63,,
2026-09-07,ENL,,854,691.6,691.6,,,16300,11333563,173,,
2026-09-07,FMDBL,,740,727,739.8,,,4669,3425788.5,59,,
2026-09-07,FOWAD,,918.2,880,880,,,1465,1294899,41,,
2026-09-07,GBIME,,262.5,248.1,251.9,,,110870,27844200.9,430,,
2026-09-07,GBLBS,,657,648,657,,,4218,2754512.5,50,,
2026-09-07,GCIL,,384.9,376.1,378.5,,,37171,14115751.2,283,,
2026-09-07,GFCL,,580,572,575,,,4082,2350909,45,,
2026-09-07,GHL,,228,222,228,,,70778,15900038.1,190,,
2026-09-07,GILB,,1159,1095,1116,,,8463,9408750.6,70,,
2026-09-07,GLBSL,,1605,1600,1601.1,,,274,438599.3,15,,
2026-09-07,GLH,,249,244,246.2,,,17060,4206276.5,104,,
2026-09-07,GMFBS,,1146,1041,1145,,,574,617678,28,,
2026-09-07,GMFIL,,420,414,418,,,5966,2496111.1,34,,
2026-09-07,GMLI,,987,919,951,,,602,575516,30,,
2026-09-07,GUFL,,518,502.5,502.7,,,11404,5777060,64,,
2026-09-07,GVL,,488,473,485.9,,,12386,5974140,122,,
2026-09-07,HATHY,,610,590.1,594.5,,,9650,5765710.3,123,,
2026-09-07,HBL,,189,186,189,,,78585,14693485.3,585,,
2026-09-07,HDHPC,,202,198.2,200.8,,,50657,10170909.6,196,,
2026-09-07,HDL,,1195,1170,1187,,,24480,28971428.1,338,,
2026-09-07,HFIN,,639,619,629,,,21542,13569626.8,497,,
2026-09-07,HHL,,323.9,315,315,,,19609,6257670,91,,
2026-09-07,HIDCL,,244.6,239,243,,,72026,17450631.8,237,,
2026-09-07,HIMSTAR,,650,623.2,649,,,4379,2817630.4,78,,
2026-09-07,HLBSL,,865,851.7,855,,,635,546573.1,20,,
2026-09-07,HLI,,300,295,296.6,,,18552,5513043.4,194,,
2026-09-07,HPPL,,380,366.1,370.5,,,60500,22333120.4,223,,
2026-09-07,HRL,,521.9,514,516,,,50365,26023777.6,594,,
2026-09-07,HURJA,,234.3,229.3,233.5,,,44635,10377901,133,,
2026-09-07,ICFC,,599,582,582.1,,,3470,2036003.3,43,,
2026-09-07,IHL,,308,292.2,292.2,,,9160,2723923.9,62,,
2026-09-07,ILBS,,839,815,836.9,,,1029,848423.8,26,,
2026-09-07,ILI,,408,404,405,,,7460,3026347.3,185,,
2026-09-07,JBLB,,1270,1250,1252,,,4936,6203330.8,103,,
2026-09-07,JFL,,361,313.6,313.6,,,72312,23266301.1,562,,
2026-09-07,JHAPA,,1033.8,1001.1,1021,,,2517,2587852.5,51,,
2026-09-07,JOSHI,,261.9,256,261.5,,,8714,2250603.6,80,,
2026-09-07,JSLBB,,944,924.1,944,,,188,173933,3,,
2026-09-07,KAHL,,502,485.2,493,,,15554,7663279.2,893,,
2026-09-07,KBL,,215.2,212.1,215,,,157430,33681496.1,412,,
2026-09-07,KBSH,,824.9,796,809,,,6367,5114073,64,,
2026-09-07,KDL,,745,723.1,727,,,3012,2185630.5,53,,
2026-09-07,KHPL,,749,735,740,,,2771,2058640.4,95,,
2026-09-07,KKHC,,273,265.1,267.9,,,153445,41316952.7,317,,
2026-09-07,KMCDB,,825,740,820,,,11566,9361626.2,139,,
2026-09-07,KPCL,,453.9,445.3,449.1,,,4518,2035479,41,,
2026-09-07,LEC,,216,210.2,215,,,73636,15763020.6,197,,
2026-09-07,LICN,,760,745,756,,,9538,7157206.5,66,,
2026-09-07,LLBS,,872,845.9,870.5,,,542,470322.6,13,,
2026-09-07,LSL,,234.1,222.4,225,,,113537,25561396.4,193,,
2026-09-07,MABEL,,592,554,587.7,,,5632,3237274.9,120,,
2026-09-07,MAKAR,,409.9,402,402,,,50130,20319243.5,159,,
2026-09-07,MANDU,,690,665.1,677,,,10657,7240545,109,,
2026-09-07,MATRI,,735,710.1,723,,,1210,877179.4,22,,
2026-09-07,MBJC,,279,268.7,278.5,,,80806,22297860.8,287,,
2026-09-07,MBL,,255,242,250,,,44708,11116113.8,129,,
2026-09-07,MCHL,,262,244,255,,,4308,1093330,34,,
2026-09-07,MEHL,,230.9,225.7,228,,,44646,10208170.9,206,,
2026-09-07,MEL,,200.1,198,199.6,,,4199,838759,89,,
2026-09-07,MEN,,640,627.1,630,,,68850,43694961.3,279,,
2026-09-07,MEPDL,,663,643.4,644,,,18706,12190705.9,942,,
2026-09-07,MERO,,612,592,600,,,8304,4959572.4,53,,
2026-09-07,MFIL,,740,720,733,,,13447,9814448.5,91,,
2026-09-07,MHCL,,281.3,271,280,,,6450,1790148,29,,
2026-09-07,MHL,,454.5,444,452.9,,,4993,2238121.5,57,,
2026-09-07,MHNL,,243.5,236,242,,,20881,4968550.7,99,,
2026-09-07,MKCL,,926,895,911,,,2080,1885259,64,,
2026-09-07,MKHC,,273,259,260,,,23751,6254837.1,180,,
2026-09-07,MKHL,,506,482.2,496.1,,,934,463405,31,,
2026-09-07,MKJC,,296,284.1,289.4,,,31973,9231439.2,112,,
2026-09-07,MLBBL,,977,919.1,945,,,2565,2418260.2,37,,
2026-09-07,MLBS,,981,980,981,,,100,98067,5,,
2026-09-07,MLBSL,,1083.7,1055,1072,,,888,948436,27,,
2026-09-07,MMKJL,,377.9,336.7,355.2,,,8022,2904978.7,67,,
2026-09-07,MPFL,,600,584.1,595,,,2600,1534416.8,29,,
2026-09-07,MSHL,,540,518,518,,,147,78258,8,,
2026-09-07,MSLB,,1265,1162,1225,,,6586,8076766.6,46,,
2026-09-07,NABIL,,555.5,545.1,552.5,,,126376,69700456,866,,
2026-09-07,NADEP,,690.1,670,689,,,256,176098.8,8,,
2026-09-07,NBL,,279,275,279,,,133042,36884964.2,334,,
2026-09-07,NESDO,,1320,1272.2,1320,,,401,525460.5,20,,
2026-09-07,NFS,,528,522,524.9,,,6013,3155340,48,,
2026-09-07,NGPL,,398.1,390,393.8,,,82826,32655590.2,277,,
2026-09-07,NHDL,,635,620.1,635,,,1011,632896.1,17,,
2026-09-07,NHPC,,259,250,257,,,159367,40907063.3,405,,
2026-09-07,NICA,,315,309,309,,,38044,11806058.3,206,,
2026-09-07,NICLBSL,,525,508.1,512.8,,,9569,4887119.7,102,,
2026-09-07,NIFRA,,245,239,240.9,,,38391,9321771.1,303,,
2026-09-07,NIMB,,191.1,182.1,183.8,,,94930,17385430.6,330,,
2026-09-07,NLIC,,705,691,701,,,11863,8282443,172,,
2026-09-07,NLICL,,555.1,550,550.3,,,5233,2884569.4,30,,
2026-09-07,NLO,,277.4,277.4,277.4,,,0,0,0,,
2026-09-07,NMB,,250.4,238.1,239.9,,,45643,10959990.3,145,,
2026-09-07,NMBMF,,589.9,570,589,,,1126,653334,20,,
2026-09-07,NMFBS,,1138.9,1120,1135,,,2127,2403676.4,45,,
2026-09-07,NMLBBL,,498,485,488,,,2896,1421176,41,,
2026-09-07,NRIC,,818,798,805,,,15042,12106088.3,174,,
2026-09-07,NRM,,292,280,287,,,6638,1872647.1,66,,
2026-09-07,NRN,,1419,1380,1400,,,40081,56200493.2,265,,
2026-09-07,NTC,,900,881,884,,,7862,6954537.9,112,,
2026-09-07,NUBL,,575,568,568,,,11530,6579295.6,82,,
2026-09-07,NWCL,,607,590,598,,,1723,1023427.7,33,,
2026-09-07,NYADI,,371,338,351.1,,,6014,2133824.8,75,,
2026-09-07,OHL,,623,610,623,,,856,525048,7,,
2026-09-07,OMPL,,895,862.1,895,,,2582,2274081.5,78,,
2026-09-07,PCBL,,249.9,236.5,243.9,,,43028,10335367.5,160,,
2026-09-07,PCIL,,634,589.1,618.2,,,22324,13883299.8,816,,
2026-09-07,PFL,,364,364,364,,,0,0,0,,
2026-09-07,PHCL,,304,298.4,298.8,,,60592,18202887.6,216,,
2026-09-07,PMHPL,,297.9,293,294.9,,,6499,1908060.8,31,,
2026-09-07,PMLI,,406,397,401.9,,,9006,3626480.1,118,,
2026-09-07,PPCL,,344.5,326.3,338.5,,,7990,2725189.5,38,,
2026-09-07,PPL,,308,287.8,306,,,12765,3898230.5,89,,
2026-09-07,PROFL,,383,375,380,,,5377,2048224.6,32,,
2026-09-07,PRVU,,182,177.5,180,,,122816,22129126.6,352,,
2026-09-07,PURE,,761.3,662,761.3,,,9496,7172182.3,132,,
2026-09-07,RADHI,,691,679,690,,,31235,21477566,117,,
2026-09-07,RAWA,,413.9,393,413.9,,,29843,12158176,129,,
2026-09-07,RFPL,,333,320.1,328.1,,,6314,2069667,77,,
2026-09-07,RHGCL,,257.4,242.1,250,,,9727,2416738.6,74,,
2026-09-07,RHPL,,174,170,170.2,,,109353,18747187.1,469,,
2026-09-07,RIDI,,352.9,344,347.7,,,232720,80798176,379,,
2026-09-07,RLEL,,790,729,760,,,16786,12741931.7,227,,
2026-09-07,RLFL,,427.9,415,424,,,5708,2417848,49,,
2026-09-07,RNLI,,414.7,410,414,,,5480,2261600,206,,
2026-09-07,RSDC,,636,612.3,628,,,5199,3249408.6,41,,
2026-09-07,RSML,,2965,2850,2940,,,86181,252166122.5,867,,
2026-09-07,RURU,,606,570.6,585,,,2411,1401106.4,38,,
2026-09-07,SAGAR,,1593,1500,1593,,,13464,20936805.6,184,,
2026-09-07,SAHAS,,700,686,694,,,72219,50038731,501,,
2026-09-07,SAIL,,1056.2,970.4,1056.2,,,59583,61447344.8,579,,
2026-09-07,SANIMA,,370,359.1,365,,,68952,24970721.6,248,,
2026-09-07,SANVI,,566,548.1,559,,,7416,4147035.5,123,,
2026-09-07,SAPIL,,1255,1186.5,1245,,,24421,29957802.5,1593,,
2026-09-07,SARBTM,,804,790.3,797,,,15949,12653923.9,90,,
2026-09-07,SBI,,402,392,402,,,27589,10969688,57,,
2026-09-07,SBL,,423.8,415,421.5,,,154937,64990176.7,414,,
2026-09-07,SCB,,660,647,649.1,,,6334,4118431.9,73,,
2026-09-07,SGHC,,295,281.2,295,,,29194,8509236.4,125,,
2026-09-07,SGHL,,500,481,499.3,,,55299,27361850.8,1698,,
2026-09-07,SHEL,,296,293,293.9,,,35627,10492737.4,156,,
2026-09-07,SHIVM,,694,660,664.2,,,128175,85396612.6,577,,
2026-09-07,SHL,,503,488,502.5,,,27156,13563454.9,72,,
2026-09-07,SHLB,,1265,1250,1265,,,50,62830,5,,
2026-09-07,SHPC,,512,500.2,509.8,,,63930,32415928.7,175,,
2026-09-07,SIFC,,487.9,480.1,480.1,,,1834,885664,9,,
2026-09-07,SIKLES,,580,560.2,578,,,25126,14380810.7,121,,
2026-09-07,SIPD,,614,578,591.1,,,17398,10421118.6,358,,
2026-09-07,SJCL,,240.9,231,232.5,,,21624,5038922.3,157,,
2026-09-07,SJLIC,,402,395,398,,,8388,3346099.8,114,,
2026-09-07,SKBBL,,755,741,746.1,,,5863,4397568.3,79,,
2026-09-07,SKHEL,,835,795,830,,,1126,927546,54,,
2026-09-07,SKHL,,749.5,716,725,,,18121,13239541.9,232,,
2026-09-07,SLBBL,,860,790.1,799,,,8071,6747969.9,59,,
2026-09-07,SLBSL,,907.9,880.7,899,,,577,509036.2,17,,
2026-09-07,SMATA,,695,686,695,,,2294,1587243.4,51,,
2026-09-07,SMB,,1795,1717,1785,,,961,1688720.5,27,,
2026-09-07,SMFBS,,1361.7,1312,1345,,,77,102015,7,,
2026-09-07,SMH,,510,496,509.3,,,7260,3660928,67,,
2026-09-07,SMHL,,542,520,527,,,191907,101973906.4,850,,
2026-09-07,SMJC,,407,399.8,403,,,14325,5752690.8,107,,
2026-09-07,SMPDA,,721.7,710,721,,,1222,878594.7,23,,
2026-09-07,SNLI,,390,375,389,,,12332,4780892.9,234,,
2026-09-07,SNORL,,885,861.1,878,,,17285,15139072.4,280,,
2026-09-07,SOHL,,667.3,650.7,654,,,246562,162707708.2,1059,,
2026-09-07,SONA,,405.9,397,398,,,107843,43138690.9,528,,
2026-09-07,SOPL,,748.9,720,738,,,27444,20232368.5,863,,
2026-09-07,SPC,,406.9,390,398,,,6974,2767270.3,34,,
2026-09-07,SPDL,,355.3,342.2,346,,,16760,5821338.1,80,,
2026-09-07,SPHL,,519.8,505,514,,,4307,2202065.2,34,,
2026-09-07,SPL,,633,610,615.6,,,1839,1133870,43,,
2026-09-07,SRLI,,366,349.6,355,,,10669,3790570.8,149,,
2026-09-07,SSHL,,196,191.2,193,,,50337,9763498.6,198,,
2026-09-07,STC,,5290,5161.1,5226.1,,,1003,5262307.5,33,,
2026-09-07,SWASTIK,,1859,1820,1859,,,360,658305,22,,
2026-09-07,SWBBL,,682,670,677,,,6104,4139259.5,52,,
2026-09-07,SWMF,,588,577.3,584,,,3348,1954932.1,25,,
2026-09-07,SYPNL,,1349.9,1250,1344,,,101030,134435209.6,1276,,
2026-09-07,TAMOR,,528.1,495,497.1,,,112276,56343568.5,405,,
2026-09-07,TPC,,352.8,343,346,,,11936,4179396.7,59,,
2026-09-07,TPKHL,,528,501.7,510,,,17101,8682401.9,700,,
2026-09-07,TRH,,800,771.5,798,,,7293,5680749,25,,
2026-09-07,TSHL,,340,330,333,,,2710,904590.5,30,,
2026-09-07,TTL,,698,672.2,685,,,6472,4450652.2,186,,
2026-09-07,TVCL,,339.9,313.5,317.2,,,3627,1171389.6,43,,
2026-09-07,UHEWA,,617,583,586.2,,,49711,29464074.5,208,,
2026-09-07,ULBSL,,3072,2840,2840,,,30,89840,2,,
2026-09-07,ULHC,,314,260,260,,,7071,2068687.9,74,,
2026-09-07,UMHL,,585,550,553.9,,,25242,14005378.3,124,,
2026-09-07,UMRH,,520,510.1,519.7,,,6291,3239991.3,30,,
2026-09-07,UNHPL,,359,349.3,355,,,12344,4357493.9,52,,
2026-09-07,UNL,,46600,46200,46300,,,80,3709650,8,,
2026-09-07,UNLB,,1306,1194,1258,,,200,244728,12,,
2026-09-07,UPCL,,347,336,345,,,87414,29913720.9,188,,
2026-09-07,UPPER,,185,182,183,,,70470,12922157.5,327,,
2026-09-07,USHEC,,500,491,499,,,4805,2390606.5,48,,
2026-09-07,USHL,,515,501,501,,,1128,567945.7,26,,
2026-09-07,USLB,,1028.9,1013,1020,,,546,556657,16,,
2026-09-07,VLBS,,624.5,601,620,,,1623,999770.8,67,,
2026-09-07,VLUCL,,400,374,381,,,2693,1017782,46,,
2026-09-07,YMHL,,581.9,550,560,,,11530,6429147.8,458,,
2026-09-09,ACLBSL,,886,872.2,884,,,373,329578.6,16,,
2026-09-09,ADBL,,301,297.6,299,,,22639,6769231.6,125,,
2026-09-09,AHL,,360.1,355,356.3,,,3135,1122865.1,22,,
2026-09-09,AHPC,,255.8,252.5,254.9,,,51132,13015415.8,198,,
2026-09-09,AKJCL,,345,336,338,,,246140,83856732.9,449,,
2026-09-09,AKPL,,254,247.3,249,,,100108,25040311.1,181,,
2026-09-09,ALBSL,,1135,1071,1114,,,18823,20680186,118,,
2026-09-09,ALICL,,407.9,397,398,,,6052,2411735,60,,
2026-09-09,ANLB,,4966.9,4800,4870,,,507,2466595.9,36,,
2026-09-09,APHL,,701,670,680.1,,,6558,4516645.7,153,,
2026-09-09,API,,330.5,325,327.5,,,114456,37422447.1,390,,
2026-09-09,AVYAN,,999,980,991,,,2377,2340803,36,,
2026-09-09,BANDIPUR,,658.9,640,643.4,,,21473,13923865.8,325,,
2026-09-09,BARUN,,314,309,309,,,32939,10229141.3,89,,
2026-09-09,BBC,,4118,4001,4001.7,,,393,1580217.3,20,,
2026-09-09,BEDC,,288,280,285.5,,,4833,1372331.8,56,,
2026-09-09,BFC,,457.9,437,437,,,30003,13354837.4,149,,
2026-09-09,BGWT,,470,460,461.1,,,19987,9292868.9,103,,
2026-09-09,BHCL,,554,515.8,530,,,33038,17673052.9,276,,
2026-09-09,BHDC,,424,413.9,419.9,,,11329,4733034.7,75,,
2026-09-09,BHL,,204.9,200,200,,,37042,7471958.4,229,,
2026-09-09,BHPL,,457,417.2,457,,,12100,5171533.6,124,,
2026-09-09,BJHL,,666,637.3,657.9,,,18521,12057056.2,208,,
2026-09-09,BNHC,,265,257.6,262.9,,,14892,3911440,88,,
2026-09-09,BNL,,14360,14360,14360,,,0,0,0,,
2026-09-09,BNT,,11700,11630,11700,,,20,233300,2,,
2026-09-09,BPCL,,648,638.2,643,,,4544,2916217.3,46,,
2026-09-09,BUNGAL,,535.7,520,531,,,17641,9351255.9,199,,
2026-09-09,CBBL,,954,940,947,,,22863,21652344,248,,
2026-09-09,CFCL,,655,560,561,,,291259,171132354.4,915,,
2026-09-09,CGH,,778,768,770,,,9163,7061887,50,,
2026-09-09,CHCL,,370,358,358.1,,,63908,23178359.7,464,,
2026-09-09,CHDC,,2244,2202,2230,,,13702,30453997.8,157,,
2026-09-09,CHL,,254.6,245,246,,,9455,2344970.4,58,,
2026-09-09,CIT,,1714,1700,1700,,,5936,10119955.9,112,,
2026-09-09,CITY,,345,336,337,,,57074,19326326.9,279,,
2026-09-09,CKHL,,593,573.3,593,,,808,468306,26,,
2026-09-09,CLI,,419,413,413,,,12524,5188547.4,231,,
2026-09-09,CREST,,1108,1050,1050,,,7119,7514747,118,,
2026-09-09,CYCL,,1619,1504.8,1550,,,3748,5769202.3,85,,
2026-09-09,CZBIL,,209.4,195.4,199.8,,,19083,3781583,78,,
2026-09-09,DDBL,,847,835,846.9,,,4082,3442671.3,60,,
2026-09-09,DHEL,,576.8,551,559,,,13699,7678165,186,,
2026-09-09,DHPL,,273,265,268,,,3519,939464.5,18,,
2026-09-09,DLBS,,1005,990,1000,,,250,249052.5,11,,
2026-09-09,DOLTI,,282.9,276,276.3,,,12639,3526666.2,86,,
2026-09-09,DORDI,,245,235.1,240,,,17869,4256114.5,93,,
2026-09-09,EBL,,720,714,718,,,32334,23205195,213,,
2026-09-09,ECL,,1313,1276.1,1285,,,9869,12763232.5,301,,
2026-09-09,EHPL,,330.7,312.5,316.1,,,10015,3164994.6,55,,
2026-09-09,ENL,,661.9,587.9,587.9,,,171560,104361706.1,719,,
2026-09-09,FMDBL,,734,724,726.1,,,6834,4967656.4,54,,
2026-09-09,FOWAD,,906,880,880,,,2592,2287174,42,,
2026-09-09,GBIME,,255.1,250.4,250.4,,,126513,31883364.7,512,,
2026-09-09,GBLBS,,657,625,647,,,5324,3417138.5,68,,
2026-09-09,GCIL,,382,370.6,372,,,37249,14046658.3,257,,
2026-09-09,GFCL,,576,560,573,,,13266,7562548.1,67,,
2026-09-09,GHL,,231.9,225,228,,,72673,16520493.1,218,,
2026-09-09,GILB,,1116,1080,1112.4,,,3367,3707830.2,48,,
2026-09-09,GLBSL,,1620,1601,1610,,,245,393364,16,,
2026-09-09,GLH,,250,244,245,,,24035,5920214.1,116,,
2026-09-09,GMFBS,,1170,1045,1170,,,1418,1532426.4,43,,
2026-09-09,GMFIL,,423,407.7,417.9,,,8815,3651853.3,65,,
2026-09-09,GMLI,,960,940,957.9,,,430,406872.5,30,,
2026-09-09,GUFL,,510,488,490,,,16440,8178809.7,101,,
2026-09-09,GVL,,487,479,479,,,15271,7369143.3,116,,
2026-09-09,HATHY,,591.2,570.1,575,,,17339,10061409.3,229,,
2026-09-09,HBL,,188,185.1,186,,,44416,8271334,493,,
2026-09-09,HDHPC,,203.7,197,197,,,65850,13116621,204,,
2026-09-09,HDL,,1191,1183,1187,,,28507,33851916.4,320,,
2026-09-09,HFIN,,638,615,620,,,19129,12050085.7,398,,
2026-09-09,HHL,,322,315,319,,,9220,2946209,60,,
2026-09-09,HIDCL,,255.1,239.2,240,,,30539,7363616,155,,
2026-09-09,HIMSTAR,,675,640,650,,,3536,2324219.5,71,,
2026-09-09,HLBSL,,869.9,837.7,869.9,,,250,212743.3,9,,
2026-09-09,HLI,,297.1,295.9,296,,,8925,2643703.3,190,,
2026-09-09,HPPL,,372.8,367,367.2,,,49823,18352235.3,160,,
2026-09-09,HRL,,517,502.1,502.1,,,49983,25417408.5,599,,
2026-09-09,HURJA,,235,231.1,232,,,39646,9248066.5,115,,
2026-09-09,ICFC,,589,577.3,582.8,,,4677,2716075.3,59,,
2026-09-09,IHL,,303.9,293,302.9,,,8838,2668970.1,69,,
2026-09-09,ILBS,,841,820,833,,,1568,1301842.9,30,,
2026-09-09,ILI,,410,403,408,,,7144,2895300.5,200,,
2026-09-09,JBLB,,1260,1252,1254.2,,,5354,6723646.9,111,,
2026-09-09,JFL,,300,266.6,266.6,,,125289,33893445.5,807,,
2026-09-09,JHAPA,,1088.9,1016.1,1038,,,7788,8248905.5,144,,
2026-09-09,JOSHI,,262,257,258,,,5452,1409326.5,47,,
2026-09-09,JSLBB,,949,935,935,,,73,68395,2,,
2026-09-09,KAHL,,500,481.3,483,,,26585,13042796.4,822,,
2026-09-09,KBL,,217.5,213,213.2,,,109831,23489936.3,269,,
2026-09-09,KBSH,,828,793,795,,,8794,7012105.9,95,,
2026-09-09,KDL,,690.7,618,623.2,,,134662,84377980.9,649,,
2026-09-09,KHPL,,755,737,754,,,4842,3636304.6,132,,
2026-09-09,KKHC,,270,263,265,,,80641,21438435.1,181,,
2026-09-09,KMCDB,,826.3,779,799.8,,,5461,4361048.5,75,,
2026-09-09,KPCL,,458.9,450,452,,,6612,2999086.1,42,,
2026-09-09,LEC,,218,213,214,,,94638,20411190.1,192,,
2026-09-09,LICN,,759,750,751.7,,,11671,8760298,68,,
2026-09-09,LLBS,,869,846,869,,,166,140787.4,5,,
2026-09-09,LSL,,236.2,223.3,226,,,43166,9751080.5,129,,
2026-09-09,MABEL,,615,587.1,587.1,,,23820,14389035.7,233,,
2026-09-09,MAKAR,,405,397.7,400,,,53462,21453774.4,184,,
2026-09-09,MANDU,,710,643.2,700,,,39347,27259170.4,269,,
2026-09-09,MATRI,,729,709.4,725,,,216,156528,12,,
2026-09-09,MBJC,,283,273.3,280,,,72787,20244941.9,349,,
2026-09-09,MBL,,262.5,247,249.5,,,50743,12675089.9,110,,
2026-09-09,MCHL,,259.9,247.5,247.5,,,3493,868742.2,29,,
2026-09-09,MEHL,,230,226.1,228,,,48122,10997563.8,255,,
2026-09-09,MEL,,201,199,199.3,,,7051,1408208,107,,
2026-09-09,MEN,,638,629.9,633.1,,,76885,48727151.3,261,,
2026-09-09,MEPDL,,650,625,628,,,13916,8829543.5,793,,
2026-09-09,MERO,,618,592,599,,,3914,2359766.9,33,,
2026-09-09,MFIL,,741,718,726,,,10872,7926587.9,63,,
2026-09-09,MHCL,,280,270,279.4,,,2586,710767.5,40,,
2026-09-09,MHL,,455,442.4,445.5,,,1110,493456,26,,
2026-09-09,MHNL,,247,229.9,238,,,12356,2957723.2,52,,
2026-09-09,MKCL,,911,885.1,900,,,2852,2555702,37,,
2026-09-09,MKHC,,264.9,257,257,,,7641,1976283.2,77,,
2026-09-09,MKHL,,510,483,495.2,,,2908,1454173.3,50,,
2026-09-09,MKJC,,290,268,274,,,34500,9656804.1,120,,
2026-09-09,MLBBL,,943.8,931.1,943.8,,,794,741815.4,17,,
2026-09-09,MLBS,,1000,967,998,,,230,228811,8,,
2026-09-09,MLBSL,,1085.7,1065,1077,,,899,971193,31,,
2026-09-09,MMKJL,,374,343.1,346,,,6191,2169638.7,74,,
2026-09-09,MPFL,,586,582,585,,,2749,1602496.6,20,,
2026-09-09,MSHL,,515,481,504,,,1034,511432.8,26,,
2026-09-09,MSLB,,1200,1175,1199,,,2383,2824074.5,39,,
2026-09-09,NABIL,,560,552,552,,,48778,27036893.6,530,,
2026-09-09,NADEP,,690,671,677.1,,,1670,1144209.5,17,,
2026-09-09,NBL,,280.9,277,277.1,,,99062,27525144,275,,
2026-09-09,NESDO,,1339,1300,1339,,,241,316826.2,15,,
2026-09-09,NFS,,521,491.1,491.1,,,21181,10687455,187,,
2026-09-09,NGPL,,399,389.7,392.9,,,100075,39221831.2,243,,
2026-09-09,NHDL,,637.9,625,626,,,821,514794,17,,
2026-09-09,NHPC,,261,254.4,254.5,,,97442,24986493.5,304,,
2026-09-09,NICA,,324.4,306.3,308,,,32159,9911707.2,193,,
2026-09-09,NICLBSL,,522,500,513,,,7329,3700075.6,132,,
2026-09-09,NIFRA,,243.5,240,241.7,,,30562,7377899.8,331,,
2026-09-09,NIMB,,192.9,182,182.2,,,76954,14077150.8,262,,
2026-09-09,NLIC,,705,695,701.9,,,10790,7524244.4,139,,
2026-09-09,NLICL,,557.4,546,550.2,,,6589,3636349.8,35,,
2026-09-09,NLO,,277.4,277.4,277.4,,,0,0,0,,
2026-09-09,NMB,,251.8,239,242.3,,,28107,6787899.4,122,,
2026-09-09,NMBMF,,594,575,583,,,1110,640200,11,,
2026-09-09,NMFBS,,1137,1121,1130,,,3794,4285312.4,54,,
2026-09-09,NMLBBL,,497.9,475,485,,,5347,2564291.2,41,,
2026-09-09,NRIC,,810,795,799,,,15764,12616058.1,188,,
2026-09-09,NRM,,287,275.1,275.1,,,12463,3487975.3,84,,
2026-09-09,NRN,,1424.8,1393.5,1405,,,118245,166732491.1,486,,
2026-09-09,NTC,,928.2,884,888,,,9362,8322127.8,165,,
2026-09-09,NUBL,,571,560,564.9,,,6771,3834907.9,59,,
2026-09-09,NWCL,,598,581.1,590,,,2522,1483342.5,50,,
2026-09-09,NYADI,,360,348,351.2,,,1628,571879.1,39,,
2026-09-09,OHL,,620,605,607.6,,,479,293464,7,,
2026-09-09,OMPL,,916,882,900,,,3359,3022015.5,100,,
2026-09-09,PCBL,,256,239,240,,,24434,5863762.1,97,,
2026-09-09,PCIL,,632,602.6,609.9,,,30687,18801714.7,760,,
2026-09-09,PFL,,364,364,364,,,0,0,0,,
2026-09-09,PHCL,,302,296,297,,,40951,12213722.5,184,,
2026-09-09,PMHPL,,301.5,292.5,294,,,1085,318925.5,20,,
2026-09-09,PMLI,,412.6,400,401,,,3966,1593638.5,91,,
2026-09-09,PPCL,,344.5,327.7,334.5,,,4571,1521120.7,35,,
2026-09-09,PPL,,308,297.3,304,,,9925,3017688.8,73,,
2026-09-09,PROFL,,379,368,374,,,12262,4559048,62,,
2026-09-09,PRVU,,182.1,179.3,180.4,,,90119,16310654.3,280,,
2026-09-09,PURE,,779,753,769,,,9732,7495537.6,77,,
2026-09-09,RADHI,,697,671.3,684,,,49217,33535395.5,123,,
2026-09-09,RAWA,,413.8,404.1,404.1,,,18345,7486102.2,135,,
2026-09-09,RFPL,,331,321,327.2,,,25764,8436278.2,122,,
2026-09-09,RHGCL,,257.5,245,245,,,4519,1111767,39,,
2026-09-09,RHPL,,170.2,162,163,,,116106,19191714.1,472,,
2026-09-09,RIDI,,353.9,344.7,347.9,,,287314,100356578,496,,
2026-09-09,RLEL,,775,720,762.9,,,14441,10820965,205,,
2026-09-09,RLFL,,426.8,410.2,421.4,,,29040,12083165,124,,
2026-09-09,RNLI,,415,410,411,,,9402,3867464.2,183,,
2026-09-09,RSDC,,628,615,623,,,1118,689971,25,,
2026-09-09,RSML,,3045,2941.1,2993,,,143170,427674194.4,1024,,
2026-09-09,RURU,,590,573.1,590,,,327,189987,17,,
2026-09-09,SAGAR,,1593,1553,1559,,,5169,8116777.9,90,,
2026-09-09,SAHAS,,698,690,692,,,77557,53800172.4,408,,
2026-09-09,SAIL,,1075,1027,1027,,,37607,39673285.7,430,,
2026-09-09,SANIMA,,368.5,362.1,366.8,,,78728,28864347.7,217,,
2026-09-09,SANVI,,567,555,558,,,6042,3382757.8,102,,
2026-09-09,SAPIL,,1275,1226,1240,,,22815,28484407.6,1158,,
2026-09-09,SARBTM,,801.9,795.5,796.4,,,7869,6271776.9,69,,
2026-09-09,SBI,,402,395,402,,,24215,9619507.2,40,,
2026-09-09,SBL,,442.5,417.2,425,,,115390,48728938.4,267,,
2026-09-09,SCB,,654.9,649,651.1,,,9478,6178714.4,75,,
2026-09-09,SGHC,,298.9,290.1,290.4,,,14257,4172839.8,108,,
2026-09-09,SGHL,,513.7,490,490.3,,,56670,28387255.2,1605,,
2026-09-09,SHEL,,294.1,284.3,290,,,60085,17501048.4,193,,
2026-09-09,SHIVM,,678.8,660,662.6,,,200599,134606507.5,738,,
2026-09-09,SHL,,508,498.3,501.8,,,14645,7332594.5,52,,
2026-09-09,SHLB,,1253,1250,1253,,,149,186341.9,7,,
2026-09-09,SHPC,,515.5,506,513,,,78918,40462230.3,201,,
2026-09-09,SIFC,,480,461,469,,,21246,9953715.3,91,,
2026-09-09,SIKLES,,575,568.1,568.1,,,5495,3135491.7,47,,
2026-09-09,SIPD,,625,582,611.8,,,28422,17337065,402,,
2026-09-09,SJCL,,238,231.3,232,,,15301,3556266.7,112,,
2026-09-09,SJLIC,,402.9,395,400,,,16197,6451917.2,123,,
2026-09-09,SKBBL,,759,745,751,,,5554,4174747.2,55,,
2026-09-09,SKHEL,,839.4,805.1,834,,,2391,1961410,51,,
2026-09-09,SKHL,,760,725,730,,,23108,17195454.9,295,,
2026-09-09,SLBBL,,805,782.1,787,,,2917,2302847.9,36,,
2026-09-09,SLBSL,,900,860,860,,,1262,1103831.1,23,,
2026-09-09,SMATA,,700,690,691,,,949,657289.5,25,,
2026-09-09,SMB,,1813,1750.1,1752.1,,,206,366949.8,7,,
2026-09-09,SMFBS,,1380,1306.1,1380,,,143,190169.4,10,,
2026-09-09,SMH,,510,500.2,502,,,3170,1596463.6,49,,
2026-09-09,SMHL,,474.9,460,467,,,91714,43006974.5,680,,
2026-09-09,SMJC,,404.1,400,404,,,9185,3682042.8,90,,
2026-09-09,SMPDA,,725,710.7,725,,,1654,1189148.5,26,,
2026-09-09,SNLI,,389,384,385,,,19369,7473302.9,227,,
2026-09-09,SNORL,,885,860,880,,,11314,9929493,302,,
2026-09-09,SOHL,,662.9,643.3,650,,,222845,145720929.9,1269,,
2026-09-09,SONA,,406.9,380,395,,,33696,13436833.9,296,,
2026-09-09,SOPL,,752,728,731,,,24640,18186133.3,743,,
2026-09-09,SPC,,417.9,385,390,,,5462,2138613.9,50,,
2026-09-09,SPDL,,354.9,342,345,,,12009,4140088.3,55,,
2026-09-09,SPHL,,525,487.8,514,,,5226,2662788.7,69,,
2026-09-09,SPL,,655,594,655,,,1820,1129351.5,40,,
2026-09-09,SRLI,,357.9,351.4,355,,,5002,1767529.5,118,,
2026-09-09,SSHL,,195,191,191,,,36669,7054830.5,150,,
2026-09-09,STC,,5299.9,5225,5263.1,,,660,3484336.8,20,,
2026-09-09,SWASTIK,,1826,1820,1825,,,190,346341,10,,
2026-09-09,SWBBL,,681,674.4,675,,,4724,3196876.4,54,,
2026-09-09,SWMF,,585,575,584,,,1699,982960.6,22,,
2026-09-09,SYPNL,,1378,1321,1327,,,75400,102143787.2,936,,
2026-09-09,TAMOR,,500,490.1,493.1,,,266955,132193927.3,463,,
2026-09-09,TPC,,350,343.1,348.9,,,16556,5728468.1,68,,
2026-09-09,TPKHL,,512.5,495.3,502,,,20972,10573591.1,726,,
2026-09-09,TRH,,805,763,765,,,17561,13604698,70,,
2026-09-09,TSHL,,352,333,342,,,5089,1751943.5,70,,
2026-09-09,TTL,,690,682.2,684.2,,,3280,2247952.2,120,,
2026-09-09,TVCL,,311,293,293.1,,,41641,12385509.1,100,,
2026-09-09,UHEWA,,615,580,587.9,,,20927,12405285.3,148,,
2026-09-09,ULBSL,,2980,2452,2498,,,2088,5218490.7,73,,
2026-09-09,ULHC,,299,267.8,299,,,24818,7393913.1,192,,
2026-09-09,UMHL,,559,550,553,,,36512,20121580,95,,
2026-09-09,UMRH,,518.8,516,516,,,2590,1336757,20,,
2026-09-09,UNHPL,,359,349,353.8,,,14572,5113930,45,,
2026-09-09,UNL,,46400,46000,46000,,,50,2308000,5,,
2026-09-09,UNLB,,1254.8,1201,1215.3,,,221,270447,10,,
2026-09-09,UPCL,,365,335,344.5,,,63743,21632283,141,,
2026-09-09,UPPER,,190.1,182.1,184,,,49873,9170142.5,285,,
2026-09-09,USHEC,,500,490,494,,,2390,1182868,41,,
2026-09-09,USHL,,513.9,501.8,512,,,1389,706215.6,36,,
2026-09-09,USLB,,1019,990,1014,,,518,514763.4,16,,
2026-09-09,VLBS,,619,607,618.9,,,2062,1256521,74,,
2026-09-09,VLUCL,,391,366,379.9,,,4624,1723534,68,,
2026-09-09,YMHL,,566.5,551,564.9,,,12981,7273873.6,473,,
2026-09-10,ACLBSL,,894,870,878.1,,,132,115768.5,13,,
2026-09-10,ADBL,,300,296.5,297.9,,,6851,2038404.4,73,,
2026-09-10,AHL,,354,350,350.2,,,743,261209,18,,
2026-09-10,AHPC,,256,252.3,253.5,,,50940,12887609.9,154,,
2026-09-10,AKJCL,,341,330,332.1,,,156469,52357082.1,401,,
2026-09-10,AKPL,,250,243.3,247.4,,,42821,10503649.8,119,,
2026-09-10,ALBSL,,1111.5,1090,1108.8,,,6569,7220414.9,56,,
2026-09-10,ALICL,,400,394.3,398,,,3280,1307798.5,32,,
2026-09-10,ANLB,,5200,4750,4839,,,841,4101941.7,58,,
2026-09-10,APHL,,682,646.1,664,,,6725,4527588.3,136,,
2026-09-10,API,,334.7,324.7,326,,,169478,55189159.4,321,,
2026-09-10,AVYAN,,1010,978,991,,,2999,2969652,58,,
2026-09-10,BANDIPUR,,651,611.3,630.9,,,23974,15218066.6,320,,
2026-09-10,BARUN,,311,306.6,310.8,,,12916,3989400.1,68,,
2026-09-10,BBC,,4059.9,3956,3980,,,386,1542125,24,,
2026-09-10,BEDC,,291,280,291,,,20644,5915790.3,126,,
2026-09-10,BFC,,439,418,420,,,20069,8594841.7,162,,
2026-09-10,BGWT,,458,445,450.9,,,10903,4898981.3,112,,
2026-09-10,BHCL,,536,503.5,523,,,18373,9551027.9,213,,
2026-09-10,BHDC,,418,411,411.7,,,5756,2369762.4,44,,
2026-09-10,BHL,,205.5,198,204.8,,,76538,15478367.1,311,,
2026-09-10,BHPL,,470.7,424.2,436.9,,,4308,1849058.3,51,,
2026-09-10,BJHL,,657,641.2,648,,,5979,3860871.9,98,,
2026-09-10,BNHC,,262.3,257.8,262.3,,,11346,2945978.4,51,,
2026-09-10,BNL,,13929.3,13929.2,13929.2,,,40,557171,4,,
2026-09-10,BNT,,11688,11349,11688,,,71,823308,6,,
2026-09-10,BPCL,,643,633,639,,,6882,4380672,59,,
2026-09-10,BUNGAL,,531,510.1,515,,,14558,7539026,149,,
2026-09-10,CBBL,,947.5,938,942,,,14364,13526070.3,132,,
2026-09-10,CFCL,,586,560,586,,,83530,47833562.3,246,,
2026-09-10,CGH,,770,761.3,762.4,,,5023,3838941.4,48,,
2026-09-10,CHCL,,358.1,345.3,346,,,99110,34702341.3,582,,
2026-09-10,CHDC,,2230,2200,2205,,,12607,27887123.9,130,,
2026-09-10,CHL,,249.6,242,248,,,11594,2856781.5,43,,
2026-09-10,CIT,,1706,1677,1685,,,3832,6467341.3,99,,
2026-09-10,CITY,,340,330.1,333,,,53886,17916528.4,247,,
2026-09-10,CKHL,,588,575.3,588,,,80,46153,5,,
2026-09-10,CLI,,413.5,410.1,411,,,15595,6415336.8,151,,
2026-09-10,CREST,,1079,1040.1,1070,,,2379,2490150.5,89,,
2026-09-10,CYCL,,1595,1462,1520,,,17391,26187146.5,187,,
2026-09-10,CZBIL,,199.9,190.3,197,,,25004,4905025.3,91,,
2026-09-10,DDBL,,847,838,839,,,1688,1420764.6,30,,
2026-09-10,DHEL,,555,543.3,543.3,,,9563,5230601.7,149,,
2026-09-10,DHPL,,269,260.1,269,,,2893,763916.6,18,,
2026-09-10,DLBS,,995,955,955,,,1020,998891,22,,
2026-09-10,DOLTI,,299,275.2,299,,,59470,17150508.2,291,,
2026-09-10,DORDI,,239,236.2,238,,,13736,3258590.3,79,,
2026-09-10,EBL,,720,715.2,718,,,50488,36207364.8,166,,
2026-09-10,ECL,,1299.9,1275,1278,,,10009,12839080.3,219,,
2026-09-10,EHPL,,331.9,308,314,,,4658,1450658.5,69,,
2026-09-10,ENL,,650,571,620,,,32270,19189075.2,203,,
2026-09-10,FMDBL,,740,689.8,722.7,,,3866,2795183,59,,
2026-09-10,FOWAD,,881,865,877.9,,,1386,1214381.3,28,,
2026-09-10,GBIME,,254,247.8,248.6,,,221176,55162131,577,,
2026-09-10,GBLBS,,679.1,610,622,,,8484,5291333.1,103,,
2026-09-10,GCIL,,375,362.6,363.3,,,29826,10997264.9,207,,
2026-09-10,GFCL,,568,558,566.9,,,7522,4220886.1,59,,
2026-09-10,GHL,,237.9,216.6,235.9,,,192055,44677516.4,589,,
2026-09-10,GILB,,1103,1085,1103,,,231,254236,6,,
2026-09-10,GLBSL,,1635,1600,1601,,,167,269115,8,,
2026-09-10,GLH,,249,243,248,,,25771,6368218.7,113,,
2026-09-10,GMFBS,,1200,1070,1164,,,346,386451.4,20,,
2026-09-10,GMFIL,,411.8,402,410.8,,,4458,1806525,58,,
2026-09-10,GMLI,,950,930,944,,,445,417786.5,24,,
2026-09-10,GUFL,,490,478,480,,,11740,5656227.7,102,,
2026-09-10,GVL,,480.9,476.2,476.2,,,12083,5790743.9,72,,
2026-09-10,HATHY,,612,545,576.9,,,22877,12926146.3,235,,
2026-09-10,HBL,,188,185,185.2,,,51294,9524890,417,,
2026-09-10,HDHPC,,207.1,187.2,205,,,163051,33077159.2,463,,
2026-09-10,HDL,,1193.8,1180.3,1183,,,14197,16801570.6,190,,
2026-09-10,HFIN,,620,605,612.9,,,23400,14300238.3,311,,
2026-09-10,HHL,,319,310,319,,,23017,7276329.3,69,,
2026-09-10,HIDCL,,242,237.5,240,,,23479,5607297.4,136,,
2026-09-10,HIMSTAR,,650,630.5,648.9,,,1155,745367,45,,
2026-09-10,HLBSL,,859,845.1,859,,,254,214993.7,9,,
2026-09-10,HLI,,296,288.7,290.3,,,17464,5084812.6,156,,
2026-09-10,HPPL,,367,363.6,367,,,42742,15597183.2,151,,
2026-09-10,HRL,,503,487.1,499.9,,,62893,31352359.1,566,,
2026-09-10,HURJA,,238,228,235,,,45230,10589299.3,141,,
2026-09-10,ICFC,,588,578,580.5,,,3709,2156047,28,,
2026-09-10,IHL,,311,291,299.6,,,6621,1988295,59,,
2026-09-10,ILBS,,857,815,857,,,815,681586,17,,
2026-09-10,ILI,,412.5,402.7,405,,,9718,3933640,144,,
2026-09-10,JBLB,,1260,1235.1,1250,,,2053,2567274.1,73,,
2026-09-10,JFL,,285.3,250.1,278,,,46008,12135760.4,348,,
2026-09-10,JHAPA,,1081,1032.2,1038,,,4331,4519388.4,73,,
2026-09-10,JOSHI,,257,251.7,254,,,8493,2151268.5,57,,
2026-09-10,JSLBB,,959,907.1,959,,,69,63453.7,6,,
2026-09-10,KAHL,,488,458.9,484,,,18972,9119362.1,655,,
2026-09-10,KBL,,214.8,211.3,212.2,,,129317,27435189.7,267,,
2026-09-10,KBSH,,818.8,790,798,,,6956,5523514.6,86,,
2026-09-10,KDL,,656,620,620.3,,,102845,64647653.4,788,,
2026-09-10,KHPL,,755,716.3,749,,,2690,2006936.8,83,,
2026-09-10,KKHC,,269,261.2,268,,,69228,18371126.2,152,,
2026-09-10,KMCDB,,839.7,779.5,799.5,,,7675,6061105.3,79,,
2026-09-10,KPCL,,450,445.5,445.5,,,9170,4092296.4,47,,
2026-09-10,LEC,,246.1,211.7,246.1,,,1927027,454888630.7,3125,,
2026-09-10,LICN,,756,741.5,755,,,5287,3945723.5,41,,
2026-09-10,LLBS,,884.5,869,884.5,,,20,17535,2,,
2026-09-10,LSL,,227.8,221.2,224,,,112172,25086937,146,,
2026-09-10,MABEL,,596.8,576.2,580,,,4182,2424360.5,72,,
2026-09-10,MAKAR,,408.5,395,400,,,128407,51800150.9,185,,
2026-09-10,MANDU,,685,670,671,,,7889,5341313.5,76,,
2026-09-10,MATRI,,730,715,715,,,103,74460,6,,
2026-09-10,MBJC,,280.8,275.1,278,,,23607,6579653.7,208,,
2026-09-10,MBL,,250.2,246.1,249,,,43419,10772195.9,93,,
2026-09-10,MCHL,,249,242.5,248,,,3972,971125.1,37,,
2026-09-10,MEHL,,234.7,226.8,232.9,,,68389,15834664.1,254,,
2026-09-10,MEL,,203,197,202,,,10887,2174263,98,,
2026-09-10,MEN,,636,629,636,,,78042,49384199.6,235,,
2026-09-10,MEPDL,,626,610,616,,,22938,14172952,739,,
2026-09-10,MERO,,598.9,587.2,590.2,,,1504,889032.2,10,,
2026-09-10,MFIL,,733,716.4,726,,,20844,15046159.6,81,,
2026-09-10,MHCL,,275,271.1,275,,,1640,445620,31,,
2026-09-10,MHL,,445,435,443.9,,,2945,1297358.5,33,,
2026-09-10,MHNL,,242,237,240,,,5930,1417896.3,39,,
2026-09-10,MKCL,,890,875,890,,,286,251494,15,,
2026-09-10,MKHC,,259.9,251,255.1,,,9057,2308638.8,80,,
2026-09-10,MKHL,,494.7,485,494.7,,,1840,900656,24,,
2026-09-10,MKJC,,278.9,260.3,274,,,12797,3473938.4,73,,
2026-09-10,MLBBL,,944,916.1,938.9,,,1719,1605701.4,30,,
2026-09-10,MLBS,,1000,998,1000,,,20,19980,2,,
2026-09-10,MLBSL,,1075.1,1050,1075.1,,,471,500668.5,18,,
2026-09-10,MMKJL,,350,328.7,342,,,2155,738676.5,38,,
2026-09-10,MPFL,,597.8,545,569.5,,,16800,9601703.9,94,,
2026-09-10,MSHL,,505,490.3,505,,,538,266819.7,21,,
2026-09-10,MSLB,,1184.9,1175,1184.9,,,205,241745,13,,
2026-09-10,NABIL,,555,550,552.5,,,56560,31254556.1,357,,
2026-09-10,NADEP,,685,660.1,676,,,515,348955.8,17,,
2026-09-10,NBL,,278.5,275,276,,,97537,26953233.3,155,,
2026-09-10,NESDO,,1339.9,1300,1339.9,,,595,775641.7,12,,
2026-09-10,NFS,,507,465,471,,,21999,10426245.3,231,,
2026-09-10,NGPL,,394.7,387.5,390,,,83445,32471607.8,266,,
2026-09-10,NHDL,,628,608,618,,,1731,1070304.2,29,,
2026-09-10,NHPC,,259,251.5,255.7,,,117146,29853671.9,313,,
2026-09-10,NICA,,309,302.9,303.1,,,69017,21043579.1,314,,
2026-09-10,NICLBSL,,509.7,499,506,,,5046,2532344.1,69,,
2026-09-10,NIFRA,,242,237.1,240,,,68749,16429983.1,318,,
2026-09-10,NIMB,,185,181.3,182,,,61107,11173891.5,270,,
2026-09-10,NLIC,,705,688.1,699,,,9791,6790706.4,123,,
2026-09-10,NLICL,,560,545,558,,,4994,2738396.4,25,,
2026-09-10,NLO,,277.4,277.4,277.4,,,0,0,0,,
2026-09-10,NMB,,243,239,239.4,,,49794,11968746.9,138,,
2026-09-10,NMBMF,,580,574,574,,,970,557050,7,,
2026-09-10,NMFBS,,1135,1115.1,1130.7,,,1508,1701709.2,24,,
2026-09-10,NMLBBL,,481.1,473.5,478,,,2513,1193444.5,28,,
2026-09-10,NRIC,,803.3,780,791.6,,,9113,7227306.8,115,,
2026-09-10,NRM,,277.9,270.9,275,,,11351,3086597.6,84,,
2026-09-10,NRN,,1430,1393,1419,,,135300,191155095.7,549,,
2026-09-10,NTC,,893,883,883.1,,,5014,4442002.6,94,,
2026-09-10,NUBL,,563.1,555.1,556,,,3690,2066779.7,38,,
2026-09-10,NWCL,,586.1,575,585,,,1873,1083162,36,,
2026-09-10,NYADI,,348,342.9,344,,,1765,608427,28,,
2026-09-10,OHL,,607,601,601,,,680,409331,15,,
2026-09-10,OMPL,,890,875.1,888.5,,,2119,1874872.9,46,,
2026-09-10,PCBL,,242.7,236,239.5,,,42719,10191723.2,113,,
2026-09-10,PCIL,,610,596,598.9,,,28144,16900913.1,596,,
2026-09-10,PFL,,364,364,364,,,0,0,0,,
2026-09-10,PHCL,,298.9,295,296.2,,,26532,7877342,141,,
2026-09-10,PMHPL,,303.8,291.1,298,,,10645,3172521,39,,
2026-09-10,PMLI,,400,395.3,398,,,1738,691733.4,52,,
2026-09-10,PPCL,,351.2,325.1,331.9,,,11253,3828555.5,23,,
2026-09-10,PPL,,306,298,304,,,12857,3887225.7,76,,
2026-09-10,PROFL,,370,360.1,368.1,,,7144,2616245.7,50,,
2026-09-10,PRVU,,181,176,179.2,,,84730,15240215.4,237,,
2026-09-10,PURE,,769,760,768,,,2947,2242495,37,,
2026-09-10,RADHI,,710,668.2,677,,,6905,4660039.8,82,,
2026-09-10,RAWA,,408,399.4,400,,,13700,5492322.5,92,,
2026-09-10,RFPL,,328,324.3,326.9,,,9192,2994386,48,,
2026-09-10,RHGCL,,246,241.2,245.9,,,8862,2167827.3,63,,
2026-09-10,RHPL,,167.9,158.7,167,,,236673,38976831.6,382,,
2026-09-10,RIDI,,350.8,341.1,346.8,,,327974,113544941.9,440,,
2026-09-10,RLEL,,765.2,718,755,,,9880,7288128.5,134,,
2026-09-10,RLFL,,421.9,412,415.9,,,11533,4784582.2,57,,
2026-09-10,RNLI,,419,405.6,412,,,10674,4402194.2,141,,
2026-09-10,RSDC,,628,591.9,615,,,557,344555.4,13,,
2026-09-10,RSML,,3142,2906,2910,,,71366,211267268.2,751,,
2026-09-10,RURU,,585,573.5,582,,,369,213939.5,29,,
2026-09-10,SAGAR,,1600,1481.1,1538,,,5579,8584411.5,83,,
2026-09-10,SAHAS,,696,687,688,,,44455,30586960.8,350,,
2026-09-10,SAIL,,1040,973,999,,,46957,47356309.6,316,,
2026-09-10,SANIMA,,369,364,368.1,,,79663,29236393.7,187,,
2026-09-10,SANVI,,557,548,555,,,5076,2799053,88,,
2026-09-10,SAPIL,,1277,1180,1268,,,41352,51905553.5,1184,,
2026-09-10,SARBTM,,795,780,784.1,,,10717,8412414.7,103,,
2026-09-10,SBI,,404,397.4,403.9,,,419124,167934134.9,93,,
2026-09-10,SBL,,422.7,417.8,417.8,,,81396,34239609.9,204,,
2026-09-10,SCB,,654.9,644,645.1,,,14578,9432556.5,105,,
2026-09-10,SGHC,,294.9,286.1,287,,,11970,3447686.3,67,,
2026-09-10,SGHL,,498.9,465.8,486,,,52014,25381334.9,1038,,
2026-09-10,SHEL,,291,287.1,291,,,44810,12950001.4,195,,
2026-09-10,SHIVM,,665,652.1,653.6,,,99214,65476402.3,388,,
2026-09-10,SHL,,508.5,495,501.9,,,101711,50460400.4,121,,
2026-09-10,SHLB,,1245,1225,1245,,,160,198020,7,,
2026-09-10,SHPC,,513.5,506.2,512.3,,,75978,38728552.9,140,,
2026-09-10,SIFC,,466.8,450,466.8,,,8972,4090365,71,,
2026-09-10,SIKLES,,570,560.3,561,,,2521,1419577.1,29,,
2026-09-10,SIPD,,620,595,610,,,19354,11786274.6,252,,
2026-09-10,SJCL,,234,230,230.2,,,9739,2247218.5,80,,
2026-09-10,SJLIC,,402,392,402,,,3671,1464325.8,61,,
2026-09-10,SKBBL,,757.5,750,753,,,3189,2396313,40,,
2026-09-10,SKHEL,,825,811,825,,,1492,1217162,34,,
2026-09-10,SKHL,,750,727,732,,,10689,7857228.7,157,,
2026-09-10,SLBBL,,799,779.1,798.8,,,7227,5669642.8,46,,
2026-09-10,SLBSL,,882,840,870,,,250,213160,13,,
2026-09-10,SMATA,,690,674.1,685,,,1017,693058.8,30,,
2026-09-10,SMB,,1750,1725,1750,,,1188,2074043,25,,
2026-09-10,SMFBS,,1388,1338,1388,,,289,391825,17,,
2026-09-10,SMH,,527.1,490,495.4,,,5622,2788087.7,53,,
2026-09-10,SMHL,,468,459,459,,,78881,36492873.8,390,,
2026-09-10,SMJC,,404,397.3,403.9,,,2956,1180788.8,43,,
2026-09-10,SMPDA,,725,715,720,,,221,158400.7,10,,
2026-09-10,SNLI,,385.9,380,381,,,11836,4513559.3,165,,
2026-09-10,SNORL,,895,870,883,,,21745,19203075.6,198,,
2026-09-10,SOHL,,653,630.1,640,,,128482,82255027,938,,
2026-09-10,SONA,,397.4,387,387,,,41481,16232425.5,273,,
2026-09-10,SOPL,,733,725.1,726.7,,,15554,11327614.5,506,,
2026-09-10,SPC,,401,380.2,380.7,,,2100,805892,24,,
2026-09-10,SPDL,,362.2,326,341,,,32989,11125915.9,97,,
2026-09-10,SPHL,,513.4,502.6,513.4,,,2907,1474223.2,45,,
2026-09-10,SPL,,687.7,603.6,621,,,1624,1001124.2,25,,
2026-09-10,SRLI,,359.7,350.1,355,,,10321,3631707.5,127,,
2026-09-10,SSHL,,201,181.5,200.4,,,184682,36319879.8,457,,
2026-09-10,STC,,5400,5265.1,5369.9,,,2518,13435953.7,76,,
2026-09-10,SWASTIK,,1825,1778,1800.9,,,1298,2336125.8,47,,
2026-09-10,SWBBL,,674.4,663.1,670,,,12246,8164105,70,,
2026-09-10,SWMF,,580,572.1,578,,,577,332408.8,14,,
2026-09-10,SYPNL,,1339.9,1260.7,1321,,,50817,67310345.1,508,,
2026-09-10,TAMOR,,495.5,486,489,,,150330,73678729.6,371,,
2026-09-10,TPC,,353.5,344.1,353.5,,,15302,5336525.9,71,,
2026-09-10,TPKHL,,500,485,488,,,14274,7011574.4,388,,
2026-09-10,TRH,,785,765.2,771,,,829,640389,7,,
2026-09-10,TSHL,,342.5,338,340,,,1904,648555,24,,
2026-09-10,TTL,,684,670,680,,,5476,3698752.4,160,,
2026-09-10,TVCL,,295,277,283,,,10953,3109670.1,89,,
2026-09-10,UHEWA,,597,580,585,,,22788,13357190.1,122,,
2026-09-10,ULBSL,,2500,2393.6,2500,,,3832,9313728.8,73,,
2026-09-10,ULHC,,330,305,320,,,26539,8473486.3,253,,
2026-09-10,UMHL,,560,545,552.6,,,19576,10734062.1,104,,
2026-09-10,UMRH,,515,500.7,514,,,1187,604658.9,21,,
2026-09-10,UNHPL,,350,344,346.9,,,16249,5610510.3,65,,
2026-09-10,UNL,,47200,46000,47200,,,70,3268000,6,,
2026-09-10,UNLB,,1249.9,1200,1227.8,,,373,451880.1,18,,
2026-09-10,UPCL,,355,331.1,331.1,,,25476,8527388.5,122,,
2026-09-10,UPPER,,185.9,183,185,,,58917,10873835.7,256,,
2026-09-10,USHEC,,497.9,485,494.5,,,4514,2229063,40,,
2026-09-10,USHL,,508,498.4,508,,,638,320342.9,25,,
2026-09-10,USLB,,1000,986,997.9,,,1390,1371490,14,,
2026-09-10,VLBS,,607,601,602,,,2215,1337841,51,,
2026-09-10,VLUCL,,390.9,364,374,,,1560,582853,38,,
2026-09-10,YMHL,,564.9,540.4,559,,,14529,8037538.2,348,,
2026-09-11,ACLBSL,,898.9,875,880,,,1315,1156340.5,15,,
2026-09-11,ADBL,,300,298,300,,,15444,4619273.6,103,,
2026-09-11,AHL,,360,343,359,,,1372,487796,34,,
2026-09-11,AHPC,,261.8,252.7,261,,,101409,26191662.8,286,,
2026-09-11,AKJCL,,343.9,332.4,339.8,,,239711,81207023,448,,
2026-09-11,AKPL,,255,243.1,255,,,127972,32110938.7,290,,
2026-09-11,ALBSL,,1158,1078,1156,,,64777,73414341.1,305,,
2026-09-11,ALICL,,400,390,399.2,,,16496,6537910.4,104,,
2026-09-11,ANLB,,4950,4751,4930,,,592,2893141.4,30,,
2026-09-11,APHL,,681,648.1,681,,,2619,1754428.1,109,,
2026-09-11,API,,334.9,325,334.7,,,229569,75556799.9,523,,
2026-09-11,AVYAN,,1091,1000,1091,,,1250,1284561,26,,
2026-09-11,BANDIPUR,,639.9,599.4,639,,,19704,12446558.7,289,,
2026-09-11,BARUN,,319,308.9,319,,,42924,13481065.5,153,,
2026-09-11,BBC,,4060,3863.1,4040,,,234,940955,22,,
2026-09-11,BEDC,,300,288.3,298.9,,,21080,6206193.6,131,,
2026-09-11,BFC,,434.3,418,434,,,14226,6118014.9,112,,
2026-09-11,BGWT,,476.9,450,476,,,22847,10741139.2,105,,
2026-09-11,BHCL,,529,510.1,521,,,49856,26067238.7,241,,
2026-09-11,BHDC,,419,411.2,417,,,4528,1882669.3,33,,
2026-09-11,BHL,,213,202,211.5,,,256797,53604732.9,654,,
2026-09-11,BHPL,,450,425.2,450,,,3303,1454897.2,50,,
2026-09-11,BJHL,,664,631.7,657,,,18585,11982184.3,166,,
2026-09-11,BNHC,,272.9,262,271.3,,,12998,3482936.3,97,,
2026-09-11,BNL,,13929.2,13929.2,13929.2,,,0,0,0,,
2026-09-11,BNT,,11750,11510.1,11510.1,,,20,232601,2,,
2026-09-11,BPCL,,647.9,630,642,,,10390,6620986.3,82,,
2026-09-11,BUNGAL,,523,500,520,,,7032,3634215.1,100,,
2026-09-11,CBBL,,946.9,940,942.1,,,11255,10622482.7,91,,
2026-09-11,CFCL,,589,565,584.7,,,46950,26927557.8,281,,
2026-09-11,CGH,,773.9,761,767.1,,,11374,8741965.5,47,,
2026-09-11,CHCL,,354.8,344,352.1,,,98317,34226909.6,387,,
2026-09-11,CHDC,,2235,2183.1,2234,,,11292,25014523.7,103,,
2026-09-11,CHL,,257,251,257,,,17046,4341522.7,85,,
2026-09-11,CIT,,1705,1670,1700.4,,,3127,5304731.4,77,,
2026-09-11,CITY,,342,327.2,342,,,87015,29434347.5,367,,
2026-09-11,CKHL,,588,573,588,,,989,568940,21,,
2026-09-11,CLI,,419.9,410,415,,,15310,6328175.9,154,,
2026-09-11,CREST,,1075,1045,1075,,,1607,1704531.2,62,,
2026-09-11,CYCL,,1554,1450,1513,,,4576,6749497.6,96,,
2026-09-11,CZBIL,,200,195.1,200,,,33713,6663570.4,110,,
2026-09-11,DDBL,,845,832.1,837.6,,,8528,7165599.3,60,,
2026-09-11,DHEL,,559.6,538,556,,,6994,3860029.1,145,,
2026-09-11,DHPL,,274,261.3,274,,,1807,489793,23,,
2026-09-11,DLBS,,983,927,983,,,447,421999.4,14,,
2026-09-11,DOLTI,,306,293,306,,,52969,15820267.1,281,,
2026-09-11,DORDI,,250,235.4,249,,,48461,11943709,273,,
2026-09-11,EBL,,720,715,719.9,,,36839,26438978.9,195,,
2026-09-11,ECL,,1360,1275,1342.9,,,21809,28955546.9,463,,
2026-09-11,EHPL,,318,308.5,316,,,3515,1106675.1,45,,
2026-09-11,ENL,,651,578.1,593.9,,,30848,18267474.7,211,,
2026-09-11,FMDBL,,733.8,715,727.1,,,10084,7335882.5,59,,
2026-09-11,FOWAD,,900,875,878.9,,,2069,1823600.3,30,,
2026-09-11,GBIME,,251.5,248.3,250.6,,,148823,37213275,362,,
2026-09-11,GBLBS,,640,623,635,,,5739,3622726.5,45,,
2026-09-11,GCIL,,372,362.3,367.8,,,22046,8092441.4,176,,
2026-09-11,GFCL,,565,555.1,561.3,,,9445,5282158.7,58,,
2026-09-11,GHL,,246.7,232.8,239.9,,,206662,49417947.5,433,,
2026-09-11,GILB,,1103,1077.1,1090.5,,,939,1024202,14,,
2026-09-11,GLBSL,,1633.8,1600,1629,,,280,453306.8,17,,
2026-09-11,GLH,,257.5,248,255,,,50859,12891127.8,196,,
2026-09-11,GMFBS,,1190,1047.7,1154,,,584,652659.5,33,,
2026-09-11,GMFIL,,416.9,404.4,413.8,,,3815,1551949.4,35,,
2026-09-11,GMLI,,1001,889,991.9,,,3616,3486676.2,71,,
2026-09-11,GUFL,,495,485,495,,,7602,3712528.3,51,,
2026-09-11,GVL,,484.9,472.5,484.9,,,11003,5285200.1,70,,
2026-09-11,HATHY,,609,559.6,609,,,21134,12356447.7,169,,
2026-09-11,HBL,,188,185,188,,,49771,9296948.2,352,,
2026-09-11,HDHPC,,215,203.7,213.8,,,292330,62009321.5,732,,
2026-09-11,HDL,,1192,1180.2,1192,,,28552,33936090.7,291,,
2026-09-11,HFIN,,627,605.1,621,,,20671,12759049,347,,
2026-09-11,HHL,,328.9,315,328,,,18982,6130177.8,93,,
2026-09-11,HIDCL,,246.9,239.1,245,,,47609,11561376.8,157,,
2026-09-11,HIMSTAR,,664,642.2,659,,,1280,833443.7,35,,
2026-09-11,HLBSL,,859,835.1,859,,,1651,1393538.9,28,,
2026-09-11,HLI,,295.7,290,294,,,23094,6763240.4,191,,
2026-09-11,HPPL,,378,363.6,375,,,110915,41330144.7,245,,
2026-09-11,HRL,,507,485,503.9,,,52280,26154965.1,460,,
2026-09-11,HURJA,,247,234.9,247,,,149139,36200058.8,364,,
2026-09-11,ICFC,,595,578,586.8,,,1001,586005,14,,
2026-09-11,IHL,,306,300,306,,,2432,738025,20,,
2026-09-11,ILBS,,870,822.1,870,,,8884,7442801.9,44,,
2026-09-11,ILI,,414,401.5,409.1,,,5168,2110816.8,150,,
2026-09-11,JBLB,,1256,1187.5,1255.8,,,2379,2979683.4,65,,
2026-09-11,JFL,,317.9,278,280,,,43949,12727457.84,307,,
2026-09-11,JHAPA,,1089.9,1035.1,1050,,,4190,4389831.7,43,,
2026-09-11,JOSHI,,262,250.2,261.9,,,19331,4989352.3,111,,
2026-09-11,JSLBB,,959,905.2,959,,,132,123508,9,,
2026-09-11,KAHL,,495,471.1,493,,,18607,9058382.6,656,,
2026-09-11,KBL,,215.2,212,215,,,177697,37932082.7,361,,
2026-09-11,KBSH,,803.9,758.1,803,,,5575,4452288.3,68,,
2026-09-11,KDL,,630.3,618,621,,,68220,42372541.8,365,,
2026-09-11,KHPL,,753.9,737,750,,,4001,2986660.4,76,,
2026-09-11,KKHC,,274,264,273.7,,,125343,33555221.3,292,,
2026-09-11,KMCDB,,812,775.6,807,,,4327,3453227.4,42,,
2026-09-11,KPCL,,454,444.1,454,,,6762,3018784.6,55,,
2026-09-11,LEC,,266,246,252.2,,,1434225,366655193.3,3197,,
2026-09-11,LICN,,759.9,747.1,754.9,,,7564,5675669.5,47,,
2026-09-11,LLBS,,880,838.3,880,,,928,791110.7,15,,
2026-09-11,LSL,,228.5,222,227.3,,,86278,19547639.5,176,,
2026-09-11,MABEL,,600,575,600,,,5507,3243493.6,87,,
2026-09-11,MAKAR,,405,395,402,,,86279,34422377.2,232,,
2026-09-11,MANDU,,690,660,684.9,,,20509,13803824.9,89,,
2026-09-11,MATRI,,728.7,711.1,725,,,259,187344.1,15,,
2026-09-11,MBJC,,285,272,285,,,36467,10250912.9,240,,
2026-09-11,MBL,,251,245.4,251,,,36390,9061719.7,97,,
2026-09-11,MCHL,,262,236,262,,,4251,1092199,68,,
2026-09-11,MEHL,,244.7,233.1,244,,,91916,21939798.2,297,,
2026-09-11,MEL,,208,198.2,207,,,44375,9138365.1,185,,
2026-09-11,MEN,,641,632.6,640,,,80851,51624447.3,258,,
2026-09-11,MEPDL,,639,605.2,637,,,21033,13147718.3,750,,
2026-09-11,MERO,,618,590,618,,,2970,1771485.5,36,,
2026-09-11,MFIL,,730,716.6,728,,,17757,12788972.9,83,,
2026-09-11,MHCL,,280,272.5,280,,,1404,391322.8,36,,
2026-09-11,MHL,,455,441,455,,,2347,1049208.5,43,,
2026-09-11,MHNL,,251,239,251,,,31803,7876014.7,146,,
2026-09-11,MKCL,,900,876,896.9,,,587,522814,18,,
2026-09-11,MKHC,,259.3,251.2,256.5,,,12722,3255586.9,89,,
2026-09-11,MKHL,,505,490.1,505,,,3595,1798592,50,,
2026-09-11,MKJC,,281.9,265.3,280,,,22462,6164736.1,82,,
2026-09-11,MLBBL,,939.9,913,939,,,1310,1222461.4,35,,
2026-09-11,MLBS,,1000,999,1000,,,68,67990,5,,
2026-09-11,MLBSL,,1137.9,1052,1076,,,1307,1436194.4,33,,
2026-09-11,MMKJL,,355,325,351,,,16411,5687463.4,68,,
2026-09-11,MPFL,,571,535,537,,,21137,11569461.1,112,,
2026-09-11,MSHL,,515,496.1,510,,,422,214558.3,15,,
2026-09-11,MSLB,,1200,1150.1,1172.1,,,1184,1417833.8,16,,
2026-09-11,NABIL,,554.9,551,552,,,37182,20540997.7,301,,
2026-09-11,NADEP,,690,671,680,,,800,541160,17,,
2026-09-11,NBL,,280,275,278,,,118261,32716249.5,169,,
2026-09-11,NESDO,,1334,1301,1329,,,87,114131,9,,
2026-09-11,NFS,,483.8,474.8,483,,,6361,3044475.6,66,,
2026-09-11,NGPL,,397.8,390,397.4,,,72583,28567591.4,239,,
2026-09-11,NHDL,,630,614,628.9,,,3456,2127214.5,27,,
2026-09-11,NHPC,,265,255,264.6,,,291214,76061365.8,643,,
2026-09-11,NICA,,310,303.1,308.4,,,14681,4508644.9,90,,
2026-09-11,NICLBSL,,515,490,509.5,,,7177,3600062,109,,
2026-09-11,NIFRA,,245,238,244,,,43754,10589188.4,274,,
2026-09-11,NIMB,,187,184,185.9,,,72399,13436608.7,255,,
2026-09-11,NLIC,,703.9,691,698.5,,,13160,9193015.7,113,,
2026-09-11,NLICL,,558,546.2,558,,,7668,4230372.4,36,,
2026-09-11,NLO,,277.4,277.4,277.4,,,0,0,0,,
2026-09-11,NMB,,251.3,238,242,,,32518,7825311.3,110,,
2026-09-11,NMBMF,,584.9,573.1,575.1,,,935,538242.3,11,,
2026-09-11,NMFBS,,1137,1121,1125,,,2813,3177173.4,29,,
2026-09-11,NMLBBL,,511.9,469,497,,,14672,7186154.9,104,,
2026-09-11,NRIC,,798,787,797,,,11135,8802357.1,157,,
2026-09-11,NRM,,285,275,283,,,5358,1506256.8,72,,
2026-09-11,NRN,,1440,1360,1439,,,129615,185101897.2,611,,
2026-09-11,NTC,,889,875,884,,,6278,5525585.2,127,,
2026-09-11,NUBL,,570,556,570,,,11532,6486114.6,46,,
2026-09-11,NWCL,,585,571,583.9,,,1819,1043756,36,,
2026-09-11,NYADI,,355.3,336.1,351.9,,,1939,678818.6,34,,
2026-09-11,OHL,,619,600.1,619,,,935,575668.5,10,,
2026-09-11,OMPL,,890,852,853,,,2026,1778646.4,59,,
2026-09-11,PCBL,,241,236.2,241,,,40689,9738208.2,101,,
2026-09-11,PCIL,,610,594.1,607.2,,,22884,13805359,604,,
2026-09-11,PFL,,364,364,364,,,0,0,0,,
2026-09-11,PHCL,,305,296.6,305,,,60529,18203802.1,243,,
2026-09-11,PMHPL,,304,296,302.8,,,6113,1835347.5,30,,
2026-09-11,PMLI,,405.6,398,405.6,,,3357,1355033.4,75,,
2026-09-11,PPCL,,334.7,322,334.7,,,16980,5569949.5,76,,
2026-09-11,PPL,,318,288.8,317,,,21373,6627412.6,163,,
2026-09-11,PROFL,,378,370,371,,,3192,1191257,30,,
2026-09-11,PRVU,,184.5,180,181.5,,,117184,21322948.7,244,,
2026-09-11,PURE,,774.9,750,764,,,7236,5536370,39,,
2026-09-11,RADHI,,695,670,692,,,23157,15845543.1,118,,
2026-09-11,RAWA,,408,399.2,407,,,23331,9407352.6,125,,
2026-09-11,RFPL,,335,323,334.5,,,19374,6415324.7,142,,
2026-09-11,RHGCL,,264.9,245,261.1,,,79923,20648525.8,298,,
2026-09-11,RHPL,,175.3,163.3,169.8,,,104056,17397161.6,279,,
2026-09-11,RIDI,,351,343.2,351,,,253155,87970054.4,478,,
2026-09-11,RLEL,,759,704.3,759,,,16617,12110966.4,236,,
2026-09-11,RLFL,,420,410,419,,,11241,4631603.7,50,,
2026-09-11,RNLI,,429.9,411.6,429.9,,,43851,18498487.8,205,,
2026-09-11,RSDC,,629.9,613,625,,,2068,1280278,41,,
2026-09-11,RSML,,2970,2840,2930,,,50599,147953071.3,581,,
2026-09-11,RURU,,598.9,565,582,,,2878,1674889.3,29,,
2026-09-11,SAGAR,,1558.9,1518,1558.9,,,2791,4292934.1,69,,
2026-09-11,SAHAS,,694,680,691,,,90495,62325794.9,362,,
2026-09-11,SAIL,,1016,982,1008.8,,,20798,20709948.9,279,,
2026-09-11,SANIMA,,371,363,370,,,238384,87891602.9,251,,
2026-09-11,SANVI,,580,547.1,580,,,22646,12851770.9,179,,
2026-09-11,SAPIL,,1375,1204.6,1370,,,53992,71141539.3,1366,,
2026-09-11,SARBTM,,795,781,794.5,,,7947,6269615.5,64,,
2026-09-11,SBI,,404.9,397,404.3,,,66517,26656933.1,59,,
2026-09-11,SBL,,421.7,412.6,419,,,107170,44820375,158,,
2026-09-11,SCB,,652,645,648,,,10449,6792318.5,58,,
2026-09-11,SGHC,,296,286,296,,,19715,5758622.8,106,,
2026-09-11,SGHL,,501.9,481.1,496.1,,,52881,26251418.7,1254,,
2026-09-11,SHEL,,299.8,291,299.8,,,83228,24655065.2,259,,
2026-09-11,SHIVM,,667,654,663,,,104620,69234644.8,418,,
2026-09-11,SHL,,506,497.5,505.3,,,22053,11097615,56,,
2026-09-11,SHLB,,1265,1220,1265,,,328,411194,6,,
2026-09-11,SHPC,,517.8,510.2,517.7,,,58697,30173953.3,144,,
2026-09-11,SIFC,,475,465,470,,,4554,2146185,29,,
2026-09-11,SIKLES,,572,556,565,,,10649,5960949.2,49,,
2026-09-11,SIPD,,640.4,591.7,607.9,,,35658,21974482.1,310,,
2026-09-11,SJCL,,236.9,226,232.1,,,8360,1945811.4,75,,
2026-09-11,SJLIC,,410,398.2,406,,,26290,10570046,127,,
2026-09-11,SKBBL,,760,750,757.7,,,5199,3930834,64,,
2026-09-11,SKHEL,,844.9,815,830,,,2281,1869285.6,49,,
2026-09-11,SKHL,,743,730,736,,,4971,3664130.6,91,,
2026-09-11,SLBBL,,799,784.5,790.8,,,466,368383.9,17,,
2026-09-11,SLBSL,,870,845,870,,,478,411917,14,,
2026-09-11,SMATA,,696,683,694,,,654,450674.3,25,,
2026-09-11,SMB,,1777,1742,1742,,,192,336188,12,,
2026-09-11,SMFBS,,1428,1355,1399,,,154,214951.8,16,,
2026-09-11,SMH,,503.9,490,502,,,4442,2219331.5,31,,
2026-09-11,SMHL,,465,445,462,,,53069,24491223.1,194,,
2026-09-11,SMJC,,409,396,405,,,8309,3345860.9,74,,
2026-09-11,SMPDA,,735,707,733,,,969,706919.4,21,,
2026-09-11,SNLI,,391.9,382,391.9,,,13099,5070990.1,181,,
2026-09-11,SNORL,,894,868.2,889,,,21233,18728677.4,264,,
2026-09-11,SOHL,,654,630,654,,,193154,124479655.2,967,,
2026-09-11,SONA,,406.3,387,391.7,,,30121,11797959.4,247,,
2026-09-11,SOPL,,745,720,740,,,14843,10907247.7,507,,
2026-09-11,SPC,,390,361.7,390,,,5731,2191587.4,56,,
2026-09-11,SPDL,,346,336,345,,,18850,6486065.5,90,,
2026-09-11,SPHL,,519.7,500,516,,,13535,6965687.4,81,,
2026-09-11,SPL,,639,604,639,,,1234,771002.3,26,,
2026-09-11,SRLI,,357,350.8,357,,,7310,2592194.1,110,,
2026-09-11,SSHL,,214,200,212.3,,,593275,124091535,1426,,
2026-09-11,STC,,5627,5276,5400.1,,,1615,8849848.2,59,,
2026-09-11,SWASTIK,,1817,1772.1,1817,,,460,822850,18,,
2026-09-11,SWBBL,,684.6,667,684.6,,,1673,1133785,34,,
2026-09-11,SWMF,,606.9,575,585,,,1388,806429,21,,
2026-09-11,SYPNL,,1354.9,1308,1311,,,33320,44005397.1,442,,
2026-09-11,TAMOR,,497,488.1,497,,,148360,73360501.4,304,,
2026-09-11,TPC,,360,345.1,357.7,,,15889,5688646.1,86,,
2026-09-11,TPKHL,,508.4,464.2,499,,,22099,10918431.9,457,,
2026-09-11,TRH,,790,775.3,776,,,1281,1000513,10,,
2026-09-11,TSHL,,354,330,347.5,,,9500,3240830.2,64,,
2026-09-11,TTL,,685.1,671,683,,,4692,3191843,139,,
2026-09-11,TVCL,,293.9,268.1,282,,,5424,1490561.3,60,,
2026-09-11,UHEWA,,615,580,591.8,,,43149,25486283.3,251,,
2026-09-11,ULBSL,,2763.3,2381.1,2763.3,,,3761,9264718,100,,
2026-09-11,ULHC,,331.6,313.1,323.1,,,11612,3743628.8,124,,
2026-09-11,UMHL,,546,542,544.9,,,23250,12636876,171,,
2026-09-11,UMRH,,514.9,507.2,514.9,,,6347,3248219.3,52,,
2026-09-11,UNHPL,,367,341,350.4,,,31055,10972543.4,92,,
2026-09-11,UNL,,47200,47200,47200,,,1,48000,1,,
2026-09-11,UNLB,,1238.8,1199,1226,,,391,473653,13,,
2026-09-11,UPCL,,339,329,332.8,,,41448,13853811.1,112,,
2026-09-11,UPPER,,189.9,184.1,189.9,,,103694,19390372.7,378,,
2026-09-11,USHEC,,507.9,485,495,,,22554,11287227.5,46,,
2026-09-11,USHL,,520,493,519.9,,,3446,1740127.1,27,,
2026-09-11,USLB,,1012,990,1012,,,1265,1262948,34,,
2026-09-11,VLBS,,610,598,610,,,2035,1227613.5,43,,
2026-09-11,VLUCL,,380,364.1,378,,,2501,934487.2,36,,
2026-09-11,YMHL,,560,543.1,555.1,,,11324,6271702.3,338,,
2026-09-14,ACLBSL,,890,878,878,,,1139,1004348.6,22,,
2026-09-14,ADBL,,303,298,302,,,23638,7127456.3,126,,
2026-09-14,AHL,,360,350.1,358,,,1812,647932.5,27,,
2026-09-14,AHPC,,268,261,266,,,82055,21771910.1,344,,
2026-09-14,AKJCL,,348,340,343.9,,,199427,68861180.2,491,,
2026-09-14,AKPL,,259.8,249,256.7,,,83551,21389447.2,243,,
2026-09-14,ALBSL,,1201,1122,1192.1,,,50848,59520336.1,303,,
2026-09-14,ALICL,,406.9,396.3,404,,,12122,4899900.5,72,,
2026-09-14,ANLB,,4991,4800,4975,,,553,2730731.3,36,,
2026-09-14,APHL,,700,647,697,,,8406,5798122.6,143,,
2026-09-14,API,,342,333.6,340,,,523868,177766607.9,1134,,
2026-09-14,AVYAN,,1058.3,1010,1034,,,4214,4331072.3,71,,
2026-09-14,BANDIPUR,,649,633.5,644.8,,,27396,17582789.7,320,,
2026-09-14,BARUN,,327.9,315,319.2,,,57989,18719201.2,181,,
2026-09-14,BBC,,4098,3965,4098,,,662,2694952,25,,
2026-09-14,BEDC,,307.8,298,304,,,14388,4371290,122,,
2026-09-14,BFC,,448.5,435.1,446,,,11763,5200232.5,81,,
2026-09-14,BGWT,,510,470.1,497,,,23307,11558964,159,,
2026-09-14,BHCL,,532.9,520,523.5,,,25972,13569991.4,221,,
2026-09-14,BHDC,,425.9,417,424.9,,,12855,5436471.6,75,,
2026-09-14,BHL,,215.9,211,211,,,116539,24807527.9,377,,
2026-09-14,BHPL,,484,427.5,459.9,,,8922,4005602.3,76,,
2026-09-14,BJHL,,674,637.3,650,,,16205,10738693.6,134,,
2026-09-14,BNHC,,282,268,276,,,26049,7217734.4,103,,
2026-09-14,BNL,,13929.2,13929.2,13929.2,,,0,0,0,,
2026-09-14,BNT,,11510.1,11510.1,11510.1,,,0,0,0,,
2026-09-14,BPCL,,660,642,653.9,,,29947,19541962,144,,
2026-09-14,BUNGAL,,532.8,519.2,523,,,10121,5332445.4,149,,
2026-09-14,CBBL,,953,942,951,,,30022,28496309.7,226,,
2026-09-14,CFCL,,591,562.2,573.9,,,99986,56948091,377,,
2026-09-14,CGH,,790,767,786,,,12361,9628623.6,92,,
2026-09-14,CHCL,,362,348.2,358.7,,,41436,14829042.1,296,,
2026-09-14,CHDC,,2280,2227,2255,,,16204,36513246.4,190,,
2026-09-14,CHL,,262,258.2,260.5,,,11033,2867325.1,45,,
2026-09-14,CIT,,1730,1700,1717.1,,,4847,8334214.4,116,,
2026-09-14,CITY,,347.4,341.5,344.9,,,70040,24114247.2,297,,
2026-09-14,CKHL,,599.7,571.2,590,,,440,256070,19,,
2026-09-14,CLI,,425,412,425,,,23906,10038711.7,177,,
2026-09-14,CREST,,1100,1050,1060.2,,,4094,4387968.8,117,,
2026-09-14,CYCL,,1559,1380,1500,,,10053,14646266.3,132,,
2026-09-14,CZBIL,,202,197.2,202,,,32466,6531706.5,104,,
2026-09-14,DDBL,,853,838.2,844.1,,,4803,4072074.9,56,,
2026-09-14,DHEL,,574,550.2,570,,,20892,11804752.6,228,,
2026-09-14,DHPL,,282,274,275,,,4650,1293413,30,,
2026-09-14,DLBS,,1003.5,966.1,973.4,,,217,211758.6,10,,
2026-09-14,DOLTI,,312.2,302,307,,,36023,11042995.1,166,,
2026-09-14,DORDI,,255,245,251,,,38218,9628001,167,,
2026-09-14,EBL,,724,719,724,,,25682,18545592.4,219,,
2026-09-14,ECL,,1399.9,1300,1373,,,18439,25270131.2,376,,
2026-09-14,EHPL,,331.8,312,326,,,10528,3398632.1,115,,
2026-09-14,ENL,,598,570.4,571,,,18069,10438059.6,191,,
2026-09-14,FMDBL,,746.7,730,744,,,6123,4553140,66,,
2026-09-14,FOWAD,,899.9,878,889,,,1132,1005191.5,23,,
2026-09-14,GBIME,,254,250,253,,,135724,34325851.3,432,,
2026-09-14,GBLBS,,649.7,635,641.9,,,1835,1173216,16,,
2026-09-14,GCIL,,378,367.8,374.9,,,22001,8257928.6,167,,
2026-09-14,GFCL,,570,561.5,569.6,,,3308,1883336.5,26,,
2026-09-14,GHL,,251.8,238.1,244.9,,,328440,80120320.9,563,,
2026-09-14,GILB,,1118,1088.3,1118,,,3216,3586653.1,33,,
2026-09-14,GLBSL,,1677,1601.3,1640,,,839,1371677.4,17,,
2026-09-14,GLH,,262,254,257.2,,,40859,10562956,157,,
2026-09-14,GMFBS,,1200,1081.1,1119,,,1650,1831905,36,,
2026-09-14,GMFIL,,422.4,408,421,,,6856,2867871,51,,
2026-09-14,GMLI,,1015,985.2,1003.7,,,526,526856,34,,
2026-09-14,GUFL,,511.9,495,503.5,,,4226,2138175,44,,
2026-09-14,GVL,,499.5,480.4,494,,,26087,12824643.8,161,,
2026-09-14,HATHY,,609,567.5,595,,,12261,7244409.1,137,,
2026-09-14,HBL,,191,187,190,,,39261,7463256.6,393,,
2026-09-14,HDHPC,,217,210.1,211.5,,,93016,19834178.5,323,,
2026-09-14,HDL,,1205.9,1190,1201,,,59826,71810807.9,505,,
2026-09-14,HFIN,,632.9,615,631,,,20361,12704740,348,,
2026-09-14,HHL,,337.7,326,336,,,11785,3952263,91,,
2026-09-14,HIDCL,,250,242.5,246.5,,,56429,13900566.4,196,,
2026-09-14,HIMSTAR,,680,645.5,655.1,,,3566,2348301.3,50,,
2026-09-14,HLBSL,,874,855,871,,,670,575903,7,,
2026-09-14,HLI,,306,294,304,,,31870,9582120.8,243,,
2026-09-14,HPPL,,386,378,379.5,,,76245,29036214,225,,
2026-09-14,HRL,,521,500,516.9,,,47769,24585943.5,569,,
2026-09-14,HURJA,,255,247,252,,,213347,54014416.5,506,,
2026-09-14,ICFC,,595,586.6,586.6,,,5533,3263762.1,49,,
2026-09-14,IHL,,310,303,310,,,10149,3112974.2,55,,
2026-09-14,ILBS,,925.9,830,925.9,,,9175,8165104,76,,
2026-09-14,ILI,,420,410,418,,,7926,3294003.9,193,,
2026-09-14,JBLB,,1301.1,1242,1267,,,3277,4132600.3,88,,
2026-09-14,JFL,,280,270,273,,,23657,6460883.2,207,,
2026-09-14,JHAPA,,1079,1048,1058,,,2108,2251540,44,,
2026-09-14,JOSHI,,265.9,256.1,256.1,,,31717,8317749.6,120,,
2026-09-14,JSLBB,,972,931,972,,,50,47233,5,,
2026-09-14,KAHL,,505,492,499.7,,,19318,9624815.5,640,,
2026-09-14,KBL,,218.5,213.1,216.9,,,169944,36918024.5,420,,
2026-09-14,KBSH,,846,803,836,,,7075,5851387.4,101,,
2026-09-14,KDL,,621,610,616,,,50267,30944645.5,358,,
2026-09-14,KHPL,,765,743,755,,,11583,8721096.6,162,,
2026-09-14,KKHC,,277,270.3,272,,,96533,26473677.7,256,,
2026-09-14,KMCDB,,817,790,810,,,5535,4420344.4,62,,
2026-09-14,KPCL,,465,455,465,,,6540,3019121.8,55,,
2026-09-14,LEC,,260,249.1,250,,,935670,238405788.3,1443,,
2026-09-14,LICN,,771,760,764,,,4118,3146368.9,28,,
2026-09-14,LLBS,,863,854,863,,,211,181706,7,,
2026-09-14,LSL,,231,225,229.4,,,396536,90718321.1,285,,
2026-09-14,MABEL,,613,583.1,610,,,15846,9657694.8,150,,
2026-09-14,MAKAR,,412.8,402.2,410,,,99925,40839299.6,283,,
2026-09-14,MANDU,,704,673.2,699.8,,,9186,6404294.4,73,,
2026-09-14,MATRI,,745,708,745,,,2333,1691218,25,,
2026-09-14,MBJC,,290,280,285.9,,,33218,9535575.3,237,,
2026-09-14,MBL,,263.5,245.1,250.7,,,96940,24119482.2,247,,
2026-09-14,MCHL,,269.6,254.2,264,,,3180,833294.6,27,,
2026-09-14,MEHL,,252.9,243,243,,,109756,27130111.5,421,,
2026-09-14,MEL,,218.9,203.3,216,,,38875,8326777.5,250,,
2026-09-14,MEN,,650,637.3,646.9,,,106682,68830938.7,298,,
2026-09-14,MEPDL,,649,625,643.5,,,15111,9674927.5,593,,
2026-09-14,MERO,,615,600.1,613,,,12419,7575185.8,46,,
2026-09-14,MFIL,,820,715,755,,,36008,26869340.5,222,,
2026-09-14,MHCL,,288.4,275.4,285,,,3206,916337,44,,
2026-09-14,MHL,,469,450,461,,,5744,2627104,56,,
2026-09-14,MHNL,,260.5,250.2,257,,,37093,9541349.3,148,,
2026-09-14,MKCL,,917,872,890,,,685,609232,17,,
2026-09-14,MKHC,,265,257.3,259.5,,,10993,2862898.1,61,,
2026-09-14,MKHL,,505.5,495.1,505,,,1594,801773,34,,
2026-09-14,MKJC,,289,277,286.7,,,12898,3659431.5,75,,
2026-09-14,MLBBL,,958,933,955,,,2234,2111292,36,,
2026-09-14,MLBS,,1019,995,1019,,,989,1001129.8,14,,
2026-09-14,MLBSL,,1099,1086,1088.1,,,449,491012,14,,
2026-09-14,MMKJL,,356,349,355,,,6180,2165237.4,34,,
2026-09-14,MPFL,,569,537,565,,,31611,17384248.7,131,,
2026-09-14,MSHL,,530,510,525,,,644,340191,17,,
2026-09-14,MSLB,,1201,1166.2,1184,,,1757,2078275.1,34,,
2026-09-14,NABIL,,557,551.2,554,,,38965,21550793.2,345,,
2026-09-14,NADEP,,700.4,679,685,,,1287,878276.5,22,,
2026-09-14,NBL,,282.8,278,282.5,,,112412,31592707.1,339,,
2026-09-14,NESDO,,1344.9,1330,1344.9,,,187,250403.1,14,,
2026-09-14,NFS,,503,485,500.9,,,9539,4739949.2,79,,
2026-09-14,NGPL,,406.9,397,401,,,100338,40453151.9,294,,
2026-09-14,NHDL,,640,611,630,,,2764,1736450.9,27,,
2026-09-14,NHPC,,269.5,260.2,263,,,152642,40531767.2,422,,
2026-09-14,NICA,,315,306,314,,,44186,13789034.4,152,,
2026-09-14,NICLBSL,,517,502.5,517,,,3750,1917820.2,88,,
2026-09-14,NIFRA,,247,244,246.9,,,46696,11470217.7,301,,
2026-09-14,NIMB,,189,185,188.1,,,87303,16419341.1,268,,
2026-09-14,NLIC,,714.5,700,709,,,23494,16583624.5,175,,
2026-09-14,NLICL,,568,558,565,,,3009,1693576.4,26,,
2026-09-14,NLO,,277.4,277.4,277.4,,,0,0,0,,
2026-09-14,NMB,,245,242,243,,,34167,8318974.6,142,,
2026-09-14,NMBMF,,590,580,588,,,989,579412,13,,
2026-09-14,NMFBS,,1136,1120,1120,,,2227,2512946,30,,
2026-09-14,NMLBBL,,505,490.8,502.4,,,3379,1672917.8,50,,
2026-09-14,NRIC,,825,800,818,,,37803,30845235.3,175,,
2026-09-14,NRM,,290,283,290,,,9951,2850528.6,90,,
2026-09-14,NRN,,1466,1425.9,1448,,,171552,249074187.6,636,,
2026-09-14,NTC,,887,882,886,,,3280,2902431.8,87,,
2026-09-14,NUBL,,579.9,569.4,577,,,12496,7145311.9,67,,
2026-09-14,NWCL,,618,590,595,,,640,380606,32,,
2026-09-14,NYADI,,380,348,367.8,,,9386,3396729,63,,
2026-09-14,OHL,,625,619.9,625,,,1730,1078600,9,,
2026-09-14,OMPL,,890,859,882,,,3113,2733329.4,74,,
2026-09-14,PCBL,,245,240.2,242,,,78377,18944008.3,125,,
2026-09-14,PCIL,,620,602,615,,,55881,34110608.3,660,,
2026-09-14,PFL,,364,364,364,,,0,0,0,,
2026-09-14,PHCL,,308.5,302.1,304.8,,,73658,22493970.5,286,,
2026-09-14,PMHPL,,310,300,310,,,3819,1162365.2,30,,
2026-09-14,PMLI,,416,405,414,,,2442,1007896.2,58,,
2026-09-14,PPCL,,342.9,331,338.9,,,20449,6794699,36,,
2026-09-14,PPL,,323,302,322,,,23096,7360539,123,,
2026-09-14,PROFL,,381.8,379,381,,,5861,2226979.6,38,,
2026-09-14,PRVU,,186,176.9,185.3,,,108987,20081021.9,344,,
2026-09-14,PURE,,777.7,760,773,,,8948,6857501.9,87,,
2026-09-14,RADHI,,719,676.6,700,,,65131,45513596.8,172,,
2026-09-14,RAWA,,417,406.2,414,,,11610,4791352.9,82,,
2026-09-14,RFPL,,340,330,337.7,,,26706,8980516.5,119,,
2026-09-14,RHGCL,,275,250,271.5,,,57905,15727569.8,253,,
2026-09-14,RHPL,,169.8,165,166.8,,,70565,11839088.8,314,,
2026-09-14,RIDI,,358,345.1,350,,,363246,127823345.4,642,,
2026-09-14,RLEL,,789.9,741,789.9,,,19826,15183773.8,226,,
2026-09-14,RLFL,,432,420,432,,,30669,13088304.7,133,,
2026-09-14,RNLI,,435,424,429.8,,,13005,5571702.7,175,,
2026-09-14,RSDC,,628.9,622,622,,,2581,1614286.2,23,,
2026-09-14,RSML,,2970,2840,2936,,,60604,177960940.5,600,,
2026-09-14,RURU,,596.8,576.6,596.8,,,2689,1588974.8,24,,
2026-09-14,SAGAR,,1599,1545,1550,,,4398,6858364.6,59,,
2026-09-14,SAHAS,,720,687.1,696,,,64267,44762532.3,418,,
2026-09-14,SAIL,,1013.6,981.1,990,,,29761,29732907.6,286,,
2026-09-14,SANIMA,,375,370,373,,,164822,61338369.6,316,,
2026-09-14,SANVI,,593,580,584.8,,,14195,8330811.8,165,,
2026-09-14,SAPIL,,1498,1370,1444,,,43535,61539747.3,1158,,
2026-09-14,SARBTM,,817,791,795,,,11765,9398577.8,70,,
2026-09-14,SBI,,406.5,399,404.9,,,12898,5173539.1,34,,
2026-09-14,SBL,,423.6,418.7,422,,,155348,65439000.7,192,,
2026-09-14,SCB,,655,645,650,,,10522,6826070.3,51,,
2026-09-14,SGHC,,305.5,296,300,,,29323,8809169.6,174,,
2026-09-14,SGHL,,510,492.2,501,,,60595,30399933.3,1170,,
2026-09-14,SHEL,,303.7,299,300.3,,,35041,10540755.6,137,,
2026-09-14,SHIVM,,675,663,670,,,158053,105980691.1,500,,
2026-09-14,SHL,,507.5,490,505,,,28074,14186904.5,57,,
2026-09-14,SHLB,,1340,1235.2,1340,,,191,241200,7,,
2026-09-14,SHPC,,523.4,516.6,522,,,76689,39916594.5,146,,
2026-09-14,SIFC,,480,468,479.5,,,12158,5803628,53,,
2026-09-14,SIKLES,,579,568,571.4,,,10732,6123043.4,58,,
2026-09-14,SIPD,,618,595,609,,,31407,19028876.5,281,,
2026-09-14,SJCL,,240,232.4,240,,,26955,6399932.5,161,,
2026-09-14,SJLIC,,410.9,401.1,409.5,,,5523,2245680.7,72,,
2026-09-14,SKBBL,,760,756,758.3,,,7044,5340875.1,86,,
2026-09-14,SKHEL,,854,806.6,830.5,,,2388,1989527,71,,
2026-09-14,SKHL,,754.9,742,746.1,,,6351,4752457.1,125,,
2026-09-14,SLBBL,,810,784.5,801,,,5713,4579401.5,48,,
2026-09-14,SLBSL,,880,850,880,,,786,676900.4,28,,
2026-09-14,SMATA,,714,694,701,,,891,624432.7,27,,
2026-09-14,SMB,,1818,1769.8,1800,,,764,1376373,28,,
2026-09-14,SMFBS,,1438.8,1350,1401,,,1153,1607862.3,27,,
2026-09-14,SMH,,529,495,523.1,,,31259,16104708.7,189,,
2026-09-14,SMHL,,467.5,458.2,460,,,52377,24178254.9,208,,
2026-09-14,SMJC,,414.8,400.5,412.3,,,9267,3776561.1,99,,
2026-09-14,SMPDA,,742.9,713,742,,,2184,1603166.5,37,,
2026-09-14,SNLI,,401,390,396.8,,,29251,11533007.3,235,,
2026-09-14,SNORL,,891.6,865,870,,,19019,16738507.5,218,,
2026-09-14,SOHL,,665,649,655,,,157371,103278856.6,829,,
2026-09-14,SONA,,400,392,397,,,20645,8212556.6,187,,
2026-09-14,SOPL,,759.9,740,754.9,,,23277,17508516.8,528,,
2026-09-14,SPC,,409,376.2,397.7,,,3092,1207870.3,36,,
2026-09-14,SPDL,,353,349.9,352.5,,,26686,9374573.1,104,,
2026-09-14,SPHL,,528.7,500,524.9,,,7453,3849188.5,82,,
2026-09-14,SPL,,631.3,608.1,631.3,,,1790,1102119.6,30,,
2026-09-14,SRLI,,365,355.8,361.1,,,15666,5646400.2,145,,
2026-09-14,SSHL,,217,206,207,,,135130,28331205.7,450,,
2026-09-14,STC,,5450,5383,5450,,,871,4704068.1,11,,
2026-09-14,SWASTIK,,1840,1805,1815,,,412,749900,15,,
2026-09-14,SWBBL,,690,677,688.9,,,3042,2088868.1,48,,
2026-09-14,SWMF,,594.5,582,592.9,,,3420,2021005,28,,
2026-09-14,SYPNL,,1338,1315,1315,,,28294,37532893.6,397,,
2026-09-14,TAMOR,,517.5,498,516.9,,,398521,203841851.9,1021,,
2026-09-14,TPC,,365.9,350,361,,,17383,6286434.2,62,,
2026-09-14,TPKHL,,508.7,492.5,508,,,16017,8062019.4,542,,
2026-09-14,TRH,,823.9,776,799,,,13042,10347196.7,54,,
2026-09-14,TSHL,,358,350,357,,,3780,1346340.6,59,,
2026-09-14,TTL,,697.9,680,694,,,4406,3045583.1,126,,
2026-09-14,TVCL,,309.9,275,300,,,19326,5749550.1,101,,
2026-09-14,UHEWA,,609,580,593,,,39831,23651999.7,183,,
2026-09-14,ULBSL,,2666,2460,2536,,,906,2277431.6,45,,
2026-09-14,ULHC,,342.4,322.1,330.9,,,7071,2349776.5,79,,
2026-09-14,UMHL,,552.9,540,550,,,36307,19894868.4,135,,
2026-09-14,UMRH,,519,505,511.2,,,8961,4585353,63,,
2026-09-14,UNHPL,,364,353,356.6,,,18613,6681646.6,111,,
2026-09-14,UNL,,47200,47200,47200,,,0,0,0,,
2026-09-14,UNLB,,1233.9,1211,1222,,,625,759925,16,,
2026-09-14,UPCL,,341.8,333,338,,,41249,13869236.9,154,,
2026-09-14,UPPER,,199.3,188.5,193,,,86344,16600880.9,391,,
2026-09-14,USHEC,,501.6,487,498,,,6159,3068610,60,,
2026-09-14,USHL,,535,507,520,,,1033,534654,13,,
2026-09-14,USLB,,1012.5,983.1,1010,,,1098,1098070.9,23,,
2026-09-14,VLBS,,622,601,620,,,733,447554.2,35,,
2026-09-14,VLUCL,,401,377.6,385,,,4935,1900072.6,69,,
2026-09-14,YMHL,,567.9,552.9,562,,,19538,10967322.3,375,,
2026-09-15,ACLBSL,,921,890,900,,,2249,2019834,45,,
2026-09-15,ADBL,,317,303,308,,,71582,21997513.4,222,,
2026-09-15,AHL,,379,365.1,376.1,,,5222,1936154.8,77,,
2026-09-15,AHPC,,279,268.1,273,,,193414,52711563.7,562,,
2026-09-15,AKJCL,,365,347.1,353,,,345701,122416780,851,,
2026-09-15,AKPL,,269,257.3,260,,,133001,34694826.8,384,,
2026-09-15,ALBSL,,1225,1190,1210,,,33860,40656388.9,260,,
2026-09-15,ALICL,,424,414,418,,,38690,16201288,203,,
2026-09-15,ANLB,,5121,4981,5020,,,1060,5316095,51,,
2026-09-15,APHL,,731,697,715,,,15332,10884803,256,,
2026-09-15,API,,355,339.4,343.9,,,825838,284415814,1736,,
2026-09-15,AVYAN,,1117,1050,1078,,,4929,5259522.5,86,,
2026-09-15,BANDIPUR,,695,648,651.9,,,37986,24959795.9,463,,
2026-09-15,BARUN,,340,325,332,,,95942,31724515.8,374,,
2026-09-15,BBC,,4635,4048,4136,,,1601,6702107,69,,
2026-09-15,BEDC,,319,305,309.9,,,28347,8785479.5,166,,
2026-09-15,BFC,,480,453,470.1,,,47958,22218921.3,225,,
2026-09-15,BGWT,,521,497,505,,,17191,8673038.8,125,,
2026-09-15,BHCL,,549,520,530,,,60333,31867743.4,325,,
2026-09-15,BHDC,,450,426.4,433.7,,,25555,11048198,129,,
2026-09-15,BHL,,221.5,213.1,216,,,233450,50493664.6,745,,
2026-09-15,BHPL,,497,456,470,,,8733,4077963.9,91,,
2026-09-15,BJHL,,685,660,664.9,,,11748,7822070.4,157,,
2026-09-15,BNHC,,291,277,279,,,46494,13057782.1,159,,
2026-09-15,BNL,,13516,13515,13515,,,40,540615,4,,
2026-09-15,BNT,,11850,11818,11838,,,118,1396378.9,11,,
2026-09-15,BPCL,,686,658.5,673.9,,,92913,61952206.5,300,,
2026-09-15,BUNGAL,,551,525,538,,,30027,16027760.9,219,,
2026-09-15,CBBL,,998,950,959.8,,,29907,28746146.7,266,,
2026-09-15,CFCL,,602,563,573,,,186977,106452531.5,544,,
2026-09-15,CGH,,825,783,798,,,25080,19941729.7,176,,
2026-09-15,CHCL,,375,355.2,360.1,,,95387,34587644.4,459,,
2026-09-15,CHDC,,2367.7,2270,2318,,,49810,115259596.7,450,,
2026-09-15,CHL,,277,262.4,266,,,19276,5146255.1,95,,
2026-09-15,CIT,,1800,1726,1740,,,7997,13982164.6,206,,
2026-09-15,CITY,,362,346,352,,,116091,40804934.8,556,,
2026-09-15,CKHL,,619,590,605,,,1305,774851,35,,
2026-09-15,CLI,,446,431,436.5,,,16589,7221713.2,222,,
2026-09-15,CREST,,1112,1060,1099.9,,,7767,8449599.1,140,,
2026-09-15,CYCL,,1574,1450,1490,,,6753,10095537,172,,
2026-09-15,CZBIL,,222,203,208.9,,,155343,32238593.1,369,,
2026-09-15,DDBL,,885,852,861,,,14222,12239785.6,131,,
2026-09-15,DHEL,,598.5,562,575,,,17708,10178925.1,244,,
2026-09-15,DHPL,,288,278,278.1,,,8880,2487139,50,,
2026-09-15,DLBS,,1119,1001,1119,,,2315,2417320.8,79,,
2026-09-15,DOLTI,,328,306,311.9,,,37993,11805733.7,237,,
2026-09-15,DORDI,,270,256,257,,,78741,20650846.5,224,,
2026-09-15,EBL,,760.2,728.5,732,,,71236,52410280.3,358,,
2026-09-15,ECL,,1450,1351,1384,,,25029,34612333.3,364,,
2026-09-15,EHPL,,355,327,331.6,,,19111,6355596.3,157,,
2026-09-15,ENL,,606,560,574,,,49688,28405328.9,346,,
2026-09-15,FMDBL,,780,741,748,,,11872,8916202.6,109,,
2026-09-15,FOWAD,,933,895,910,,,4736,4292735.6,69,,
2026-09-15,GBIME,,263.7,254.3,257.1,,,315862,81181778.3,821,,
2026-09-15,GBLBS,,673,646.3,657,,,5370,3507628.7,59,,
2026-09-15,GCIL,,388,376,384,,,59204,22647682.6,332,,
2026-09-15,GFCL,,598,573.1,577.1,,,13594,7878563.1,76,,
2026-09-15,GHL,,257,242,247.8,,,224695,55490964.4,579,,
2026-09-15,GILB,,1173,1125.1,1129,,,7242,8218478.1,50,,
2026-09-15,GLBSL,,1739,1648,1660,,,292,500599,14,,
2026-09-15,GLH,,270,260,263,,,121052,31949197.5,353,,
2026-09-15,GMFBS,,1170,1105,1136.9,,,469,527059,25,,
2026-09-15,GMFIL,,442,423.1,433.7,,,13155,5656281,87,,
2026-09-15,GMLI,,1040,1001,1020.1,,,2177,2226304.7,69,,
2026-09-15,GUFL,,549.9,505.1,521,,,19254,9936019,120,,
2026-09-15,GVL,,504,492,498,,,43381,21629991.6,272,,
2026-09-15,HATHY,,624,596,612,,,31802,19295725.2,289,,
2026-09-15,HBL,,205,193,195.1,,,111185,21754284.8,697,,
2026-09-15,HDHPC,,225,214,216.5,,,225624,49015180.7,614,,
2026-09-15,HDL,,1251,1205.9,1217.9,,,68142,83137603,677,,
2026-09-15,HFIN,,670,640,649,,,44107,28649464.8,512,,
2026-09-15,HHL,,352,336.1,338,,,37735,12851674.7,131,,
2026-09-15,HIDCL,,263,248.1,257.6,,,211629,53987426.3,562,,
2026-09-15,HIMSTAR,,700,665,676,,,2732,1861348.3,77,,
2026-09-15,HLBSL,,914,863,879.9,,,722,629403,21,,
2026-09-15,HLI,,323,307,315.1,,,53593,16834264.6,378,,
2026-09-15,HPPL,,398.4,383,383.9,,,118948,45914125.3,395,,
2026-09-15,HRL,,542,525,530,,,114291,60644974.2,807,,
2026-09-15,HURJA,,265,253.1,263,,,308689,80237195.3,700,,
2026-09-15,ICFC,,616,595,602,,,16644,10016770.1,95,,
2026-09-15,IHL,,326.5,315,326.5,,,16907,5386177,114,,
2026-09-15,ILBS,,960,880.1,948,,,8375,7892639.2,106,,
2026-09-15,ILI,,439,420.1,425.8,,,20369,8686788.7,255,,
2026-09-15,JBLB,,1329,1270,1285,,,6948,8907631.5,130,,
2026-09-15,JFL,,297,273,295,,,50407,14391595.3,404,,
2026-09-15,JHAPA,,1110,1074,1095,,,7522,8217099.4,97,,
2026-09-15,JOSHI,,274.9,263,271.8,,,35338,9494681.9,256,,
2026-09-15,JSLBB,,1020,960.5,969.9,,,442,431342,15,,
2026-09-15,KAHL,,520,500.2,506,,,42865,21700155.1,893,,
2026-09-15,KBL,,227.1,218.6,221.6,,,428456,95120228.1,984,,
2026-09-15,KBSH,,911,850,866,,,9732,8407334.9,133,,
2026-09-15,KDL,,646,616,625,,,61290,38283117.8,390,,
2026-09-15,KHPL,,792,755,768.7,,,16750,12776901.5,196,,
2026-09-15,KKHC,,285,275,280,,,269603,75508064.7,593,,
2026-09-15,KMCDB,,850,804,818.5,,,12542,10387865.1,110,,
2026-09-15,KPCL,,488,467,475,,,11973,5659038.8,75,,
2026-09-15,LEC,,270,252.3,256.8,,,1062567,273332785.2,1303,,
2026-09-15,LICN,,801,765,774,,,37688,29193027.6,142,,
2026-09-15,LLBS,,906.1,860,860,,,3046,2636936.9,35,,
2026-09-15,LSL,,240.8,230.5,236.3,,,838214,195606898.3,694,,
2026-09-15,MABEL,,640,603.2,613,,,17076,10484341.4,167,,
2026-09-15,MAKAR,,430,410.2,418.4,,,173461,72074956.9,445,,
2026-09-15,MANDU,,734,690,697,,,11916,8327265.5,87,,
2026-09-15,MATRI,,773,750,758,,,1086,822566.3,20,,
2026-09-15,MBJC,,300,287,295,,,74756,21920920.6,390,,
2026-09-15,MBL,,263,250,257.7,,,193525,49288877.5,318,,
2026-09-15,MCHL,,280,264,272.8,,,8576,2318920.2,71,,
2026-09-15,MEHL,,267,245.1,255,,,134952,34142823.6,541,,
2026-09-15,MEL,,230,216,216,,,40879,8996191.4,267,,
2026-09-15,MEN,,665,647,651,,,167193,108971422.8,499,,
2026-09-15,MEPDL,,675,645,673.5,,,45155,29750688.8,1111,,
2026-09-15,MERO,,643,608,616.8,,,24191,14843638.7,114,,
2026-09-15,MFIL,,792,740,756,,,41145,31265134.1,231,,
2026-09-15,MHCL,,299,290,297.7,,,9782,2870756.4,89,,
2026-09-15,MHL,,484,457.2,473.4,,,7223,3407707.5,67,,
2026-09-15,MHNL,,272,256,260,,,38029,9947944.2,162,,
2026-09-15,MKCL,,930,890,920,,,2828,2568044,66,,
2026-09-15,MKHC,,278,262,267,,,26478,7023219,158,,
2026-09-15,MKHL,,530,505.4,511,,,1819,932969,40,,
2026-09-15,MKJC,,301,284,290,,,19856,5760598,126,,
2026-09-15,MLBBL,,999,950,975,,,1692,1630669,30,,
2026-09-15,MLBS,,1069,1005.1,1066,,,1587,1665751,25,,
2026-09-15,MLBSL,,1249,1101.2,1119,,,2245,2522022.3,61,,
2026-09-15,MMKJL,,372,346,358,,,12550,4394101,62,,
2026-09-15,MPFL,,620,567,620,,,26160,15116711,135,,
2026-09-15,MSHL,,560,539,560,,,2381,1298361.9,52,,
2026-09-15,MSLB,,1252,1193,1200,,,3766,4570496.5,52,,
2026-09-15,NABIL,,581,555,560,,,100142,56128430.7,692,,
2026-09-15,NADEP,,730,686.1,718,,,4014,2811993.4,49,,
2026-09-15,NBL,,296,284.1,288,,,275179,78990346.8,553,,
2026-09-15,NESDO,,1395,1359,1370,,,842,1150403.2,25,,
2026-09-15,NFS,,520,506,516,,,13750,7065027.1,125,,
2026-09-15,NGPL,,420,406.6,417,,,331950,137126877.1,753,,
2026-09-15,NHDL,,661,633,635.5,,,4522,2873963.6,37,,
2026-09-15,NHPC,,283,266,267.5,,,284481,77028441.3,741,,
2026-09-15,NICA,,332,315.1,329.9,,,146946,47495504.9,463,,
2026-09-15,NICLBSL,,540,517,532,,,12791,6683774.1,157,,
2026-09-15,NIFRA,,262,250,255,,,189774,48075070.6,687,,
2026-09-15,NIMB,,202,188.1,192,,,278811,53692524,658,,
2026-09-15,NLIC,,755,719,730,,,48932,35599057.1,342,,
2026-09-15,NLICL,,590,557.8,578.9,,,45566,26050421.2,130,,
2026-09-15,NLO,,277.4,277.4,277.4,,,0,0,0,,
2026-09-15,NMB,,260,245.5,252.6,,,125430,31405040.7,386,,
2026-09-15,NMBMF,,617,590.3,605,,,2724,1645080.9,35,,
2026-09-15,NMFBS,,1175,1140,1150.9,,,15401,17647187.2,126,,
2026-09-15,NMLBBL,,527,500.5,512,,,11316,5753520.1,88,,
2026-09-15,NRIC,,870,825,844.5,,,36969,31098636.1,330,,
2026-09-15,NRM,,315,291,297.1,,,17218,5165508.6,168,,
2026-09-15,NRN,,1519,1443,1468,,,194242,282950618.8,718,,
2026-09-15,NTC,,912,890,895,,,23205,20810936,260,,
2026-09-15,NUBL,,605,578,580,,,16969,9929119.7,89,,
2026-09-15,NWCL,,643,605.1,620.9,,,4347,2673371.9,80,,
2026-09-15,NYADI,,384,352.3,372,,,13778,5057527.2,103,,
2026-09-15,OHL,,640,630,640,,,2033,1285933,29,,
2026-09-15,OMPL,,926,895,906,,,8004,7230946.1,147,,
2026-09-15,PCBL,,250,243,245,,,151325,37062239.3,337,,
2026-09-15,PCIL,,648,620,632.1,,,59453,37562194.1,1002,,
2026-09-15,PFL,,364,364,364,,,0,0,0,,
2026-09-15,PHCL,,324.4,305,313.6,,,253167,79130666.5,672,,
2026-09-15,PMHPL,,348.7,309,319.9,,,20819,6505604.2,124,,
2026-09-15,PMLI,,443,415.2,428,,,18876,8006486.3,159,,
2026-09-15,PPCL,,355,342.7,348,,,15764,5433324.5,70,,
2026-09-15,PPL,,338.1,319,328,,,43658,14301552.7,186,,
2026-09-15,PROFL,,400,387,394,,,10787,4242282.4,91,,
2026-09-15,PRVU,,195,186,189.6,,,281196,53295542.6,690,,
2026-09-15,PURE,,880,773,799.9,,,8313,6600239,119,,
2026-09-15,RADHI,,734,703.2,713,,,110061,78611407.6,311,,
2026-09-15,RAWA,,442,414,420,,,42047,17669133,185,,
2026-09-15,RFPL,,348,340,343,,,43912,15059136.4,210,,
2026-09-15,RHGCL,,287.3,269,275,,,40917,11136462.4,179,,
2026-09-15,RHPL,,180,168.1,172.1,,,151557,26095961.7,503,,
2026-09-15,RIDI,,367,353.5,355,,,319097,113904309.2,722,,
2026-09-15,RLEL,,829,766.3,828,,,30058,24196636.6,257,,
2026-09-15,RLFL,,450,432.1,439,,,51905,22654857,225,,
2026-09-15,RNLI,,451,430,436.3,,,75061,32529191.6,360,,
2026-09-15,RSDC,,653,632.5,642.9,,,5124,3265857.2,75,,
2026-09-15,RSML,,3082,2852,2879,,,111596,327007876.4,1326,,
2026-09-15,RURU,,626.6,599,600,,,11278,6868025.4,74,,
2026-09-15,SAGAR,,1628,1556,1622,,,13195,20914214.9,185,,
2026-09-15,SAHAS,,725,697,697.1,,,99662,69880919.5,606,,
2026-09-15,SAIL,,1039.5,973.9,1012.7,,,30921,31157767.9,342,,
2026-09-15,SANIMA,,390,370,375,,,356506,133555278.5,536,,
2026-09-15,SANVI,,615,582.1,589,,,14131,8343346.6,172,,
2026-09-15,SAPIL,,1516.1,1370,1420,,,36823,51974282.4,911,,
2026-09-15,SARBTM,,834.5,795.1,807,,,34102,27478698.7,174,,
2026-09-15,SBI,,425,403.1,409.9,,,78404,31851434.8,139,,
2026-09-15,SBL,,443,423,429.5,,,225605,96676458.5,412,,
2026-09-15,SCB,,682,651,653,,,10110,6627600.9,105,,
2026-09-15,SGHC,,324,304.6,309.6,,,49118,15137346.9,203,,
2026-09-15,SGHL,,523,501,508.3,,,106605,54387824.6,1445,,
2026-09-15,SHEL,,315,305,308,,,106322,32818539.1,368,,
2026-09-15,SHIVM,,690,673,681,,,462655,315697044.3,1374,,
2026-09-15,SHL,,530.2,502,509.9,,,44897,22841220.1,124,,
2026-09-15,SHLB,,1406,1325,1400,,,486,670856,18,,
2026-09-15,SHPC,,548,520,531,,,146109,77326974.1,374,,
2026-09-15,SIFC,,507,481.2,485,,,26586,12925847.6,104,,
2026-09-15,SIKLES,,599,572,575.2,,,10498,6105890.9,100,,
2026-09-15,SIPD,,639,590,608,,,46209,28101879.6,399,,
2026-09-15,SJCL,,252,233.8,246.7,,,36472,8948077.6,185,,
2026-09-15,SJLIC,,429,412.1,419.9,,,28754,11984074.5,193,,
2026-09-15,SKBBL,,795,760,773,,,20004,15380702.2,170,,
2026-09-15,SKHEL,,872,840,871,,,4333,3724909.3,106,,
2026-09-15,SKHL,,784,746.6,764.5,,,10676,8175616.2,203,,
2026-09-15,SLBBL,,840,791,810,,,5004,4047354.6,60,,
2026-09-15,SLBSL,,950.9,888,917,,,1790,1628842.7,45,,
2026-09-15,SMATA,,735,705.2,724,,,4105,2941310.8,92,,
2026-09-15,SMB,,1888,1800.1,1830,,,808,1488013,21,,
2026-09-15,SMFBS,,1443,1400.1,1441,,,256,363620.2,12,,
2026-09-15,SMH,,540,522.9,529.9,,,16250,8587291.3,116,,
2026-09-15,SMHL,,483,464,465,,,90419,42447370,351,,
2026-09-15,SMJC,,435,412,432,,,35593,14993192.5,194,,
2026-09-15,SMPDA,,778,742,750,,,1189,894314.5,22,,
2026-09-15,SNLI,,420,397,407,,,31361,12735723.9,289,,
2026-09-15,SNORL,,919.9,870,894.9,,,41026,36739971.6,475,,
2026-09-15,SOHL,,674,648.2,654,,,246236,162221644,1171,,
2026-09-15,SONA,,417,400,405.5,,,100002,40591564.9,504,,
2026-09-15,SOPL,,793,756,768,,,37061,28530400.8,662,,
2026-09-15,SPC,,429,390.1,400,,,18596,7454070.1,124,,
2026-09-15,SPDL,,390,359,370,,,98941,36330295.9,281,,
2026-09-15,SPHL,,551,516,526.9,,,7655,3984434.4,83,,
2026-09-15,SPL,,662,617,624.2,,,1793,1140054,38,,
2026-09-15,SRLI,,379,365.4,371.5,,,41888,15539752.1,256,,
2026-09-15,SSHL,,217.3,208.6,208.8,,,281037,59667623,744,,
2026-09-15,STC,,6000,5450.1,5500,,,1793,10123219.7,59,,
2026-09-15,SWASTIK,,1961.1,1800,1854,,,558,1038241,25,,
2026-09-15,SWBBL,,715,690,700,,,13475,9426605,118,,
2026-09-15,SWMF,,610,590.3,604,,,5361,3210971,58,,
2026-09-15,SYPNL,,1380,1330.5,1337,,,65873,88663784.8,633,,
2026-09-15,TAMOR,,539,517,527,,,332158,174212641.3,888,,
2026-09-15,TPC,,379,365,374.9,,,44037,16264926.7,161,,
2026-09-15,TPKHL,,533,507,512,,,32976,16916368.5,599,,
2026-09-15,TRH,,838,802,811,,,14618,11806634.5,46,,
2026-09-15,TSHL,,372,361.5,365,,,5156,1878193,59,,
2026-09-15,TTL,,735,703,710,,,11878,8446903.8,279,,
2026-09-15,TVCL,,329,305.7,317.6,,,18545,5810002.2,109,,
2026-09-15,UHEWA,,622,580,600,,,38892,23331163.8,233,,
2026-09-15,ULBSL,,2660,2525,2560,,,1081,2750520.6,38,,
2026-09-15,ULHC,,347,330.1,334,,,40348,13654149.8,136,,
2026-09-15,UMHL,,589.9,539,557.3,,,98144,54446147.3,247,,
2026-09-15,UMRH,,536,516.6,518.3,,,6209,3230716.6,55,,
2026-09-15,UNHPL,,374,362,367.8,,,24255,8894903,107,,
2026-09-15,UNL,,47000,47000,47000,,,10,470000,1,,
2026-09-15,UNLB,,1299,1230,1244.9,,,380,478015,15,,
2026-09-15,UPCL,,360,342.1,350,,,84421,29406226.5,265,,
2026-09-15,UPPER,,209,195.2,199,,,248785,49472990.7,847,,
2026-09-15,USHEC,,522.9,496.5,503,,,23516,11812383,80,,
2026-09-15,USHL,,539,510,525,,,4924,2564658.5,50,,
2026-09-15,USLB,,1059.8,1019,1049,,,3146,3276512.3,59,,
2026-09-15,VLBS,,650,620.2,626.1,,,1878,1175747.6,68,,
2026-09-15,VLUCL,,404,387.1,390,,,11842,4651677.1,96,,
2026-09-15,YMHL,,599,552,565,,,34064,19309985.5,520,,
2026-09-16,ACLBSL,,899,889,894,,,608,543439.7,24,,
2026-09-16,ADBL,,309.9,302,305.5,,,23508,7180562,102,,
2026-09-16,AHL,,389,370,377.8,,,3706,1402431.8,51,,
2026-09-16,AHPC,,275,266,266.8,,,82227,22127560.6,341,,
2026-09-16,AKJCL,,355,346,346.5,,,199222,69723350.1,494,,
2026-09-16,AKPL,,265,255.1,256,,,70356,18091326.3,209,,
2026-09-16,ALBSL,,1239,1180,1201,,,26915,32113087.4,133,,
2026-09-16,ALICL,,422.9,412,416,,,21569,8991229,121,,
2026-09-16,ANLB,,5127,4920,5010,,,558,2796241.4,23,,
2026-09-16,APHL,,715,679.2,693,,,13271,9161322.8,148,,
2026-09-16,API,,344.7,337.1,339.1,,,249346,84917591.4,749,,
2026-09-16,AVYAN,,1060,1030,1040,,,2419,2543693,38,,
2026-09-16,BANDIPUR,,661.9,620,643.5,,,23068,15017264,278,,
2026-09-16,BARUN,,335,325.6,328,,,60054,19769887.8,191,,
2026-09-16,BBC,,4195,4087,4100,,,254,1048665,19,,
2026-09-16,BEDC,,311.8,300.2,304,,,20877,6367824.8,118,,
2026-09-16,BFC,,472,462,467,,,39068,18272638.6,132,,
2026-09-16,BGWT,,500,485.1,490,,,10273,5044306.3,82,,
2026-09-16,BHCL,,539,522,534,,,30909,16503626.5,239,,
2026-09-16,BHDC,,435,426.4,429,,,9757,4199124.2,83,,
2026-09-16,BHL,,221,213,216.1,,,295942,64686899,858,,
2026-09-16,BHPL,,473,450.2,459,,,3192,1460343.8,37,,
2026-09-16,BJHL,,663,645.2,647.8,,,6468,4219010.1,97,,
2026-09-16,BNHC,,280.9,275,276.9,,,8421,2332489.6,54,,
2026-09-16,BNL,,14000,13920,14000,,,35,489200,2,,
2026-09-16,BNT,,11928.9,11830,11850,,,65,770749,5,,
2026-09-16,BPCL,,685,665.2,676.9,,,75851,51234512.3,237,,
2026-09-16,BUNGAL,,538,520,525,,,18561,9737682.1,178,,
2026-09-16,CBBL,,960,945,950,,,16872,16070827.3,152,,
2026-09-16,CFCL,,570,545,565.9,,,49832,28090730.9,181,,
2026-09-16,CGH,,806.9,788,791,,,3793,2997903.1,51,,
2026-09-16,CHCL,,361,353.2,354.9,,,70515,25160316.9,381,,
2026-09-16,CHDC,,2369,2305,2368,,,49081,114824674.9,294,,
2026-09-16,CHL,,272,264.1,267.4,,,21345,5705425.7,79,,
2026-09-16,CIT,,1750,1711.7,1730,,,3013,5223022.6,88,,
2026-09-16,CITY,,356,345.1,345.4,,,74901,26186400.2,347,,
2026-09-16,CKHL,,608,575,599.3,,,1045,611987.5,37,,
2026-09-16,CLI,,440.5,426,428,,,13628,5863079.2,171,,
2026-09-16,CREST,,1120,1070,1094.8,,,1750,1891207.1,64,,
2026-09-16,CYCL,,1500,1407.6,1500,,,11242,16468217.6,140,,
2026-09-16,CZBIL,,210,203,206,,,64343,13288522.3,158,,
2026-09-16,DDBL,,862,847,849.9,,,12133,10332257,89,,
2026-09-16,DHEL,,580,551.3,564,,,10670,5994496.1,152,,
2026-09-16,DHPL,,278,273,274,,,2712,746450,11,,
2026-09-16,DLBS,,1111,1032,1110,,,3293,3503623.6,70,,
2026-09-16,DOLTI,,314,302,306,,,18467,5665914.1,108,,
2026-09-16,DORDI,,260.4,252.5,255.6,,,37921,9708690.1,161,,
2026-09-16,EBL,,734.9,725,727.5,,,84991,61876891.7,478,,
2026-09-16,ECL,,1384,1320,1343,,,14415,19349063.1,264,,
2026-09-16,EHPL,,348.1,327,330,,,17266,5721098.6,106,,
2026-09-16,ENL,,574,548,554,,,32485,18033851.9,290,,
2026-09-16,FMDBL,,748,730,738,,,10278,7542220.3,108,,
2026-09-16,FOWAD,,920,885,895,,,3917,3495333.6,72,,
2026-09-16,GBIME,,259,255,258,,,225137,58049234.9,556,,
2026-09-16,GBLBS,,669,641,660,,,4816,3149462,66,,
2026-09-16,GCIL,,386.5,376,376.1,,,39187,14834281,194,,
2026-09-16,GFCL,,584.9,570,579,,,4433,2557181.7,36,,
2026-09-16,GHL,,250.4,240.1,245.7,,,256666,63047091.9,548,,
2026-09-16,GILB,,1129,1110,1116,,,2044,2279269.4,16,,
2026-09-16,GLBSL,,1709,1659.1,1689,,,353,588307.2,20,,
2026-09-16,GLH,,266,257,257.2,,,68879,17877253.1,214,,
2026-09-16,GMFBS,,1122.5,1085,1122.5,,,414,450902.4,18,,
2026-09-16,GMFIL,,434.9,421.8,421.9,,,7476,3174010.2,44,,
2026-09-16,GMLI,,1025,980,998.8,,,2960,2956866.5,67,,
2026-09-16,GUFL,,526,504.4,509,,,19811,10138770,107,,
2026-09-16,GVL,,499.9,488,493.8,,,13988,6905340.5,111,,
2026-09-16,HATHY,,614,594,606,,,12575,7559864.9,144,,
2026-09-16,HBL,,199.8,190,193.9,,,70051,13703424,484,,
2026-09-16,HDHPC,,233.5,210.6,228,,,1663890,379564213.9,3316,,
2026-09-16,HDL,,1220,1200,1204,,,37178,44850541.3,398,,
2026-09-16,HFIN,,662,627,627.9,,,24103,15335133.7,357,,
2026-09-16,HHL,,337.9,329,333,,,20420,6768952,110,,
2026-09-16,HIDCL,,261,250,255,,,106152,27220267,293,,
2026-09-16,HIMSTAR,,680,655,663.5,,,1935,1279779,48,,
2026-09-16,HLBSL,,870,859,867,,,826,713914,17,,
2026-09-16,HLI,,318,308,309.5,,,32390,10127507.4,224,,
2026-09-16,HPPL,,388,378,385,,,89853,34349844.6,284,,
2026-09-16,HRL,,537,520,520.2,,,59164,31113865.9,493,,
2026-09-16,HURJA,,266,256,257,,,235007,61531529.3,516,,
2026-09-16,ICFC,,605,598,602.4,,,6921,4153014.2,46,,
2026-09-16,IHL,,327,321,327,,,9160,2962576.9,59,,
2026-09-16,ILBS,,960,921,957.9,,,12507,11743035.3,100,,
2026-09-16,ILI,,425,413.1,418.9,,,7165,3018097.6,158,,
2026-09-16,JBLB,,1289.4,1265,1279,,,2036,2589675.5,49,,
2026-09-16,JFL,,300,285.1,291,,,26738,7824033,226,,
2026-09-16,JHAPA,,1094,1051.2,1066,,,3625,3851599.6,64,,
2026-09-16,JOSHI,,271.9,265,268.8,,,16989,4574634.4,95,,
2026-09-16,JSLBB,,986,950,986,,,332,324653,13,,
2026-09-16,KAHL,,509,490.9,493.5,,,22537,11213694.2,571,,
2026-09-16,KBL,,221,216.1,218,,,398524,86833874.4,920,,
2026-09-16,KBSH,,866,830,834,,,7102,5995039.4,94,,
2026-09-16,KDL,,626.8,614.1,614.6,,,54477,33740899.5,372,,
2026-09-16,KHPL,,765,751,754,,,2441,1850318.4,74,,
2026-09-16,KKHC,,292.5,277.1,288,,,256907,73429239.6,663,,
2026-09-16,KMCDB,,854,777.6,854,,,15417,12944800.8,154,,
2026-09-16,KPCL,,474,462,465.3,,,14630,6819595.7,73,,
2026-09-16,LEC,,259,248.5,250,,,580098,146832688.3,982,,
2026-09-16,LICN,,780.7,771.1,779,,,13977,10818746.5,85,,
2026-09-16,LLBS,,880,850,877,,,1575,1341612.5,21,,
2026-09-16,LSL,,236,230.9,232.5,,,313812,73274489.5,357,,
2026-09-16,MABEL,,609,595,602,,,4951,2976854.8,83,,
2026-09-16,MAKAR,,424.5,415,419,,,94922,39735770.8,342,,
2026-09-16,MANDU,,709,695,697,,,18491,13002334.3,89,,
2026-09-16,MATRI,,759,722,759,,,2238,1641040.1,29,,
2026-09-16,MBJC,,298,286,295,,,47308,13919189.6,302,,
2026-09-16,MBL,,259.9,252.2,254.1,,,142182,36364902,217,,
2026-09-16,MCHL,,277,263,274,,,3756,1010812.3,55,,
2026-09-16,MEHL,,257,250.3,255,,,127283,32411692.1,451,,
2026-09-16,MEL,,220,212.4,214.7,,,19959,4295263.1,163,,
2026-09-16,MEN,,660,643,652.7,,,149739,97487575.5,373,,
2026-09-16,MEPDL,,705,666,703,,,68537,47329266.8,1390,,
2026-09-16,MERO,,623.9,608,609,,,5547,3412925.5,50,,
2026-09-16,MFIL,,780,740,756,,,30712,23098996.1,139,,
2026-09-16,MHCL,,297.7,290.1,290.1,,,7025,2063312,49,,
2026-09-16,MHL,,475,460,463.9,,,4635,2140074.9,51,,
2026-09-16,MHNL,,261.5,253,254,,,24164,6188915.7,88,,
2026-09-16,MKCL,,940,900,911,,,692,636999,30,,
2026-09-16,MKHC,,266.9,258.1,258.1,,,15395,4029568.9,90,,
2026-09-16,MKHL,,525,486,500,,,1972,994955.7,46,,
2026-09-16,MKJC,,308,288,294.5,,,57894,17269541.8,241,,
2026-09-16,MLBBL,,974,950.1,950.1,,,1513,1448658.2,28,,
2026-09-16,MLBS,,1040,1020,1020,,,258,264240,7,,
2026-09-16,MLBSL,,1149.9,1125,1125,,,935,1064697.3,43,,
2026-09-16,MMKJL,,359,351,358.7,,,4626,1638779,42,,
2026-09-16,MPFL,,618,570,594.9,,,18141,10731590.5,156,,
2026-09-16,MSHL,,565,530,538,,,2050,1124291,31,,
2026-09-16,MSLB,,1229.7,1182,1195,,,1554,1849689.2,26,,
2026-09-16,NABIL,,567,557.2,560,,,55113,30903609,504,,
2026-09-16,NADEP,,718,690,690,,,2782,1937476.7,26,,
2026-09-16,NBL,,289,283,284.7,,,179797,51474888.1,333,,
2026-09-16,NESDO,,1378.1,1310,1354.9,,,1171,1548405.9,26,,
2026-09-16,NFS,,516,500,507.9,,,5322,2681547.2,54,,
2026-09-16,NGPL,,419,408.1,408.9,,,134142,55156843.8,357,,
2026-09-16,NHDL,,638,631.1,633,,,810,513721.8,11,,
2026-09-16,NHPC,,270,261.7,263.7,,,194518,51616171.2,542,,
2026-09-16,NICA,,345,318,322,,,73845,23712489.6,271,,
2026-09-16,NICLBSL,,540,517,521,,,2957,1543617.4,67,,
2026-09-16,NIFRA,,256,250.2,250.8,,,62512,15745676.6,312,,
2026-09-16,NIMB,,193,190.1,192,,,93883,18007034.8,290,,
2026-09-16,NLIC,,733.9,718,725,,,17503,12685659.6,198,,
2026-09-16,NLICL,,579.9,564,568,,,14943,8528918.6,61,,
2026-09-16,NLO,,277.4,277.4,277.4,,,0,0,0,,
2026-09-16,NMB,,251.7,247.5,249,,,53847,13407027.8,176,,
2026-09-16,NMBMF,,605,600,600,,,1292,775504.9,16,,
2026-09-16,NMFBS,,1161,1142.1,1148,,,13433,15470720.6,71,,
2026-09-16,NMLBBL,,513,490,504.9,,,6169,3080972,60,,
2026-09-16,NRIC,,855.9,820,840,,,30687,25517988.8,211,,
2026-09-16,NRM,,300,294.1,295,,,6085,1801609.4,99,,
2026-09-16,NRN,,1467,1425.9,1439.9,,,88769,128238637,374,,
2026-09-16,NTC,,900,890,890,,,8865,7903416.5,121,,
2026-09-16,NUBL,,589.9,571.8,580,,,11557,6705724.5,46,,
2026-09-16,NWCL,,625,590.1,590.1,,,3568,2174270.3,37,,
2026-09-16,NYADI,,370,361.1,368.9,,,4128,1505106.5,44,,
2026-09-16,OHL,,643,631,643,,,573,362246,7,,
2026-09-16,OMPL,,923.9,892,904,,,2624,2368564.1,55,,
2026-09-16,PCBL,,247,243.1,245,,,80305,19656614.2,159,,
2026-09-16,PCIL,,635,615,618,,,56677,35317037,661,,
2026-09-16,PFL,,386,372,373,,,33240,12536739,267,,
2026-09-16,PHCL,,317,308.1,310,,,94455,29404013,320,,
2026-09-16,PMHPL,,323,308.5,310,,,6513,2026231.3,39,,
2026-09-16,PMLI,,430,421.5,423.4,,,6136,2607922.5,80,,
2026-09-16,PPCL,,345,340,342.9,,,11541,3931772,55,,
2026-09-16,PPL,,330,312,320,,,29636,9515791.7,134,,
2026-09-16,PROFL,,398,382.6,390,,,10849,4211363.2,67,,
2026-09-16,PRVU,,191,186.1,187.7,,,117522,22113266.9,329,,
2026-09-16,PURE,,803.9,777.1,788.1,,,5795,4565284.4,88,,
2026-09-16,RADHI,,718.5,701.2,701.2,,,39193,27768988.7,130,,
2026-09-16,RAWA,,422,400,415,,,19946,8312277,131,,
2026-09-16,RFPL,,344,334,336,,,22909,7726239,113,,
2026-09-16,RHGCL,,272.9,263.1,264,,,36462,9722367.7,144,,
2026-09-16,RHPL,,175,167,170.7,,,91312,15568700.5,325,,
2026-09-16,RIDI,,356.9,345,349.2,,,252869,88383079.6,556,,
2026-09-16,RLEL,,836.6,747.9,784.9,,,15646,12151855.4,219,,
2026-09-16,RLFL,,443.8,426,428,,,10450,4519879.9,88,,
2026-09-16,RNLI,,438.9,427.1,429.2,,,23089,9936042.4,174,,
2026-09-16,RSDC,,644,630,630,,,1769,1120713,18,,
2026-09-16,RSML,,2898,2765,2810,,,88468,251011786.6,947,,
2026-09-16,RURU,,630,590,596.9,,,12181,7292698.4,74,,
2026-09-16,SAGAR,,1700,1560.1,1590,,,5898,9331718.3,94,,
2026-09-16,SAHAS,,702,693,694,,,75869,52801279,398,,
2026-09-16,SAIL,,1060,992,1005,,,31179,31186172.5,237,,
2026-09-16,SANIMA,,376.1,372.2,373.1,,,170597,63881469.8,571,,
2026-09-16,SANVI,,591,570,573,,,13716,7887731.2,129,,
2026-09-16,SAPIL,,1410,1365,1400,,,21458,29711090.2,643,,
2026-09-16,SARBTM,,813.5,800,800,,,10139,8125800.5,71,,
2026-09-16,SBI,,411,401.1,406,,,3336,1353410.5,35,,
2026-09-16,SBL,,433,425,431,,,164853,70965394,299,,
2026-09-16,SCB,,657,650.1,650.1,,,6942,4528053.4,68,,
2026-09-16,SGHC,,310,300,304.6,,,26635,8140433.2,139,,
2026-09-16,SGHL,,510,495,497,,,46218,23180933.9,1015,,
2026-09-16,SHEL,,307.2,303.4,305.8,,,68525,20868389.2,205,,
2026-09-16,SHIVM,,687.9,675,676.3,,,243901,165709479.5,705,,
2026-09-16,SHL,,510,501,508.1,,,20290,10279179,68,,
2026-09-16,SHLB,,1358,1358,1358,,,10,13580,1,,
2026-09-16,SHPC,,531,524,525,,,82648,43577923.2,204,,
2026-09-16,SIFC,,493.5,480,484,,,5469,2650142.5,45,,
2026-09-16,SIKLES,,585,572,582,,,10482,6074364.2,85,,
2026-09-16,SIPD,,610,591.4,600,,,7147,4275064.1,169,,
2026-09-16,SJCL,,246.5,240,240,,,23281,5629206.1,88,,
2026-09-16,SJLIC,,425,410.2,416,,,10630,4437837.7,109,,
2026-09-16,SKBBL,,773,761.2,765,,,8823,6783507.7,84,,
2026-09-16,SKHEL,,874,835,835,,,2464,2105642.8,69,,
2026-09-16,SKHL,,764,745,749.1,,,12632,9497044.5,169,,
2026-09-16,SLBBL,,810,800,810,,,4895,3944570.9,44,,
2026-09-16,SLBSL,,924,891,914.9,,,990,888105.8,41,,
2026-09-16,SMATA,,725,706.2,710,,,1243,886214.9,34,,
2026-09-16,SMB,,1830,1805,1830,,,1125,2051077.2,21,,
2026-09-16,SMFBS,,1400,1366,1375,,,302,417373,12,,
2026-09-16,SMH,,529,518.1,519,,,8130,4246423.6,70,,
2026-09-16,SMHL,,472,462,462.7,,,33204,15414007.6,146,,
2026-09-16,SMJC,,427,414,422,,,13023,5453582.3,106,,
2026-09-16,SMPDA,,759.9,736,743,,,334,249503,17,,
2026-09-16,SNLI,,427.3,401.1,401.1,,,20299,8259804.2,196,,
2026-09-16,SNORL,,929,890,919.9,,,38566,35154023.1,368,,
2026-09-16,SOHL,,660,648,653,,,231110,150792021.8,1029,,
2026-09-16,SONA,,407,400,401.9,,,36302,14594179.2,270,,
2026-09-16,SOPL,,777,751,760,,,24460,18601142.9,473,,
2026-09-16,SPC,,410,392,392.3,,,8200,3280082.1,67,,
2026-09-16,SPDL,,373,362.1,368,,,33148,12163686.6,132,,
2026-09-16,SPHL,,524.9,509,515,,,6691,3446964.5,66,,
2026-09-16,SPL,,631,595,622.9,,,2949,1821405.1,48,,
2026-09-16,SRLI,,372,365,369,,,20792,7659386.4,172,,
2026-09-16,SSHL,,217.4,198.4,212,,,561763,120351408.8,1398,,
2026-09-16,STC,,5540,5424.9,5540,,,1218,6681679.6,42,,
2026-09-16,SWASTIK,,1885,1801,1801,,,434,788932,20,,
2026-09-16,SWBBL,,709,693.5,699,,,5672,3959680.3,51,,
2026-09-16,SWMF,,603.9,590,590,,,2563,1524803.2,42,,
2026-09-16,SYPNL,,1343,1301.1,1318,,,29873,39530106.6,398,,
2026-09-16,TAMOR,,535,522,526.1,,,227845,120246184.2,674,,
2026-09-16,TPC,,374,364,365,,,17721,6502684,71,,
2026-09-16,TPKHL,,514.9,500,505.9,,,27223,13834743.5,479,,
2026-09-16,TRH,,815,787.2,810,,,3025,2432713,29,,
2026-09-16,TSHL,,366,349.1,350,,,5320,1877610.3,53,,
2026-09-16,TTL,,710,688,697,,,10566,7384668.9,168,,
2026-09-16,TVCL,,317.6,308,310,,,3590,1116597.2,33,,
2026-09-16,UHEWA,,609,590,597,,,27430,16360594.9,160,,
2026-09-16,ULBSL,,2549,2486,2514,,,411,1027067,20,,
2026-09-16,ULHC,,350,323,327,,,4356,1432895.5,61,,
2026-09-16,UMHL,,555,547.5,552,,,42243,23214335.1,110,,
2026-09-16,UMRH,,526,513,513,,,3793,1958876.8,41,,
2026-09-16,UNHPL,,369,355.7,357,,,19535,7048191.9,93,,
2026-09-16,UNL,,48410,47959.9,48410,,,120,5780838,12,,
2026-09-16,UNLB,,1282,1230,1230,,,240,296698.5,9,,
2026-09-16,UPCL,,350,340,343,,,37201,12891843.8,140,,
2026-09-16,UPPER,,200.5,195.3,196.7,,,157905,31263657,528,,
2026-09-16,USHEC,,503,495.5,496.2,,,10615,5306880,54,,
2026-09-16,USHL,,524,510,523.5,,,691,355634.9,30,,
2026-09-16,USLB,,1050,1025,1029,,,1032,1066009,31,,
2026-09-16,VLBS,,630,615.5,627.9,,,1997,1244647.8,46,,
2026-09-16,VLUCL,,396.5,382.2,384,,,7274,2798551.6,55,,
2026-09-16,YMHL,,593.2,550,555,,,20220,11274617,328,,
2026-09-17,ACLBSL,,895,878.2,879.1,,,1668,1473166.4,30,,
2026-09-17,ADBL,,309.8,305,308.7,,,90092,27596251.5,130,,
2026-09-17,AHL,,385,377.2,378.1,,,1829,693668.1,35,,
2026-09-17,AHPC,,272.9,264.7,268,,,126354,33938111.2,293,,
2026-09-17,AKJCL,,356.9,333,352.9,,,331657,116705997.3,581,,
2026-09-17,AKPL,,260,252.7,254,,,103576,26497080.9,238,,
2026-09-17,ALBSL,,1215,1180,1215,,,23605,28284029.2,143,,
2026-09-17,ALICL,,422.9,417,417,,,17510,7344785.2,93,,
2026-09-17,ANLB,,5044,4900,5035,,,175,876319.9,13,,
2026-09-17,APHL,,708,690,692,,,6525,4541268.7,140,,
2026-09-17,API,,345,334.8,335.6,,,350329,118226234,830,,
2026-09-17,AVYAN,,1070,1040,1055,,,1217,1277201,27,,
2026-09-17,BANDIPUR,,661.5,650,658,,,28092,18435832.2,316,,
2026-09-17,BARUN,,334.8,325.2,327,,,44988,14846980,151,,
2026-09-17,BBC,,4300,4100,4105,,,372,1540044.8,29,,
2026-09-17,BEDC,,309,299.8,302,,,15780,4754413.4,98,,
2026-09-17,BFC,,476.8,461.1,464.1,,,15582,7279283.2,95,,
2026-09-17,BGWT,,504.7,490,492,,,8712,4318532.6,67,,
2026-09-17,BHCL,,555,535,547.2,,,86304,47045330.7,537,,
2026-09-17,BHDC,,436,426.3,429,,,7282,3132307.7,56,,
2026-09-17,BHL,,221,216.1,217.1,,,129215,28252830.1,416,,
2026-09-17,BHPL,,466,436.1,460.9,,,3996,1837644.7,48,,
2026-09-17,BJHL,,666.4,646.4,649.4,,,5383,3524730.2,76,,
2026-09-17,BNHC,,283,276.9,279.8,,,10847,3033837.5,71,,
2026-09-17,BNL,,14420,14420,14420,,,10,144200,1,,
2026-09-17,BNT,,11850,11850,11850,,,0,0,0,,
2026-09-17,BPCL,,690,645,672.7,,,39217,26409656.9,142,,
2026-09-17,BUNGAL,,535,521.6,528.5,,,6981,3683651,113,,
2026-09-17,CBBL,,960,952.5,956.9,,,24040,22970387.2,166,,
2026-09-17,CFCL,,575,549.9,570,,,33413,18903974,180,,
2026-09-17,CGH,,802,778.8,792.2,,,2371,1884107.5,45,,
2026-09-17,CHCL,,362,355,359,,,50423,18008059.7,269,,
2026-09-17,CHDC,,2400,2331,2367,,,36529,86354165.5,270,,
2026-09-17,CHL,,270,266,269.7,,,15764,4222005.6,66,,
2026-09-17,CIT,,1745,1732,1735,,,4589,7970707,93,,
2026-09-17,CITY,,352,345,348,,,42120,14644028,252,,
2026-09-17,CKHL,,635,581.4,597,,,3682,2188538,39,,
2026-09-17,CLI,,435.4,428,433,,,12932,5579043.1,167,,
2026-09-17,CREST,,1149.5,1081.6,1100,,,5091,5624364.3,131,,
2026-09-17,CYCL,,1544,1420,1458,,,5738,8484718.4,107,,
2026-09-17,CZBIL,,211,195.7,207.8,,,139787,29124781.2,300,,
2026-09-17,DDBL,,868.5,852.2,853,,,12313,10567769.8,96,,
2026-09-17,DHEL,,576,558,565,,,9863,5547155.3,161,,
2026-09-17,DHPL,,282,276,278.9,,,1842,512651.9,22,,
2026-09-17,DLBS,,1248,1031.1,1248,,,4652,5223372.5,81,,
2026-09-17,DOLTI,,311.8,301,306,,,22341,6898013.8,94,,
2026-09-17,DORDI,,263.2,256,261.8,,,56982,14816873.2,199,,
2026-09-17,EBL,,700,685.9,691,,,81983,56639968,722,,
2026-09-17,ECL,,1370,1300,1355,,,9778,13174591.1,197,,
2026-09-17,EHPL,,339,330,332.4,,,6245,2075973.8,56,,
2026-09-17,ENL,,568,544,557,,,26898,14793229.6,194,,
2026-09-17,FMDBL,,754.1,735,744.7,,,4406,3263807.1,40,,
2026-09-17,FOWAD,,920,900,900,,,4519,4074628.2,43,,
2026-09-17,GBIME,,260,256,258.2,,,254365,65579565.8,553,,
2026-09-17,GBLBS,,665.8,646.5,659,,,1343,883086,19,,
2026-09-17,GCIL,,385,376,379,,,24792,9455384.9,176,,
2026-09-17,GFCL,,584.9,570.4,575.9,,,5739,3314323,43,,
2026-09-17,GHL,,251.5,243,246.6,,,386800,95488812.3,488,,
2026-09-17,GILB,,1140,1123.1,1135,,,2178,2470609.5,30,,
2026-09-17,GLBSL,,1739,1640,1695,,,458,775789,18,,
2026-09-17,GLH,,266,259,264,,,61499,16085868.7,194,,
2026-09-17,GMFBS,,1129,1081,1116,,,275,306405.9,13,,
2026-09-17,GMFIL,,430,420.1,426.9,,,10739,4556327.9,45,,
2026-09-17,GMLI,,1025,968.9,1000,,,1654,1633185.2,48,,
2026-09-17,GUFL,,520.9,501,502,,,8516,4356054.5,75,,
2026-09-17,GVL,,499,490,494.8,,,19943,9858876.3,110,,
2026-09-17,HATHY,,606,587.9,588,,,18271,10852721.3,172,,
2026-09-17,HBL,,197.9,193.7,194.4,,,45993,8976637.4,415,,
2026-09-17,HDHPC,,230,222,224.2,,,267565,60160011.4,664,,
2026-09-17,HDL,,1220,1209,1217,,,30134,36598824.7,336,,
2026-09-17,HFIN,,645,625.3,626,,,25027,15797855.6,308,,
2026-09-17,HHL,,338,332,334.8,,,11117,3723429.6,62,,
2026-09-17,HIDCL,,267.7,252.3,253.2,,,62869,15991912.6,203,,
2026-09-17,HIMSTAR,,680,645,660,,,2425,1619092,59,,
2026-09-17,HLBSL,,867.1,860,865,,,634,548147.5,7,,
2026-09-17,HLI,,314,309,311.9,,,33092,10310683.9,206,,
2026-09-17,HPPL,,388.9,380,387,,,96798,37131029.9,261,,
2026-09-17,HRL,,536,516.7,519,,,49239,25724446.8,474,,
2026-09-17,HURJA,,270.8,262,266.9,,,346261,92542453.3,929,,
2026-09-17,ICFC,,610,600.1,603,,,4890,2953878,42,,
2026-09-17,IHL,,332.6,317,324.3,,,4035,1303220.5,41,,
2026-09-17,ILBS,,980,925,969.9,,,7385,7080338.5,73,,
2026-09-17,ILI,,426,419,420,,,11648,4906597.5,170,,
2026-09-17,JBLB,,1297,1265,1267,,,2589,3297186.9,54,,
2026-09-17,JFL,,296.9,285,289.9,,,14565,4227043.7,114,,
2026-09-17,JHAPA,,1087,1051.3,1053,,,2053,2173437.6,35,,
2026-09-17,JOSHI,,270,265.5,270,,,16390,4391485.2,75,,
2026-09-17,JSLBB,,979.7,956.5,979.7,,,111,108490.5,4,,
2026-09-17,KAHL,,506,490.2,495,,,17165,8527173.8,510,,
2026-09-17,KBL,,221,217.5,218,,,243348,53364432.4,498,,
2026-09-17,KBSH,,850,826,835.1,,,6191,5188651.6,78,,
2026-09-17,KDL,,628,610,614.8,,,43235,26598949.2,345,,
2026-09-17,KHPL,,770,754.1,763,,,5104,3891554.8,81,,
2026-09-17,KKHC,,293,280.5,282,,,100354,28631583.1,317,,
2026-09-17,KMCDB,,875,840,867.5,,,16039,13802558.3,156,,
2026-09-17,KPCL,,474,466.1,468,,,3805,1787264.4,42,,
2026-09-17,LEC,,256,248,252.1,,,542654,136892536.6,928,,
2026-09-17,LICN,,816,780,806,,,141256,111732497.5,271,,
2026-09-17,LLBS,,865,863.5,865,,,55,47547.5,4,,
2026-09-17,LSL,,239,234.1,238.5,,,373392,88232903.6,498,,
2026-09-17,MABEL,,614.9,585.1,594.6,,,5145,3068262,93,,
2026-09-17,MAKAR,,425,415,418.1,,,105851,44288352.5,297,,
2026-09-17,MANDU,,711,691.2,701.1,,,9298,6572169,55,,
2026-09-17,MATRI,,760,737.3,759,,,1298,966766.9,31,,
2026-09-17,MBJC,,300,291,297,,,81416,23961397.4,273,,
2026-09-17,MBL,,257.8,253.4,256.9,,,68124,17359829.2,148,,
2026-09-17,MCHL,,280,265.8,278,,,3905,1070853,50,,
2026-09-17,MEHL,,266.9,250,264,,,121480,31871219,488,,
2026-09-17,MEL,,219,213.9,216.8,,,19589,4242945.2,117,,
2026-09-17,MEN,,660,649,649.1,,,131558,85915840,616,,
2026-09-17,MEPDL,,715,680,693.8,,,44171,30761103.3,820,,
2026-09-17,MERO,,620,590,611,,,3138,1915948.4,42,,
2026-09-17,MFIL,,820,740.3,765,,,18279,13860927.5,118,,
2026-09-17,MHCL,,298,291,293,,,6153,1807064.1,47,,
2026-09-17,MHL,,473.8,460,464,,,5476,2533950.5,41,,
2026-09-17,MHNL,,268,259.9,268,,,63093,16665313.1,232,,
2026-09-17,MKCL,,910,880,895,,,1823,1620869.4,41,,
2026-09-17,MKHC,,266.5,257.1,261,,,16647,4375023.8,109,,
2026-09-17,MKHL,,514.8,500,511.5,,,2565,1299151,41,,
2026-09-17,MKJC,,300,292.1,294,,,21258,6298521.9,80,,
2026-09-17,MLBBL,,970,952,965,,,2817,2704034,32,,
2026-09-17,MLBS,,1035.1,1000,1035.1,,,128,129051,5,,
2026-09-17,MLBSL,,1140,1125,1125,,,1228,1386986.3,28,,
2026-09-17,MMKJL,,363.7,355,360,,,3709,1320363.9,43,,
2026-09-17,MPFL,,610,587,598.8,,,20380,12151084.5,95,,
2026-09-17,MSHL,,554,525.1,531.1,,,361,194991.6,20,,
2026-09-17,MSLB,,1228,1200,1212,,,1226,1477527,22,,
2026-09-17,NABIL,,565,558.1,560,,,51747,29018169.7,408,,
2026-09-17,NADEP,,705,690,702.9,,,790,549295,11,,
2026-09-17,NBL,,290,285.5,288.5,,,198024,56978758.8,385,,
2026-09-17,NESDO,,1351,1314.4,1351,,,238,315289.7,16,,
2026-09-17,NFS,,515,505,508,,,4569,2335341,61,,
2026-09-17,NGPL,,415.9,406.4,409,,,120338,49391311.9,337,,
2026-09-17,NHDL,,649,633,640,,,626,397971.2,21,,
2026-09-17,NHPC,,270,264,265,,,142101,37835009.4,331,,
2026-09-17,NICA,,328.9,322,325,,,63062,20455885.9,178,,
2026-09-17,NICLBSL,,529.9,519,522.9,,,2971,1546289.2,56,,
2026-09-17,NIFRA,,255,250,250,,,98801,24810426.7,382,,
2026-09-17,NIMB,,195,190.2,191.9,,,63356,12158515.5,264,,
2026-09-17,NLIC,,739.9,723,729.1,,,33969,24741928.9,204,,
2026-09-17,NLICL,,579,568.1,578.9,,,16843,9640498.8,126,,
2026-09-17,NLO,,277.4,277.4,277.4,,,0,0,0,,
2026-09-17,NMB,,252,249.1,251.5,,,71314,17870990.2,206,,
2026-09-17,NMBMF,,615,602,602.5,,,1135,690528.5,20,,
2026-09-17,NMFBS,,1179.5,1145.3,1179,,,12850,14919929,118,,
2026-09-17,NMLBBL,,513.9,494,499.7,,,6707,3341430.8,52,,
2026-09-17,NRIC,,865,830,837,,,14433,12054289.4,125,,
2026-09-17,NRM,,299.5,291,295,,,4495,1325461,57,,
2026-09-17,NRN,,1463,1443.1,1455,,,100078,145349361.4,380,,
2026-09-17,NTC,,895,880,892,,,3711,3310635.3,90,,
2026-09-17,NUBL,,591,581,586,,,4755,2794249.4,45,,
2026-09-17,NWCL,,619.6,607,610,,,1793,1096388.2,42,,
2026-09-17,NYADI,,370,361,361,,,5873,2133300.1,36,,
2026-09-17,OHL,,659,641,651.9,,,2390,1558507,30,,
2026-09-17,OMPL,,925.9,890.1,907,,,1234,1115973.9,46,,
2026-09-17,PCBL,,252,245,251.8,,,227337,56664228.5,398,,
2026-09-17,PCIL,,628,618,624.1,,,33288,20772412.9,551,,
2026-09-17,PFL,,380,370,374.9,,,7544,2819929.7,71,,
2026-09-17,PHCL,,323.5,310.4,323,,,384411,122526768.7,937,,
2026-09-17,PMHPL,,317,306.3,308,,,14248,4405095.2,49,,
2026-09-17,PMLI,,425,416,423.1,,,12703,5322915.5,104,,
2026-09-17,PPCL,,349,339,344,,,4573,1560481.1,38,,
2026-09-17,PPL,,328,313.1,326.9,,,22248,7217369.5,121,,
2026-09-17,PROFL,,399,380,388,,,1000,386994,20,,
2026-09-17,PRVU,,190.1,185.5,186.5,,,129892,24363238.8,352,,
2026-09-17,PURE,,827.5,772,789,,,5980,4715816.4,111,,
2026-09-17,RADHI,,720,702,703,,,47217,33413959,118,,
2026-09-17,RAWA,,425.8,405,422,,,21886,9226257,128,,
2026-09-17,RFPL,,343,335,339,,,20161,6823989.3,142,,
2026-09-17,RHGCL,,275,264.3,273.1,,,43634,11772819.7,182,,
2026-09-17,RHPL,,173.7,170,171.7,,,67190,11498022.4,269,,
2026-09-17,RIDI,,353.9,345.5,346,,,135769,47275798.4,350,,
2026-09-17,RLEL,,800,748,773,,,21759,16622066.8,237,,
2026-09-17,RLFL,,449.4,425,431.5,,,14890,6386206,95,,
2026-09-17,RNLI,,438.5,431,433,,,25977,11257822.6,193,,
2026-09-17,RSDC,,640,628,628,,,2181,1380824.9,31,,
2026-09-17,RSML,,2830,2740,2745,,,61443,171014716,658,,
2026-09-17,RURU,,626.7,595,596,,,1346,805447.5,22,,
2026-09-17,SAGAR,,1610,1565.1,1590,,,3971,6264845.5,61,,
2026-09-17,SAHAS,,708,691.5,691.9,,,80598,55903280.1,349,,
2026-09-17,SAIL,,1055,997,998.1,,,26481,26613751.5,263,,
2026-09-17,SANIMA,,370,361,364.3,,,137214,50031654.7,476,,
2026-09-17,SANVI,,587,571,578,,,12573,7269746.6,127,,
2026-09-17,SAPIL,,1469.8,1361,1389.8,,,20802,28900855,583,,
2026-09-17,SARBTM,,810.9,801,805,,,10107,8141429.2,82,,
2026-09-17,SBI,,410,404,404,,,8245,3345528.8,66,,
2026-09-17,SBL,,450,439,447,,,756922,336219576.5,1851,,
2026-09-17,SCB,,656,651.2,655,,,20223,13231335.9,71,,
2026-09-17,SGHC,,314,289.4,305,,,26627,8185803.4,127,,
2026-09-17,SGHL,,507,492.1,495,,,57221,28566981.9,910,,
2026-09-17,SHEL,,314,305,306,,,67790,20829116.7,208,,
2026-09-17,SHIVM,,695,680.1,685.5,,,396612,272676030.8,1034,,
2026-09-17,SHL,,520,500,515,,,70692,36444279.8,179,,
2026-09-17,SHLB,,1320.2,1320.2,1320.2,,,10,13202,1,,
2026-09-17,SHPC,,532.8,526.6,531,,,93545,49474618.1,214,,
2026-09-17,SIFC,,490,465,484,,,5262,2553696,31,,
2026-09-17,SIKLES,,591.5,580,586,,,24804,14560087.5,110,,
2026-09-17,SIPD,,608.5,587,588,,,12221,7251325.79,197,,
2026-09-17,SJCL,,246,240,242,,,10705,2579938.4,78,,
2026-09-17,SJLIC,,426,415.4,418,,,8052,3359249.4,93,,
2026-09-17,SKBBL,,773,761.2,768,,,4239,3242691.9,53,,
2026-09-17,SKHEL,,860,834,855,,,4580,3848022.6,74,,
2026-09-17,SKHL,,771,740.1,752,,,10383,7800176.9,144,,
2026-09-17,SLBBL,,815,805,809,,,5630,4548978,29,,
2026-09-17,SLBSL,,920,895,900,,,342,309685,15,,
2026-09-17,SMATA,,712.1,705.5,711,,,535,380542.7,22,,
2026-09-17,SMB,,1848.5,1815,1815,,,375,681604,13,,
2026-09-17,SMFBS,,1400.1,1400,1400,,,225,314905,7,,
2026-09-17,SMH,,529,518.1,518.4,,,9145,4766678.8,58,,
2026-09-17,SMHL,,470,462,467.5,,,56307,26266319.5,199,,
2026-09-17,SMJC,,425,414,419.9,,,13704,5718709.9,109,,
2026-09-17,SMPDA,,759,745,750,,,943,704982.7,24,,
2026-09-17,SNLI,,411,401,408,,,22761,9245148.5,191,,
2026-09-17,SNORL,,939.8,912.1,930,,,26169,24231110.7,343,,
2026-09-17,SOHL,,677,650,671,,,356147,238480737.3,1640,,
2026-09-17,SONA,,409,402.6,403,,,38707,15650578.1,262,,
2026-09-17,SOPL,,768,754,754,,,18981,14400626.8,376,,
2026-09-17,SPC,,420,377,406,,,4717,1912196.2,54,,
2026-09-17,SPDL,,373.9,362,363,,,28869,10531313.5,89,,
2026-09-17,SPHL,,521,500,515.9,,,3519,1808754.6,46,,
2026-09-17,SPL,,654,585.1,619,,,27892,16784035,144,,
2026-09-17,SRLI,,374.3,365.1,371,,,15831,5886053.1,159,,
2026-09-17,SSHL,,219,211.1,213,,,182147,39123793.3,549,,
2026-09-17,STC,,5750,5500,5600,,,4828,26671038.8,57,,
2026-09-17,SWASTIK,,1855,1821,1840,,,620,1145600,18,,
2026-09-17,SWBBL,,711,699,704.1,,,5732,4034174.4,54,,
2026-09-17,SWMF,,600,590.7,596,,,4285,2546816.3,35,,
2026-09-17,SYPNL,,1356,1311.5,1315,,,32453,43078551.4,313,,
2026-09-17,TAMOR,,536.9,528,533,,,199266,106388475.9,577,,
2026-09-17,TPC,,375,365,371,,,18829,6962840.3,62,,
2026-09-17,TPKHL,,515,504.6,504.6,,,26244,13373730.3,477,,
2026-09-17,TRH,,825,801.2,801.2,,,7411,5947449.4,25,,
2026-09-17,TSHL,,364,355,362,,,5587,2014193.2,83,,
2026-09-17,TTL,,717.9,698,702,,,8707,6116609.2,173,,
2026-09-17,TVCL,,316,295,309.9,,,3377,1040105.1,37,,
2026-09-17,UHEWA,,626.8,589,607.9,,,27728,16720583.5,241,,
2026-09-17,ULBSL,,2574.9,2450,2538,,,714,1783806.8,24,,
2026-09-17,ULHC,,336.8,318,318,,,9696,3155503.4,64,,
2026-09-17,UMHL,,557.8,550,550,,,42333,23320176.6,108,,
2026-09-17,UMRH,,525,513,513,,,4075,2099012.7,27,,
2026-09-17,UNHPL,,367,356.1,364.9,,,23535,8568287.3,98,,
2026-09-17,UNL,,48500,48500,48500,,,10,485000,1,,
2026-09-17,UNLB,,1266,1250,1262,,,655,824549,21,,
2026-09-17,UPCL,,349,342,343,,,31592,10876153.8,128,,
2026-09-17,UPPER,,200.6,197,199.2,,,195419,38927278,504,,
2026-09-17,USHEC,,503,497.6,503,,,8579,4284779,68,,
2026-09-17,USHL,,520,513.2,514.6,,,276,142322.5,16,,
2026-09-17,USLB,,1080,1044,1070,,,2335,2492492.2,79,,
2026-09-17,VLBS,,635,620,628,,,392,244915.5,20,,
2026-09-17,VLUCL,,394.9,384.1,389,,,2538,981380,34,,
2026-09-17,YMHL,,564,550,555,,,22866,12706727.1,361,,
2026-09-18,ACLBSL,,896,875,893,,,946,840659,22,,
2026-09-18,ADBL,,315,305,314,,,103595,32292934.7,272,,
2026-09-18,AHL,,434,378.1,395,,,4500,1767502.8,79,,
2026-09-18,AHPC,,271.5,265,269.5,,,76823,20718479.6,253,,
2026-09-18,AKJCL,,368,345,359,,,368692,131547802.9,724,,
2026-09-18,AKPL,,258.9,252.2,258.9,,,68110,17510490.8,163,,
2026-09-18,ALBSL,,1245,1155,1190,,,20927,25235060.6,135,,
2026-09-18,ALICL,,434.8,415,432.9,,,72556,30929875.1,258,,
2026-09-18,ANLB,,5100,4901,5005,,,990,4916723.1,55,,
2026-09-18,APHL,,695,682,683.5,,,3853,2648572.6,113,,
2026-09-18,API,,338.8,334,336,,,266606,89674920.5,660,,
2026-09-18,AVYAN,,1067,1031,1064,,,2830,3009377,45,,
2026-09-18,BANDIPUR,,690,651,654,,,16066,10552127.8,282,,
2026-09-18,BARUN,,337.9,325.3,335,,,86254,28673117.1,261,,
2026-09-18,BBC,,4159.9,4051,4140,,,234,965671,18,,
2026-09-18,BEDC,,313,300,311,,,40414,12486468.2,245,,
2026-09-18,BFC,,468.9,461,464,,,14196,6571195.5,55,,
2026-09-18,BGWT,,504,480,481,,,10786,5262343.7,98,,
2026-09-18,BHCL,,565,540.1,544,,,40892,22346627.6,289,,
2026-09-18,BHDC,,436,427,435.5,,,14577,6334473.7,93,,
2026-09-18,BHL,,227.9,216.2,217.3,,,109577,23876357.9,374,,
2026-09-18,BHPL,,470,445,470,,,8535,3864168,80,,
2026-09-18,BJHL,,668,649,658.9,,,21621,14237353.1,196,,
2026-09-18,BNHC,,281.4,275,281.4,,,26781,7470505.5,86,,
2026-09-18,BNL,,14831,14400,14831,,,20,292310,2,,
2026-09-18,BNT,,12940,12200,12450,,,662,8195009,42,,
2026-09-18,BPCL,,701,662,698,,,218225,149734659.7,613,,
2026-09-18,BUNGAL,,535,524,529.9,,,16791,8900420.3,155,,
2026-09-18,CBBL,,963.7,957.5,960,,,17086,16423309.9,144,,
2026-09-18,CFCL,,587,555,580,,,90109,51446803.5,247,,
2026-09-18,CGH,,795,781,794,,,10976,8623839,69,,
2026-09-18,CHCL,,369.7,354,369.7,,,119215,43261462,418,,
2026-09-18,CHDC,,2420,2331,2387,,,32622,78215823.1,305,,
2026-09-18,CHL,,269.8,265,268,,,13114,3496205.7,66,,
2026-09-18,CIT,,1744,1700.1,1739,,,4402,7638213.8,97,,
2026-09-18,CITY,,357,332,355.1,,,78425,27629586.9,340,,
2026-09-18,CKHL,,612.8,580,596,,,1830,1077319,31,,
2026-09-18,CLI,,443,427,439.9,,,22667,9960096.2,242,,
2026-09-18,CREST,,1155,1085,1105,,,6020,6562344.1,125,,
2026-09-18,CYCL,,1530,1421.1,1490,,,12171,17795797.7,139,,
2026-09-18,CZBIL,,218.1,205,212.9,,,197396,41806730.2,468,,
2026-09-18,DDBL,,867,856,864,,,11379,9832547.9,97,,
2026-09-18,DHEL,,572,556.2,571,,,28849,16371447,248,,
2026-09-18,DHPL,,279.5,273.5,279.5,,,3260,908058,20,,
2026-09-18,DLBS,,1310,1077,1184,,,2079,2360076,64,,
2026-09-18,DOLTI,,311,304,309,,,17350,5355869.6,111,,
2026-09-18,DORDI,,264.9,260,262.9,,,35942,9422081.3,146,,
2026-09-18,EBL,,701,687.1,701,,,55918,38841493.8,287,,
2026-09-18,ECL,,1360,1330.1,1353,,,5678,7643362.2,155,,
2026-09-18,EHPL,,345,327.6,335,,,8045,2675264.4,60,,
2026-09-18,ENL,,557.8,541,557,,,20328,11186251.6,136,,
2026-09-18,FMDBL,,761.9,731.9,761,,,13023,9788583.9,111,,
2026-09-18,FOWAD,,915,900,913,,,2724,2477041.1,48,,
2026-09-18,GBIME,,261.9,257,260.9,,,894556,232049614.3,1204,,
2026-09-18,GBLBS,,685,626.1,678,,,8308,5600593.1,81,,
2026-09-18,GCIL,,383.9,376.2,376.3,,,23052,8715618.1,172,,
2026-09-18,GFCL,,584,575,576.5,,,7626,4393207.4,36,,
2026-09-18,GHL,,251,238,243.3,,,96878,23648271.7,280,,
2026-09-18,GILB,,1152,1120,1138.5,,,1525,1745115.8,28,,
2026-09-18,GLBSL,,1751,1700,1725,,,2143,3662248.1,52,,
2026-09-18,GLH,,273.6,251,273.5,,,235225,63290185,536,,
2026-09-18,GMFBS,,1148,1090,1117,,,421,471593,13,,
2026-09-18,GMFIL,,429.9,425.4,428.9,,,9690,4133054.5,43,,
2026-09-18,GMLI,,1059,970,1030,,,1850,1851380.5,79,,
2026-09-18,GUFL,,512.9,505,510,,,5813,2956457.3,45,,
2026-09-18,GVL,,498,493,495,,,21015,10420152.1,123,,
2026-09-18,HATHY,,558.6,499.8,499.8,,,263471,132368262.1,975,,
2026-09-18,HBL,,199.5,192.7,198,,,108485,21438262.4,701,,
2026-09-18,HDHPC,,227,220,220.5,,,292304,65085607.7,592,,
2026-09-18,HDL,,1232,1211.5,1224,,,47540,58262533.2,495,,
2026-09-18,HFIN,,637,621.1,631,,,21953,13878058.6,335,,
2026-09-18,HHL,,343.8,328,340.9,,,38833,13137511.6,147,,
2026-09-18,HIDCL,,261.6,251.1,258.9,,,128092,33090979.1,333,,
2026-09-18,HIMSTAR,,665,646.3,665,,,3903,2556278,70,,
2026-09-18,HLBSL,,883.6,874.9,882,,,1259,1104118,14,,
2026-09-18,HLI,,318,309,317,,,30564,9617089,209,,
2026-09-18,HPPL,,395,381,387,,,152034,58644763.5,359,,
2026-09-18,HRL,,522,516,520,,,45942,23855578.6,428,,
2026-09-18,HURJA,,269.8,261,264,,,123680,32558708.1,360,,
2026-09-18,ICFC,,618,602,606,,,8460,5115841.5,74,,
2026-09-18,IHL,,342.8,319,338.1,,,24905,8329812.9,134,,
2026-09-18,ILBS,,1065,930,1065,,,6363,6260671,91,,
2026-09-18,ILI,,430,419.1,429.9,,,12831,5488588.7,279,,
2026-09-18,JBLB,,1282.8,1267,1272,,,2503,3184955.7,69,,
2026-09-18,JFL,,293.8,280,290,,,21424,6191605,141,,
2026-09-18,JHAPA,,1078.8,1053,1064,,,1994,2105357.3,49,,
2026-09-18,JOSHI,,270,265,269,,,11798,3168658.1,70,,
2026-09-18,JSLBB,,988,960,988,,,549,529702.5,17,,
2026-09-18,KAHL,,508,485,503,,,33370,16779278.6,941,,
2026-09-18,KBL,,227.5,217,227,,,1426442,321381025.1,2404,,
2026-09-18,KBSH,,849,830,847.8,,,1301,1088846.1,23,,
2026-09-18,KDL,,645.5,612,617.6,,,27695,17070906.2,215,,
2026-09-18,KHPL,,763,735,754,,,4759,3595420.1,99,,
2026-09-18,KKHC,,287.9,279,281,,,162851,46074192.3,326,,
2026-09-18,KMCDB,,869,843.6,860,,,3837,3266586.5,37,,
2026-09-18,KPCL,,472,468,470,,,10551,4957133,45,,
2026-09-18,LEC,,263,252,259.9,,,879413,227960780.6,1529,,
2026-09-18,LICN,,830,801,813,,,45587,37327554.5,255,,
2026-09-18,LLBS,,873,860,871,,,322,280025,9,,
2026-09-18,LSL,,250.4,233.1,246.4,,,1107292,271629217.4,1326,,
2026-09-18,MABEL,,614.9,582,603.8,,,15376,9084698,141,,
2026-09-18,MAKAR,,425,415,419,,,139521,58591310.8,425,,
2026-09-18,MANDU,,730,700,715.2,,,13117,9376416.5,90,,
2026-09-18,MATRI,,763,737,739,,,1075,798912,28,,
2026-09-18,MBJC,,303,290,301,,,67436,20145436.8,405,,
2026-09-18,MBL,,261.8,253.2,260.8,,,319484,82983391.2,522,,
2026-09-18,MCHL,,280,265.8,277.7,,,4471,1227334,47,,
2026-09-18,MEHL,,267,259.1,262.9,,,109891,28875045.9,456,,
2026-09-18,MEL,,218,211,216,,,29481,6306105.6,140,,
2026-09-18,MEN,,651,646,646.2,,,98270,63663721.7,278,,
2026-09-18,MEPDL,,699.9,678.1,693.9,,,26753,18411976.9,726,,
2026-09-18,MERO,,614,611,612,,,906,554645.7,20,,
2026-09-18,MFIL,,772,745,760,,,21258,16197129.2,131,,
2026-09-18,MHCL,,304,292.1,299,,,4612,1381485,60,,
2026-09-18,MHL,,472,460,470,,,6452,3005754.1,66,,
2026-09-18,MHNL,,269.8,261.5,265.5,,,21609,5730664.1,91,,
2026-09-18,MKCL,,899.5,876.3,879,,,1976,1746061.9,41,,
2026-09-18,MKHC,,266,259.2,263.5,,,13743,3607494.3,86,,
2026-09-18,MKHL,,513,501,511.9,,,2710,1367493.5,42,,
2026-09-18,MKJC,,326.9,292.8,320,,,84581,26594923.2,404,,
2026-09-18,MLBBL,,994.8,970.1,993,,,4075,4030973.6,51,,
2026-09-18,MLBS,,1055,1015,1020,,,50,51284,5,,
2026-09-18,MLBSL,,1140,1112,1133,,,1132,1263557.8,21,,
2026-09-18,MMKJL,,365,351.1,364.5,,,7166,2589109.5,51,,
2026-09-18,MPFL,,604,587.1,598,,,12817,7637528.1,96,,
2026-09-18,MSHL,,544.5,516.6,527,,,1648,859360,35,,
2026-09-18,MSLB,,1220,1185.1,1209.9,,,1215,1457027.5,29,,
2026-09-18,NABIL,,563.9,560,562.9,,,71074,39940701.8,475,,
2026-09-18,NADEP,,700,690,694,,,1109,769871,18,,
2026-09-18,NBL,,302.9,282,296.5,,,469074,137760707.9,878,,
2026-09-18,NESDO,,1351,1325.1,1351,,,110,146279,3,,
2026-09-18,NFS,,512,504,504,,,3992,2029861.6,48,,
2026-09-18,NGPL,,413.5,408,410,,,98550,40440705.7,307,,
2026-09-18,NHDL,,644,631.2,639.5,,,590,374976.1,13,,
2026-09-18,NHPC,,273.5,263.2,272.9,,,272771,73720355.9,603,,
2026-09-18,NICA,,332.1,322.7,328.4,,,77993,25639275.6,285,,
2026-09-18,NICLBSL,,523,518,523,,,3291,1712628.3,65,,
2026-09-18,NIFRA,,257.9,250,256,,,134583,34333394.4,563,,
2026-09-18,NIMB,,196.4,190,195.8,,,251933,48855974.7,568,,
2026-09-18,NLIC,,739,725,735,,,51843,37951397.2,258,,
2026-09-18,NLICL,,587,573.3,582,,,46056,26690810.2,93,,
2026-09-18,NLO,,277.4,277.4,277.4,,,0,0,0,,
2026-09-18,NMB,,258.7,251,257.9,,,158905,40556285,415,,
2026-09-18,NMBMF,,615,597.2,615,,,7828,4717633,24,,
2026-09-18,NMFBS,,1190,1163,1190,,,4567,5393917.4,68,,
2026-09-18,NMLBBL,,506,495,506,,,7629,3808584.6,63,,
2026-09-18,NRIC,,847.9,822,832.9,,,13517,11229363.5,138,,
2026-09-18,NRM,,295,287,292.5,,,6220,1831454.6,61,,
2026-09-18,NRN,,1460,1440.2,1450,,,51074,74080738.3,252,,
2026-09-18,NTC,,899.8,890,892,,,4473,3991232.1,109,,
2026-09-18,NUBL,,603,584.1,600,,,13816,8247354.2,95,,
2026-09-18,NWCL,,620.2,599,616,,,3513,2166937.5,70,,
2026-09-18,NYADI,,368.9,345,367.8,,,3444,1261665,30,,
2026-09-18,OHL,,657.8,640,654,,,515,330660.2,8,,
2026-09-18,OMPL,,919,895,904.5,,,2216,2001628.6,62,,
2026-09-18,PCBL,,259,249,259,,,272648,69594842.4,556,,
2026-09-18,PCIL,,630,618,621.8,,,22742,14206790.2,597,,
2026-09-18,PFL,,375,364,370,,,8228,3035573.2,81,,
2026-09-18,PHCL,,329.9,321,322.5,,,309485,101008861.1,1199,,
2026-09-18,PMHPL,,312.9,302.7,311,,,13096,4038071.8,51,,
2026-09-18,PMLI,,435,420,431.8,,,11096,4784619.9,129,,
2026-09-18,PPCL,,347.5,340.1,347.5,,,15728,5416769.2,54,,
2026-09-18,PPL,,328,320,327,,,27077,8811598.1,129,,
2026-09-18,PROFL,,400,369,388.2,,,4995,1943221.1,54,,
2026-09-18,PRVU,,190,185,189.1,,,187222,35374137.8,459,,
2026-09-18,PURE,,808,771.3,808,,,5066,4007236.6,81,,
2026-09-18,RADHI,,722.9,702.6,712,,,105447,75207347.6,210,,
2026-09-18,RAWA,,428,420,426,,,28062,11936381.8,137,,
2026-09-18,RFPL,,343,330.5,341.8,,,20681,7023612.5,115,,
2026-09-18,RHGCL,,276,269,272.9,,,28943,7876606.1,143,,
2026-09-18,RHPL,,183,170.2,176,,,156968,27520971.8,652,,
2026-09-18,RIDI,,352.9,344,347,,,322671,112179085.5,604,,
2026-09-18,RLEL,,774,741.1,764.9,,,14774,11202262.4,221,,
2026-09-18,RLFL,,433,425,427,,,15374,6578295.1,76,,
2026-09-18,RNLI,,444,427.1,443.9,,,45655,20076801.8,322,,
2026-09-18,RSDC,,637,626.3,632.6,,,8483,5340795.5,37,,
2026-09-18,RSML,,2798,2701,2757,,,51184,141538270.5,604,,
2026-09-18,RURU,,600,595.2,595.5,,,5626,3358012.1,49,,
2026-09-18,SAGAR,,1637.7,1560.1,1633.9,,,12115,19594473.6,202,,
2026-09-18,SAHAS,,698,690.5,693.4,,,101829,70790960.7,380,,
2026-09-18,SAIL,,1018.2,959.9,1000,,,15466,15389467.2,224,,
2026-09-18,SANIMA,,371,358,370,,,186356,68264077.1,443,,
2026-09-18,SANVI,,583,573,580,,,9446,5468204,138,,
2026-09-18,SAPIL,,1449.9,1366,1387,,,14961,20662737.2,509,,
2026-09-18,SARBTM,,814.9,804,814.9,,,11960,9677303.2,104,,
2026-09-18,SBI,,408,402,406.5,,,30134,12254157.4,90,,
2026-09-18,SBL,,452.9,445.1,447.9,,,484794,217845486.1,1112,,
2026-09-18,SCB,,660,655.1,657,,,11505,7581705.5,114,,
2026-09-18,SGHC,,308.4,302.1,306,,,36629,11206519.2,135,,
2026-09-18,SGHL,,507.9,490,500,,,89273,44781005.1,1378,,
2026-09-18,SHEL,,312,306,311,,,126705,39294052.3,360,,
2026-09-18,SHIVM,,695,680.5,688,,,259309,178600802.6,743,,
2026-09-18,SHL,,520.5,508,516.5,,,49428,25572032.1,121,,
2026-09-18,SHLB,,1356.5,1281,1356.5,,,368,492408.2,14,,
2026-09-18,SHPC,,541,525.2,536.9,,,77423,41532876.4,256,,
2026-09-18,SIFC,,488,465,484.4,,,8974,4319010.5,46,,
2026-09-18,SIKLES,,597,580,587,,,10908,6427442.5,85,,
2026-09-18,SIPD,,597,570,580,,,29168,16982752.7,305,,
2026-09-18,SJCL,,251,229.9,250,,,38189,9455342.9,205,,
2026-09-18,SJLIC,,424.4,413,420.8,,,14521,6119346.6,150,,
2026-09-18,SKBBL,,769.9,760.1,766,,,6304,4836667.3,88,,
2026-09-18,SKHEL,,871,831.3,855,,,1680,1413899,49,,
2026-09-18,SKHL,,760,742.8,752,,,8456,6388617.2,148,,
2026-09-18,SLBBL,,825,806,825,,,8492,6928378.2,73,,
2026-09-18,SLBSL,,916,890,913,,,1861,1691057.2,34,,
2026-09-18,SMATA,,718.4,706.3,711.6,,,157,111951.1,10,,
2026-09-18,SMB,,1845,1800,1845,,,793,1453565,17,,
2026-09-18,SMFBS,,1430,1375,1430,,,1344,1872062,19,,
2026-09-18,SMH,,524,518,522,,,7271,3789498.1,64,,
2026-09-18,SMHL,,473.5,462,470.9,,,52408,24616835.1,196,,
2026-09-18,SMJC,,429.9,412,425,,,48632,20421232.8,157,,
2026-09-18,SMPDA,,755,745,755,,,2190,1639015,24,,
2026-09-18,SNLI,,422,405,419,,,33694,14041512.7,319,,
2026-09-18,SNORL,,1057,918.2,1057,,,76529,72206917.4,713,,
2026-09-18,SOHL,,679.8,662,665,,,216152,144905437.2,1330,,
2026-09-18,SONA,,406,400,405,,,48589,19637956.2,348,,
2026-09-18,SOPL,,762,717,754,,,27626,20815354.4,584,,
2026-09-18,SPC,,411.7,400,408.1,,,6634,2691327,58,,
2026-09-18,SPDL,,366.5,361.4,362,,,11488,4174109.5,65,,
2026-09-18,SPHL,,515,505,513.9,,,5485,2795121.5,43,,
2026-09-18,SPL,,618,599.5,612.2,,,6250,3772704.8,78,,
2026-09-18,SRLI,,379,368.2,376,,,51652,19295362.5,237,,
2026-09-18,SSHL,,216.9,211.2,212.1,,,141204,30104787.8,380,,
2026-09-18,STC,,5811.9,5500,5650,,,1699,9490794.4,57,,
2026-09-18,SWASTIK,,1845,1785.1,1845,,,482,875422.5,27,,
2026-09-18,SWBBL,,720,695.2,709.5,,,13145,9270535,101,,
2026-09-18,SWMF,,609.6,592,605.5,,,4613,2772730,33,,
2026-09-18,SYPNL,,1330,1310,1311,,,24836,32723141.1,347,,
2026-09-18,TAMOR,,550,533,547.9,,,386379,210665464.2,938,,
2026-09-18,TPC,,372.9,365.2,370,,,17734,6554498.5,41,,
2026-09-18,TPKHL,,530,480.5,524,,,61787,32145613.7,1007,,
2026-09-18,TRH,,811,790.3,803.2,,,10741,8643720.4,22,,
2026-09-18,TSHL,,365,350,361,,,3338,1203088.5,46,,
2026-09-18,TTL,,702.1,688.3,695.5,,,6756,4715923.1,160,,
2026-09-18,TVCL,,312,300.7,312,,,13373,4079242.9,55,,
2026-09-18,UHEWA,,616,588.3,600,,,52883,31502362,242,,
2026-09-18,ULBSL,,2598.6,2450,2535,,,1034,2596091.6,35,,
2026-09-18,ULHC,,328,315,328,,,12566,4085731,65,,
2026-09-18,UMHL,,565,550,565,,,57902,32070416.9,160,,
2026-09-18,UMRH,,521.8,515,520.9,,,2578,1341413.5,27,,
2026-09-18,UNHPL,,369,348,361.2,,,35209,12733282.3,102,,
2026-09-18,UNL,,47999,47999,47999,,,10,479990,1,,
2026-09-18,UNLB,,1289,1240,1250,,,80,100148,8,,
2026-09-18,UPCL,,349,343,345,,,49030,16927324.1,120,,
2026-09-18,UPPER,,200,196.5,197.7,,,98709,19531414.9,319,,
2026-09-18,USHEC,,505.9,500,502,,,8425,4239620.4,74,,
2026-09-18,USHL,,540.3,510,514.9,,,2253,1154836.1,29,,
2026-09-18,USLB,,1077.5,1050,1061,,,769,824658.5,18,,
2026-09-18,VLBS,,636,617.2,636,,,3677,2296123.7,86,,
2026-09-18,VLUCL,,393,369.6,388.1,,,2845,1097898,42,,
2026-09-18,YMHL,,590,550.5,589.4,,,73428,42035889.4,1018,,
2026-09-22,ACLBSL,,910,870,890,,,3412,2991109.6,38,,
2026-09-22,ADBL,,317,311.9,313.9,,,86402,27084916.3,216,,
2026-09-22,AHL,,401,396.1,400,,,2036,810155.4,32,,
2026-09-22,AHPC,,275,269,270.6,,,100592,27254088,303,,
2026-09-22,AKJCL,,372,341.1,364.8,,,378206,138373955.7,868,,
2026-09-22,AKPL,,263,257,257.7,,,79712,20684922,258,,
2026-09-22,ALBSL,,1220,1172,1192,,,13999,16729299.1,139,,
2026-09-22,ALICL,,439.6,425.5,439.6,,,32797,14289723,180,,
2026-09-22,ANLB,,5019.9,4900,4979.9,,,461,2268847.8,27,,
2026-09-22,APHL,,692,680,684.9,,,6165,4221764.8,155,,
2026-09-22,API,,340.9,335,338.9,,,229526,77717969.6,604,,
2026-09-22,AVYAN,,1062,1050.3,1050.3,,,1425,1502864.8,34,,
2026-09-22,BANDIPUR,,663,650,655,,,17699,11614728.8,354,,
2026-09-22,BARUN,,339,330,335,,,44395,14806779.7,166,,
2026-09-22,BBC,,4245,4080,4102,,,394,1630425,24,,
2026-09-22,BEDC,,319.8,296.3,315.9,,,34871,11002580.4,210,,
2026-09-22,BFC,,469,454.1,456,,,9965,4590041.1,93,,
2026-09-22,BGWT,,500,480,490,,,9696,4777559.2,99,,
2026-09-22,BHCL,,549,537,539.9,,,25835,13955218.4,293,,
2026-09-22,BHDC,,445,433,439.8,,,14426,6298327.2,90,,
2026-09-22,BHL,,220,216,217,,,178231,38831326,498,,
2026-09-22,BHPL,,493,451.2,460,,,8111,3703332.4,71,,
2026-09-22,BJHL,,668,645.5,650,,,12081,7902963.8,180,,
2026-09-22,BNHC,,286.9,277.5,283.9,,,15374,4363260.8,112,,
2026-09-22,BNL,,14386.1,13536,13829.9,,,85,1170383,8,,
2026-09-22,BNT,,12875,12200,12495.1,,,195,2464867,13,,
2026-09-22,BPCL,,700,682,688.8,,,33125,22831996.7,195,,
2026-09-22,BUNGAL,,537,522.1,525.5,,,8155,4284448.8,148,,
2026-09-22,CBBL,,965,912,960.1,,,47829,45606663.4,234,,
2026-09-22,CFCL,,578.9,561,578.2,,,100409,57154293.6,328,,
2026-09-22,CGH,,797,785,786,,,5724,4511875.7,68,,
2026-09-22,CHCL,,372,361,361.9,,,73077,26600194.5,397,,
2026-09-22,CHDC,,2429,2385,2386.1,,,23848,57397388.9,269,,
2026-09-22,CHL,,271,264.2,269,,,23640,6334955.9,89,,
2026-09-22,CIT,,1749,1701.1,1749,,,9623,16720075.2,131,,
2026-09-22,CITY,,364,350,361,,,76652,27537123.2,375,,
2026-09-22,CKHL,,613,555.1,588,,,2379,1376625,41,,
2026-09-22,CLI,,444.2,435,440.2,,,25764,11369346.5,286,,
2026-09-22,CREST,,1115,1071.9,1099,,,12631,13775797.8,152,,
2026-09-22,CYCL,,1675,1406,1452,,,25904,38533533.3,269,,
2026-09-22,CZBIL,,218,202.3,214.3,,,175463,37738668.8,458,,
2026-09-22,DDBL,,870,864,865.5,,,9883,8570275.7,86,,
2026-09-22,DHEL,,575,559,564,,,20693,11706378.7,220,,
2026-09-22,DHPL,,281,275.5,279,,,2315,642983.6,23,,
2026-09-22,DLBS,,1166.9,1083.2,1166.9,,,1423,1580610.6,54,,
2026-09-22,DOLTI,,314.5,293.6,307,,,32815,10153513.3,141,,
2026-09-22,DORDI,,271,261.1,270,,,111209,29895897.1,396,,
2026-09-22,EBL,,708,695,698.1,,,48022,33562247.8,342,,
2026-09-22,ECL,,1360,1311,1330,,,10843,14489638.3,266,,
2026-09-22,EHPL,,351.7,330,333.8,,,6179,2059784.6,80,,
2026-09-22,ENL,,584.8,547,559,,,20881,11621760.6,142,,
2026-09-22,FMDBL,,834,746,820,,,30434,23529320.3,184,,
2026-09-22,FOWAD,,918,900,913,,,2899,2635633.1,52,,
2026-09-22,GBIME,,253,246.1,247.5,,,455178,113005565.3,1147,,
2026-09-22,GBLBS,,706,675.1,706,,,6615,4536845.9,104,,
2026-09-22,GCIL,,382,376,382,,,25121,9526656.7,221,,
2026-09-22,GFCL,,584,580,583.7,,,8444,4909322.8,49,,
2026-09-22,GHL,,259.9,240,254.2,,,870653,221528757.8,1411,,
2026-09-22,GILB,,1140,1126,1140,,,3948,4472181.7,31,,
2026-09-22,GLBSL,,1765,1710,1727,,,344,593634.2,20,,
2026-09-22,GLH,,287.7,271,280,,,305289,86311075.9,1071,,
2026-09-22,GMFBS,,1122,1090,1122,,,1066,1165085,16,,
2026-09-22,GMFIL,,438.4,423,431.9,,,7459,3200679.4,39,,
2026-09-22,GMLI,,1050,995,1020,,,1412,1423685.8,55,,
2026-09-22,GUFL,,515,504,506,,,10264,5211680.5,76,,
2026-09-22,GVL,,501.9,493.2,495.2,,,33937,16890487.1,197,,
2026-09-22,HATHY,,510,424.9,489,,,960079,444044499,2291,,
2026-09-22,HBL,,202,197,200,,,116095,23167103.4,1060,,
2026-09-22,HDHPC,,230,219.1,226,,,487382,110276022.1,913,,
2026-09-22,HDL,,1285,1230,1284,,,318660,403636294.3,2175,,
2026-09-22,HFIN,,640,628.1,628.4,,,16421,10389236.5,472,,
2026-09-22,HHL,,344,323.9,342,,,22895,7796634.9,137,,
2026-09-22,HIDCL,,264,258,262,,,121068,31646166.5,361,,
2026-09-22,HIMSTAR,,680,648.2,656,,,1709,1125553.5,51,,
2026-09-22,HLBSL,,889.6,870,889.6,,,713,624023,11,,
2026-09-22,HLI,,318,308.8,314.5,,,60624,18954656.7,275,,
2026-09-22,HPPL,,388,379.1,381,,,91552,35122088.8,298,,
2026-09-22,HRL,,531,515.1,517.2,,,57192,29636274.1,519,,
2026-09-22,HURJA,,268,258.2,260,,,121112,31648685.7,378,,
2026-09-22,ICFC,,607.9,593.2,599.8,,,5100,3054216.1,50,,
2026-09-22,IHL,,345,330,343,,,10810,3644723.7,82,,
2026-09-22,ILBS,,1118,976.1,1004.9,,,13965,13733644.3,130,,
2026-09-22,ILI,,437.7,408.5,435,,,18941,8178300.8,357,,
2026-09-22,JBLB,,1285,1270,1281,,,6069,7767622.2,123,,
2026-09-22,JFL,,304,282,282,,,14357,4108897.9,101,,
2026-09-22,JHAPA,,1079.9,1050,1060,,,2710,2875573.9,47,,
2026-09-22,JOSHI,,274.8,267.1,269,,,6925,1860504.4,69,,
2026-09-22,JSLBB,,970,962,963,,,462,445257.1,14,,
2026-09-22,KAHL,,511,497.1,497.5,,,21826,11002380.6,970,,
2026-09-22,KBL,,231.5,227,228,,,797064,182767383.4,1486,,
2026-09-22,KBSH,,862,837,837.5,,,4287,3610085.1,58,,
2026-09-22,KDL,,621,610.3,615.5,,,32593,20066372.6,256,,
2026-09-22,KHPL,,761,735,736.5,,,7031,5263866.9,150,,
2026-09-22,KKHC,,287.3,277,279,,,166184,46897868.8,346,,
2026-09-22,KMCDB,,884.9,821,855,,,6026,5107187.3,86,,
2026-09-22,KPCL,,474.9,468.2,472,,,5534,2599418.9,41,,
2026-09-22,LEC,,272.8,258,260,,,753438,199928211.9,1186,,
2026-09-22,LICN,,824.9,790,813.4,,,18517,14905890.3,108,,
2026-09-22,LLBS,,873,771.4,873,,,19054,15649821.2,173,,
2026-09-22,LSL,,253.9,248,250,,,693050,173751136.8,993,,
2026-09-22,MABEL,,605,585.1,595,,,3306,1955297.8,83,,
2026-09-22,MAKAR,,425,414.9,418.2,,,132986,55681754,343,,
2026-09-22,MANDU,,755,700,754,,,19936,14788364.2,160,,
2026-09-22,MATRI,,762.2,740,748,,,572,428833.5,18,,
2026-09-22,MBJC,,304,296.3,302,,,65865,19850586,407,,
2026-09-22,MBL,,265.1,260,264.3,,,174783,46020893,350,,
2026-09-22,MCHL,,285,270.1,272,,,9843,2700436.9,64,,
2026-09-22,MEHL,,268,256.6,259,,,61578,16102287.8,270,,
2026-09-22,MEL,,220.1,215,216,,,33036,7173699.9,196,,
2026-09-22,MEN,,657.5,646.1,657,,,145006,94781977.3,433,,
2026-09-22,MEPDL,,706,685,685.4,,,32090,22224827.2,921,,
2026-09-22,MERO,,618,601,612,,,12849,7817930.4,85,,
2026-09-22,MFIL,,790,740,765,,,29967,22591817.8,171,,
2026-09-22,MHCL,,305.5,299,300,,,3515,1058992.8,67,,
2026-09-22,MHL,,474,450.1,464.8,,,15359,7098874.8,88,,
2026-09-22,MHNL,,268,260.2,261.1,,,15766,4161915.8,67,,
2026-09-22,MKCL,,895,880,886,,,810,718664.9,37,,
2026-09-22,MKHC,,270,261,265,,,6199,1642418.5,90,,
2026-09-22,MKHL,,511,496,502.6,,,2714,1367936,56,,
2026-09-22,MKJC,,359,304,338,,,113194,38605295.1,560,,
2026-09-22,MLBBL,,1010.5,972.3,993.9,,,914,896903.1,17,,
2026-09-22,MLBS,,1020,1001,1019.8,,,195,197654,8,,
2026-09-22,MLBSL,,1135.1,1126,1126,,,1026,1162117,27,,
2026-09-22,MMKJL,,374,355.2,365.4,,,12472,4602365.5,69,,
2026-09-22,MPFL,,609.9,588.6,590,,,15536,9284416.7,97,,
2026-09-22,MSHL,,606,542.8,606,,,15749,9490262,231,,
2026-09-22,MSLB,,1244,1204.1,1212,,,435,527614,23,,
2026-09-22,NABIL,,567,561.1,565.7,,,90005,50856778.1,604,,
2026-09-22,NADEP,,704,683,704,,,2533,1747119.6,34,,
2026-09-22,NBL,,300.4,295,297,,,352689,104842034.2,671,,
2026-09-22,NESDO,,1350,1323.2,1350,,,1600,2126442.2,43,,
2026-09-22,NFS,,509.9,489.9,495.1,,,7049,3522541,88,,
2026-09-22,NGPL,,415,408.2,411,,,132714,54658995.2,311,,
2026-09-22,NHDL,,644.9,636,643.8,,,2447,1566030.5,34,,
2026-09-22,NHPC,,279,270.5,274,,,317874,87573783,634,,
2026-09-22,NICA,,334,323.1,326.3,,,61214,20039353.1,213,,
2026-09-22,NICLBSL,,529,512,520,,,15131,7818847.4,158,,
2026-09-22,NIFRA,,260,253,257.9,,,113991,29403305,500,,
2026-09-22,NIMB,,205.5,195.2,197,,,232106,46077421.8,556,,
2026-09-22,NLIC,,755,726,755,,,54354,40572431.7,401,,
2026-09-22,NLICL,,585,580,582,,,22517,13098979.4,55,,
2026-09-22,NLO,,241.22,241.22,241.22,,,0,0,0,,
2026-09-22,NMB,,262,256,259,,,140317,36283533.6,390,,
2026-09-22,NMBMF,,627.9,597,613,,,3081,1864373.7,28,,
2026-09-22,NMFBS,,1220,1186.5,1190,,,4635,5553096.1,76,,
2026-09-22,NMLBBL,,518.7,503.1,516,,,11339,5804829.3,93,,
2026-09-22,NRIC,,848,820.2,832,,,16729,13992956.7,167,,
2026-09-22,NRM,,301,277.9,294,,,4204,1234801.6,87,,
2026-09-22,NRN,,1480,1445,1448,,,107990,157745628.3,555,,
2026-09-22,NTC,,920,891.1,920,,,50277,45569102.6,396,,
2026-09-22,NUBL,,613,598.3,612,,,8351,5078252.5,67,,
2026-09-22,NWCL,,627.8,605,612.9,,,430,262916,26,,
2026-09-22,NYADI,,370,360.1,364.5,,,6046,2215153,91,,
2026-09-22,OHL,,665,646.2,655,,,4012,2617882.9,40,,
2026-09-22,OMPL,,914.9,885,894.9,,,3387,3028446,74,,
2026-09-22,PCBL,,260.8,250.8,260,,,216406,55973470.2,430,,
2026-09-22,PCIL,,628,615,615,,,44533,27574524.3,889,,
2026-09-22,PFL,,380,360,360,,,15983,5791061.9,139,,
2026-09-22,PHCL,,328,319.1,323,,,198684,64385912.6,575,,
2026-09-22,PMHPL,,314.5,309.1,310,,,4935,1530688,37,,
2026-09-22,PMLI,,439,425.1,432.8,,,7455,3211910,149,,
2026-09-22,PPCL,,364.8,339,341,,,34421,11749444.6,65,,
2026-09-22,PPL,,334,322,333,,,42660,14087020.9,260,,
2026-09-22,PROFL,,400,386,395,,,9318,3689733,66,,
2026-09-22,PRVU,,192.9,189.8,190.4,,,193087,36921902.5,530,,
2026-09-22,PURE,,835,787,835,,,10743,8765768.5,168,,
2026-09-22,RADHI,,720,710,719.9,,,74585,53310643.6,196,,
2026-09-22,RAWA,,434,422,428,,,14571,6225806.6,133,,
2026-09-22,RFPL,,358.8,335.5,341,,,30367,10304911.1,137,,
2026-09-22,RHGCL,,278,270,273.9,,,38868,10567134.9,167,,
2026-09-22,RHPL,,179.9,172,173.9,,,143989,25262403.2,449,,
2026-09-22,RIDI,,356.4,346.2,349.7,,,320644,112520746.8,602,,
2026-09-22,RLEL,,774,759,766,,,7369,5626864.8,163,,
2026-09-22,RLFL,,436,422,422,,,17564,7565820.6,110,,
2026-09-22,RNLI,,451,435.2,446.5,,,29501,13138570,355,,
2026-09-22,RSDC,,645,625.1,640,,,6415,4071601.3,69,,
2026-09-22,RSML,,2796.7,2690,2699,,,41123,112838364.5,613,,
2026-09-22,RURU,,618,582,598,,,14402,8760153.6,63,,
2026-09-22,SAGAR,,1662,1590,1647,,,6267,10260510.6,124,,
2026-09-22,SAHAS,,702,693.4,697,,,138553,96739304.9,610,,
2026-09-22,SAIL,,1009.8,986,995,,,17313,17172384.4,238,,
2026-09-22,SANIMA,,380,362,371,,,134122,49641163.5,326,,
2026-09-22,SANVI,,586.9,570,580,,,5677,3265360,133,,
2026-09-22,SAPIL,,1398,1350,1357.3,,,20495,27966138.7,613,,
2026-09-22,SARBTM,,819,803,819,,,19567,15886698,127,,
2026-09-22,SBI,,410,407,408.8,,,31928,13036394.2,125,,
2026-09-22,SBL,,459.8,447.5,458,,,333403,152142701.6,966,,
2026-09-22,SCB,,661,656.6,657,,,16227,10691917.8,122,,
2026-09-22,SGHC,,309,300,305,,,47944,14580554,214,,
2026-09-22,SGHL,,506,495,496,,,41994,20976038.2,1431,,
2026-09-22,SHEL,,313,307,307.4,,,70814,21981004,274,,
2026-09-22,SHIVM,,693,682,684.1,,,185722,127717266.7,561,,
2026-09-22,SHL,,520.2,511.1,519,,,44000,22753656.8,131,,
2026-09-22,SHLB,,1320,1315.9,1315.9,,,40,52759,4,,
2026-09-22,SHPC,,563.7,526,538,,,125757,67373708.5,222,,
2026-09-22,SIFC,,488.5,479.4,485.7,,,3432,1655113.1,34,,
2026-09-22,SIKLES,,589,572.1,585,,,9986,5810350.5,71,,
2026-09-22,SIPD,,591,551,571.1,,,19193,11052157.6,339,,
2026-09-22,SJCL,,262.5,240.2,249.7,,,17854,4471461.8,146,,
2026-09-22,SJLIC,,429.9,417.3,422.9,,,14681,6213030.4,174,,
2026-09-22,SKBBL,,780,760,767.1,,,11184,8563996.7,107,,
2026-09-22,SKHEL,,865,830,857.9,,,2781,2350144.4,75,,
2026-09-22,SKHL,,769.1,750.1,759,,,10711,8157738.7,206,,
2026-09-22,SLBBL,,824.9,810.1,820.1,,,5086,4145492,48,,
2026-09-22,SLBSL,,912,890.5,912,,,198,178337.8,10,,
2026-09-22,SMATA,,720,693.1,712,,,2234,1588308.6,53,,
2026-09-22,SMB,,1845,1832,1845,,,850,1562107.9,23,,
2026-09-22,SMFBS,,1425,1393,1420,,,1007,1422317,19,,
2026-09-22,SMH,,532.8,520,523,,,8131,4281106.6,72,,
2026-09-22,SMHL,,476.9,467.6,473.5,,,37766,17902878.1,240,,
2026-09-22,SMJC,,433.8,418,420.9,,,18190,7723743.4,134,,
2026-09-22,SMPDA,,769.9,755.1,757,,,1383,1049496.3,37,,
2026-09-22,SNLI,,439.9,413.1,427.5,,,29801,12633248.1,355,,
2026-09-22,SNORL,,1004.2,937,970,,,46885,45623145.7,657,,
2026-09-22,SOHL,,671,653,657.9,,,214249,141510295.1,1253,,
2026-09-22,SONA,,407.7,401,404,,,44600,18008373.8,393,,
2026-09-22,SOPL,,757.9,741,748.9,,,24223,18152416.3,736,,
2026-09-22,SPC,,418,402,408,,,6320,2575856.7,54,,
2026-09-22,SPDL,,380.1,361.8,366,,,22208,8095190.5,78,,
2026-09-22,SPHL,,520,505.5,512.1,,,6647,3431041.2,58,,
2026-09-22,SPL,,618.6,590,618.3,,,4011,2412582.7,52,,
2026-09-22,SRLI,,383,370,378,,,90509,33827375.2,349,,
2026-09-22,SSHL,,216.9,201.6,213.8,,,227135,48636215.1,569,,
2026-09-22,STC,,5630,5482,5590,,,7884,43683202.1,41,,
2026-09-22,SWASTIK,,1889,1823.6,1828,,,366,674734.6,24,,
2026-09-22,SWBBL,,724,695.1,707,,,8780,6241748.7,61,,
2026-09-22,SWMF,,623.6,605.5,622,,,5456,3367487.8,65,,
2026-09-22,SYPNL,,1337,1311,1320,,,31517,41765515.5,468,,
2026-09-22,TAMOR,,550,531.6,533,,,323001,174742604.6,691,,
2026-09-22,TPC,,388.5,359,369.9,,,16612,6133218.8,84,,
2026-09-22,TPKHL,,529,512.4,518,,,23624,12252576.6,785,,
2026-09-22,TRH,,813.9,800,810,,,5213,4197584,20,,
2026-09-22,TSHL,,365,349.3,356,,,8344,2963682.9,87,,
2026-09-22,TTL,,705,695,698,,,6572,4601954.7,220,,
2026-09-22,TVCL,,307.7,299,307,,,8985,2718626.5,55,,
2026-09-22,UHEWA,,609,591.3,597,,,24858,14827575.4,153,,
2026-09-22,ULBSL,,2600,2460,2600,,,1447,3688645.5,43,,
2026-09-22,ULHC,,330,320.1,326.1,,,13207,4300602.6,62,,
2026-09-22,UMHL,,570,559,564.5,,,50946,28636987.5,137,,
2026-09-22,UMRH,,523.5,515.4,517.9,,,5512,2859114.3,46,,
2026-09-22,UNHPL,,368.8,360.1,362,,,25199,9168388.4,116,,
2026-09-22,UNL,,47999,47999,47999,,,1,48200,1,,
2026-09-22,UNLB,,1264.9,1230,1260.9,,,317,393735,17,,
2026-09-22,UPCL,,348.5,339,341,,,54107,18488924.4,162,,
2026-09-22,UPPER,,207.5,196.1,197,,,73919,14619680.3,374,,
2026-09-22,USHEC,,512,503,512,,,21462,10918456,178,,
2026-09-22,USHL,,524,510.2,515,,,2040,1058934.1,25,,
2026-09-22,USLB,,1100,1056,1100,,,3157,3459765.2,65,,
2026-09-22,VLBS,,647,615.5,641.1,,,2735,1746461.1,89,,
2026-09-22,VLUCL,,407.5,387,395.9,,,10207,4018859.5,108,,
2026-09-22,YMHL,,598,570,579.9,,,25435,14812754.8,552,,
2026-09-23,ACLBSL,,888,875.1,878,,,856,752521,17,,
2026-09-23,ADBL,,314,310.5,311,,,39944,12447888.6,131,,
2026-09-23,AHL,,397.8,379.1,392,,,3559,1366979,46,,
2026-09-23,AHPC,,270.6,266,266.2,,,70853,18946996,260,,
2026-09-23,AKJCL,,368,354,358,,,479494,172978748.2,977,,
2026-09-23,AKPL,,258.2,251.6,251.6,,,68925,17499667,238,,
2026-09-23,ALBSL,,1208,1174,1194,,,19673,23378965.3,81,,
2026-09-23,ALICL,,436,424,427,,,42464,18185348.9,161,,
2026-09-23,ANLB,,4937.9,4900,4937.9,,,684,3352555.2,18,,
2026-09-23,APHL,,682,660.3,661.3,,,9359,6252189.8,150,,
2026-09-23,API,,338.9,333.3,334,,,233494,78329551.6,689,,
2026-09-23,AVYAN,,1059,1037,1059,,,879,923844,25,,
2026-09-23,BANDIPUR,,666,631,639,,,32909,21123375.3,377,,
2026-09-23,BARUN,,335.8,318.3,329,,,54580,17979025.8,191,,
2026-09-23,BBC,,4177,4052,4052,,,743,3051983,36,,
2026-09-23,BEDC,,315,306,307,,,31883,9832797.6,152,,
2026-09-23,BFC,,459.8,444,444,,,22648,10178594.5,128,,
2026-09-23,BGWT,,498,465.5,487.1,,,6489,3199024.1,65,,
2026-09-23,BHCL,,579.9,531.2,559,,,114073,63156074.2,733,,
2026-09-23,BHDC,,440,429,431,,,15812,6848336.7,64,,
2026-09-23,BHL,,225,210.2,212,,,187189,39940635.1,539,,
2026-09-23,BHPL,,458.3,437,448,,,10091,4502227.3,72,,
2026-09-23,BJHL,,653,634.1,634.1,,,8683,5553541,116,,
2026-09-23,BNHC,,285,269.8,276.6,,,17385,4843090,88,,
2026-09-23,BNL,,14244.7,14244.7,14244.7,,,10,142447,1,,
2026-09-23,BNT,,12489,11932,11932,,,221,2666933,21,,
2026-09-23,BPCL,,689,670.5,674.9,,,52873,35737048.5,194,,
2026-09-23,BUNGAL,,559,499.3,511,,,22600,11705315.9,223,,
2026-09-23,CBBL,,965,948,949,,,27893,26556671.4,193,,
2026-09-23,CFCL,,607,561.3,567,,,27553,15627952,147,,
2026-09-23,CGH,,797.9,776,782.9,,,3221,2510600.3,46,,
2026-09-23,CHCL,,362,352.5,354.5,,,68426,24361762.6,323,,
2026-09-23,CHDC,,2405,2363,2388,,,38874,92881496,287,,
2026-09-23,CHL,,270,264.2,265,,,20432,5442322.6,85,,
2026-09-23,CIT,,1836,1730.1,1736,,,5207,9078142.7,113,,
2026-09-23,CITY,,360,350,351.1,,,73489,26054353.8,317,,
2026-09-23,CKHL,,589,553.4,587,,,2869,1639340,23,,
2026-09-23,CLI,,440,435,436,,,9186,4022631.5,163,,
2026-09-23,CREST,,1114.9,1075,1094.9,,,2761,2983487.5,96,,
2026-09-23,CYCL,,1585,1431,1531,,,11277,16854638.6,248,,
2026-09-23,CZBIL,,215.9,210.2,212,,,111232,23594096.8,304,,
2026-09-23,DDBL,,865.5,852,856,,,6310,5413259.4,69,,
2026-09-23,DHEL,,565,552,555,,,7243,4029179.6,123,,
2026-09-23,DHPL,,277,267,273,,,5407,1462581.7,36,,
2026-09-23,DLBS,,1341.9,1075.8,1341.9,,,3513,4002684.7,98,,
2026-09-23,DOLTI,,312,300,304,,,30328,9219969.1,123,,
2026-09-23,DORDI,,270,261,262,,,72690,19226300,171,,
2026-09-23,EBL,,733,690,696.8,,,22396,15583198.8,168,,
2026-09-23,ECL,,1330,1290,1298.8,,,11449,14971393.7,245,,
2026-09-23,EHPL,,339,320,326,,,10566,3424294.8,94,,
2026-09-23,ENL,,570,531.1,555,,,28958,16172454.9,217,,
2026-09-23,FMDBL,,795.4,748,750,,,29904,22668526.6,213,,
2026-09-23,FOWAD,,905,890,893,,,1762,1578205.1,43,,
2026-09-23,GBIME,,247.5,240.7,243,,,265723,64533471,867,,
2026-09-23,GBLBS,,703,675,692.5,,,8463,5788037.8,156,,
2026-09-23,GCIL,,383,372,374.8,,,28346,10682175.8,179,,
2026-09-23,GFCL,,585,566.3,575,,,12075,6916379.5,62,,
2026-09-23,GHL,,262.9,255,257,,,663274,171588595.9,1405,,
2026-09-23,GILB,,1174,1128.1,1128.1,,,2651,3026826,33,,
2026-09-23,GLBSL,,1728,1680.2,1710,,,290,492060.1,24,,
2026-09-23,GLH,,280,271,279.2,,,156701,42853765.2,438,,
2026-09-23,GMFBS,,1120,1082.1,1100,,,564,612879.4,16,,
2026-09-23,GMFIL,,450,421,426,,,10650,4591806.9,63,,
2026-09-23,GMLI,,1000,990,1000,,,504,500082.9,23,,
2026-09-23,GUFL,,506,496,496,,,9830,4900408.9,80,,
2026-09-23,GVL,,500,490,490,,,17281,8524925.1,114,,
2026-09-23,HATHY,,492,461,469,,,178885,84115638.2,1104,,
2026-09-23,HBL,,201.9,190,197,,,61761,12114308.5,480,,
2026-09-23,HDHPC,,228.5,214.7,220,,,237880,52902886.6,541,,
2026-09-23,HDL,,1290,1270.2,1278.3,,,160407,205417048.7,1277,,
2026-09-23,HFIN,,629,613,613,,,18042,11198132.31,341,,
2026-09-23,HHL,,341,336,340,,,36977,12519995,107,,
2026-09-23,HIDCL,,265,256.1,256.3,,,121254,31247808.4,264,,
2026-09-23,HIMSTAR,,650,635.1,645.5,,,3065,1977517.9,61,,
2026-09-23,HLBSL,,882.5,863.4,865.2,,,1173,1016269.3,13,,
2026-09-23,HLI,,314.4,306.2,306.9,,,40726,12568412.5,244,,
2026-09-23,HPPL,,380.5,372.2,372.2,,,94175,35457193,294,,
2026-09-23,HRL,,518,505,506,,,79602,40460921.85,632,,
2026-09-23,HURJA,,260,251,252,,,111584,28470084.9,349,,
2026-09-23,ICFC,,596,590,591.9,,,10309,6115706.5,70,,
2026-09-23,IHL,,360,325,325.1,,,9830,3235989.3,77,,
2026-09-23,ILBS,,995,939,968,,,15245,14561847.5,93,,
2026-09-23,ILI,,435,424,427,,,13889,5950705.4,195,,
2026-09-23,JBLB,,1284,1275.1,1275.1,,,2707,3459659.1,70,,
2026-09-23,JFL,,287,270,279.1,,,13622,3851201.8,114,,
2026-09-23,JHAPA,,1064,1032.3,1033.2,,,3446,3595602.8,50,,
2026-09-23,JOSHI,,270,263,263.2,,,12173,3220148.5,82,,
2026-09-23,JSLBB,,984,956.2,970,,,218,211126,13,,
2026-09-23,KAHL,,497,485,490,,,20635,10128947.6,549,,
2026-09-23,KBL,,230.4,224,225,,,547381,124091597.4,819,,
2026-09-23,KBSH,,837,818.6,818.6,,,3129,2574664.4,52,,
2026-09-23,KDL,,618,613.3,614.5,,,37739,23215745.3,264,,
2026-09-23,KHPL,,740,715,715,,,7754,5638900.2,145,,
2026-09-23,KKHC,,279.9,269,275,,,279798,76782265.1,518,,
2026-09-23,KMCDB,,841,810,810,,,2877,2370022.3,63,,
2026-09-23,KPCL,,474.9,464,464.1,,,10072,4699443.1,37,,
2026-09-23,LEC,,262.9,254,254,,,509056,131701276.6,854,,
2026-09-23,LICN,,813,788.8,791.9,,,29284,23278878.2,122,,
2026-09-23,LLBS,,860,834.3,854,,,1039,884616.2,14,,
2026-09-23,LSL,,251.7,244.5,245.9,,,761653,188492268.6,677,,
2026-09-23,MABEL,,592,576,576,,,3561,2074296.8,101,,
2026-09-23,MAKAR,,419.9,408.3,410.8,,,67850,28100542.8,254,,
2026-09-23,MANDU,,775,736,751,,,21166,15916987.5,136,,
2026-09-23,MATRI,,750,742,748.9,,,447,333209,13,,
2026-09-23,MBJC,,300,294.2,295,,,44830,13261616.7,234,,
2026-09-23,MBL,,264,256.2,258,,,143441,37280486.4,263,,
2026-09-23,MCHL,,280,263,263,,,2979,794382.9,38,,
2026-09-23,MEHL,,260,248,250,,,117343,29724340.7,425,,
2026-09-23,MEL,,216,213.1,214.5,,,19622,4199954.8,113,,
2026-09-23,MEN,,657.5,650.2,651.2,,,68582,44794440.6,250,,
2026-09-23,MEPDL,,684,646.2,646.2,,,32715,21670419.8,641,,
2026-09-23,MERO,,614.9,600,604,,,4517,2728797.5,48,,
2026-09-23,MFIL,,770,745,769,,,19727,14917675.4,121,,
2026-09-23,MHCL,,298,292.2,293.1,,,4307,1270692.8,34,,
2026-09-23,MHL,,460,453.4,456,,,7277,3309764.5,48,,
2026-09-23,MHNL,,259,250,256.9,,,32523,8289615.4,115,,
2026-09-23,MKCL,,890,870,870,,,2079,1816454.4,40,,
2026-09-23,MKHC,,265,258,258,,,14403,3731556.5,69,,
2026-09-23,MKHL,,513,494,495.1,,,4305,2166531.3,46,,
2026-09-23,MKJC,,355,321.1,339,,,109908,37541143.5,481,,
2026-09-23,MLBBL,,1005,951,969,,,2449,2383851.9,33,,
2026-09-23,MLBS,,1020,1000,1000,,,490,491193,17,,
2026-09-23,MLBSL,,1126,1111,1111,,,580,646715.7,27,,
2026-09-23,MMKJL,,365,355,365,,,6142,2209626.6,47,,
2026-09-23,MPFL,,600,585,590,,,18465,10864872,81,,
2026-09-23,MSHL,,644.6,620,622,,,16853,10640159.2,263,,
2026-09-23,MSLB,,1219.9,1185,1200,,,212,254758,12,,
2026-09-23,NABIL,,570,565,565,,,88903,50349658.7,516,,
2026-09-23,NADEP,,714,670.1,690,,,2270,1562996.2,30,,
2026-09-23,NBL,,299.9,291.1,291.5,,,194829,57125982.8,495,,
2026-09-23,NESDO,,1350,1320.2,1331,,,490,647715.7,11,,
2026-09-23,NFS,,503.7,481.2,486,,,5993,2929694.9,77,,
2026-09-23,NGPL,,410,403,405,,,106852,43445035.6,328,,
2026-09-23,NHDL,,648.8,636.5,637,,,8471,5401487.4,29,,
2026-09-23,NHPC,,278.9,261,267,,,240865,64894627.3,510,,
2026-09-23,NICA,,328,316,317,,,78682,25113066.2,283,,
2026-09-23,NICLBSL,,520,510.6,513,,,6901,3552949.7,76,,
2026-09-23,NIFRA,,260,251,252.7,,,70936,17971332.9,373,,
2026-09-23,NIMB,,206.8,192,192.5,,,183540,35592120.1,402,,
2026-09-23,NLIC,,792.7,736,743.4,,,19350,14427073.4,183,,
2026-09-23,NLICL,,584.5,570,572,,,16226,9305672.7,67,,
2026-09-23,NLO,,241.22,241.22,241.22,,,0,0,0,,
2026-09-23,NMB,,258.8,251.3,253.7,,,111849,28318758.8,225,,
2026-09-23,NMBMF,,624,602,603,,,5101,3091655,30,,
2026-09-23,NMFBS,,1220,1180.1,1181,,,21461,25753849.4,95,,
2026-09-23,NMLBBL,,513,503,503,,,14611,7419576.4,68,,
2026-09-23,NRIC,,873.6,799,820,,,13389,11024583.5,153,,
2026-09-23,NRM,,293,287,288.4,,,4618,1344425.4,67,,
2026-09-23,NRN,,1459.9,1416.2,1416.2,,,80844,115811268.4,361,,
2026-09-23,NTC,,920,900.5,906,,,15992,14512141.1,225,,
2026-09-23,NUBL,,613,597.1,598,,,5355,3231265.7,27,,
2026-09-23,NWCL,,611,590,611,,,3149,1884479,63,,
2026-09-23,NYADI,,362,356.5,358,,,4296,1544133.4,47,,
2026-09-23,OHL,,648,636,637,,,9074,5826780.7,37,,
2026-09-23,OMPL,,885,872,875,,,3341,2935879.4,59,,
2026-09-23,PCBL,,260,250,253,,,200703,50943869.8,334,,
2026-09-23,PCIL,,620,584.3,611,,,27969,17082399.2,535,,
2026-09-23,PFL,,368,355,355.4,,,15258,5470861,108,,
2026-09-23,PHCL,,323,311.4,312,,,233179,74216330.1,566,,
2026-09-23,PMHPL,,307.8,305,307.6,,,6151,1880711.3,42,,
2026-09-23,PMLI,,432.8,420,420,,,8727,3700043.6,103,,
2026-09-23,PPCL,,343,324,337.9,,,11016,3695554.4,82,,
2026-09-23,PPL,,336.9,323.1,325,,,36332,11902630.3,141,,
2026-09-23,PROFL,,395,383.2,383.3,,,12120,4684796.8,60,,
2026-09-23,PRVU,,190.9,186.3,186.3,,,119705,22458033,296,,
2026-09-23,PURE,,850,795,795,,,8917,7246360,125,,
2026-09-23,RADHI,,720,708.1,717,,,187454,133356071.4,232,,
2026-09-23,RAWA,,428,413,414,,,15209,6365374.1,116,,
2026-09-23,RFPL,,339,334.2,334.2,,,19246,6478802.6,85,,
2026-09-23,RHGCL,,276.9,265,267.9,,,45001,12096953.1,158,,
2026-09-23,RHPL,,175.9,166,170,,,69980,11957496.1,349,,
2026-09-23,RIDI,,351,342,344.6,,,252169,87419506.9,468,,
2026-09-23,RLEL,,771.9,745,745,,,10135,7657706.2,146,,
2026-09-23,RLFL,,443.1,418,422.9,,,15075,6347168.7,94,,
2026-09-23,RNLI,,468.8,435.4,438,,,38210,16756273.8,275,,
2026-09-23,RSDC,,640,628,631,,,1181,745609.8,16,,
2026-09-23,RSML,,2747,2682,2722.9,,,78342,212561553.5,760,,
2026-09-23,RURU,,598,591,592,,,2755,1634773,30,,
2026-09-23,SAGAR,,1619.5,1577,1590,,,8237,13176874.5,130,,
2026-09-23,SAHAS,,699,695,696.9,,,95543,66565292.7,362,,
2026-09-23,SAIL,,1039,970,973,,,16664,16324530.7,227,,
2026-09-23,SANIMA,,373,365.6,368,,,57926,21369516.1,194,,
2026-09-23,SANVI,,580,551,564,,,17359,9757762.7,154,,
2026-09-23,SAPIL,,1369,1309,1333,,,25003,33392618.4,596,,
2026-09-23,SARBTM,,819,806.2,812.1,,,17549,14240086.4,93,,
2026-09-23,SBI,,410,402,407,,,19750,8025587,81,,
2026-09-23,SBL,,460,455,457,,,215907,98647036.7,754,,
2026-09-23,SCB,,689.8,651,655.2,,,12907,8468564.9,61,,
2026-09-23,SGHC,,302.1,295.9,297,,,39313,11757186.3,182,,
2026-09-23,SGHL,,495,484.5,485.1,,,50071,24488715.4,898,,
2026-09-23,SHEL,,307.7,302,302,,,232730,70648398.3,322,,
2026-09-23,SHIVM,,697,685,687,,,555271,383446856.3,1429,,
2026-09-23,SHL,,520.3,515,517.6,,,35072,18173443.3,104,,
2026-09-23,SHLB,,1305,1290,1305,,,60,77950,5,,
2026-09-23,SHPC,,539,528,529.9,,,153981,81850447.2,254,,
2026-09-23,SIFC,,487,477,481,,,11886,5694807.7,65,,
2026-09-23,SIKLES,,590,570,571,,,18849,10788583.4,68,,
2026-09-23,SIPD,,585,558,563.9,,,14473,8178369.3,267,,
2026-09-23,SJCL,,247.8,243,246,,,10272,2510387.7,88,,
2026-09-23,SJLIC,,423,413,415,,,26431,11011913.9,136,,
2026-09-23,SKBBL,,771,762,762,,,8478,6473977.3,78,,
2026-09-23,SKHEL,,850,834,845,,,1767,1477025.7,65,,
2026-09-23,SKHL,,754,739,743.9,,,13153,9796960.3,194,,
2026-09-23,SLBBL,,815,807,807.1,,,10027,8125161.1,65,,
2026-09-23,SLBSL,,909.9,892,904,,,1008,906329,13,,
2026-09-23,SMATA,,709,695,695,,,1852,1297430.2,43,,
2026-09-23,SMB,,1859,1820,1859,,,958,1759119,28,,
2026-09-23,SMFBS,,1429,1401,1417,,,745,1046732,17,,
2026-09-23,SMH,,524,510.2,511,,,8347,4313044.2,71,,
2026-09-23,SMHL,,476,465.1,468,,,69484,32675791,228,,
2026-09-23,SMJC,,423,406,411.9,,,12532,5157518.7,119,,
2026-09-23,SMPDA,,755,741,748,,,436,324623,17,,
2026-09-23,SNLI,,448.8,416,417,,,17680,7401587.2,243,,
2026-09-23,SNORL,,973,930,945,,,40152,38002940.7,523,,
2026-09-23,SOHL,,665,640.5,643.1,,,196489,127173291,1073,,
2026-09-23,SONA,,406,400.5,404,,,71748,28922363.7,318,,
2026-09-23,SOPL,,745,730.1,734.9,,,18270,13444261.5,480,,
2026-09-23,SPC,,405,397,405,,,5925,2363914.1,51,,
2026-09-23,SPDL,,369,349,356,,,20762,7446562.7,94,,
2026-09-23,SPHL,,516.9,505.6,513.9,,,9536,4917080.6,48,,
2026-09-23,SPL,,615,590.1,602.9,,,3597,2157017.2,51,,
2026-09-23,SRLI,,396.9,365.6,368,,,64729,23835397.6,298,,
2026-09-23,SSHL,,215,203.2,210,,,196695,41595392.5,491,,
2026-09-23,STC,,5600,5499,5499,,,6592,36519684.4,19,,
2026-09-23,SWASTIK,,1820.2,1817,1820,,,485,882616,25,,
2026-09-23,SWBBL,,705,701,701,,,3430,2406837.6,41,,
2026-09-23,SWMF,,635,606.1,614.7,,,3930,2397200.7,37,,
2026-09-23,SYPNL,,1329,1300,1309.8,,,28080,36759515.4,385,,
2026-09-23,TAMOR,,540,529.6,534,,,245926,130958753.2,651,,
2026-09-23,TPC,,368,363.4,363.4,,,20864,7626794,61,,
2026-09-23,TPKHL,,518,500,507,,,24578,12423016.1,511,,
2026-09-23,TRH,,815.5,803,813.9,,,14369,11634516.7,21,,
2026-09-23,TSHL,,357,347.1,353,,,2558,895293.6,41,,
2026-09-23,TTL,,698,688.1,688.4,,,7502,5189340,163,,
2026-09-23,TVCL,,299.1,287,296,,,8854,2575143,73,,
2026-09-23,UHEWA,,597,589.3,592,,,14185,8389277.3,113,,
2026-09-23,ULBSL,,2554,2510,2554,,,1529,3863761,34,,
2026-09-23,ULHC,,331,324.5,330,,,19055,6264591.3,65,,
2026-09-23,UMHL,,564.7,549.5,564.7,,,61111,33855307.9,210,,
2026-09-23,UMRH,,517.9,503,505,,,9986,5107008,35,,
2026-09-23,UNHPL,,365,358,361,,,20148,7278672.5,83,,
2026-09-23,UNL,,47999,47999,47999,,,0,0,0,,
2026-09-23,UNLB,,1262,1234,1249,,,665,833485,12,,
2026-09-23,UPCL,,350,333.6,336,,,31506,10631908.6,144,,
2026-09-23,UPPER,,197,192.9,193.5,,,116518,22586919.9,358,,
2026-09-23,USHEC,,514.7,505,508.9,,,26735,13626410.5,141,,
2026-09-23,USHL,,521.5,512.7,521.5,,,1171,605770.7,20,,
2026-09-23,USLB,,1144.2,1045,1093,,,3774,4248059.8,100,,
2026-09-23,VLBS,,640,627.1,632,,,3829,2415468.1,79,,
2026-09-23,VLUCL,,396.4,387,387,,,4531,1765429.6,88,,
2026-09-23,YMHL,,580,551,562,,,20411,11498185.3,437,,
2026-09-24,ACLBSL,871.1,890,871.1,877,878,886.95,281,249233.5,13,1095,827.9
2026-09-24,ADBL,312,313,309.1,313,311,311.57,18501,5764417.5,119,340,285.2
2026-09-24,AHL,380.3,415.1,359,402.7,392,390.62,4849,1894105.7,59,699,343
2026-09-24,AHPC,267,267,264,266.9,266.2,265.68,60584,16096169.4,228,323.3,245.8
2026-09-24,AKJCL,354,360.1,352.2,358,358,356.64,226896,80919663.8,545,461.4,179
2026-09-24,AKPL,251,254.4,250,253,251.6,251.93,39752,10014883.1,158,317,231.1
2026-09-24,ALBSL,1165.3,1198,1161,1174.4,1194,1177.82,1642,1933979.4,48,1334,930
2026-09-24,ALICL,425,432.9,421.2,432.8,427,425.4,24236,10309906.2,114,505,381.4
2026-09-24,ANLB,4892,5000,4890.5,4987,4937.9,4909.9,2409,11827938.4,34,7560,4750
2026-09-24,APHL,650,684.9,650,671,661.3,666.85,4378,2919477.9,140,1053.4,299.7
2026-09-24,API,334,335.7,330.1,334.8,334,333.23,222714,74215213.1,592,370,269
2026-09-24,AVYAN,1067.8,1067.8,1037,1060,1059,1056.32,500,528162,20,1366,906
2026-09-24,BANDIPUR,608,644,608,640,639,637.89,19309,12317029.2,281,1233,285
2026-09-24,BARUN,316,332.1,316,326,329,326.4,17555,5729993.8,99,401.5,298
2026-09-24,BBC,4100,4100,4056,4090.5,4052,4094.06,90,368465,5,5600,3825
2026-09-24,BEDC,309.8,309.9,304,308.9,307,307.15,8528,2619360,72,728,270
2026-09-24,BFC,445,450,440.5,447,444,448.26,14441,6473319.3,86,562,418
2026-09-24,BGWT,486,494.7,486,492,487.1,491.11,4190,2057733.5,35,944,435
2026-09-24,BHCL,559,580,551,574.8,559,569.37,113723,64750541.3,823,699,394
2026-09-24,BHDC,409.5,435,409.5,433.4,431,431.04,9437,4067731.9,83,616,401.1
2026-09-24,BHL,212,214.7,210.1,212.2,212,212.65,92952,19766492.4,288,264.4,172.1
2026-09-24,BHPL,441,450,440,447.5,448,442.53,4467,1976771,46,789,417.2
2026-09-24,BJHL,602.4,644,602.4,643,634.1,638.22,4646,2965147,97,1305,270.1
2026-09-24,BNHC,278,279.7,273.5,278.5,276.6,277.08,12359,3424461.9,73,613.8,247.5
2026-09-24,BNL,14244.7,14244.7,14244.7,14244.7,14244.7,,0,0,0,16921,13515
2026-09-24,BNT,11933,12289.9,11932,12001,11932,12108.11,180,2179459,9,12940,10660
2026-09-24,BPCL,672,688,668.1,676,674.9,675.19,31941,21566313.3,146,819,612
2026-09-24,BUNGAL,536.5,536.5,510,514,511,513.41,12902,6623971.2,160,895,302.4
2026-09-24,CBBL,955,960,950,956.8,949,955.54,9786,9350940.8,110,1054.9,882
2026-09-24,CFCL,565,567.9,558,567.9,567,562.27,94930,53376581.8,169,699,455
2026-09-24,CGH,799.8,799.8,772.1,773,782.9,775.97,4555,3534565,57,983,748
2026-09-24,CHCL,336.8,359,336.8,352,354.5,352.81,83523,29468158.8,314,525,344
2026-09-24,CHDC,2410,2410,2372.2,2402,2388,2392.25,15727,37622988.7,184,2717,1967
2026-09-24,CHL,262.9,267,260,267,265,262.88,7740,2034717.6,50,332.5,223.4
2026-09-24,CIT,1740,1747.9,1730.5,1747,1736,1738.49,3269,5683117.2,89,1973,1621.1
2026-09-24,CITY,349,355,346,353.5,351.1,349.97,67195,23515946.1,290,649,327.2
2026-09-24,CKHL,600.9,600.9,568.1,582.4,587,571.66,1420,811757,25,804,525
2026-09-24,CLI,435,440,432.4,440,436,435.37,6166,2684467.7,153,526,410
2026-09-24,CREST,1085,1099,1070,1099,1094.9,1079.73,3672,3964764.9,77,1588,1000
2026-09-24,CYCL,1494.6,1630,1470,1630,1531,1523.19,27028,41168668.7,258,1768.4,1216
2026-09-24,CZBIL,212,215,207.1,213.4,212,213.1,185660,39564568.6,367,238.6,183
2026-09-24,DDBL,813.2,864.9,813.2,861,856,859.41,4190,3600918.6,51,927,793
2026-09-24,DHEL,570,570,551,554,555,554.66,4773,2647383.9,133,918.9,402.2
2026-09-24,DHPL,270,287,267,275,273,273.41,7191,1966121.5,32,345,254
2026-09-24,DLBS,1408,1408,1140.7,1205.1,1341.9,1166.98,2694,3143854.7,87,1495,927
2026-09-24,DOLTI,301.1,309,297.2,299,304,300.38,13161,3953334.6,88,596,275
2026-09-24,DORDI,248.9,269,248.9,263,262,261.29,29395,7680700.5,117,327.4,213.1
2026-09-24,EBL,699,699.8,695,697.4,696.8,697.41,31186,21749419.1,150,760.2,619
2026-09-24,ECL,1298.8,1313.9,1280.1,1296.1,1298.8,1299.93,9833,12782172.4,193,1980,296.6
2026-09-24,EHPL,342.3,342.3,312,326.8,326,325.71,6776,2207018.5,86,553.8,295
2026-09-24,ENL,555,566.7,550.1,550.6,555,560.83,16057,9005241.8,126,1021,531.1
2026-09-24,FMDBL,712.5,760,712.5,759.5,750,756.23,89182,67442156.9,96,982,689.8
2026-09-24,FOWAD,893,908.9,876,900,893,896.24,1153,1033366.4,15,1364,834.2
2026-09-24,GBIME,247.5,247.5,240.4,243.8,243,242.49,223466,54188304.3,660,270.6,218.9
2026-09-24,GBLBS,672,692,666.6,692,692.5,680.02,3339,2270572.5,48,868,610
2026-09-24,GCIL,370.1,409,370,401.3,374.8,397.44,184579,73358755.8,974,489.9,315.5
2026-09-24,GFCL,582,582,570,577,575,572.07,2653,1517705.5,37,738,550
2026-09-24,GHL,269.8,269.8,253.1,253.7,257,256.95,289390,74359839.5,567,290,197.1
2026-09-24,GILB,1128,1139.5,1125.1,1139.5,1128.1,1129.42,804,908055.6,15,1350,1020.1
2026-09-24,GLBSL,1700,1710,1700,1700,1710,1701.64,211,359045,12,2310,1585.1
2026-09-24,GLH,276.1,280,274,278.8,279.2,277.01,76497,21190218,220,328.2,237.1
2026-09-24,GMFBS,1067,1124,1067,1124,1100,1115.87,300,334760,7,1688,1041
2026-09-24,GMFIL,429.8,429.8,420.6,421,426,421.36,2016,849466.6,20,540,393.1
2026-09-24,GMLI,970,1000,970,990,1000,983.1,854,839569.1,30,2068,889
2026-09-24,GUFL,496,503,492.4,496.4,496,497.07,7759,3856751.7,57,644,460.6
2026-09-24,GVL,488,493.9,485,489.3,490,489.17,7065,3455998.9,86,602,461
2026-09-24,HATHY,470,470,443.4,452.9,469,450.69,264625,119263596.2,1357,1050,424.9
2026-09-24,HBL,195,196.9,192,195.5,197,194.86,73193,14262676.6,514,237,183
2026-09-24,HDHPC,219.5,223,218,220.3,220,220.32,239506,52768340.5,430,274,165.1
2026-09-24,HDL,1280,1320,1270.2,1312,1278.3,1303.55,269776,351666185,1735,1415.7,1097.6
2026-09-24,HFIN,613,620,609,617.5,613,613.69,20826,12780799.6,459,1450.6,101.7
2026-09-24,HHL,338,342,335,342,340,339.7,35781,12154886.6,119,416.6,309
2026-09-24,HIDCL,269,269,253.7,256,256.3,254.95,32118,8188365.2,171,307,232.6
2026-09-24,HIMSTAR,640,650,628.1,644,645.5,639.63,1392,890362.6,34,1264,584.2
2026-09-24,HLBSL,865.2,878.6,865.2,869,865.2,869.51,601,522578,14,1005,830
2026-09-24,HLI,306,310,304,309.2,306.9,307.4,29469,9058896.3,194,412.9,284.3
2026-09-24,HPPL,377,380,372,380,372.2,377.29,79505,29996183.7,233,605,340.1
2026-09-24,HRL,490.9,516.8,490.9,510,506,509.36,38302,19509643.2,509,950,485
2026-09-24,HURJA,252.1,257.9,250.6,257,252,254.86,80862,20608608.2,251,312.1,204.6
2026-09-24,ICFC,590,597,590,595,591.9,593.29,4084,2422994.9,41,715,567.6
2026-09-24,IHL,341,341,320.2,327.2,325.1,328.77,4332,1424252.8,51,638,282.5
2026-09-24,ILBS,940,1005,925.1,950,968,935.51,7482,6999461.1,76,1249,800
2026-09-24,ILI,425,429.8,420.2,428,427,424.43,9122,3871610,162,489.6,396.3
2026-09-24,JBLB,1275,1284,1271,1278.8,1275.1,1276.1,3192,4073325.2,77,1644,1187.5
2026-09-24,JFL,270,294.9,270,285,279.1,283.32,9509,2694112.9,83,492,250.1
2026-09-24,JHAPA,1035,1049,1032.1,1038,1033.2,1037.5,1694,1757531,32,1929,293.4
2026-09-24,JOSHI,265.1,265.1,258,264,263.2,259.88,11798,3066098.4,61,388.6,245
2026-09-24,JSLBB,980,980,955,969,970,969.97,153,148405,4,1308,905.2
2026-09-24,KAHL,485,491,480,485,490,485.24,13771,6682183.4,504,613,295.4
2026-09-24,KBL,225,227,222.2,226,225,225.54,369479,83332212.4,621,256,176
2026-09-24,KBSH,819,829,800.2,807,818.6,807.34,4175,3370656.9,40,1907,758.1
2026-09-24,KDL,615,629.9,614.5,629.8,614.5,622.51,60679,37773174.8,400,1185,610
2026-09-24,KHPL,715,728.9,709,716.7,715,717.82,6799,4880477.5,136,1324.8,300
2026-09-24,KKHC,275,281.8,274,275.1,275,277.91,150269,41760746,383,362,208
2026-09-24,KMCDB,769.5,838.5,769.5,828,810,825.17,5475,4517825.9,66,1189.3,735
2026-09-24,KPCL,461.1,469.9,461.1,467,464.1,464.57,4665,2167228.2,22,658,440.6
2026-09-24,LEC,266.7,266.7,251.3,254.8,254,253.79,326188,82783588.8,566,276,180
2026-09-24,LICN,782,800.9,782,800.9,791.9,792,11909,9431899.3,63,969,741.5
2026-09-24,LLBS,835,860,832,860,854,837.72,441,369433.1,13,1081.9,771.4
2026-09-24,LSL,250,252,243,250,245.9,248.53,554274,137754858.1,673,253.9,203
2026-09-24,MABEL,576,589,566,579,576,573.24,4615,2645494.5,78,927,317.7
2026-09-24,MAKAR,404.5,414,404.5,410.9,410.8,408.87,84040,34361582.8,258,629.3,389
2026-09-24,MANDU,751.5,755,737,740.2,751,746.03,1828,1363751,39,909,622
2026-09-24,MATRI,748.9,748.9,726.5,727.1,748.9,727.46,491,357182.6,14,1048.5,705.6
2026-09-24,MBJC,295,297.9,288.8,295.9,295,293.73,36448,10705762.7,252,333,248.5
2026-09-24,MBL,257,260,256.3,258.5,258,258.45,174021,44976285.8,353,284,205
2026-09-24,MCHL,263,278,256.2,269.8,263,274.14,16324,4475087.7,113,539,232
2026-09-24,MEHL,247,256,245.4,255.9,250,252.24,62587,15786861.5,281,519,220
2026-09-24,MEL,215,215,210.5,214,214.5,212.63,20727,4407178.2,132,328,195
2026-09-24,MEN,646.5,653,644.6,653,651.2,647.34,97155,62891851.8,291,683.4,535
2026-09-24,MEPDL,620.1,657,620.1,654,646.2,651.35,18026,11741159.9,466,855,300
2026-09-24,MERO,600,609.9,600,607,604,604.85,1641,992551.8,20,865,584.9
2026-09-24,MFIL,745,791,745,764.8,769,776.9,69741,54181586.4,142,938,545
2026-09-24,MHCL,293.1,300,292.2,296,293.1,293.5,3023,887247.6,32,445,261
2026-09-24,MHL,467,467,455,457,456,457.66,5324,2436558.5,45,580,435
2026-09-24,MHNL,253.4,263,250.1,252,256.9,254.25,19609,4985604.5,63,324,223
2026-09-24,MKCL,860,870,845,867,870,850.19,3306,2810737.8,82,1616.8,810
2026-09-24,MKHC,255.8,263.8,255,263.8,258,258.66,14250,3685921.4,68,421,232.1
2026-09-24,MKHL,509,509,486,505,495.1,498.01,1046,520921.7,27,915,457
2026-09-24,MKJC,322.1,338,322.1,329.3,339,332.01,37780,12543155.2,195,635,252
2026-09-24,MLBBL,920.6,978.9,920.6,978.9,969,969.43,1411,1367859.2,21,1661,894
2026-09-24,MLBS,985,1019,985,1019,1000,1013.28,130,131726,8,1666,967
2026-09-24,MLBSL,1107,1126.4,1107,1126.4,1111,1113.45,626,697017,22,2272.5,1026
2026-09-24,MMKJL,361,366,361,361,365,362.52,1120,406020,19,699.9,309
2026-09-24,MPFL,582,589.7,579.1,588,590,584.55,4698,2746237.3,48,744,491
2026-09-24,MSHL,622,625,550,550,622,594.28,13090,7779131.4,148,953.7,481
2026-09-24,MSLB,1200,1219,1185.1,1210,1200,1207.48,741,894746,37,1634,1089.9
2026-09-24,NABIL,566,570,566,569,565,568.28,70749,40205031.3,495,581,485
2026-09-24,NADEP,684.9,695,680,695,690,682.6,1165,795225.3,16,871,652
2026-09-24,NBL,291,294.2,287.5,292,291.5,291.86,315961,92217218,443,302.9,235
2026-09-24,NESDO,1331,1357.9,1320,1357.9,1331,1328.86,207,275073.8,11,1682,1272.2
2026-09-24,NFS,490,498.9,482.5,495,486,493.04,4617,2276354.3,38,725,465
2026-09-24,NGPL,384.8,408,384.8,403,405,403.99,74040,29911134.9,278,502,343
2026-09-24,NHDL,642.9,642.9,633,633.2,637,634.21,3632,2303454.4,21,796,606.2
2026-09-24,NHPC,265,268,263,265.5,267,265.93,205784,54723694.7,389,340,179.7
2026-09-24,NICA,317,318.9,315.1,316.3,317,316.53,40945,12960158.3,167,411,302.9
2026-09-24,NICLBSL,519,519,506.3,516.9,513,511.43,3514,1797175.6,73,679,490
2026-09-24,NIFRA,252.7,254,250.2,253,252.7,252.13,36838,9287847.7,285,299,232
2026-09-24,NIMB,192.5,195.2,190,194.6,192.5,192.89,110035,21225155.6,306,232.5,181
2026-09-24,NLIC,706.3,745,706.3,745,743.4,740.16,8449,6253629.6,123,872,680.5
2026-09-24,NLICL,570,584.8,565.1,581.4,572,580.08,15395,8930326.2,44,644,538.4
2026-09-24,NLO,248.4,271.3,248.4,271.3,241.22,262.92,49,12882.9,5,293.2,241.22
2026-09-24,NMB,266.3,266.3,251.3,257.1,253.7,254.91,78733,20069677,221,272,230
2026-09-24,NMBMF,597,612.8,597,612.8,603,601.73,726,436857,9,750,570
2026-09-24,NMFBS,1172.1,1209,1172.1,1200,1181,1199.94,9522,11425849.9,85,1370,1051.9
2026-09-24,NMLBBL,477.9,509,477.9,509,503,507.02,3618,1834390.2,39,697.6,468.4
2026-09-24,NRIC,800,847,800,817,820,815.07,9161,7466893.2,124,1520,780
2026-09-24,NRM,286.1,291.9,286.1,288,288.4,288.66,4379,1264026.5,59,470,270.9
2026-09-24,NRN,1345.4,1447.5,1345.4,1415,1416.2,1417.31,52065,73791996.9,280,2175,1280
2026-09-24,NTC,905,908,905,906,906,906.72,7809,7080582.5,140,942.5,831
2026-09-24,NUBL,604.9,605,593,604,598,599.13,1952,1169510,20,802,555.1
2026-09-24,NWCL,593.1,602,593,602,611,598.2,780,466592.8,30,1045,571
2026-09-24,NYADI,355,357,349,351.4,358,353.52,2979,1053126.3,32,482,335.3
2026-09-24,OHL,644.8,649,637,638,637,640.03,590,377620,12,785,590
2026-09-24,OMPL,877,900,858.1,870,875,871.77,11764,10255513.4,129,1575.9,846
2026-09-24,PCBL,250.6,258.9,250.5,257,253,255.21,107064,27324120.4,277,275.9,225
2026-09-24,PCIL,605,638,605,633,611,627.56,112324,70490136.4,1336,1280,300
2026-09-24,PFL,360,365,351,351,355.4,354.22,15313,5424160.7,133,443,351.6
2026-09-24,PHCL,312,323,311,319.6,312,318.1,216676,68923557,550,415,249.7
2026-09-24,PMHPL,305,309,300.7,309,307.6,302.53,2542,769033.8,26,428,287
2026-09-24,PMLI,413,423,413,423,420,419.68,2358,989595.1,62,543.6,392.6
2026-09-24,PPCL,341,341,332,335,337.9,333.22,13067,4354143.9,40,462,284.1
2026-09-24,PPL,321,325,311.4,324.9,325,321.91,10813,3480862.8,86,425,263.2
2026-09-24,PROFL,387,391,383,391,383.3,386.51,2386,922204,22,522,360.1
2026-09-24,PRVU,188,188.6,186,187.3,186.3,187.27,66281,12412295.2,230,235.6,169.7
2026-09-24,PURE,800,819.9,800,817,795,809.87,7523,6092683.8,102,1262,662
2026-09-24,RADHI,717,730,713,721.7,717,722.1,107535,77651207.7,283,940,618.8
2026-09-24,RAWA,407,422,407,416,414,415.48,14112,5863318.4,107,851.7,379
2026-09-24,RFPL,331.1,337,331.1,336,334.2,334.29,13455,4497839.2,78,464.2,306
2026-09-24,RHGCL,268,268,258,262.8,267.9,261.94,29613,7756910,119,353,217.2
2026-09-24,RHPL,170,176,166.5,172,170,171.9,77573,13334732.1,275,325,156
2026-09-24,RIDI,347,347,341,343,344.6,343.04,218996,75123617.4,447,415,214
2026-09-24,RLEL,735,758.1,735,752.1,745,750.69,8057,6048291,162,1592.3,300
2026-09-24,RLFL,401.8,426.4,401.8,424,422.9,423.19,7669,3245482.3,48,514.9,398
2026-09-24,RNLI,436,439,433,438.1,438,436.39,19571,8540671.5,214,520.2,402
2026-09-24,RSDC,632,632.5,625,628,631,630.5,1356,854952.9,16,763,578.7
2026-09-24,RSML,2730,2760,2710,2754,2722.9,2743.65,80716,221456573.4,538,5049,300
2026-09-24,RURU,592,607,590,604,592,601.17,3435,2065018.1,21,830,560.1
2026-09-24,SAGAR,1565.1,1615,1565.1,1608,1590,1593.22,6310,10053216.3,133,2439,319.5
2026-09-24,SAHAS,662.1,697.7,662.1,694.2,696.9,693.47,63318,43908990.1,333,725,535.3
2026-09-24,SAIL,925,1007.8,925,993.5,973,986.17,17354,17114029,243,1690,301.7
2026-09-24,SANIMA,366,368,362.2,368,368,365.58,43500,15902599.6,142,390.6,295
2026-09-24,SANVI,552,565,552,559,564,559.06,16163,9036108.8,143,1060,542
2026-09-24,SAPIL,1333,1360,1313.2,1348.9,1333,1336.96,20286,27121535.3,487,1604,300
2026-09-24,SARBTM,813,826.5,808,825.7,812.1,820.15,35863,29413110.7,241,942.4,750
2026-09-24,SBI,403,406.8,402,404.2,407,403.94,4876,1969632,43,441,368
2026-09-24,SBL,457,458,456,456.8,457,457.1,175735,80327678.1,519,460,320.5
2026-09-24,SCB,655,660,655,657.2,655.2,658.66,7152,4710729.3,65,712.6,603
2026-09-24,SGHC,298,299,295,298,297,297.9,7496,2233047,85,487.6,280
2026-09-24,SGHL,460.9,489,460.9,486.5,485.1,485.35,25630,12439552.9,777,587,299.3
2026-09-24,SHEL,288,304.1,288,302.3,302,302.96,56211,17029488.7,180,361,262
2026-09-24,SHIVM,689,705,686.1,702,687,697.74,513243,358109181.4,1641,730,546.6
2026-09-24,SHL,515.1,520.9,512,518,517.6,518.14,36250,18782577.6,120,559.8,464
2026-09-24,SHLB,1305,1318.9,1280,1312,1305,1308.99,111,145298,8,1961,1220
2026-09-24,SHPC,528,535,526.6,534.5,529.9,528.61,63414,33521120.8,171,588,475
2026-09-24,SIFC,475.5,481.3,475.5,480.3,481,479.71,10755,5159238.5,30,687.4,450
2026-09-24,SIKLES,570,581,569,574,571,570.9,2609,1489479.1,38,804,536.3
2026-09-24,SIPD,566,579,560,569.9,563.9,563.17,7192,4050347,205,1216.8,284.3
2026-09-24,SJCL,240.5,249.3,240.5,247.9,246,246.39,5368,1322597.2,71,365,214.2
2026-09-24,SJLIC,413,418,411,415,415,414.66,5843,2422871,96,489.9,386
2026-09-24,SKBBL,769.8,769.8,762,767.9,762,766.29,8768,6718852,59,910,735
2026-09-24,SKHEL,822.1,845,820,845,845,835.75,1435,1199297,52,2069.4,284.3
2026-09-24,SKHL,736,753.6,734.2,744,743.9,743.41,4946,3676912.2,116,1360,300
2026-09-24,SLBBL,808,822,808,822,807.1,816.71,3894,3180254.6,47,960.6,761.9
2026-09-24,SLBSL,885,920,885,917,904,914.24,2627,2401697.1,46,1508.1,840
2026-09-24,SMATA,695,700,690.1,700,695,693.15,1064,737514,35,999,665.1
2026-09-24,SMB,1820.1,1870,1820,1864,1859,1845.75,357,658931,13,2310.3,1699
2026-09-24,SMFBS,1480,1480,1360,1395,1417,1397.1,178,248683.2,12,1808,1285
2026-09-24,SMH,511.5,518,511,518,511,514.1,11196,5755816.7,60,1024.8,482.6
2026-09-24,SMHL,465,472.4,465,470,468,469.33,25419,11929839.8,134,978,443
2026-09-24,SMJC,418,418,407.7,412,411.9,410.09,2977,1220846.8,58,580,393
2026-09-24,SMPDA,740,750,727,750,748,741.22,908,673030.2,16,1064,707
2026-09-24,SNLI,420,421,411,421,417,416.35,16865,7021774.7,234,528.3,375
2026-09-24,SNORL,888,930,862,899,859.09,882.97,41321,36485370.9,502,1057,298.7
2026-09-24,SOHL,645,649,636.8,645,643.1,643.89,83564,53805782.8,784,875.5,300
2026-09-24,SONA,383.8,434.9,383.8,434.9,404,422.15,435148,183698370.1,1804,510,380
2026-09-24,SOPL,727,745,727,735,734.9,735.06,23133,17004103,500,1217,276.5
2026-09-24,SPC,403,403,395,397.1,405,396.83,3068,1217472,37,577,361.7
2026-09-24,SPDL,356,359,352,358.9,356,355.1,16491,5855903.4,77,474,326
2026-09-24,SPHL,507.2,515.9,503,512,513.9,513.94,9770,5021191.8,56,708,477.1
2026-09-24,SPL,609,609,590.8,595,602.9,592.91,2190,1298468,23,1000,585.1
2026-09-24,SRLI,367,373.9,363.2,373.8,368,367.79,26413,9714553,207,437.7,348
2026-09-24,SSHL,207.2,209.9,205.2,207.1,210,208.06,151367,31493266,361,251,151
2026-09-24,STC,5412,5563,5412,5563,5499,5460.09,1185,6470208,27,6335.9,4997.1
2026-09-24,SWASTIK,1800,1816.5,1780,1815.1,1820,1810.65,305,552247,14,3400,391.7
2026-09-24,SWBBL,710,710,701,703.3,701,705.82,2366,1669979.2,31,855,630.5
2026-09-24,SWMF,610,617,603,617,614.7,613.98,2654,1629503.4,29,754,571.1
2026-09-24,SYPNL,1305,1325,1300,1319.8,1309.8,1314.35,34230,44990263.7,425,2255.9,319.8
2026-09-24,TAMOR,530,535,511,533.8,534,524.55,464282,243539728.7,1155,550,396.4
2026-09-24,TPC,361,365,361,365,363.4,363.9,6925,2520014,35,450,270.1
2026-09-24,TPKHL,481.7,513,481.7,500,507,500.56,19585,9803529.1,367,772.5,300
2026-09-24,TRH,802.1,816.9,799,813.9,813.9,804.33,17450,14035483,36,867,681.1
2026-09-24,TSHL,353,360,325,359.9,353,351.52,3811,1339643.9,51,900,308.1
2026-09-24,TTL,688,695,685.6,692.1,688.4,689.53,6052,4173042.5,177,1173,665
2026-09-24,TVCL,297,307.9,282.3,305,296,297.1,15246,4529515.9,93,689,268.1
2026-09-24,UHEWA,595,595,585,587,592,588.21,19680,11575995,128,692.6,521
2026-09-24,ULBSL,2483.1,2583,2483.1,2552,2554,2510.47,923,2317166.5,32,4325,2310
2026-09-24,ULHC,330,342,330,339,330,336.02,12772,4291620.4,93,599,260
2026-09-24,UMHL,557,560,550,559,564.7,554.28,22690,12576560.5,87,706,495
2026-09-24,UMRH,505,518,503.1,518,505,510.23,8120,4143028.5,58,622,500.7
2026-09-24,UNHPL,358.5,360,356.1,359,361,358.04,9120,3265287.5,42,571,340.1
2026-09-24,UNL,47999,47999,47999,47999,47999,,0,0,0,49738.9,45200
2026-09-24,UNLB,1220,1255.9,1220,1255.9,1249,1230,280,344400,19,2306,1187
2026-09-24,UPCL,338,338,333.6,336,336,335.32,23410,7849828.9,86,430.4,318.4
2026-09-24,UPPER,192,194,190,193.3,193.5,192.37,100184,19272442.6,360,242.6,170.5
2026-09-24,USHEC,500.6,507.8,500,502,508.9,501.81,9172,4602556.7,86,539.1,432
2026-09-24,USHL,517.3,520,510,515,521.5,510.54,2000,1021073.2,34,945,468.1
2026-09-24,USLB,1038.4,1145.3,1038.4,1144,1093,1126.46,3690,4156635.7,95,2412,941
2026-09-24,VLBS,618,631,618,624.2,632,624.89,1276,797355.6,46,876,591.7
2026-09-24,VLUCL,387,391,383,389.9,387,386.38,611,236075.7,33,652,363.3
2026-09-24,YMHL,550,565,550,557,562,558.12,18713,10444128.8,328,797.6,300
