date,symbol,open,high,low,close,prev_close,vwap,volume,turnover,trades,week_52_high,week_52_low
2026-05-04,ACLBSL,,957.5,925.1,957.5,,,386,361758,24,,
2026-05-04,ADBL,,314,305.1,305.5,,,21066,6474763.6,181,,
2026-05-04,AHL,,535,500,512,,,7813,3969476.6,105,,
2026-05-04,AHPC,,280,271,271,,,115082,31393727.5,433,,
2026-05-04,AKJCL,,389,349.7,351,,,424809,151864138.5,724,,
2026-05-04,AKPL,,273.1,255,261.9,,,73485,19331497.3,326,,
2026-05-04,ALBSL,,1135,1070,1109.9,,,2307,2550230.7,113,,
2026-05-04,ALICL,,454.7,445,447.2,,,18756,8381519.1,124,,
2026-05-04,ANLB,,6100,6000,6000.1,,,213,1280184.5,19,,
2026-05-04,API,,341,329,330,,,142392,47145338,525,,
2026-05-04,AVYAN,,1158.7,1100,1115,,,10880,12169079.8,195,,
2026-05-04,BANDIPUR,,829.7,797,801,,,29428,23690608.1,670,,
2026-05-04,BARUN,,345,334.1,335,,,51703,17380522.8,232,,
2026-05-04,BBC,,4830,4700.2,4750,,,459,2174771.2,19,,
2026-05-04,BEDC,,370,354.2,358,,,57202,20666016.9,306,,
2026-05-04,BFC,,451,441,443,,,9306,4155830.9,99,,
2026-05-04,BGWT,,710,682.5,682.5,,,3384,2342541.7,40,,
2026-05-04,BHCL,,529,502,509.9,,,11312,5757613.3,288,,
2026-05-04,BHDC,,460,452.1,452.5,,,104499,47640197.4,79,,
2026-05-04,BHL,,220,207,214.1,,,116715,25063781.8,597,,
2026-05-04,BHPL,,538,511,511,,,9253,4796042.6,114,,
2026-05-04,BJHL,,1064.9,950,960,,,11405,11178372.3,431,,
2026-05-04,BNHC,,327.5,317,325,,,9491,3047455.4,87,,
2026-05-04,BNL,,15198,15198,15198,,,0,0,0,,
2026-05-04,BNT,,11500.2,11406,11406,,,131,1503075,7,,
2026-05-04,BPCL,,687,660,664.8,,,30420,20174426.1,137,,
2026-05-04,BUNGAL,,573,550,560,,,7211,4050679.2,226,,
2026-05-04,CBBL,,915.5,901,902,,,9662,8735877.4,184,,
2026-05-04,CFCL,,500,480,488.8,,,8847,4308825.6,85,,
2026-05-04,CGH,,817,802.1,805.1,,,11678,9415502.6,89,,
2026-05-04,CHCL,,480,471,471.9,,,21695,10276456.4,225,,
2026-05-04,CHDC,,2262,2195.2,2197.4,,,10682,23659902.5,197,,
2026-05-04,CHL,,285,275,278,,,38742,10743086.9,165,,
2026-05-04,CIT,,1774,1746,1751,,,4117,7214715.3,157,,
2026-05-04,CITY,,450,434,434,,,21261,9284460.4,239,,
2026-05-04,CKHL,,695,681,695,,,336,230003.6,18,,
2026-05-04,CLI,,453,445.1,450,,,14901,6696050.4,269,,
2026-05-04,CREST,,1122,1055.1,1064,,,7276,7839853.5,211,,
2026-05-04,CYCL,,1515,1455,1460,,,1148,1679770.4,40,,
2026-05-04,CZBIL,,206.9,200.1,202,,,49497,9955098.5,167,,
2026-05-04,DDBL,,832,822,826,,,1973,1630142.1,56,,
2026-05-04,DHEL,,602.5,586,586,,,12005,7110958.3,283,,
2026-05-04,DHPL,,304,291,295,,,3913,1148552,41,,
2026-05-04,DLBS,,1300,1265,1265,,,1119,1430600.5,26,,
2026-05-04,DOLTI,,367,356.1,360,,,20062,7232358.6,163,,
2026-05-04,DORDI,,281,273,273.1,,,38548,10598855.5,184,,
2026-05-04,EBL,,701,686,695,,,21835,15097484.4,269,,
2026-05-04,EHPL,,399,386,387,,,17131,6649924.9,142,,
2026-05-04,ENL,,889,873,884,,,1290,1138842.6,27,,
2026-05-04,FMDBL,,807,780,789.9,,,11147,8775587.7,90,,
2026-05-04,FOWAD,,1260.4,1082,1260.4,,,8710,9592102.9,93,,
2026-05-04,GBIME,,232.8,219.5,229,,,85181,19489648.5,433,,
2026-05-04,GBLBS,,750,740.1,740.1,,,2221,1651333.2,48,,
2026-05-04,GCIL,,420,409,412.4,,,12076,4966853.9,228,,
2026-05-04,GFCL,,620,603,609,,,5543,3388008.5,66,,
2026-05-04,GHL,,235,227.1,227.4,,,78752,18079226.8,282,,
2026-05-04,GILB,,1107.5,1081,1107.5,,,834,907006.4,28,,
2026-05-04,GLBSL,,1770,1750,1750,,,346,606170,24,,
2026-05-04,GLH,,267.9,251.3,262.4,,,48418,12692167,199,,
2026-05-04,GMFBS,,1305,1289,1300,,,580,753592,17,,
2026-05-04,GMFIL,,470,447,450,,,4591,2072380.7,38,,
2026-05-04,GMLI,,1315,1250,1308.9,,,2857,3681368.2,114,,
2026-05-04,GUFL,,520.1,510,511,,,9908,5102660.8,62,,
2026-05-04,GVL,,491,475,487,,,12281,5943549.3,125,,
2026-05-04,HATHY,,810,800,801.9,,,5733,4592549,133,,
2026-05-04,HBL,,204,199.9,200.1,,,43935,8806787.3,904,,
2026-05-04,HDHPC,,233,214,216.1,,,294886,64021065.5,845,,
2026-05-04,HDL,,1169,1145.1,1146.1,,,37897,43560895.6,627,,
2026-05-04,HFIN,,1020,980,1000,,,51713,51137885.8,2351,,
2026-05-04,HHL,,389.8,363,366,,,88165,32830739.9,315,,
2026-05-04,HIDCL,,268,261.8,262.5,,,66976,17635928,350,,
2026-05-04,HIMSTAR,,850,825,827.1,,,4461,3737167.5,112,,
2026-05-04,HLBSL,,898,870,898,,,1097,963029.5,21,,
2026-05-04,HLI,,341,335.1,336.5,,,48916,16483710.5,386,,
2026-05-04,HPPL,,375,361,361,,,33705,12246775.3,205,,
2026-05-04,HRL,,678.9,655,660,,,93369,62145065.6,1245,,
2026-05-04,HURJA,,255,246,246.9,,,132765,32989078.1,406,,
2026-05-04,ICFC,,620,610.1,619.5,,,3269,2014392.6,41,,
2026-05-04,IHL,,401.5,390.1,397,,,5482,2163904.6,94,,
2026-05-04,ILBS,,944.5,920,936.9,,,1568,1450537.6,26,,
2026-05-04,ILI,,440,431,431,,,9614,4176272.4,257,,
2026-05-04,JBLB,,1285,1255,1255,,,6475,8146420.1,176,,
2026-05-04,JFL,,446.8,410,412.8,,,7132,2935086.6,61,,
2026-05-04,JHAPA,,1689,1551.1,1689,,,45429,74292580.1,730,,
2026-05-04,JOSHI,,282,275,275,,,10590,2932571.3,117,,
2026-05-04,JSLBB,,1080,1062.3,1062.3,,,110,117665,6,,
2026-05-04,KBL,,219.9,212.5,214,,,443235,95083992.1,891,,
2026-05-04,KBSH,,1540,1520,1539,,,288,442012,13,,
2026-05-04,KDL,,830,800,805.1,,,2259,1846421.6,67,,
2026-05-04,KKHC,,264.5,255.8,256.1,,,38546,9939544.4,180,,
2026-05-04,KMCDB,,880,865.3,870,,,2918,2536489.8,41,,
2026-05-04,KPCL,,486,475.1,480,,,13359,6387834.5,101,,
2026-05-04,LEC,,225,216.6,218,,,128418,28073596.8,379,,
2026-05-04,LICN,,823,802.2,808,,,9010,7289903.2,59,,
2026-05-04,LLBS,,958,940.1,940.2,,,115,108330.4,6,,
2026-05-04,LSL,,217,211,213.7,,,58310,12417099.5,178,,
2026-05-04,MABEL,,664,647,648.3,,,5248,3418705.4,139,,
2026-05-04,MAKAR,,491,487,487,,,10778,5259259.5,105,,
2026-05-04,MANDU,,816,799.4,803,,,2000,1602873,52,,
2026-05-04,MATRI,,918,895.1,917.5,,,747,673559.5,28,,
2026-05-04,MBJC,,281,276.6,277.5,,,31541,8778280.5,292,,
2026-05-04,MBL,,247,240,242,,,133483,32406285.4,230,,
2026-05-04,MCHL,,327,313,313,,,3148,1003505.1,61,,
2026-05-04,MEHL,,400.5,380,385,,,7455,2854079.1,106,,
2026-05-04,MEL,,250,239,242.8,,,21059,5103822.7,222,,
2026-05-04,MEN,,622,570,577.9,,,53954,31510386.8,310,,
2026-05-04,MERO,,715,705.1,707,,,3560,2523794,59,,
2026-05-04,MFIL,,784,755.3,760,,,9276,7078648.5,81,,
2026-05-04,MHCL,,350,341.2,345.1,,,5312,1832516.2,88,,
2026-05-04,MHL,,510,490,490,,,8957,4493535.5,102,,
2026-05-04,MHNL,,261,255.5,256.5,,,8799,2271261.4,86,,
2026-05-04,MKCL,,1343,1286,1286,,,2363,3071473.2,87,,
2026-05-04,MKHC,,325,315,315,,,18995,6011363.8,139,,
2026-05-04,MKHL,,532,502,511,,,29227,15076970.9,447,,
2026-05-04,MKJC,,509,485,495,,,6616,3258697.6,68,,
2026-05-04,MLBBL,,1201.1,1176.1,1190,,,1985,2364447.4,43,,
2026-05-04,MLBS,,1230,1195,1224,,,988,1193775,28,,
2026-05-04,MLBSL,,1779,1750.1,1758,,,311,548273.7,13,,
2026-05-04,MMKJL,,491.3,485.7,488,,,2769,1348956,46,,
2026-05-04,MPFL,,620,593,604,,,10523,6310457.7,80,,
2026-05-04,MSHL,,715,696,715,,,615,431520,16,,
2026-05-04,MSLB,,1274.9,1228,1253,,,3369,4237646.9,46,,
2026-05-04,NABIL,,535,516,521,,,62346,32623916.8,818,,
2026-05-04,NADEP,,746.5,724,746.5,,,1132,826455.9,24,,
2026-05-04,NBL,,269.9,256.6,261,,,99589,26021418.9,337,,
2026-05-04,NESDO,,1538,1510,1530,,,3893,5913682.6,27,,
2026-05-04,NFS,,594,563,567,,,15247,8722022.9,166,,
2026-05-04,NGPL,,439,424,426.9,,,230324,98743441.9,731,,
2026-05-04,NHDL,,642,615.2,615.2,,,3811,2359204.6,47,,
2026-05-04,NHPC,,299.7,278.1,283,,,547062,155461630,1768,,
2026-05-04,NICA,,375,359.2,359.4,,,327440,118931432.9,1170,,
2026-05-04,NICLBSL,,584,565,569.4,,,4708,2679106,105,,
2026-05-04,NIFRA,,263,258.1,258.5,,,95296,24687731.7,580,,
2026-05-04,NIMB,,202,195,196,,,96978,19040720.9,478,,
2026-05-04,NLIC,,775,756.2,763,,,23445,17789044.6,230,,
2026-05-04,NLICL,,590,577.5,582.4,,,4098,2377637.3,42,,
2026-05-04,NLO,,269.4,269.4,269.4,,,0,0,0,,
2026-05-04,NMB,,252.4,237,238,,,41572,9893601,154,,
2026-05-04,NMBMF,,645,627.5,636,,,1256,800672,19,,
2026-05-04,NMFBS,,1110,1051.9,1107,,,532,579936.7,32,,
2026-05-04,NMLBBL,,614.9,602.1,605,,,4394,2655436.7,72,,
2026-05-04,NRIC,,889.5,873,873.4,,,25767,22558001.1,280,,
2026-05-04,NRM,,400,395,396,,,9935,3934213.5,114,,
2026-05-04,NRN,,1470,1385.9,1395,,,223192,313689266.4,526,,
2026-05-04,NTC,,882,872,873,,,8919,7807034.5,176,,
2026-05-04,NUBL,,677,670.3,675,,,1269,853908.4,27,,
2026-05-04,NWCL,,800,780,793,,,561,439706,34,,
2026-05-04,NYADI,,390,380,383,,,5899,2269572.6,78,,
2026-05-04,OHL,,697,681,681.1,,,3999,2733828.5,43,,
2026-05-04,OMPL,,1145,1125,1125,,,3761,4268943.8,131,,
2026-05-04,PCBL,,239,229,236.6,,,40104,9456962,212,,
2026-05-04,PCIL,,960,880.1,888,,,111017,100830677,6119,,
2026-05-04,PFL,,386,373.1,379,,,4414,1661504.1,41,,
2026-05-04,PHCL,,304,295,297,,,24381,7252597.4,243,,
2026-05-04,PMHPL,,332.6,324,330,,,6491,2135701,56,,
2026-05-04,PMLI,,464,460,461.1,,,4564,2102632.4,121,,
2026-05-04,PPCL,,385,368,371,,,7228,2691839.4,69,,
2026-05-04,PPL,,350.7,330.6,340.1,,,26264,9019044.5,149,,
2026-05-04,PROFL,,445,435,440,,,6410,2812068.7,50,,
2026-05-04,PRVU,,197.9,192,192.6,,,131938,25506153.4,555,,
2026-05-04,PURE,,920,884.2,897,,,4682,4175778.8,99,,
2026-05-04,RADHI,,760,727.2,730,,,71350,52278425.9,258,,
2026-05-04,RAWA,,614.8,587,600,,,321,192652,21,,
2026-05-04,RFPL,,390,369,369.9,,,26959,10115297.2,244,,
2026-05-04,RHGCL,,298.8,288.7,290,,,21115,6123327.4,145,,
2026-05-04,RHPL,,278,273.5,275,,,14490,3980592.4,145,,
2026-05-04,RIDI,,353.9,334.2,335.9,,,226091,76924175.9,632,,
2026-05-04,RLEL,,1180,1118,1131,,,35656,40706168,1129,,
2026-05-04,RLFL,,433,423.2,430.8,,,12025,5119172.8,77,,
2026-05-04,RNLI,,460,456,456.1,,,12187,5564854.9,246,,
2026-05-04,RSDC,,665,651,651.1,,,6457,4249085.7,57,,
2026-05-04,RSML,,3949,3699,3720,,,47038,179975237,717,,
2026-05-04,RURU,,655,635,635,,,15723,10231836.6,100,,
2026-05-04,SAGAR,,1745,1675,1675,,,10353,17651418.2,213,,
2026-05-04,SAHAS,,616,610,611.2,,,54574,33399842.6,505,,
2026-05-04,SAIL,,1404,1165,1166,,,72345,86074877.6,784,,
2026-05-04,SANIMA,,355,345.2,348.5,,,58398,20371211.6,319,,
2026-05-04,SANVI,,690,669.3,669.3,,,10877,7386316.2,221,,
2026-05-04,SARBTM,,839.9,822,822,,,4505,3716624.1,82,,
2026-05-04,SBI,,400.8,391.1,396,,,8579,3392539.1,46,,
2026-05-04,SBL,,390,385,386.7,,,51148,19777132.7,153,,
2026-05-04,SCB,,647.4,634.2,641,,,11750,7496615.6,110,,
2026-05-04,SGHC,,380,360,361,,,19351,7040665,163,,
2026-05-04,SHEL,,308,301.3,302.1,,,64541,19552142.5,309,,
2026-05-04,SHIVM,,670,655,656,,,121198,80060676.9,602,,
2026-05-04,SHL,,500,489,492.1,,,21376,10546967.2,86,,
2026-05-04,SHLB,,1463,1420.5,1455,,,408,582747.2,22,,
2026-05-04,SHPC,,519.9,486.7,508,,,17266,8822735.7,120,,
2026-05-04,SIFC,,537,525,534,,,1510,804097,17,,
2026-05-04,SIKLES,,581,571,571,,,6410,3684386.8,99,,
2026-05-04,SIPD,,1003.2,902,905,,,37868,35053018,2808,,
2026-05-04,SJCL,,299,291.1,293.1,,,17089,5013074.9,114,,
2026-05-04,SJLIC,,431,423,430,,,16430,6996952.7,242,,
2026-05-04,SKBBL,,768,755,758,,,10575,8000583.2,151,,
2026-05-04,SKHEL,,1450,1321,1352,,,13596,18620918.9,592,,
2026-05-04,SKHL,,1029,945,960,,,23940,23278831.9,839,,
2026-05-04,SLBBL,,850,808.1,810,,,7409,6063968.7,78,,
2026-05-04,SLBSL,,1217,1185.1,1204,,,257,308323.6,14,,
2026-05-04,SMATA,,755,745.1,752.9,,,4749,3563704.3,89,,
2026-05-04,SMB,,1767,1704.4,1704.4,,,546,938716,23,,
2026-05-04,SMFBS,,1611.5,1596,1596,,,128,204162,6,,
2026-05-04,SMH,,570,546.1,548,,,13031,7208249.5,155,,
2026-05-04,SMHL,,498,482,487,,,35117,17033918.6,224,,
2026-05-04,SMJC,,454,431.3,439,,,29846,13110817.2,233,,
2026-05-04,SMPDA,,869,825.5,829,,,2336,1937002.3,63,,
2026-05-04,SNLI,,450,447,447,,,8856,3965120,257,,
2026-05-04,SOHL,,720,661.1,668,,,129243,88453884.6,2726,,
2026-05-04,SONA,,433,425.5,427,,,15227,6502734.2,290,,
2026-05-04,SPC,,477.1,457.2,457.2,,,5739,2637324.7,70,,
2026-05-04,SPDL,,400,389.1,390,,,16619,6494625.2,128,,
2026-05-04,SPHL,,515.9,509,509,,,1744,889972,26,,
2026-05-04,SPL,,712,693.2,694,,,4440,3118970,40,,
2026-05-04,SRLI,,390,385,388,,,8627,3340675.5,216,,
2026-05-04,SSHL,,214.7,206.6,207,,,172064,35872981.3,675,,
2026-05-04,STC,,5800,5700,5700,,,1278,7337785.3,24,,
2026-05-04,SWASTIK,,2450,2407,2411,,,787,1902952.4,44,,
2026-05-04,SWBBL,,756,717,725,,,4755,3436624.3,54,,
2026-05-04,SWMF,,659,647,655.9,,,2096,1373307.4,38,,
2026-05-04,SYPNL,,1550,1401,1408,,,45235,65347974.1,1040,,
2026-05-04,TAMOR,,440,430.4,431.1,,,45091,19469491.2,208,,
2026-05-04,TPC,,370,364,364,,,30144,11055516.9,117,,
2026-05-04,TRH,,747,730.1,747,,,3747,2754289.3,27,,
2026-05-04,TSHL,,630,615.1,616.5,,,1843,1144410.1,49,,
2026-05-04,TTL,,800,775.1,776.9,,,11969,9348789.6,290,,
2026-05-04,TVCL,,519,490,500,,,6020,2988331,53,,
2026-05-04,UHEWA,,567,558,567,,,8801,4928654.9,99,,
2026-05-04,ULBSL,,3059,2890,2978.9,,,588,1753803,34,,
2026-05-04,ULHC,,500,475.9,484,,,12853,6229907.2,77,,
2026-05-04,UMHL,,576.3,555,560,,,18089,10139619.4,119,,
2026-05-04,UMRH,,533,520.2,522,,,6030,3173402.2,50,,
2026-05-04,UNHPL,,480,467.1,467.1,,,38704,18338600.7,111,,
2026-05-04,UNL,,46900,46000,46000,,,70,3271000,4,,
2026-05-04,UNLB,,1500,1371,1421.4,,,2952,4173692.2,53,,
2026-05-04,UPCL,,375,363,368,,,34079,12510540.1,224,,
2026-05-04,UPPER,,207,200.5,201.4,,,133836,27014917.2,743,,
2026-05-04,USHEC,,485,481,483,,,8601,4156121.2,73,,
2026-05-04,USHL,,635,625,630,,,1812,1138308,22,,
2026-05-04,USLB,,1295,1270.1,1270.1,,,2188,2800449.2,62,,
2026-05-04,VLBS,,705,690,702,,,3954,2752746.5,206,,
2026-05-04,VLUCL,,496,471.2,472.6,,,5374,2565605.5,104,,
2026-05-05,ACLBSL,,968,922,940,,,1364,1275150.4,32,,
2026-05-05,ADBL,,308,300.2,306,,,19887,6070710.6,185,,
2026-05-05,AHL,,555,492,515,,,25170,12720743.6,170,,
2026-05-05,AHPC,,280,267.1,275.9,,,91101,25034332.5,398,,
2026-05-05,AKJCL,,368,347,352.9,,,229903,81540219.6,533,,
2026-05-05,AKPL,,267.8,258.1,263.1,,,86082,22698423.9,354,,
2026-05-05,ALBSL,,1110,1086,1107,,,3103,3406872.7,83,,
2026-05-05,ALICL,,451,445.1,450,,,10836,4865614.6,61,,
2026-05-05,ANLB,,6100,5760.1,6093.9,,,2059,11910752.9,22,,
2026-05-05,API,,335,326,333.5,,,137642,45612722.7,524,,
2026-05-05,AVYAN,,1128,1059.3,1128,,,8716,9769681.3,120,,
2026-05-05,BANDIPUR,,817,792,803,,,16070,12933881.7,561,,
2026-05-05,BARUN,,344,330.1,338,,,29737,10073163.2,185,,
2026-05-05,BBC,,4814,4701.2,4730,,,240,1142216,20,,
2026-05-05,BEDC,,363,345,357,,,60577,21359663.8,302,,
2026-05-05,BFC,,452,440.3,448,,,4335,1941121.3,47,,
2026-05-05,BGWT,,694.9,605.1,690,,,2620,1768850.8,66,,
2026-05-05,BHCL,,524,497,514,,,33962,17320620.3,448,,
2026-05-05,BHDC,,459,450,456.9,,,8712,3963853.8,92,,
2026-05-05,BHL,,218.5,211,214.1,,,105601,22734575.5,507,,
2026-05-05,BHPL,,523.8,501,515,,,7057,3630788.6,87,,
2026-05-05,BJHL,,1020,912,967.4,,,16784,16514608.9,544,,
2026-05-05,BNHC,,325,316,318,,,8677,2779066.5,78,,
2026-05-05,BNL,,15198,15198,15198,,,0,0,0,,
2026-05-05,BNT,,11698.9,11300.2,11698.9,,,130,1502608.9,11,,
2026-05-05,BPCL,,674,631.6,661,,,15646,10362267.7,136,,
2026-05-05,BUNGAL,,573.9,555,567,,,7867,4437129,194,,
2026-05-05,CBBL,,909.9,895.1,904,,,13968,12628671.3,189,,
2026-05-05,CFCL,,499,488.8,495.7,,,4343,2137979.5,42,,
2026-05-05,CGH,,809,800.1,803,,,9186,7388005,111,,
2026-05-05,CHCL,,479,468,475,,,30814,14594909.6,201,,
2026-05-05,CHDC,,2271,2140,2198,,,20712,45148512.3,301,,
2026-05-05,CHL,,286,272.3,283,,,18752,5261887.3,112,,
2026-05-05,CIT,,1770,1745,1752.4,,,3122,5472091.2,111,,
2026-05-05,CITY,,442.4,423.1,436,,,8238,3599303.4,125,,
2026-05-05,CKHL,,694,675.1,694,,,260,177927,18,,
2026-05-05,CLI,,453,448.2,453,,,6340,2859242,210,,
2026-05-05,CREST,,1078,1017,1072.9,,,6302,6639751.3,195,,
2026-05-05,CYCL,,1503,1431.1,1492,,,572,836838.2,36,,
2026-05-05,CZBIL,,203.2,200,202,,,28050,5670333,138,,
2026-05-05,DDBL,,830,820,826,,,5012,4137716.6,66,,
2026-05-05,DHEL,,595,576,588,,,15537,9064139.1,349,,
2026-05-05,DHPL,,299.2,292.2,292.3,,,3292,973661,27,,
2026-05-05,DLBS,,1409,1255,1354,,,1346,1769075.8,59,,
2026-05-05,DOLTI,,364,351,356.5,,,47307,16878673.8,231,,
2026-05-05,DORDI,,275,270,272,,,32970,8985130.7,204,,
2026-05-05,EBL,,699,685.3,695,,,15589,10827762.6,181,,
2026-05-05,EHPL,,406.3,383.2,383.2,,,33238,12947540.7,197,,
2026-05-05,ENL,,901,875,894,,,1221,1077769,18,,
2026-05-05,FMDBL,,800,775.3,788,,,10350,8196179.6,78,,
2026-05-05,FOWAD,,1268,1072,1143,,,37404,41842364.2,225,,
2026-05-05,GBIME,,231.8,228,230,,,63807,14695971.3,380,,
2026-05-05,GBLBS,,747,738,738,,,2159,1599351.5,49,,
2026-05-05,GCIL,,421,402,418,,,7443,3082456.8,191,,
2026-05-05,GFCL,,615,599,602,,,8142,4925489.5,75,,
2026-05-05,GHL,,235,227,230.5,,,44415,10285658.9,211,,
2026-05-05,GILB,,1107.5,1085.2,1087.5,,,712,779477.5,26,,
2026-05-05,GLBSL,,1800,1710,1764,,,340,598377,21,,
2026-05-05,GLH,,265.9,249.3,262.5,,,46510,12224519.8,226,,
2026-05-05,GMFBS,,1338,1259.1,1285,,,787,998762.4,20,,
2026-05-05,GMFIL,,462.4,450,451,,,3225,1465128,22,,
2026-05-05,GMLI,,1344,1256,1330,,,1475,1933814.5,96,,
2026-05-05,GUFL,,520,506,515.6,,,7207,3715415.1,71,,
2026-05-05,GVL,,490,477,485.9,,,4638,2244693.2,75,,
2026-05-05,HATHY,,810,790,800,,,5386,4306323.4,111,,
2026-05-05,HBL,,203,197.3,202.5,,,57044,11479466.2,921,,
2026-05-05,HDHPC,,222,214.1,219.6,,,291143,63769820.8,774,,
2026-05-05,HDL,,1155,1142,1150,,,24143,27741093.2,407,,
2026-05-05,HFIN,,1019,972,994,,,58778,58737483.4,2282,,
2026-05-05,HHL,,376.4,367,368,,,30159,11184491.7,182,,
2026-05-05,HIDCL,,267,260.6,263,,,60873,16018734.1,347,,
2026-05-05,HIMSTAR,,850,820,850,,,4523,3801477.9,124,,
2026-05-05,HLBSL,,900,871.5,900,,,1713,1519652.4,23,,
2026-05-05,HLI,,339.9,335.3,337,,,42837,14465899.9,357,,
2026-05-05,HPPL,,368,355.1,368,,,32691,11860525.6,195,,
2026-05-05,HRL,,669.5,627,655.4,,,77067,50604178,1045,,
2026-05-05,HURJA,,254.9,245.1,250,,,93338,23321572.7,283,,
2026-05-05,ICFC,,620,610,618,,,8204,5054380.4,57,,
2026-05-05,IHL,,421.2,388.1,409.9,,,4339,1762316.2,71,,
2026-05-05,ILBS,,949,925,936.9,,,1753,1623265.5,37,,
2026-05-05,ILI,,439.9,426.1,432,,,5517,2377734.9,192,,
2026-05-05,JBLB,,1282,1248,1282,,,7246,9181033.4,188,,
2026-05-05,JFL,,415,406,412.1,,,2606,1072037.8,36,,
2026-05-05,JHAPA,,1800,1605,1770,,,34283,59428778.1,841,,
2026-05-05,JOSHI,,281,271,278,,,16151,4487042.7,117,,
2026-05-05,JSLBB,,1070,1061.1,1061.1,,,160,170310,3,,
2026-05-05,KBL,,216.9,211,216,,,209533,45048874.2,708,,
2026-05-05,KBSH,,1539,1539,1539,,,0,0,0,,
2026-05-05,KDL,,818,800,808,,,2266,1833624,57,,
2026-05-05,KKHC,,270.8,251,265,,,56067,14753663.9,297,,
2026-05-05,KMCDB,,896,860,888,,,2611,2261704.4,40,,
2026-05-05,KPCL,,489.9,478,482,,,14033,6770837.4,104,,
2026-05-05,LEC,,224.5,216.3,220,,,96915,21500655.4,379,,
2026-05-05,LICN,,815,805,807,,,6678,5386881.2,59,,
2026-05-05,LLBS,,961,928,961,,,545,509862,18,,
2026-05-05,LSL,,217.5,211.2,214,,,79165,17023922.6,155,,
2026-05-05,MABEL,,657,635.5,647,,,7565,4882068.8,149,,
2026-05-05,MAKAR,,494.9,480.2,488.2,,,12926,6281856.7,92,,
2026-05-05,MANDU,,839.5,799,807,,,2315,1901293.4,58,,
2026-05-05,MATRI,,915,898,898,,,986,890407.9,27,,
2026-05-05,MBJC,,283.9,275,279.1,,,24924,6977892,252,,
2026-05-05,MBL,,246,240.5,244,,,61765,15026572.3,159,,
2026-05-05,MCHL,,344.9,316.3,320,,,6463,2091285.4,103,,
2026-05-05,MEHL,,396,363.1,380,,,5152,1961914,76,,
2026-05-05,MEL,,242,236.1,239,,,15816,3767941.3,199,,
2026-05-05,MEN,,584.8,571,579,,,40179,23267135.5,273,,
2026-05-05,MERO,,714,700.1,713,,,2462,1749750.9,49,,
2026-05-05,MFIL,,775,751.1,759,,,31490,23819080.4,122,,
2026-05-05,MHCL,,350,335.1,344,,,3495,1200677,64,,
2026-05-05,MHL,,495,484.1,489.8,,,4981,2435731.7,55,,
2026-05-05,MHNL,,288.4,256.1,258.6,,,6629,1726633.7,75,,
2026-05-05,MKCL,,1315,1285,1286,,,1724,2230925.1,47,,
2026-05-05,MKHC,,319,311.8,315,,,22616,7123899.7,139,,
2026-05-05,MKHL,,540.9,501,514,,,8609,4367612.3,202,,
2026-05-05,MKJC,,495,484,494,,,9758,4764609.2,84,,
2026-05-05,MLBBL,,1204.5,1186,1190,,,713,850470,25,,
2026-05-05,MLBS,,1240,1190,1200,,,345,422443,10,,
2026-05-05,MLBSL,,1777,1725,1761,,,1462,2537777.1,36,,
2026-05-05,MMKJL,,499,473.5,493,,,2525,1210721.1,51,,
2026-05-05,MPFL,,610,595.7,604,,,14600,8856879.4,74,,
2026-05-05,MSHL,,715,694,710.1,,,303,215339.6,15,,
2026-05-05,MSLB,,1269.9,1221,1240,,,1419,1789149,32,,
2026-05-05,NABIL,,526,516,521.6,,,38727,20186499.1,539,,
2026-05-05,NADEP,,750,725.3,750,,,453,335048,21,,
2026-05-05,NBL,,264,258.2,263.6,,,90291,23633721.6,281,,
2026-05-05,NESDO,,1545,1502.3,1534.9,,,1076,1646017.3,20,,
2026-05-05,NFS,,569,555,563,,,7586,4263103.6,128,,
2026-05-05,NGPL,,434.9,423,431,,,124262,53350229.9,499,,
2026-05-05,NHDL,,624,615,624,,,4035,2491150.5,40,,
2026-05-05,NHPC,,290.2,276.2,282.3,,,404132,115218642.9,1178,,
2026-05-05,NICA,,371.5,360,365,,,127364,46416631.9,586,,
2026-05-05,NICLBSL,,580,565,577,,,7116,4060423.9,116,,
2026-05-05,NIFRA,,262,258,260.8,,,59155,15385429.9,487,,
2026-05-05,NIMB,,198.8,193.9,196.7,,,65244,12838089.3,348,,
2026-05-05,NLIC,,772,755.5,763,,,17431,13264889.6,185,,
2026-05-05,NLICL,,583,570.5,575,,,19902,11485757.1,96,,
2026-05-05,NLO,,269.4,269.4,269.4,,,0,0,0,,
2026-05-05,NMB,,242,236.1,241.7,,,30990,7395221.5,155,,
2026-05-05,NMBMF,,641,630,639,,,2923,1853145,18,,
2026-05-05,NMFBS,,1095,1089,1092,,,4065,4434721.6,61,,
2026-05-05,NMLBBL,,610,601.3,607,,,5369,3246564.7,62,,
2026-05-05,NRIC,,889.7,865,878,,,24273,21273590.6,321,,
2026-05-05,NRM,,399.9,395,395,,,7963,3158642.1,100,,
2026-05-05,NRN,,1413,1383,1387,,,40947,57168188.2,431,,
2026-05-05,NTC,,880,870,872.2,,,9200,8055496.5,178,,
2026-05-05,NUBL,,673,665.1,672,,,2915,1950701.6,44,,
2026-05-05,NWCL,,799.7,775.1,794,,,929,727954.5,35,,
2026-05-05,NYADI,,398.9,377,384,,,8563,3317144.9,95,,
2026-05-05,OHL,,697.9,668,690,,,500,337907.5,10,,
2026-05-05,OMPL,,1155,1115,1144,,,2905,3320394,96,,
2026-05-05,PCBL,,238.9,234.2,235.9,,,47137,11116758.1,188,,
2026-05-05,PCIL,,916.7,850,897,,,87957,77374062.7,4834,,
2026-05-05,PFL,,384,376,378.1,,,7495,2851722.4,59,,
2026-05-05,PHCL,,301,293.6,296,,,38405,11432739,231,,
2026-05-05,PMHPL,,339,329,337,,,5920,1974593,32,,
2026-05-05,PMLI,,470,455,469,,,4930,2269071.1,114,,
2026-05-05,PPCL,,377,370,371,,,6094,2267040.6,53,,
2026-05-05,PPL,,349,323.1,343,,,23325,7966573.8,165,,
2026-05-05,PROFL,,444,440,444,,,1594,701867,25,,
2026-05-05,PRVU,,196,191.2,194,,,131119,25444165.6,594,,
2026-05-05,PURE,,900,861,898,,,9029,8048984.1,126,,
2026-05-05,RADHI,,745,719,740,,,49201,35824983.7,184,,
2026-05-05,RAWA,,605,582,582,,,890,525379,22,,
2026-05-05,RFPL,,374,365,368,,,25166,9333180.6,169,,
2026-05-05,RHGCL,,293.6,279.6,293,,,49672,14282642,197,,
2026-05-05,RHPL,,276,271.1,276,,,14711,4035109.5,126,,
2026-05-05,RIDI,,352,333,338,,,180120,61041403.7,604,,
2026-05-05,RLEL,,1160,1110.6,1145,,,44625,50862101.6,1123,,
2026-05-05,RLFL,,432,425,425,,,4687,2008034.6,51,,
2026-05-05,RNLI,,459,451.2,456,,,10764,4902157.9,243,,
2026-05-05,RSDC,,656.8,640,651.1,,,4376,2852961,51,,
2026-05-05,RSML,,3839.9,3675,3750,,,33951,127813125.3,728,,
2026-05-05,RURU,,650,636,649.9,,,3899,2522743.3,63,,
2026-05-05,SAGAR,,1720,1655,1694,,,11577,19548734.1,238,,
2026-05-05,SAHAS,,616,610,614,,,47671,29240613.5,512,,
2026-05-05,SAIL,,1175,1120,1160,,,20369,23379048.2,405,,
2026-05-05,SANIMA,,353,345,352,,,47190,16563089.9,256,,
2026-05-05,SANVI,,680,660,667,,,12410,8314949,200,,
2026-05-05,SARBTM,,832,816,820,,,12305,10095932.7,111,,
2026-05-05,SBI,,398,391,397.2,,,5964,2359215.5,41,,
2026-05-05,SBL,,388,381,388,,,45161,17414558,148,,
2026-05-05,SCB,,642,626,637.5,,,3039,1939843.4,68,,
2026-05-05,SGHC,,369,356.5,358,,,22460,8094491.4,131,,
2026-05-05,SHEL,,308,298.6,305,,,80147,24303679.8,313,,
2026-05-05,SHIVM,,665,651.3,660,,,77677,51202308.1,495,,
2026-05-05,SHL,,500,489.1,492.3,,,14185,6995572,79,,
2026-05-05,SHLB,,1450,1420,1449.9,,,2250,3248968.2,18,,
2026-05-05,SHPC,,514.8,482.6,512.8,,,18382,9367210.1,116,,
2026-05-05,SIFC,,539,522.1,523,,,1926,1015444.4,31,,
2026-05-05,SIKLES,,580,565,573.4,,,6989,4011968.9,88,,
2026-05-05,SIPD,,909.4,859.8,900,,,43463,38644330.5,2411,,
2026-05-05,SJCL,,296,289,295,,,10723,3142470.5,114,,
2026-05-05,SJLIC,,430,420.1,427,,,14098,6018168.6,161,,
2026-05-05,SKBBL,,759.9,750,756,,,15475,11703009.6,160,,
2026-05-05,SKHEL,,1399.8,1301,1343,,,22973,30940406.6,621,,
2026-05-05,SKHL,,986,928,930,,,30205,28781464.8,783,,
2026-05-05,SLBBL,,820,801.1,813.5,,,2475,2013527.6,52,,
2026-05-05,SLBSL,,1205,1170,1201,,,1064,1260982.6,35,,
2026-05-05,SMATA,,767,750.1,766,,,2829,2154893.9,82,,
2026-05-05,SMB,,1755.1,1699,1743,,,1031,1782270,29,,
2026-05-05,SMFBS,,1596,1580,1580,,,32,50362,4,,
2026-05-05,SMH,,564,541,562,,,9480,5279283.2,118,,
2026-05-05,SMHL,,498,480,496,,,30971,15238371.5,236,,
2026-05-05,SMJC,,440,430,439,,,10936,4778210.1,117,,
2026-05-05,SMPDA,,846,825,838,,,1976,1650323.7,34,,
2026-05-05,SNLI,,455,445,447,,,10123,4533184.9,310,,
2026-05-05,SOHL,,726,660,718.5,,,336179,235716552.3,4004,,
2026-05-05,SONA,,435,421,431.5,,,17810,7653734.9,284,,
2026-05-05,SPC,,466.8,452.8,455.1,,,4223,1929223.2,62,,
2026-05-05,SPDL,,397,387,393.9,,,24582,9614055.7,141,,
2026-05-05,SPHL,,515,500,504,,,5022,2526230.5,42,,
2026-05-05,SPL,,709.9,686.1,703,,,2493,1751309.5,28,,
2026-05-05,SRLI,,392,385.3,388,,,17308,6712091.9,195,,
2026-05-05,SSHL,,215,205.2,211.3,,,224126,47304289.1,647,,
2026-05-05,STC,,5782.4,5661,5755,,,340,1956308.6,14,,
2026-05-05,SWASTIK,,2469.9,2400.3,2450,,,669,1626305,37,,
2026-05-05,SWBBL,,733,720,724.9,,,1167,844577.9,27,,
2026-05-05,SWMF,,663.3,653,660,,,3450,2266330.8,51,,
2026-05-05,SYPNL,,1478.4,1381.1,1411.1,,,34777,49402520.3,921,,
2026-05-05,TAMOR,,434,425.3,430.2,,,35565,15304227.5,153,,
2026-05-05,TPC,,375,357,361.1,,,49543,18112492.3,168,,
2026-05-05,TRH,,770,734,737.1,,,4920,3746388,30,,
2026-05-05,TSHL,,634,595,600,,,5378,3248662.6,82,,
2026-05-05,TTL,,791.2,766.2,784,,,13993,10937128.7,326,,
2026-05-05,TVCL,,529.9,480,502.6,,,26097,12760635.6,82,,
2026-05-05,UHEWA,,570,556,560.1,,,22651,12679595,109,,
2026-05-05,ULBSL,,2968,2889.6,2899,,,956,2776430.2,38,,
2026-05-05,ULHC,,550,476,538,,,43589,21487815.1,154,,
2026-05-05,UMHL,,565,551,560,,,28127,15662526.8,109,,
2026-05-05,UMRH,,529.5,518.1,528,,,5954,3128507.2,49,,
2026-05-05,UNHPL,,479,444,465.1,,,15290,7140370.6,100,,
2026-05-05,UNL,,46450.1,46001,46450,,,70,3242021,5,,
2026-05-05,UNLB,,1483,1380,1428,,,2483,3625728.9,49,,
2026-05-05,UPCL,,375,360.3,368.6,,,35351,13054361.4,158,,
2026-05-05,UPPER,,204.9,199.1,202,,,132582,26770960.1,727,,
2026-05-05,USHEC,,489.9,482,482.5,,,6658,3225454.5,49,,
2026-05-05,USHL,,692,598.5,650,,,1119,706375.3,40,,
2026-05-05,USLB,,1280,1246,1248,,,2361,2979035.6,72,,
2026-05-05,VLBS,,709.9,695,703,,,2787,1952518.1,135,,
2026-05-05,VLUCL,,479.9,470,477.6,,,1330,634050.8,29,,
2026-05-06,ACLBSL,,950,940,949.8,,,170,160736,10,,
2026-05-06,ADBL,,307,304,305,,,18022,5501192,151,,
2026-05-06,AHL,,512.9,499.6,510,,,4799,2410506.6,44,,
2026-05-06,AHPC,,279,274,274.1,,,68251,18818740.4,226,,
2026-05-06,AKJCL,,370,343.1,349.9,,,182309,63524373.6,435,,
2026-05-06,AKPL,,265.9,261.1,262,,,59128,15606259,227,,
2026-05-06,ALBSL,,1113,1081,1105,,,6372,6973403.5,104,,
2026-05-06,ALICL,,450.9,445.1,449.5,,,4865,2177092.9,59,,
2026-05-06,ANLB,,6000,5800,5950,,,207,1216054.2,22,,
2026-05-06,API,,335,329,331,,,148569,49186811.6,475,,
2026-05-06,AVYAN,,1130,1071.6,1118,,,5201,5812441.5,83,,
2026-05-06,BANDIPUR,,815,800,803,,,14227,11408356.1,387,,
2026-05-06,BARUN,,343.8,336,338,,,17549,5944766.2,119,,
2026-05-06,BBC,,4831,4707,4715.1,,,321,1526234,23,,
2026-05-06,BEDC,,373.5,350.1,353,,,30774,10898633.8,196,,
2026-05-06,BFC,,454,446.1,452,,,2709,1218929,35,,
2026-05-06,BGWT,,700,586.5,628.6,,,4989,3266790.2,110,,
2026-05-06,BHCL,,517,495,498.8,,,25689,12896885.6,302,,
2026-05-06,BHDC,,461.9,451,453.2,,,9029,4105149.3,82,,
2026-05-06,BHL,,218.6,214,215.8,,,82838,17871904.6,349,,
2026-05-06,BHPL,,525,514,514.1,,,2311,1192230.1,47,,
2026-05-06,BJHL,,997,919.1,962.1,,,8250,8052040,328,,
2026-05-06,BNHC,,318,313,314.5,,,7585,2388570.8,79,,
2026-05-06,BNL,,15198,15198,15198,,,0,0,0,,
2026-05-06,BNT,,11695,11370,11695,,,210,2410939,8,,
2026-05-06,BPCL,,694,650,657.9,,,46658,30579905.1,212,,
2026-05-06,BUNGAL,,570,556,565,,,3497,1966858,110,,
2026-05-06,CBBL,,914.9,887,904,,,23482,21127533.4,261,,
2026-05-06,CFCL,,500,489,491.6,,,6483,3179543.8,44,,
2026-05-06,CGH,,814,801.2,802,,,6058,4864380.4,73,,
2026-05-06,CHCL,,475,467,474,,,54070,25493504.9,216,,
2026-05-06,CHDC,,2229,2156.1,2200,,,7240,15982956.9,121,,
2026-05-06,CHL,,289.9,280.4,284,,,13889,3947515.3,108,,
2026-05-06,CIT,,1770,1699.9,1765,,,2299,4040972.6,79,,
2026-05-06,CITY,,447,424,424,,,9849,4240753.7,142,,
2026-05-06,CKHL,,689,673.5,689,,,7137,4857990,40,,
2026-05-06,CLI,,451,449.2,450.9,,,5213,2347694.1,179,,
2026-05-06,CREST,,1126.5,1050.8,1073.9,,,4814,5135757.1,145,,
2026-05-06,CYCL,,1463,1453.3,1453.3,,,580,847668.9,22,,
2026-05-06,CZBIL,,204.9,199.5,202,,,32176,6510093.4,129,,
2026-05-06,DDBL,,850,827,841,,,10579,8899176.5,97,,
2026-05-06,DHEL,,600,580,585,,,9997,5869339.4,209,,
2026-05-06,DHPL,,306.9,291.5,293,,,3455,1011956.5,35,,
2026-05-06,DLBS,,1421.7,1260,1308,,,3225,4136073.3,65,,
2026-05-06,DOLTI,,374,344,345.6,,,41033,14383785,311,,
2026-05-06,DORDI,,277,270,271,,,35364,9603727.7,205,,
2026-05-06,EBL,,701,694.5,699,,,18466,12871750.6,170,,
2026-05-06,EHPL,,402.3,378.9,383,,,27028,10363379.8,196,,
2026-05-06,ENL,,920,869,895,,,274,243573,17,,
2026-05-06,FMDBL,,820.9,780,780,,,35602,28390455.3,160,,
2026-05-06,FOWAD,,1314,1109,1300,,,21202,24081803.4,144,,
2026-05-06,GBIME,,233,229,231,,,85095,19671330.1,373,,
2026-05-06,GBLBS,,744.9,730,744,,,2119,1568103.3,36,,
2026-05-06,GCIL,,420.1,415,419,,,3070,1279412.9,121,,
2026-05-06,GFCL,,612,597,603,,,5483,3295509.7,64,,
2026-05-06,GHL,,234,230,232,,,49699,11485395.7,176,,
2026-05-06,GILB,,1093,1075,1080,,,1417,1524575.6,34,,
2026-05-06,GLBSL,,1816,1760,1760,,,1687,3034298,26,,
2026-05-06,GLH,,265,258.1,261.8,,,23782,6211949.2,140,,
2026-05-06,GMFBS,,1317,1273.8,1273.8,,,442,566458,14,,
2026-05-06,GMFIL,,463.4,448,456,,,6531,2947820.8,39,,
2026-05-06,GMLI,,1339,1275,1280,,,3134,4044250.5,102,,
2026-05-06,GUFL,,525.2,511,519,,,3962,2058248,42,,
2026-05-06,GVL,,488,484,485.5,,,9467,4593771.1,93,,
2026-05-06,HATHY,,812,800,802,,,3162,2538042.7,65,,
2026-05-06,HBL,,204.9,200.1,200.8,,,29562,5942167.3,680,,
2026-05-06,HDHPC,,225.9,216,218,,,118378,25830764.4,395,,
2026-05-06,HDL,,1156.5,1150,1151,,,24454,28178129.9,330,,
2026-05-06,HFIN,,1020,982,988,,,51679,51786312.1,1881,,
2026-05-06,HHL,,375.9,367.1,369,,,23493,8689124.1,131,,
2026-05-06,HIDCL,,276.1,261.5,263.9,,,55036,14479670.5,278,,
2026-05-06,HIMSTAR,,863,832,840,,,4389,3698227.1,108,,
2026-05-06,HLBSL,,908,895,895,,,320,287882,8,,
2026-05-06,HLI,,339.9,334,335,,,46111,15471795.6,399,,
2026-05-06,HPPL,,370,357,365,,,10408,3817092.4,91,,
2026-05-06,HRL,,688,640.4,654.2,,,48547,31854442.2,665,,
2026-05-06,HURJA,,253,246,246.9,,,53115,13129421.3,188,,
2026-05-06,ICFC,,628.9,618,623,,,5651,3539084.8,31,,
2026-05-06,IHL,,406.9,395,397.8,,,2555,1023631.6,55,,
2026-05-06,ILBS,,944,922,926,,,3206,3013095.8,38,,
2026-05-06,ILI,,442,427.1,433,,,4130,1783403.7,192,,
2026-05-06,JBLB,,1299.9,1282,1299,,,4150,5366460.5,146,,
2026-05-06,JFL,,416,405,408,,,3235,1322568,38,,
2026-05-06,JHAPA,,1835.4,1681.5,1792,,,41486,72676424.9,477,,
2026-05-06,JOSHI,,286.2,275,279.5,,,11575,3226687.1,72,,
2026-05-06,JSLBB,,1065,1060.1,1060.1,,,90,95571,6,,
2026-05-06,KBL,,219,215,216.5,,,160215,34722378.5,474,,
2026-05-06,KBSH,,1513,1511.6,1513,,,40,60482,3,,
2026-05-06,KDL,,816.5,785,803,,,1230,990819,37,,
2026-05-06,KKHC,,269,260,263.4,,,19315,5054834.2,116,,
2026-05-06,KMCDB,,888,865.6,870,,,470,408445,16,,
2026-05-06,KPCL,,484,477.5,482.9,,,4018,1928254.1,42,,
2026-05-06,LEC,,223,218,219,,,68021,14986715.3,251,,
2026-05-06,LICN,,813,805.1,809,,,12635,10226619.5,44,,
2026-05-06,LLBS,,948.9,921,925.1,,,437,404113.8,15,,
2026-05-06,LSL,,217,211.3,215.9,,,36649,7889711.4,136,,
2026-05-06,MABEL,,651,614.7,643,,,4965,3187084,115,,
2026-05-06,MAKAR,,501.9,485,485.6,,,6485,3155891,65,,
2026-05-06,MANDU,,810,801,805,,,1138,916384,21,,
2026-05-06,MATRI,,914.9,895,895.1,,,577,521462.3,16,,
2026-05-06,MBJC,,285,276.4,282,,,26893,7608579,193,,
2026-05-06,MBL,,247,243,245,,,31322,7689008.5,126,,
2026-05-06,MCHL,,318.6,305,312,,,21780,6757957.1,171,,
2026-05-06,MEHL,,391.4,370.1,373.7,,,7472,2806192.5,71,,
2026-05-06,MEL,,239,228,229,,,48116,11150650.9,349,,
2026-05-06,MEN,,587,579.3,583,,,32249,18777672.1,170,,
2026-05-06,MERO,,713,709,709,,,1564,1110119.6,23,,
2026-05-06,MFIL,,770,728,764.5,,,13161,10036829.7,94,,
2026-05-06,MHCL,,345.1,335.4,345.1,,,2074,710042,41,,
2026-05-06,MHL,,493,485,492,,,11104,5438043.7,57,,
2026-05-06,MHNL,,264.9,258,259,,,9810,2554633.6,75,,
2026-05-06,MKCL,,1290,1273.1,1280,,,622,797693,31,,
2026-05-06,MKHC,,318,312.1,312.6,,,15328,4812843.2,110,,
2026-05-06,MKHL,,529,501.1,511,,,24224,12396589.6,92,,
2026-05-06,MKJC,,504.9,484.2,494,,,11630,5672523.2,42,,
2026-05-06,MLBBL,,1195.1,1180,1195,,,379,451773.5,22,,
2026-05-06,MLBS,,1249,1212.6,1238,,,132,162313.4,9,,
2026-05-06,MLBSL,,1764,1750,1750,,,90,157798,8,,
2026-05-06,MMKJL,,495,482,485.1,,,2048,994822,24,,
2026-05-06,MPFL,,610,600,603.9,,,6873,4141729,55,,
2026-05-06,MSHL,,703,691.1,694.1,,,1570,1098621,11,,
2026-05-06,MSLB,,1254,1230,1254,,,292,359921,19,,
2026-05-06,NABIL,,527,522,522.3,,,23570,12333112.2,329,,
2026-05-06,NADEP,,750,728.2,738,,,842,627865,11,,
2026-05-06,NBL,,273,250.5,261.5,,,69913,18278318.2,212,,
2026-05-06,NESDO,,1543,1514.1,1539,,,143,219111,11,,
2026-05-06,NFS,,571,555,565,,,6331,3585761.8,56,,
2026-05-06,NGPL,,436,427.1,429.4,,,287810,124117596,573,,
2026-05-06,NHDL,,624,616.1,624,,,598,370847.3,13,,
2026-05-06,NHPC,,288,276,276.1,,,530163,148822242.8,1206,,
2026-05-06,NICA,,373,359,361,,,61864,22362194.4,317,,
2026-05-06,NICLBSL,,580,564,575,,,3070,1752106.8,62,,
2026-05-06,NIFRA,,261.9,260,260.4,,,44666,11639886.3,375,,
2026-05-06,NIMB,,206.5,195,197,,,58096,11413122.2,313,,
2026-05-06,NLIC,,775,755,760,,,17099,12947357.8,220,,
2026-05-06,NLICL,,580,573.5,576,,,7530,4332689,56,,
2026-05-06,NLO,,269.4,269.4,269.4,,,0,0,0,,
2026-05-06,NMB,,245,237.7,240.9,,,20401,4889994.6,107,,
2026-05-06,NMBMF,,642,633,633,,,845,537138,14,,
2026-05-06,NMFBS,,1117.6,1088,1092,,,2973,3244600.3,38,,
2026-05-06,NMLBBL,,609.2,601.5,602.4,,,2194,1324356.6,46,,
2026-05-06,NRIC,,887,875.1,877,,,15069,13280491.1,244,,
2026-05-06,NRM,,400,390,397.9,,,7608,3007618,81,,
2026-05-06,NRN,,1405,1371.1,1398,,,41308,57389837.3,370,,
2026-05-06,NTC,,876,870,875,,,6660,5810441.1,146,,
2026-05-06,NUBL,,675,671,673,,,1720,1159183.7,26,,
2026-05-06,NWCL,,790,783,784.1,,,360,282457,16,,
2026-05-06,NYADI,,390,380,385,,,3585,1377498,45,,
2026-05-06,OHL,,700,685.6,687,,,562,387560.1,12,,
2026-05-06,OMPL,,1140,1119,1130,,,2714,3066841.9,88,,
2026-05-06,PCBL,,237.9,234.2,237.9,,,22656,5349885.1,100,,
2026-05-06,PCIL,,918,875,876,,,52889,47055834.8,2648,,
2026-05-06,PFL,,382.9,376,377,,,5695,2154032.3,38,,
2026-05-06,PHCL,,303,295.1,296.8,,,34873,10427219,190,,
2026-05-06,PMHPL,,339,330.1,335,,,10882,3640792,44,,
2026-05-06,PMLI,,464.9,455.3,460.1,,,7197,3311929.9,136,,
2026-05-06,PPCL,,380,365,369,,,14471,5329829.8,111,,
2026-05-06,PPL,,347,326.5,344,,,10537,3619798,105,,
2026-05-06,PROFL,,444,437.5,440,,,1960,863015,25,,
2026-05-06,PRVU,,200,191.5,193.8,,,63489,12340572.8,353,,
2026-05-06,PURE,,920,875.1,889.9,,,5813,5148538.6,92,,
2026-05-06,RADHI,,744,734,735.9,,,23443,17277996.3,95,,
2026-05-06,RAWA,,598.7,565.4,587,,,2202,1277038,29,,
2026-05-06,RFPL,,377,368,369,,,16131,5951944.8,165,,
2026-05-06,RHGCL,,307.6,287,293,,,31949,9370351.8,143,,
2026-05-06,RHPL,,277,275,275.5,,,7066,1948814,81,,
2026-05-06,RIDI,,346,335.1,336.9,,,187186,63578966,491,,
2026-05-06,RLEL,,1214.6,1125,1175,,,31627,36918138.3,924,,
2026-05-06,RLFL,,433,425.2,425.5,,,4734,2021795.2,43,,
2026-05-06,RNLI,,460,453,458,,,4222,1925843,193,,
2026-05-06,RSDC,,660,651.1,652,,,2395,1565307.7,47,,
2026-05-06,RSML,,3775,3619,3689,,,43504,160785695.5,929,,
2026-05-06,RURU,,659,641,642.9,,,4182,2698885.9,51,,
2026-05-06,SAGAR,,1710,1660,1670,,,6790,11373248.5,136,,
2026-05-06,SAHAS,,618.9,614,615,,,41060,25299489.8,414,,
2026-05-06,SAIL,,1218,1112.2,1119,,,24392,27483000.7,411,,
2026-05-06,SANIMA,,355.9,352.2,355,,,56595,20030432.5,270,,
2026-05-06,SANVI,,680,661,661,,,9611,6435157.5,177,,
2026-05-06,SARBTM,,834.9,820,829.9,,,5633,4668821.8,60,,
2026-05-06,SBI,,398,395,395,,,5437,2153574,41,,
2026-05-06,SBL,,393.9,387,392,,,36949,14386702.6,121,,
2026-05-06,SCB,,641.5,636.1,640.9,,,5579,3569926.7,80,,
2026-05-06,SGHC,,374.8,356,356.1,,,8833,3195442.2,109,,
2026-05-06,SHEL,,307,299.3,304.5,,,155234,47117990,353,,
2026-05-06,SHIVM,,670,658.5,662,,,88362,58449425.7,396,,
2026-05-06,SHL,,497,480,495.9,,,22373,10969840.3,103,,
2026-05-06,SHLB,,1440,1415,1421,,,99,140940,9,,
2026-05-06,SHPC,,516,508.1,510,,,23400,11958307.8,110,,
2026-05-06,SIFC,,538.6,520,520,,,3101,1632720.7,45,,
2026-05-06,SIKLES,,580,572,573,,,3343,1924221.7,55,,
2026-05-06,SIPD,,898,855,865,,,24250,21107580,1453,,
2026-05-06,SJCL,,294.9,290.1,294.9,,,7114,2073266.4,80,,
2026-05-06,SJLIC,,429.9,422.5,426,,,18854,8007331.3,141,,
2026-05-06,SKBBL,,768.9,756,762,,,6319,4806290.8,111,,
2026-05-06,SKHEL,,1410,1288,1299,,,12398,16157137.8,429,,
2026-05-06,SKHL,,974.3,901,903,,,26465,24263703.2,724,,
2026-05-06,SLBBL,,819,809,818.9,,,4300,3489789.4,58,,
2026-05-06,SLBSL,,1201,1170,1190,,,653,771368,13,,
2026-05-06,SMATA,,771,761,762,,,1202,918425.9,36,,
2026-05-06,SMB,,1750,1725,1750,,,372,648934.8,10,,
2026-05-06,SMFBS,,1630,1595,1595,,,250,403016.9,13,,
2026-05-06,SMH,,572.9,550,566,,,3496,1984162.6,54,,
2026-05-06,SMHL,,505,491.9,497,,,41365,20596852.9,230,,
2026-05-06,SMJC,,444,435,437.5,,,5343,2346406.7,94,,
2026-05-06,SMPDA,,849,825,836.8,,,1904,1584216.1,36,,
2026-05-06,SNLI,,449,444.9,446,,,18651,8304405,246,,
2026-05-06,SOHL,,736,705,711,,,305806,221153609.3,2915,,
2026-05-06,SONA,,434.7,426.8,430,,,10015,4315411.2,211,,
2026-05-06,SPC,,465.9,453.1,456.9,,,3186,1451932.6,31,,
2026-05-06,SPDL,,397,392.7,394,,,36564,14404013,112,,
2026-05-06,SPHL,,519,498.1,504,,,2389,1195834,22,,
2026-05-06,SPL,,704.4,684,696,,,626,437092,12,,
2026-05-06,SRLI,,391,384,388,,,22044,8521017.6,151,,
2026-05-06,SSHL,,215.5,210,211,,,137249,29038280.7,410,,
2026-05-06,STC,,5780,5700,5779,,,320,1831814,13,,
2026-05-06,SWASTIK,,2475,2440,2460,,,672,1653867,33,,
2026-05-06,SWBBL,,724,718.1,722,,,3990,2874273.8,46,,
2026-05-06,SWMF,,659,653.2,653.2,,,1165,762012.6,27,,
2026-05-06,SYPNL,,1447,1390.1,1404,,,41957,59380925.3,827,,
2026-05-06,TAMOR,,433.9,427.1,431,,,26090,11256872,136,,
2026-05-06,TPC,,378.5,360.1,365,,,13972,5057496.8,82,,
2026-05-06,TRH,,783,740,762,,,2247,1699283,25,,
2026-05-06,TSHL,,632,594.8,600,,,1268,760965.5,29,,
2026-05-06,TTL,,794,772,780,,,11313,8852082.8,210,,
2026-05-06,TVCL,,517,490,491.1,,,4806,2429284,50,,
2026-05-06,UHEWA,,568,560.1,567,,,6178,3475018.4,73,,
2026-05-06,ULBSL,,2969,2826,2925,,,1856,5320422.5,47,,
2026-05-06,ULHC,,572.6,499,570,,,203859,102195683.8,336,,
2026-05-06,UMHL,,571.7,557,563.9,,,36288,20451265.7,153,,
2026-05-06,UMRH,,530,523.3,530,,,5394,2831288.4,45,,
2026-05-06,UNHPL,,473,465.2,470,,,18178,8516649.6,91,,
2026-05-06,UNL,,46450,46450,46450,,,0,0,0,,
2026-05-06,UNLB,,1443,1401,1443,,,549,773120,13,,
2026-05-06,UPCL,,369.5,365,369,,,54352,19919135,187,,
2026-05-06,UPPER,,204.9,200,202.9,,,88623,17909858.7,504,,
2026-05-06,USHEC,,485,482,485,,,1200,581045,44,,
2026-05-06,USHL,,669,630.5,647,,,1187,762293.4,41,,
2026-05-06,USLB,,1259,1240,1252,,,2547,3183640,68,,
2026-05-06,VLBS,,706,690.2,691.2,,,2859,1990564.3,111,,
2026-05-06,VLUCL,,481,470.3,481,,,1020,487400,33,,
2026-05-07,ACLBSL,,950,940,950,,,92,86704.3,8,,
2026-05-07,ADBL,,308,305,308,,,14376,4404348.8,132,,
2026-05-07,AHL,,515,495,510,,,11662,5910499.9,74,,
2026-05-07,AHPC,,278.1,260.4,274.9,,,94515,25689011.5,302,,
2026-05-07,AKJCL,,352.6,332.7,346.9,,,235332,81149934.7,420,,
2026-05-07,AKPL,,264,260,263.1,,,68258,17865216.3,258,,
2026-05-07,ALBSL,,1119,1088,1106,,,4143,4531037.2,104,,
2026-05-07,ALICL,,454,445.6,450.8,,,4054,1817409.6,45,,
2026-05-07,ANLB,,5919.9,5607.2,5919.9,,,687,3903167,27,,
2026-05-07,API,,335,329.7,332.3,,,210088,69834265.2,415,,
2026-05-07,AVYAN,,1120,1100.4,1117.9,,,1461,1630401,36,,
2026-05-07,BANDIPUR,,805,790,803,,,25441,20316823.5,478,,
2026-05-07,BARUN,,340,335.6,336,,,18731,6317726.3,113,,
2026-05-07,BBC,,4814,4722.1,4799,,,301,1429893,20,,
2026-05-07,BEDC,,359.6,350,354.7,,,23449,8255312.7,183,,
2026-05-07,BFC,,457,447,450,,,5603,2517542.5,39,,
2026-05-07,BGWT,,650,592,638,,,7379,4600488.5,102,,
2026-05-07,BHCL,,505,496,497.6,,,9253,4615415.7,217,,
2026-05-07,BHDC,,480,448,459.9,,,9052,4125988.3,70,,
2026-05-07,BHL,,218,214,216.5,,,86014,18592169.6,383,,
2026-05-07,BHPL,,520,511,517,,,5397,2778182.3,55,,
2026-05-07,BJHL,,990,955,978,,,10486,10209205.9,325,,
2026-05-07,BNHC,,320,315,317,,,1440,457102.6,39,,
2026-05-07,BNL,,14800,14800,14800,,,20,296000,2,,
2026-05-07,BNT,,11695,11695,11695,,,0,0,0,,
2026-05-07,BPCL,,689.1,656,656.2,,,11942,7878574.9,100,,
2026-05-07,BUNGAL,,570,557.1,562,,,3992,2244910.1,138,,
2026-05-07,CBBL,,914,894,900,,,23285,21013448.1,258,,
2026-05-07,CFCL,,493,486,487,,,2534,1240005.5,28,,
2026-05-07,CGH,,810,800,803.4,,,4799,3850762.1,65,,
2026-05-07,CHCL,,480,450.3,470,,,51185,24086286.3,238,,
2026-05-07,CHDC,,2220,2177,2210.2,,,7554,16636387.3,123,,
2026-05-07,CHL,,288.9,281.5,284,,,8936,2548375.7,74,,
2026-05-07,CIT,,1770,1750,1760,,,3489,6124566.6,108,,
2026-05-07,CITY,,436,420.1,420.1,,,9785,4153234.1,124,,
2026-05-07,CKHL,,690,672,683,,,520,351341,16,,
2026-05-07,CLI,,459,447.1,452,,,5216,2356460.5,167,,
2026-05-07,CREST,,1127.5,1055,1073.8,,,4614,4918710.5,130,,
2026-05-07,CYCL,,1484.8,1453.1,1457,,,495,725109.7,20,,
2026-05-07,CZBIL,,204.9,200.8,202.1,,,24706,5016478.8,141,,
2026-05-07,DDBL,,853,841.1,847.9,,,6877,5814302.5,82,,
2026-05-07,DHEL,,587,576,581.2,,,6882,3999155.8,187,,
2026-05-07,DHPL,,295,290,293,,,4296,1252432.5,27,,
2026-05-07,DLBS,,1309.1,1271,1278.2,,,891,1151279,27,,
2026-05-07,DOLTI,,355,330.1,336.9,,,51485,17383392.2,315,,
2026-05-07,DORDI,,274,265,266.5,,,48367,12918769.5,216,,
2026-05-07,EBL,,720,699,701,,,21603,15246467.2,171,,
2026-05-07,EHPL,,390,370,384,,,8999,3424348.5,97,,
2026-05-07,ENL,,890,875,889,,,1459,1283997,27,,
2026-05-07,FMDBL,,807,760,800,,,21452,17112045.3,181,,
2026-05-07,FOWAD,,1364,1105,1127.9,,,64768,72308753.2,708,,
2026-05-07,GBIME,,232.5,228.6,231,,,62281,14311859.3,292,,
2026-05-07,GBLBS,,763.8,733.3,762.9,,,3712,2791193.1,74,,
2026-05-07,GCIL,,416,410,414,,,9562,3947423,112,,
2026-05-07,GFCL,,615,598,610,,,4388,2663833.7,40,,
2026-05-07,GHL,,233.9,230,231.9,,,51383,11874560,192,,
2026-05-07,GILB,,1100,1080,1100,,,1004,1095151.2,30,,
2026-05-07,GLBSL,,1790,1760,1790,,,193,344690.8,9,,
2026-05-07,GLH,,265,260,264.3,,,25567,6686847.3,153,,
2026-05-07,GMFBS,,1312,1275.1,1305,,,233,300348.1,10,,
2026-05-07,GMFIL,,459,450.3,456,,,6482,2928959.4,35,,
2026-05-07,GMLI,,1318,1257.3,1281,,,860,1093354,43,,
2026-05-07,GUFL,,528,515.1,517.9,,,7152,3698658.1,64,,
2026-05-07,GVL,,491,478,486.1,,,14418,7046389.7,107,,
2026-05-07,HATHY,,813,795,806,,,3453,2765757.9,77,,
2026-05-07,HBL,,204.8,200,204.8,,,32152,6481992.9,689,,
2026-05-07,HDHPC,,222.7,215,216.5,,,189470,41087929,455,,
2026-05-07,HDL,,1160,1148,1149.8,,,21996,25299539.4,332,,
2026-05-07,HFIN,,1004,986,994.4,,,37729,37431526.6,1381,,
2026-05-07,HHL,,372.8,366.1,368,,,26160,9657725.5,119,,
2026-05-07,HIDCL,,266.8,262,264.8,,,42077,11125942.2,236,,
2026-05-07,HIMSTAR,,875,836.1,867,,,4595,3942577.3,113,,
2026-05-07,HLBSL,,898,872.3,890,,,496,439178.2,13,,
2026-05-07,HLI,,338,335,337,,,41805,14042503.2,341,,
2026-05-07,HPPL,,370,358,370,,,33180,12065415.3,134,,
2026-05-07,HRL,,662,650,661.1,,,47335,31220284.9,633,,
2026-05-07,HURJA,,249.4,246,247.5,,,34333,8505046.6,142,,
2026-05-07,ICFC,,627.7,620,624,,,3591,2234403.4,30,,
2026-05-07,IHL,,399.9,390,398,,,2314,915815.2,40,,
2026-05-07,ILBS,,952.9,931,944,,,3326,3127428.1,37,,
2026-05-07,ILI,,435.9,430,434.5,,,4757,2059512.8,197,,
2026-05-07,JBLB,,1319,1295,1315,,,9221,12095019.1,192,,
2026-05-07,JFL,,408,403.2,405,,,6433,2609673.8,64,,
2026-05-07,JHAPA,,1810,1690,1795,,,43094,75921099.6,515,,
2026-05-07,JOSHI,,284,275.1,279.8,,,8895,2482469.7,73,,
2026-05-07,JSLBB,,1070,1065,1070,,,63,67313.1,3,,
2026-05-07,KBL,,217.7,215,217,,,131113,28362482.2,411,,
2026-05-07,KBSH,,1520,1492,1500,,,229,343914,11,,
2026-05-07,KDL,,826.5,801,814,,,1948,1577076.9,64,,
2026-05-07,KKHC,,265,259.1,261,,,21574,5628202.1,114,,
2026-05-07,KMCDB,,882,870.1,877.7,,,492,430185.4,26,,
2026-05-07,KPCL,,483,470.3,477,,,18948,9026585.4,137,,
2026-05-07,LEC,,222,216,221.8,,,62139,13658401.6,223,,
2026-05-07,LICN,,815.9,805.2,812,,,862,699303.3,29,,
2026-05-07,LLBS,,952.8,920,950,,,275,259221,9,,
2026-05-07,LSL,,216.9,213.9,216.7,,,24370,5244333.8,129,,
2026-05-07,MABEL,,675,630.4,639,,,6460,4109369,138,,
2026-05-07,MAKAR,,487,481.7,484,,,11905,5743892,82,,
2026-05-07,MANDU,,819.9,802,809.8,,,2310,1858959,18,,
2026-05-07,MATRI,,916,875,911.8,,,608,548154.4,22,,
2026-05-07,MBJC,,282,279,281,,,31484,8818353.7,180,,
2026-05-07,MBL,,250,242.6,249,,,57939,14287578.2,195,,
2026-05-07,MCHL,,312,297.2,298,,,28332,8510300.5,208,,
2026-05-07,MEHL,,386,375,376.2,,,1959,745970,52,,
2026-05-07,MEL,,230,226,229.9,,,13729,3138727,174,,
2026-05-07,MEN,,590,576.9,589,,,35558,20849803.6,212,,
2026-05-07,MERO,,730,708.1,714.9,,,2336,1658352.8,41,,
2026-05-07,MFIL,,773.9,751.1,770.7,,,47948,36728373.2,119,,
2026-05-07,MHCL,,350,340,342.2,,,5571,1928385.3,64,,
2026-05-07,MHL,,499.6,484,499.6,,,7683,3762237.8,72,,
2026-05-07,MHNL,,282,256.6,265,,,17497,4626772.7,61,,
2026-05-07,MKCL,,1305,1268,1285,,,889,1146644,29,,
2026-05-07,MKHC,,315,310.5,312.9,,,9355,2919309.3,89,,
2026-05-07,MKHL,,521,505.5,508,,,4142,2122129,58,,
2026-05-07,MKJC,,497.9,469.4,490,,,6926,3368846,49,,
2026-05-07,MLBBL,,1230,1143,1204,,,1824,2200186,33,,
2026-05-07,MLBS,,1248,1201,1225,,,290,355724,14,,
2026-05-07,MLBSL,,1798,1764.9,1796,,,483,859998.7,28,,
2026-05-07,MMKJL,,485,473,485,,,2024,968817.4,33,,
2026-05-07,MPFL,,609.9,603.5,604.9,,,43784,26572485.7,79,,
2026-05-07,MSHL,,705,692,692,,,270,188302.4,11,,
2026-05-07,MSLB,,1250,1183.6,1238,,,1766,2158204.2,43,,
2026-05-07,NABIL,,525,522.2,523,,,32514,17011699.1,349,,
2026-05-07,NADEP,,745,718,745,,,856,624311.4,24,,
2026-05-07,NBL,,263.8,259,260.1,,,101701,26551832.1,208,,
2026-05-07,NESDO,,1560,1514,1538,,,649,992430,23,,
2026-05-07,NFS,,570,558.5,558.5,,,10429,5845211.6,105,,
2026-05-07,NGPL,,435,408,431.5,,,189083,81573731.3,507,,
2026-05-07,NHDL,,642.5,623.5,634,,,767,478732.5,14,,
2026-05-07,NHPC,,280,262.3,273,,,526682,143483008.9,1363,,
2026-05-07,NICA,,365,356,356,,,139029,50011604.1,337,,
2026-05-07,NICLBSL,,580,564,578,,,1661,950066.5,38,,
2026-05-07,NIFRA,,268.1,260,261.9,,,60330,15758983.2,445,,
2026-05-07,NIMB,,199.9,195,198,,,66306,13069001.5,262,,
2026-05-07,NLIC,,774.9,755,761,,,21876,16598745,236,,
2026-05-07,NLICL,,580,571.3,577.7,,,4887,2806515.3,50,,
2026-05-07,NLO,,269.4,269.4,269.4,,,0,0,0,,
2026-05-07,NMB,,243.9,238.6,242.3,,,23523,5655364.4,117,,
2026-05-07,NMBMF,,639.5,633,639.5,,,2593,1645329.1,10,,
2026-05-07,NMFBS,,1104,1085,1090,,,4323,4715984.1,50,,
2026-05-07,NMLBBL,,609,602.3,609,,,3430,2076679.9,53,,
2026-05-07,NRIC,,889,872,886,,,26830,23629604.9,243,,
2026-05-07,NRM,,395,389.2,390.1,,,15573,6093535.8,114,,
2026-05-07,NRN,,1390.5,1335.9,1362.8,,,130321,176833369.5,856,,
2026-05-07,NTC,,883,870.4,880,,,7572,6635560.6,144,,
2026-05-07,NUBL,,679,670.5,673,,,2843,1920492.5,31,,
2026-05-07,NWCL,,795,780,784,,,1990,1568214,40,,
2026-05-07,NYADI,,389,370,385,,,1205,461971,38,,
2026-05-07,OHL,,699.9,696,696,,,55,38344,3,,
2026-05-07,OMPL,,1150,1120.1,1140,,,2229,2524588.8,78,,
2026-05-07,PCBL,,238.8,236.1,238.5,,,26903,6388794.4,107,,
2026-05-07,PCIL,,890,860,869.9,,,40050,34779181.9,2501,,
2026-05-07,PFL,,377,373,373,,,5148,1930035.6,35,,
2026-05-07,PHCL,,301,295,301,,,34824,10427710.3,190,,
2026-05-07,PMHPL,,337,330,336.8,,,5838,1943279.5,46,,
2026-05-07,PMLI,,473,455.3,463,,,6176,2865263.2,120,,
2026-05-07,PPCL,,373.6,365,372.8,,,4531,1668639.1,63,,
2026-05-07,PPL,,350,327,341,,,16838,5738606.1,112,,
2026-05-07,PROFL,,437,430,435,,,4203,1820067.3,47,,
2026-05-07,PRVU,,196,190,196,,,95677,18652716,348,,
2026-05-07,PURE,,942,890,927.6,,,19261,17760633.1,280,,
2026-05-07,RADHI,,747.9,733.2,747,,,22944,16977199.4,137,,
2026-05-07,RAWA,,616.3,555,587,,,691,398498,20,,
2026-05-07,RFPL,,375,350.6,368,,,14253,5256731.6,98,,
2026-05-07,RHGCL,,294,285.1,291,,,21659,6261783.5,115,,
2026-05-07,RHPL,,278,272.4,274,,,10507,2872633.4,100,,
2026-05-07,RIDI,,342.8,330,337.9,,,239230,80616434.8,495,,
2026-05-07,RLEL,,1175,1130.1,1160,,,20584,23714134.7,647,,
2026-05-07,RLFL,,428.8,423,428.8,,,8724,3711352.4,52,,
2026-05-07,RNLI,,461,457,459.9,,,10239,4694053.9,194,,
2026-05-07,RSDC,,661,645.1,657.6,,,6834,4469721.7,54,,
2026-05-07,RSML,,3724,3636.1,3693,,,38611,141584207,674,,
2026-05-07,RURU,,655,638.4,649.5,,,1651,1068950,38,,
2026-05-07,SAGAR,,1700,1662.1,1697,,,10018,16846195.7,151,,
2026-05-07,SAHAS,,618,614,616.5,,,34177,21070157.8,334,,
2026-05-07,SAIL,,1136,1106,1118,,,23086,25765096.5,373,,
2026-05-07,SANIMA,,360,338,356.6,,,34947,12442078.8,195,,
2026-05-07,SANVI,,694,660,669,,,6917,4629809,143,,
2026-05-07,SARBTM,,838.8,820,830,,,4896,4050069.7,75,,
2026-05-07,SBI,,400,392,397.7,,,17681,6997926.6,44,,
2026-05-07,SBL,,393,373,392.5,,,49946,19487706.3,122,,
2026-05-07,SCB,,644.6,636.1,642,,,2840,1820143.1,66,,
2026-05-07,SGHC,,369,350,361,,,14957,5291381.3,158,,
2026-05-07,SHEL,,306,300.1,304.2,,,43524,13246441.8,249,,
2026-05-07,SHIVM,,669.8,662,666.9,,,60189,40042628.8,409,,
2026-05-07,SHL,,503,490,496.9,,,9486,4698806.1,51,,
2026-05-07,SHLB,,1497,1418,1482,,,240,350708,14,,
2026-05-07,SHPC,,515,508.5,514,,,27649,14167960.5,107,,
2026-05-07,SIFC,,523,517.1,517.4,,,3669,1905513.1,32,,
2026-05-07,SIKLES,,574.5,570,573.5,,,5490,3134045.6,64,,
2026-05-07,SIPD,,889,830.4,832,,,20929,17539363.8,1280,,
2026-05-07,SJCL,,303,289.1,295.8,,,14615,4250410.9,88,,
2026-05-07,SJLIC,,432,423.1,428,,,3469,1481765.5,93,,
2026-05-07,SKBBL,,763,750.1,762.8,,,12217,9257005.6,124,,
2026-05-07,SKHEL,,1369,1234.1,1290,,,13992,17837690.1,436,,
2026-05-07,SKHL,,920,880,917,,,27662,24960554.5,647,,
2026-05-07,SLBBL,,822.9,815,817,,,5988,4901163.4,65,,
2026-05-07,SLBSL,,1198,1170,1198,,,528,618641.5,16,,
2026-05-07,SMATA,,767,750,761,,,3978,3005009.4,85,,
2026-05-07,SMB,,1735,1700,1725.2,,,710,1225237.7,39,,
2026-05-07,SMFBS,,1639,1565,1639,,,45,70935.1,5,,
2026-05-07,SMH,,573,562.1,568,,,2875,1620046.6,46,,
2026-05-07,SMHL,,499.9,490,494.9,,,12771,6306514.7,142,,
2026-05-07,SMJC,,443.9,431,435,,,5839,2535288.3,87,,
2026-05-07,SMPDA,,843,829,840,,,388,323390.6,20,,
2026-05-07,SNLI,,449.9,445,448,,,7046,3153075.5,212,,
2026-05-07,SOHL,,744,695.2,709.9,,,121069,85991833.8,2237,,
2026-05-07,SONA,,433.9,426.3,433,,,9357,4035147.9,178,,
2026-05-07,SPC,,460,452,455,,,4273,1940729.5,48,,
2026-05-07,SPDL,,397.2,391,395.9,,,19480,7659514.5,80,,
2026-05-07,SPHL,,519.1,504,505.5,,,1933,981279.7,17,,
2026-05-07,SPL,,700,680,697,,,2832,1972221,28,,
2026-05-07,SRLI,,390,385.1,387,,,14020,5417848.9,151,,
2026-05-07,SSHL,,214,208.6,210.9,,,50738,10652983.9,271,,
2026-05-07,STC,,5750,5670.2,5750,,,202,1150116,8,,
2026-05-07,SWASTIK,,2450,2431,2435.3,,,180,439526,16,,
2026-05-07,SWBBL,,810,720,810,,,3932,2906753.2,47,,
2026-05-07,SWMF,,663.5,646,656,,,2370,1560002.1,32,,
2026-05-07,SYPNL,,1439,1333.8,1401,,,25074,35272804.7,594,,
2026-05-07,TAMOR,,433,427,427,,,33787,14484381.6,210,,
2026-05-07,TPC,,367,360.3,361.3,,,14781,5341713.8,94,,
2026-05-07,TRH,,762,740,762,,,1036,785824,15,,
2026-05-07,TSHL,,601,595,599,,,2066,1237374,29,,
2026-05-07,TTL,,790,773.3,789,,,11007,8608002.8,235,,
2026-05-07,TVCL,,512,476.4,510,,,9769,4918994.5,69,,
2026-05-07,UHEWA,,570,560,565,,,1054,594194.9,33,,
2026-05-07,ULBSL,,2925.2,2840,2900,,,979,2800278.9,31,,
2026-05-07,ULHC,,541.5,499.7,518,,,41031,20863310.8,263,,
2026-05-07,UMHL,,570,556,564.9,,,15404,8621497,95,,
2026-05-07,UMRH,,535,522,526,,,3371,1774251.2,32,,
2026-05-07,UNHPL,,475,467,474.8,,,12131,5719178.8,64,,
2026-05-07,UNL,,46800,46550,46800,,,20,933500,2,,
2026-05-07,UNLB,,1469.9,1401,1455,,,157,226759,13,,
2026-05-07,UPCL,,370,362,365.5,,,24216,8862125.7,127,,
2026-05-07,UPPER,,204.8,200,202.5,,,89557,18151685.1,400,,
2026-05-07,USHEC,,488,483,488,,,3071,1491023.5,47,,
2026-05-07,USHL,,660,613.2,639,,,1430,897178.9,32,,
2026-05-07,USLB,,1267,1238,1262,,,819,1018533,25,,
2026-05-07,VLBS,,695,686,693,,,2441,1690064.9,116,,
2026-05-07,VLUCL,,478,470.5,477,,,4021,1904873,44,,
2026-05-08,ACLBSL,,950,930,950,,,1775,1676714,25,,
2026-05-08,ADBL,,311,308,310,,,15077,4666198.9,102,,
2026-05-08,AHL,,524,490,524,,,13584,6993904.5,130,,
2026-05-08,AHPC,,288,275,280.2,,,56153,15619164.1,234,,
2026-05-08,AKJCL,,365.9,344,365.9,,,268683,95544800.7,529,,
2026-05-08,AKPL,,270,261.9,268.8,,,66416,17685062.7,266,,
2026-05-08,ALBSL,,1169,1070,1110,,,20892,22974792.4,121,,
2026-05-08,ALICL,,455,451.7,453,,,32229,14602437.3,99,,
2026-05-08,ANLB,,6050,5625.1,6050,,,371,2139404.5,16,,
2026-05-08,API,,338.9,330.1,337,,,96734,32510499.9,410,,
2026-05-08,AVYAN,,1135,1103.1,1123,,,6580,7370554.7,84,,
2026-05-08,BANDIPUR,,835,791,832,,,44684,36286985.7,828,,
2026-05-08,BARUN,,343,337,341.9,,,31872,10845657.5,150,,
2026-05-08,BBC,,4844,4740,4795,,,351,1689189,14,,
2026-05-08,BEDC,,360,352,360,,,28371,10125593.8,164,,
2026-05-08,BFC,,457,449,454,,,7733,3506543.9,55,,
2026-05-08,BGWT,,657,632.2,657,,,1564,1016280.8,23,,
2026-05-08,BHCL,,515,495.3,515,,,17476,8827976.7,318,,
2026-05-08,BHDC,,464,456.2,464,,,3509,1616724.3,76,,
2026-05-08,BHL,,220,206,219.5,,,99800,21811914.3,444,,
2026-05-08,BHPL,,527.9,515.5,520,,,2550,1322032.2,45,,
2026-05-08,BJHL,,1022,963,1010,,,18876,19049165.1,514,,
2026-05-08,BNHC,,326,315.4,322,,,2883,933834.7,54,,
2026-05-08,BNL,,14800,14800,14800,,,0,0,0,,
2026-05-08,BNT,,11461,11460,11460,,,40,458420,3,,
2026-05-08,BPCL,,689,655.1,670,,,7738,5145135.2,79,,
2026-05-08,BUNGAL,,575,560.1,569.1,,,7311,4174112.8,228,,
2026-05-08,CBBL,,914,899.5,900,,,33751,30470738.2,307,,
2026-05-08,CFCL,,501,491,499,,,7739,3841686.5,57,,
2026-05-08,CGH,,808,801,803,,,14211,11428451.1,100,,
2026-05-08,CHCL,,478,469,474,,,17142,8084833.3,140,,
2026-05-08,CHDC,,2311,2210,2299,,,18285,41337521.9,239,,
2026-05-08,CHL,,290,285,290,,,18597,5341468.2,104,,
2026-05-08,CIT,,1775,1750,1770,,,3920,6930351.3,182,,
2026-05-08,CITY,,428,399.1,424,,,10538,4460019,117,,
2026-05-08,CKHL,,685,670.1,675,,,1165,782856,17,,
2026-05-08,CLI,,458,452,456,,,6678,3039657.2,191,,
2026-05-08,CREST,,1120,1054,1081.5,,,5674,6146442,136,,
2026-05-08,CYCL,,1487.9,1457,1470,,,1694,2488232.4,20,,
2026-05-08,CZBIL,,210,202,207.5,,,69121,14302447,215,,
2026-05-08,DDBL,,859.8,845.1,848,,,2959,2507552.1,43,,
2026-05-08,DHEL,,600,579,599,,,15050,8942081.1,302,,
2026-05-08,DHPL,,307.6,292,297,,,4291,1263992,29,,
2026-05-08,DLBS,,1447,1214.3,1319,,,2503,3293560.2,78,,
2026-05-08,DOLTI,,353,329,332,,,56440,18798566.9,297,,
2026-05-08,DORDI,,271,268,269.2,,,39130,10555040.5,192,,
2026-05-08,EBL,,705.8,699,702.1,,,20871,14672326.4,214,,
2026-05-08,EHPL,,403.2,379,384,,,30061,11456316.9,201,,
2026-05-08,ENL,,895,870,885,,,352,310154.3,18,,
2026-05-08,FMDBL,,806,796,804.8,,,6240,5004804.3,72,,
2026-05-08,FOWAD,,1130,1090,1100,,,9020,9938406.3,168,,
2026-05-08,GBIME,,234,230,234,,,59947,13953239.1,311,,
2026-05-08,GBLBS,,772.8,752.5,771,,,1697,1303430,49,,
2026-05-08,GCIL,,420,414,420,,,8021,3340702.5,159,,
2026-05-08,GFCL,,620,607,619.7,,,4819,2962008.9,43,,
2026-05-08,GHL,,240,232,240,,,72288,17047276.2,259,,
2026-05-08,GILB,,1118,1084.1,1118,,,551,607149,26,,
2026-05-08,GLBSL,,1838,1800,1819.9,,,135,245416.1,12,,
2026-05-08,GLH,,269.8,262.5,268,,,29183,7802325.8,170,,
2026-05-08,GMFBS,,1325,1290.2,1322,,,299,392279.8,13,,
2026-05-08,GMFIL,,467.9,455,465,,,2470,1145022,21,,
2026-05-08,GMLI,,1300,1251,1295,,,1803,2314384,74,,
2026-05-08,GUFL,,528,517.5,527,,,8510,4447316.9,59,,
2026-05-08,GVL,,492,482.6,489,,,7506,3662266.3,98,,
2026-05-08,HATHY,,819,802,816,,,4417,3587820.7,83,,
2026-05-08,HBL,,205,200,205,,,39652,8091284.7,747,,
2026-05-08,HDHPC,,222.9,216.7,222.5,,,189059,41409570,483,,
2026-05-08,HDL,,1157,1149.8,1155,,,20725,23909279.9,313,,
2026-05-08,HFIN,,1076,995.3,1073,,,132782,138694649.2,3671,,
2026-05-08,HHL,,375,366.3,373.5,,,32503,12081915.5,169,,
2026-05-08,HIDCL,,269,265,267,,,44067,11744019.5,252,,
2026-05-08,HIMSTAR,,910,855.1,909.9,,,10188,9042121,157,,
2026-05-08,HLBSL,,899.8,872.2,899.8,,,1134,1006844.6,9,,
2026-05-08,HLI,,341,336.1,339,,,48756,16464768,340,,
2026-05-08,HPPL,,379.8,361,379.8,,,31358,11694470.5,132,,
2026-05-08,HRL,,694.1,660,678,,,54949,36780629.5,730,,
2026-05-08,HURJA,,253,247.6,253,,,67475,16909550.3,170,,
2026-05-08,ICFC,,635,622,635,,,8380,5253467,57,,
2026-05-08,IHL,,400,390,394.2,,,9482,3748177.9,71,,
2026-05-08,ILBS,,969.9,926.5,945,,,841,790137.3,36,,
2026-05-08,ILI,,440.8,434,437.5,,,7597,3331714.1,206,,
2026-05-08,JBLB,,1334,1305,1309,,,3969,5220457.8,136,,
2026-05-08,JFL,,413,406.2,412,,,1267,518951.5,21,,
2026-05-08,JHAPA,,1860,1705.3,1840,,,51604,93331723.7,574,,
2026-05-08,JOSHI,,285,277,281,,,9898,2765248.5,85,,
2026-05-08,JSLBB,,1130,1080,1119.9,,,385,423782,11,,
2026-05-08,KBL,,221.3,215.2,221,,,201544,44183847.3,586,,
2026-05-08,KBSH,,1545,1480.1,1545,,,170,260651,6,,
2026-05-08,KDL,,829.9,808,829.9,,,1625,1325846.8,57,,
2026-05-08,KKHC,,267,259.1,266,,,28782,7580560.5,117,,
2026-05-08,KMCDB,,886,872,885.8,,,2072,1821721.3,32,,
2026-05-08,KPCL,,487.9,477,487.9,,,7342,3554253.9,59,,
2026-05-08,LEC,,230,211,227.4,,,84443,19034346.1,254,,
2026-05-08,LICN,,827.6,809.1,816.4,,,3671,2980725.4,48,,
2026-05-08,LLBS,,970,921,964,,,408,387448,10,,
2026-05-08,LSL,,217.4,214.1,216.7,,,22708,4914672.6,146,,
2026-05-08,MABEL,,660,631,660,,,8848,5788954,220,,
2026-05-08,MAKAR,,490,483.2,488.1,,,5410,2632659,53,,
2026-05-08,MANDU,,820,801.3,808.2,,,740,603260,30,,
2026-05-08,MATRI,,900,887,900,,,518,465311.1,16,,
2026-05-08,MBJC,,284,279,282.2,,,31106,8720325.8,222,,
2026-05-08,MBL,,250.7,246.1,250.6,,,94572,23536784.7,178,,
2026-05-08,MCHL,,306,298,301,,,11856,3568881.7,104,,
2026-05-08,MEHL,,387,372.1,381,,,4979,1900798.8,68,,
2026-05-08,MEL,,237,227.5,236.3,,,19001,4432527.1,201,,
2026-05-08,MEN,,598.9,585,590,,,18171,10703179.6,141,,
2026-05-08,MERO,,725,709,725,,,1727,1232529.2,31,,
2026-05-08,MFIL,,800,770,798,,,96314,75577184.4,313,,
2026-05-08,MHCL,,345,340,345,,,3633,1243562.5,68,,
2026-05-08,MHL,,506.8,495.1,502,,,2275,1136044.9,38,,
2026-05-08,MHNL,,290,260.1,269.2,,,11669,3168536.9,52,,
2026-05-08,MKCL,,1300,1280,1290,,,2053,2642639,46,,
2026-05-08,MKHC,,317.6,310.2,316,,,8642,2725370.4,74,,
2026-05-08,MKHL,,529.4,500.5,516.5,,,4505,2325085.2,96,,
2026-05-08,MKJC,,495,490,490.2,,,6027,2968215.6,32,,
2026-05-08,MLBBL,,1209,1196,1200,,,2737,3285438.3,35,,
2026-05-08,MLBS,,1229,1206,1229,,,220,268181,8,,
2026-05-08,MLBSL,,1813,1792,1813,,,666,1199479,24,,
2026-05-08,MMKJL,,490,475.6,490,,,1653,802675.7,41,,
2026-05-08,MPFL,,618,602.1,617,,,16404,10008886.1,93,,
2026-05-08,MSHL,,697,680,697,,,991,680407.5,19,,
2026-05-08,MSLB,,1243.8,1212,1243.8,,,1288,1581953,22,,
2026-05-08,NABIL,,528,520.1,523,,,44672,23392652.4,504,,
2026-05-08,NADEP,,764.9,725,764.9,,,351,261103,14,,
2026-05-08,NBL,,265.7,260.4,264.9,,,65881,17373608.8,200,,
2026-05-08,NESDO,,1538,1512,1537,,,297,453911,17,,
2026-05-08,NFS,,572,560.2,569,,,8002,4534211.9,90,,
2026-05-08,NGPL,,445,430,444.9,,,265612,116365797,811,,
2026-05-08,NHDL,,647,627,636,,,2274,1445577.1,27,,
2026-05-08,NHPC,,285,274.2,283.1,,,267595,74969656,892,,
2026-05-08,NICA,,364,353.6,356.7,,,65272,23194558.6,324,,
2026-05-08,NICLBSL,,583,570,578,,,7934,4562937.1,77,,
2026-05-08,NIFRA,,264.3,260.8,264.2,,,41736,10979842.5,356,,
2026-05-08,NIMB,,201,197.5,199.7,,,42397,8434336.3,283,,
2026-05-08,NLIC,,770,750,763.8,,,47568,35934159.2,345,,
2026-05-08,NLICL,,592,580,581.1,,,9950,5823076.7,71,,
2026-05-08,NLO,,269.4,269.4,269.4,,,0,0,0,,
2026-05-08,NMB,,244.8,239,242,,,26100,6296025.5,99,,
2026-05-08,NMBMF,,644,635,644,,,2399,1529067,31,,
2026-05-08,NMFBS,,1119,1083,1106.9,,,2613,2868506.8,44,,
2026-05-08,NMLBBL,,614.7,604,612,,,1473,899470.6,43,,
2026-05-08,NRIC,,900,877,898,,,23454,20842111.3,227,,
2026-05-08,NRM,,395,388,392,,,19187,7508415.1,148,,
2026-05-08,NRN,,1430.9,1330.9,1399,,,31262,43423995.9,356,,
2026-05-08,NTC,,884.9,876,880,,,9570,8438563.5,161,,
2026-05-08,NUBL,,676,668.2,668.2,,,4586,3081476.5,68,,
2026-05-08,NWCL,,800,773.1,800,,,677,535407,34,,
2026-05-08,NYADI,,391.5,380.1,386.8,,,1812,698730.7,51,,
2026-05-08,OHL,,700,686.3,700,,,1588,1105429.5,15,,
2026-05-08,OMPL,,1180,1130,1170,,,4767,5509035.9,134,,
2026-05-08,PCBL,,242,238,240.9,,,31788,7619690.9,116,,
2026-05-08,PCIL,,916,850,897,,,65696,58491796.1,3004,,
2026-05-08,PFL,,378,371,374,,,7050,2647456,50,,
2026-05-08,PHCL,,307.9,300,307.9,,,60626,18491977.3,243,,
2026-05-08,PMHPL,,340,332.7,338,,,7990,2694851.4,42,,
2026-05-08,PMLI,,474,461.1,469,,,1346,628498.6,85,,
2026-05-08,PPCL,,380,365.1,380,,,22301,8303500.2,83,,
2026-05-08,PPL,,345.1,325,345,,,22885,7854506,121,,
2026-05-08,PROFL,,444,433.5,440,,,5652,2481558.5,43,,
2026-05-08,PRVU,,199.8,195,199.8,,,89718,17724078.4,384,,
2026-05-08,PURE,,986,921,977.1,,,35448,33976472.5,514,,
2026-05-08,RADHI,,784.3,734,769.9,,,18066,13665403.6,178,,
2026-05-08,RAWA,,595,573.1,595,,,696,407622.6,21,,
2026-05-08,RFPL,,379,350.6,371.4,,,16413,6071734.7,152,,
2026-05-08,RHGCL,,297,287,297,,,52138,15200025.8,146,,
2026-05-08,RHPL,,278,271,277.8,,,7373,2025322.5,100,,
2026-05-08,RIDI,,349,337.1,346.8,,,294378,101504870.3,653,,
2026-05-08,RLEL,,1199.9,1118,1170,,,34019,40169731.4,827,,
2026-05-08,RLFL,,434,423,434,,,10578,4539106.3,62,,
2026-05-08,RNLI,,468.8,459,462,,,11927,5516143.5,263,,
2026-05-08,RSDC,,676.9,655,668,,,1488,985997.3,30,,
2026-05-08,RSML,,3800,3631,3800,,,36444,136460386.5,832,,
2026-05-08,RURU,,654,641.1,654,,,3558,2318039.8,38,,
2026-05-08,SAGAR,,1732,1670,1729,,,8352,14342513.4,149,,
2026-05-08,SAHAS,,628,616.5,627.8,,,66744,41591849.3,573,,
2026-05-08,SAIL,,1159,1105.1,1145,,,32572,36924578.4,502,,
2026-05-08,SANIMA,,360.9,355.1,360.1,,,60428,21648851.9,253,,
2026-05-08,SANVI,,690,660.2,684,,,10726,7276662.6,217,,
2026-05-08,SARBTM,,840,827,838,,,8798,7312322.7,69,,
2026-05-08,SBI,,404.9,396.5,399,,,8631,3440308,40,,
2026-05-08,SBL,,393.1,389.9,393,,,29085,11397961.4,148,,
2026-05-08,SCB,,649.9,642,645.2,,,4125,2660144.2,63,,
2026-05-08,SGHC,,368.9,358,365.9,,,10457,3775988.2,86,,
2026-05-08,SHEL,,312,304,311.9,,,77941,24091580.1,345,,
2026-05-08,SHIVM,,676.9,660,676.8,,,85257,57310805.9,537,,
2026-05-08,SHL,,498.5,490,495.6,,,20264,10035329.2,90,,
2026-05-08,SHLB,,1493,1438,1490,,,403,591651.1,21,,
2026-05-08,SHPC,,519.9,514,519.9,,,20312,10500764.6,154,,
2026-05-08,SIFC,,535,521,535,,,3725,1974143,25,,
2026-05-08,SIKLES,,579.7,572,577.9,,,5850,3368215.9,86,,
2026-05-08,SIPD,,888,825.1,856,,,27199,23620884,1360,,
2026-05-08,SJCL,,299,290.2,298.9,,,14657,4305568,114,,
2026-05-08,SJLIC,,435,423.1,431.3,,,10435,4472520.6,144,,
2026-05-08,SKBBL,,770,765,769,,,7921,6076177.2,132,,
2026-05-08,SKHEL,,1369,1256.2,1369,,,12416,16566555.1,478,,
2026-05-08,SKHL,,968,910,958.8,,,23388,22221225.4,629,,
2026-05-08,SLBBL,,825.9,815,822,,,8547,7010678.7,76,,
2026-05-08,SLBSL,,1205,1188,1188,,,705,839515,11,,
2026-05-08,SMATA,,782,761,775,,,3516,2721042.6,69,,
2026-05-08,SMB,,1749.8,1720,1749,,,488,845877.4,21,,
2026-05-08,SMFBS,,1635,1513,1628.9,,,4339,6767040.6,58,,
2026-05-08,SMH,,575,563,572.1,,,3835,2194082.7,59,,
2026-05-08,SMHL,,499.9,490,497.6,,,24032,11912911.9,142,,
2026-05-08,SMJC,,445,431.1,440,,,13395,5883817.1,137,,
2026-05-08,SMPDA,,847,830,840,,,1360,1137926.4,34,,
2026-05-08,SNLI,,449,445,448.5,,,7252,3249541.9,241,,
2026-05-08,SOHL,,720,705,719,,,168353,120311403.8,2136,,
2026-05-08,SONA,,440,430,437.1,,,15685,6824624.6,246,,
2026-05-08,SPC,,468.6,453,459.5,,,2496,1144515.5,41,,
2026-05-08,SPDL,,415.6,393.5,404.5,,,58267,23323441.9,202,,
2026-05-08,SPHL,,516,502.1,512,,,875,447473.5,21,,
2026-05-08,SPL,,705,696.1,700,,,2660,1866905,26,,
2026-05-08,SRLI,,395,385,393,,,13165,5118450.7,223,,
2026-05-08,SSHL,,221.4,206,214,,,122918,26142110.2,450,,
2026-05-08,STC,,5800,5750,5800,,,392,2269356,12,,
2026-05-08,SWASTIK,,2495,2439,2485,,,1530,3761240,31,,
2026-05-08,SWBBL,,770,730.1,757,,,36770,27585277.3,197,,
2026-05-08,SWMF,,666,655,663,,,3414,2257784.8,41,,
2026-05-08,SYPNL,,1489.9,1400.4,1465,,,67993,98405598.8,1247,,
2026-05-08,TAMOR,,434,426.4,433.7,,,33752,14539926.5,183,,
2026-05-08,TPC,,368,360.5,367,,,14132,5164096.3,89,,
2026-05-08,TRH,,760,752,753.1,,,1660,1256594,9,,
2026-05-08,TSHL,,615.9,590,610,,,2344,1402231.2,53,,
2026-05-08,TTL,,819.9,776.4,819.9,,,18615,14926028.3,406,,
2026-05-08,TVCL,,561.3,496,561,,,7042,3688149,64,,
2026-05-08,UHEWA,,574.9,562,564.1,,,7248,4094371.9,91,,
2026-05-08,ULBSL,,3150,2800,2944,,,1821,5251150,60,,
2026-05-08,ULHC,,513.8,503.1,510,,,6633,3365460.8,79,,
2026-05-08,UMHL,,566,559,565.9,,,15783,8864395.3,91,,
2026-05-08,UMRH,,535,525.5,535,,,5011,2659510.6,40,,
2026-05-08,UNHPL,,479,466,473,,,10632,5016057,60,,
2026-05-08,UNL,,46900,46400,46400,,,51,2373050,6,,
2026-05-08,UNLB,,1462,1420,1460,,,363,527075,13,,
2026-05-08,UPCL,,383,366,370.1,,,40198,14888656.1,160,,
2026-05-08,UPPER,,206.9,193,205.4,,,126149,25855481.4,505,,
2026-05-08,USHEC,,497.9,485.2,494.5,,,5532,2720803.2,64,,
2026-05-08,USHL,,649,620,640,,,2836,1780772.5,38,,
2026-05-08,USLB,,1269.7,1255,1257.6,,,551,693540,17,,
2026-05-08,VLBS,,700.4,680,696.1,,,3381,2348241.6,118,,
2026-05-08,VLUCL,,485,471,485,,,2124,1019738.1,55,,
2026-05-11,ACLBSL,,977,941.3,959.5,,,748,715511,29,,
2026-05-11,ADBL,,313.5,310,312,,,22801,7098487,180,,
2026-05-11,AHL,,535,510,513,,,15766,8139286.6,127,,
2026-05-11,AHPC,,294.2,280,286,,,80580,22899409.4,381,,
2026-05-11,AKJCL,,384.1,361.6,367,,,267949,98227303.6,594,,
2026-05-11,AKPL,,277,268,276,,,111885,30622264.5,393,,
2026-05-11,ALBSL,,1150,1070,1118.7,,,2353,2620402.1,114,,
2026-05-11,ALICL,,460,455,458.5,,,7397,3388043.9,60,,
2026-05-11,ANLB,,6466,5747.5,6460,,,1021,6045187.7,42,,
2026-05-11,API,,350.2,337.1,349,,,416462,144392505.8,1071,,
2026-05-11,AVYAN,,1150,1066.9,1149,,,8825,10038515.9,112,,
2026-05-11,BANDIPUR,,849,824,835,,,38202,31793463.6,697,,
2026-05-11,BARUN,,354,342.2,351.7,,,46771,16438247.8,295,,
2026-05-11,BBC,,4849,4746,4848.8,,,381,1833355.5,24,,
2026-05-11,BEDC,,384,363,380,,,68460,25645885.3,458,,
2026-05-11,BFC,,468.7,458,468,,,7693,3568637.2,58,,
2026-05-11,BGWT,,675,655,672,,,2459,1637922.2,46,,
2026-05-11,BHCL,,527.5,500,524.5,,,17959,9403317.1,325,,
2026-05-11,BHDC,,475,460,475,,,18774,8878644.4,153,,
2026-05-11,BHL,,227.5,220.1,227,,,233467,52599747.2,935,,
2026-05-11,BHPL,,532,523,532,,,9793,5190486.4,73,,
2026-05-11,BJHL,,1040,1000,1015,,,14926,15127702.7,366,,
2026-05-11,BNHC,,335.5,322.1,335.5,,,11596,3840919.1,90,,
2026-05-11,BNL,,14800,14800,14800,,,0,0,0,,
2026-05-11,BNT,,11800,11560,11699,,,150,1754268,14,,
2026-05-11,BPCL,,684,662,684,,,27883,18933346.3,148,,
2026-05-11,BUNGAL,,595,569,595,,,15122,8815906.1,303,,
2026-05-11,CBBL,,925,905.1,923,,,15544,14262716.5,271,,
2026-05-11,CFCL,,518.9,500,508.9,,,20305,10228862.2,88,,
2026-05-11,CGH,,820,805,813.2,,,10471,8483784.9,83,,
2026-05-11,CHCL,,480,475,479.1,,,22294,10665148.3,175,,
2026-05-11,CHDC,,2345,2302,2345,,,25820,60006843.4,211,,
2026-05-11,CHL,,299,291,299,,,22258,6568481.6,108,,
2026-05-11,CIT,,1780,1770,1774.2,,,5895,10453221,171,,
2026-05-11,CITY,,435.9,420,425,,,28977,12272694.7,216,,
2026-05-11,CKHL,,680,665,678,,,935,630563,19,,
2026-05-11,CLI,,459.9,454,459.5,,,9558,4375752.7,259,,
2026-05-11,CREST,,1178,1076,1139.6,,,8143,9190087.5,246,,
2026-05-11,CYCL,,1506.9,1470,1500,,,454,681048.8,35,,
2026-05-11,CZBIL,,210,206.1,207.5,,,26829,5595993.8,153,,
2026-05-11,DDBL,,868.9,855.3,863,,,10925,9394737.2,132,,
2026-05-11,DHEL,,618,602,617.9,,,15812,9697383.8,373,,
2026-05-11,DHPL,,305,297.1,303.9,,,2879,869621.3,47,,
2026-05-11,DLBS,,1350,1280.4,1300,,,249,325224,17,,
2026-05-11,DOLTI,,364,332,360,,,141174,49604910.6,708,,
2026-05-11,DORDI,,280,272,280,,,42938,11913200.3,241,,
2026-05-11,EBL,,718,702,706,,,27421,19308078.2,232,,
2026-05-11,EHPL,,403.2,387,393,,,20363,7941497.2,169,,
2026-05-11,ENL,,912,886,910,,,1590,1434081,28,,
2026-05-11,FMDBL,,925,804,919,,,40585,33342363,210,,
2026-05-11,FOWAD,,1124,1080,1098,,,7894,8646325.3,135,,
2026-05-11,GBIME,,237.9,234,237.9,,,85828,20318712.5,409,,
2026-05-11,GBLBS,,785,765,783,,,5195,4047302.8,60,,
2026-05-11,GCIL,,426.8,416,424.5,,,11071,4661964.5,249,,
2026-05-11,GFCL,,635,623.4,628,,,17624,11038304.1,87,,
2026-05-11,GHL,,246.9,241,246.8,,,81501,19866333.9,295,,
2026-05-11,GILB,,1149.9,1115,1116.1,,,1659,1863102.3,44,,
2026-05-11,GLBSL,,1874,1818,1844.7,,,390,710716.1,20,,
2026-05-11,GLH,,274,270,273,,,41039,11193597.9,221,,
2026-05-11,GMFBS,,1390,1336,1337,,,460,621507.5,25,,
2026-05-11,GMFIL,,488,466.5,472,,,6883,3224860.4,31,,
2026-05-11,GMLI,,1364.9,1286.1,1337.7,,,2214,2945875.5,80,,
2026-05-11,GUFL,,537.9,529.3,537.9,,,8186,4355803.8,77,,
2026-05-11,GVL,,496.1,488,496,,,19339,9509492.1,161,,
2026-05-11,HATHY,,832,815,824,,,5920,4865230.2,107,,
2026-05-11,HBL,,209,205,208,,,66664,13782493.5,1039,,
2026-05-11,HDHPC,,231,222.6,231,,,350447,80221032,897,,
2026-05-11,HDL,,1180,1155,1175.1,,,27821,32503675.6,437,,
2026-05-11,HFIN,,1107,1020,1065,,,90355,96501737.1,2624,,
2026-05-11,HHL,,387,372,387,,,59289,22767870.8,262,,
2026-05-11,HIDCL,,274.5,255,274,,,62384,16988568.5,379,,
2026-05-11,HIMSTAR,,940,910,920,,,9674,8969576.8,195,,
2026-05-11,HLBSL,,908,895.1,907,,,738,663763.7,13,,
2026-05-11,HLI,,345.9,339,344.5,,,54708,18804349.4,359,,
2026-05-11,HPPL,,389.9,378,382.8,,,23480,8941391.6,171,,
2026-05-11,HRL,,705,680,704,,,112914,78842714.1,1429,,
2026-05-11,HURJA,,263,254,263,,,94510,24591316.7,314,,
2026-05-11,ICFC,,643,632.2,635.1,,,3033,1931244.6,37,,
2026-05-11,IHL,,397,365,397,,,62537,23945464.4,359,,
2026-05-11,ILBS,,992.2,935.1,949.9,,,2376,2243338.9,41,,
2026-05-11,ILI,,443,437,443,,,11365,5001948.2,261,,
2026-05-11,JBLB,,1320,1310,1320,,,5977,7878737.8,152,,
2026-05-11,JFL,,424.3,412,415,,,8249,3411707,63,,
2026-05-11,JHAPA,,1929,1698,1799,,,32150,57309184.2,564,,
2026-05-11,JOSHI,,288,281.2,284.4,,,20046,5722302.6,119,,
2026-05-11,JSLBB,,1130,1100,1120,,,1343,1484458,23,,
2026-05-11,KBL,,225,220,222.4,,,211997,47229086.2,792,,
2026-05-11,KBSH,,1594.9,1510,1589.3,,,233,362533.2,16,,
2026-05-11,KDL,,865,819,830.1,,,3828,3177521.3,71,,
2026-05-11,KKHC,,274,253,271,,,31111,8421134.7,176,,
2026-05-11,KMCDB,,889,875,879,,,5168,4543512.5,71,,
2026-05-11,KPCL,,501,490,500,,,11049,5455943.1,109,,
2026-05-11,LEC,,233.2,227,232,,,139420,32174467.5,441,,
2026-05-11,LICN,,820,812,818,,,6857,5590452.5,73,,
2026-05-11,LLBS,,970,945,951,,,267,256166.8,9,,
2026-05-11,LSL,,221,217,220.9,,,42027,9214368,201,,
2026-05-11,MABEL,,684,661,678.1,,,13466,9051042.5,262,,
2026-05-11,MAKAR,,497,490,492,,,12032,5942218.7,84,,
2026-05-11,MANDU,,820,809,815,,,985,801162.8,29,,
2026-05-11,MATRI,,924,885,919.5,,,1080,977347,34,,
2026-05-11,MBJC,,289.5,280,288,,,65174,18495019.4,387,,
2026-05-11,MBL,,253.5,250.5,253,,,50957,12837136,188,,
2026-05-11,MCHL,,327.6,303,321,,,28872,9228563.3,269,,
2026-05-11,MEHL,,392,383,386.5,,,5016,1941303,85,,
2026-05-11,MEL,,244.1,234.5,239.1,,,35882,8622828.5,290,,
2026-05-11,MEN,,607,592,607,,,56504,33972744.9,330,,
2026-05-11,MERO,,740,725,735,,,5475,3986929.1,51,,
2026-05-11,MFIL,,818.9,790,818,,,38299,31208330.2,281,,
2026-05-11,MHCL,,358,344,355,,,9297,3278615.5,102,,
2026-05-11,MHL,,509.7,495.1,505,,,25089,12552106.4,110,,
2026-05-11,MHNL,,285,262,268.8,,,15497,4204983,69,,
2026-05-11,MKCL,,1320,1297,1320,,,1988,2601303,53,,
2026-05-11,MKHC,,325.7,318,322,,,21661,6967928.6,154,,
2026-05-11,MKHL,,545,515,530,,,26850,14004399.9,108,,
2026-05-11,MKJC,,505,493,500,,,5309,2658218.1,54,,
2026-05-11,MLBBL,,1225,1206.1,1218,,,1316,1596346,27,,
2026-05-11,MLBS,,1285,1240,1270,,,660,837647,22,,
2026-05-11,MLBSL,,1837,1802,1829.9,,,398,727679.3,18,,
2026-05-11,MMKJL,,514,490,493,,,1429,710111.9,43,,
2026-05-11,MPFL,,643,615.2,643,,,9004,5662504.4,89,,
2026-05-11,MSHL,,717.9,690,709,,,310,219348,16,,
2026-05-11,MSLB,,1255,1235,1245,,,1341,1663526.6,35,,
2026-05-11,NABIL,,532,523,527,,,37981,20038989.1,486,,
2026-05-11,NADEP,,771,755,771,,,715,543107,12,,
2026-05-11,NBL,,269.5,265.2,269.5,,,62909,16861677.1,252,,
2026-05-11,NESDO,,1599.9,1532.5,1568.9,,,1947,3013854.9,43,,
2026-05-11,NFS,,580,573,579,,,5194,2998821.9,80,,
2026-05-11,NGPL,,454.8,445.1,454.4,,,274260,123645917.3,882,,
2026-05-11,NHDL,,655,635.4,636.9,,,2539,1619807.4,34,,
2026-05-11,NHPC,,299,285,296.5,,,598013,176032828.3,1848,,
2026-05-11,NICA,,365,355.3,364.8,,,115151,41474861.6,420,,
2026-05-11,NICLBSL,,584,575.4,583,,,18714,10837195.8,133,,
2026-05-11,NIFRA,,267.8,264.3,267.2,,,61428,16347287,534,,
2026-05-11,NIMB,,203.5,199.1,203.1,,,87339,17605739.1,411,,
2026-05-11,NLIC,,775,765,770,,,16604,12762108.4,193,,
2026-05-11,NLICL,,595,578.4,586,,,2290,1350138.9,38,,
2026-05-11,NLO,,269.4,269.4,269.4,,,0,0,0,,
2026-05-11,NMB,,245,242,244,,,29676,7204699,146,,
2026-05-11,NMBMF,,657,640,657,,,2474,1604279,24,,
2026-05-11,NMFBS,,1130,1095,1120,,,18801,20750084.4,87,,
2026-05-11,NMLBBL,,623,607,623,,,6686,4127580.1,57,,
2026-05-11,NRIC,,922.6,901,921.9,,,22773,20902856.7,407,,
2026-05-11,NRM,,410,394,404.9,,,16436,6560056,192,,
2026-05-11,NRN,,1431,1399,1427,,,36401,51719640.2,364,,
2026-05-11,NTC,,890,885,890,,,8545,7586704.2,198,,
2026-05-11,NUBL,,674,667.2,670.6,,,4646,3115255,60,,
2026-05-11,NWCL,,813,805,811,,,1055,853076.5,43,,
2026-05-11,NYADI,,395,388,391.5,,,3461,1355825.9,72,,
2026-05-11,OHL,,706,694,700,,,3222,2261109.5,28,,
2026-05-11,OMPL,,1228.5,1168.3,1187,,,5713,6798972.3,149,,
2026-05-11,PCBL,,243,240.2,241,,,39039,9431252.8,161,,
2026-05-11,PCIL,,908.9,887,892,,,76095,68223419.4,3677,,
2026-05-11,PFL,,383.4,379,382.7,,,2068,788307.2,35,,
2026-05-11,PHCL,,320,308,315,,,110482,34890465.8,474,,
2026-05-11,PMHPL,,349.9,336.5,344.8,,,6032,2080456.2,54,,
2026-05-11,PMLI,,479,461.3,468,,,3992,1873370.7,122,,
2026-05-11,PPCL,,399,380,388.4,,,11528,4437970.5,81,,
2026-05-11,PPL,,359.8,328,358,,,28201,9959111.6,185,,
2026-05-11,PROFL,,451,445,448.9,,,5236,2342012.3,44,,
2026-05-11,PRVU,,205,198,203,,,123950,25116072.8,486,,
2026-05-11,PURE,,1019,975,990,,,24756,24697004.4,369,,
2026-05-11,RADHI,,781,770,780,,,39669,30800458.6,227,,
2026-05-11,RAWA,,615,599.9,607,,,3128,1909545.1,47,,
2026-05-11,RFPL,,379.9,375,379,,,27522,10376584.6,209,,
2026-05-11,RHGCL,,305,294.1,301.9,,,46718,14025093.7,181,,
2026-05-11,RHPL,,287,276.2,287,,,18172,5147017.5,189,,
2026-05-11,RIDI,,357,348,355.6,,,449324,158826370.7,866,,
2026-05-11,RLEL,,1228.5,1168,1168,,,17610,20800160.5,713,,
2026-05-11,RLFL,,444,430.1,441.9,,,7165,3160423.1,62,,
2026-05-11,RNLI,,468.8,462,467,,,10629,4963430.3,292,,
2026-05-11,RSDC,,680,671.3,675,,,2777,1873058.2,27,,
2026-05-11,RSML,,3920,3765,3825,,,54516,211119488.6,852,,
2026-05-11,RURU,,665,654,658,,,5833,3828717.7,62,,
2026-05-11,SAGAR,,1763,1716,1725,,,6949,12041613.8,195,,
2026-05-11,SAHAS,,650,627,644,,,237857,152797552.1,1578,,
2026-05-11,SAIL,,1192,1137,1163,,,41427,48233646.9,517,,
2026-05-11,SANIMA,,364.8,360.2,364.8,,,64542,23475853.6,329,,
2026-05-11,SANVI,,715,683,706.1,,,26250,18328989.3,335,,
2026-05-11,SARBTM,,860,835,860,,,6653,5658374.5,77,,
2026-05-11,SBI,,404.9,396,402.7,,,12646,5051473.9,69,,
2026-05-11,SBL,,397,393,395.1,,,54640,21570567.5,208,,
2026-05-11,SCB,,650,644,645.2,,,6891,4453887.8,106,,
2026-05-11,SGHC,,376.8,365.5,374,,,15597,5773673,138,,
2026-05-11,SHEL,,318.9,313,317.2,,,142392,45031083,417,,
2026-05-11,SHIVM,,695,678,692,,,195631,134302281.7,863,,
2026-05-11,SHL,,502.9,495,500.8,,,23853,11932910.2,99,,
2026-05-11,SHLB,,1520.5,1500,1500,,,20,30205,2,,
2026-05-11,SHPC,,530,520,526.9,,,51359,26891213.6,216,,
2026-05-11,SIFC,,544.7,535,544,,,4428,2384480.5,34,,
2026-05-11,SIKLES,,595,586.9,592,,,8171,4828759.1,108,,
2026-05-11,SIPD,,895,860,867.3,,,29500,26011924.6,1436,,
2026-05-11,SJCL,,318,290,316.9,,,96220,29881686.7,429,,
2026-05-11,SJLIC,,437.9,433,434.6,,,11871,5160612.1,178,,
2026-05-11,SKBBL,,780,765,779.9,,,10831,8394691.7,134,,
2026-05-11,SKHEL,,1437.4,1329,1350,,,14276,19480117.2,386,,
2026-05-11,SKHL,,1019,938,956,,,26580,25487402.8,603,,
2026-05-11,SLBBL,,836.5,820,832.9,,,2284,1890816.7,59,,
2026-05-11,SLBSL,,1258,1205,1257,,,2366,2895126.1,49,,
2026-05-11,SMATA,,790,775,778.6,,,2393,1865405.2,63,,
2026-05-11,SMB,,1778,1750,1769,,,854,1505817.5,37,,
2026-05-11,SMFBS,,1630,1580.1,1624.9,,,1974,3133552.6,41,,
2026-05-11,SMH,,585,576,582,,,8041,4675224.7,103,,
2026-05-11,SMHL,,511.9,498.1,511.4,,,32273,16257222.7,282,,
2026-05-11,SMJC,,454,445.1,453,,,23354,10511874.2,174,,
2026-05-11,SMPDA,,890,830.1,850,,,2511,2149720.5,64,,
2026-05-11,SNLI,,455.7,447.4,455.3,,,11924,5405522.2,312,,
2026-05-11,SOHL,,739.9,715,721,,,192377,139744465.4,2792,,
2026-05-11,SONA,,444.1,436.1,443.9,,,22489,9922424.6,318,,
2026-05-11,SPC,,482.4,461,470,,,5296,2468826.5,60,,
2026-05-11,SPDL,,414.2,402.1,409,,,42613,17412931.4,171,,
2026-05-11,SPHL,,523.5,510,519,,,1987,1023199.4,33,,
2026-05-11,SPL,,714,703,714,,,1135,803083.7,22,,
2026-05-11,SRLI,,395,390,395,,,21417,8419909.4,217,,
2026-05-11,SSHL,,220,216,219.9,,,225403,49359202,677,,
2026-05-11,STC,,6064,5711.1,5887,,,1194,7085895.4,50,,
2026-05-11,SWASTIK,,2500,2460.1,2499,,,2008,4978587.9,64,,
2026-05-11,SWBBL,,794.8,741.5,760,,,5667,4245329.5,78,,
2026-05-11,SWMF,,677,667,675,,,4633,3106945.8,46,,
2026-05-11,SYPNL,,1570,1471,1559,,,106255,161046607.1,1619,,
2026-05-11,TAMOR,,443,432.1,440.5,,,55489,24367072.1,277,,
2026-05-11,TPC,,376.9,367.3,375,,,26457,9876802.2,130,,
2026-05-11,TRH,,771.8,756,771.8,,,331,253244,14,,
2026-05-11,TSHL,,620,610,612,,,912,558532.8,38,,
2026-05-11,TTL,,836.9,820,834,,,21888,18146488.2,465,,
2026-05-11,TVCL,,565,530,544.9,,,10192,5498461.3,97,,
2026-05-11,UHEWA,,581,565,578,,,6180,3542904.9,92,,
2026-05-11,ULBSL,,2999,2855,2998,,,1573,4595792.7,57,,
2026-05-11,ULHC,,520.1,500,512,,,9017,4600335.1,130,,
2026-05-11,UMHL,,575,564,573.7,,,35153,20007916.4,149,,
2026-05-11,UMRH,,546,535.3,544.8,,,9539,5148319.5,80,,
2026-05-11,UNHPL,,482,473.5,478,,,25754,12323344,121,,
2026-05-11,UNL,,46500,46400,46400,,,30,1393100,3,,
2026-05-11,UNLB,,1493.9,1380.1,1464,,,1377,1985700.9,37,,
2026-05-11,UPCL,,385.9,372.2,379.3,,,67838,25851082.3,254,,
2026-05-11,UPPER,,215.6,206.2,209.5,,,145500,30352618.3,690,,
2026-05-11,USHEC,,502.9,490,498.1,,,18930,9467324.1,103,,
2026-05-11,USHL,,648.5,621,645,,,3511,2225324.1,53,,
2026-05-11,USLB,,1276,1259,1275,,,1217,1539504.5,36,,
2026-05-11,VLBS,,726.1,698.1,726.1,,,3244,2301684.5,195,,
2026-05-11,VLUCL,,510.7,485,494.9,,,4444,2194773,63,,
2026-05-12,ACLBSL,,965,950,951,,,432,413431.1,17,,
2026-05-12,ADBL,,314.1,310,310,,,25054,7790921.9,155,,
2026-05-12,AHL,,525,500,508,,,13604,6869660.6,135,,
2026-05-12,AHPC,,293,278.3,280,,,95316,26920747.6,388,,
2026-05-12,AKJCL,,372,345,350,,,323055,114948701.8,683,,
2026-05-12,AKPL,,279,270,271,,,126959,34747083.8,492,,
2026-05-12,ALBSL,,1141,1092.1,1112,,,4952,5451472.2,107,,
2026-05-12,ALICL,,460,453,454,,,25062,11423150.5,119,,
2026-05-12,ANLB,,6266.2,5919,6065,,,841,5009716.7,35,,
2026-05-12,API,,366.4,343,345,,,294922,102620161.5,1029,,
2026-05-12,AVYAN,,1152,1103,1128,,,7756,8759547.7,124,,
2026-05-12,BANDIPUR,,845,801,807,,,34910,28493246.1,587,,
2026-05-12,BARUN,,358,340,343,,,63164,21795104.4,262,,
2026-05-12,BBC,,4948,4731,4733.1,,,575,2752284,47,,
2026-05-12,BEDC,,399,364,368.5,,,53780,20105073.6,338,,
2026-05-12,BFC,,474.9,456,456,,,7617,3536690.4,75,,
2026-05-12,BGWT,,675,650,653.5,,,2210,1452222.1,58,,
2026-05-12,BHCL,,530,504.2,516,,,33693,17393893.3,396,,
2026-05-12,BHDC,,475,466,466,,,8743,4090726.3,85,,
2026-05-12,BHL,,231.4,221,222,,,218140,49182616.8,777,,
2026-05-12,BHPL,,537,521,521,,,7154,3784728.2,76,,
2026-05-12,BJHL,,1025,969,975,,,16202,16090469.8,373,,
2026-05-12,BNHC,,338,326.2,326.5,,,8500,2799032.8,74,,
2026-05-12,BNL,,14800,14800,14800,,,0,0,0,,
2026-05-12,BNT,,11950,11695,11695,,,76,897135,7,,
2026-05-12,BPCL,,718.2,665.1,668,,,48243,32818304,217,,
2026-05-12,BUNGAL,,610,570,583,,,19837,11626699.8,304,,
2026-05-12,CBBL,,930,915,919,,,17323,15973010.6,208,,
2026-05-12,CFCL,,534.3,492,502.9,,,8664,4310317.1,53,,
2026-05-12,CGH,,815.1,803,804,,,9910,8012523.9,104,,
2026-05-12,CHCL,,488,470,476.2,,,61028,29134421.9,214,,
2026-05-12,CHDC,,2400,2293,2297,,,19951,46075795,238,,
2026-05-12,CHL,,305,290.1,293,,,32154,9539811.5,128,,
2026-05-12,CIT,,1785,1770,1770.2,,,5185,9198027.5,163,,
2026-05-12,CITY,,430,404.7,415,,,30003,12419057.6,299,,
2026-05-12,CKHL,,670,660,660,,,1239,821588,24,,
2026-05-12,CLI,,466,455.7,456,,,9348,4268156.5,169,,
2026-05-12,CREST,,1179,1120.5,1137,,,9026,10278689,159,,
2026-05-12,CYCL,,1525.9,1460.1,1464.1,,,963,1431750,38,,
2026-05-12,CZBIL,,210,204,205.8,,,41913,8641705.4,151,,
2026-05-12,DDBL,,862,845.6,846.9,,,6957,5919181.5,76,,
2026-05-12,DHEL,,617,592,597,,,12710,7685544.7,297,,
2026-05-12,DHPL,,319,295,298.9,,,5170,1547773.8,32,,
2026-05-12,DLBS,,1495,1235,1495,,,2236,2936154.5,57,,
2026-05-12,DOLTI,,366,352,352,,,53564,19075051.7,358,,
2026-05-12,DORDI,,284,272,272.6,,,35802,9919439.1,191,,
2026-05-12,EBL,,720,705.1,706,,,23334,16516106,193,,
2026-05-12,EHPL,,397,380.3,380.3,,,31105,12018266.7,189,,
2026-05-12,ENL,,924,885,898.9,,,636,569480,25,,
2026-05-12,FMDBL,,874,790,805,,,77403,62830229.2,535,,
2026-05-12,FOWAD,,1097,1050,1060,,,20136,21553086.6,264,,
2026-05-12,GBIME,,241,230.8,233,,,134746,31638582.8,503,,
2026-05-12,GBLBS,,783,766.6,771,,,4713,3631219.2,52,,
2026-05-12,GCIL,,423,405,417.7,,,15364,6449544.1,157,,
2026-05-12,GFCL,,632.5,615,625,,,13758,8620965,93,,
2026-05-12,GHL,,248.7,233.8,236.9,,,71961,17288975.6,246,,
2026-05-12,GILB,,1149.4,1115.1,1138,,,1326,1490800.4,27,,
2026-05-12,GLBSL,,1840,1805,1805,,,41,74410,4,,
2026-05-12,GLH,,275.9,266,266.3,,,48785,13141639.4,216,,
2026-05-12,GMFBS,,1366,1305,1327.9,,,1167,1537423,24,,
2026-05-12,GMFIL,,476.9,458,458.5,,,4488,2081651.4,33,,
2026-05-12,GMLI,,1359.9,1290.2,1300,,,2098,2750109,69,,
2026-05-12,GUFL,,532,520,522,,,7332,3856213.2,60,,
2026-05-12,GVL,,499,489.1,490,,,10516,5175640.7,79,,
2026-05-12,HATHY,,834,810,810,,,9009,7365048.7,122,,
2026-05-12,HBL,,210,203,203.9,,,36045,7406982.8,695,,
2026-05-12,HDHPC,,234,222.5,222.7,,,276473,62552497.4,873,,
2026-05-12,HDL,,1180,1155.2,1157,,,37387,43518414.2,441,,
2026-05-12,HFIN,,1077,999,1000,,,104518,107422786.1,2242,,
2026-05-12,HHL,,397,368,377,,,83123,31646088.7,287,,
2026-05-12,HIDCL,,278.5,266.8,268,,,117629,31718451.1,409,,
2026-05-12,HIMSTAR,,925,870,871,,,12133,10791370.9,220,,
2026-05-12,HLBSL,,911,886.7,904,,,1095,996470,10,,
2026-05-12,HLI,,348.9,339.8,341,,,35603,12182124.1,349,,
2026-05-12,HPPL,,382.8,371.4,373,,,28232,10643104.6,166,,
2026-05-12,HRL,,715,681,682,,,118376,82160096.9,1212,,
2026-05-12,HURJA,,265.9,255.1,256,,,105283,27344766.5,302,,
2026-05-12,ICFC,,636.1,620.4,620.4,,,12376,7771410,78,,
2026-05-12,IHL,,408.6,390,393,,,17687,7022764.5,114,,
2026-05-12,ILBS,,976,925,933,,,4300,4064687.6,62,,
2026-05-12,ILI,,450,435,436.1,,,14367,6304783.4,203,,
2026-05-12,JBLB,,1329.8,1302,1305,,,8151,10699434.9,152,,
2026-05-12,JFL,,423,405,409,,,7178,2942682.4,47,,
2026-05-12,JHAPA,,1883,1590,1675,,,27357,47077516.5,459,,
2026-05-12,JOSHI,,294,280,281,,,25325,7216714.5,137,,
2026-05-12,JSLBB,,1111,1085,1085,,,695,769726.5,10,,
2026-05-12,KBL,,225,217,218,,,267612,58846021.7,663,,
2026-05-12,KBSH,,1575,1541.7,1575,,,130,200822.7,9,,
2026-05-12,KDL,,840,815,822,,,2650,2191001,53,,
2026-05-12,KKHC,,277.9,263,264,,,36529,9746191.1,154,,
2026-05-12,KMCDB,,922,870,889.7,,,3586,3160784.1,71,,
2026-05-12,KPCL,,500,491.2,494,,,9877,4882548.6,90,,
2026-05-12,LEC,,235.9,223,224.1,,,125315,28600754.2,391,,
2026-05-12,LICN,,828.8,810.3,812,,,7562,6144203.3,73,,
2026-05-12,LLBS,,970,945,957.9,,,315,300030.5,10,,
2026-05-12,LSL,,223,217,218.9,,,98485,21665846.4,208,,
2026-05-12,MABEL,,690,655.1,658.1,,,8654,5776503.7,161,,
2026-05-12,MAKAR,,496.1,482,490,,,11610,5705062.9,82,,
2026-05-12,MANDU,,825,809.1,810.3,,,1415,1149306.5,33,,
2026-05-12,MATRI,,916,900,900.5,,,304,274513.1,12,,
2026-05-12,MBJC,,290.3,284,285,,,34672,9955980.9,262,,
2026-05-12,MBL,,254,248.1,249.5,,,62074,15540360.9,173,,
2026-05-12,MCHL,,326,310,315,,,14790,4696970,138,,
2026-05-12,MEHL,,398,379,379,,,7975,3054737.1,60,,
2026-05-12,MEL,,241,227,229,,,65410,15122670.3,373,,
2026-05-12,MEN,,622.9,595,601,,,48873,29497220.5,320,,
2026-05-12,MERO,,735,715.1,717.1,,,4144,2987657.3,55,,
2026-05-12,MFIL,,818.9,790.2,797,,,60974,49212579.9,278,,
2026-05-12,MHCL,,360,338,348,,,15702,5515963.9,112,,
2026-05-12,MHL,,508.8,492.2,499,,,7559,3761350,65,,
2026-05-12,MHNL,,277.8,255.4,270,,,11275,3033629.5,89,,
2026-05-12,MKCL,,1340,1280.1,1310,,,2102,2735558.5,59,,
2026-05-12,MKHC,,326,318,319,,,14175,4552433.5,112,,
2026-05-12,MKHL,,530,515.1,516.3,,,4743,2468927.7,80,,
2026-05-12,MKJC,,506,492,495,,,6197,3080925,48,,
2026-05-12,MLBBL,,1207,1191,1195,,,3628,4348214.6,65,,
2026-05-12,MLBS,,1308,1236.5,1250,,,750,949009,22,,
2026-05-12,MLBSL,,1850,1800,1805,,,1961,3578919.1,34,,
2026-05-12,MMKJL,,495,484.4,486,,,3843,1883026,46,,
2026-05-12,MPFL,,643,610,610,,,37966,23474586.9,168,,
2026-05-12,MSHL,,710,700,702,,,563,395718.1,21,,
2026-05-12,MSLB,,1255,1230.2,1245,,,431,535815.8,26,,
2026-05-12,NABIL,,533,527,527,,,37974,20071403.2,458,,
2026-05-12,NADEP,,783.9,750,762,,,1121,847007,27,,
2026-05-12,NBL,,272.9,264.2,265,,,48944,13048110.1,238,,
2026-05-12,NESDO,,1544,1537,1544,,,285,439084,17,,
2026-05-12,NFS,,593.7,570,574,,,4843,2794918,66,,
2026-05-12,NGPL,,458,439,443,,,260848,116535236.9,870,,
2026-05-12,NHDL,,645,630,645,,,8049,5102954,45,,
2026-05-12,NHPC,,302,283,285,,,656163,189943304.7,1844,,
2026-05-12,NICA,,364.9,354.3,355.8,,,102639,36697486.1,383,,
2026-05-12,NICLBSL,,592,575,579,,,9954,5780946.1,96,,
2026-05-12,NIFRA,,270,262,263.8,,,86451,22962282.2,552,,
2026-05-12,NIMB,,209.1,200,202,,,119173,23965616.4,343,,
2026-05-12,NLIC,,779.8,768,768.6,,,17892,13783870.6,199,,
2026-05-12,NLICL,,595.8,585,590,,,7211,4225984,54,,
2026-05-12,NLO,,269.4,269.4,269.4,,,0,0,0,,
2026-05-12,NMB,,248.5,243,244.2,,,48470,11885584.7,183,,
2026-05-12,NMBMF,,663.6,637,639,,,1613,1036133,22,,
2026-05-12,NMFBS,,1122,1106,1115,,,10667,11857640.5,48,,
2026-05-12,NMLBBL,,623,606,606.1,,,8824,5383872.8,63,,
2026-05-12,NRIC,,939,905.3,909,,,25023,23007514,356,,
2026-05-12,NRM,,410,392.5,397,,,13826,5472713.2,121,,
2026-05-12,NRN,,1430,1377,1384,,,57237,79999676.5,602,,
2026-05-12,NTC,,908,886.6,886.6,,,12061,10747932.6,231,,
2026-05-12,NUBL,,675.9,669.2,670,,,5376,3609345.4,52,,
2026-05-12,NWCL,,806,790,792,,,1667,1336825,54,,
2026-05-12,NYADI,,394,385,386,,,2966,1148812,61,,
2026-05-12,OHL,,701.1,693,694,,,7079,4936399.1,36,,
2026-05-12,OMPL,,1199.9,1156,1180,,,5951,6952537,134,,
2026-05-12,PCBL,,243,237,238.4,,,77628,18550566.6,211,,
2026-05-12,PCIL,,901,861,875,,,68984,60529086.7,3126,,
2026-05-12,PFL,,387.9,368.7,378,,,9027,3389983.9,72,,
2026-05-12,PHCL,,322,305,307.5,,,60194,18766139.2,336,,
2026-05-12,PMHPL,,348,336,338.5,,,4964,1685160.4,64,,
2026-05-12,PMLI,,472,467,468,,,5524,2595367.1,115,,
2026-05-12,PPCL,,407.8,377.3,377.3,,,11900,4543834.2,84,,
2026-05-12,PPL,,375.9,348,351,,,32747,11582362.5,152,,
2026-05-12,PROFL,,448,438,438,,,4473,1974768.7,43,,
2026-05-12,PRVU,,205,199,200.4,,,128016,25763631.1,487,,
2026-05-12,PURE,,996.9,940,950,,,24192,23307970.9,288,,
2026-05-12,RADHI,,788,745,752,,,80720,61444751.7,323,,
2026-05-12,RAWA,,620,586,595,,,1195,708319,24,,
2026-05-12,RFPL,,385,367,368,,,78134,29107121.2,255,,
2026-05-12,RHGCL,,309.9,287,299.5,,,88510,26558054.2,212,,
2026-05-12,RHPL,,288,278.2,282,,,23584,6654568,121,,
2026-05-12,RIDI,,373.3,346,346.1,,,489605,173095365.4,874,,
2026-05-12,RLEL,,1198,1105,1108,,,22120,24949871.4,667,,
2026-05-12,RLFL,,448.5,429,430.5,,,17882,7821221.4,99,,
2026-05-12,RNLI,,467,460.4,463.5,,,14870,6892311,217,,
2026-05-12,RSDC,,710,671.1,674,,,7240,4938702.5,74,,
2026-05-12,RSML,,3940,3680,3729,,,47727,180957833,807,,
2026-05-12,RURU,,670,649,649.9,,,4127,2694962.8,48,,
2026-05-12,SAGAR,,1750,1680,1689.9,,,17286,29598458,273,,
2026-05-12,SAHAS,,654.9,635.4,641,,,133921,86420983.1,989,,
2026-05-12,SAIL,,1190,1121,1133.9,,,43947,50826875.9,523,,
2026-05-12,SANIMA,,367,361.5,362,,,72584,26388906.2,308,,
2026-05-12,SANVI,,711,678,683.9,,,18516,12743059.6,224,,
2026-05-12,SARBTM,,865,845,849,,,10064,8559522.7,92,,
2026-05-12,SBI,,404.9,397.3,400,,,18519,7383886.8,51,,
2026-05-12,SBL,,398.5,394.1,395.5,,,101471,40143015.2,224,,
2026-05-12,SCB,,650,641.3,647,,,9392,6075582,92,,
2026-05-12,SGHC,,380,364,364,,,11685,4297865.8,121,,
2026-05-12,SHEL,,318,309.5,312,,,155720,48693259.1,450,,
2026-05-12,SHIVM,,697,675.3,677,,,232638,158906117.9,1005,,
2026-05-12,SHL,,504,487,497.9,,,14049,6998725.1,84,,
2026-05-12,SHLB,,1480,1456,1480,,,200,292087.4,5,,
2026-05-12,SHPC,,553.2,515.1,516,,,43771,22706788.2,227,,
2026-05-12,SIFC,,540,525,537,,,8615,4566295.1,42,,
2026-05-12,SIKLES,,609.7,582.1,582.1,,,6195,3637068.4,63,,
2026-05-12,SIPD,,896,833.1,839,,,28867,24673471.5,1347,,
2026-05-12,SJCL,,320.3,304.2,310,,,36227,11147095.3,186,,
2026-05-12,SJLIC,,444,432,433,,,9475,4116887.5,128,,
2026-05-12,SKBBL,,784.9,770,773.8,,,9144,7067593.9,121,,
2026-05-12,SKHEL,,1417.5,1285,1297.9,,,14567,19064443.7,394,,
2026-05-12,SKHL,,956,895,899,,,32330,29800983.5,678,,
2026-05-12,SLBBL,,837,823,825,,,3531,2935458.1,56,,
2026-05-12,SLBSL,,1240,1198.9,1232,,,4088,4923855.1,63,,
2026-05-12,SMATA,,799,766.1,777,,,3573,2795284.3,79,,
2026-05-12,SMB,,1789,1740,1740,,,738,1297906.4,34,,
2026-05-12,SMFBS,,1591,1499,1590,,,5393,8264089.6,114,,
2026-05-12,SMH,,592,578.1,578.1,,,9094,5282718.1,92,,
2026-05-12,SMHL,,515,496.2,496.5,,,52907,26637742.7,249,,
2026-05-12,SMJC,,465,447,455,,,24187,10947479.1,170,,
2026-05-12,SMPDA,,874,839,845,,,1324,1117029,38,,
2026-05-12,SNLI,,458,450.1,453,,,8789,3978351.9,228,,
2026-05-12,SOHL,,728,689,692.9,,,189636,133775081,2356,,
2026-05-12,SONA,,446,434.3,436.9,,,27414,12078008.7,271,,
2026-05-12,SPC,,476.5,463.1,466,,,2336,1088741.7,34,,
2026-05-12,SPDL,,417,400,403.5,,,53629,21732587.1,159,,
2026-05-12,SPHL,,530,504.1,504.1,,,2116,1089422,25,,
2026-05-12,SPL,,731,703.1,705,,,1280,909278,23,,
2026-05-12,SRLI,,395.1,390.2,392.9,,,15558,6107787,144,,
2026-05-12,SSHL,,230.8,214,214,,,209751,45575162.1,604,,
2026-05-12,STC,,5890,5756,5782.1,,,123,713099,7,,
2026-05-12,SWASTIK,,2490,2440,2441,,,587,1443722,30,,
2026-05-12,SWBBL,,761,742.2,746,,,2106,1581557.4,36,,
2026-05-12,SWMF,,670,661.5,665,,,973,646037,22,,
2026-05-12,SYPNL,,1589,1485,1490,,,100159,153360354.1,1569,,
2026-05-12,TAMOR,,442,430,437.9,,,21179,9289865.7,150,,
2026-05-12,TPC,,375,365.2,367,,,22008,8141843.1,128,,
2026-05-12,TRH,,761,753.1,760,,,1295,983829,11,,
2026-05-12,TSHL,,621,607,608,,,825,506638,25,,
2026-05-12,TTL,,835.3,805,811.9,,,14455,11823360.2,307,,
2026-05-12,TVCL,,550,518,518,,,1867,978947.4,43,,
2026-05-12,UHEWA,,584.9,568,574,,,9854,5664181.4,94,,
2026-05-12,ULBSL,,2990,2850,2943,,,1589,4591835.8,52,,
2026-05-12,ULHC,,527,498,498.1,,,17719,8901999.8,119,,
2026-05-12,UMHL,,575,560,564.6,,,26856,15209495.7,122,,
2026-05-12,UMRH,,545,537,540,,,6309,3400825.5,40,,
2026-05-12,UNHPL,,492,455,476,,,22096,10503014.6,109,,
2026-05-12,UNL,,46320,46310,46310,,,30,1389400,3,,
2026-05-12,UNLB,,1431,1425,1425,,,440,628338.5,18,,
2026-05-12,UPCL,,398.2,370.1,373,,,34356,12932628.4,177,,
2026-05-12,UPPER,,212.9,205,206,,,162133,33819855.7,665,,
2026-05-12,USHEC,,498.2,485.1,486,,,20011,9846437.5,102,,
2026-05-12,USHL,,644,615,640,,,2803,1751634.6,45,,
2026-05-12,USLB,,1274.9,1250,1250,,,2912,3653024.2,52,,
2026-05-12,VLBS,,735,713,714.1,,,4772,3428319.3,158,,
2026-05-12,VLUCL,,509.7,485,485,,,2710,1323483,38,,
2026-05-13,ACLBSL,,954,925.2,954,,,984,933939.2,17,,
2026-05-13,ADBL,,311,305.4,310.7,,,21106,6511919.5,103,,
2026-05-13,AHL,,566,495,566,,,20350,10355201.4,109,,
2026-05-13,AHPC,,282.7,275.1,279,,,37677,10470758.6,187,,
2026-05-13,AKJCL,,367.5,343,355,,,193551,67451947,409,,
2026-05-13,AKPL,,282.5,261,269,,,67620,18162049.6,232,,
2026-05-13,ALBSL,,1110,1081,1107.4,,,3108,3400544.7,75,,
2026-05-13,ALICL,,455.9,449,455.9,,,9412,4264440,72,,
2026-05-13,ANLB,,6050,5500,6050,,,2480,13953709.7,78,,
2026-05-13,API,,348,339,343.8,,,104602,35740372.2,432,,
2026-05-13,AVYAN,,1133,1071.6,1105,,,4886,5414367.8,78,,
2026-05-13,BANDIPUR,,810.9,795,804,,,18876,15148609.2,442,,
2026-05-13,BARUN,,345,338.1,344.9,,,22078,7570187.2,134,,
2026-05-13,BBC,,4833,4731.3,4800,,,251,1201860,21,,
2026-05-13,BEDC,,386.9,358.5,360.2,,,26901,9725156.2,191,,
2026-05-13,BFC,,464,450.1,458.3,,,4282,1938849.4,43,,
2026-05-13,BGWT,,669,636,669,,,1924,1256729.3,38,,
2026-05-13,BHCL,,514,503.1,508.9,,,9235,4682602.9,220,,
2026-05-13,BHDC,,464.9,458,463.2,,,11731,5400731,87,,
2026-05-13,BHL,,223,218.2,222.5,,,67274,14880071.9,315,,
2026-05-13,BHPL,,524,495,522,,,4561,2366073.7,60,,
2026-05-13,BJHL,,1000,940,960,,,13449,12769142.8,286,,
2026-05-13,BNHC,,327.5,317,325,,,1260,408978.3,22,,
2026-05-13,BNL,,15198,14806,15198,,,50,748190,5,,
2026-05-13,BNT,,11900,11603,11895,,,66,774530,6,,
2026-05-13,BPCL,,670,661,663.1,,,21164,14100385.3,112,,
2026-05-13,BUNGAL,,583,565.8,582,,,8505,4890602.8,183,,
2026-05-13,CBBL,,925,915,919,,,9865,9077030.7,142,,
2026-05-13,CFCL,,500.3,490,498,,,7628,3768103,57,,
2026-05-13,CGH,,806,802.3,802.9,,,7049,5666761.9,68,,
2026-05-13,CHCL,,479.5,472.5,476,,,16783,7994233.1,113,,
2026-05-13,CHDC,,2300.1,2260,2282,,,14022,31850993.2,172,,
2026-05-13,CHL,,293,285,290,,,12528,3598654.5,62,,
2026-05-13,CIT,,1775,1760,1766,,,4188,7387779.3,116,,
2026-05-13,CITY,,422.9,404,407,,,13841,5629772.4,163,,
2026-05-13,CKHL,,660,645.1,647,,,881,574540.5,22,,
2026-05-13,CLI,,456,450.3,455,,,8957,4050770.6,174,,
2026-05-13,CREST,,1193.8,1106,1106,,,9291,10342248.3,138,,
2026-05-13,CYCL,,1552.2,1443.2,1472,,,521,774799.9,33,,
2026-05-13,CZBIL,,206,201.7,203,,,39026,7917819.7,168,,
2026-05-13,DDBL,,855,835.1,846.2,,,2945,2492491.2,53,,
2026-05-13,DHEL,,597,587,595,,,6354,3764310.5,175,,
2026-05-13,DHPL,,297,292.6,293.6,,,4025,1187330,14,,
2026-05-13,DLBS,,1420.3,1300,1328,,,3640,4814650.8,101,,
2026-05-13,DOLTI,,355,345.1,350.5,,,31910,11119022.4,186,,
2026-05-13,DORDI,,275.8,271,272,,,16683,4536179.6,119,,
2026-05-13,EBL,,708,699,704.2,,,25413,17827122.7,195,,
2026-05-13,EHPL,,399.3,375.8,377,,,17175,6500586.4,135,,
2026-05-13,ENL,,904.9,890,895,,,40,35849,4,,
2026-05-13,FMDBL,,820,780,793,,,8108,6423965.8,104,,
2026-05-13,FOWAD,,1076.9,1046.1,1050.1,,,9850,10410200.9,158,,
2026-05-13,GBIME,,234.8,231.1,234.5,,,36555,8506910.6,234,,
2026-05-13,GBLBS,,773,761,762.2,,,1948,1485822.3,26,,
2026-05-13,GCIL,,420,412,419.9,,,8442,3496529,168,,
2026-05-13,GFCL,,625,616.1,617,,,1828,1129212.3,28,,
2026-05-13,GHL,,236.9,233,236,,,31218,7349495.2,119,,
2026-05-13,GILB,,1132,1116,1116.5,,,164,184197,7,,
2026-05-13,GLBSL,,1800,1760,1780,,,409,723876.5,27,,
2026-05-13,GLH,,269,263.4,268.7,,,27285,7264799.9,122,,
2026-05-13,GMFBS,,1332.9,1303,1332.9,,,256,335657.6,10,,
2026-05-13,GMFIL,,462,450,456.4,,,1865,847768,18,,
2026-05-13,GMLI,,1300,1261.2,1290,,,1382,1756851.5,53,,
2026-05-13,GUFL,,530.9,518.6,523,,,4293,2234640,40,,
2026-05-13,GVL,,492,480.3,487.2,,,6383,3107566.9,84,,
2026-05-13,HATHY,,815,805,805,,,2905,2341923,67,,
2026-05-13,HBL,,205,201.7,203.7,,,30178,6106957.9,513,,
2026-05-13,HDHPC,,224,219,221,,,169483,37505864.9,503,,
2026-05-13,HDL,,1169,1150,1158,,,22343,25805598,305,,
2026-05-13,HFIN,,999,981.1,989,,,44049,43535734.6,1291,,
2026-05-13,HHL,,384.1,359,373.2,,,16468,6165020.2,96,,
2026-05-13,HIDCL,,269.5,264.2,268.1,,,36062,9603250.1,216,,
2026-05-13,HIMSTAR,,887,845,887,,,5322,4613801.4,100,,
2026-05-13,HLBSL,,900,880,890,,,1284,1145644.8,15,,
2026-05-13,HLI,,341,338,339.9,,,20570,6976539.7,195,,
2026-05-13,HPPL,,373.7,362,373.7,,,14981,5541207.1,121,,
2026-05-13,HRL,,687,671,677.1,,,37540,25451733.1,592,,
2026-05-13,HURJA,,254.9,252.4,253.7,,,54445,13796170.3,168,,
2026-05-13,ICFC,,625,620,620.2,,,8107,5052499.3,51,,
2026-05-13,IHL,,397.8,388,390.5,,,2875,1129612.7,52,,
2026-05-13,ILBS,,954,920.1,935,,,348,324712.5,23,,
2026-05-13,ILI,,439,431,436,,,5929,2578789.9,157,,
2026-05-13,JBLB,,1305,1291,1300,,,3488,4521621.6,109,,
2026-05-13,JFL,,409,405.1,407,,,1957,796894.1,27,,
2026-05-13,JHAPA,,1717,1459.1,1570,,,44131,69994051.1,426,,
2026-05-13,JOSHI,,285,278,282,,,7512,2109809,64,,
2026-05-13,JSLBB,,1147.9,1100,1100,,,246,274244,6,,
2026-05-13,KBL,,219.5,214.5,219.5,,,126896,27569262.8,404,,
2026-05-13,KBSH,,1620,1550,1574.9,,,236,371956.8,12,,
2026-05-13,KDL,,818,805,818,,,391,318907,15,,
2026-05-13,KKHC,,265,261,264.9,,,15644,4113179.5,92,,
2026-05-13,KMCDB,,885,875.5,884.8,,,283,249383.2,18,,
2026-05-13,KPCL,,490,482,489,,,3764,1832882.5,43,,
2026-05-13,LEC,,226,220.6,223,,,56870,12667791.8,209,,
2026-05-13,LICN,,815,808,812,,,3677,2982970.2,33,,
2026-05-13,LLBS,,970,940.9,960,,,153,144811.9,7,,
2026-05-13,LSL,,219.9,215.2,216.2,,,30030,6492391.8,154,,
2026-05-13,MABEL,,658.2,641,654,,,10244,6677021.2,96,,
2026-05-13,MAKAR,,497.9,482.1,485.6,,,7420,3626064.5,53,,
2026-05-13,MANDU,,812,802.1,810,,,236,191106.4,14,,
2026-05-13,MATRI,,910,886,910,,,326,295923,10,,
2026-05-13,MBJC,,288,280,282,,,20709,5854601.4,211,,
2026-05-13,MBL,,250.1,245.5,249.5,,,34965,8710674.8,120,,
2026-05-13,MCHL,,323.6,310,315,,,3705,1154702.5,43,,
2026-05-13,MEHL,,382.9,375,382.9,,,841,318046,27,,
2026-05-13,MEL,,240.4,223.5,226.5,,,18357,4179080.8,188,,
2026-05-13,MEN,,673,588,600,,,49428,30573575.3,321,,
2026-05-13,MERO,,727,710,715,,,1943,1385890,26,,
2026-05-13,MFIL,,807,781,803,,,45258,36076387.8,189,,
2026-05-13,MHCL,,355,340.1,353.5,,,1815,634718,42,,
2026-05-13,MHL,,497,490.1,495.4,,,4420,2172594,41,,
2026-05-13,MHNL,,283,263.2,268.7,,,2421,648083.6,28,,
2026-05-13,MKCL,,1300,1277,1290,,,2861,3669954.5,48,,
2026-05-13,MKHC,,320,314,319.9,,,10462,3303454,68,,
2026-05-13,MKHL,,530,510.1,525,,,2624,1366125.5,52,,
2026-05-13,MKJC,,498,485,488,,,2045,999580.5,31,,
2026-05-13,MLBBL,,1199.8,1170.2,1192,,,1224,1445950.4,28,,
2026-05-13,MLBS,,1273,1217,1272,,,138,170465,6,,
2026-05-13,MLBSL,,1805,1783,1798,,,302,538925,11,,
2026-05-13,MMKJL,,488.9,473.1,488.9,,,962,458776.2,29,,
2026-05-13,MPFL,,612,596.1,609,,,20557,12459940.2,113,,
2026-05-13,MSHL,,699.9,690,691.4,,,490,338919,12,,
2026-05-13,MSLB,,1245,1230,1245,,,303,374202.6,20,,
2026-05-13,NABIL,,528,523.1,527,,,29723,15625087.2,344,,
2026-05-13,NADEP,,760,740,758,,,281,212074,12,,
2026-05-13,NBL,,266,262,266,,,40584,10701313.4,145,,
2026-05-13,NESDO,,1545,1520,1525,,,742,1136925.5,23,,
2026-05-13,NFS,,574.9,565,566,,,2444,1386340,41,,
2026-05-13,NGPL,,448.5,437.2,440.1,,,122201,53795229.6,403,,
2026-05-13,NHDL,,683.9,634,649.4,,,7757,5190949.8,35,,
2026-05-13,NHPC,,299.2,278.5,284.9,,,290526,82023833.4,947,,
2026-05-13,NICA,,357.9,350.1,354.9,,,45191,15957091.6,245,,
2026-05-13,NICLBSL,,580,564,575,,,3272,1887700.5,51,,
2026-05-13,NIFRA,,270,260.2,264,,,40680,10665920.5,356,,
2026-05-13,NIMB,,212.1,196.1,199.1,,,89359,17689463.1,346,,
2026-05-13,NLIC,,768.6,755,762.2,,,19500,14811218.5,169,,
2026-05-13,NLICL,,588.9,583,585,,,5429,3180834.4,41,,
2026-05-13,NLO,,269.4,269.4,269.4,,,0,0,0,,
2026-05-13,NMB,,246,240.2,244.1,,,32321,7859025.5,88,,
2026-05-13,NMBMF,,643.7,626,636,,,742,471743,17,,
2026-05-13,NMFBS,,1122,1106,1115,,,3622,4025098.1,35,,
2026-05-13,NMLBBL,,606.09,582,591,,,26951,15982703.1,250,,
2026-05-13,NRIC,,919,900,905,,,14340,12961649.7,197,,
2026-05-13,NRM,,395,386,390,,,8717,3402452.5,79,,
2026-05-13,NRN,,1390,1354,1375,,,36401,49824956.4,376,,
2026-05-13,NTC,,891,885,890,,,7937,7053893,156,,
2026-05-13,NUBL,,674,653.2,666,,,2802,1875713.8,26,,
2026-05-13,NWCL,,794.9,783.1,785,,,1573,1235521,24,,
2026-05-13,NYADI,,392.5,378,391,,,4970,1917007,51,,
2026-05-13,OHL,,700,690,690,,,1932,1334424.7,15,,
2026-05-13,OMPL,,1170,1145,1168,,,894,1030649,56,,
2026-05-13,PCBL,,240,235,238,,,58952,13978656.3,187,,
2026-05-13,PCIL,,901,835,865,,,61981,53146392.1,2558,,
2026-05-13,PFL,,372,368,368.8,,,9723,3590403.5,83,,
2026-05-13,PHCL,,310,303.2,307.7,,,38761,11843433.6,216,,
2026-05-13,PMHPL,,340,332.1,335,,,2744,920240.6,35,,
2026-05-13,PMLI,,470,461,465,,,2022,941504.6,72,,
2026-05-13,PPCL,,377,370,375,,,10660,3959118,60,,
2026-05-13,PPL,,351,335,350,,,13096,4542452.7,100,,
2026-05-13,PROFL,,440,430,440,,,4319,1875259,28,,
2026-05-13,PRVU,,200,195,199,,,75214,14966212.5,278,,
2026-05-13,PURE,,956.8,927,951,,,11714,11090523.8,141,,
2026-05-13,RADHI,,760,746,760,,,16363,12315597.5,112,,
2026-05-13,RAWA,,624.6,586,598.9,,,550,330489,14,,
2026-05-13,RFPL,,370,363.2,368.4,,,19614,7180388.8,157,,
2026-05-13,RHGCL,,297,291,297,,,19995,5862803,91,,
2026-05-13,RHPL,,289.9,277,277,,,12089,3396207.5,105,,
2026-05-13,RIDI,,351.5,341.1,349,,,285769,98595993.8,579,,
2026-05-13,RLEL,,1095,1045,1054,,,24683,26545867.6,687,,
2026-05-13,RLFL,,435,425,434,,,3959,1699896.5,35,,
2026-05-13,RNLI,,464.5,455.2,461,,,5804,2674450.9,182,,
2026-05-13,RSDC,,675,665,666,,,3341,2225813,46,,
2026-05-13,RSML,,3750,3655.1,3724.9,,,22366,82716573.5,472,,
2026-05-13,RURU,,660,644,649.9,,,10785,7000192.4,44,,
2026-05-13,SAGAR,,1691,1665,1678,,,7326,12256762.8,157,,
2026-05-13,SAHAS,,659,635,658.8,,,147870,95877557,968,,
2026-05-13,SAIL,,1162,1111.1,1157.2,,,36656,41755322.5,414,,
2026-05-13,SANIMA,,364.8,356,362.5,,,60105,21605885.7,214,,
2026-05-13,SANVI,,685,665,681.5,,,7960,5367254.8,132,,
2026-05-13,SARBTM,,847,825,845,,,5033,4225759.5,53,,
2026-05-13,SBI,,397.4,387,394.9,,,40637,15869926.3,176,,
2026-05-13,SBL,,396.5,387,393.5,,,48329,18840457.3,139,,
2026-05-13,SCB,,646,640.09,645.9,,,4877,3136116.51,69,,
2026-05-13,SGHC,,371,360.6,367.6,,,7505,2720418.7,93,,
2026-05-13,SHEL,,312,306,311.8,,,63920,19717581.3,247,,
2026-05-13,SHIVM,,680,667,677,,,110525,74532567.7,504,,
2026-05-13,SHL,,499,485,497.4,,,13938,6913355.8,72,,
2026-05-13,SHLB,,1480,1440.1,1476,,,40,58411,4,,
2026-05-13,SHPC,,521,512,517.5,,,27418,14202210.7,121,,
2026-05-13,SIFC,,535,521.1,533,,,2961,1563109,26,,
2026-05-13,SIKLES,,585,576,581,,,2382,1385193,29,,
2026-05-13,SIPD,,848.9,815,816,,,23200,19027084.6,1170,,
2026-05-13,SJCL,,311,300,308.7,,,21936,6638485.6,110,,
2026-05-13,SJLIC,,435,426,430.2,,,29393,12626452.9,168,,
2026-05-13,SKBBL,,770,764.1,770,,,4658,3582695.5,68,,
2026-05-13,SKHEL,,1297.9,1261,1280,,,10045,12772314.9,276,,
2026-05-13,SKHL,,900,880,886,,,17829,15861686.7,440,,
2026-05-13,SLBBL,,836.9,819,819.7,,,6553,5377699.1,76,,
2026-05-13,SLBSL,,1215,1179,1200,,,1265,1503892.9,27,,
2026-05-13,SMATA,,780,765,768.1,,,2386,1842928.6,57,,
2026-05-13,SMB,,1726,1703,1721,,,767,1314683,29,,
2026-05-13,SMFBS,,1582,1525,1555,,,685,1058279,15,,
2026-05-13,SMH,,577,565,565,,,5604,3189314.6,74,,
2026-05-13,SMHL,,521.3,491.5,496,,,18615,9207345.2,141,,
2026-05-13,SMJC,,457,437.2,454,,,11001,4936327.3,118,,
2026-05-13,SMPDA,,869.9,836,848,,,523,440944,21,,
2026-05-13,SNLI,,450.9,446.2,450,,,8788,3938173.1,189,,
2026-05-13,SOHL,,700,680,700,,,121357,83546596,1870,,
2026-05-13,SONA,,442,431.4,442,,,20434,8956986.5,246,,
2026-05-13,SPC,,467.9,458,467.9,,,4570,2101711,31,,
2026-05-13,SPDL,,405,398.3,400,,,22511,9003089.5,126,,
2026-05-13,SPHL,,517.9,505,514,,,1884,961534,28,,
2026-05-13,SPL,,726,686,726,,,2834,1996515.9,39,,
2026-05-13,SRLI,,392,387.4,391,,,9736,3801689.8,129,,
2026-05-13,SSHL,,217,212,214,,,84462,18032550.7,308,,
2026-05-13,STC,,5955.5,5710,5925,,,2360,13912677,40,,
2026-05-13,SWASTIK,,2440,2400,2414,,,337,814455,25,,
2026-05-13,SWBBL,,783.3,738,746,,,4753,3526557.5,60,,
2026-05-13,SWMF,,665,660,664,,,1164,769248,14,,
2026-05-13,SYPNL,,1565.6,1450,1558.9,,,183696,277946527.3,1886,,
2026-05-13,TAMOR,,442,430.3,441.2,,,34152,14999325.8,166,,
2026-05-13,TPC,,369.9,360,369,,,17313,6348811.8,78,,
2026-05-13,TRH,,768,760,761.2,,,920,703181,10,,
2026-05-13,TSHL,,605,590,605,,,755,448595,20,,
2026-05-13,TTL,,809,795,801,,,8089,6478114.7,209,,
2026-05-13,TVCL,,527,504.2,525,,,5400,2773662.8,71,,
2026-05-13,UHEWA,,572,565,566.1,,,3088,1756561.3,49,,
2026-05-13,ULBSL,,3074,2810,2955,,,4192,12306081.6,66,,
2026-05-13,ULHC,,505,487,493,,,7746,3795940.5,46,,
2026-05-13,UMHL,,560,555,558,,,7231,4023831.8,71,,
2026-05-13,UMRH,,536,530.2,532.2,,,1161,617363.7,19,,
2026-05-13,UNHPL,,481.9,460,480,,,26579,12591875.5,76,,
2026-05-13,UNL,,46500,46500,46500,,,10,465000,1,,
2026-05-13,UNLB,,1450,1425,1450,,,455,656432,13,,
2026-05-13,UPCL,,374.8,368,370.8,,,21550,7993532.5,121,,
2026-05-13,UPPER,,207,203,205.3,,,94809,19473725.5,374,,
2026-05-13,USHEC,,493,480,493,,,3610,1755799,55,,
2026-05-13,USHL,,630,618.5,628.8,,,2274,1411062.8,30,,
2026-05-13,USLB,,1264.9,1250,1264.9,,,389,487296,12,,
2026-05-13,VLBS,,710,700.1,703.5,,,1538,1080964.1,90,,
2026-05-13,VLUCL,,485,470.8,480.9,,,1735,824374,33,,
2026-05-14,ACLBSL,,955,933,952,,,826,776854.8,21,,
2026-05-14,ADBL,,311,306.3,309,,,9404,2892913.2,97,,
2026-05-14,AHL,,537.7,503,510,,,14691,7477885.9,152,,
2026-05-14,AHPC,,279,276,278,,,46319,12827413.8,194,,
2026-05-14,AKJCL,,372.7,343.1,352.4,,,170733,60235254,307,,
2026-05-14,AKPL,,282.4,265,266,,,67211,17867280.8,238,,
2026-05-14,ALBSL,,1107.4,1080,1105.5,,,3006,3295392.3,75,,
2026-05-14,ALICL,,458,448,454.2,,,14590,6597232.2,106,,
2026-05-14,ANLB,,6044.7,5870,6005,,,661,3894544,21,,
2026-05-14,API,,349.9,339,348,,,139575,48050483.5,528,,
2026-05-14,AVYAN,,1120,1049.8,1120,,,3331,3710619.6,74,,
2026-05-14,BANDIPUR,,818.9,794.1,810,,,16263,13099009,388,,
2026-05-14,BARUN,,346.6,342,346,,,15533,5354039.9,122,,
2026-05-14,BBC,,4820,4705,4813.6,,,100,476580,10,,
2026-05-14,BEDC,,377,355,361.9,,,9618,3455601.3,116,,
2026-05-14,BFC,,464,451,455,,,3475,1578253.6,34,,
2026-05-14,BGWT,,679,650,679,,,1957,1301584.4,40,,
2026-05-14,BHCL,,510,504,505.2,,,5621,2850763.3,163,,
2026-05-14,BHDC,,463,455,456,,,16946,7743222,128,,
2026-05-14,BHL,,224.9,220.3,221.5,,,120977,26806685,378,,
2026-05-14,BHPL,,548.1,505.1,519.5,,,6253,3210073.1,94,,
2026-05-14,BJHL,,980,918,918.3,,,12654,11812794.4,310,,
2026-05-14,BNHC,,328,320,323,,,2387,771984.1,38,,
2026-05-14,BNL,,15198,15198,15198,,,0,0,0,,
2026-05-14,BNT,,11900,11600.1,11900,,,76,896611,7,,
2026-05-14,BPCL,,678.9,660,677.5,,,28549,19086371.7,156,,
2026-05-14,BUNGAL,,584.9,570.2,583.8,,,6832,3956388.7,153,,
2026-05-14,CBBL,,930,897.5,911.5,,,28597,26041354.3,241,,
2026-05-14,CFCL,,522.9,485,492,,,11473,5644636.8,81,,
2026-05-14,CGH,,804,796.1,799.2,,,12093,9677286.6,78,,
2026-05-14,CHCL,,479,474,475.6,,,12315,5858702,138,,
2026-05-14,CHDC,,2280,2230,2269,,,25931,58386498.5,186,,
2026-05-14,CHL,,291.6,285,291.5,,,8871,2542358.5,56,,
2026-05-14,CIT,,1800,1760,1767,,,2555,4506870.4,81,,
2026-05-14,CITY,,415,396,403,,,11442,4611797.7,167,,
2026-05-14,CKHL,,655,630.1,643.5,,,2543,1632598,41,,
2026-05-14,CLI,,455,451.7,452.8,,,4247,1921021.7,127,,
2026-05-14,CREST,,1208,1080,1208,,,9625,10621079,156,,
2026-05-14,CYCL,,1488,1470,1472,,,176,259210,12,,
2026-05-14,CZBIL,,206,200.9,203.9,,,15777,3194022.5,94,,
2026-05-14,DDBL,,854.5,844.3,847,,,2626,2220345.1,46,,
2026-05-14,DHEL,,609,582,588,,,17891,10511383.1,195,,
2026-05-14,DHPL,,301,295.5,297.8,,,6523,1945893.2,53,,
2026-05-14,DLBS,,1323,1288,1323,,,483,622128,19,,
2026-05-14,DOLTI,,354,346.1,347.5,,,19228,6708603.6,117,,
2026-05-14,DORDI,,273.4,268,271,,,18125,4920782.3,122,,
2026-05-14,EBL,,705,700,703,,,16988,11931287,169,,
2026-05-14,EHPL,,386,375,379,,,12430,4684499.8,118,,
2026-05-14,ENL,,920,877,880,,,179,158905.1,14,,
2026-05-14,FMDBL,,804.9,785,795.9,,,9871,7789535.3,115,,
2026-05-14,FOWAD,,1070,1041,1050,,,4771,5017387.5,111,,
2026-05-14,GBIME,,235,231.4,235,,,52969,12386741.8,287,,
2026-05-14,GBLBS,,780,759.2,771.9,,,1415,1081421,40,,
2026-05-14,GCIL,,417,413,417,,,3331,1383487.6,124,,
2026-05-14,GFCL,,620,611,615,,,5652,3463433,38,,
2026-05-14,GHL,,239,231,234.8,,,44152,10365470.8,134,,
2026-05-14,GILB,,1120,1105,1111,,,395,438772,13,,
2026-05-14,GLBSL,,1780,1780,1780,,,1,1762,1,,
2026-05-14,GLH,,268,265.1,266.1,,,8382,2232129.1,77,,
2026-05-14,GMFBS,,1328,1305,1327,,,108,141905,7,,
2026-05-14,GMFIL,,460,447.3,455,,,2623,1192849.1,23,,
2026-05-14,GMLI,,1329,1230,1279.9,,,1893,2393362.7,88,,
2026-05-14,GUFL,,521,516,519.5,,,3747,1944063.4,30,,
2026-05-14,GVL,,491,480.1,486.4,,,20015,9662876.1,139,,
2026-05-14,HATHY,,805,798,799,,,3834,3067455.8,87,,
2026-05-14,HBL,,203.7,202,203.7,,,26926,5447105.7,557,,
2026-05-14,HDHPC,,224,218.2,221,,,104669,23051306.7,377,,
2026-05-14,HDL,,1164.9,1148,1157,,,18335,21172831.6,292,,
2026-05-14,HFIN,,988,951,968.9,,,73005,70720224.7,1418,,
2026-05-14,HHL,,375,355,372,,,17965,6650231.2,122,,
2026-05-14,HIDCL,,269,265,267.3,,,35732,9513990.9,173,,
2026-05-14,HIMSTAR,,885,866.7,870,,,2852,2488634,63,,
2026-05-14,HLBSL,,896,870,890,,,895,795542.5,17,,
2026-05-14,HLI,,341,336.1,336.9,,,18822,6351495.5,204,,
2026-05-14,HPPL,,379.8,363,372,,,10536,3909529.4,80,,
2026-05-14,HRL,,650,584,626,,,600022,376826488.7,5508,,
2026-05-14,HURJA,,254.5,250.6,252,,,33692,8506765.1,133,,
2026-05-14,ICFC,,625,620,621.9,,,4302,2678121.3,35,,
2026-05-14,IHL,,402.2,378,396,,,46178,17924114,225,,
2026-05-14,ILBS,,950,900,935,,,183,172166,10,,
2026-05-14,ILI,,436,431.5,434.9,,,3681,1595771.6,167,,
2026-05-14,JBLB,,1375,1297,1315,,,5978,7797185.6,108,,
2026-05-14,JFL,,412,407,407,,,2839,1157914.2,35,,
2026-05-14,JHAPA,,1648.5,1468,1600,,,46426,70815394.8,406,,
2026-05-14,JOSHI,,290,276,278,,,4006,1117871.8,124,,
2026-05-14,JSLBB,,1090,1072.3,1090,,,90,97267.1,5,,
2026-05-14,KBL,,219.9,217,218,,,118882,25881343.7,367,,
2026-05-14,KBSH,,1550,1528,1550,,,180,275711.5,4,,
2026-05-14,KDL,,837.5,814,822,,,1179,967173.8,34,,
2026-05-14,KKHC,,268,257.3,262,,,35142,9116165.6,152,,
2026-05-14,KMCDB,,886,861.2,866,,,1276,1107893.3,29,,
2026-05-14,KPCL,,490,485,489.4,,,2780,1354990.5,47,,
2026-05-14,LEC,,224.7,221.1,223.8,,,62508,13907011.9,181,,
2026-05-14,LICN,,815,807.7,813.9,,,2419,1963047.1,31,,
2026-05-14,LLBS,,954,933,954,,,120,112170,4,,
2026-05-14,LSL,,223.9,215.2,219.9,,,73692,16160386.5,210,,
2026-05-14,MABEL,,659.3,621.5,651,,,3321,2153684.1,88,,
2026-05-14,MAKAR,,495,482.1,491,,,9550,4661252.6,76,,
2026-05-14,MANDU,,815,810,814,,,920,747868,29,,
2026-05-14,MATRI,,901,891,894,,,84,75078,6,,
2026-05-14,MBJC,,283.9,278,282.2,,,24181,6789880.6,162,,
2026-05-14,MBL,,251,246,248,,,52272,12980396.1,104,,
2026-05-14,MCHL,,315,307.3,312,,,6826,2111019.5,57,,
2026-05-14,MEHL,,385.9,365,375,,,6097,2265023.5,72,,
2026-05-14,MEL,,228.8,216,226.1,,,26616,5923352.3,222,,
2026-05-14,MEN,,615,595,606,,,123337,74841117.4,576,,
2026-05-14,MERO,,720,713,715.1,,,2110,1509340,36,,
2026-05-14,MFIL,,800,786.1,793,,,35311,28056322.3,135,,
2026-05-14,MHCL,,353,346,350,,,1301,452520.3,38,,
2026-05-14,MHL,,496,489.1,496,,,5149,2528481.8,50,,
2026-05-14,MHNL,,282,263,263,,,5817,1540790,41,,
2026-05-14,MKCL,,1285,1230,1256.1,,,2059,2599455.9,62,,
2026-05-14,MKHC,,324,315,318,,,7554,2406302.3,70,,
2026-05-14,MKHL,,525,511.1,518,,,1545,803082.1,43,,
2026-05-14,MKJC,,504,485.1,485.8,,,4377,2139459.5,24,,
2026-05-14,MLBBL,,1190,1164.5,1180,,,1318,1552705,26,,
2026-05-14,MLBS,,1255,1230,1255,,,160,198490.5,6,,
2026-05-14,MLBSL,,1805,1770,1799.7,,,885,1571175,17,,
2026-05-14,MMKJL,,491,476.1,489,,,903,439692.3,24,,
2026-05-14,MPFL,,625.8,596.3,605,,,9764,5906585.6,59,,
2026-05-14,MSHL,,685,680,681.4,,,495,337735,21,,
2026-05-14,MSLB,,1245,1225,1226,,,990,1212970.2,23,,
2026-05-14,NABIL,,530,525,527,,,23778,12520605.1,351,,
2026-05-14,NADEP,,757.4,741,757.4,,,113,84351.5,8,,
2026-05-14,NBL,,267,260,264,,,41859,11041692.2,150,,
2026-05-14,NESDO,,1540,1514,1540,,,455,695389.2,24,,
2026-05-14,NFS,,570,555,564,,,8103,4547806,101,,
2026-05-14,NGPL,,446.9,439,446,,,114349,50627077.6,435,,
2026-05-14,NHDL,,650,630,639,,,663,419762.5,15,,
2026-05-14,NHPC,,286,280,284,,,173663,49023004.4,578,,
2026-05-14,NICA,,358.9,350.3,351.9,,,26336,9273725,167,,
2026-05-14,NICLBSL,,579.8,566.7,575,,,4726,2691399.6,68,,
2026-05-14,NIFRA,,264,260.9,263,,,48320,12665866.7,329,,
2026-05-14,NIMB,,198.9,196.1,197.7,,,101514,19984192.1,420,,
2026-05-14,NLIC,,764,759.9,763.4,,,13031,9917405.3,140,,
2026-05-14,NLICL,,590,585,587.7,,,5204,3052016.3,44,,
2026-05-14,NLO,,269.4,269.4,269.4,,,0,0,0,,
2026-05-14,NMB,,244,240,244,,,24809,5990037.6,117,,
2026-05-14,NMBMF,,632,626,629,,,2523,1588353.2,22,,
2026-05-14,NMFBS,,1126,1110,1120,,,2096,2344637.2,37,,
2026-05-14,NMLBBL,,598.5,582.1,588,,,9239,5401532.5,118,,
2026-05-14,NRIC,,902.1,870,890,,,22546,20058077,318,,
2026-05-14,NRM,,390,373.2,375.1,,,34360,13028114.4,299,,
2026-05-14,NRN,,1380,1360,1368.9,,,31262,42636684.6,254,,
2026-05-14,NTC,,893,888,890,,,7978,7102789.8,141,,
2026-05-14,NUBL,,668,657.1,662,,,2555,1689386,24,,
2026-05-14,NWCL,,797,786,786,,,645,508000,21,,
2026-05-14,NYADI,,390,383.1,387,,,1765,681269.5,40,,
2026-05-14,OHL,,698.4,685,697.9,,,1137,784363.4,20,,
2026-05-14,OMPL,,1168,1146.1,1152,,,2798,3224338,65,,
2026-05-14,PCBL,,239.7,236,238.3,,,21867,5203546,94,,
2026-05-14,PCIL,,865,840,843,,,54070,45868872.1,2134,,
2026-05-14,PFL,,369.8,363,367,,,5340,1948786.7,57,,
2026-05-14,PHCL,,313.5,304,306.1,,,29485,9006971.4,151,,
2026-05-14,PMHPL,,341.7,330,334.8,,,6920,2295377,43,,
2026-05-14,PMLI,,465,460.5,461.6,,,3932,1813947.7,83,,
2026-05-14,PPCL,,393.7,370.5,375,,,4918,1827056.6,46,,
2026-05-14,PPL,,355,341,355,,,18951,6596139.8,132,,
2026-05-14,PROFL,,440,430,435,,,3489,1511874.4,30,,
2026-05-14,PRVU,,201,197,198,,,63202,12516736.6,264,,
2026-05-14,PURE,,967.9,922.5,945,,,7454,7072694.1,128,,
2026-05-14,RADHI,,768,747.1,758.8,,,43777,33060400.8,125,,
2026-05-14,RAWA,,603,582.1,603,,,519,309668,26,,
2026-05-14,RFPL,,370,353,368,,,17411,6415695,115,,
2026-05-14,RHGCL,,297,290,293.9,,,21262,6236614.7,71,,
2026-05-14,RHPL,,280,275.1,276,,,11058,3065707,85,,
2026-05-14,RIDI,,352.6,345,350.9,,,159554,55751526.4,437,,
2026-05-14,RLEL,,1070,975,1004,,,24421,24551774.2,664,,
2026-05-14,RLFL,,435,427,430,,,3435,1476004.9,32,,
2026-05-14,RNLI,,464,456,458,,,4271,1958611.2,183,,
2026-05-14,RSDC,,665,660,661,,,1974,1304383.6,29,,
2026-05-14,RSML,,3787.9,3673,3690,,,19134,70695057.7,496,,
2026-05-14,RURU,,682.3,643,650,,,6494,4216104.5,52,,
2026-05-14,SAGAR,,1686,1650,1679.7,,,6667,11078771.6,140,,
2026-05-14,SAHAS,,674,653.3,667,,,281888,187718443.3,1541,,
2026-05-14,SAIL,,1183,1137,1155,,,29517,34288117.9,402,,
2026-05-14,SANIMA,,367,360,363.5,,,72679,26373314.4,220,,
2026-05-14,SANVI,,689,665,685,,,5767,3876107.2,123,,
2026-05-14,SARBTM,,845,831,839,,,9448,7909128.3,75,,
2026-05-14,SBI,,401,389,396,,,12088,4732048.5,54,,
2026-05-14,SBL,,397.5,390,393,,,57260,22436313.2,162,,
2026-05-14,SCB,,647,643,647,,,8884,5733426.2,89,,
2026-05-14,SGHC,,370,360,360.7,,,7443,2684119,55,,
2026-05-14,SHEL,,315.9,307.8,309,,,62784,19372127.2,213,,
2026-05-14,SHIVM,,685,672,675,,,77654,52421566.4,430,,
2026-05-14,SHL,,498,490,497.7,,,12043,5970223.4,49,,
2026-05-14,SHLB,,1476,1476,1476,,,0,0,0,,
2026-05-14,SHPC,,521,515.1,520,,,44318,23024582.8,151,,
2026-05-14,SIFC,,528.5,522.2,525,,,951,500517.6,18,,
2026-05-14,SIKLES,,581,571.6,576.3,,,4196,2421799.1,51,,
2026-05-14,SIPD,,828.9,792,797,,,20520,16542168.8,979,,
2026-05-14,SJCL,,324,298.2,300,,,18243,5486426.9,97,,
2026-05-14,SJLIC,,430,428,428,,,6169,2642376.7,85,,
2026-05-14,SKBBL,,775,762.3,765,,,8307,6355710.6,108,,
2026-05-14,SKHEL,,1303,1216,1258,,,7712,9668071.2,256,,
2026-05-14,SKHL,,930,840,884,,,39202,33833994.3,538,,
2026-05-14,SLBBL,,830,816,816.1,,,3812,3123295.1,62,,
2026-05-14,SLBSL,,1230,1191.4,1230,,,270,324844,11,,
2026-05-14,SMATA,,768.9,752,768.9,,,3089,2355202.2,47,,
2026-05-14,SMB,,1755,1721,1755,,,188,326449,5,,
2026-05-14,SMFBS,,1555,1554,1554,,,12,18604,2,,
2026-05-14,SMH,,598,561.6,579,,,4856,2780923.3,86,,
2026-05-14,SMHL,,499.3,485.1,494,,,69753,34441875.7,189,,
2026-05-14,SMJC,,455,447.1,451,,,13282,5981328.4,90,,
2026-05-14,SMPDA,,849.7,825,843,,,901,748938.9,24,,
2026-05-14,SNLI,,450,446,449,,,6599,2954131.7,174,,
2026-05-14,SOHL,,709,686,692,,,71795,49789863.9,1379,,
2026-05-14,SONA,,464.1,437.7,440.4,,,11300,4964154.4,174,,
2026-05-14,SPC,,465,455,463.9,,,5114,2333528.5,45,,
2026-05-14,SPDL,,420,396.8,400,,,24525,9787339.2,85,,
2026-05-14,SPHL,,519,502.3,502.3,,,1061,535298,27,,
2026-05-14,SPL,,718,704.5,718,,,1566,1106192.5,15,,
2026-05-14,SRLI,,392,389,391.4,,,12514,4876485.7,146,,
2026-05-14,SSHL,,219,212,213,,,104033,22245306.3,300,,
2026-05-14,STC,,6049,5874.1,5970,,,3149,18881871,92,,
2026-05-14,SWASTIK,,2470,2396,2420,,,825,1983405,32,,
2026-05-14,SWBBL,,780,730.3,740,,,4416,3246853.9,57,,
2026-05-14,SWMF,,664,660,661,,,823,543246,16,,
2026-05-14,SYPNL,,1586,1520,1562,,,118861,185490107.3,1219,,
2026-05-14,TAMOR,,454,438.1,451,,,82782,37088670.7,417,,
2026-05-14,TPC,,369.9,362.3,366,,,10760,3935870.6,54,,
2026-05-14,TRH,,770,747,751,,,754,565851,14,,
2026-05-14,TSHL,,612,590,597,,,577,344411,24,,
2026-05-14,TTL,,809,793,802,,,8640,6930575.3,213,,
2026-05-14,TVCL,,522,510,511.3,,,1561,804881.4,32,,
2026-05-14,UHEWA,,594.4,562,572.5,,,2881,1629440.5,53,,
2026-05-14,ULBSL,,2975,2810,2970,,,655,1877341,23,,
2026-05-14,ULHC,,496,482,495,,,17065,8277534.4,111,,
2026-05-14,UMHL,,560,547,555.8,,,5920,3288895,49,,
2026-05-14,UMRH,,538,524,536.5,,,3171,1687853.2,39,,
2026-05-14,UNHPL,,534,472,534,,,306888,148944264.4,624,,
2026-05-14,UNL,,46550,46405,46550,,,61,2837250,7,,
2026-05-14,UNLB,,1450,1400,1439,,,410,577881.2,18,,
2026-05-14,UPCL,,389.3,368.1,370,,,34319,12676064.3,136,,
2026-05-14,UPPER,,215,200,205.9,,,61305,12538989.4,355,,
2026-05-14,USHEC,,490,481.3,489,,,6412,3129197.2,54,,
2026-05-14,USHL,,640,607.1,632.9,,,4399,2686086.5,52,,
2026-05-14,USLB,,1260,1236.1,1236.2,,,536,666738.6,12,,
2026-05-14,VLBS,,700,688,695.5,,,2820,1965624.9,86,,
2026-05-14,VLUCL,,489,472,473.1,,,1780,845523,43,,
2026-05-15,ACLBSL,,950,925,949.9,,,1225,1143527.3,37,,
2026-05-15,ADBL,,312,306,310.2,,,27571,8566116.4,136,,
2026-05-15,AHL,,530.4,500,508.6,,,7287,3691756.8,83,,
2026-05-15,AHPC,,282,275.6,280,,,83806,23405249.4,219,,
2026-05-15,AKJCL,,358,346,353.8,,,239930,84873726.5,395,,
2026-05-15,AKPL,,273,252.7,267.9,,,54952,14720833.6,240,,
2026-05-15,ALBSL,,1149,1070,1100,,,10341,11369568,97,,
2026-05-15,ALICL,,455,451.1,451.5,,,6594,2985456.2,60,,
2026-05-15,ANLB,,6382,5630,6020,,,630,3654864.5,37,,
2026-05-15,API,,352.7,346.2,349,,,326556,114415721.4,963,,
2026-05-15,AVYAN,,1157.7,1064,1129,,,5575,6280713.3,92,,
2026-05-15,BANDIPUR,,812,801.5,809,,,16765,13518555.5,362,,
2026-05-15,BARUN,,347.9,340,346,,,24494,8470177.6,129,,
2026-05-15,BBC,,4844,4728,4830,,,139,667993,12,,
2026-05-15,BEDC,,370,343.9,361.5,,,11512,4184508.5,109,,
2026-05-15,BFC,,459.9,454.1,454.1,,,4495,2049227.9,26,,
2026-05-15,BGWT,,689.9,641,689.9,,,6969,4665221.9,60,,
2026-05-15,BHCL,,510,501.1,503.1,,,9264,4679307.4,199,,
2026-05-15,BHDC,,460,453,455,,,9992,4547213.7,99,,
2026-05-15,BHL,,225,220.6,221.6,,,92201,20447591.3,318,,
2026-05-15,BHPL,,523,510.1,523,,,2888,1489407.5,39,,
2026-05-15,BJHL,,950,906,930,,,14356,13384069.4,287,,
2026-05-15,BNHC,,332.6,323.1,325.1,,,4178,1372467.9,63,,
2026-05-15,BNL,,15198,15198,15198,,,0,0,0,,
2026-05-15,BNT,,12048.9,12048.9,12048.9,,,11,132537,2,,
2026-05-15,BPCL,,711,670.2,695.9,,,59629,40951372.7,276,,
2026-05-15,BUNGAL,,592,572,589.8,,,12169,7075990,195,,
2026-05-15,CBBL,,920,895,907,,,43845,39652807.8,372,,
2026-05-15,CFCL,,516.6,490,494,,,4085,2009019.9,37,,
2026-05-15,CGH,,802.5,798,798,,,12905,10318761.7,112,,
2026-05-15,CHCL,,478.9,473.6,476,,,7290,3473837.1,81,,
2026-05-15,CHDC,,2288,2240,2259.2,,,13481,30500228.1,123,,
2026-05-15,CHL,,292,285,290,,,8709,2513219.1,59,,
2026-05-15,CIT,,1790,1760,1763,,,2746,4858980.8,117,,
2026-05-15,CITY,,415,382.9,397,,,17614,7040531,211,,
2026-05-15,CKHL,,660,641,646,,,1692,1101948,27,,
2026-05-15,CLI,,459.5,451.8,455,,,17123,7756357.5,182,,
2026-05-15,CREST,,1268.4,1060,1137.8,,,8824,9889361.2,171,,
2026-05-15,CYCL,,1490,1450,1466.1,,,231,340237.6,24,,
2026-05-15,CZBIL,,205.8,201.3,204.1,,,19633,4008875.6,109,,
2026-05-15,DDBL,,855,840.2,844.5,,,7177,6079854.4,73,,
2026-05-15,DHEL,,596.9,585,588,,,9090,5343252.6,200,,
2026-05-15,DHPL,,305.9,297,297,,,1160,346525,14,,
2026-05-15,DLBS,,1325,1288.1,1315,,,894,1170437.4,19,,
2026-05-15,DOLTI,,364.8,342,346,,,18576,6439083.7,121,,
2026-05-15,DORDI,,275,268.1,271.5,,,13434,3655268.8,102,,
2026-05-15,EBL,,708,700,703.9,,,25550,17929041.8,180,,
2026-05-15,EHPL,,382,377.1,379,,,9288,3526685.1,81,,
2026-05-15,ENL,,920,844,890,,,3111,2690476.1,64,,
2026-05-15,FMDBL,,810.1,795.1,796,,,7814,6251976.4,69,,
2026-05-15,FOWAD,,1075,1050,1059,,,3010,3180458.8,70,,
2026-05-15,GBIME,,237,231.6,234.2,,,32504,7641330.6,229,,
2026-05-15,GBLBS,,780,765,773,,,3804,2934489.8,56,,
2026-05-15,GCIL,,418.9,405,417,,,11372,4701809.1,145,,
2026-05-15,GFCL,,629,607.2,625.8,,,3946,2452938,38,,
2026-05-15,GHL,,240,234.7,235.1,,,23021,5432596.6,97,,
2026-05-15,GILB,,1120,1106,1120,,,1265,1400103.7,22,,
2026-05-15,GLBSL,,1829.9,1780,1790,,,150,269437.3,19,,
2026-05-15,GLH,,269,265,265.9,,,20191,5369014.1,105,,
2026-05-15,GMFBS,,1334.6,1296.3,1334.6,,,350,457758.2,14,,
2026-05-15,GMFIL,,465,452.4,452.4,,,5300,2420284.5,22,,
2026-05-15,GMLI,,1315,1250.3,1279,,,1961,2483302.8,70,,
2026-05-15,GUFL,,530,520.1,520.1,,,3379,1767619,45,,
2026-05-15,GVL,,494,481.1,486.3,,,8812,4302595.9,90,,
2026-05-15,HATHY,,804,790,790.2,,,4976,3956797.8,113,,
2026-05-15,HBL,,203.9,201.1,203.9,,,28410,5746564,513,,
2026-05-15,HDHPC,,225,220.3,221.5,,,117608,26146936.4,325,,
2026-05-15,HDL,,1164.8,1151,1158,,,16978,19688212.9,259,,
2026-05-15,HFIN,,1005,963.5,985.1,,,51961,51150050.7,1371,,
2026-05-15,HHL,,378.8,367,368,,,20210,7491517,122,,
2026-05-15,HIDCL,,270,264,267,,,57522,15360566.7,235,,
2026-05-15,HIMSTAR,,880,860,878,,,3280,2843807.9,63,,
2026-05-15,HLBSL,,892,880.2,890,,,1472,1303310.2,12,,
2026-05-15,HLI,,339.9,336.4,337.5,,,36311,12259877.4,290,,
2026-05-15,HPPL,,375,365,371,,,18183,6767574.2,110,,
2026-05-15,HRL,,648.5,626,631,,,129221,82348678.5,1590,,
2026-05-15,HURJA,,256.5,252,252.9,,,29928,7583654,114,,
2026-05-15,ICFC,,628,615,620,,,5794,3596917.5,57,,
2026-05-15,IHL,,404,394,404,,,51178,20473373,299,,
2026-05-15,ILBS,,940,910,922.5,,,1793,1653096.1,43,,
2026-05-15,ILI,,440,432,436,,,13051,5685220.5,235,,
2026-05-15,JBLB,,1315,1297,1305,,,5604,7327915.2,90,,
2026-05-15,JFL,,410,404,405.6,,,3841,1558279.9,41,,
2026-05-15,JHAPA,,1660,1520,1600,,,19253,30761614.7,344,,
2026-05-15,JOSHI,,284.7,277,277,,,7339,2046715.9,82,,
2026-05-15,JSLBB,,1102,1102,1102,,,20,22040,1,,
2026-05-15,KBL,,221,216.1,218,,,186124,40479006.8,540,,
2026-05-15,KBSH,,1585.9,1539,1539,,,30,46639,3,,
2026-05-15,KDL,,829.9,803,822,,,1257,1034600,27,,
2026-05-15,KKHC,,267.79,248.9,262,,,10759,2828429.3,91,,
2026-05-15,KMCDB,,872.7,863.1,872,,,927,804522.2,32,,
2026-05-15,KPCL,,497,481,487,,,9745,4764028.3,63,,
2026-05-15,LEC,,227,222,223,,,56192,12575207.1,207,,
2026-05-15,LICN,,815,805.2,814,,,6139,4978127.4,41,,
2026-05-15,LLBS,,966,927,966,,,314,295907,9,,
2026-05-15,LSL,,221.8,210.5,219.9,,,117325,25725157.2,222,,
2026-05-15,MABEL,,654.8,633.1,652.8,,,4528,2935845.1,97,,
2026-05-15,MAKAR,,500,488,496.5,,,2076,1024127,34,,
2026-05-15,MANDU,,815,806.1,815,,,1934,1570181,24,,
2026-05-15,MATRI,,910,885,895,,,442,396201.1,24,,
2026-05-15,MBJC,,285,279.1,281.2,,,22181,6277462,204,,
2026-05-15,MBL,,251,246.5,249,,,61587,15273034.4,155,,
2026-05-15,MCHL,,317.5,309,312,,,7052,2201385.7,78,,
2026-05-15,MEHL,,378,367,368.3,,,3775,1404228.5,68,,
2026-05-15,MEL,,245,223,238,,,37155,8846915.1,384,,
2026-05-15,MEN,,610,603,606,,,44386,26886249.8,255,,
2026-05-15,MERO,,717,709,710,,,3652,2602639.7,46,,
2026-05-15,MFIL,,806.9,786.5,797,,,69541,55494644.4,175,,
2026-05-15,MHCL,,351,346,348.4,,,2358,823757.6,38,,
2026-05-15,MHL,,502,490.2,498.5,,,2624,1297280.5,24,,
2026-05-15,MHNL,,276.1,260.9,266,,,4981,1313272.4,42,,
2026-05-15,MKCL,,1269,1235.1,1269,,,2103,2644418.3,55,,
2026-05-15,MKHC,,321,316,316,,,8344,2647826,68,,
2026-05-15,MKHL,,523,508,510,,,4476,2302411.3,60,,
2026-05-15,MKJC,,498,483.3,490,,,2489,1213304.8,37,,
2026-05-15,MLBBL,,1199,1169,1199,,,1021,1200972.5,19,,
2026-05-15,MLBS,,1251,1225,1251,,,65,80185,5,,
2026-05-15,MLBSL,,1810,1700,1790.1,,,1567,2791464,33,,
2026-05-15,MMKJL,,491,475.5,491,,,2470,1204544.5,38,,
2026-05-15,MPFL,,618,605,614,,,9516,5833288.5,69,,
2026-05-15,MSHL,,693,647.4,693,,,80,54309,8,,
2026-05-15,MSLB,,1230,1222.1,1230,,,237,291108,12,,
2026-05-15,NABIL,,531,525,527,,,22776,12022616.6,314,,
2026-05-15,NADEP,,750,720,742,,,2484,1818197.9,33,,
2026-05-15,NBL,,278,250.8,266.8,,,17584,4661770.5,118,,
2026-05-15,NESDO,,1536,1513,1533,,,859,1310715.8,33,,
2026-05-15,NFS,,571.5,555,562.9,,,8186,4588437.9,94,,
2026-05-15,NGPL,,451.9,442.5,447,,,153485,68427322.5,439,,
2026-05-15,NHDL,,639,630,630,,,3544,2258247,14,,
2026-05-15,NHPC,,289.7,280,281,,,300605,85075283.8,760,,
2026-05-15,NICA,,360,335,352,,,60201,21146524.4,296,,
2026-05-15,NICLBSL,,581,566,570,,,4830,2744362.6,66,,
2026-05-15,NIFRA,,265,261.5,262.2,,,67775,17842766,416,,
2026-05-15,NIMB,,200,195.1,198,,,88322,17464750,360,,
2026-05-15,NLIC,,768,760,762,,,19109,14582400.8,152,,
2026-05-15,NLICL,,593,584.1,589.8,,,7095,4168184.4,56,,
2026-05-15,NLO,,269.4,269.4,269.4,,,0,0,0,,
2026-05-15,NMB,,246.9,242,244.2,,,28199,6900245.6,122,,
2026-05-15,NMBMF,,642,620.1,624,,,4172,2625841,42,,
2026-05-15,NMFBS,,1124.9,1113.2,1120,,,1435,1606127.4,31,,
2026-05-15,NMLBBL,,590,580,588.8,,,7014,4095886.1,90,,
2026-05-15,NRIC,,903,882.2,889,,,13580,12104175.7,207,,
2026-05-15,NRM,,383,356,358,,,48200,17423207.8,420,,
2026-05-15,NRN,,1380,1360,1367.4,,,14087,19232058.9,221,,
2026-05-15,NTC,,895.9,888,892,,,9275,8260179.3,180,,
2026-05-15,NUBL,,661.5,657,661,,,3383,2226114.1,50,,
2026-05-15,NWCL,,804.4,781,787,,,630,497407.2,28,,
2026-05-15,NYADI,,389.9,381.1,384,,,5494,2116877,79,,
2026-05-15,OHL,,705,680.3,696,,,685,475872.5,12,,
2026-05-15,OMPL,,1221,1130,1151,,,3141,3638604.3,80,,
2026-05-15,PCBL,,240.3,237,239.5,,,23344,5586731.5,102,,
2026-05-15,PCIL,,860,836,839.8,,,47373,40097481.3,1981,,
2026-05-15,PFL,,372.9,362,369,,,3517,1288817,42,,
2026-05-15,PHCL,,310,305.1,307,,,34800,10698443.7,161,,
2026-05-15,PMHPL,,344.8,335,338.9,,,3140,1059700,40,,
2026-05-15,PMLI,,466,460,461.1,,,3226,1488222.9,112,,
2026-05-15,PPCL,,393.7,372,372,,,7909,2968737.9,54,,
2026-05-15,PPL,,372,345,353,,,14915,5240892.3,114,,
2026-05-15,PROFL,,445,433,435,,,4559,1993696.5,33,,
2026-05-15,PRVU,,200,196,198.6,,,44799,8885630.4,250,,
2026-05-15,PURE,,960,935.5,950,,,3646,3456019.3,80,,
2026-05-15,RADHI,,763.9,746.1,761,,,12307,9321018.9,71,,
2026-05-15,RAWA,,599,586,588,,,240,140891,9,,
2026-05-15,RFPL,,372,362,370.8,,,20318,7499222.3,147,,
2026-05-15,RHGCL,,296,291,292,,,20565,6003628.9,102,,
2026-05-15,RHPL,,281,274.1,279.9,,,10334,2866778.2,94,,
2026-05-15,RIDI,,353.8,344,345,,,234554,81829458.3,420,,
2026-05-15,RLEL,,1030,985,997,,,15358,15382192,528,,
2026-05-15,RLFL,,439.7,427,431,,,4057,1741791.2,35,,
2026-05-15,RNLI,,480.9,454.2,458.6,,,6859,3151768.8,193,,
2026-05-15,RSDC,,699,661.1,661.1,,,779,519911.7,18,,
2026-05-15,RSML,,3777.9,3680,3706,,,23184,86308909.1,492,,
2026-05-15,RURU,,682.5,646,647.2,,,8099,5249424.5,45,,
2026-05-15,SAGAR,,1700,1661.2,1665,,,4867,8138301.4,104,,
2026-05-15,SAHAS,,669.9,662,662,,,115811,76878117.2,722,,
2026-05-15,SAIL,,1175,1135.2,1140,,,17639,20336509.8,252,,
2026-05-15,SANIMA,,366.2,361,365.5,,,100417,36666023.2,325,,
2026-05-15,SANVI,,695,667.3,673,,,6321,4263273.8,117,,
2026-05-15,SARBTM,,850,839,843.5,,,7173,6043224.3,37,,
2026-05-15,SBI,,399.9,390.1,396,,,12725,5017519.7,62,,
2026-05-15,SBL,,396,374,392.5,,,64638,25372417.3,152,,
2026-05-15,SCB,,654,642,649,,,2415,1562472.3,57,,
2026-05-15,SGHC,,370,360,362.5,,,5732,2088505.2,86,,
2026-05-15,SHEL,,312.5,308,310.2,,,39210,12146731.8,206,,
2026-05-15,SHIVM,,684,673.1,674,,,90902,61458095.7,433,,
2026-05-15,SHL,,500,490,498.4,,,15141,7518400.9,72,,
2026-05-15,SHLB,,1483,1440,1460,,,290,423931,14,,
2026-05-15,SHPC,,522,516.1,518,,,26540,13741442.2,104,,
2026-05-15,SIFC,,536,523.1,530.9,,,5412,2863317.4,42,,
2026-05-15,SIKLES,,590,576,585,,,10613,6221311.3,80,,
2026-05-15,SIPD,,824,793,799,,,18488,14869196.2,906,,
2026-05-15,SJCL,,304,297,302,,,23514,7057057.3,112,,
2026-05-15,SJLIC,,430,424.2,428,,,25282,10760975.2,149,,
2026-05-15,SKBBL,,768.8,760,766,,,11166,8525610.8,129,,
2026-05-15,SKHEL,,1280,1234.5,1270,,,9026,11317777.5,263,,
2026-05-15,SKHL,,907.4,876,886,,,11484,10278264.8,397,,
2026-05-15,SLBBL,,825,816,817,,,3084,2519624,45,,
2026-05-15,SLBSL,,1230,1187.3,1218,,,1760,2108082,37,,
2026-05-15,SMATA,,770,750.1,767.4,,,3496,2669666.5,52,,
2026-05-15,SMB,,1755,1730.1,1755,,,510,892239.3,23,,
2026-05-15,SMFBS,,1555,1512,1554,,,331,511998,13,,
2026-05-15,SMH,,580,567.1,576.5,,,2316,1329476.9,42,,
2026-05-15,SMHL,,499,490,494,,,35288,17461622.3,164,,
2026-05-15,SMJC,,460,451,458,,,16217,7397904.6,121,,
2026-05-15,SMPDA,,858,832.5,845,,,1216,1015800.2,31,,
2026-05-15,SNLI,,450,445,448,,,5968,2672449.2,194,,
2026-05-15,SOHL,,706.1,685,691.7,,,117601,82099740,1516,,
2026-05-15,SONA,,444,437,439.1,,,14779,6493535.3,172,,
2026-05-15,SPC,,487,450,452,,,5245,2404815.3,59,,
2026-05-15,SPDL,,420,398.1,401,,,39993,16038855.9,109,,
2026-05-15,SPHL,,577,504,507.1,,,2442,1256103,36,,
2026-05-15,SPL,,714.9,704,704,,,1111,783473.9,20,,
2026-05-15,SRLI,,393.7,386.2,389,,,12690,4936891.5,174,,
2026-05-15,SSHL,,216,211,212.5,,,98974,21082538.7,345,,
2026-05-15,STC,,6000,5900,5984,,,863,5120513,31,,
2026-05-15,SWASTIK,,2420,2380.1,2385.1,,,1135,2718617,45,,
2026-05-15,SWBBL,,744,727,740,,,1455,1076641.4,29,,
2026-05-15,SWMF,,660,656,658,,,1633,1073123.8,36,,
2026-05-15,SYPNL,,1620,1520.1,1530,,,55620,85617768.9,677,,
2026-05-15,TAMOR,,456.9,445,447.1,,,69975,31456012.5,266,,
2026-05-15,TPC,,369.5,363.4,365.5,,,16457,6004060.7,72,,
2026-05-15,TRH,,765,751,765,,,1836,1387741,18,,
2026-05-15,TSHL,,605,588,599,,,665,395119.5,20,,
2026-05-15,TTL,,824.9,799,805,,,6889,5560962.2,185,,
2026-05-15,TVCL,,523,497,511.4,,,3065,1575191,39,,
2026-05-15,UHEWA,,601.1,566.4,570,,,3102,1763111.3,57,,
2026-05-15,ULBSL,,3087,2826,2955,,,603,1727436,29,,
2026-05-15,ULHC,,497,483,492,,,10359,5037172.3,85,,
2026-05-15,UMHL,,561,552.1,559.7,,,12607,7029713,85,,
2026-05-15,UMRH,,535.3,530,534.4,,,6644,3542821.5,62,,
2026-05-15,UNHPL,,507.3,453.9,455,,,657030,306649527.2,2235,,
2026-05-15,UNL,,46550,46310,46310,,,21,974200,3,,
2026-05-15,UNLB,,1438,1407,1438,,,298,420143,14,,
2026-05-15,UPCL,,388.5,368.5,369,,,30856,11500198.5,147,,
2026-05-15,UPPER,,207,203,204,,,78897,16141085.1,489,,
2026-05-15,USHEC,,503,486,492,,,5251,2570299.9,55,,
2026-05-15,USHL,,629.3,601.1,617.8,,,2213,1342563.6,40,,
2026-05-15,USLB,,1261.1,1236.6,1236.6,,,916,1141729,22,,
2026-05-15,VLBS,,701,660.8,693,,,2394,1661603.4,80,,
2026-05-15,VLUCL,,487,471,487,,,1947,939977.8,46,,
2026-05-18,ACLBSL,,997.3,946.1,950,,,662,629957.1,34,,
2026-05-18,ADBL,,311,307.1,311,,,13470,4164139.3,119,,
2026-05-18,AHL,,512,499,509.9,,,10257,5147318.4,111,,
2026-05-18,AHPC,,281.9,277,278.8,,,76380,21240495.8,250,,
2026-05-18,AKJCL,,371.4,348,352,,,133500,46837271,305,,
2026-05-18,AKPL,,269,265.7,265.8,,,51410,13696833.2,226,,
2026-05-18,ALBSL,,1115,1045,1108,,,1076,1183559,70,,
2026-05-18,ALICL,,455.6,450.1,455.5,,,17737,8038402.6,119,,
2026-05-18,ANLB,,5996,5825,5993,,,248,1452983,17,,
2026-05-18,API,,353,347,349,,,176371,61656472.2,629,,
2026-05-18,AVYAN,,1139,1072.6,1130.5,,,5562,6253122.7,91,,
2026-05-18,BANDIPUR,,812,800,804.9,,,22371,17999810,451,,
2026-05-18,BARUN,,349,344,345.3,,,19952,6884592,99,,
2026-05-18,BBC,,4888,4734.5,4805,,,96,460075,9,,
2026-05-18,BEDC,,379.5,352.3,364.2,,,15477,5604262,123,,
2026-05-18,BFC,,461,453.2,453.2,,,3454,1567440.4,28,,
2026-05-18,BGWT,,700,632,669,,,10702,7014142.7,137,,
2026-05-18,BHCL,,523,503.1,517.6,,,27109,14012055.3,518,,
2026-05-18,BHDC,,459.5,453.1,456.3,,,3821,1747179.8,52,,
2026-05-18,BHL,,223,220.7,221,,,98573,21797971.6,370,,
2026-05-18,BHPL,,528.8,515,515,,,2972,1532541.1,35,,
2026-05-18,BJHL,,939.9,910.2,936,,,5046,4709483.8,264,,
2026-05-18,BNHC,,326,321.8,322,,,2038,658159.4,43,,
2026-05-18,BNL,,14742.1,14742.1,14742.1,,,10,147421,1,,
2026-05-18,BNT,,11750.1,11750.1,11750.1,,,10,117501,1,,
2026-05-18,BPCL,,730,686,709,,,76071,53615690.4,367,,
2026-05-18,BUNGAL,,631.5,589,627.1,,,76742,47405125.8,1090,,
2026-05-18,CBBL,,917.9,907,912.5,,,10523,9602543.3,164,,
2026-05-18,CFCL,,501,489,497,,,3520,1725492.4,42,,
2026-05-18,CGH,,807,796.3,799,,,5856,4677394.9,91,,
2026-05-18,CHCL,,480,474,480,,,26220,12550381.6,146,,
2026-05-18,CHDC,,2269,2250,2252.1,,,6066,13679919.8,102,,
2026-05-18,CHL,,292,284.1,290.8,,,5599,1602311,52,,
2026-05-18,CIT,,1768.5,1755,1768.5,,,6027,10616926,148,,
2026-05-18,CITY,,404,377.2,395,,,12766,5080361.5,183,,
2026-05-18,CKHL,,665,640.1,664,,,1540,1014703,25,,
2026-05-18,CLI,,455.9,451.1,451.6,,,16397,7426155.7,201,,
2026-05-18,CREST,,1171,1110.1,1129.9,,,4243,4742798.6,105,,
2026-05-18,CYCL,,1498,1457,1474.9,,,437,641349.1,30,,
2026-05-18,CZBIL,,206.6,203.1,204.5,,,21744,4440745.9,107,,
2026-05-18,DDBL,,857,840,846,,,7412,6253620.1,95,,
2026-05-18,DHEL,,607.5,572,603.2,,,23069,13875155.4,467,,
2026-05-18,DHPL,,299.9,292.1,298,,,685,202438.9,22,,
2026-05-18,DLBS,,1320,1280,1280,,,475,613714,15,,
2026-05-18,DOLTI,,354,343.4,347,,,33401,11569939.4,160,,
2026-05-18,DORDI,,273,270.1,271.5,,,9308,2529305.3,90,,
2026-05-18,EBL,,711.5,702.5,705.5,,,15615,10998034.6,146,,
2026-05-18,EHPL,,383.9,377.2,382,,,32434,12299742.5,81,,
2026-05-18,ENL,,896,844.1,890,,,1516,1304646.5,44,,
2026-05-18,FMDBL,,805,792.1,797,,,7596,6056070,53,,
2026-05-18,FOWAD,,1061,1041.1,1043,,,3612,3776806.2,84,,
2026-05-18,GBIME,,237,232.3,237,,,70520,16590492.2,333,,
2026-05-18,GBLBS,,778,761.3,765,,,1633,1249154.5,44,,
2026-05-18,GCIL,,417.1,412.1,415.9,,,4018,1665916.2,112,,
2026-05-18,GFCL,,629.9,619,627.9,,,3414,2119693,38,,
2026-05-18,GHL,,237,233,235.2,,,29121,6839223.1,113,,
2026-05-18,GILB,,1144.8,1120,1120,,,1289,1454862,26,,
2026-05-18,GLBSL,,1790,1770,1782.1,,,275,489674.2,13,,
2026-05-18,GLH,,268,265,265.2,,,16324,4348882.1,98,,
2026-05-18,GMFBS,,1326,1257.1,1296,,,1298,1681852,19,,
2026-05-18,GMFIL,,459,449.6,457,,,3042,1378885.8,27,,
2026-05-18,GMLI,,1295,1242,1254.1,,,1232,1563632.2,66,,
2026-05-18,GUFL,,524,519,520,,,4234,2204124.1,54,,
2026-05-18,GVL,,495,481.5,493.9,,,27588,13517826.2,150,,
2026-05-18,HATHY,,786.1,772.1,781.6,,,8499,6604009.2,160,,
2026-05-18,HBL,,205,202,203.9,,,21361,4330400.4,578,,
2026-05-18,HDHPC,,225,214,221,,,80139,17716935.1,279,,
2026-05-18,HDL,,1160,1151,1155,,,30376,35062009.2,398,,
2026-05-18,HFIN,,997,966,975,,,25347,24868242.6,1064,,
2026-05-18,HHL,,375,366,367,,,23216,8541657.2,119,,
2026-05-18,HIDCL,,271,265.5,268.4,,,52363,13991690.1,205,,
2026-05-18,HIMSTAR,,884,856,880,,,3151,2723446.6,96,,
2026-05-18,HLBSL,,890,877.1,877.3,,,596,524281,12,,
2026-05-18,HLI,,341.9,337,337,,,16419,5554306.5,229,,
2026-05-18,HPPL,,375,365,373.9,,,17437,6511802.9,117,,
2026-05-18,HRL,,644,631,636.9,,,44963,28637987.4,694,,
2026-05-18,HURJA,,257,252,252.5,,,20798,5270217.5,116,,
2026-05-18,ICFC,,629,614.3,624,,,24412,15025256.7,90,,
2026-05-18,IHL,,450,405,438,,,46331,19808427.9,529,,
2026-05-18,ILBS,,936,915,921.5,,,1684,1548262.5,42,,
2026-05-18,ILI,,437,433.4,434.6,,,6568,2857325.8,181,,
2026-05-18,JBLB,,1310,1296,1299,,,3992,5195514.1,108,,
2026-05-18,JFL,,430,385.4,408,,,2690,1101027,35,,
2026-05-18,JHAPA,,1650,1500,1578.9,,,12271,18719812.4,218,,
2026-05-18,JOSHI,,283.8,278,278,,,8294,2310024.7,44,,
2026-05-18,JSLBB,,1102,1102,1102,,,0,0,0,,
2026-05-18,KBL,,220,215.8,217,,,161044,34929128.9,500,,
2026-05-18,KBSH,,1579,1579,1579,,,50,78950,1,,
2026-05-18,KDL,,822,812,822,,,770,628972,31,,
2026-05-18,KKHC,,265,256,257,,,31215,8038543.8,170,,
2026-05-18,KMCDB,,870,857,864,,,2194,1888775.7,49,,
2026-05-18,KPCL,,499,485,489.9,,,4269,2098857.3,48,,
2026-05-18,LEC,,226,222.3,225.5,,,45930,10294908.3,190,,
2026-05-18,LICN,,824.7,810.5,812,,,2500,2028746.5,44,,
2026-05-18,LLBS,,966,966,966,,,1,937.1,1,,
2026-05-18,LSL,,224.8,218.2,223.9,,,131192,29094895.1,285,,
2026-05-18,MABEL,,667.7,621.5,660,,,8909,5895460.9,180,,
2026-05-18,MAKAR,,497,491,495.5,,,3475,1721587.5,34,,
2026-05-18,MANDU,,815.9,801.1,814,,,1570,1271547.5,27,,
2026-05-18,MATRI,,895,875,895,,,172,152245,11,,
2026-05-18,MBJC,,284.8,279.2,283.5,,,12688,3560684.8,215,,
2026-05-18,MBL,,250,245,249.9,,,95320,23590287.7,198,,
2026-05-18,MCHL,,315.3,306.1,310,,,8877,2741123.3,60,,
2026-05-18,MEHL,,381,368.3,374.3,,,5125,1920366.9,76,,
2026-05-18,MEL,,240,233,234.1,,,11242,2648961.2,173,,
2026-05-18,MEN,,610.6,606.3,608,,,33039,20100548.6,253,,
2026-05-18,MERO,,730,703,705.6,,,4737,3345027.3,52,,
2026-05-18,MFIL,,794,782,785,,,13594,10749521.5,72,,
2026-05-18,MHCL,,352,348,348,,,3101,1082067,65,,
2026-05-18,MHL,,501,485.1,499.9,,,3790,1880068,48,,
2026-05-18,MHNL,,265,260.1,263,,,2395,625648.1,27,,
2026-05-18,MKCL,,1275,1261,1271,,,530,673266,26,,
2026-05-18,MKHC,,324.8,315,323,,,11656,3723408.1,116,,
2026-05-18,MKHL,,528,503.1,517.6,,,6906,3584681.5,85,,
2026-05-18,MKJC,,491,486,491,,,6740,3299089,27,,
2026-05-18,MLBBL,,1195,1180.1,1195,,,674,798235.2,23,,
2026-05-18,MLBS,,1272,1216,1235,,,170,212860,11,,
2026-05-18,MLBSL,,1790,1750,1779,,,287,506873.8,16,,
2026-05-18,MMKJL,,493.4,477.2,493,,,4664,2259928.8,66,,
2026-05-18,MPFL,,615,608.2,614.9,,,4640,2826697.2,32,,
2026-05-18,MSHL,,687,672.3,687,,,1583,1074885.1,39,,
2026-05-18,MSLB,,1240,1204,1227.5,,,709,868860.1,38,,
2026-05-18,NABIL,,532,525,526,,,44305,23313421.6,463,,
2026-05-18,NADEP,,742.9,725.3,742.9,,,477,347295.4,20,,
2026-05-18,NBL,,268.9,253.5,265.1,,,63987,17006364.5,145,,
2026-05-18,NESDO,,1525,1513,1516,,,296,449267.8,21,,
2026-05-18,NFS,,565,557,560,,,3339,1872066.5,44,,
2026-05-18,NGPL,,451,442,445,,,101986,45333763,321,,
2026-05-18,NHDL,,635,626,633.8,,,3409,2158656,14,,
2026-05-18,NHPC,,285,280,281,,,187372,52715710.4,561,,
2026-05-18,NICA,,355,348.8,349,,,56092,19640580.7,242,,
2026-05-18,NICLBSL,,576,560,565,,,7735,4370362.3,135,,
2026-05-18,NIFRA,,263.7,261,262.8,,,39897,10458210.1,391,,
2026-05-18,NIMB,,207.9,196,196.9,,,130431,25627892.2,422,,
2026-05-18,NLIC,,764.6,758.5,764.6,,,11209,8534070.1,171,,
2026-05-18,NLICL,,590,580.4,589,,,2023,1188344.8,35,,
2026-05-18,NLO,,269.4,269.4,269.4,,,0,0,0,,
2026-05-18,NMB,,247,241,245,,,16198,3952829.2,103,,
2026-05-18,NMBMF,,638,624,626,,,1005,634882,11,,
2026-05-18,NMFBS,,1130,1118,1130,,,1931,2170993.5,39,,
2026-05-18,NMLBBL,,585,580.3,581,,,8303,4830327.8,86,,
2026-05-18,NRIC,,933.1,882,896,,,9573,8509981.1,171,,
2026-05-18,NRM,,360.5,350,351,,,23878,8425131.8,213,,
2026-05-18,NRN,,1416,1353,1357,,,20170,27400058.3,245,,
2026-05-18,NTC,,895,889.2,890.5,,,7931,7070109.1,153,,
2026-05-18,NUBL,,661,650,651,,,8732,5701318.1,92,,
2026-05-18,NWCL,,800,780,799.9,,,249,195302.5,22,,
2026-05-18,NYADI,,385,381.1,385,,,961,368466.8,58,,
2026-05-18,OHL,,701,684,701,,,1873,1286679.7,21,,
2026-05-18,OMPL,,1161,1121.4,1149,,,2615,2991181.8,109,,
2026-05-18,PCBL,,240,236,239.8,,,28123,6726966,125,,
2026-05-18,PCIL,,845,805.9,811.9,,,65056,53087977.2,2892,,
2026-05-18,PFL,,374,365,366,,,3693,1350567.3,42,,
2026-05-18,PHCL,,309.9,304,307,,,46514,14218549.9,232,,
2026-05-18,PMHPL,,348.9,334,339.6,,,3783,1271850.3,53,,
2026-05-18,PMLI,,483.9,460,462,,,4773,2211944.8,138,,
2026-05-18,PPCL,,377.8,368.2,372.6,,,7943,2967597.2,46,,
2026-05-18,PPL,,355,335.4,346,,,22648,7815539.3,144,,
2026-05-18,PROFL,,440,430.5,432.5,,,4555,1965250,32,,
2026-05-18,PRVU,,201.7,196.1,199,,,49849,9839820.3,273,,
2026-05-18,PURE,,950,936.3,950,,,7063,6666066,114,,
2026-05-18,RADHI,,765,750,759,,,30733,23131815,117,,
2026-05-18,RAWA,,589,571.5,578,,,380,220872,13,,
2026-05-18,RFPL,,375,365,370.9,,,16739,6188083,109,,
2026-05-18,RHGCL,,295,277.4,292,,,16377,4745898.7,133,,
2026-05-18,RHPL,,279,274,279,,,10001,2766554.6,119,,
2026-05-18,RIDI,,351,327.8,346,,,85887,29633930.7,286,,
2026-05-18,RLEL,,1026.9,978,1000,,,12055,12112652.8,562,,
2026-05-18,RLFL,,437,425.3,436,,,1994,854429.5,30,,
2026-05-18,RNLI,,465,456.2,458,,,9428,4322031.5,227,,
2026-05-18,RSDC,,665,659.1,660.1,,,1849,1222022.5,30,,
2026-05-18,RSML,,3730,3681,3690.1,,,19875,73488998.2,425,,
2026-05-18,RURU,,654,647.2,651,,,5414,3525434.3,45,,
2026-05-18,SAGAR,,1688,1656.2,1667,,,3563,5939022.3,100,,
2026-05-18,SAHAS,,695.1,656,667,,,127066,84389860.7,859,,
2026-05-18,SAIL,,1282,1122,1159.9,,,18825,21481683.5,362,,
2026-05-18,SANIMA,,368.6,360.1,365.5,,,41585,15187054.7,209,,
2026-05-18,SANVI,,693,670,685,,,11629,7916223.6,209,,
2026-05-18,SARBTM,,855,836,852,,,3052,2591395.6,68,,
2026-05-18,SBI,,396,393,395.8,,,3659,1443205.3,48,,
2026-05-18,SBL,,396,391.6,396,,,44876,17636137.4,128,,
2026-05-18,SCB,,680,640.09,647,,,3008,1947084.3,60,,
2026-05-18,SGHC,,370,360,364,,,13906,5029236.5,102,,
2026-05-18,SHEL,,314.5,309,310.9,,,39629,12282246,186,,
2026-05-18,SHIVM,,684.9,673.8,676.8,,,85713,57973655.3,443,,
2026-05-18,SHL,,500,494,497.8,,,17467,8713378.6,74,,
2026-05-18,SHLB,,1467.8,1420,1467.8,,,427,611976,12,,
2026-05-18,SHPC,,527,516,516.2,,,29875,15455078.7,104,,
2026-05-18,SIFC,,533,526.3,533,,,948,500234.1,22,,
2026-05-18,SIKLES,,592,581.2,591,,,2686,1581767,51,,
2026-05-18,SIPD,,820,785,785.1,,,14531,11525492.7,887,,
2026-05-18,SJCL,,304.9,292,299.9,,,8749,2611295.4,90,,
2026-05-18,SJLIC,,427.9,424,427.9,,,15366,6538933.3,184,,
2026-05-18,SKBBL,,778,755,769,,,15070,11443244.6,153,,
2026-05-18,SKHEL,,1276.9,1238.3,1276.9,,,4281,5394537,209,,
2026-05-18,SKHL,,910.9,872.6,890,,,13579,12095281.1,391,,
2026-05-18,SLBBL,,824.9,814,819.8,,,2406,1964897.2,43,,
2026-05-18,SLBSL,,1218,1190.1,1200,,,162,193213.6,12,,
2026-05-18,SMATA,,767.4,759,760,,,4492,3417085.4,61,,
2026-05-18,SMB,,1760,1732,1750,,,443,775670,21,,
2026-05-18,SMFBS,,1560,1522,1525,,,675,1030178.8,25,,
2026-05-18,SMH,,592,572.5,584,,,13879,8106491,101,,
2026-05-18,SMHL,,499.9,492,495,,,26747,13249532.9,129,,
2026-05-18,SMJC,,478,458,473,,,59445,27938407.2,394,,
2026-05-18,SMPDA,,844.9,826,839,,,523,436436.4,28,,
2026-05-18,SNLI,,448.5,445.2,446,,,17233,7694037.9,273,,
2026-05-18,SOHL,,693,660,685,,,84454,57610901.7,1706,,
2026-05-18,SONA,,444.1,437.3,439.1,,,24558,10823069.7,257,,
2026-05-18,SPC,,455,445,451.9,,,5068,2283678.8,53,,
2026-05-18,SPDL,,404,400,401.7,,,17353,6956118.6,90,,
2026-05-18,SPHL,,512,499,499.2,,,6210,3116886,39,,
2026-05-18,SPL,,712,695.5,710,,,2135,1499197.5,9,,
2026-05-18,SRLI,,390,387.3,389.7,,,11969,4653981.2,177,,
2026-05-18,SSHL,,215,211,212,,,54029,11464700.8,267,,
2026-05-18,STC,,6090,5920,5977.9,,,2578,15372934.9,75,,
2026-05-18,SWASTIK,,2455,2341,2345,,,710,1681646.5,48,,
2026-05-18,SWBBL,,777,735.1,736.5,,,1255,931341.7,27,,
2026-05-18,SWMF,,658.2,641,655,,,2240,1460231.8,34,,
2026-05-18,SYPNL,,1540,1467,1474.9,,,47710,71312532.7,848,,
2026-05-18,TAMOR,,452,442,447.2,,,48554,21755750.9,196,,
2026-05-18,TPC,,368.5,360,364.1,,,22894,8342444.9,116,,
2026-05-18,TRH,,770,752,765.1,,,926,703851.6,13,,
2026-05-18,TSHL,,586,583.7,584,,,1059,619345.1,20,,
2026-05-18,TTL,,807,793,800,,,4466,3582015.2,185,,
2026-05-18,TVCL,,514,501,505.1,,,930,468980.9,41,,
2026-05-18,UHEWA,,575,555.3,566.1,,,5286,2995977.5,67,,
2026-05-18,ULBSL,,2950,2831,2938,,,352,1006124.5,12,,
2026-05-18,ULHC,,492,485,485.2,,,5403,2631074.6,53,,
2026-05-18,UMHL,,570,555.1,558,,,10281,5735743,58,,
2026-05-18,UMRH,,537,530.5,536.3,,,2931,1567375.2,40,,
2026-05-18,UNHPL,,458,440,444,,,68771,30720804.3,381,,
2026-05-18,UNL,,46500,46500,46500,,,10,465000,1,,
2026-05-18,UNLB,,1438,1395.1,1438,,,282,398461,13,,
2026-05-18,UPCL,,372,364.2,369.5,,,72716,26667260.5,218,,
2026-05-18,UPPER,,206.5,203,204,,,71512,14596296.2,400,,
2026-05-18,USHEC,,499.8,488.2,492.1,,,7428,3653627.2,65,,
2026-05-18,USHL,,615,600,615,,,3053,1844322.5,41,,
2026-05-18,USLB,,1255,1226.1,1250,,,702,870453.5,24,,
2026-05-18,VLBS,,697,686,690.2,,,2552,1758624.8,108,,
2026-05-18,VLUCL,,490,482.1,489,,,1385,673433.5,34,,
2026-05-19,ACLBSL,,964,941.5,955,,,422,398720.3,22,,
2026-05-19,ADBL,,312.5,308,311,,,16428,5106557.3,128,,
2026-05-19,AHL,,511.9,492,507,,,22645,11357860,86,,
2026-05-19,AHPC,,278.6,276.2,278,,,39838,11057932,170,,
2026-05-19,AKJCL,,354,345,354,,,248919,86833367,400,,
2026-05-19,AKPL,,276,265,268,,,68532,18319952.2,210,,
2026-05-19,ALBSL,,1122,1070,1100,,,2136,2334973.1,66,,
2026-05-19,ALICL,,454,449,451.7,,,19445,8768009.5,96,,
2026-05-19,ANLB,,6150,5750,6150,,,62,370924.5,5,,
2026-05-19,API,,352,340,351,,,205977,71963471.2,608,,
2026-05-19,AVYAN,,1140,1074,1133,,,3833,4346975.4,79,,
2026-05-19,BANDIPUR,,820,799.1,808,,,38855,31447578.7,652,,
2026-05-19,BARUN,,345.5,341.3,344,,,37520,12868795.8,141,,
2026-05-19,BBC,,4836,4726,4742.1,,,364,1735071.1,30,,
2026-05-19,BEDC,,369.9,364,366,,,14297,5244785.8,129,,
2026-05-19,BFC,,460,452,454,,,6503,2948913.1,40,,
2026-05-19,BGWT,,669,654,654,,,1260,830032.5,17,,
2026-05-19,BHCL,,540,510,532.2,,,40169,21346117.6,570,,
2026-05-19,BHDC,,461,452.3,457.9,,,10708,4888977,80,,
2026-05-19,BHL,,223,210,220.9,,,61907,13648284.3,340,,
2026-05-19,BHPL,,522,510.1,519.9,,,2009,1032912.6,32,,
2026-05-19,BJHL,,940,917,926,,,10349,9615889.8,301,,
2026-05-19,BNHC,,330.5,317.1,325.1,,,5114,1662160.1,71,,
2026-05-19,BNL,,14400,14400,14400,,,10,144000,1,,
2026-05-19,BNT,,11600,11555.2,11600,,,49,565659.9,5,,
2026-05-19,BPCL,,710.9,691.3,699.4,,,35095,24545582.1,197,,
2026-05-19,BUNGAL,,654,625,635.1,,,97455,62693588.2,1037,,
2026-05-19,CBBL,,921,900,912,,,23982,21817127,202,,
2026-05-19,CFCL,,497.7,490,497.7,,,4720,2324219.7,27,,
2026-05-19,CGH,,803,797,797.4,,,8310,6640315.5,77,,
2026-05-19,CHCL,,481.5,477,477.1,,,14730,7049869.6,156,,
2026-05-19,CHDC,,2268.9,2242.5,2257,,,10681,24024752.6,134,,
2026-05-19,CHL,,297.9,284.3,285.1,,,8753,2497554.3,64,,
2026-05-19,CIT,,1778,1756,1762,,,4632,8156714.1,117,,
2026-05-19,CITY,,375.3,349.2,368,,,652647,235335653.3,2020,,
2026-05-19,CKHL,,665,646,665,,,140,92176,12,,
2026-05-19,CLI,,453,450,451.6,,,10197,4609085.7,194,,
2026-05-19,CREST,,1194.8,1100,1130,,,5396,6009776.6,169,,
2026-05-19,CYCL,,1490,1443,1488,,,480,700925,31,,
2026-05-19,CZBIL,,206,194.3,204.7,,,25908,5282888.9,100,,
2026-05-19,DDBL,,875.5,830.1,851,,,8741,7464033,77,,
2026-05-19,DHEL,,629.9,600,625,,,40114,24940606,646,,
2026-05-19,DHPL,,298,295.1,297.3,,,1545,457697.7,16,,
2026-05-19,DLBS,,1318,1245,1265.5,,,1995,2547890,29,,
2026-05-19,DOLTI,,351.6,346,348.9,,,16260,5646920,98,,
2026-05-19,DORDI,,277,269.2,271,,,18606,5038351.1,127,,
2026-05-19,EBL,,715.9,701.5,705,,,25302,17816653.5,198,,
2026-05-19,EHPL,,401.1,375,385.9,,,42641,16195441.1,123,,
2026-05-19,ENL,,890,870,870,,,299,260692,9,,
2026-05-19,FMDBL,,800.2,786.1,788.1,,,15450,12239810.6,87,,
2026-05-19,FOWAD,,1045.1,1035,1035,,,3334,3463617.4,83,,
2026-05-19,GBIME,,237.3,234,236.9,,,54029,12747091.9,288,,
2026-05-19,GBLBS,,774.9,760.2,769,,,2107,1615056.4,34,,
2026-05-19,GCIL,,436.6,410.5,414,,,9557,3944508.1,150,,
2026-05-19,GFCL,,622,616.1,617,,,2204,1367121,20,,
2026-05-19,GHL,,237,234,236,,,32341,7608603.9,127,,
2026-05-19,GILB,,1125,1101.3,1125,,,1716,1901728.9,25,,
2026-05-19,GLBSL,,1809,1780,1790,,,155,276493.7,16,,
2026-05-19,GLH,,267.9,264,264,,,15066,3986302.5,95,,
2026-05-19,GMFBS,,1324,1261.1,1324,,,704,895289,20,,
2026-05-19,GMFIL,,460,453.1,458.8,,,2875,1310541.9,23,,
2026-05-19,GMLI,,1291,1259,1270,,,1068,1354151.5,47,,
2026-05-19,GUFL,,523,518,523,,,3282,1704763,28,,
2026-05-19,GVL,,494,487,490,,,12129,5947839.6,91,,
2026-05-19,HATHY,,781.6,775,777,,,4998,3883365.1,105,,
2026-05-19,HBL,,205,201,202.1,,,23295,4719374.7,533,,
2026-05-19,HDHPC,,223,219,219.5,,,104258,22914399,309,,
2026-05-19,HDL,,1169,1152.2,1158,,,13296,15400100.5,254,,
2026-05-19,HFIN,,980,956,958,,,34277,33022141.8,1273,,
2026-05-19,HHL,,373,364.1,365,,,23687,8656027.8,135,,
2026-05-19,HIDCL,,270,267,269,,,50762,13582013.3,200,,
2026-05-19,HIMSTAR,,895,858,873.5,,,5369,4711843.6,82,,
2026-05-19,HLBSL,,877.3,873,873.5,,,978,854465,21,,
2026-05-19,HLI,,339,336,336,,,19040,6417340.8,226,,
2026-05-19,HPPL,,378.3,365.1,377,,,23945,8998937.8,137,,
2026-05-19,HRL,,635,629.5,633,,,94579,59725379.9,898,,
2026-05-19,HURJA,,253.2,248.2,250,,,52874,13236366.7,165,,
2026-05-19,ICFC,,626.9,620,620,,,3051,1897430.4,37,,
2026-05-19,IHL,,440,421,433.3,,,33250,14221438.6,275,,
2026-05-19,ILBS,,947,918.6,931,,,2128,1961641,21,,
2026-05-19,ILI,,435,430.5,434.9,,,6275,2724716.3,197,,
2026-05-19,JBLB,,1323,1296,1303,,,3260,4243125.4,80,,
2026-05-19,JFL,,410,387.6,408,,,4350,1766432,36,,
2026-05-19,JHAPA,,1578.9,1458,1509,,,6647,9993659,191,,
2026-05-19,JOSHI,,281.9,275,280,,,8158,2282391.3,60,,
2026-05-19,JSLBB,,1075,1075,1075,,,10,10750,1,,
2026-05-19,KBL,,218,216,216.9,,,107774,23392018.9,399,,
2026-05-19,KBSH,,1565,1531.7,1531.7,,,119,183101,9,,
2026-05-19,KDL,,819.9,810,818,,,1262,1028094,42,,
2026-05-19,KKHC,,262,244.2,255.8,,,27715,7132290,123,,
2026-05-19,KMCDB,,867,845.5,865,,,1066,915301.7,28,,
2026-05-19,KPCL,,489,484,488,,,3244,1574640.7,44,,
2026-05-19,LEC,,228.5,222.1,223,,,57506,12835136.7,171,,
2026-05-19,LICN,,815,806,814,,,2686,2177810.9,42,,
2026-05-19,LLBS,,950,937.3,943,,,445,421223.6,6,,
2026-05-19,LSL,,225,220,224,,,84558,18861388.1,222,,
2026-05-19,MABEL,,685,650,676.5,,,25708,17379482.3,374,,
2026-05-19,MAKAR,,496,490.1,495,,,10333,5094849.7,86,,
2026-05-19,MANDU,,810,806.2,809,,,2086,1686158,18,,
2026-05-19,MATRI,,895,877.1,894,,,155,137834.7,10,,
2026-05-19,MBJC,,283.5,280.1,281.5,,,8069,2268125,162,,
2026-05-19,MBL,,250,246,248.5,,,79254,19621041.2,167,,
2026-05-19,MCHL,,312,294.5,311,,,4215,1301279.5,62,,
2026-05-19,MEHL,,375,369,375,,,2970,1107833,51,,
2026-05-19,MEL,,239.9,223,235.5,,,9164,2160293,149,,
2026-05-19,MEN,,611,604,609,,,43911,26715691.7,237,,
2026-05-19,MERO,,711.8,707,711.8,,,1767,1254259.7,20,,
2026-05-19,MFIL,,799.9,786.6,793,,,23906,19041807.4,74,,
2026-05-19,MHCL,,361,330.6,347,,,4686,1631856,74,,
2026-05-19,MHL,,495,493,493,,,941,464511,31,,
2026-05-19,MHNL,,268,261,261,,,9838,2574933.9,43,,
2026-05-19,MKCL,,1270,1255,1262,,,1370,1730166,24,,
2026-05-19,MKHC,,324.9,313.4,319.5,,,12548,3963118.6,83,,
2026-05-19,MKHL,,526.2,491.8,526.2,,,7530,3946628.3,98,,
2026-05-19,MKJC,,498,486.1,488.4,,,2235,1090687.6,28,,
2026-05-19,MLBBL,,1218.5,1173,1189,,,1249,1474068.6,27,,
2026-05-19,MLBS,,1264.9,1227.1,1263.9,,,30,37559,3,,
2026-05-19,MLBSL,,1780,1750,1780,,,343,604011.4,19,,
2026-05-19,MMKJL,,504.9,490,497.9,,,1851,914699.9,31,,
2026-05-19,MPFL,,614.9,606,614.9,,,6428,3910343.5,47,,
2026-05-19,MSHL,,685,675,680,,,507,344467.2,22,,
2026-05-19,MSLB,,1248,1166.2,1239.8,,,681,840217,23,,
2026-05-19,NABIL,,530,523,526,,,41228,21655922.2,429,,
2026-05-19,NADEP,,750,728.3,750,,,458,334015,11,,
2026-05-19,NBL,,268.6,264.2,266,,,26035,6911261.8,170,,
2026-05-19,NESDO,,1529,1508.3,1528,,,494,747165.7,22,,
2026-05-19,NFS,,565,555,559.5,,,4046,2251936.1,61,,
2026-05-19,NGPL,,448,440.4,442.2,,,95324,42298554.6,346,,
2026-05-19,NHDL,,635,621.2,634.9,,,520,328009.8,11,,
2026-05-19,NHPC,,284,276.1,279.3,,,214996,59907792.4,686,,
2026-05-19,NICA,,354.8,346,347,,,42771,14871693,247,,
2026-05-19,NICLBSL,,565,560,562,,,6205,3484808.3,89,,
2026-05-19,NIFRA,,263,261.2,262.3,,,27353,7172566.6,330,,
2026-05-19,NIMB,,198.5,196.5,196.5,,,40231,7933728.6,301,,
2026-05-19,NLIC,,769.9,761,761.5,,,9878,7538288.5,131,,
2026-05-19,NLICL,,596.4,583,587,,,3187,1871347.4,33,,
2026-05-19,NLO,,269.4,269.4,269.4,,,0,0,0,,
2026-05-19,NMB,,247.9,243,246,,,25395,6237069.5,108,,
2026-05-19,NMBMF,,635,626,628.3,,,1310,828643,11,,
2026-05-19,NMFBS,,1147,1118,1146,,,3964,4515998.5,62,,
2026-05-19,NMLBBL,,594,575.1,578.9,,,5156,2986323.3,63,,
2026-05-19,NRIC,,900,888,895,,,10200,9117232.8,149,,
2026-05-19,NRM,,375,351,373.5,,,24240,8802390.8,262,,
2026-05-19,NRN,,1360,1330,1350,,,36540,49158725.3,368,,
2026-05-19,NTC,,895,886.6,886.6,,,15468,13760349.2,183,,
2026-05-19,NUBL,,660,649.2,655,,,6285,4093695.2,49,,
2026-05-19,NWCL,,798,787,791,,,739,583793.4,29,,
2026-05-19,NYADI,,392.8,380,385,,,2251,865706.5,47,,
2026-05-19,OHL,,695,683,693,,,938,644392.2,15,,
2026-05-19,OMPL,,1150,1130.1,1130.1,,,2908,3305323.1,108,,
2026-05-19,PCBL,,240,237.3,239.5,,,30204,7197219.1,124,,
2026-05-19,PCIL,,835,800,805,,,54810,44078840.2,2694,,
2026-05-19,PFL,,370,362.5,369.8,,,6196,2268452.8,50,,
2026-05-19,PHCL,,309.9,301.2,304.6,,,31592,9600497.2,183,,
2026-05-19,PMHPL,,345,332.8,333.9,,,3387,1133900.7,43,,
2026-05-19,PMLI,,464,455,457.1,,,5378,2476057.8,127,,
2026-05-19,PPCL,,378,371.3,375,,,1964,733204.1,35,,
2026-05-19,PPL,,346.5,340,345.9,,,18833,6465551,114,,
2026-05-19,PROFL,,440,433,435,,,1360,593842.5,18,,
2026-05-19,PRVU,,200,197,198.5,,,44169,8725683.7,257,,
2026-05-19,PURE,,970,939.2,965,,,10389,9946223,149,,
2026-05-19,RADHI,,757.9,751,756,,,20648,15545286.3,102,,
2026-05-19,RAWA,,594,570,574,,,353,203703.5,20,,
2026-05-19,RFPL,,373.9,363,366,,,30741,11263552.5,167,,
2026-05-19,RHGCL,,296,277.4,290,,,24401,7064862.9,100,,
2026-05-19,RHPL,,279,275.3,275.9,,,15315,4236910.8,103,,
2026-05-19,RIDI,,348.9,328.7,341,,,175988,60051898.3,428,,
2026-05-19,RLEL,,1030,985.1,986.5,,,11571,11503999.4,390,,
2026-05-19,RLFL,,442.9,427.1,431.5,,,1478,635880.5,20,,
2026-05-19,RNLI,,469.9,458.4,459.2,,,14106,6490104.3,274,,
2026-05-19,RSDC,,668.9,658,662,,,2533,1670070,32,,
2026-05-19,RSML,,3749.9,3650,3680,,,13524,49751008.3,451,,
2026-05-19,RURU,,652,645.1,651,,,2723,1766180.1,45,,
2026-05-19,SAGAR,,1675,1650,1668,,,11700,19432747.3,179,,
2026-05-19,SAHAS,,668.8,652.2,653,,,139166,91635910.7,947,,
2026-05-19,SAIL,,1166,1102,1128,,,19004,21560482,313,,
2026-05-19,SANIMA,,384,361.2,365.5,,,119720,43917050.4,264,,
2026-05-19,SANVI,,705,676,699.8,,,35942,25020282.3,412,,
2026-05-19,SARBTM,,869,838,840,,,29267,24654419.1,143,,
2026-05-19,SBI,,398.8,394.1,397,,,6018,2384382.4,49,,
2026-05-19,SBL,,398,393.3,396.3,,,86779,34327150.1,182,,
2026-05-19,SCB,,664.9,640.2,642.5,,,9723,6278291,99,,
2026-05-19,SGHC,,368.9,359,363,,,8680,3127655.2,92,,
2026-05-19,SHEL,,313.5,308,310.9,,,60218,18678245.2,251,,
2026-05-19,SHIVM,,680,673,676,,,82052,55390421.1,459,,
2026-05-19,SHL,,500.6,495,500.6,,,9518,4751522.8,54,,
2026-05-19,SHLB,,1472,1436,1472,,,149,214901,9,,
2026-05-19,SHPC,,542,511,516,,,65813,34513294.9,157,,
2026-05-19,SIFC,,537.1,506.4,532,,,6656,3531729.7,48,,
2026-05-19,SIKLES,,620.5,586,591,,,8148,4811920.6,72,,
2026-05-19,SIPD,,790,760.1,768,,,23474,17995523.6,1131,,
2026-05-19,SJCL,,297.5,295.1,297.5,,,11084,3279898.1,106,,
2026-05-19,SJLIC,,432,423.2,426.5,,,12281,5236676.1,138,,
2026-05-19,SKBBL,,774,755,765,,,7005,5342718.5,75,,
2026-05-19,SKHEL,,1268,1240,1259,,,3521,4417856.9,193,,
2026-05-19,SKHL,,909,869.1,888,,,16015,14080663.7,426,,
2026-05-19,SLBBL,,828,815.1,823.9,,,2640,2166275.8,54,,
2026-05-19,SLBSL,,1214.3,1164,1199,,,1222,1434490.5,34,,
2026-05-19,SMATA,,765,760,763.9,,,2051,1561371.4,48,,
2026-05-19,SMB,,1750,1734,1740,,,312,541981,16,,
2026-05-19,SMFBS,,1525,1525,1525,,,108,164360.1,5,,
2026-05-19,SMH,,600,578.1,596,,,9387,5567883,87,,
2026-05-19,SMHL,,500.7,490.3,497,,,22028,10948054.9,126,,
2026-05-19,SMJC,,475,465,471,,,18885,8871352.1,151,,
2026-05-19,SMPDA,,840,830.5,834.9,,,902,749642.7,27,,
2026-05-19,SNLI,,453.9,444.5,445.2,,,7287,3247601.8,223,,
2026-05-19,SOHL,,688,670,670,,,85219,57676287,1735,,
2026-05-19,SONA,,447,435.6,443,,,25268,11203451,286,,
2026-05-19,SPC,,454,448,449.2,,,5409,2439056.4,43,,
2026-05-19,SPDL,,405,398.4,404,,,26582,10666643.2,107,,
2026-05-19,SPHL,,514.7,500.1,509.9,,,2336,1182948,32,,
2026-05-19,SPL,,710,700,700.2,,,4570,3203236,12,,
2026-05-19,SRLI,,391.8,387.2,387.8,,,10965,4259304.2,167,,
2026-05-19,SSHL,,214.4,210.5,210.5,,,59770,12623611,234,,
2026-05-19,STC,,5999,5903.1,5943,,,754,4469869.7,28,,
2026-05-19,SWASTIK,,2390,2326.8,2390,,,508,1194513,28,,
2026-05-19,SWBBL,,743.7,733.1,742.9,,,6095,4487589.6,64,,
2026-05-19,SWMF,,662.5,646.2,662.5,,,1710,1122809.1,24,,
2026-05-19,SYPNL,,1500,1450.1,1467,,,54890,80759468.2,658,,
2026-05-19,TAMOR,,455,442,448,,,41772,18665647.7,183,,
2026-05-19,TPC,,366,363,364.5,,,22806,8305240,89,,
2026-05-19,TRH,,765,755,765,,,1596,1213900.8,20,,
2026-05-19,TSHL,,580,526,550,,,10164,5580753,123,,
2026-05-19,TTL,,824,791,806.5,,,11409,9260971.6,318,,
2026-05-19,TVCL,,520,502.1,503,,,751,378260.1,29,,
2026-05-19,UHEWA,,575,550,574,,,4618,2640122.9,76,,
2026-05-19,ULBSL,,2899,2815,2897.9,,,1076,3049011.2,36,,
2026-05-19,ULHC,,489.6,484,488,,,4976,2424117,63,,
2026-05-19,UMHL,,567,550,560,,,17736,9839189.5,88,,
2026-05-19,UMRH,,537,532.1,536,,,1754,939114.4,23,,
2026-05-19,UNHPL,,447,421,432,,,103171,44327770.6,504,,
2026-05-19,UNL,,46501,46300,46300,,,50,2322010,5,,
2026-05-19,UNLB,,1420,1400,1418.9,,,485,680215.8,27,,
2026-05-19,UPCL,,371,363.1,368,,,51114,18690833.3,199,,
2026-05-19,UPPER,,205,194,204,,,75102,15327226.8,388,,
2026-05-19,USHEC,,498.9,485.2,498,,,19984,9908081,93,,
2026-05-19,USHL,,618,600.1,613,,,1733,1050057.7,32,,
2026-05-19,USLB,,1250,1225,1235,,,1456,1794658.6,43,,
2026-05-19,VLBS,,692,678.2,680.6,,,2122,1446585,97,,
2026-05-19,VLUCL,,490,475.2,487.1,,,2710,1317729.5,46,,
2026-05-20,ACLBSL,,964,946,956,,,1142,1093724.5,32,,
2026-05-20,ADBL,,313.9,307.1,313.8,,,28637,8932903.3,143,,
2026-05-20,AHL,,525,495,503,,,8165,4107170,105,,
2026-05-20,AHPC,,283,276.8,282,,,143246,40150539.7,320,,
2026-05-20,AKJCL,,370,350,368.9,,,491504,177861021,936,,
2026-05-20,AKPL,,272.1,266,272,,,90578,24477328.7,281,,
2026-05-20,ALBSL,,1115,1085.1,1114.4,,,5605,6180929,68,,
2026-05-20,ALICL,,454.8,450,454.5,,,14518,6578063.9,104,,
2026-05-20,ANLB,,6049.9,5790,6049.9,,,999,5865467.2,44,,
2026-05-20,API,,355,350,355,,,321600,113470841.6,762,,
2026-05-20,AVYAN,,1155,1076.4,1150,,,5252,6011913.8,127,,
2026-05-20,BANDIPUR,,849,804,849,,,76281,63400321.6,1270,,
2026-05-20,BARUN,,350,343,349.6,,,34512,11986924.6,130,,
2026-05-20,BBC,,4826,4745,4820,,,148,707859,13,,
2026-05-20,BEDC,,375,365,375,,,32988,12235440.2,195,,
2026-05-20,BFC,,461.9,453.1,458,,,5232,2388999.9,35,,
2026-05-20,BGWT,,669,644,656.8,,,541,357498.1,26,,
2026-05-20,BHCL,,556,525,547,,,52639,28877071.8,628,,
2026-05-20,BHDC,,467,452.4,467,,,8254,3804756.2,106,,
2026-05-20,BHL,,231.8,220,226.8,,,106813,23978255.1,455,,
2026-05-20,BHPL,,535,513,535,,,9597,5039136,94,,
2026-05-20,BJHL,,943.9,910,940,,,9503,8890504.4,263,,
2026-05-20,BNHC,,332,325,332,,,3506,1159029.5,56,,
2026-05-20,BNL,,14000,13968.1,13968.1,,,50,698764,5,,
2026-05-20,BNT,,11799,11500,11799,,,70,814899,5,,
2026-05-20,BPCL,,734.3,691.2,705,,,77861,54475859.2,195,,
2026-05-20,BUNGAL,,688.9,636,682.8,,,137677,92946695.5,1585,,
2026-05-20,CBBL,,918.5,910,918,,,12167,11147481.3,150,,
2026-05-20,CFCL,,522.5,488,501.9,,,7420,3667689,34,,
2026-05-20,CGH,,819,796.1,803.8,,,10764,8610670.8,101,,
2026-05-20,CHCL,,481,476.5,480,,,21428,10269819.9,122,,
2026-05-20,CHDC,,2291,2240.1,2285.9,,,20939,47470137.5,175,,
2026-05-20,CHL,,292.9,284.2,292.9,,,9881,2865665.8,68,,
2026-05-20,CIT,,1774,1760.5,1770,,,6522,11518249.6,135,,
2026-05-20,CITY,,389.8,363.2,389.7,,,101807,38202718.8,514,,
2026-05-20,CKHL,,670,650.1,670,,,210,138141,19,,
2026-05-20,CLI,,456,450,454.5,,,7673,3478192.5,214,,
2026-05-20,CREST,,1149.9,1111.1,1149.9,,,7566,8516485.49,143,,
2026-05-20,CYCL,,1492,1469,1491.9,,,262,387817.7,24,,
2026-05-20,CZBIL,,206,194.5,205.4,,,34175,7016708,136,,
2026-05-20,DDBL,,860,846,860,,,4944,4229803.3,74,,
2026-05-20,DHEL,,656.2,620,642.9,,,47897,30479292.2,584,,
2026-05-20,DHPL,,303.8,292.1,303.8,,,6537,1947967,53,,
2026-05-20,DLBS,,1328.7,1253,1270.1,,,294,374798.9,11,,
2026-05-20,DOLTI,,350,346,348,,,69308,24073939.9,296,,
2026-05-20,DORDI,,279,270,278,,,17465,4808033.9,143,,
2026-05-20,EBL,,708.5,701.6,707.1,,,20775,14693434.1,162,,
2026-05-20,EHPL,,405.1,382,392.9,,,10167,3955528.5,67,,
2026-05-20,ENL,,913,884,895,,,240,213096,15,,
2026-05-20,FMDBL,,810.1,790,804,,,6866,5486533.3,78,,
2026-05-20,FOWAD,,1054.9,1038,1053,,,4338,4543895,62,,
2026-05-20,GBIME,,237.7,234.1,237.3,,,71471,16860638,261,,
2026-05-20,GBLBS,,779.5,763,777,,,378,291012.1,17,,
2026-05-20,GCIL,,422.9,406,422.9,,,21916,9127154,263,,
2026-05-20,GFCL,,631.9,620.1,628,,,6187,3877189.7,49,,
2026-05-20,GHL,,241.9,233.1,241,,,49564,11788362,159,,
2026-05-20,GILB,,1130,1082,1115,,,1623,1798349.3,41,,
2026-05-20,GLBSL,,1820,1780.2,1780.5,,,45,80896.2,5,,
2026-05-20,GLH,,271.9,261,271,,,49703,13183527.4,222,,
2026-05-20,GMFBS,,1362,1284,1323.9,,,1076,1388947.6,29,,
2026-05-20,GMFIL,,465,454.5,464.9,,,3075,1419723.5,22,,
2026-05-20,GMLI,,1286,1251.1,1285,,,1275,1623208,60,,
2026-05-20,GUFL,,533,521,533,,,6869,3596790.1,56,,
2026-05-20,GVL,,494,487.1,492.5,,,7226,3553197.5,92,,
2026-05-20,HATHY,,803.5,771.1,802.9,,,5350,4247892.1,96,,
2026-05-20,HBL,,204.5,200.1,203.5,,,27534,5588527,646,,
2026-05-20,HDHPC,,228.6,215.6,228,,,210224,47183602.1,537,,
2026-05-20,HDL,,1163,1157,1161,,,22273,25839353.1,281,,
2026-05-20,HFIN,,986.7,950,976,,,42355,41083802.6,1215,,
2026-05-20,HHL,,373.3,362.5,373.3,,,25416,9378806.3,144,,
2026-05-20,HIDCL,,272.9,268,272,,,54971,14888463.1,232,,
2026-05-20,HIMSTAR,,902,862.3,898,,,9456,8485730.3,192,,
2026-05-20,HLBSL,,894,873.5,894,,,136,120217.6,11,,
2026-05-20,HLI,,340.7,335,340.5,,,25123,8523863,213,,
2026-05-20,HPPL,,382.5,373,381,,,17029,6475092.3,106,,
2026-05-20,HRL,,646.9,630,645,,,62593,39983135,784,,
2026-05-20,HURJA,,257,248.2,257,,,46715,11842378.1,175,,
2026-05-20,ICFC,,636,615,627.8,,,10660,6600613.6,82,,
2026-05-20,IHL,,436,418.1,428.9,,,22388,9524109.9,165,,
2026-05-20,ILBS,,940,911,940,,,2196,2042662.7,39,,
2026-05-20,ILI,,440,433.1,439,,,4028,1759858.7,202,,
2026-05-20,JBLB,,1315,1298,1306.1,,,5803,7571795.4,118,,
2026-05-20,JFL,,417,408,411,,,4805,1972029.1,31,,
2026-05-20,JHAPA,,1575,1433.6,1529,,,16253,24348868.3,266,,
2026-05-20,JOSHI,,285,279,283.5,,,16516,4662253.2,101,,
2026-05-20,JSLBB,,1160,1100,1100,,,345,383577,16,,
2026-05-20,KBL,,219.9,215.5,219.6,,,245432,53375008,666,,
2026-05-20,KBSH,,1531.7,1500,1500,,,126,189100.8,4,,
2026-05-20,KDL,,830,810,824,,,1315,1084294.5,33,,
2026-05-20,KKHC,,264,255.2,260,,,69588,18050910.5,175,,
2026-05-20,KMCDB,,867,860.1,860.2,,,3970,3425755.8,67,,
2026-05-20,KPCL,,494,484.2,494,,,5145,2520185.6,55,,
2026-05-20,LEC,,230,222,229.6,,,118071,26780331.3,311,,
2026-05-20,LICN,,818,812.2,818,,,5485,4473478.3,48,,
2026-05-20,LLBS,,959,943,957,,,84,80042,5,,
2026-05-20,LSL,,226.7,222.4,226.7,,,167516,37653691.1,296,,
2026-05-20,MABEL,,720,670,716,,,43272,30432890.8,603,,
2026-05-20,MAKAR,,520,491.1,510,,,13385,6782401.2,103,,
2026-05-20,MANDU,,820,805,813.1,,,1410,1145797,32,,
2026-05-20,MATRI,,900,883.1,885,,,2927,2593254.6,31,,
2026-05-20,MBJC,,284.5,280.2,284.1,,,17620,4993136.1,216,,
2026-05-20,MBL,,254,247.1,254,,,70232,17676719.1,182,,
2026-05-20,MCHL,,321.3,305.1,321.3,,,10616,3342685,110,,
2026-05-20,MEHL,,384,370,384,,,3081,1177441.9,53,,
2026-05-20,MEL,,240.9,232,237.6,,,13228,3135020,148,,
2026-05-20,MEN,,614.9,607,612,,,34495,21056903.6,273,,
2026-05-20,MERO,,729.9,707.7,720,,,3352,2386389,55,,
2026-05-20,MFIL,,810,783,809.9,,,62095,49474460.7,215,,
2026-05-20,MHCL,,354,342.6,354,,,2936,1030956.5,62,,
2026-05-20,MHL,,501.9,491.6,501,,,4245,2102531.8,38,,
2026-05-20,MHNL,,292,260,292,,,27294,7384894.7,107,,
2026-05-20,MKCL,,1306,1251.1,1295,,,3726,4798857.1,57,,
2026-05-20,MKHC,,323,314.1,320,,,14381,4615049.7,110,,
2026-05-20,MKHL,,540,524.1,540,,,6702,3586968.5,117,,
2026-05-20,MKJC,,511,487.3,499,,,4047,1993429.6,48,,
2026-05-20,MLBBL,,1191,1190,1191,,,350,416520,5,,
2026-05-20,MLBS,,1280,1250,1277,,,166,210266,11,,
2026-05-20,MLBSL,,1775,1760,1775,,,846,1491482.3,33,,
2026-05-20,MMKJL,,504,489.2,503.3,,,3774,1889358.4,61,,
2026-05-20,MPFL,,624,608,619.8,,,17575,10806020.9,79,,
2026-05-20,MSHL,,690,663.6,676.4,,,598,404454,28,,
2026-05-20,MSLB,,1270,1218.2,1270,,,452,564490,40,,
2026-05-20,NABIL,,531,524,527.4,,,55468,29262212.4,404,,
2026-05-20,NADEP,,753,745,753,,,123,91937.5,8,,
2026-05-20,NBL,,269.8,264.6,269,,,63259,16867788.6,196,,
2026-05-20,NESDO,,1536,1510,1536,,,259,394758.6,13,,
2026-05-20,NFS,,575,555,565.2,,,7421,4207512.9,74,,
2026-05-20,NGPL,,449,442.2,447.1,,,89484,39956526.9,335,,
2026-05-20,NHDL,,639.5,631,639.4,,,5247,3346773.1,18,,
2026-05-20,NHPC,,289.9,265.4,289.9,,,348979,99463445.1,824,,
2026-05-20,NICA,,351.9,345,351,,,45856,16058815.5,173,,
2026-05-20,NICLBSL,,569.2,560,568.9,,,5046,2856714.5,84,,
2026-05-20,NIFRA,,266,261,265.9,,,38045,10051256.8,391,,
2026-05-20,NIMB,,199.7,196.6,198.5,,,58893,11659501.7,258,,
2026-05-20,NLIC,,767,759,767,,,16102,12281573.7,161,,
2026-05-20,NLICL,,591.9,583.2,588.2,,,6134,3603616.1,56,,
2026-05-20,NLO,,269.4,269.4,269.4,,,0,0,0,,
2026-05-20,NMB,,247.5,243.3,247.5,,,26197,6450115.4,134,,
2026-05-20,NMBMF,,642,636,636,,,1522,972756,16,,
2026-05-20,NMFBS,,1148.9,1131,1140.2,,,2520,2885190.1,44,,
2026-05-20,NMLBBL,,590,570.1,589.9,,,7531,4383323.7,75,,
2026-05-20,NRIC,,908.9,895,908.8,,,14304,12899696.5,172,,
2026-05-20,NRM,,375,363,374,,,24231,8975524.9,202,,
2026-05-20,NRN,,1370,1341.9,1370,,,33534,45477051.4,306,,
2026-05-20,NTC,,896,880,888,,,5542,4920257.5,144,,
2026-05-20,NUBL,,661,643.1,661,,,4812,3145293.7,47,,
2026-05-20,NWCL,,800,784,800,,,1530,1210876,44,,
2026-05-20,NYADI,,400,384.6,391,,,3706,1445373.8,65,,
2026-05-20,OHL,,700,690,693.3,,,177,122563.6,7,,
2026-05-20,OMPL,,1168,1120,1168,,,1858,2141219,109,,
2026-05-20,PCBL,,240.9,236.5,240.5,,,31319,7503673.4,128,,
2026-05-20,PCIL,,827,765,822,,,51497,42024294.3,2161,,
2026-05-20,PFL,,377.9,363.4,376.9,,,5886,2208915.1,55,,
2026-05-20,PHCL,,311,302,309.7,,,66869,20510730.8,223,,
2026-05-20,PMHPL,,342,333.2,340.5,,,13334,4526541.5,67,,
2026-05-20,PMLI,,463.5,455.1,463.5,,,5684,2620626.4,115,,
2026-05-20,PPCL,,382,365,379,,,4019,1514399.4,33,,
2026-05-20,PPL,,352,345,351.9,,,10357,3614653.5,115,,
2026-05-20,PROFL,,444.9,432,444.9,,,5629,2462642.5,48,,
2026-05-20,PRVU,,199.7,197.2,199,,,82419,16362356.4,300,,
2026-05-20,PURE,,997,960,997,,,16988,16692554.6,289,,
2026-05-20,RADHI,,770,752,769.9,,,28721,21941969.6,154,,
2026-05-20,RAWA,,590,570,589,,,1565,909159,44,,
2026-05-20,RFPL,,376.5,365,376,,,42695,15831587.6,138,,
2026-05-20,RHGCL,,295,282,295,,,31420,9143421.6,155,,
2026-05-20,RHPL,,282,275.6,278.6,,,24711,6901110.6,127,,
2026-05-20,RIDI,,355.9,340,354.1,,,320711,112625260.8,769,,
2026-05-20,RLEL,,1017,975,1010,,,10983,10984990,427,,
2026-05-20,RLFL,,438,426.2,436,,,7314,3170730.5,45,,
2026-05-20,RNLI,,470,458.1,465.2,,,12313,5702431.6,248,,
2026-05-20,RSDC,,668,629.5,666,,,3005,1995861.2,32,,
2026-05-20,RSML,,3730,3640,3700,,,21592,79800181.3,573,,
2026-05-20,RURU,,665,650,665,,,4511,2953739.6,54,,
2026-05-20,SAGAR,,1744.2,1655,1733,,,9539,16253694.6,207,,
2026-05-20,SAHAS,,664,650.1,664,,,93193,61338699.3,664,,
2026-05-20,SAIL,,1155,1125,1147,,,21500,24538186.1,408,,
2026-05-20,SANIMA,,367.9,363,366,,,78295,28624809,282,,
2026-05-20,SANVI,,730,695,727,,,49601,35636276.5,653,,
2026-05-20,SARBTM,,855,845,852,,,10234,8726525.8,62,,
2026-05-20,SBI,,400,397.1,399.9,,,58041,23107383.6,62,,
2026-05-20,SBL,,401.9,395,400.9,,,59963,23933223.6,260,,
2026-05-20,SCB,,655,637,653.5,,,24929,16071070.19,167,,
2026-05-20,SGHC,,369,358,367,,,9368,3431732.3,86,,
2026-05-20,SHEL,,317,308.5,317,,,57211,17976706.9,291,,
2026-05-20,SHIVM,,688,676,688,,,120687,82244663.8,559,,
2026-05-20,SHL,,505,496.3,505,,,18507,9294436.9,63,,
2026-05-20,SHLB,,1474,1455,1473,,,311,457075,10,,
2026-05-20,SHPC,,525,516,520.2,,,46313,24131856.8,139,,
2026-05-20,SIFC,,542,527.4,541,,,3760,2022680.7,37,,
2026-05-20,SIKLES,,605,584,594.4,,,4281,2541829.7,55,,
2026-05-20,SIPD,,815,750.4,815,,,22701,17994617.5,1121,,
2026-05-20,SJCL,,304,295.1,303.9,,,16671,5005252.5,135,,
2026-05-20,SJLIC,,440,425.2,440,,,23830,10279063.2,212,,
2026-05-20,SKBBL,,770,760,769,,,7405,5677417.8,80,,
2026-05-20,SKHEL,,1295.9,1225,1293,,,9580,12292379.5,271,,
2026-05-20,SKHL,,910,868.2,904,,,21677,19447809.7,530,,
2026-05-20,SLBBL,,826,816.1,820,,,4508,3695389.1,39,,
2026-05-20,SLBSL,,1209,1192,1209,,,203,242531,10,,
2026-05-20,SMATA,,768.9,760,765,,,3249,2483990.7,68,,
2026-05-20,SMB,,1782,1738,1752,,,1139,2010317.2,44,,
2026-05-20,SMFBS,,1525,1515,1515.2,,,175,264898,7,,
2026-05-20,SMH,,599.9,590,597.5,,,3879,2295705.8,62,,
2026-05-20,SMHL,,504,492.1,501.3,,,33445,16731751.3,210,,
2026-05-20,SMJC,,489,460.1,488.8,,,81007,38535544.3,334,,
2026-05-20,SMPDA,,842,830.2,842,,,1656,1383485.1,33,,
2026-05-20,SNLI,,450,440.1,449,,,12588,5638494.9,248,,
2026-05-20,SOHL,,699,636.5,691,,,106083,72808000.8,1881,,
2026-05-20,SONA,,453.4,441.1,452,,,35169,15802379.2,376,,
2026-05-20,SPC,,459,447,456,,,2815,1279005.1,37,,
2026-05-20,SPDL,,424.2,397,409.5,,,45612,18547154.6,158,,
2026-05-20,SPHL,,517.8,495,517,,,13431,6763893.6,95,,
2026-05-20,SPL,,720,698.6,706,,,14389,10099657,46,,
2026-05-20,SRLI,,392,387.1,391.9,,,11843,4623185.7,186,,
2026-05-20,SSHL,,217.8,210.5,217.2,,,166427,35794415.3,491,,
2026-05-20,STC,,5960,5900,5960,,,674,3986002,20,,
2026-05-20,SWASTIK,,2400,2351,2399.9,,,715,1699483,32,,
2026-05-20,SWBBL,,745,735,745,,,5331,3958495.7,58,,
2026-05-20,SWMF,,668,661,667,,,3113,2067161.1,33,,
2026-05-20,SYPNL,,1525,1467,1508,,,40099,60151593.3,687,,
2026-05-20,TAMOR,,455,444.1,455,,,55107,24868532.7,248,,
2026-05-20,TPC,,381,363.5,381,,,57770,21663508,289,,
2026-05-20,TRH,,770,764,770,,,689,529389,12,,
2026-05-20,TSHL,,570,522.4,549,,,6317,3406955.9,100,,
2026-05-20,TTL,,835,801.1,831,,,21272,17572104.7,514,,
2026-05-20,TVCL,,530.4,495.3,530.4,,,5022,2616835.5,80,,
2026-05-20,UHEWA,,585,568,585,,,6053,3496578.6,90,,
2026-05-20,ULBSL,,2939.9,2851,2912,,,365,1048988,7,,
2026-05-20,ULHC,,561.2,470.5,561.2,,,45460,22296684.5,198,,
2026-05-20,UMHL,,569,555,564,,,7829,4405017.7,50,,
2026-05-20,UMRH,,543,530.2,543,,,798,431279.6,23,,
2026-05-20,UNHPL,,437,410.5,435,,,102788,43727838.3,473,,
2026-05-20,UNL,,47000,46900,46900,,,40,1877000,4,,
2026-05-20,UNLB,,1486,1418.9,1425,,,717,1031016.2,24,,
2026-05-20,UPCL,,386.4,364,370.5,,,59273,21988500.7,199,,
2026-05-20,UPPER,,207.7,202,207,,,99306,20425498.6,419,,
2026-05-20,USHEC,,505.1,490,505.1,,,17122,8579512.5,143,,
2026-05-20,USHL,,644,604,630,,,3048,1903665.7,38,,
2026-05-20,USLB,,1249,1229,1244,,,1630,2022135,23,,
2026-05-20,VLBS,,690,670,683.2,,,1453,990183,91,,
2026-05-20,VLUCL,,519,477.2,502.5,,,9985,4951559.5,98,,
2026-05-21,ACLBSL,,968.9,947.3,947.3,,,863,820665.2,21,,
2026-05-21,ADBL,,314,310.3,313.5,,,12856,4014984.6,89,,
2026-05-21,AHL,,520,496,505.4,,,9481,4750531.7,91,,
2026-05-21,AHPC,,284.8,279.1,280,,,56067,15777611.4,157,,
2026-05-21,AKJCL,,387.3,365,375,,,480462,177257568.2,652,,
2026-05-21,AKPL,,274,258.4,270.4,,,67377,18247063,237,,
2026-05-21,ALBSL,,1122,1090,1107,,,2687,2948780,57,,
2026-05-21,ALICL,,455,451.2,454.7,,,6484,2938233.8,74,,
2026-05-21,ANLB,,6352.3,5835.1,5938,,,321,1897100.9,18,,
2026-05-21,API,,360,350,354.4,,,234332,82781160.9,687,,
2026-05-21,AVYAN,,1154,1130,1137.9,,,6507,7414792.4,73,,
2026-05-21,BANDIPUR,,876.4,849,860,,,106766,91968709.2,1514,,
2026-05-21,BARUN,,353.9,346,348,,,29335,10238251.3,131,,
2026-05-21,BBC,,4949,4765,4820,,,171,824471,17,,
2026-05-21,BEDC,,377,366.5,369.8,,,27693,10247575.3,178,,
2026-05-21,BFC,,465.5,455.2,457.9,,,5208,2379066,36,,
2026-05-21,BGWT,,663,642,650,,,723,469895.1,28,,
2026-05-21,BHCL,,558.9,531.8,532,,,35137,18890073.4,396,,
2026-05-21,BHDC,,473.8,462.2,463.5,,,3507,1627918.9,54,,
2026-05-21,BHL,,238,223,223,,,63819,14352961.1,301,,
2026-05-21,BHPL,,561.7,522,529.7,,,5744,3053931.5,43,,
2026-05-21,BJHL,,956,921.2,925,,,6597,6162648.4,195,,
2026-05-21,BNHC,,334.9,328.1,328.4,,,2605,863240.5,29,,
2026-05-21,BNL,,14387.1,14387.1,14387.1,,,10,143871,1,,
2026-05-21,BNT,,11949,11590.6,11590.6,,,20,235396,2,,
2026-05-21,BPCL,,740.2,690.1,701.8,,,78436,54916458.5,191,,
2026-05-21,BUNGAL,,746,661,746,,,197708,135920486.3,1610,,
2026-05-21,CBBL,,924,915,915,,,10162,9317606.3,148,,
2026-05-21,CFCL,,526.9,496,499.8,,,2938,1463900.9,31,,
2026-05-21,CGH,,808,796,803.8,,,9109,7289720.3,70,,
2026-05-21,CHCL,,482,476,479,,,15354,7352798.8,126,,
2026-05-21,CHDC,,2299.9,2260,2265,,,7597,17300149.3,117,,
2026-05-21,CHL,,295,288.2,288.2,,,20581,6011210.3,90,,
2026-05-21,CIT,,1774,1755,1766.5,,,2105,3714556.2,75,,
2026-05-21,CITY,,409.1,366,374.9,,,157877,59086867.7,731,,
2026-05-21,CKHL,,669.5,655,669.5,,,2125,1408460,21,,
2026-05-21,CLI,,456,452.2,454,,,3535,1604542.2,139,,
2026-05-21,CREST,,1179,1140,1148,,,5660,6499678.7,100,,
2026-05-21,CYCL,,1514.9,1451,1487,,,482,709234.9,26,,
2026-05-21,CZBIL,,211.9,195.2,204,,,15250,3125009.3,116,,
2026-05-21,DDBL,,860,846,858,,,3103,2637299.3,34,,
2026-05-21,DHEL,,648.9,623,630,,,23497,14794247.4,324,,
2026-05-21,DHPL,,303.5,295,300,,,5027,1490918.9,32,,
2026-05-21,DLBS,,1280,1265.5,1280,,,254,321764.5,17,,
2026-05-21,DOLTI,,361,331,349,,,37679,13262115.5,260,,
2026-05-21,DORDI,,278,274.2,275,,,21640,5960761.1,109,,
2026-05-21,EBL,,713,706,709.8,,,22369,15838674.1,162,,
2026-05-21,EHPL,,397.7,375,386.1,,,10542,4109319.4,105,,
2026-05-21,ENL,,939,885,899,,,400,356847,13,,
2026-05-21,FMDBL,,807,779.9,792,,,150059,117549338.8,363,,
2026-05-21,FOWAD,,1069.9,1046,1046,,,2516,2637842.8,40,,
2026-05-21,GBIME,,240.8,235,235.2,,,51944,12252504.1,263,,
2026-05-21,GBLBS,,791,767.5,770.9,,,2501,1924387,43,,
2026-05-21,GCIL,,425,415.1,416.1,,,7057,2953693.1,110,,
2026-05-21,GFCL,,644.5,627,628,,,3111,1954966.5,39,,
2026-05-21,GHL,,243.5,236,237,,,34948,8334900.6,128,,
2026-05-21,GILB,,1125,1096,1125,,,680,752440,20,,
2026-05-21,GLBSL,,1791,1761.6,1791,,,65,115340.5,10,,
2026-05-21,GLH,,273.7,268,269,,,11581,3123333.4,90,,
2026-05-21,GMFBS,,1319.9,1272,1299,,,1793,2296444,30,,
2026-05-21,GMFIL,,469,460,468,,,3022,1406329,28,,
2026-05-21,GMLI,,1280,1260,1274,,,698,883249,42,,
2026-05-21,GUFL,,540,525.4,530,,,3858,2040781.3,36,,
2026-05-21,GVL,,496,488,490,,,8346,4088918.8,116,,
2026-05-21,HATHY,,814,795,799.9,,,3795,3049001.7,81,,
2026-05-21,HBL,,204.8,202.1,204.8,,,27662,5625362.3,574,,
2026-05-21,HDHPC,,239.4,224.2,227.7,,,265663,60420527.8,738,,
2026-05-21,HDL,,1171,1160,1161,,,21877,25432913.5,286,,
2026-05-21,HFIN,,989,955,960,,,49850,48256106.5,1015,,
2026-05-21,HHL,,372.4,366,369.4,,,21519,7927101.8,93,,
2026-05-21,HIDCL,,274,268.6,269.7,,,45794,12354620.3,217,,
2026-05-21,HIMSTAR,,900,873,880,,,3076,2725597.8,74,,
2026-05-21,HLBSL,,894,880,880,,,1115,983551.9,19,,
2026-05-21,HLI,,342.5,336.5,337,,,22149,7496025.4,206,,
2026-05-21,HPPL,,381.9,377.2,377.9,,,26175,9922485.5,120,,
2026-05-21,HRL,,660,631.09,640,,,45270,29053735.9,546,,
2026-05-21,HURJA,,258.9,254.6,257.4,,,65868,16931237.2,188,,
2026-05-21,ICFC,,635,624.5,631.4,,,6384,4002688.6,32,,
2026-05-21,IHL,,440.9,415,420,,,27695,11680727.8,191,,
2026-05-21,ILBS,,945,922,938.9,,,555,518582,21,,
2026-05-21,ILI,,440,435.6,440,,,6328,2765209.1,155,,
2026-05-21,JBLB,,1309,1302,1302,,,3818,4979728.3,107,,
2026-05-21,JFL,,414.9,408,408,,,2650,1088577,17,,
2026-05-21,JHAPA,,1550,1390,1405,,,52638,75875579.3,581,,
2026-05-21,JOSHI,,287,282,283.5,,,17668,5008596,72,,
2026-05-21,JSLBB,,1100,1073.1,1075.1,,,265,286329.2,10,,
2026-05-21,KBL,,220.7,214.9,216.7,,,516129,111481703.6,980,,
2026-05-21,KBSH,,1545,1490.1,1490.1,,,764,1164159,18,,
2026-05-21,KDL,,840,820,833,,,1855,1531890.8,48,,
2026-05-21,KKHC,,264.8,257.2,258,,,24475,6362999.6,132,,
2026-05-21,KMCDB,,869.5,855.5,866,,,879,752899.7,17,,
2026-05-21,KPCL,,499,490,490.5,,,5138,2529609.9,42,,
2026-05-21,LEC,,241,226,227,,,77702,17683166.1,254,,
2026-05-21,LICN,,825,807,818.9,,,35864,29062151.2,72,,
2026-05-21,LLBS,,969,940,964,,,70,67310,6,,
2026-05-21,LSL,,226.5,222.5,223,,,44094,9862076.6,120,,
2026-05-21,MABEL,,728,691.8,695,,,30759,21590851.3,293,,
2026-05-21,MAKAR,,515,496,500,,,5325,2674405,55,,
2026-05-21,MANDU,,815,803,815,,,800,646442.5,21,,
2026-05-21,MATRI,,901,878,890,,,714,630640,16,,
2026-05-21,MBJC,,284.1,281.2,284,,,18066,5109492.8,160,,
2026-05-21,MBL,,253.6,250,251,,,61771,15529283.2,141,,
2026-05-21,MCHL,,325.8,312.3,319.4,,,13346,4270424.4,92,,
2026-05-21,MEHL,,398,377,379,,,3705,1422153.6,55,,
2026-05-21,MEL,,239,235,235.5,,,8302,1968638.3,86,,
2026-05-21,MEN,,613,605,606,,,26642,16196576.3,214,,
2026-05-21,MERO,,756,711.5,712,,,3225,2307843.5,36,,
2026-05-21,MFIL,,820,780.1,805,,,105917,83837374.5,282,,
2026-05-21,MHCL,,360.4,343.7,353,,,9226,3291237.2,58,,
2026-05-21,MHL,,498,493.2,498,,,1665,824013,30,,
2026-05-21,MHNL,,290,268.5,270.4,,,29335,8006635.9,145,,
2026-05-21,MKCL,,1300,1277,1277,,,763,979623.2,37,,
2026-05-21,MKHC,,321,317,319.5,,,10533,3353094.5,59,,
2026-05-21,MKHL,,556.2,533,542.9,,,3982,2151119.9,70,,
2026-05-21,MKJC,,501.6,492.8,500.5,,,4178,2074205.3,47,,
2026-05-21,MLBBL,,1200,1180,1180,,,824,977298,22,,
2026-05-21,MLBS,,1277,1251,1266,,,100,125630,7,,
2026-05-21,MLBSL,,1825,1760,1825,,,253,452698.5,14,,
2026-05-21,MMKJL,,516,490.1,504,,,1512,747037.6,39,,
2026-05-21,MPFL,,625,608.1,613,,,9396,5778752.2,70,,
2026-05-21,MSHL,,696.5,684,690,,,1396,959897.6,40,,
2026-05-21,MSLB,,1243,1212.1,1238,,,776,952526,33,,
2026-05-21,NABIL,,530,526.2,527.9,,,27246,14377698.1,363,,
2026-05-21,NADEP,,750,732,747,,,478,352611.9,15,,
2026-05-21,NBL,,271,255.6,267.8,,,37898,10147977.2,122,,
2026-05-21,NESDO,,1524.9,1507,1524.9,,,133,201747.1,8,,
2026-05-21,NFS,,576.6,560,567.9,,,3053,1731087.3,41,,
2026-05-21,NGPL,,450,444,447,,,78739,35151585.4,314,,
2026-05-21,NHDL,,639,620.3,638.9,,,2190,1376023.8,23,,
2026-05-21,NHPC,,303,283,288.5,,,245588,70711637.7,641,,
2026-05-21,NICA,,357.9,350,351.5,,,16453,5774012.7,146,,
2026-05-21,NICLBSL,,569.9,564,564.3,,,3697,2089415.5,74,,
2026-05-21,NIFRA,,270,265,265.5,,,42696,11371268.5,348,,
2026-05-21,NIMB,,200.5,192.5,195.5,,,387677,75673166.4,998,,
2026-05-21,NLIC,,805.3,761.5,769,,,10975,8402836.6,129,,
2026-05-21,NLICL,,599.4,583,589.8,,,3707,2166499.6,43,,
2026-05-21,NLO,,269.4,269.4,269.4,,,0,0,0,,
2026-05-21,NMB,,247.5,244,246,,,12988,3182968.6,88,,
2026-05-21,NMBMF,,645,628,628,,,1641,1044557.7,19,,
2026-05-21,NMFBS,,1144,1132.3,1144,,,2391,2715884.1,37,,
2026-05-21,NMLBBL,,588.8,580,584,,,4339,2528239.2,50,,
2026-05-21,NRIC,,954.2,905.2,911.9,,,9806,8940737.9,147,,
2026-05-21,NRM,,374,364,364.5,,,15395,5660024.8,138,,
2026-05-21,NRN,,1392.9,1350,1375,,,98793,133985406.1,295,,
2026-05-21,NTC,,897,885.8,888,,,5112,4540539.4,129,,
2026-05-21,NUBL,,657,650,650.3,,,3046,1982835,39,,
2026-05-21,NWCL,,804.9,787,787,,,1207,956350.5,50,,
2026-05-21,NYADI,,388.1,382.8,383,,,6059,2334016.3,58,,
2026-05-21,OHL,,700,691,700,,,1249,868421,16,,
2026-05-21,OMPL,,1171,1156,1160,,,2207,2568414,68,,
2026-05-21,PCBL,,241.9,238.3,239,,,18507,4431032.2,105,,
2026-05-21,PCIL,,835.9,810,812,,,34235,28028318.1,1423,,
2026-05-21,PFL,,382,370,375,,,1586,590333.7,25,,
2026-05-21,PHCL,,311.8,306.2,309,,,26152,8047628.3,137,,
2026-05-21,PMHPL,,345,336,341,,,5536,1887905,47,,
2026-05-21,PMLI,,466,460,466,,,3910,1805263.4,87,,
2026-05-21,PPCL,,397.9,375.1,379.7,,,13450,5137066,32,,
2026-05-21,PPL,,355,347.1,349,,,24923,8708762.4,97,,
2026-05-21,PROFL,,448,435,440,,,830,363577,21,,
2026-05-21,PRVU,,200,194.5,196.5,,,197820,38892314.6,507,,
2026-05-21,PURE,,1000,963,969,,,9155,8952303.3,165,,
2026-05-21,RADHI,,775,763,773,,,37613,28951383.9,169,,
2026-05-21,RAWA,,590,578,578,,,645,373990,9,,
2026-05-21,RFPL,,380,370.6,372,,,15259,5700303.1,115,,
2026-05-21,RHGCL,,299,288.5,289,,,12586,3655724.4,78,,
2026-05-21,RHPL,,282,276.6,279,,,15679,4379568,121,,
2026-05-21,RIDI,,370,337,357,,,424901,150739881.4,723,,
2026-05-21,RLEL,,1025,979.4,999,,,20255,20228265.8,406,,
2026-05-21,RLFL,,439.9,430.3,437.9,,,4240,1836891,39,,
2026-05-21,RNLI,,465.4,462.1,462.5,,,14028,6511593.5,162,,
2026-05-21,RSDC,,685,659,664,,,3717,2458846.5,37,,
2026-05-21,RSML,,3744.9,3675,3715,,,11962,44365328.2,388,,
2026-05-21,RURU,,665,650.1,660,,,7943,5202322.6,57,,
2026-05-21,SAGAR,,1760,1664,1675,,,9578,16296057.1,220,,
2026-05-21,SAHAS,,670,655,659,,,89390,59010998.9,585,,
2026-05-21,SAIL,,1157,1119.4,1122.3,,,17594,19935977.4,307,,
2026-05-21,SANIMA,,367,362,362.2,,,74972,27221021,230,,
2026-05-21,SANVI,,730,705,705.9,,,21417,15338500.2,312,,
2026-05-21,SARBTM,,860,850,853,,,5066,4316224.8,74,,
2026-05-21,SBI,,407,389.9,398.5,,,283308,110854655.2,306,,
2026-05-21,SBL,,402.8,396,396,,,83528,33224127.9,158,,
2026-05-21,SCB,,659.9,642,650,,,4495,2929701.5,75,,
2026-05-21,SGHC,,373,365,367,,,12288,4508515.4,98,,
2026-05-21,SHEL,,322.8,313.1,314,,,54084,17043872,227,,
2026-05-21,SHIVM,,708,680.4,680.4,,,100079,68545562.7,582,,
2026-05-21,SHL,,509.9,497.5,499,,,14641,7313258,55,,
2026-05-21,SHLB,,1484,1441.6,1484,,,95,139153,7,,
2026-05-21,SHPC,,525,515,521,,,61240,31782589.7,123,,
2026-05-21,SIFC,,544.6,526.1,538,,,4434,2380222.2,36,,
2026-05-21,SIKLES,,600,590.2,592,,,6307,3748077.1,60,,
2026-05-21,SIPD,,824,790.2,799,,,15845,12742556.3,736,,
2026-05-21,SJCL,,309,297,305.5,,,20201,6123864.7,106,,
2026-05-21,SJLIC,,435,432.1,433,,,3934,1704006.5,87,,
2026-05-21,SKBBL,,772,764,765,,,4675,3580965.3,91,,
2026-05-21,SKHEL,,1300,1253.2,1254,,,7593,9628963.9,155,,
2026-05-21,SKHL,,914.5,882,890,,,25440,22914185.2,473,,
2026-05-21,SLBBL,,823,815,817.2,,,4343,3552117.5,47,,
2026-05-21,SLBSL,,1208,1185,1186,,,142,168308,4,,
2026-05-21,SMATA,,773.7,765,768,,,997,766569.3,34,,
2026-05-21,SMB,,1757,1737.1,1737.1,,,842,1475638,21,,
2026-05-21,SMFBS,,1570,1520,1570,,,78,119926.4,7,,
2026-05-21,SMH,,604,586,588.4,,,2403,1413623.5,38,,
2026-05-21,SMHL,,503,494.4,495,,,60239,29915687.9,212,,
2026-05-21,SMJC,,491,464.4,485,,,63602,30414661.6,216,,
2026-05-21,SMPDA,,840,830.2,837.7,,,553,462112.1,16,,
2026-05-21,SNLI,,453,448,449.8,,,6974,3128535.8,171,,
2026-05-21,SOHL,,698,680.1,685,,,76299,52415746.1,1263,,
2026-05-21,SONA,,458.9,446,450,,,46158,20782729.6,239,,
2026-05-21,SPC,,462.5,454.1,457.2,,,1357,621139.6,16,,
2026-05-21,SPDL,,429.9,400,407.6,,,109479,44507554.6,204,,
2026-05-21,SPHL,,568,492,515,,,4477,2301896.1,35,,
2026-05-21,SPL,,708,690.1,708,,,1844,1279391,31,,
2026-05-21,SRLI,,392,389.5,391,,,8655,3381377.9,132,,
2026-05-21,SSHL,,219.9,215,216.4,,,101422,22008013.8,347,,
2026-05-21,STC,,5960,5881.6,5960,,,1122,6623826.3,38,,
2026-05-21,SWASTIK,,2401,2355.1,2362.3,,,320,759957,17,,
2026-05-21,SWBBL,,749,730.1,745.9,,,3461,2547963.2,41,,
2026-05-21,SWMF,,665,660,665,,,782,516283,9,,
2026-05-21,SYPNL,,1533,1475,1485,,,41564,62105358,625,,
2026-05-21,TAMOR,,456.8,448.1,449,,,47693,21513242.9,185,,
2026-05-21,TPC,,385,375,377,,,50223,19002343.7,246,,
2026-05-21,TRH,,780,752,752.6,,,442,335393.3,11,,
2026-05-21,TSHL,,578,540,556,,,4289,2376628.5,62,,
2026-05-21,TTL,,845,817,819,,,21446,17724065.9,350,,
2026-05-21,TVCL,,532,510.5,515,,,5285,2758714,42,,
2026-05-21,UHEWA,,584,570,576.2,,,3573,2061038.1,48,,
2026-05-21,ULBSL,,3113,2811,2919,,,954,2721078.6,30,,
2026-05-21,ULHC,,533.2,477.1,477.3,,,111399,53640146.6,653,,
2026-05-21,UMHL,,592.2,564.1,566,,,47060,27136686.8,156,,
2026-05-21,UMRH,,543,534.6,541.9,,,3215,1734022.3,32,,
2026-05-21,UNHPL,,456.7,427.1,429,,,34963,15033690.9,209,,
2026-05-21,UNL,,46900,46900,46900,,,0,0,0,,
2026-05-21,UNLB,,1425,1393,1425,,,995,1390952,26,,
2026-05-21,UPCL,,389,368,368.7,,,35339,13085689.4,146,,
2026-05-21,UPPER,,208,204,204.5,,,95933,19694651.9,405,,
2026-05-21,USHEC,,505,497.1,503,,,10344,5194247.5,83,,
2026-05-21,USHL,,633.5,617,633.5,,,1201,748440,30,,
2026-05-21,USLB,,1249,1231,1248,,,470,583191.3,16,,
2026-05-21,VLBS,,689,680,683,,,1770,1208107,96,,
2026-05-21,VLUCL,,510,491.2,501.5,,,1900,943552,50,,
2026-05-22,ACLBSL,,975.7,929,949,,,1325,1256202,26,,
2026-05-22,ADBL,,314.9,310,313,,,11713,3650688,94,,
2026-05-22,AHL,,524,492,515,,,8464,4294215,93,,
2026-05-22,AHPC,,284,279,284,,,85453,24114767.5,263,,
2026-05-22,AKJCL,,402,370,402,,,1123916,439586175.6,1917,,
2026-05-22,AKPL,,274.9,270,274.5,,,80891,22109509.3,294,,
2026-05-22,ALBSL,,1162.3,1085,1115,,,3745,4119929.8,82,,
2026-05-22,ALICL,,459.9,449,452.3,,,33390,15057992.2,82,,
2026-05-22,ANLB,,5946,5844,5901,,,168,988298,13,,
2026-05-22,API,,358,351,357.2,,,450813,160158689.6,831,,
2026-05-22,AVYAN,,1194,1124,1139,,,4301,4909354,82,,
2026-05-22,BANDIPUR,,889,853,875.9,,,93868,82005831.2,1234,,
2026-05-22,BARUN,,352,345.3,351.1,,,31059,10886597.9,150,,
2026-05-22,BBC,,4833,4750.2,4800,,,135,646260,13,,
2026-05-22,BEDC,,377.3,366.9,376.9,,,42044,15725238.1,254,,
2026-05-22,BFC,,461,454.1,458,,,2998,1372731,30,,
2026-05-22,BGWT,,663,651,661,,,752,496075.2,20,,
2026-05-22,BHCL,,572,528,566,,,106297,59534270.1,1035,,
2026-05-22,BHDC,,466.5,457,463.6,,,9123,4238474.2,62,,
2026-05-22,BHL,,234.1,220,226,,,110169,24734812.8,384,,
2026-05-22,BHPL,,556,522.3,529.8,,,3080,1627104.5,39,,
2026-05-22,BJHL,,974.9,912.5,953,,,24258,23051471.6,472,,
2026-05-22,BNHC,,333.4,325,333.1,,,5585,1849207.4,59,,
2026-05-22,BNL,,14387.1,14387.1,14387.1,,,0,0,0,,
2026-05-22,BNT,,11590.6,11590.6,11590.6,,,0,0,0,,
2026-05-22,BPCL,,705,695.1,699,,,44960,31479072.6,139,,
2026-05-22,BUNGAL,,814,680,814,,,145025,104640151.3,1530,,
2026-05-22,CBBL,,918,910,917,,,6793,6218777.4,123,,
2026-05-22,CFCL,,505,490,503,,,4733,2367386.3,48,,
2026-05-22,CGH,,814.7,792.3,803.8,,,21812,17416075.3,158,,
2026-05-22,CHCL,,482,477.6,482,,,9620,4631220.3,107,,
2026-05-22,CHDC,,2300,2152,2300,,,12202,27665004.4,110,,
2026-05-22,CHL,,298.6,283,297,,,19829,5818623.1,109,,
2026-05-22,CIT,,1774.9,1760,1767,,,3571,6308482.1,114,,
2026-05-22,CITY,,375.8,368,371,,,93344,34628248.1,561,,
2026-05-22,CKHL,,673.9,651,673.9,,,933,624496,33,,
2026-05-22,CLI,,455,451.2,452,,,9306,4211061.2,150,,
2026-05-22,CREST,,1318,1120,1318,,,10839,12467818.9,190,,
2026-05-22,CYCL,,1492,1465,1470.1,,,367,543471,18,,
2026-05-22,CZBIL,,207.5,195.2,207.5,,,27734,5706895,139,,
2026-05-22,DDBL,,900,850,853,,,6459,5569200.2,69,,
2026-05-22,DHEL,,670,624.3,668.1,,,110947,73057813,1151,,
2026-05-22,DHPL,,303,296.1,302,,,3223,970329,24,,
2026-05-22,DLBS,,1310,1257,1275,,,201,255362,10,,
2026-05-22,DOLTI,,359,347,358.9,,,44955,15905193,227,,
2026-05-22,DORDI,,277.6,272.1,277.5,,,22104,6102314.1,144,,
2026-05-22,EBL,,712,705,710,,,13673,9713470.6,131,,
2026-05-22,EHPL,,394.8,383,394.5,,,37314,14506848.5,115,,
2026-05-22,ENL,,914,887,898,,,370,329183,15,,
2026-05-22,FMDBL,,794,780,787.3,,,32393,25405252.2,257,,
2026-05-22,FOWAD,,1058,1036.1,1044,,,2742,2863191.7,63,,
2026-05-22,GBIME,,237.6,234.3,236.8,,,36102,8518762.8,226,,
2026-05-22,GBLBS,,780.5,768,775.9,,,3314,2557906.1,49,,
2026-05-22,GCIL,,424,412.1,424,,,9640,4030843.6,166,,
2026-05-22,GFCL,,635,620.1,635,,,6415,4038603.9,54,,
2026-05-22,GHL,,244,235,242,,,74488,17840424.6,188,,
2026-05-22,GILB,,1142.9,1093,1130,,,1144,1262842,37,,
2026-05-22,GLBSL,,1809,1791,1809,,,163,293884.3,11,,
2026-05-22,GLH,,274,267.1,274,,,26681,7243178.2,136,,
2026-05-22,GMFBS,,1363.9,1281,1286,,,1020,1313425,14,,
2026-05-22,GMFIL,,474.7,464,469.9,,,8715,4075486.5,43,,
2026-05-22,GMLI,,1283,1260,1269.9,,,537,681720.1,35,,
2026-05-22,GUFL,,535,527.1,535,,,3405,1805194.8,29,,
2026-05-22,GVL,,492,486,491.9,,,17182,8416045.9,109,,
2026-05-22,HATHY,,808,795,799,,,3567,2846614.4,62,,
2026-05-22,HBL,,206,200,203,,,68976,13914017.7,685,,
2026-05-22,HDHPC,,239,222,230.7,,,288421,66330929.5,655,,
2026-05-22,HDL,,1180,1160,1167.9,,,25296,29499257,280,,
2026-05-22,HFIN,,1002,957.1,1000,,,86018,84643211.3,1770,,
2026-05-22,HHL,,378,360,378,,,68486,25316822.6,229,,
2026-05-22,HIDCL,,272,268.3,271.5,,,49025,13241684.7,246,,
2026-05-22,HIMSTAR,,924,875,918,,,17233,15695105.7,288,,
2026-05-22,HLBSL,,898,877.2,898,,,396,348375.5,14,,
2026-05-22,HLI,,339.9,337.4,339.8,,,32647,11066686.5,219,,
2026-05-22,HPPL,,381.5,373.1,381,,,29364,11157064.9,157,,
2026-05-22,HRL,,645,630,641.4,,,50050,31981516,546,,
2026-05-22,HURJA,,263,254.6,263,,,57523,14945335.1,196,,
2026-05-22,ICFC,,637.9,622,631,,,3634,2269181.9,36,,
2026-05-22,IHL,,445,415,442,,,56504,24604099.6,373,,
2026-05-22,ILBS,,940,921,939.9,,,4645,4297933.8,26,,
2026-05-22,ILI,,440,434,439.9,,,6297,2754160.1,140,,
2026-05-22,JBLB,,1305,1296,1302,,,5332,6931953.4,106,,
2026-05-22,JFL,,417.4,405.1,408,,,4809,1960986.9,46,,
2026-05-22,JHAPA,,1500,1334.8,1499,,,15717,22983476,260,,
2026-05-22,JOSHI,,287,280.6,284.5,,,14267,4033619.1,82,,
2026-05-22,JSLBB,,1089.1,1089.1,1089.1,,,10,10891,1,,
2026-05-22,KBL,,222,215.5,218.7,,,119765,26059935.9,429,,
2026-05-22,KBSH,,1500,1500,1500,,,20,30000,1,,
2026-05-22,KDL,,833,821,826.8,,,1411,1168755.8,46,,
2026-05-22,KKHC,,296.7,255,266.1,,,133144,35429933.5,403,,
2026-05-22,KMCDB,,860,840.5,860,,,4603,3918138.9,46,,
2026-05-22,KPCL,,496,491,493.5,,,5043,2488294.9,46,,
2026-05-22,LEC,,238.3,225.5,233,,,94653,21791264.3,302,,
2026-05-22,LICN,,815,809.1,813,,,1517,1230644.2,27,,
2026-05-22,LLBS,,962,950,958,,,126,120362,7,,
2026-05-22,LSL,,226.3,222,225.9,,,120134,26938607.4,234,,
2026-05-22,MABEL,,780,665,760,,,95959,72250308,1299,,
2026-05-22,MAKAR,,510,497.2,509.7,,,20777,10459122,91,,
2026-05-22,MANDU,,820,806.5,818.9,,,3877,3175059.3,36,,
2026-05-22,MATRI,,895,878,895,,,161,143288.1,7,,
2026-05-22,MBJC,,286.7,281.4,286,,,9701,2755594.7,169,,
2026-05-22,MBL,,253,248.1,252.9,,,87023,21830314.5,125,,
2026-05-22,MCHL,,324,312.1,322.9,,,4705,1508148.6,67,,
2026-05-22,MEHL,,386.5,370,380,,,5750,2195569,74,,
2026-05-22,MEL,,239.9,230,238.1,,,8568,2038317.5,127,,
2026-05-22,MEN,,609,599,604,,,57485,34658953.9,423,,
2026-05-22,MERO,,721.7,712,718,,,4227,3031526.1,47,,
2026-05-22,MFIL,,805,789,802,,,80771,64762196,106,,
2026-05-22,MHCL,,370,335.4,368.9,,,15688,5738832.4,149,,
2026-05-22,MHL,,501.9,492,500,,,6671,3326326,55,,
2026-05-22,MHNL,,274.9,257,270,,,17707,4740168,86,,
2026-05-22,MKCL,,1299,1275,1288,,,1296,1655678.4,23,,
2026-05-22,MKHC,,325,317,320,,,23983,7690044.9,115,,
2026-05-22,MKHL,,549.9,538,545,,,3035,1647541.5,48,,
2026-05-22,MKJC,,500,490,490,,,14216,7023214.7,85,,
2026-05-22,MLBBL,,1199.8,1172,1198,,,862,1028164.8,16,,
2026-05-22,MLBS,,1279,1245,1279,,,70,87590,5,,
2026-05-22,MLBSL,,1823.7,1780,1800,,,210,377126.5,10,,
2026-05-22,MMKJL,,505,493,501,,,1624,805610.4,37,,
2026-05-22,MPFL,,619.5,596,619.5,,,10390,6390827.3,62,,
2026-05-22,MSHL,,695,680,695,,,1323,901287,23,,
2026-05-22,MSLB,,1258,1203,1240,,,459,562312,27,,
2026-05-22,NABIL,,530.8,527.9,530,,,42686,22593352,380,,
2026-05-22,NADEP,,745,732,745,,,344,253642.8,11,,
2026-05-22,NBL,,268,264.3,265.3,,,74947,19942891.5,223,,
2026-05-22,NESDO,,1524,1505,1524,,,703,1069705.1,20,,
2026-05-22,NFS,,570,561.2,570,,,8253,4665344.8,74,,
2026-05-22,NGPL,,451.9,441,451.5,,,136672,61359939.3,439,,
2026-05-22,NHDL,,638,620.1,636.9,,,3887,2459243.9,26,,
2026-05-22,NHPC,,297.6,286,295,,,550729,161615682.9,1286,,
2026-05-22,NICA,,353,346,352.5,,,58510,20421605.7,274,,
2026-05-22,NICLBSL,,574.9,564.1,574,,,2938,1674575.2,53,,
2026-05-22,NIFRA,,269,264,266.8,,,62918,16759305,337,,
2026-05-22,NIMB,,198,194,198,,,92849,18292361.4,356,,
2026-05-22,NLIC,,779.9,765,769.8,,,16979,13060279.8,134,,
2026-05-22,NLICL,,596,585,591,,,3932,2320677,41,,
2026-05-22,NLO,,269.4,269.4,269.4,,,0,0,0,,
2026-05-22,NMB,,251.9,244.1,248.6,,,46126,11474861.8,164,,
2026-05-22,NMBMF,,640,630,632,,,1357,859134.7,15,,
2026-05-22,NMFBS,,1146,1124,1140,,,5602,6388218.6,56,,
2026-05-22,NMLBBL,,588.2,573,588,,,2725,1591589.1,40,,
2026-05-22,NRIC,,915,902.5,908.1,,,13007,11813748.6,159,,
2026-05-22,NRM,,367,346.3,364.1,,,22557,8213156.7,162,,
2026-05-22,NRN,,1430,1361,1399,,,40875,57010824.8,336,,
2026-05-22,NTC,,892,889,890.4,,,6127,5457118.8,131,,
2026-05-22,NUBL,,660,645,660,,,3011,1965320.5,46,,
2026-05-22,NWCL,,804,785.1,804,,,1685,1348016.3,51,,
2026-05-22,NYADI,,395,383,391.1,,,4567,1788274.6,66,,
2026-05-22,OHL,,708,692,692.4,,,748,523137.3,15,,
2026-05-22,OMPL,,1193.7,1147,1180,,,3152,3711697,119,,
2026-05-22,PCBL,,240.5,237.5,240.5,,,23859,5699719.5,169,,
2026-05-22,PCIL,,833,772,827,,,61577,50631646.7,1969,,
2026-05-22,PFL,,375,367,375,,,3621,1350977.4,44,,
2026-05-22,PHCL,,324,306.1,309.2,,,45654,14155187.8,195,,
2026-05-22,PMHPL,,343.9,336.1,342,,,5800,1977933.5,54,,
2026-05-22,PMLI,,470,460.1,470,,,1633,758996.1,73,,
2026-05-22,PPCL,,382,373,380,,,4389,1662188,40,,
2026-05-22,PPL,,355,346.6,354,,,19932,7004984.3,137,,
2026-05-22,PROFL,,447,435,444,,,3166,1402694.5,35,,
2026-05-22,PRVU,,198,196.5,198,,,51044,10066525.2,279,,
2026-05-22,PURE,,1005,960,985,,,25485,25226444.5,273,,
2026-05-22,RADHI,,785,767.3,783,,,41060,31952756.6,202,,
2026-05-22,RAWA,,584,560.8,584,,,709,405871,23,,
2026-05-22,RFPL,,378,360,376.2,,,13227,4948596.3,116,,
2026-05-22,RHGCL,,298,288.2,298,,,30961,9096546.3,156,,
2026-05-22,RHPL,,280,276.1,279,,,10469,2906906.1,105,,
2026-05-22,RIDI,,370.2,354,366.7,,,672478,245455154.7,1418,,
2026-05-22,RLEL,,1027,975,1026.9,,,12636,12777060.4,446,,
2026-05-22,RLFL,,439.8,430,438.9,,,2688,1171347.5,31,,
2026-05-22,RNLI,,465.8,461.2,465,,,9340,4320179.4,201,,
2026-05-22,RSDC,,668,657,667.8,,,6967,4597590.6,27,,
2026-05-22,RSML,,3740,3683,3730,,,26240,97533633.6,522,,
2026-05-22,RURU,,663,651.1,660,,,4800,3169650.6,41,,
2026-05-22,SAGAR,,1720,1670,1717,,,11593,19791249.5,241,,
2026-05-22,SAHAS,,665,651,664,,,149406,98936424.2,563,,
2026-05-22,SAIL,,1155.8,1120.1,1148,,,27119,30947361.8,430,,
2026-05-22,SANIMA,,365.5,360.1,365.5,,,52060,18973518.6,184,,
2026-05-22,SANVI,,744,670.7,739,,,75508,55516707.2,729,,
2026-05-22,SARBTM,,859.9,850,855,,,5362,4578378.4,49,,
2026-05-22,SBI,,405,393,405,,,47425,18857815.4,80,,
2026-05-22,SBL,,400.9,396,400.9,,,64525,25727970.8,172,,
2026-05-22,SCB,,660,648,653.2,,,5706,3728652.5,78,,
2026-05-22,SGHC,,380,362.7,380,,,19851,7406367,153,,
2026-05-22,SHEL,,319.5,313,318,,,53183,16841022.7,262,,
2026-05-22,SHIVM,,688,677.6,686.9,,,108932,74393542.5,482,,
2026-05-22,SHL,,504,497,500.1,,,10068,5032016.2,49,,
2026-05-22,SHLB,,1470,1445,1470,,,195,285470,8,,
2026-05-22,SHPC,,528,517,521.7,,,31310,16275288.4,140,,
2026-05-22,SIFC,,542.5,530,541,,,5350,2852809.9,62,,
2026-05-22,SIKLES,,600,587.1,600,,,13182,7863595.4,80,,
2026-05-22,SIPD,,822,765,815,,,27362,22039483.8,1041,,
2026-05-22,SJCL,,307,302.4,306.9,,,19982,6084839.4,104,,
2026-05-22,SJLIC,,433,429,431,,,16029,6901113.1,118,,
2026-05-22,SKBBL,,773,762,765,,,6356,4862768.3,88,,
2026-05-22,SKHEL,,1290,1240,1278,,,4902,6253335.2,219,,
2026-05-22,SKHL,,954.9,878,950,,,45803,42402633.7,900,,
2026-05-22,SLBBL,,822.7,817.2,822.7,,,2539,2082336.7,40,,
2026-05-22,SLBSL,,1204.9,1180,1180,,,671,798948.8,16,,
2026-05-22,SMATA,,775,756,770,,,2915,2231310.3,65,,
2026-05-22,SMB,,1771,1740,1741,,,244,425943,17,,
2026-05-22,SMFBS,,1535,1525,1535,,,151,230521,10,,
2026-05-22,SMH,,600,575,594,,,4075,2400992.7,65,,
2026-05-22,SMHL,,500,493.2,499,,,30304,15033981.5,218,,
2026-05-22,SMJC,,490,460.8,487.9,,,45029,21797017.1,226,,
2026-05-22,SMPDA,,855,834.1,838,,,4156,3473509.8,26,,
2026-05-22,SNLI,,450,443,447,,,10908,4879777.8,188,,
2026-05-22,SOHL,,700,675.1,688,,,144158,98896526.4,1489,,
2026-05-22,SONA,,472.5,445,462,,,45059,20609411.6,375,,
2026-05-22,SPC,,470,455,458.2,,,7281,3367290.4,73,,
2026-05-22,SPDL,,410,401.4,407,,,33894,13737840.7,153,,
2026-05-22,SPHL,,525,500.1,525,,,8215,4231501.6,61,,
2026-05-22,SPL,,709,692.3,708,,,260,180995,11,,
2026-05-22,SRLI,,394,388,393.9,,,5754,2250412.1,131,,
2026-05-22,SSHL,,222.1,214,221.9,,,306906,67469566.6,767,,
2026-05-22,STC,,5995,5860,5930,,,205,1209487,15,,
2026-05-22,SWASTIK,,2400,2300.1,2400,,,612,1448399.8,33,,
2026-05-22,SWBBL,,751.9,729.4,741.1,,,4164,3087531.3,50,,
2026-05-22,SWMF,,669.6,663,669.1,,,2035,1354763.8,24,,
2026-05-22,SYPNL,,1520,1475.5,1507.9,,,53557,80498494.5,692,,
2026-05-22,TAMOR,,455,444,455,,,56882,25708960.4,211,,
2026-05-22,TPC,,380,374,380,,,26193,9873441.7,135,,
2026-05-22,TRH,,760,750,755.2,,,1377,1035217,10,,
2026-05-22,TSHL,,571,541,555,,,1899,1048526.5,35,,
2026-05-22,TTL,,866,810,856,,,52282,44314062.6,801,,
2026-05-22,TVCL,,530,501,521.9,,,5791,2939618,46,,
2026-05-22,UHEWA,,585,570,583.6,,,5460,3168685.3,52,,
2026-05-22,ULBSL,,3037,2810,2920,,,524,1502088.7,28,,
2026-05-22,ULHC,,488,475,477.5,,,17874,8570685.3,127,,
2026-05-22,UMHL,,568.8,551,564,,,12865,7191376.95,74,,
2026-05-22,UMRH,,548,534,545,,,11697,6294498.6,95,,
2026-05-22,UNHPL,,439,408,434,,,44873,19408060.6,243,,
2026-05-22,UNL,,47450,47330,47330,,,110,5208710,9,,
2026-05-22,UNLB,,1430,1350,1424,,,1534,2088287,34,,
2026-05-22,UPCL,,373.4,365,373,,,68424,25244302.7,234,,
2026-05-22,UPPER,,208,203,207.5,,,144802,29859574.1,498,,
2026-05-22,USHEC,,511,490.4,507,,,22697,11482302.8,171,,
2026-05-22,USHL,,634,615,625,,,2153,1337817,33,,
2026-05-22,USLB,,1260,1240,1256,,,190,236571,14,,
2026-05-22,VLBS,,694.9,675.5,694.9,,,3498,2391461.5,103,,
2026-05-22,VLUCL,,500,488,500,,,2031,1011014.2,43,,
2026-05-25,ACLBSL,,977.4,954,960,,,740,710640,28,,
2026-05-25,ADBL,,318.5,312.3,317,,,45333,14351320.5,187,,
2026-05-25,AHL,,518.5,504,508.9,,,19181,9698902.3,149,,
2026-05-25,AHPC,,289,275,287.8,,,106730,30639266.2,422,,
2026-05-25,AKJCL,,420,402,418,,,1451995,602014404.8,2579,,
2026-05-25,AKPL,,278.8,271,276.5,,,217426,59925542.2,591,,
2026-05-25,ALBSL,,1148,1086,1148,,,9899,11034813.5,187,,
2026-05-25,ALICL,,459.9,452,455.2,,,8712,3954919.2,85,,
2026-05-25,ANLB,,6050,5733,6038,,,1185,6962801.4,57,,
2026-05-25,API,,363,357.2,359.8,,,510631,184011702.2,1353,,
2026-05-25,AVYAN,,1159,1082.1,1148,,,5884,6744096,114,,
2026-05-25,BANDIPUR,,910,855,866.5,,,64333,55904382.9,975,,
2026-05-25,BARUN,,359,351,357.5,,,38509,13738793.1,221,,
2026-05-25,BBC,,4832.9,4766.1,4815,,,215,1030517.8,21,,
2026-05-25,BEDC,,395.7,377.3,381.1,,,46312,17678587.6,268,,
2026-05-25,BFC,,469,460,460,,,15835,7340566.9,113,,
2026-05-25,BGWT,,674,665,671.8,,,1159,777066.6,56,,
2026-05-25,BHCL,,604.9,566,593,,,121172,71536980.9,1214,,
2026-05-25,BHDC,,480,461.2,478,,,50689,24140352.9,273,,
2026-05-25,BHL,,237,225,228.1,,,188158,43037959,712,,
2026-05-25,BHPL,,537.8,530,534.8,,,7086,3780506,77,,
2026-05-25,BJHL,,1000,945,980,,,16247,15910828.4,415,,
2026-05-25,BNHC,,343,332,338.9,,,9993,3372890.8,81,,
2026-05-25,BNL,,14819,14818.7,14819,,,20,296377,2,,
2026-05-25,BNT,,11900,11590,11700,,,60,708190,6,,
2026-05-25,BPCL,,709,680,704,,,58233,40875668.3,224,,
2026-05-25,BUNGAL,,773.3,706,730,,,113158,83682767.3,1349,,
2026-05-25,CBBL,,924.3,918,923,,,18301,16886155.7,237,,
2026-05-25,CFCL,,510,496,509,,,5923,3007359.4,40,,
2026-05-25,CGH,,814.7,795,804,,,35737,28620252.2,224,,
2026-05-25,CHCL,,490,482.5,489,,,73257,35551681.5,251,,
2026-05-25,CHDC,,2328,2286,2324,,,11811,27386068.5,176,,
2026-05-25,CHL,,302,288.1,296,,,49410,14607178.7,154,,
2026-05-25,CIT,,1789.9,1765,1772,,,4996,8857074.6,139,,
2026-05-25,CITY,,383.9,373,379,,,127419,48360339.7,529,,
2026-05-25,CKHL,,725,658,695.4,,,8006,5568070.4,92,,
2026-05-25,CLI,,459.8,452,456.2,,,20675,9435027.8,287,,
2026-05-25,CREST,,1260,1143,1244.9,,,22878,28093552.5,451,,
2026-05-25,CYCL,,1485,1463,1470,,,843,1244482.7,31,,
2026-05-25,CZBIL,,210.4,197.2,208.4,,,50741,10566359.1,241,,
2026-05-25,DDBL,,870,853,855,,,7795,6671813.9,80,,
2026-05-25,DHEL,,684.9,650,670,,,52384,35246765.1,745,,
2026-05-25,DHPL,,311,302.5,302.5,,,13951,4238690,54,,
2026-05-25,DLBS,,1315,1271,1314,,,526,680023,28,,
2026-05-25,DOLTI,,364.9,341,362,,,59866,21671954.4,328,,
2026-05-25,DORDI,,287.9,277.1,283.1,,,60697,17172404.3,299,,
2026-05-25,EBL,,719.9,710,711,,,34410,24478932.5,266,,
2026-05-25,EHPL,,402.5,395,402,,,28087,11234795.7,173,,
2026-05-25,ENL,,912.3,887.2,902,,,653,586706.2,25,,
2026-05-25,FMDBL,,799,792,799,,,14697,11702715.3,135,,
2026-05-25,FOWAD,,1068.9,1047,1055,,,2686,2822996.9,62,,
2026-05-25,GBIME,,239,235.2,237.9,,,70596,16810612.6,399,,
2026-05-25,GBLBS,,788,766,781,,,3536,2768089.5,57,,
2026-05-25,GCIL,,435.5,418,435.5,,,68609,29226716.6,414,,
2026-05-25,GFCL,,643,627.3,627.3,,,10256,6470835,67,,
2026-05-25,GHL,,247.9,241.3,246,,,77898,19143845.7,278,,
2026-05-25,GILB,,1157,1125,1155,,,992,1137601,32,,
2026-05-25,GLBSL,,1850,1805,1825,,,621,1138972.8,25,,
2026-05-25,GLH,,279,274,276,,,58442,16196696.7,228,,
2026-05-25,GMFBS,,1315,1261,1306,,,1312,1698079.2,25,,
2026-05-25,GMFIL,,479.9,466.4,474.6,,,2875,1355425.1,41,,
2026-05-25,GMLI,,1300,1261,1293,,,3436,4419669.4,94,,
2026-05-25,GUFL,,544.8,520,541.5,,,9426,5084256.8,76,,
2026-05-25,GVL,,500,492,499,,,18429,9156336,141,,
2026-05-25,HATHY,,810.9,803,805.7,,,4445,3581265.2,82,,
2026-05-25,HBL,,207,200.8,206,,,60732,12459042.9,1116,,
2026-05-25,HDHPC,,236,230.7,232,,,252594,58949026.5,699,,
2026-05-25,HDL,,1180,1168,1168,,,27247,31898581,428,,
2026-05-25,HFIN,,1042,985,1022.1,,,81719,83519163.1,2492,,
2026-05-25,HHL,,396.9,376,378,,,72116,27462377.6,210,,
2026-05-25,HIDCL,,276.8,270,276,,,85842,23596921.9,409,,
2026-05-25,HIMSTAR,,929.5,894,910,,,10076,9197664.6,164,,
2026-05-25,HLBSL,,920,893,905,,,632,566491.8,12,,
2026-05-25,HLI,,344.3,340,344,,,44591,15297340.6,370,,
2026-05-25,HPPL,,388,381,386,,,16114,6216505.6,147,,
2026-05-25,HRL,,661,640.5,653.8,,,111322,72686763.1,1153,,
2026-05-25,HURJA,,269,262,267,,,89844,23950239.9,308,,
2026-05-25,ICFC,,639.5,629,635,,,7574,4804232.1,81,,
2026-05-25,IHL,,451.1,425,447,,,129656,56749705.4,643,,
2026-05-25,ILBS,,947.2,920.1,928,,,3308,3067150.8,52,,
2026-05-25,ILI,,444,437,441.3,,,8064,3560186.2,289,,
2026-05-25,JBLB,,1325,1305,1310,,,4118,5416710.9,151,,
2026-05-25,JFL,,414.9,409,413.1,,,3350,1382836.7,30,,
2026-05-25,JHAPA,,1543.7,1438,1499.9,,,24488,36444867.1,303,,
2026-05-25,JOSHI,,290,282.1,288.1,,,16430,4736335.2,105,,
2026-05-25,JSLBB,,1115.9,1078.1,1115.9,,,168,182221.9,9,,
2026-05-25,KBL,,224,219,222,,,292389,64905525.1,791,,
2026-05-25,KBSH,,1500.2,1470.2,1500,,,282,422625.2,10,,
2026-05-25,KDL,,850,812,830.1,,,1675,1386591.2,64,,
2026-05-25,KKHC,,273.5,266,272,,,60919,16460201.3,242,,
2026-05-25,KMCDB,,875,855,875,,,2633,2280872.5,53,,
2026-05-25,KPCL,,502,490,501,,,9819,4905396.9,89,,
2026-05-25,LEC,,237.9,222,236,,,131055,30942515,441,,
2026-05-25,LICN,,829,813,820,,,6162,5050907,59,,
2026-05-25,LLBS,,965,930,957,,,2069,1952955.3,20,,
2026-05-25,LSL,,244,215,225.6,,,89425,20261159.6,290,,
2026-05-25,MABEL,,782,742.1,745,,,36530,27872915.5,579,,
2026-05-25,MAKAR,,535.1,504,511,,,15963,8122430.1,120,,
2026-05-25,MANDU,,835,815,827,,,1208,998202.8,41,,
2026-05-25,MATRI,,913,880,892,,,539,479747.3,29,,
2026-05-25,MBJC,,292,281.3,289,,,26624,7679688.7,351,,
2026-05-25,MBL,,256.8,253.7,254.5,,,92780,23679966.6,205,,
2026-05-25,MCHL,,329.9,313.4,323,,,26885,8709457.6,174,,
2026-05-25,MEHL,,390,379,384.5,,,4231,1628437.3,67,,
2026-05-25,MEL,,245.1,235.1,245,,,27440,6670561.1,299,,
2026-05-25,MEN,,615,606.5,607.9,,,70845,43077242.6,358,,
2026-05-25,MERO,,733,720,725,,,4980,3608607.9,65,,
2026-05-25,MFIL,,804.8,785,798,,,20443,16313163.8,153,,
2026-05-25,MHCL,,372,362,367,,,6214,2273907.4,94,,
2026-05-25,MHL,,510,498.5,508,,,11038,5575795.5,82,,
2026-05-25,MHNL,,276,268,274,,,6517,1788340.2,52,,
2026-05-25,MKCL,,1310,1265,1297,,,3077,3939154.1,76,,
2026-05-25,MKHC,,342.9,320,337.1,,,65113,21917842.8,455,,
2026-05-25,MKHL,,574.8,523.1,553,,,7613,4266652.5,120,,
2026-05-25,MKJC,,501.6,493.2,501,,,5447,2722819,44,,
2026-05-25,MLBBL,,1220,1183,1198,,,2789,3320999,33,,
2026-05-25,MLBS,,1300,1250,1290,,,200,257000,10,,
2026-05-25,MLBSL,,1820,1790,1820,,,634,1149734.6,14,,
2026-05-25,MMKJL,,515,494,508,,,2734,1385702,65,,
2026-05-25,MPFL,,629,613,625,,,5617,3495963.4,62,,
2026-05-25,MSHL,,708,686,708,,,812,566939.7,38,,
2026-05-25,MSLB,,1272,1235,1258,,,1480,1844493,39,,
2026-05-25,NABIL,,536,530,535.4,,,59099,31548874.3,610,,
2026-05-25,NADEP,,763.2,735.4,745,,,2425,1805357.6,33,,
2026-05-25,NBL,,276,252.1,273.8,,,145742,39645336.2,352,,
2026-05-25,NESDO,,1569,1535,1550,,,1243,1927103.2,40,,
2026-05-25,NFS,,584,570,574.1,,,9552,5487252,90,,
2026-05-25,NGPL,,462,435,459,,,319573,146161838.2,886,,
2026-05-25,NHDL,,646,636.9,641.1,,,204,130806.6,15,,
2026-05-25,NHPC,,309.7,295,297,,,507480,152038826.9,1319,,
2026-05-25,NICA,,365,345,356,,,37190,13209899.4,227,,
2026-05-25,NICLBSL,,599.4,574,595,,,8807,5173315.1,178,,
2026-05-25,NIFRA,,270,266,268.9,,,118696,31881338.1,695,,
2026-05-25,NIMB,,202,198,201.8,,,140625,28198220,486,,
2026-05-25,NLIC,,779.8,765,776,,,11959,9280114.2,176,,
2026-05-25,NLICL,,595.8,586.2,594,,,5680,3359444.5,40,,
2026-05-25,NLO,,269.4,269.4,269.4,,,0,0,0,,
2026-05-25,NMB,,251,247,248.2,,,18784,4673809.8,113,,
2026-05-25,NMBMF,,655,633.1,650,,,2747,1788234.5,36,,
2026-05-25,NMFBS,,1155,1117,1150,,,8343,9543208.5,80,,
2026-05-25,NMLBBL,,594,571,594,,,5948,3514576,81,,
2026-05-25,NRIC,,924.7,911,920.5,,,10494,9658225.8,210,,
2026-05-25,NRM,,388,345.9,380,,,43698,16564156.7,394,,
2026-05-25,NRN,,1440,1387,1401,,,58203,82387794.7,467,,
2026-05-25,NTC,,899.9,888.5,898.5,,,14947,13410066.5,248,,
2026-05-25,NUBL,,665,656,659,,,3971,2620420.7,53,,
2026-05-25,NWCL,,818.9,803,818.9,,,1320,1074662.5,61,,
2026-05-25,NYADI,,402,391,400,,,4920,1962846,111,,
2026-05-25,OHL,,712,700,701,,,3256,2285845,25,,
2026-05-25,OMPL,,1210,1185,1185,,,5752,6869114.3,173,,
2026-05-25,PCBL,,244.9,239,244.9,,,63543,15442134.1,226,,
2026-05-25,PCIL,,860,815,852.8,,,66607,56623847.5,2487,,
2026-05-25,PFL,,380,370,380,,,4238,1597207.8,60,,
2026-05-25,PHCL,,315,308,312,,,58934,18407837.9,354,,
2026-05-25,PMHPL,,352,343,350.5,,,18298,6375745.7,132,,
2026-05-25,PMLI,,475,462.5,470.3,,,3094,1456699.6,116,,
2026-05-25,PPCL,,393.9,378,390,,,13693,5298364.1,98,,
2026-05-25,PPL,,369.9,357,367,,,70085,25569634.6,421,,
2026-05-25,PROFL,,457,442,445,,,4657,2070331.3,37,,
2026-05-25,PRVU,,203,188.1,202.6,,,127588,25748955.8,535,,
2026-05-25,PURE,,1030,980.1,986,,,20423,20431987.1,287,,
2026-05-25,RADHI,,805,780,803.1,,,63113,50304301.1,293,,
2026-05-25,RAWA,,613,575,585.1,,,2564,1481086.5,43,,
2026-05-25,RFPL,,382.9,360,381.9,,,28134,10721224.7,232,,
2026-05-25,RHGCL,,306.9,291,304.8,,,44896,13611982.5,266,,
2026-05-25,RHPL,,285,278,283,,,23511,6644295,185,,
2026-05-25,RIDI,,378.1,365.1,367,,,809824,301757244.5,1587,,
2026-05-25,RLEL,,1098,1026,1080.2,,,28764,31092342.8,813,,
2026-05-25,RLFL,,447,430,444.9,,,16231,7208185.1,88,,
2026-05-25,RNLI,,471,461,469.4,,,34869,16361709,327,,
2026-05-25,RSDC,,681,665,681,,,4363,2946733.8,42,,
2026-05-25,RSML,,3850,3700,3825,,,37741,143175731.1,916,,
2026-05-25,RURU,,670,655,666,,,5280,3507418,40,,
2026-05-25,SAGAR,,1757,1722,1741,,,6951,12112782.9,206,,
2026-05-25,SAHAS,,679.9,664,671.5,,,215947,144883802,1124,,
2026-05-25,SAIL,,1173,1145,1150,,,33871,39235051.9,495,,
2026-05-25,SANIMA,,387.5,365.6,368.9,,,154310,57279745.7,339,,
2026-05-25,SANVI,,760,702.1,742,,,31996,23834241.8,487,,
2026-05-25,SARBTM,,869.9,858.1,866,,,11708,10112529.5,146,,
2026-05-25,SBI,,404,396,400,,,17582,7036464,100,,
2026-05-25,SBL,,403,396.5,399.9,,,105729,42311062.4,234,,
2026-05-25,SCB,,664.3,653.1,659.9,,,16845,11066343.6,132,,
2026-05-25,SGHC,,385,372,381.1,,,11775,4495062,123,,
2026-05-25,SHEL,,325,315,323.8,,,209293,67422479.9,550,,
2026-05-25,SHIVM,,695,684,693,,,159487,110300690.9,698,,
2026-05-25,SHL,,509,500,508,,,37226,18775128.4,101,,
2026-05-25,SHLB,,1480,1465,1466.1,,,50,73562,5,,
2026-05-25,SHPC,,533,521,524,,,61857,32493595.3,226,,
2026-05-25,SIFC,,548,535.3,545,,,6519,3535221.7,67,,
2026-05-25,SIKLES,,610,600,609,,,13642,8229065,130,,
2026-05-25,SIPD,,860,810,848.2,,,41090,34726547.6,1444,,
2026-05-25,SJCL,,312.6,302,307.8,,,64750,19767564,177,,
2026-05-25,SJLIC,,438,429,438,,,15537,6754752.9,214,,
2026-05-25,SKBBL,,791,765,771,,,23660,18396727.1,151,,
2026-05-25,SKHEL,,1348.7,1278,1320,,,18880,24978940.8,457,,
2026-05-25,SKHL,,1040.3,955,1029,,,59202,59866119,1352,,
2026-05-25,SLBBL,,836.4,821.1,831.5,,,6640,5520628.8,83,,
2026-05-25,SLBSL,,1208,1180,1208,,,1577,1880146,31,,
2026-05-25,SMATA,,775,765,775,,,5643,4362363.9,76,,
2026-05-25,SMB,,1790,1751,1762,,,605,1068365.2,32,,
2026-05-25,SMFBS,,1530,1502,1530,,,1763,2672026.2,32,,
2026-05-25,SMH,,600,585.2,597.2,,,8992,5374333.4,76,,
2026-05-25,SMHL,,508,500.1,504.2,,,38419,19431900.8,300,,
2026-05-25,SMJC,,499,463.6,490.2,,,56992,27908638,284,,
2026-05-25,SMPDA,,854,838,843,,,1634,1379180.7,34,,
2026-05-25,SNLI,,455,447.5,451,,,23128,10418614.3,376,,
2026-05-25,SOHL,,711,685,700.5,,,175599,123165871,2888,,
2026-05-25,SONA,,475,455.1,469,,,66228,30876083.9,484,,
2026-05-25,SPC,,478.5,455.2,469,,,4692,2206223.3,72,,
2026-05-25,SPDL,,427,408.1,411,,,54833,22485432.6,151,,
2026-05-25,SPHL,,543,500,533.9,,,8585,4547016.3,85,,
2026-05-25,SPL,,725,686.8,718,,,5149,3606390.5,51,,
2026-05-25,SRLI,,397.5,389.3,396,,,21636,8550092.7,262,,
2026-05-25,SSHL,,228.8,220,225.5,,,331041,74887010.4,1012,,
2026-05-25,STC,,5958,5830,5958,,,964,5688588,42,,
2026-05-25,SWASTIK,,2473.9,2375,2449,,,1046,2530048,43,,
2026-05-25,SWBBL,,778.1,746,753.9,,,5582,4199392.1,77,,
2026-05-25,SWMF,,678.9,662.1,675,,,9326,6216026.4,62,,
2026-05-25,SYPNL,,1535,1459,1520,,,65193,99272424.3,929,,
2026-05-25,TAMOR,,465,450.1,461.9,,,134249,61674653.6,512,,
2026-05-25,TPC,,389,375,382,,,48898,18722573.5,202,,
2026-05-25,TRH,,765,753,762,,,726,549716,8,,
2026-05-25,TSHL,,633,550,605,,,11137,6529991.4,197,,
2026-05-25,TTL,,898.8,846,857,,,31924,27705623.6,589,,
2026-05-25,TVCL,,531,509.1,529,,,19928,10265807.1,67,,
2026-05-25,UHEWA,,615.1,580,615,,,64537,38810995,279,,
2026-05-25,ULBSL,,2997.9,2850,2949,,,866,2547168.6,45,,
2026-05-25,ULHC,,485.7,478.1,481,,,18055,8689172.2,143,,
2026-05-25,UMHL,,575.8,550,575.8,,,22352,12768020.6,128,,
2026-05-25,UMRH,,555,537.2,555,,,37996,20760694.5,147,,
2026-05-25,UNHPL,,444,420,430.1,,,78249,34168072.8,305,,
2026-05-25,UNL,,47102,47000,47000,,,30,1412020,3,,
2026-05-25,UNLB,,1421,1385,1394,,,1120,1564410.5,35,,
2026-05-25,UPCL,,380,373,375,,,52302,19693036,243,,
2026-05-25,UPPER,,211.9,197.5,209.9,,,186381,39180846.4,842,,
2026-05-25,USHEC,,521,508,521,,,62362,32273884.7,262,,
2026-05-25,USHL,,640,617.2,625,,,618,387385,23,,
2026-05-25,USLB,,1288,1260,1288,,,2939,3756505.9,59,,
2026-05-25,VLBS,,708,691.2,703,,,2724,1911802.9,159,,
2026-05-25,VLUCL,,514.7,495,507,,,3173,1596547.2,81,,
2026-05-26,ACLBSL,,979,950,950,,,1549,1481711.7,35,,
2026-05-26,ADBL,,319,315.4,316.7,,,14963,4727750.5,117,,
2026-05-26,AHL,,508,504.3,505,,,3165,1599649.4,34,,
2026-05-26,AHPC,,289,275,284.2,,,82531,23473260.4,276,,
2026-05-26,AKJCL,,424,412.5,422.9,,,1118022,467263925.8,1872,,
2026-05-26,AKPL,,279,272.4,273.2,,,88036,24125317.3,299,,
2026-05-26,ALBSL,,1155,1117.6,1127,,,2556,2886838.1,92,,
2026-05-26,ALICL,,458.5,449.3,449.3,,,37205,16896067.5,143,,
2026-05-26,ANLB,,5990,5890,5890,,,358,2111418,14,,
2026-05-26,API,,362.9,355.4,358.8,,,367226,131346344.2,792,,
2026-05-26,AVYAN,,1156,1090.6,1139,,,3573,4082690.7,82,,
2026-05-26,BANDIPUR,,865,849.1,862,,,46976,40141444.7,755,,
2026-05-26,BARUN,,358.8,350.3,352.1,,,29521,10430333,144,,
2026-05-26,BBC,,4823.9,4755,4810,,,200,957791,18,,
2026-05-26,BEDC,,400,375,376.9,,,27283,10287653.9,196,,
2026-05-26,BFC,,469,460.2,461,,,5324,2457439.4,52,,
2026-05-26,BGWT,,670,660,669,,,1685,1114736.4,20,,
2026-05-26,BHCL,,616.9,575,614,,,180134,108228127.6,1513,,
2026-05-26,BHDC,,487.5,467,474,,,38693,18220001.3,191,,
2026-05-26,BHL,,239.5,226,226.8,,,80660,18310013.6,373,,
2026-05-26,BHPL,,543.8,528.2,528.3,,,4341,2300190.5,50,,
2026-05-26,BJHL,,1005,961,971,,,8638,8395648.8,211,,
2026-05-26,BNHC,,342,332.1,338,,,2178,731840.5,38,,
2026-05-26,BNL,,14832,14400,14832,,,40,588960,4,,
2026-05-26,BNT,,11889,11700,11889,,,24,284994,3,,
2026-05-26,BPCL,,708,693,697,,,22562,15745580.8,144,,
2026-05-26,BUNGAL,,737.7,710,732.1,,,101332,74064442.6,850,,
2026-05-26,CBBL,,925,919,923,,,20524,18944791.7,175,,
2026-05-26,CFCL,,506,499.1,505,,,5191,2610606,40,,
2026-05-26,CGH,,815.2,799,802.4,,,24069,19266150.9,158,,
2026-05-26,CHCL,,491.9,483.8,486,,,39399,19153392.7,217,,
2026-05-26,CHDC,,2360.2,2281,2292,,,13128,30094085,118,,
2026-05-26,CHL,,297,289.5,296.8,,,12688,3719214.3,72,,
2026-05-26,CIT,,1776,1760.2,1765.1,,,10803,19101937.6,162,,
2026-05-26,CITY,,390,377.1,389,,,120258,46122168.4,553,,
2026-05-26,CKHL,,716,675,694,,,1585,1090064,38,,
2026-05-26,CLI,,460,454,457,,,20764,9480805.3,215,,
2026-05-26,CREST,,1275,1215,1244,,,5460,6717727,149,,
2026-05-26,CYCL,,1480,1439,1470,,,518,760054,25,,
2026-05-26,CZBIL,,209,203,204,,,155590,31764012.2,290,,
2026-05-26,DDBL,,877.9,852,853,,,5810,4960521.9,64,,
2026-05-26,DHEL,,675,655,660,,,26478,17491370.5,408,,
2026-05-26,DHPL,,309,298,306,,,5291,1597673.7,44,,
2026-05-26,DLBS,,1314,1275,1313,,,670,869862,18,,
2026-05-26,DOLTI,,370,343.9,358,,,26644,9577279.7,172,,
2026-05-26,DORDI,,285,280,283,,,27315,7694250.2,148,,
2026-05-26,EBL,,719,710,712.6,,,21211,15102779.9,164,,
2026-05-26,EHPL,,409.8,398,405,,,26657,10750784.3,180,,
2026-05-26,ENL,,899.9,881.2,899.9,,,115,102522,6,,
2026-05-26,FMDBL,,805.5,783.8,786.1,,,26463,20873429.7,157,,
2026-05-26,FOWAD,,1067.5,1041.6,1047.2,,,2165,2271634.9,47,,
2026-05-26,GBIME,,240,236.2,239,,,70690,16856563.4,307,,
2026-05-26,GBLBS,,785.1,773.1,780.9,,,2309,1797523.4,41,,
2026-05-26,GCIL,,437,426.5,431,,,24661,10677893.2,224,,
2026-05-26,GFCL,,629,625,625.2,,,4957,3108969.8,45,,
2026-05-26,GHL,,248.7,242,245,,,57043,13894413.6,158,,
2026-05-26,GILB,,1155,1130.6,1132,,,115,130668.3,11,,
2026-05-26,GLBSL,,1833.4,1780,1832,,,734,1316418.1,25,,
2026-05-26,GLH,,280,273,277,,,22676,6243767.4,144,,
2026-05-26,GMFBS,,1342.9,1280,1311,,,1027,1316989,21,,
2026-05-26,GMFIL,,480,468,469,,,539,254927,12,,
2026-05-26,GMLI,,1324.9,1280,1298,,,2115,2731838.5,62,,
2026-05-26,GUFL,,542,532,539,,,6438,3456498.8,43,,
2026-05-26,GVL,,500,491.1,497,,,17789,8802325.6,122,,
2026-05-26,HATHY,,816,800,800,,,5323,4293306.4,100,,
2026-05-26,HBL,,207,199.9,204.9,,,264075,53117457.5,981,,
2026-05-26,HDHPC,,234.9,226.2,227.7,,,182820,41819369.1,527,,
2026-05-26,HDL,,1176.9,1162,1173.8,,,21622,25281067.9,319,,
2026-05-26,HFIN,,1028.9,971,1008.7,,,63585,64228449.8,1603,,
2026-05-26,HHL,,379.9,366,370,,,46235,17139984.1,211,,
2026-05-26,HIDCL,,277.7,272,272.9,,,51063,13965875.7,270,,
2026-05-26,HIMSTAR,,918,880,894,,,7204,6433600,141,,
2026-05-26,HLBSL,,887,883.1,887,,,146,129204,6,,
2026-05-26,HLI,,345,340.2,341.8,,,24916,8513948.9,249,,
2026-05-26,HPPL,,387,382.2,384.9,,,17119,6577163.5,112,,
2026-05-26,HRL,,660,647,653.9,,,44432,29055767.7,589,,
2026-05-26,HURJA,,270,259,262.1,,,97135,25379460.5,239,,
2026-05-26,ICFC,,640,621,632,,,10589,6626789.9,55,,
2026-05-26,IHL,,455,439,443,,,32222,14295451.7,210,,
2026-05-26,ILBS,,949,900,938,,,408,379476.5,17,,
2026-05-26,ILI,,442.9,438.3,442,,,19235,8457218,204,,
2026-05-26,JBLB,,1317.9,1304,1309,,,2993,3918717.4,74,,
2026-05-26,JFL,,418.9,408,408,,,4388,1803356.9,42,,
2026-05-26,JHAPA,,1563,1425,1500,,,23956,35904363,345,,
2026-05-26,JOSHI,,293.8,283.6,286,,,12959,3706930.8,86,,
2026-05-26,JSLBB,,1100,1083.1,1100,,,150,163386.5,6,,
2026-05-26,KBL,,223.9,219.1,220.4,,,151759,33471275.9,461,,
2026-05-26,KBSH,,1590,1476,1590,,,1184,1812715,42,,
2026-05-26,KDL,,840,825.1,835,,,2064,1715246.1,66,,
2026-05-26,KHPL,,327.7,300,327.7,,,40,12549,4,,
2026-05-26,KKHC,,285.6,265.2,269,,,30801,8269201.9,179,,
2026-05-26,KMCDB,,884,862.2,872,,,2007,1733097.2,25,,
2026-05-26,KPCL,,505,496,500,,,4935,2458402.5,60,,
2026-05-26,LEC,,238,231.5,233.4,,,47866,11189269.6,203,,
2026-05-26,LICN,,825,810.1,815,,,12084,9843260,68,,
2026-05-26,LLBS,,965,931,936.2,,,635,609887,16,,
2026-05-26,LSL,,228,223,225.8,,,80122,17995940.6,155,,
2026-05-26,MABEL,,754.6,735.1,739,,,31141,23119381.5,334,,
2026-05-26,MAKAR,,523,485.5,507.8,,,10497,5308762.9,63,,
2026-05-26,MANDU,,851,822,830,,,2377,1993982,39,,
2026-05-26,MATRI,,892,885,892,,,260,231570.5,13,,
2026-05-26,MBJC,,291.9,285,288,,,15357,4404468.5,207,,
2026-05-26,MBL,,256,251,254,,,97437,24693753.8,166,,
2026-05-26,MCHL,,324,316.1,322,,,4763,1519487.2,71,,
2026-05-26,MEHL,,395.6,380.1,380.1,,,3498,1343541.6,63,,
2026-05-26,MEL,,252.2,241.2,242,,,13513,3279024.9,121,,
2026-05-26,MEN,,611,603,607.9,,,80421,48758488.7,273,,
2026-05-26,MERO,,732.9,715,717,,,3550,2554453.3,34,,
2026-05-26,MFIL,,815,780,794,,,40934,32650976.6,116,,
2026-05-26,MHCL,,364.5,360,362,,,5393,1948880.9,60,,
2026-05-26,MHL,,512,501,505.1,,,7260,3666190.3,69,,
2026-05-26,MHNL,,279.9,269,274,,,3364,915586,41,,
2026-05-26,MKCL,,1325,1270,1290,,,1302,1668667.4,38,,
2026-05-26,MKHC,,345.9,335.8,337,,,40054,13522141,239,,
2026-05-26,MKHL,,560,551.1,558,,,1566,869047.8,53,,
2026-05-26,MKJC,,507,495.2,505.9,,,3932,1959899,39,,
2026-05-26,MLBBL,,1196,1185,1196,,,700,831440.6,18,,
2026-05-26,MLBS,,1290,1259,1289,,,120,154420,5,,
2026-05-26,MLBSL,,1830,1800.1,1801,,,825,1497171.5,14,,
2026-05-26,MMKJL,,519.9,496.2,513,,,5590,2853358.7,65,,
2026-05-26,MPFL,,628.9,616,619.9,,,7880,4873439.9,39,,
2026-05-26,MSHL,,743.4,681.3,708,,,595,416792.3,27,,
2026-05-26,MSLB,,1250,1227.2,1243.5,,,603,749068.1,28,,
2026-05-26,NABIL,,540,532.1,537,,,59432,31862044.6,495,,
2026-05-26,NADEP,,752,740,745,,,1440,1068186,20,,
2026-05-26,NBL,,274,270,271,,,65939,17876706.7,192,,
2026-05-26,NESDO,,1557,1539.9,1557,,,1766,2725335,27,,
2026-05-26,NFS,,584.9,570,573,,,3355,1914699.4,37,,
2026-05-26,NGPL,,462,450,453.5,,,302816,137310114.5,585,,
2026-05-26,NHDL,,660,630,633,,,4275,2731051.9,32,,
2026-05-26,NHPC,,299.7,291,293,,,269806,79061285.2,879,,
2026-05-26,NICA,,358.9,340,347.3,,,108822,37812557.7,313,,
2026-05-26,NICLBSL,,590,580,588.5,,,3821,2239193,75,,
2026-05-26,NIFRA,,270.9,255.5,266.7,,,65680,17487744.8,424,,
2026-05-26,NIMB,,201.6,199,200.7,,,77904,15576456.8,341,,
2026-05-26,NLIC,,779,764.1,768.2,,,44776,34390854.2,224,,
2026-05-26,NLICL,,599.5,586,591,,,8136,4827452.9,44,,
2026-05-26,NLO,,269.4,269.4,269.4,,,0,0,0,,
2026-05-26,NMB,,249.9,243.7,248,,,138942,34098304.2,200,,
2026-05-26,NMBMF,,657,640,647,,,1407,904584,18,,
2026-05-26,NMFBS,,1150,1139.8,1140.2,,,7426,8494505,52,,
2026-05-26,NMLBBL,,600,585,588,,,5150,3032903,40,,
2026-05-26,NRIC,,924,910,916.8,,,14196,12961776.3,150,,
2026-05-26,NRM,,399.9,361,399.9,,,67307,26352253.9,544,,
2026-05-26,NRN,,1409.9,1394,1400,,,33074,46251423.3,270,,
2026-05-26,NTC,,903,896.1,900,,,9795,8809455.3,196,,
2026-05-26,NUBL,,665,653,658,,,1467,963671.1,26,,
2026-05-26,NWCL,,820,807,810.2,,,895,726787.5,27,,
2026-05-26,NYADI,,405,395.1,398.3,,,2982,1191273.4,55,,
2026-05-26,OHL,,705,696,696,,,2144,1502103.5,20,,
2026-05-26,OMPL,,1196,1162.1,1185,,,3124,3700906.2,81,,
2026-05-26,PCBL,,246,241.5,245.7,,,41581,10139605.9,125,,
2026-05-26,PCIL,,865,833.5,839.9,,,41783,35265379.1,1628,,
2026-05-26,PFL,,386.9,375,378,,,2310,871978.7,31,,
2026-05-26,PHCL,,312.9,306,310,,,49170,15240835.6,195,,
2026-05-26,PMHPL,,357,344,351,,,4201,1461571.1,49,,
2026-05-26,PMLI,,473,465.2,465.2,,,4393,2054066.2,110,,
2026-05-26,PPCL,,388,383.6,384.4,,,3473,1337227.1,45,,
2026-05-26,PPL,,374.8,360,365.8,,,29222,10645626.4,159,,
2026-05-26,PROFL,,449,438,443,,,2330,1035122.5,27,,
2026-05-26,PRVU,,203.5,197.3,200,,,237650,47218905.7,545,,
2026-05-26,PURE,,985.1,950,973,,,7675,7494746,118,,
2026-05-26,RADHI,,802,787,792,,,54061,42904675.3,209,,
2026-05-26,RAWA,,614.3,567,580.5,,,1542,891201,32,,
2026-05-26,RFPL,,389,375,379.8,,,16879,6421088.2,138,,
2026-05-26,RHGCL,,316,303,313.9,,,185454,57657019.8,704,,
2026-05-26,RHPL,,290,281.8,284,,,15293,4328158,83,,
2026-05-26,RIDI,,385,361,364.9,,,455186,165925739.7,912,,
2026-05-26,RLEL,,1105,1058,1080,,,25424,27344209.3,601,,
2026-05-26,RLFL,,454.9,439.2,442.5,,,3991,1772026.9,46,,
2026-05-26,RNLI,,470.9,465.5,469.4,,,18142,8513846.4,215,,
2026-05-26,RSDC,,675,665,675,,,3200,2144658.5,30,,
2026-05-26,RSML,,3897,3737,3780,,,18745,71087869.8,587,,
2026-05-26,RURU,,670,659,667,,,7814,5174595,45,,
2026-05-26,SAGAR,,1740,1714,1720.1,,,7836,13499812.1,171,,
2026-05-26,SAHAS,,684,671,682.5,,,209280,141662908.5,1057,,
2026-05-26,SAIL,,1158,1130.1,1140,,,23069,26270786,329,,
2026-05-26,SANIMA,,372.9,365.5,367,,,39300,14433113.9,183,,
2026-05-26,SANVI,,740,725,732,,,24076,17593109,291,,
2026-05-26,SARBTM,,874.1,859,865.1,,,10195,8801716,78,,
2026-05-26,SBI,,403,393,403,,,89264,35376969.7,138,,
2026-05-26,SBL,,404.9,395.1,400,,,68773,27546130.3,171,,
2026-05-26,SCB,,664.8,655.1,659.8,,,12930,8529140.8,102,,
2026-05-26,SGHC,,389,369.1,379,,,17759,6634742.1,101,,
2026-05-26,SHEL,,326.9,319.2,320.9,,,128101,41073624.7,329,,
2026-05-26,SHIVM,,693,686.1,689,,,136734,94103651.1,499,,
2026-05-26,SHL,,512,498,508,,,34537,17521440.1,106,,
2026-05-26,SHLB,,1624,1457,1549,,,340,510541,23,,
2026-05-26,SHPC,,528.9,522.3,525,,,33398,17471703.5,119,,
2026-05-26,SIFC,,550,538.7,546.9,,,9847,5322560.5,35,,
2026-05-26,SIKLES,,614,580,603.2,,,13387,8093592.2,88,,
2026-05-26,SIPD,,853,826.4,832,,,15181,12648689.1,710,,
2026-05-26,SJCL,,305.1,302.1,303,,,21787,6611929.9,101,,
2026-05-26,SJLIC,,438,430.2,436,,,8334,3633198.5,116,,
2026-05-26,SKBBL,,777,767.3,769,,,6556,5057892.4,96,,
2026-05-26,SKHEL,,1343.9,1290.1,1303.9,,,6669,8684200.6,204,,
2026-05-26,SKHL,,1040,985,992,,,27924,27959758,716,,
2026-05-26,SLBBL,,838,823,826.9,,,2886,2386510.4,34,,
2026-05-26,SLBSL,,1210,1200,1210,,,357,431270,10,,
2026-05-26,SMATA,,782,765,782,,,2649,2051785.2,50,,
2026-05-26,SMB,,1778,1745,1746,,,493,862651.6,29,,
2026-05-26,SMFBS,,1515.1,1500,1510,,,777,1169598.7,20,,
2026-05-26,SMH,,606,593,601.7,,,12535,7531829,98,,
2026-05-26,SMHL,,508,503,505,,,83084,41980084.7,245,,
2026-05-26,SMJC,,563,465.7,488,,,98560,47918326.2,398,,
2026-05-26,SMPDA,,855,835,846,,,1332,1117108.1,41,,
2026-05-26,SNLI,,456,449.1,452,,,5464,2463961.1,211,,
2026-05-26,SOHL,,708,690.3,692.8,,,115317,80143079.1,1623,,
2026-05-26,SONA,,470,457.1,467,,,41145,19108008.7,322,,
2026-05-26,SPC,,469,463,467,,,1899,882874.9,32,,
2026-05-26,SPDL,,414,403.1,406.8,,,60503,24599279.2,139,,
2026-05-26,SPHL,,559.8,508,547.1,,,34218,18636778,209,,
2026-05-26,SPL,,718,708.2,710,,,940,671486,17,,
2026-05-26,SRLI,,398.5,389.1,392.6,,,102945,40512912.1,283,,
2026-05-26,SSHL,,225.9,221.1,222.5,,,111832,24878058.8,417,,
2026-05-26,STC,,5975,5885.1,5939.9,,,1740,10310666.8,96,,
2026-05-26,SWASTIK,,2408,2386,2400,,,440,1055901,22,,
2026-05-26,SWBBL,,780,740,743,,,4238,3161214,43,,
2026-05-26,SWMF,,676,662,670,,,2765,1853773,26,,
2026-05-26,SYPNL,,1539,1491.3,1495,,,35370,53218753.3,624,,
2026-05-26,TAMOR,,478,460.5,476,,,200081,94066717.5,725,,
2026-05-26,TPC,,387,376.3,381,,,16826,6379446.6,105,,
2026-05-26,TRH,,765,760,765,,,2471,1882485,15,,
2026-05-26,TSHL,,634,590,604.8,,,6333,3785491.3,96,,
2026-05-26,TTL,,875,844,856,,,17174,14607162.7,370,,
2026-05-26,TVCL,,560,509,560,,,16170,8530959,99,,
2026-05-26,UHEWA,,615,599.8,606,,,25026,15180425.4,232,,
2026-05-26,ULBSL,,3000,2870,2880,,,387,1122493.9,22,,
2026-05-26,ULHC,,487.9,476,478.1,,,16295,7811961.1,125,,
2026-05-26,UMHL,,610,565.1,583,,,73502,43349584.96,201,,
2026-05-26,UMRH,,556,550,552,,,13924,7702999.2,86,,
2026-05-26,UNHPL,,440,425,439,,,122081,52839125.7,266,,
2026-05-26,UNL,,47350,47000,47100,,,50,2358500,5,,
2026-05-26,UNLB,,1430,1395,1405,,,690,969112,35,,
2026-05-26,UPCL,,378,370.6,375,,,37681,14073285.1,138,,
2026-05-26,UPPER,,212,207.1,207.7,,,105888,22071529.9,485,,
2026-05-26,USHEC,,524,513,524,,,31109,16117392.7,148,,
2026-05-26,USHL,,630.9,621,629.9,,,1650,1033042.9,24,,
2026-05-26,USLB,,1292,1270,1280,,,1024,1309031.4,19,,
2026-05-26,VLBS,,700,690,695,,,2576,1793110.4,85,,
2026-05-26,VLUCL,,509,496.2,498.2,,,1260,629830,38,,
2026-05-27,ACLBSL,,966.6,945.1,966.6,,,279,265621.8,15,,
2026-05-27,ADBL,,322.29,312.5,320,,,50166,16017350.8,213,,
2026-05-27,AHL,,530.2,500.1,507.7,,,4640,2335663.8,60,,
2026-05-27,AHPC,,289.8,283.3,287.5,,,120647,34646508.6,445,,
2026-05-27,AKJCL,,441.2,420.6,440,,,1635606,712233632.8,2684,,
2026-05-27,AKPL,,280,259.6,276.5,,,113753,31417501.6,379,,
2026-05-27,ALBSL,,1189,1100,1128.9,,,6799,7545161.7,90,,
2026-05-27,ALICL,,455,451.5,454,,,14187,6432703.5,110,,
2026-05-27,ANLB,,5998,5760,5969.9,,,154,904532.1,10,,
2026-05-27,API,,364.8,356.5,364,,,577850,208599998,1384,,
2026-05-27,AVYAN,,1140,1125,1135,,,5837,6580677.5,102,,
2026-05-27,BANDIPUR,,905,850,854.7,,,34430,29475978.8,517,,
2026-05-27,BARUN,,354.8,350,352,,,49801,17539860.7,217,,
2026-05-27,BBC,,4880,4751,4836,,,391,1884349,27,,
2026-05-27,BEDC,,395,370,378.6,,,23336,8792011.5,148,,
2026-05-27,BFC,,463.9,457.2,459.4,,,5074,2328285,47,,
2026-05-27,BGWT,,673,657,673,,,1531,1021124.2,40,,
2026-05-27,BHCL,,620,595,600,,,159635,96749084.9,1188,,
2026-05-27,BHDC,,478,467,475,,,53466,25264447,300,,
2026-05-27,BHL,,238.1,220,227,,,116141,26333586.6,438,,
2026-05-27,BHPL,,540,521.1,538.7,,,15374,8180636.8,98,,
2026-05-27,BJHL,,984,932.1,936,,,13194,12506979.8,278,,
2026-05-27,BNHC,,345,336,338.2,,,5946,2020928.5,65,,
2026-05-27,BNL,,14551,14551,14551,,,10,145510,1,,
2026-05-27,BNT,,11889,11889,11889,,,0,0,0,,
2026-05-27,BPCL,,731,692,696.9,,,27370,19026380.2,159,,
2026-05-27,BUNGAL,,841,702,841,,,197734,147429598.6,1323,,
2026-05-27,CBBL,,929.9,923,929,,,15992,14824622.8,206,,
2026-05-27,CFCL,,512,498.2,504.9,,,9756,4895606.5,49,,
2026-05-27,CGH,,810,795,804.9,,,18478,14728981.9,189,,
2026-05-27,CHCL,,510.3,483.1,483.6,,,61148,29757773.8,305,,
2026-05-27,CHDC,,2324,2285,2314,,,12374,28561615.9,160,,
2026-05-27,CHL,,304.8,291.4,298,,,37409,11203738.8,157,,
2026-05-27,CIT,,1779.5,1765,1779,,,6163,10951025.7,117,,
2026-05-27,CITY,,397.9,384,384.9,,,161793,62986290.1,729,,
2026-05-27,CKHL,,700,674,695,,,1620,1111923.5,32,,
2026-05-27,CLI,,459,454.5,458,,,10262,4687316.6,186,,
2026-05-27,CREST,,1357,1190,1350,,,26431,32927210.9,319,,
2026-05-27,CYCL,,1480,1452,1470,,,714,1046995.8,37,,
2026-05-27,CZBIL,,207.9,194,206,,,131100,26873823.8,230,,
2026-05-27,DDBL,,863,845,852,,,7913,6743994,72,,
2026-05-27,DHEL,,693,639,640,,,39042,25624830.3,430,,
2026-05-27,DHPL,,315,303,306,,,2313,707765,28,,
2026-05-27,DLBS,,1317,1280.1,1315,,,1900,2489159,29,,
2026-05-27,DOLTI,,365,355,362,,,87464,31576131.5,337,,
2026-05-27,DORDI,,286.8,281.8,284,,,35516,10111132.1,190,,
2026-05-27,EBL,,714.8,710,712,,,23103,16455940.9,202,,
2026-05-27,EHPL,,411.8,397,402,,,12909,5167440.5,97,,
2026-05-27,ENL,,900,855,894,,,891,784596.6,20,,
2026-05-27,FMDBL,,799.9,787,792,,,18532,14641021.1,122,,
2026-05-27,FOWAD,,1063,1041,1062,,,1114,1174386.3,41,,
2026-05-27,GBIME,,241,238,240.4,,,79208,18993511,373,,
2026-05-27,GBLBS,,789.9,776,784,,,4096,3207615.5,53,,
2026-05-27,GCIL,,445,427.7,439,,,79744,35104631.4,422,,
2026-05-27,GFCL,,630,620,623,,,11040,6868818.5,72,,
2026-05-27,GHL,,257,242,245,,,49929,12175646.3,166,,
2026-05-27,GILB,,1154.3,1121,1140,,,475,534323,15,,
2026-05-27,GLBSL,,1832,1800,1822,,,132,238649.1,10,,
2026-05-27,GLH,,278,274.2,276.1,,,44978,12410992.9,190,,
2026-05-27,GMFBS,,1346.9,1280,1308.9,,,580,746628,8,,
2026-05-27,GMFIL,,475,461.2,464.5,,,4605,2141842.5,36,,
2026-05-27,GMLI,,1322.9,1271,1282,,,1267,1642538.1,52,,
2026-05-27,GUFL,,545,535,538,,,6920,3723758.2,54,,
2026-05-27,GVL,,503,495,499.6,,,23220,11561172.6,161,,
2026-05-27,HATHY,,803,794,800,,,5632,4487915.3,79,,
2026-05-27,HBL,,204.9,202.1,204.9,,,42132,8589281.8,577,,
2026-05-27,HDHPC,,232.5,222.5,230.8,,,337758,77482042.1,702,,
2026-05-27,HDL,,1176.9,1168,1175,,,25377,29758945,361,,
2026-05-27,HFIN,,1010,986,988.1,,,41839,41662787.2,1045,,
2026-05-27,HHL,,372.9,351.5,369,,,56335,20748192.9,221,,
2026-05-27,HIDCL,,276.8,272.4,274,,,92338,25325032.3,304,,
2026-05-27,HIMSTAR,,898.9,870.1,884.9,,,7842,6911765.5,132,,
2026-05-27,HLBSL,,903,880,881,,,197,174808.3,6,,
2026-05-27,HLI,,345,341,342.6,,,30755,10565292.9,272,,
2026-05-27,HPPL,,389.5,383,385,,,34466,13252917.3,169,,
2026-05-27,HRL,,659.8,648,650,,,66358,43222694.4,687,,
2026-05-27,HURJA,,264,260.1,262.4,,,78902,20672877.5,260,,
2026-05-27,ICFC,,632,620.4,629.7,,,8482,5287439.8,54,,
2026-05-27,IHL,,447,422.2,428,,,57727,24923404.4,324,,
2026-05-27,ILBS,,944,905,938,,,8101,7403512.9,54,,
2026-05-27,ILI,,447,440,447,,,13287,5915232.7,200,,
2026-05-27,JBLB,,1374.4,1309,1313.8,,,3953,5207408,110,,
2026-05-27,JFL,,412,405.1,412,,,2094,853067.6,21,,
2026-05-27,JHAPA,,1597,1471,1525,,,22792,34694480.8,454,,
2026-05-27,JOSHI,,290,285.4,288,,,8464,2434595.4,66,,
2026-05-27,JSLBB,,1092,1080,1085.1,,,386,419095.5,6,,
2026-05-27,KBL,,229,209.4,221.3,,,261078,57585773,616,,
2026-05-27,KBSH,,1637,1580,1617.9,,,520,827970.8,20,,
2026-05-27,KDL,,839.9,827.1,835.5,,,1405,1173235.1,56,,
2026-05-27,KHPL,,376.8,326.7,376.8,,,60,21108,6,,
2026-05-27,KKHC,,282.4,265.1,267,,,41702,11156395.7,204,,
2026-05-27,KMCDB,,928.5,850,874.9,,,316,276074.9,18,,
2026-05-27,KPCL,,509.1,495.1,501.4,,,4194,2096099.6,49,,
2026-05-27,LEC,,242.2,230,233.5,,,124707,29074310.3,336,,
2026-05-27,LICN,,822.5,810.2,818,,,7644,6220128.4,61,,
2026-05-27,LLBS,,960,936,955,,,168,159134,10,,
2026-05-27,LSL,,226.9,222,225,,,124190,27924275.5,215,,
2026-05-27,MABEL,,748.9,723.2,736.4,,,37564,27618230.1,357,,
2026-05-27,MAKAR,,515,482.5,510,,,9660,4916780,81,,
2026-05-27,MANDU,,835,820,830,,,687,566746,23,,
2026-05-27,MATRI,,905,866,882,,,829,732218.2,22,,
2026-05-27,MBJC,,291.9,284.1,291.9,,,19196,5569076.4,223,,
2026-05-27,MBL,,254.9,250,253.2,,,135690,34266566.2,184,,
2026-05-27,MCHL,,326.8,318.4,322.9,,,8972,2876661,71,,
2026-05-27,MEHL,,391,380,380,,,3553,1353494.4,49,,
2026-05-27,MEL,,248,235,248,,,19013,4643268.6,174,,
2026-05-27,MEN,,623.9,609,620,,,146579,90416541.3,654,,
2026-05-27,MERO,,729,716,729,,,4120,2973110,42,,
2026-05-27,MFIL,,815,780,791,,,18374,14501543.7,150,,
2026-05-27,MHCL,,365,356.1,360,,,2517,910189,50,,
2026-05-27,MHL,,506.9,500,506.5,,,10989,5520641.1,71,,
2026-05-27,MHNL,,275.8,270,273.9,,,11115,3028528.3,65,,
2026-05-27,MKCL,,1299,1272,1296,,,1071,1374103,28,,
2026-05-27,MKHC,,337,326,334.4,,,27800,9248814.9,143,,
2026-05-27,MKHL,,559,550,552,,,3047,1681302.2,65,,
2026-05-27,MKJC,,513,497,512.6,,,9478,4816207,65,,
2026-05-27,MLBBL,,1200,1190,1200,,,1014,1211923,19,,
2026-05-27,MLBS,,1293,1254.3,1290,,,320,405358.2,14,,
2026-05-27,MLBSL,,1835,1800,1819,,,462,835216,18,,
2026-05-27,MMKJL,,535,519,531,,,20298,10721973.1,208,,
2026-05-27,MPFL,,623,610.1,620.9,,,9601,5915823.1,53,,
2026-05-27,MSHL,,707,692.3,694,,,1422,989765.9,24,,
2026-05-27,MSLB,,1271,1235,1256,,,1124,1400958.8,29,,
2026-05-27,NABIL,,540,534,537,,,68884,37050047.9,496,,
2026-05-27,NADEP,,756,736,756,,,1017,761676,22,,
2026-05-27,NBL,,274.8,257.5,273.7,,,59175,16182374.6,260,,
2026-05-27,NESDO,,1565,1532,1563,,,386,594677.6,16,,
2026-05-27,NFS,,578.9,564.1,570,,,6610,3778767.4,65,,
2026-05-27,NGPL,,458.1,450,455.5,,,345642,157012496.5,662,,
2026-05-27,NHDL,,651.7,635,642.2,,,1195,772521.5,22,,
2026-05-27,NHPC,,305,280,301,,,1073288,321530116,1982,,
2026-05-27,NICA,,354,349,350.5,,,56407,19837004.2,258,,
2026-05-27,NICLBSL,,596,571.1,579.9,,,8337,4825957.7,124,,
2026-05-27,NIFRA,,269.9,265.2,269,,,93897,25085140.8,525,,
2026-05-27,NIMB,,210,198.6,200.6,,,132132,26494744.5,402,,
2026-05-27,NLIC,,776,765.2,774.2,,,11818,9127959.7,110,,
2026-05-27,NLICL,,597.9,585.2,594,,,20475,12036736,65,,
2026-05-27,NLO,,269.4,269.4,269.4,,,0,0,0,,
2026-05-27,NMB,,251,245,249.4,,,43585,10804689.5,154,,
2026-05-27,NMBMF,,646.8,628,637,,,2557,1619311.7,30,,
2026-05-27,NMFBS,,1155,1137.1,1140,,,3403,3886725.6,38,,
2026-05-27,NMLBBL,,595,581,590,,,7313,4303556.8,67,,
2026-05-27,NRIC,,922,905.6,911,,,16816,15321507.8,213,,
2026-05-27,NRM,,404,390,393.3,,,35938,14265543,310,,
2026-05-27,NRN,,1430,1390,1397,,,52693,73869569.8,340,,
2026-05-27,NTC,,904,896,900,,,14697,13234269.6,189,,
2026-05-27,NUBL,,667.9,658,665,,,2990,1979699.6,42,,
2026-05-27,NWCL,,817,805.7,811.1,,,885,718098.8,33,,
2026-05-27,NYADI,,400.1,393.6,395.2,,,5751,2289696.2,78,,
2026-05-27,OHL,,700,692.5,699,,,804,561765,12,,
2026-05-27,OMPL,,1195,1169,1195,,,2328,2759217,86,,
2026-05-27,PCBL,,247.6,242.5,247,,,49594,12182557.6,149,,
2026-05-27,PCIL,,839.9,800,820,,,66085,54409805,1713,,
2026-05-27,PFL,,382.9,376,376.5,,,3344,1259275,32,,
2026-05-27,PHCL,,313.9,308,311,,,65556,20372989.9,223,,
2026-05-27,PMHPL,,359.5,346.5,349,,,9150,3193486.8,56,,
2026-05-27,PMLI,,470,462.3,469.6,,,1759,818509.9,93,,
2026-05-27,PPCL,,395,380.2,390,,,27569,10675195.2,86,,
2026-05-27,PPL,,365.8,355,360.8,,,50534,18195044.8,208,,
2026-05-27,PROFL,,454.9,441,441,,,3077,1363465,28,,
2026-05-27,PRVU,,200.8,199,200.4,,,69059,13820829.3,300,,
2026-05-27,PURE,,980,959.9,969,,,11438,11039027.9,159,,
2026-05-27,RADHI,,795,775.1,785,,,91971,72365724.5,225,,
2026-05-27,RAWA,,584,576,584,,,789,458748,22,,
2026-05-27,RFPL,,386.2,375.1,381,,,22090,8398542.7,153,,
2026-05-27,RHGCL,,314,306,306.6,,,50694,15676170.9,212,,
2026-05-27,RHPL,,287,281,283,,,17437,4944984.4,107,,
2026-05-27,RIDI,,385,365,376,,,1144591,432764226.5,2592,,
2026-05-27,RLEL,,1085,1027.1,1075,,,12266,13113942,387,,
2026-05-27,RLFL,,445,434,436.2,,,10965,4803812.2,77,,
2026-05-27,RNLI,,473,465,468.2,,,9758,4567711.9,203,,
2026-05-27,RSDC,,676,665,665,,,3529,2364444.9,48,,
2026-05-27,RSML,,3969,3700,3745,,,22770,85475090.4,607,,
2026-05-27,RURU,,685,650,669.9,,,11618,7748381.3,82,,
2026-05-27,SAGAR,,1725,1700,1702.1,,,9335,15997374.9,154,,
2026-05-27,SAHAS,,716.6,678.1,687,,,198887,136965253.6,1136,,
2026-05-27,SAIL,,1148,1083,1139,,,23109,26315873.5,331,,
2026-05-27,SANIMA,,369.5,360.4,368,,,192221,69902416.7,291,,
2026-05-27,SANVI,,735,695.4,724.9,,,26684,19315629.6,282,,
2026-05-27,SARBTM,,875,860,869,,,11757,10188736.2,103,,
2026-05-27,SBI,,402,396.5,400,,,64515,25740876.2,82,,
2026-05-27,SBL,,406,400,405,,,123803,49853636.8,284,,
2026-05-27,SCB,,664.9,655,658.9,,,7085,4675251.3,79,,
2026-05-27,SGHC,,382.4,376,380,,,10937,4139456.9,103,,
2026-05-27,SHEL,,325.4,320,322.8,,,139850,45064666.1,445,,
2026-05-27,SHIVM,,695,684.5,685,,,105545,72654028,532,,
2026-05-27,SHL,,512,505,511,,,20202,10275302.8,69,,
2026-05-27,SHLB,,1549,1460.1,1472.7,,,242,362413.8,11,,
2026-05-27,SHPC,,555,514.5,528.7,,,76745,41094888.2,198,,
2026-05-27,SIFC,,548,533,543,,,8283,4452896.5,97,,
2026-05-27,SIKLES,,609.8,600,609,,,14149,8553351,100,,
2026-05-27,SIPD,,842.9,791.1,830,,,22973,19124439.8,808,,
2026-05-27,SJCL,,307.9,295.9,300.6,,,36963,11107679.2,169,,
2026-05-27,SJLIC,,440,433.1,436,,,14913,6509563.7,153,,
2026-05-27,SKBBL,,776,767.1,770,,,7661,5902643.3,97,,
2026-05-27,SKHEL,,1304,1270,1270,,,11714,15015644.3,219,,
2026-05-27,SKHL,,1002,942.4,975.1,,,36368,35793600,606,,
2026-05-27,SLBBL,,834.5,823.1,833.9,,,2191,1820394,46,,
2026-05-27,SLBSL,,1218,1201,1216.5,,,131,158714,8,,
2026-05-27,SMATA,,795,770,773,,,5730,4447896.8,85,,
2026-05-27,SMB,,1776,1746,1749,,,424,741967.5,21,,
2026-05-27,SMFBS,,1520.1,1510,1520,,,490,742252,9,,
2026-05-27,SMH,,608,600,602,,,13224,7965972.5,97,,
2026-05-27,SMHL,,519.8,505,510,,,81252,41540434.1,433,,
2026-05-27,SMJC,,480,470,474,,,40229,19091939,253,,
2026-05-27,SMPDA,,845,833.2,845,,,2676,2247694,42,,
2026-05-27,SNLI,,459.9,450.6,456.8,,,19993,9078832.6,255,,
2026-05-27,SOHL,,699,675,676,,,203385,138655132.9,1780,,
2026-05-27,SONA,,471.9,445,463.1,,,49677,23097436,283,,
2026-05-27,SPC,,474,462,468.8,,,6865,3203339.2,51,,
2026-05-27,SPDL,,408.6,403.5,406,,,47517,19255019.4,135,,
2026-05-27,SPHL,,567,520,547,,,7082,3871593.1,81,,
2026-05-27,SPL,,720,696,714,,,1279,909325.5,29,,
2026-05-27,SRLI,,397.3,391,393,,,27121,10630289.7,170,,
2026-05-27,SSHL,,224.8,220.2,222.3,,,162919,36237785,466,,
2026-05-27,STC,,5658.9,5530,5569,,,2908,16195073.7,104,,
2026-05-27,SWASTIK,,2420,2388,2390,,,324,776130,21,,
2026-05-27,SWBBL,,780,741.5,748,,,3812,2839803.5,48,,
2026-05-27,SWMF,,681,665,674,,,3538,2383614.7,37,,
2026-05-27,SYPNL,,1510,1460,1490,,,50124,74862399.3,652,,
2026-05-27,TAMOR,,489.8,475,484,,,123162,59363049.7,577,,
2026-05-27,TPC,,382.6,375,379.9,,,36065,13620629.6,140,,
2026-05-27,TRH,,774,751,761,,,2428,1857755,27,,
2026-05-27,TSHL,,610,602,602.5,,,2333,1413705.7,38,,
2026-05-27,TTL,,858,844.1,851.6,,,18948,16117428.7,311,,
2026-05-27,TVCL,,560,523,540,,,21242,11379242.9,98,,
2026-05-27,UHEWA,,614,600,602.1,,,17143,10333322.2,105,,
2026-05-27,ULBSL,,2948,2821.1,2914.9,,,666,1903654.9,35,,
2026-05-27,ULHC,,478.9,471.5,475.1,,,11843,5626824.5,106,,
2026-05-27,UMHL,,592,580.3,587,,,37948,22110879.7,168,,
2026-05-27,UMRH,,559,551,555,,,14968,8317488.9,78,,
2026-05-27,UNHPL,,452,430,440.1,,,88413,39125082.9,359,,
2026-05-27,UNL,,47250,47100,47100,,,20,943500,2,,
2026-05-27,UNLB,,1420,1385,1405,,,1478,2068040.5,30,,
2026-05-27,UPCL,,378,372.5,375.8,,,66741,24986408.6,227,,
2026-05-27,UPPER,,211,199,207.7,,,173321,36006305.1,649,,
2026-05-27,USHEC,,529,518,524,,,42197,22077012.4,185,,
2026-05-27,USHL,,660,625,634.6,,,1697,1070801.9,32,,
2026-05-27,USLB,,1300,1280,1299,,,205,264805,13,,
2026-05-27,VLBS,,700,685,690,,,2734,1890599.6,92,,
2026-05-27,VLUCL,,513,494,499,,,9721,4842040,65,,
